9972	10482
6194	7178
3002	5551
27316	51362
84549	84946
383	4353
506	54927
8452	9870
65083	84172
1783	11127
1058	55839
8775	388552
163	1601
983	988
6168	6202
109	2358
5199	126014
1783	3799
3133	3660
3184	10181
3909	3911
4641	5879
6122	6136
6168	7311
4332	6037
1981	6235
387	7094
259293	259295
6181	6189
9282	9611
351	78991
10960	51128
3190	5094
57403	81876
6164	6170
6222	6223
5431	57721
4298	6830
6173	10952
3856	144501
6204	6210
5430	6602
2790	27334
6193	6201
6144	140801
3183	9410
28998	219927
8243	25836
6204	6234
4641	5872
2268	4301
5903	7514
8356	653604
1793	6714
29796	54539
6201	9045
6138	6209
632	4094
6154	6173
22856	55454
1537	4728
57154	57674
2197	6169
4436	254394
56923	339403
1387	8648
25909	55746
6737	79754
9188	25885
5869	9341
1302	50509
3837	7175
6194	6201
6233	56254
6206	6222
351	3491
6137	6155
10592	54892
5034	5479
6202	9349
226	5230
1058	9212
1536	3685
6155	6156
9716	10236
4695	4725
23279	25909
5336	7525
6159	6164
6218	55127
1933	6129
2237	10535
10189	29107
55003	84365
55720	57647
6515	144195
23291	51122
201294	387263
6194	6204
9666	65264
5747	10458
6233	27340
6168	6207
6155	6231
10970	11001
57153	160364
28981	150737
6144	11340
7337	23291
5194	7311
5711	8697
1778	24137
890	26271
28973	54516
1511	1991
3357	56923
3371	84141
1062	23279
3320	5829
9787	81930
1069	27077
1788	57332
1639	3797
988	50628
2521	51692
3375	7253
996	51088
930	5336
5725	10432
6157	6234
3611	6790
134860	319100
6165	6204
1471	5034
25831	57154
4513	4538
6156	23049
6827	10302
1783	81930
1937	6201
79954	84128
11102	51118
26155	65083
513	374291
6602	9031
3039	3048
1173	9341
9793	23332
1991	4353
3017	85236
28973	28977
7536	10181
10919	53615
1063	22974
4172	5426
1398	10787
4254	5777
387	5753
6721	22937
1291	3685
1655	25804
6165	6222
6137	6230
991	9055
6136	6164
5111	51053
1933	6138
6175	6232
6164	6209
2079	6635
7311	9978
1062	5903
6136	6157
1749	1750
2197	6155
1642	79913
374	2069
3054	9739
4297	51230
3921	6204
2065	3691
5781	6774
23332	25909
6142	6144
57405	151648
7469	9656
28977	54516
197	2147
3481	5005
51575	79954
9493	29127
6164	6233
3015	5436
10540	51143
29074	219927
6159	6224
4940	10964
9879	10949
5426	8317
10921	11100
1660	10949
6234	27340
2042	2044
6125	6206
6133	6208
3921	6138
9636	10379
6218	7178
462	2147
5879	6249
7283	22974
6154	8666
6632	6637
1351	9377
3115	3119
4116	6159
6173	6233
983	51659
5093	55339
6169	23049
2064	7525
51122	54165
5901	729857
3674	5829
6176	6235
4283	6364
4691	65083
9320	25831
1738	4967
27257	57819
23304	57531
25836	29072
86	54617
5976	56006
1981	6167
6142	6194
29093	118487
6207	6227
1660	3181
617	10469
3054	9070
399	1894
4904	10465
1495	1969
8843	27198
2058	3376
3192	10523
890	6241
2064	5599
4738	9616
11236	79139
705	8886
6188	65008
8027	8301
2821	7086
6160	6235
6136	6165
9439	9477
79172	151648
5518	23399
8337	85236
6142	6208
4048	126014
25926	84128
6182	11222
671	10394
80335	151987
2783	122876
6138	6189
140460	197131
9128	55234
51602	84128
4343	84441
6137	6189
1933	6169
1050	7124
7158	7311
6158	6205
80155	80218
6228	6234
1655	11325
6135	6136
113	259285
9730	64682
3811	3821
10471	10694
11004	55143
1063	23332
23063	23122
5347	24137
963	326624
2243	2266
8661	8672
5433	55197
3619	9972
2185	5599
4707	27089
2833	83756
10250	10291
11070	22820
941	942
51010	54555
6124	9349
10949	220988
55831	56851
23160	57647
10084	10946
3192	10492
1660	51593
6161	6232
6130	6194
6152	9349
10484	126003
11190	54820
259287	339403
3283	6718
10285	51645
6156	25873
10921	23511
3932	29760
57405	64946
6125	6143
3921	6223
1063	2305
4700	126328
514	4713
5829	6461
6850	9564
10075	64682
6143	23521
6746	28972
23046	51014
6207	7311
6208	6235
5529	10274
6137	6209
56624	259230
6430	6434
5903	79172
3429	4938
6169	6235
23122	23279
51444	136371
89890	90025
6204	6207
1232	8843
6181	6205
10193	10489
6727	10952
2956	5591
5587	112476
6233	154214
6130	6168
1387	81857
2980	2984
3054	8314
9341	25977
6130	6167
5717	8453
6207	6208
8907	10053
796	797
6133	6193
57539	79659
10458	55740
6205	6207
9793	23047
2911	594857
6202	6223
1356	54757
4713	10632
2735	6608
6161	6234
226	2023
6234	23521
6142	6143
566	4353
10193	26268
9320	23291
9277	51602
4867	79600
23160	27042
813	10130
7311	10952
6189	6206
5869	10254
2058	8565
6201	7178
6137	6161
101	5724
344892	390063
212	2038
383	1669
6128	6228
6155	6204
64284	401409
1173	1175
6173	6176
64951	64976
6124	6144
1314	8729
3921	25873
988	55631
5515	10776
672	7153
998	22919
7311	25831
6158	6167
7520	79840
4700	27089
4331	404672
9282	9439
6629	84844
6227	6233
988	10946
8729	10121
4171	5883
1456	7534
9793	57122
8365	333932
4686	25920
7335	8453
6122	6193
6418	7514
6141	6194
5796	6233
5562	64121
6205	6233
996	64750
7343	9013
8655	26286
4736	11224
26173	51593
4047	6713
350	2147
22919	348995
6169	6223
23304	64682
6428	84271
6157	6233
1859	10238
56902	84916
983	23595
10274	220134
4588	192134
5887	7415
6168	6175
4708	51650
1778	2491
6169	6224
3672	3685
3437	9636
3921	6144
6132	6169
3178	7919
64106	347148
6916	80142
6605	57492
2033	9967
51350	112802
9021	140462
6159	9349
11339	79682
4952	9562
6125	6201
3183	6631
8876	79888
6234	51187
1778	5861
9371	9493
6137	6223
2099	5241
1660	2130
6224	9045
6125	6138
1910	2147
6210	6228
6621	79035
1387	5929
26155	117246
2197	6173
341276	344892
23627	137797
6193	6234
6233	221937
1524	126006
6714	7525
3912	4233
6128	6136
409	113878
1329	1337
26118	51088
1453	6227
645836	100287238
3111	3119
50848	57530
8905	8907
6790	22974
6210	6233
23244	23332
6602	6605
1084	2358
1933	3921
2317	3688
6201	6230
988	9782
3619	10274
5339	6176
2846	2922
6152	9045
3301	3304
4710	29796
6878	8295
5199	56729
514	4700
1398	3055
7706	51426
2968	9656
1915	6222
6201	11224
6241	7272
9903	221687
197	462
2359	56670
344892	390064
5347	9055
1111	4361
904	2967
9133	51203
890	983
4718	4724
6175	6223
3183	3192
25873	55272
22984	55226
22974	23332
1048	80740
5439	6637
2033	23774
332	2305
6737	283807
3190	9716
301	55970
4548	10768
8453	23291
7184	9601
6133	6156
5688	5695
10857	84329
8655	79023
10540	22930
10193	197131
6201	6204
6235	9887
2957	129685
6158	6159
4697	4708
6863	23620
1310	169044
55299	80135
23524	51639
6175	7178
6635	11157
23197	26043
1969	9564
5434	112495
3911	5747
521	10975
4893	8315
1453	6203
5928	9070
26224	55208
258	5179
3635	3667
9551	84317
5501	9700
1120	5130
6882	55197
5432	23379
7314	51053
11130	79172
6147	6155
1942	9564
1116	5199
811	3309
56852	257218
8976	9341
3688	91522
2892	2903
1956	4145
5695	7979
746	1603
6161	10399
6235	9349
7305	23601
2957	5431
10813	10885
4233	6233
9014	25885
28998	64960
6156	6160
2792	128366
6228	6229
4539	4700
6170	25873
5339	6202
6428	6631
6137	6181
7317	29945
1915	6144
5111	10535
6128	6206
6170	6209
6175	6193
156	5578
6170	6223
350	2266
226	5223
81	5829
8648	23097
6599	9031
6610	7132
5473	11251
991	5905
336	338
3827	5020
3855	3875
23301	30846
23636	84271
335	51156
6159	6194
10285	23451
8969	8970
1839	5782
6189	6218
2967	51426
4513	4514
5610	11274
5067	23627
4678	83879
2521	5725
50	1431
10970	326624
10153	84154
6703	6704
92815	128312
6128	25873
10524	10714
6396	10016
6124	6159
7031	7033
26	10562
10236	51692
5111	7298
3183	10657
6189	23521
4736	6228
6170	6235
9133	57082
5688	7979
1471	2519
125988	440574
2197	9349
389	393
7415	203068
6155	6208
6136	6167
10466	11014
1453	6231
10489	55832
1121	51715
864	64750
6230	6235
841	843
1981	1982
2099	6198
23291	197131
695	3635
6169	6233
23291	26190
6629	24148
6631	10946
6418	10592
6144	6157
6139	6142
2810	3655
440	2617
23279	79172
4670	10946
3491	7184
659	9765
51692	51729
238	943
3119	3122
1956	3912
6158	9349
3434	11274
57129	219927
160364	199675
6204	6232
6181	6227
6133	6204
6181	6228
10412	23517
55872	157313
5870	81876
1639	24137
185	4922
3178	5725
6201	6222
672	8314
55829	58515
393	399
5707	23526
7316	9341
23160	55127
7314	93343
701	9700
5810	7156
830	5870
3859	125115
9039	136371
5430	27316
5048	5516
7203	10576
6233	9045
6146	6168
26354	84549
51645	85313
23028	283248
1981	6164
57787	84902
6908	7027
1639	3326
22974	81610
2071	5985
988	10767
9477	23097
6157	9045
1434	3837
695	7525
204	4508
6128	6155
3111	3127
29074	55168
2071	55677
10153	84128
6138	6227
6124	6228
6165	6208
11157	84844
56995	84085
9320	65264
6204	8666
1129	5173
3106	3659
117	2784
719	63940
7514	79172
3796	5515
10022	51289
5718	11059
51069	78988
4848	23019
1062	81930
6631	27258
6228	7178
10919	29945
1794	3055
1536	84329
6159	6217
156	301
1983	6141
64976	64979
1660	27316
6143	6203
4535	4726
4736	6152
11202	25818
4867	57545
983	79172
6204	6228
115106	440145
6233	23049
9341	51542
6124	6146
1915	6228
9320	144699
5928	7343
983	5519
6176	7311
570	1962
5604	23164
6138	6175
1241	55970
146	2922
5930	23295
3836	3838
10236	10523
932	199675
6709	11014
8337	317772
5469	9967
6129	6218
28977	64928
185	2642
4067	6776
399	9938
928	3655
5781	10818
4736	6170
9716	10250
6208	6727
6165	6227
1812	10268
846	259292
27316	55749
6138	6142
6135	6138
1088	170482
6189	6202
6125	6204
6154	6223
25984	121391
9553	64928
9551	84833
902	7936
5516	151246
1088	2358
4173	4175
1946	5294
23332	25936
6141	6173
5725	9128
2197	6124
5696	5698
6138	10399
6158	6170
57405	79980
6132	6228
6165	6223
4670	5725
705	90121
6373	10563
983	9319
846	339403
671	8993
3066	10919
6138	6156
1241	7204
2242	3320
9126	22919
8449	10992
3434	23586
671	1991
2197	6204
9666	115290
3579	55970
2197	6229
8453	56995
6773	10379
6144	6170
3190	6434
10236	27316
3633	171177
3240	5004
55055	348995
4736	9045
51289	259292
3437	4940
9354	9604
351	7466
3912	375790
226	2539
9341	10552
2932	5529
991	5708
6207	53918
5725	10236
6748	28972
4233	5795
671	56729
9700	64682
4809	6631
9136	83732
2224	3157
81567	93100
25798	326624
990	64151
3134	3659
3192	55749
7153	56992
6647	11315
26091	57154
5094	220988
988	3837
57111	64284
2771	3708
890	7298
5868	10890
3185	220988
3832	51203
5036	203068
1453	8636
4173	5557
4736	6146
5528	10403
5347	54908
1457	23411
4535	25915
8337	126961
680	2798
8976	10787
5347	11004
4690	9448
1500	1739
2768	2783
1121	326624
5507	6233
3797	29127
3912	5829
6233	25831
1060	220134
55168	64928
57413	58191
274	23149
6143	6235
26091	26190
63891	64682
377	5861
3717	4352
378	51014
2798	56923
7311	55432
1660	11338
2803	7110
4736	6209
2521	220988
22826	27238
7322	9867
4758	54472
5707	10575
6135	6229
51676	64750
6233	6234
10193	26118
7305	10870
10663	259292
4539	4712
5335	10818
1639	2697
54625	83666
10014	54880
1915	6154
9320	9690
2214	2215
2023	5315
389	9322
56995	154881
5434	10946
2784	5741
3491	54972
695	3710
4513	4539
6249	54908
3619	151648
6790	84962
7311	26249
6173	6228
4047	6721
3107	3659
6141	6158
5725	7536
3326	7415
2150	10800
89122	154881
25885	27340
6631	22826
2962	10498
3921	6224
6129	6206
6154	6222
973	974
4609	7022
6167	6235
6167	25873
4696	4710
9833	51203
4508	4540
100	4907
6518	196527
6141	6223
539	9551
6227	9045
5347	11190
5460	55211
9126	25936
6155	6157
10802	10959
553	3062
285093	390190
3689	3903
5230	7167
5501	9793
891	5526
6194	51187
7124	7316
388	389
26043	54165
699	10592
6161	11224
50831	50832
4736	6171
3569	84141
4538	4731
398	5880
335	2262
50615	59067
378	10282
6176	6234
4670	10921
4686	8021
6727	51065
6160	6727
8106	9410
4538	25915
3491	5954
689	4666
6155	6206
189	6472
3579	729230
1277	8974
54734	339122
10342	81562
2107	2935
1902	55970
388962	654483
4670	6421
84154	84365
6233	54677
963	3683
3190	3191
1933	9349
991	2305
3853	3860
3673	3914
10959	55605
6232	81930
6135	6159
4171	10036
5981	10051
23521	25873
4924	5589
6205	6223
79600	121441
23279	53981
3054	6872
6138	11224
6152	10952
6234	6235
351	1234
3978	5422
8175	56949
5529	57551
6711	11014
6143	9045
1005	1009
10236	51593
1292	3672
1717	50814
5977	6602
6124	6160
9978	158506
1453	6207
4724	10476
108	283869
55850	113220
5699	51684
2197	6207
6143	6206
6156	6233
3691	3909
23	1660
53905	405753
2957	6619
1230	2833
26263	55884
8349	440689
6135	6205
10403	151648
79895	199675
7424	8828
9126	54780
55166	57405
3490	84141
10155	80110
6155	6232
5753	6421
10236	55749
6132	6147
7409	27071
6137	6218
9410	10181
51023	116541
6125	6202
1453	6218
6154	6210
6218	6232
10949	23020
9585	29127
6181	6217
10425	26268
6144	6232
22818	26286
4194	7316
2648	5469
5870	8766
9246	54778
6159	6175
2197	6201
7311	140801
846	50835
7155	8289
2788	3269
5286	286451
10946	11017
5436	6631
5605	84292
51154	84946
79600	84902
3433	8638
9978	136371
6207	6209
53981	79869
9212	10024
186	2913
7874	56655
5332	55970
1366	9080
5438	10302
6125	6144
6137	140801
8976	115548
3172	6927
3066	23411
4714	29796
6170	6224
10112	24137
661	9533
999	3728
5707	10213
3340	6385
9410	10946
10733	84131
988	5430
6142	6207
10403	56992
1991	6709
7283	10540
9820	56658
156	2121
6224	6233
3688	4233
302	6386
161	3482
6729	6745
983	55388
9739	27327
79867	91147
6227	6230
6233	11059
6139	6228
3106	10475
117	5741
6206	6230
57381	57514
64410	142689
3437	4938
54821	55055
2185	3688
8453	79699
4738	5715
1287	55214
6124	6206
6164	6181
6164	6218
6430	7919
4584	4586
23160	134430
64979	118487
3490	56975
1659	9343
3376	51520
3619	9126
8243	10735
2833	6346
6167	6173
6235	6727
5528	9793
6632	51690
930	29760
6202	8666
3178	10921
3074	10577
705	8602
7189	55626
409	54845
10193	26224
1460	23397
64682	90025
1659	9716
2735	79809
6208	9045
5119	27183
6633	11325
6189	7178
6143	6201
1327	1337
51388	84916
399	445328
3055	5336
5439	83443
8313	10297
3113	4261
23562	53842
1781	121441
6601	8289
6426	9879
1938	1975
163	6233
6173	25873
23376	142686
29127	51014
9787	10112
6181	6229
6181	9349
6130	6210
4288	6241
6830	26043
719	945
933	973
2159	2266
51069	219402
830	10540
4513	4536
5441	84844
988	9416
26046	64682
2033	5929
5318	5493
3685	9564
996	51132
1303	5351
274	1956
7334	64320
522	9377
2837	84539
6152	6170
1991	5657
3422	4047
6188	6203
345	4036
126328	374291
1660	5094
3903	11314
8468	91646
963	6518
4736	6208
4085	79682
6189	6209
4736	6218
3688	23209
3855	3868
1337	9167
3912	5747
6146	6176
6227	11224
3320	10808
1778	5347
6175	6194
6208	9349
6147	6230
3685	5817
1739	4646
6122	6209
23295	140460
6498	7311
2776	5331
8329	126961
988	10285
899	7428
3797	9493
6128	6235
6619	10623
891	2491
8329	8337
2033	25885
6157	6207
55143	348995
4738	285231
51676	65264
4707	4714
3685	196527
1894	9493
1639	22930
6144	6193
2938	2939
4173	55388
8916	136371
6209	6228
80135	84549
4116	6222
920	29988
8349	8970
3184	9343
6124	6133
4173	79892
11102	65083
6206	6229
3326	10576
1544	3620
11103	27340
55388	90381
54148	78988
6160	9045
353132	353135
336	2266
3482	10618
146	2846
11102	88745
9716	55749
1857	55361
6170	6201
251	137797
10514	65083
1062	9787
5706	5718
1445	1956
3091	5594
6124	6173
338	3698
4736	6194
353139	353142
5747	10787
4627	5898
3619	57082
1969	5921
10890	51715
1937	6207
6136	6222
4697	27089
5829	6385
1933	6160
9493	259266
160	8867
10857	196527
778	779
4171	4172
80168	346606
1793	8976
5093	5434
4176	5982
671	1669
5657	6036
3178	3609
8192	9361
11021	23011
4939	54739
185	4988
9184	79003
2863	5332
338	5948
783	10369
4361	10635
2197	6170
7337	51132
6181	6201
1994	6418
50838	259287
3607	55252
7004	10413
10075	54926
3913	54972
6385	7852
220	10327
506	5250
5094	10921
7156	63967
3190	11338
10163	147179
130	10720
6434	27316
6628	6636
389	117289
6194	6229
3376	6301
1737	8050
705	84154
8337	8970
1116	1991
57332	84733
4725	54539
60	57591
915	3559
2242	3561
6138	6204
1445	26191
3687	79895
4585	200958
1843	3304
10269	23463
5660	63940
2798	4829
2935	6173
25936	348995
5657	56729
3491	3915
9069	9076
6193	23521
2209	6688
988	55770
3921	6202
1727	7415
959	10673
5950	7276
4242	4853
6124	6202
2633	10561
6208	23049
6168	6188
2033	8243
6143	6158
3560	8651
6168	6234
6141	6155
6203	10399
10575	10576
90	4088
26284	64965
1911	57504
23332	146057
6206	6232
6173	6224
10133	81631
999	1001
643	1268
501	51166
3688	9564
4088	5594
996	23327
2767	9002
3183	6428
3685	3693
2317	54751
1933	6193
3843	55705
9133	9493
10594	23450
4998	5422
1595	6309
3122	4261
301	5368
1650	7841
988	10059
2841	63940
5872	23265
23149	115548
55143	151648
4585	6483
1742	8831
302	5834
5424	5591
1515	3122
506	8802
1524	56670
5111	10714
1994	79869
9655	84085
153	796
1793	5880
6134	6154
389	29127
9643	93621
8546	26258
5179	5733
54881	55127
3148	8971
2537	10964
55839	79023
8688	121391
2557	2560
1915	6189
6152	6189
8349	8969
7486	11073
6138	6203
4736	6129
55832	115290
896	6776
1314	22872
5747	7454
6146	25873
1329	4714
629	4179
10970	64386
54606	55131
22803	55127
6128	23521
5431	8085
8449	10236
2916	346562
2197	6160
6169	6228
5746	94235
9927	10059
6155	6176
3609	10236
26043	51122
7204	29933
23646	147746
2353	4773
51320	55175
6189	6232
6202	6210
6754	50837
7175	57122
3339	3915
8969	121504
1398	6714
10250	55749
2597	5315
6152	6233
1983	6164
10403	23397
6227	9349
54148	54948
8925	10489
521	1350
6139	6173
6201	6232
8704	55624
2782	115557
1281	4060
701	10733
1981	8672
9276	9632
6161	6170
8886	65083
6122	6176
5434	7936
156	9002
6146	6234
6124	6201
9295	10250
2863	55970
641	2177
4700	55967
4736	6158
55143	57082
1462	3915
1147	2475
8021	23636
6138	6181
5898	5899
833	3376
25873	51187
2197	6175
5684	5685
29093	219927
887	2147
6139	6202
3915	59277
1288	340267
6165	6188
259287	259295
5861	10890
6181	6230
23011	51762
10403	79172
811	5034
6161	6205
6171	6231
1933	6181
1781	6249
3015	256126
6631	8449
2197	6206
6830	9646
5611	10525
5329	27286
916	917
887	4295
932	966
1400	56896
5720	5721
6222	6235
187	1233
3312	29763
57153	199675
6164	6217
4952	22905
3190	27339
23279	113130
3854	8689
514	4724
4535	4538
6237	10235
1234	4544
5048	81565
23	6059
54998	118487
3355	5733
7756	64149
1385	1387
988	4670
3156	4598
6233	10110
5001	10926
5194	6233
6288	6357
6142	11224
8189	10523
2040	10159
6167	6181
3071	9564
5869	51715
10576	22948
3619	113130
8638	91543
10236	10713
4853	6868
2934	51411
6161	6173
890	3832
8349	387103
4508	4535
51021	118487
372	57511
3836	7534
3635	4233
6128	7311
6167	6208
6124	6161
4175	54107
6152	6206
23291	26091
23309	79595
377	3799
6122	6129
23332	91147
6194	6208
7516	11073
4905	9527
7337	9730
11015	51014
3913	10272
10013	25942
6160	6231
6128	6154
10321	57554
11157	83443
3189	9987
51330	115650
4809	57819
6185	84061
81	7057
3921	9136
1994	9416
87	5879
6168	25873
10575	84617
6790	55165
8607	54881
53339	197131
1008	1013
6227	7311
2073	4331
6429	6434
11218	79084
6154	6209
1915	1938
55182	136371
23160	54881
4734	9604
988	9184
4706	4717
5093	10523
10466	84516
999	1500
800	3672
4702	27089
4736	6143
9320	54778
11169	84296
10575	10963
1933	6157
9793	55746
2864	27334
1132	53637
7458	8662
890	5933
332	1062
55720	84916
6129	6159
27316	65109
6233	54778
5286	6233
6132	6227
6453	51429
10324	51666
11251	56670
6869	64106
10403	55143
3619	10403
1088	138050
7311	55670
10450	22826
5093	27339
6124	6189
3909	3918
9416	55339
6189	10399
7314	10474
8560	196527
3192	4670
6135	6218
6188	6227
6202	6203
6224	6228
6461	10458
1350	27089
8337	8347
7175	51692
1236	5443
1856	5869
6125	6173
2151	2791
27316	220988
9055	29127
3084	85440
3725	4772
4713	4718
6209	9349
6130	6165
60	5879
4694	4713
661	55703
6139	6206
7311	64219
1511	8635
6141	6222
915	3702
6205	6230
10749	51014
246184	285231
9833	10112
9793	81930
6232	140801
22984	84172
3673	3675
4686	9128
6158	51386
6147	51187
83732	84946
3240	10394
6502	10293
54778	57542
11118	11119
891	5861
4736	6175
4714	54539
9564	10787
10342	10427
1783	5861
6136	9349
6230	25873
351	9002
3685	10970
7314	26263
8881	29945
29889	84154
53831	441864
6272	9500
522	9551
5859	55278
1327	1329
29889	51154
932	945
5872	53916
5173	6751
6176	6203
55755	146057
6133	7311
6122	6143
54625	151636
4924	51246
498	4508
6206	6207
6204	6230
2691	5739
9371	64837
4691	8602
2635	5371
8065	84259
1347	84833
6924	22916
8295	79595
6124	6222
8341	8970
6138	6232
81930	151246
1308	3655
123099	340485
1994	9879
87	7525
10921	23283
152	5179
2873	8945
695	6850
6144	6234
23279	23332
8886	56902
9188	84172
1793	100423062
324	5529
26268	29945
6160	6233
4361	63967
2491	151246
1861	27348
4736	6210
1981	6135
10857	326624
50506	90527
846	6870
10403	23310
2524	10331
4736	6137
9076	137075
377	1783
23283	84271
6193	6204
3903	5023
1347	10632
991	9493
1495	1500
10802	22872
3192	11338
6223	10952
966	51014
988	9611
10945	10959
950	8976
286	6708
64425	65083
720	721
5878	10618
6500	64320
10484	90411
127247	131405
4904	22826
972	3123
940	50943
11252	29924
183	51289
6159	6202
4695	9551
2132	2817
3934	6947
4666	6129
993	1021
6672	10475
3433	4939
6189	9045
80018	80155
6189	7311
6133	6233
6165	6168
10885	57647
3685	6461
25885	83743
6170	6206
695	2207
8896	84844
3683	10857
6138	6218
10458	10552
6189	6205
3921	6133
301	9002
51187	80135
4689	7409
5501	23332
9611	23097
5519	9183
5093	23450
1915	6203
23160	55720
2735	132884
7516	348654
4712	29796
51510	51534
29984	257106
6129	6152
302	23197
51534	91782
6135	6231
3437	4599
5347	10112
1435	84141
891	991
6154	11224
5592	8654
779	783
6139	6164
3028	10248
3008	3024
830	57511
6227	25873
2195	7124
344	26020
5725	10523
4717	55967
1956	5579
1933	6218
158	5143
3109	3127
5983	6117
6137	6208
1453	6233
6330	6340
5501	51692
3832	26586
6135	6201
5438	51639
6161	6167
6170	6176
2197	6130
10466	79571
51692	348995
643	64805
966	3903
55749	79869
27340	56902
10920	55884
1660	3184
2801	10427
29089	197342
6147	6223
11190	121441
9493	23046
3119	4261
56852	56897
6698	126638
8974	29920
54517	142940
3683	3903
23011	57403
5436	5438
3903	64386
971	973
2222	6307
6158	6223
7314	8533
6748	10952
9730	10425
4694	7388
6133	6152
6128	6230
11116	55142
6160	6194
7514	9126
3918	5829
991	5707
54509	57580
6189	6229
6453	10552
4726	29796
3921	6208
23587	54859
7003	10413
567	3107
6128	6188
6518	10970
999	3691
3689	79895
6233	23291
988	79869
2962	3664
5704	5718
54148	55168
9277	65083
1781	84962
6139	6227
6142	6229
11004	64151
1956	2059
3091	7316
3887	3889
6124	6194
51	6233
23533	55970
7057	83706
3978	4172
3912	5578
26190	54778
353142	353145
9631	65250
55832	80067
6698	6707
6667	26512
9616	150726
6882	129685
3619	9212
4734	26091
1859	132660
6173	6193
5829	9564
23047	57082
5330	60675
3127	7535
2060	9829
1983	6181
6138	6168
56658	84085
3181	10432
6228	140801
5928	10014
25915	29078
3122	3127
932	2358
7311	154214
6173	23049
988	6428
5978	80012
9212	79003
6175	6233
39	3157
1650	6745
6125	6142
5528	151648
26224	51444
988	1994
5872	51715
2033	23097
55131	57647
3178	220988
3832	4288
6122	6173
1856	29978
6124	55629
6453	8976
3170	3651
160	29924
6171	6228
64410	80176
4297	6045
7317	64682
383	8993
3267	3949
1495	3801
6143	6234
6168	6209
5037	54845
4734	9320
6142	6235
963	3903
6135	6143
3437	10964
10236	11338
28973	51069
6175	6218
3320	10383
6157	6169
96459	201163
5868	10618
966	5023
521	10632
7311	65264
5870	10466
6188	6189
9919	149111
4724	27089
5528	10726
4067	5788
4116	6138
6194	8666
1477	6431
6130	6228
3685	6714
1933	6201
5684	5695
1063	259266
7514	55055
6130	6203
857	284119
6142	6233
5093	6626
2971	3146
394	11015
3091	51122
5985	63967
9984	10482
6133	6235
121504	440689
51650	54998
5711	7311
3921	6189
8886	51388
3973	104909134
1453	1855
392188	645402
6155	6194
3185	3192
6432	6636
672	84464
136	2788
813	5954
4992	344892
4508	4537
6627	6631
1915	6122
373	7322
988	11193
5741	7434
988	10640
8082	8910
3355	4543
6157	6202
6139	6143
7249	57521
9793	22974
6168	6727
5713	5715
8648	10499
10592	24137
1781	6993
6152	6230
3191	27316
6625	27316
489	4853
8074	29106
7531	10540
55127	57647
26272	136371
7871	8428
6572	8322
6667	25896
6633	11157
5929	8085
6138	6217
11339	387103
3437	8638
1653	283742
79473	344892
92104	150737
3799	24137
2861	56923
6164	6194
6233	25873
7388	55967
9014	23411
6154	6188
29118	63876
9412	55090
4057	56729
824	5829
2811	2815
9055	10376
8843	50834
23160	64318
705	79954
6136	6154
1269	8698
6124	6138
2243	5345
6141	6175
5579	9564
3434	4599
174	2266
5294	7409
5692	5701
9527	84516
1495	5781
5753	6725
51604	128869
6728	51121
4332	4353
8568	55131
351	5660
2521	23020
10885	81887
78988	219402
5829	64098
6637	51372
3579	57413
8602	84365
945	2207
2033	4089
8638	10964
6143	6193
3685	3695
1994	5094
6224	23049
5707	6386
344892	390326
6142	6165
1880	3579
1854	4174
9648	10466
6159	6230
6143	6164
8600	50964
5829	7534
4686	11338
57122	57551
3190	5725
6136	6189
1111	7486
6923	140458
3913	10298
885	2922
6009	60673
1347	9551
9021	57674
1994	55660
3945	4200
6193	6218
522	4714
3190	10236
10618	26130
23521	51386
10197	64682
1994	3191
6134	6202
6146	6230
672	64682
6142	6155
5094	10992
983	22919
983	7321
6908	8812
9377	54539
7311	11224
1605	5747
4436	7520
8565	80222
9040	10517
10919	51433
1642	5983
10640	23265
6159	6206
1994	23283
3185	10921
3188	10594
4736	6168
9752	56141
10681	338557
6709	56729
4700	4709
9493	11127
55720	56902
6224	6235
1933	6156
6152	6218
5707	7321
115290	126433
6161	140801
6202	6235
3659	10475
60	2597
113130	220134
7110	79571
3909	9459
4666	6202
1595	5447
6301	8565
6141	6144
1595	4597
4734	8453
332	10112
3178	6294
3190	6421
156	7852
3713	6705
10772	27316
988	22803
6206	6233
6224	6234
2633	3437
4735	23332
9183	113130
2847	594857
6176	6223
1642	5931
966	6711
4116	6125
3146	3456
143471	161742
9282	9967
705	84549
6130	6204
3799	29127
1340	1347
6147	6202
1499	5819
9632	10483
5286	7311
2266	5345
6613	79902
5861	11015
9295	25957
4171	5424
2197	55272
6182	65008
4069	4332
5983	56852
8615	10959
8881	26271
57413	59340
2185	6461
5931	6908
2059	5294
3191	10523
51491	84365
6223	6230
3491	3895
6138	6235
4678	5928
5315	7167
11064	27077
2206	5335
5980	56852
2993	2994
9787	55165
813	3912
6206	6218
6143	6210
2968	6118
4713	4715
3301	3326
4116	6632
1291	5351
10250	11100
6156	6207
6189	6224
9818	23511
3713	23581
4297	8085
2207	338339
55055	151246
2799	5476
351	8698
27327	84441
6189	6228
7336	9867
156	2767
2935	6169
6141	6234
6222	25873
9320	197131
11127	51014
4116	6132
55967	126328
22826	85313
1058	151246
1933	6159
283111	344892
5604	7529
9789	10952
5711	6233
6227	6232
3918	4233
4537	4731
6135	6161
22918	53831
3192	11100
2071	6830
51465	51676
3767	6833
5878	10890
5894	6337
301	27334
6169	6173
830	10466
26524	126374
3797	92104
6161	6201
8477	55970
55215	64858
22897	79598
1022	91603
595	11186
6136	6203
6175	6189
521	9556
5431	5433
6164	6169
4172	4175
6135	51187
6129	6204
890	2237
332	22974
6156	6161
29127	81930
3308	9631
2165	2244
6122	6158
10102	64928
6132	6208
3267	10254
78988	116541
683	199675
6129	6235
2197	51187
6128	6161
6208	6234
100	51816
51081	51264
5747	9475
1116	3240
2581	4759
3274	285601
341152	344892
4710	4717
1816	4160
5725	23020
4111	158511
1365	100506658
3183	220988
399	7409
3619	23047
23236	253430
1230	29899
1488	6934
54555	57050
1025	23168
9025	9126
3192	5093
6222	51069
5516	81930
23197	56729
5048	7531
6155	23521
9739	23067
6635	10465
6637	55505
3543	7441
5694	7979
6203	9045
9144	11322
10016	22818
335	338
3491	3912
5528	11004
6232	6234
4736	6139
3838	5903
2197	6133
174	6694
10250	79869
6432	7919
6556	160364
1660	7536
3112	114876
5529	23279
1857	5699
6223	27340
6117	91442
9276	11014
522	4712
6129	6167
5725	27316
2792	2918
4172	4998
7936	404672
8451	9730
1763	10714
6234	9349
705	5822
56923	259293
9700	10274
8453	8697
816	4137
1601	8976
25873	140801
2865	84432
4208	5533
6137	6169
6144	6188
5529	5699
983	23122
3664	23650
3183	6432
226	2821
813	3915
3921	6209
6128	6130
3190	10921
6159	6223
3685	6385
5005	7276
718	6357
920	9026
1175	6396
6156	6232
9493	55165
6203	6230
4670	5093
10885	23160
6173	6218
4173	4176
6157	6194
6160	6204
6144	6176
51069	51642
7337	10193
6146	6227
10657	11052
6173	6234
197	2243
11100	23524
4736	6133
51122	56995
51206	80739
9631	55339
8341	85236
727	50835
399	9743
10713	51692
3921	6229
8976	10254
2197	25873
324	2932
2091	6217
391	394
6207	6223
6232	23521
6175	6224
5903	22919
84648	353145
6193	6205
6168	6227
3309	29927
11103	51575
7311	10252
22897	653784
6137	7311
55662	80351
4538	137682
10403	51143
2524	2525
5725	10949
6201	7311
4736	6124
4670	220988
4542	4641
8322	8976
5747	11099
9787	10403
1435	4924
3355	4852
9570	10802
9879	55660
6950	22948
6206	11224
7919	348995
9439	9611
990	9134
778	783
6135	6228
9972	23165
6164	6227
2932	5708
4700	51079
6167	6210
2033	9757
10199	84128
9798	27183
64682	154881
5822	7109
6233	80351
2811	2814
6152	11224
6128	9045
3361	3627
6207	23521
23398	23517
226	5768
6136	6155
6502	9730
23223	26155
387	3146
3184	51692
972	3111
4736	6202
9493	9585
553	680
8351	8363
80321	91147
22954	55236
23322	79600
462	3827
5330	8477
7311	50848
6218	9349
51021	84545
2805	3242
752	5217
6193	6203
4047	6309
6175	6201
6133	6138
7311	27327
7184	84141
6160	6209
316	4837
5433	8085
84365	84549
112	8698
5426	9126
4541	4712
3107	6890
84366	360205
5880	257106
4998	9700
2207	100049587
399	257106
2617	8565
26268	53339
5094	27238
6130	6133
1783	11014
3913	6714
1902	2767
3071	7409
1537	6390
6235	7311
3183	4670
6241	10403
83551	319100
6249	10540
4436	5591
6908	10919
3017	121504
6193	6223
9972	51692
6176	6205
905	2967
4172	4176
10403	113130
23517	84135
1783	9493
3797	24137
5725	10594
2359	5473
121504	333932
6633	83443
9277	10153
6133	6173
6141	6230
2197	6189
8243	79172
5433	129685
54555	55272
55090	55588
598	6774
6135	6194
10523	27316
7096	10333
4709	25915
259	2244
4173	5422
7184	10130
6222	6232
120796	344892
1213	10254
6426	7919
60	1072
7110	90196
9295	84950
9648	79571
10714	23649
1113	6855
6136	6173
4670	10594
9685	10618
988	4436
47	387263
6721	51141
2519	11098
3915	7402
1387	3064
6625	23450
4969	11081
6155	6165
5905	23225
174	51156
3178	10181
6160	6224
8673	10970
8514	10970
1387	6601
8329	440689
1736	10813
9883	23511
79090	90411
23586	29761
861	6604
4540	55967
4893	27006
1739	5290
6132	6233
1340	27089
55755	347240
7531	8655
6154	6193
6168	9045
27316	51692
4734	7316
963	64386
3181	220988
4537	4540
3308	10808
285	7010
6830	55677
868	200845
6346	83756
6154	6159
23097	81857
6144	6194
6500	55884
6203	9349
4999	5558
10540	22974
3921	9349
3064	55660
6130	6164
7317	8945
3213	3215
23511	23636
1269	59340
6122	7311
1956	5796
6934	283149
3439	3447
3860	196374
8729	9371
112	57413
6234	7178
890	9787
6204	9349
9276	10121
991	151246
6208	55176
6426	6430
1956	2274
10112	29127
53354	60490
120776	344892
6139	6232
9690	89910
2197	140801
4585	50614
6224	27340
7532	26123
5094	10262
6124	6143
6472	25902
1639	22919
1058	79172
3673	3909
4171	11073
6152	140801
6434	220988
6160	6208
57187	65109
3184	6626
26173	79034
7428	26259
7421	11198
5290	5970
1660	9128
7314	64320
55901	170692
6138	6152
6173	6227
10199	84946
6128	6165
10992	27238
10282	26286
8698	59340
1287	3685
5868	10096
6203	23521
351	5330
3190	27316
5170	7249
8568	57696
4697	55967
915	3560
4853	9253
1595	3422
1499	9314
6167	6223
5534	80335
701	5528
5515	6500
518	522
3301	3303
6144	6201
118487	219927
3184	9716
1910	2865
1337	1340
226	7057
6159	6210
3122	54331
10376	10693
6793	10857
6147	6201
7272	64151
6233	7098
8243	23332
3192	10285
6168	6222
102	1495
1908	6863
51725	142685
8243	113130
867	8301
27237	29984
4343	6233
1956	5782
27	4690
2967	79577
8801	8802
10489	79654
24137	259266
7846	10376
9322	23265
6138	51187
8648	9968
353139	353145
3184	6434
8805	11116
6137	9349
983	56647
2551	3054
336	3827
29945	63891
6428	10236
6136	11224
9787	22974
6193	6222
8541	64130
1103	6572
6870	51764
2695	5741
1088	160364
6136	6207
9793	25909
988	10713
6158	6234
3119	3127
2222	4047
6165	9045
4738	6923
695	5336
6147	6193
1387	25942
3683	79895
6137	6173
10949	27316
988	58517
8925	10193
9564	10044
10121	26005
522	1329
6189	6230
6193	6194
2629	5660
6233	197342
2788	2790
9493	10112
158506	246184
8771	9966
8453	9320
6159	6167
4829	5737
3635	3718
6165	6230
89910	144699
10592	22974
26476	344892
4069	8635
5704	5714
9354	89910
147	2150
4540	4726
1933	6203
5094	10285
6709	126014
10450	10946
273	8673
6168	6176
1364	9080
1063	79172
5605	10256
10051	23244
47	50
8243	51143
11275	283807
26190	197131
6455	8673
6422	7474
4707	29796
1981	6234
4040	8322
6635	51690
6434	8175
4853	27327
779	10369
2091	6203
6164	6204
566	6037
3921	6129
6165	9349
6130	6142
23530	133686
8290	29086
6241	9833
6168	6233
3202	3204
8945	11059
6130	6137
10885	65083
23304	29945
909	915
6158	6208
891	4751
6130	6136
6156	6230
6128	6234
9416	23020
4116	6128
29078	54539
3093	22954
1933	6206
5861	81562
6203	6228
6165	6202
6169	6234
3434	4938
6136	6169
9867	53339
54069	79682
50614	200958
1063	7153
6135	6230
6194	53918
7337	23309
6208	6227
988	9126
6387	57007
6142	6209
332	24137
6428	9410
6144	6206
6625	11100
6146	6175
6218	6227
10075	80204
10425	79876
6168	6208
5829	10458
51289	339403
2537	3430
9757	26523
127247	148581
846	259295
23601	57153
332	151246
10201	87178
3852	3860
11258	80097
1105	4343
4691	9136
10657	11338
6142	6170
22984	26155
6128	6137
991	83461
5869	10552
3062	6869
4701	9377
988	1660
4509	4539
9820	57531
2072	6233
3109	3111
2073	8451
4709	27089
1387	8085
5094	51692
1287	8974
1642	57804
11021	51762
9730	23304
10075	10489
204	4509
5196	94235
6202	6207
623	56923
4171	81620
6170	6175
9793	84131
6167	6176
7283	22919
1915	7178
3912	10970
8841	79685
6135	9045
8568	51096
988	5433
5693	5705
6159	6201
26123	79867
6428	10946
5023	5795
6129	11224
23279	51362
3978	5424
6237	7525
6152	6157
6173	6207
990	63967
983	51053
5518	5534
64410	79791
1302	169044
3655	3909
896	3717
1894	29127
6136	23049
29093	51258
55720	84172
6139	6154
6173	6222
890	9833
9662	10733
3017	8334
6209	9887
53829	59340
27258	51639
6160	6193
5434	27339
6130	6170
6222	10399
3183	5093
7098	10695
3672	3696
5795	326624
7328	22954
8666	25873
6161	23016
6185	6729
858	1956
6129	6135
6137	6138
6233	57154
5777	7409
6249	81930
6138	6146
23304	53339
6632	11157
6208	7311
6169	6194
6181	6209
1942	2041
5434	6428
966	2207
2792	594857
25885	84172
3895	5954
6748	90701
1994	220988
6133	6203
1387	10499
152	11255
6635	6636
6173	6201
8612	166929
988	6601
6168	6203
6161	51069
10466	57511
79895	100049587
6138	6161
5204	6637
5054	5328
9730	84085
3105	3106
5747	23209
6144	6156
1736	79050
259292	259293
6129	6136
4852	283869
641	2189
6135	23049
3190	10492
6171	6234
6152	6227
2537	9636
7514	25909
6146	6169
26146	92104
6657	63978
196527	326624
6142	7178
10592	51203
9727	60412
3921	6167
10892	257397
84643	93661
6223	6227
5739	59350
6146	6229
7311	9666
1950	3671
401505	100188893
9655	10489
10539	57019
6461	9844
23322	121441
9219	10919
29984	128272
1500	4646
1737	1738
6167	6170
10458	100423062
6699	6707
6159	6205
7704	142689
6632	10907
2491	5516
23244	55746
1387	4205
10890	10971
90	657
23590	56997
6147	6229
4208	4209
6235	140801
5739	94235
10427	55291
8021	23511
5335	8698
2359	11251
9739	80335
1500	3801
6147	6210
29945	84108
6205	6234
6908	10498
6201	6224
1555	54600
83540	157313
5434	220988
10013	57649
6128	6204
6455	23149
1629	4967
6502	54926
6210	9045
2125	6699
4161	7432
2491	5529
1669	56729
5983	57804
10236	27238
6143	6167
1394	1816
389	5217
6136	7311
9277	83732
6128	6229
6993	10755
3458	3586
10664	22976
6337	7311
6631	6635
521	27089
3882	54474
3688	3915
6160	6176
6637	51639
6047	9320
10458	10787
23020	51692
64682	80204
1490	7004
22984	79707
8351	8365
4594	8803
4709	4712
55055	79172
4867	80321
10890	60412
54821	81930
595	4602
4343	4853
55720	64318
1783	6249
6232	6249
2205	5335
23279	23511
6175	6181
1933	6233
4584	26290
6128	6159
60	10093
1063	5501
6207	11224
10920	404672
1933	6136
5266	6699
6207	6224
8668	22948
6432	220988
57647	79954
6599	55274
5435	6633
930	118788
26239	353132
7311	55366
23122	151648
3071	10787
6135	6181
10921	55749
51143	146754
2048	5921
10413	60485
153	6344
988	5591
4535	4541
3832	54892
27340	84916
1642	27339
80097	653784
9320	10075
7272	9787
29088	51264
317	835
3017	8341
6129	6161
1601	6453
3881	54474
566	1511
56945	57129
6134	6170
9055	9493
6626	27316
2799	5834
640	974
1994	55339
2207	79895
7153	55746
1854	7298
1605	84892
6176	23049
6122	6169
6133	6167
6136	53918
11017	85313
1783	51014
6428	6434
6232	7311
1500	84962
1991	8635
9968	23097
399	27237
5328	5329
2305	7153
1605	9459
5155	83706
7536	84950
6950	10574
10885	25885
6235	7178
1314	10959
10576	203068
9700	23279
9972	348995
2197	6205
6599	6602
26589	54148
6210	6224
3619	348995
6772	23586
6152	6161
1232	50834
6130	6189
8449	10946
57647	84916
1237	9934
10427	11196
6209	6210
991	23327
399	9459
23511	84271
5685	5706
11314	100049587
1453	6232
2243	2244
6122	6137
6233	140458
3688	5747
3660	10475
1669	1991
4712	27089
4008	22954
4116	84844
2733	23511
7919	65109
8881	9730
5393	51118
2147	2266
5928	10013
6230	7311
4512	4537
2475	9675
6130	6235
6135	6232
6502	89890
5609	9181
55066	57546
5439	84844
134	6376
867	10097
4172	10036
6141	8666
833	2058
8514	22918
6208	55127
8638	9636
10015	51534
4116	6235
2803	90196
10959	50999
2847	2911
22984	25885
999	144100
56949	57794
6122	25873
6139	6230
1937	6188
2197	9045
2359	94235
705	80135
2957	51808
10425	84541
64976	116540
80184	91147
23112	80012
988	55183
1236	4544
5493	11187
23376	84085
6133	6157
9551	9556
685	1956
126006	729230
4694	27089
51465	136371
3119	3123
3339	7045
3422	4598
1291	5352
5431	10285
2125	3728
3912	6714
1431	7416
2197	10952
11091	81887
2033	9716
1062	2491
9782	27316
3635	5579
6173	6208
2123	2124
6154	6155
23160	27043
5879	64333
55272	56915
6201	6210
4125	8635
6204	6235
5547	326624
6143	6160
6160	6167
3920	5660
3797	10540
4694	4724
55832	80204
6188	6228
6228	6230
10274	23279
9868	92609
6230	6232
4701	4713
988	1432
6142	6234
1499	5708
4514	4519
1173	2535
10885	27042
3882	8687
5023	8514
102	6233
6632	6635
5516	6249
6430	27316
8886	23160
3577	6357
830	6709
27125	79577
1559	1576
1291	1295
3833	9700
993	1111
51098	83658
6173	6189
5737	6865
79132	91543
6208	6223
4708	27089
996	6790
6144	6146
3921	6154
9156	55388
701	56992
5432	8450
5880	9743
6152	6171
4116	6204
335	3698
991	1058
27161	192669
5707	10383
595	6776
6125	6160
6165	7311
6241	55143
6605	11198
988	3843
705	88745
988	9219
156	351
3912	51280
5707	84962
9793	10733
25929	50628
10240	54148
5189	7311
6194	6203
6193	7311
56902	57647
5001	222229
4698	6391
6138	6201
55008	57154
4519	4537
2153	2243
6202	51187
9045	11224
203068	440145
1660	3185
6138	8666
7456	10787
8602	83732
988	23435
3178	3185
5347	51512
3190	11052
4829	10886
3852	196374
248	152330
8365	85236
419	390243
23283	27316
55008	151636
2197	6159
7514	55746
3356	5731
10733	79959
6136	6144
6176	9045
4726	55967
963	10970
3550	55234
1173	5868
8065	9354
5023	10857
2185	7525
830	9371
2305	5518
7454	10552
23376	56658
55252	55777
54617	57634
6144	6228
23112	27327
5558	23595
899	56995
1660	3190
10491	10536
2968	57804
695	8976
10905	23193
1058	9833
10403	10615
8914	9126
8689	9119
25879	56902
7337	11275
1457	25942
3488	54757
23327	29082
6142	23521
1084	160364
6165	6229
10890	51552
1665	55127
111	10268
5528	55143
2782	5082
6240	10051
10250	10772
6772	83666
5878	51715
27292	84135
990	3832
6118	10459
6155	7311
9126	9184
1329	9167
6626	8175
9126	9656
6181	6194
1315	9276
990	8697
3633	29984
4069	6037
3212	8338
4008	57542
6232	11224
4543	5173
6141	6232
6133	6217
251	23627
83597	135924
5869	8301
3669	4939
8729	10945
6146	9349
5693	10213
1278	4313
3017	8365
5469	9968
6146	6204
1453	6230
3685	4035
6159	6189
8289	55193
3313	23511
1665	5725
51069	55168
11339	100526739
6146	6159
7311	8666
4116	5435
6202	6209
6130	6229
3713	5266
6133	6168
1434	3836
6138	6228
2177	7936
4738	5693
6229	25873
6233	10401
10890	55667
51692	55749
5747	9564
6160	25873
5196	56670
6143	6155
3796	3799
990	5558
2132	6385
9320	154881
4998	7027
9793	10274
3190	3192
9329	84265
351	2817
6143	6209
3433	3434
4694	4725
6201	6208
5438	84844
2537	3433
4947	5716
10102	55168
10946	220988
1537	4722
5707	8453
5436	85437
1237	8811
2813	55350
6209	55272
6209	6218
86	55193
3921	6207
2801	10802
2185	3320
8972	93432
2237	5111
891	55165
1233	94235
6142	6152
4512	4535
5777	10630
1660	4686
6189	6234
7337	84085
6147	6160
6142	6227
4008	7321
6144	6164
54820	57787
9348	10082
22974	259266
701	10403
595	896
5435	5439
3192	27316
6188	6233
23350	79869
399	94134
2914	4988
3675	4233
338	345
6161	6224
640	5079
1933	6141
6160	6189
3850	3860
79861	81027
81696	344892
695	974
64951	64960
988	9631
6138	6170
2625	7031
1084	23601
5879	5898
488	489
5644	6690
6143	6194
4535	4695
3797	79989
10767	22894
988	3301
4700	9551
11338	55749
4536	4538
8314	23512
22905	115548
991	54908
29763	54874
3920	6836
9410	57819
2956	5422
10096	10097
6137	6234
3106	3133
3376	4141
2865	6863
10693	63971
90	659
6158	56915
6138	6202
1453	6194
6227	23049
2968	7936
123904	146183
1398	7409
4718	4726
56992	100302736
10574	10576
26268	56658
185	2641
2064	6233
5528	25936
6228	25873
5699	23198
6181	7311
4738	7979
10959	26286
10102	51069
6125	6168
2079	6432
23309	64426
5111	9768
389	394
10236	55339
7316	22954
6144	6181
22995	163786
10885	27340
79682	147841
6124	6193
6133	6155
5695	51371
369	5536
9611	10498
9493	24137
9055	10592
7476	7477
6161	6218
5867	5874
7316	10552
55320	401541
2935	6207
2207	7305
6419	27339
6135	6141
9493	9787
3192	5094
4952	6272
64432	219402
23049	25873
10250	23636
10914	85313
2107	6137
4508	4536
1398	5829
2801	6709
5394	22894
6223	6233
23354	132320
2200	3678
247	3479
8993	10394
1636	5972
1601	5878
2266	9715
64837	81930
6141	6168
1537	54539
335	2153
4175	81620
1660	3191
2125	5493
6152	6164
6170	6189
1983	23521
6168	6193
6633	10465
3913	5829
6142	6164
6146	6208
7337	26046
6188	6204
23332	80321
6136	6223
108	5179
4125	6037
3897	3912
7311	8945
3178	10523
4707	4717
6637	11157
6161	6181
9903	10489
23309	27327
10236	10492
22984	54881
3190	79869
2832	3827
65055	138883
2064	7311
7311	55914
7082	100506658
5048	79003
3675	7045
2848	122042
9416	55660
6154	23521
10022	259287
5692	5710
8871	51429
57154	65264
4736	7311
8450	79913
1991	4125
3688	5879
4809	27258
6233	8445
3848	162605
6161	6222
6164	6167
51602	79954
6231	6233
9412	9442
56658	57531
2224	4047
1337	1350
6168	6169
3837	9631
9371	51014
2197	6222
335	336
10946	57819
51154	84365
8924	8925
1595	3156
1793	10458
109	59340
10884	28973
7486	57804
26224	283807
1814	259285
54996	64757
6218	27340
7311	140458
963	3685
28981	79659
54973	79664
4535	4700
6141	23521
6206	6208
11193	51645
712	7305
3486	11098
2521	4670
9031	221830
4670	10236
26589	64963
5519	22919
54443	55165
6173	140801
7097	7124
2243	3698
4116	6637
2768	5879
22845	57171
6182	55052
1933	6188
3434	4940
9730	54926
10236	220988
5437	23524
6167	9045
4736	6232
2843	151306
8687	121391
5286	9685
3512	57050
6173	6203
8085	23067
3267	8301
4670	7919
6129	6138
163	7311
2491	5048
8334	8365
4927	6428
335	3827
10097	10618
3071	5747
10484	51014
3685	9475
9525	137492
3685	4240
3091	4088
6139	8666
248	6975
4539	54539
6164	6208
5093	27238
324	1857
6176	6208
6205	53918
10574	22948
26168	27043
1453	10427
5741	122876
9700	348995
1232	338442
57542	197131
4736	6176
10943	54556
6224	6232
27237	171177
983	10733
55703	84172
2186	9739
6152	6204
1398	1794
6139	6222
9184	10726
6132	6167
6136	6217
6866	8997
7178	10399
3921	6228
4707	4712
10236	22826
1660	23283
6146	6202
8945	23304
54962	63967
6124	6164
6232	25873
6129	6222
5430	81556
4686	9879
1894	54443
990	5985
1660	10594
659	23118
5747	10298
6128	6138
6157	7311
220134	348995
1281	1290
2641	346562
2792	2911
3301	10576
3181	10713
9739	25942
54998	219927
2695	2784
6164	23521
1650	23385
7098	7311
4582	200958
988	22948
516	521
47	1431
5048	11190
87	1499
332	79902
6176	6206
329	7316
9277	51118
1915	6134
79583	80184
22995	27229
23076	55131
55168	55173
988	51692
1933	6137
6206	6210
539	1329
23511	51692
377	10540
24137	55614
5519	10274
6154	6203
22984	79039
6209	6233
51650	64983
344892	390083
3309	7184
6139	6189
1241	56413
9793	79172
2268	7525
6152	6156
8826	55109
2071	8450
1557	1576
1981	6139
5726	6755
3183	10946
5433	9879
47	1727
29763	51429
51154	55003
2033	7515
3046	3050
88	4620
7458	8672
3192	6625
6139	6181
915	919
10594	51692
51	5194
3683	326624
705	65083
8329	317772
4854	5087
3354	11255
6188	6206
6170	6232
10575	10728
3713	7051
5048	151246
5439	51755
988	27238
11098	84141
7536	220988
988	7919
6206	6224
185	2862
8925	197131
5217	55740
3832	7272
3832	9700
6144	6175
23160	23560
10849	25885
967	4033
2197	6233
2125	11187
27229	54801
5469	80205
148	2837
10735	23279
1981	6233
6147	6175
11015	23046
6385	7057
10733	203068
23291	56929
8341	8969
1453	6222
1081	3623
6181	6224
10250	10285
2617	4677
6189	6194
1894	259266
5432	84962
387	7046
1062	9493
1233	56670
705	55720
6161	6223
383	56729
6124	6204
6129	6170
9716	10285
861	57332
6890	6891
3181	9128
3191	7536
6156	6229
6122	6233
64979	116540
399	5879
996	9666
22974	64151
2549	3055
6218	6231
462	2159
3698	51156
6117	7156
6136	6194
3619	23511
5557	54962
116	59350
6142	6223
710	10747
1793	7525
3866	3880
2177	2968
705	23160
3913	3915
6142	6210
91	92
6209	7311
6135	6171
2207	199675
81285	285093
2207	11314
9276	9371
1111	2177
324	5519
25793	84676
4173	5983
259287	259292
3181	10236
1295	55214
1308	3691
6237	10371
4626	8735
4543	4852
3376	8565
10285	10713
695	5335
6727	7311
516	26521
1717	3422
50865	64805
846	56923
55168	78988
81	1495
1783	2491
5869	57403
1116	56729
915	7535
6164	140801
2960	2967
4867	27077
6635	84844
3055	3702
641	116028
5715	6923
4116	6206
5347	10592
23601	170482
4798	79913
2581	4758
8544	10787
5284	8876
6160	6170
7044	51097
727	50838
4087	79753
153	6343
6158	25873
3832	6240
9738	132320
9354	84085
5516	54908
3660	5696
7466	51280
6161	23521
5870	57511
3635	5294
1902	9002
7320	7322
6201	6203
643	9294
4624	4635
6229	6232
23332	57551
1233	2359
1241	2767
23095	64837
3376	4677
3655	3675
3856	5493
5928	25942
1241	29933
6139	6223
6157	6181
6227	114987
6141	6161
6136	6175
846	259287
1956	5879
4088	56937
6133	23521
160364	338339
6207	27340
4940	10612
8807	8809
6921	55284
1981	6210
6233	65264
6144	6147
6156	6165
570	23600
3178	6430
6159	6168
1058	55355
4141	7453
3030	3032
22919	54821
28998	51264
378	830
6427	10189
6175	51187
102	160364
9341	54874
5822	22984
27292	55781
26267	90025
5725	10492
6122	6168
1660	6626
3911	3913
472	7468
8237	10574
4725	9167
3921	6139
2962	8175
4638	4659
2491	5903
3561	3635
6159	6208
79659	92104
6135	6234
6146	6181
3673	3688
6164	65008
332	1063
6233	27327
3190	55749
54984	84549
3071	8976
2521	3181
60560	80155
6154	6164
6146	6223
3664	23087
6301	7453
1062	83540
2204	338339
1398	11184
221	5329
1645	8644
1605	6714
10482	23279
4172	51053
671	5657
6432	6434
10112	22974
3183	27316
3832	9585
338	1080
1062	10051
10426	440145
55703	55720
890	84515
2197	6234
4539	374291
6626	9410
5547	25798
6135	6168
10733	55142
1778	4735
22984	55127
9738	10733
10514	64425
6830	85403
26146	79659
8661	728689
51676	115290
11338	84271
3921	6194
29127	64837
6142	6201
7428	10116
6160	6227
7311	126961
3397	7057
10285	51692
2305	4288
10426	55755
79867	80184
3688	6774
9716	10949
7479	7484
51172	84572
9277	84946
29074	78988
6169	6222
8976	147179
6426	10772
3115	3123
567	3659
301	302
3191	51692
4701	51079
1459	9918
7311	114987
1495	128239
6161	6727
914	924
336	3698
6139	6233
10102	84545
5157	7991
6122	6223
6130	6158
23047	57405
991	5347
4952	54874
5431	9879
9716	23350
6209	9045
8085	8945
5861	51715
2132	375790
1544	169355
3619	5528
1937	6203
1969	5747
6122	6189
6709	8729
10930	29974
8452	200734
6141	6228
5433	10772
6155	6170
29927	58477
5439	6631
3434	8638
1121	22930
5434	54845
3190	220988
51602	55759
2207	3903
1601	8027
29074	54148
661	6619
7317	89890
6144	6173
6181	6204
79654	136371
55339	80335
595	5708
4298	9646
197	3481
3687	441864
3178	4670
3833	55143
11157	51503
1605	3672
9553	29074
6176	6230
3832	7153
11218	25929
3074	23197
6158	7311
3191	3192
3360	10888
988	3191
6168	6204
8243	9126
6631	8896
6152	6167
54577	54578
9883	55746
4538	4695
51203	157570
6877	8881
8356	121504
3109	3115
54948	78988
1933	6222
9883	23165
6155	6202
3921	6135
6135	6235
6193	6232
7178	25873
5708	29979
53917	401409
1665	10885
2197	6147
5685	5688
1660	10713
6601	55193
6601	57492
5108	22832
28	2524
5870	7110
6167	6169
6426	6432
6170	7311
5695	5700
81	7791
4599	10964
5437	10921
9655	9903
6203	6229
6130	6191
29074	64928
6427	7307
163	54874
51023	219927
3191	8449
6152	6154
6776	6777
23774	57459
514	27089
89910	221687
6169	6171
3688	3912
6129	6142
23047	55143
1778	81930
4540	126328
344892	390058
3157	6721
5093	10084
7156	84126
6635	51639
4700	4707
6142	6158
6208	6209
2147	5020
4646	23607
2033	9739
7478	7484
7249	7532
5788	7852
3192	23283
966	79895
6319	6720
5688	25906
6429	9410
6157	6232
6137	6142
1633	5143
112	1269
6790	9787
55165	259266
3190	10523
1793	5829
3191	10713
6712	11316
4793	5704
11251	94235
6132	6170
6152	6201
6217	6232
6133	6154
988	56852
27042	55153
813	10970
3913	375790
7398	10635
3675	3909
988	3832
4536	4700
983	7514
1983	6205
8886	57647
950	25977
5436	57819
6637	84844
5290	9208
6158	6193
6170	9349
9933	84365
6136	6139
6157	6203
1084	138050
3890	374454
9136	51602
6223	6234
23014	79791
2635	3659
6222	6231
6233	140801
10540	80184
6228	7311
5199	6709
4670	23020
5339	6194
6139	6161
54998	64976
10959	11014
6175	6227
1781	11015
2197	55176
8450	51122
3183	6430
6161	6229
6122	6194
1062	7272
2547	2956
4736	6156
6228	6232
5566	7283
57191	374928
3240	5005
2266	3481
87	51097
4514	4540
4542	4646
2966	5433
5905	6232
2790	5294
9128	11338
2033	8289
4694	4710
389	94134
6124	6176
83597	390174
3192	10236
9585	51014
344	6382
5435	6875
3832	10403
4541	91942
57122	79172
6228	11224
1856	6453
27340	55127
26285	149461
6159	7311
1406	4901
6128	6144
9277	80135
1669	8993
945	100049587
1981	6218
3308	5903
8329	8365
6117	10635
383	671
5436	6882
1595	2224
4620	8735
4809	22826
251	152330
971	29760
988	5394
705	51154
4736	6141
3619	10592
2268	2817
10193	25831
10921	10949
6175	9045
553	64106
6189	6204
8615	100302736
5903	10735
2107	6176
2791	115557
3309	6836
1595	6721
6202	23521
10403	57405
5540	6755
6161	6233
54433	55164
9277	88745
9128	51340
2255	26281
1991	6036
6133	6164
5000	7311
3903	22918
5351	5352
6229	23049
9968	10499
5528	23122
1129	3355
7476	7483
3659	7015
833	2617
4736	6142
11339	79172
6156	6168
1017	84515
7343	57459
2150	2788
2848	196883
6193	25873
6556	196527
991	51088
332	10615
5861	5868
811	10130
1933	6124
1495	6714
10097	50618
10857	10970
6164	6234
2846	4923
6714	10413
6874	83860
3183	22826
5266	5493
6636	6637
6147	6173
10236	11100
1778	3831
1933	6224
2770	55970
5819	201633
60678	79048
5436	83443
160364	170482
4519	4539
1579	8529
51079	55967
4904	9410
4734	23291
9564	9844
4116	6636
6230	11224
5440	10302
1022	5887
60485	84962
9181	171177
9462	64926
11314	196527
2826	84539
3181	3189
4116	51503
3640	387129
3105	5696
79895	160364
9282	84498
54578	54658
6138	9045
338	2266
7317	84078
4540	4709
6154	6229
5093	10992
6181	6207
2023	2597
9039	9730
9126	348995
4519	4536
607	8945
6175	6210
6157	6164
6209	6232
6138	6222
1603	58505
6193	6235
1933	6227
55003	55299
6146	6232
4725	55967
4171	9156
3270	147111
7341	404672
4512	9167
1810	26009
5339	6157
2222	4598
4695	4701
1915	6161
10403	79682
6159	6207
23451	55339
2220	5648
5529	54821
8843	338442
6154	9349
6188	6202
1981	6228
1329	4700
890	151648
7316	11001
5879	6385
6667	10499
8655	55839
5422	9126
3071	10458
1500	5880
6207	6228
1956	7311
8689	286887
9730	29945
11051	85313
2072	7158
567	3106
2935	6176
23291	55236
5429	5980
26046	26268
6181	11224
904	51755
6152	7311
3071	6461
6218	6223
3855	3866
8106	29894
3422	4800
29984	84986
6139	6176
11004	51512
6122	6128
7317	8924
2797	2829
7532	10142
5516	5714
1813	4283
6173	6181
6188	6229
963	8514
64963	92399
6194	25873
6165	6176
996	5699
6229	11224
4736	9349
1063	54821
258	9210
335	462
2064	5747
3673	8515
6164	23049
1111	2178
1968	8661
11176	51742
8886	64318
7456	8976
51118	80135
6181	8666
54998	55052
6209	6234
2197	6194
345	2262
8349	333932
10014	57459
2935	6164
3912	59277
4536	137682
54578	54657
4512	4541
3579	5515
2896	10493
6122	6175
9320	26091
5870	57403
6161	6227
932	3689
6130	6201
4717	29796
6059	8886
6161	51010
8687	8688
4695	4707
8451	57804
2243	3026
81	55243
1500	51474
6132	6218
6135	7311
887	5020
6202	55272
6207	25873
4694	4695
7337	197131
988	9879
1856	7314
6138	25873
1605	5579
1062	55055
5493	6707
4715	10476
3191	11338
3921	11224
25915	54539
26716	344892
988	10576
6147	6207
10112	64151
6128	51010
3675	3688
1394	3973
4725	4726
9655	57542
7311	57674
3190	5093
932	57153
1979	2475
7507	10714
9533	84172
6176	6181
11345	81631
1778	6709
64761	83666
6158	6222
6141	6229
10236	10285
6129	6232
1063	24137
983	5983
4700	4725
6124	6232
399	7984
6128	11340
6632	10465
6133	140801
6601	9031
2767	5330
23059	26146
2491	7514
6129	6203
6157	23049
9700	23397
53905	90527
1431	3329
5880	171177
55863	91942
5879	9181
6124	23521
6201	6202
6159	6204
2358	160364
3912	7184
966	100049587
6135	25873
23160	79954
8533	22948
1857	6233
3911	9459
3921	6143
9341	51429
9320	89910
3091	6233
6206	140801
3448	3665
6143	6169
6158	6203
4713	4724
4116	6168
4509	4535
2967	27125
5707	7415
6125	6181
4695	4709
4738	5688
919	7535
6124	6125
6209	6227
377	830
1435	3490
4173	5426
7514	23122
6122	6157
369	54845
54732	55738
56670	94235
6138	6160
3655	3918
377	10749
9184	57405
3659	5371
3921	6165
6363	6752
891	1781
6188	6217
2521	10921
9410	27339
90480	116541
996	5717
6205	6222
1241	1902
4670	10523
10921	23524
3921	6203
1327	29796
6125	6129
4736	6207
11190	22974
3054	23067
4708	4725
2153	51156
4736	6122
2788	50865
9382	100302736
4288	10403
164	2799
4725	27089
6626	51593
3491	10272
4696	4707
2841	8698
3619	24137
2023	5230
6155	6169
86	8607
11091	54881
3683	5023
830	1604
3949	5869
1857	2932
4695	27089
1650	5660
7536	9716
10920	10980
1933	4736
4535	4712
6125	6222
3728	5493
4701	374291
6128	6173
163	25977
6143	6144
904	905
3191	9782
9972	23511
6124	6135
6885	23118
6161	6194
6491	284403
3178	6421
6233	6235
54821	151246
6136	6188
4670	10657
2064	9475
4712	91942
9228	9378
5795	6518
6138	7178
2873	8607
4292	6117
26190	57542
4726	7381
3799	11127
6165	6207
3799	10112
116540	219927
991	9491
983	55055
1364	24146
6709	6714
51154	84154
890	11065
51602	84154
5725	8672
6144	9045
10621	11128
705	10799
1758	8404
6194	6222
891	29127
6147	6170
988	6605
6233	26190
388	117289
10403	26271
9354	83737
3071	9844
537	10159
6143	6233
11065	83461
6135	6210
1994	10921
27258	57819
4707	51079
23223	65083
10594	27238
57531	118424
6667	8648
4670	5094
6170	6207
10767	51010
3882	121391
10236	10949
6155	6227
9700	64151
23291	65264
6139	6205
6143	7311
1793	7409
2149	2151
3192	10949
23582	25949
88	4626
3659	5696
7453	8565
6156	6159
5430	11338
983	203068
3183	27238
4708	55967
4064	9450
6204	10399
6124	6203
5970	57506
6154	6194
3354	6387
1387	9967
1004	1016
1969	2048
9886	221472
6128	6231
57405	79682
5822	10885
6599	8289
9757	23067
259	2266
3222	3225
6159	6233
174	3698
1439	3635
5724	23087
3486	11167
9410	22826
23533	55361
2641	113091
6128	6202
6209	6727
3689	338339
6502	136371
7375	8717
4809	6633
5439	27258
55832	154881
197	336
29984	64333
3827	51156
5048	5529
6133	6207
4709	9551
5437	7874
1965	8892
9797	51244
10240	55168
902	10987
6142	6181
9700	55143
3156	3157
6209	25873
966	199675
2359	6370
5861	10749
5948	5950
2242	9855
55746	57122
6428	10181
8969	126961
377	10121
23030	51588
6181	6234
3001	5551
10540	121441
4288	26586
2968	129685
5861	55605
6827	80349
5869	8411
6625	6626
6122	6156
1933	6209
6233	11224
5093	10946
53917	64284
5717	10575
9738	55755
1364	137075
8945	285231
11338	27316
6125	6158
197	3827
996	57542
6155	6161
351	8477
4535	54539
5346	400569
6158	6168
6755	339403
5578	5588
2064	54206
9744	51454
1915	6147
51143	55055
6129	6194
2153	3827
16	2617
9793	57787
1499	283149
3683	57153
26060	90249
4939	10379
6136	6159
10577	56729
5443	53831
5708	64750
6161	6169
23014	115290
3797	79659
4707	55967
23095	24137
79682	113130
5861	10342
705	29889
10403	51203
3105	3107
6164	9045
6165	6228
80184	84962
4116	6181
10284	440689
6375	6846
8322	9341
10466	10618
10946	27339
3357	4829
1495	51474
9283	51764
7846	57545
3301	10963
8243	55746
25873	55176
29074	219402
5339	6124
3880	144501
6418	54892
10236	27339
57674	64219
2033	9282
2177	11073
64963	116540
153	155
6453	22905
1783	22930
55142	115106
3937	55740
6161	7311
4116	6428
4171	5111
831	23209
950	7316
945	222487
6138	6206
7328	57154
6135	6137
1938	23521
8334	8349
10426	55835
6159	6222
11157	51639
23295	84231
5869	8976
6790	121441
11073	84126
11325	83443
6181	6203
1555	1557
10919	84108
3178	10949
776	51764
5829	10787
6122	6232
6130	6193
6233	57674
6601	6605
2633	4940
5435	5451
1969	2050
6175	6235
10432	23435
3980	57804
4736	6159
2200	401138
6136	25873
7124	10673
369	27044
1933	6164
6146	6152
1033	9787
55326	137964
10291	23658
3105	3659
10293	136371
5566	5970
6132	6171
10181	10523
10749	11014
4343	6714
4591	65264
57545	79867
10403	83540
3832	3833
3183	3190
4102	158511
636	25782
10726	57405
5717	126374
23585	54741
2776	2788
288	2348
10733	163786
830	29127
6171	6227
1058	57405
3017	126961
4725	51079
2197	6158
10660	390598
6136	6227
4540	4728
6161	6202
5526	7316
10489	22888
4713	4717
10153	10199
5439	10980
6599	57492
1347	1350
6176	6232
6128	8666
5516	51400
54998	57129
5708	84962
6160	6171
6203	6227
2197	6224
6950	10376
6790	9493
2197	6161
10465	57819
5747	7852
3673	3918
2222	2224
1639	9493
146	148
5438	6637
4738	9978
51317	57649
6633	84844
1668	1669
3185	5094
2935	23049
5037	10256
2804	9276
1477	24148
5657	23197
5903	23511
3921	6234
920	1234
5931	8819
6233	6868
23160	84172
1345	7381
7398	56852
2521	6421
6128	6223
11190	57545
11017	22826
183	846
6218	25873
27316	84991
6428	27238
8453	9820
8655	27077
55014	126003
1208	5406
4593	57144
3181	3191
7852	8698
10425	63891
1129	5179
3659	6672
6133	6224
2203	5213
6157	25873
8881	136371
5688	51371
5393	23016
6230	23521
988	3326
6160	140801
9730	10293
2358	57413
993	100287441
50838	259293
6155	6159
1975	6124
5347	54820
4537	4538
86	1642
23014	143279
2197	6135
9126	55746
24137	285643
4176	5422
6790	24137
2799	5707
9493	11014
871	1290
5928	64769
51096	84154
2792	4985
5868	26060
1398	3685
57542	65264
1062	5529
27258	84844
1859	5928
10285	23283
1287	1288
2916	4887
566	5657
3889	3892
1736	4691
5529	55055
5700	5706
9820	115290
7409	7454
10533	26091
399	57449
57819	84844
1555	1559
400	55275
7984	29984
8915	29775
1121	79090
6152	6231
1337	27089
5718	8453
3184	3191
5690	8742
1655	23658
2237	23649
1462	9469
9886	84144
50813	55884
7536	23020
701	51203
90293	285231
5707	8452
6157	6175
2847	4985
23122	51143
5977	6601
2784	594857
6158	6228
55125	79959
2189	7517
338	4036
6154	6168
2207	5338
55182	63891
5695	11047
10250	11338
2266	3026
6210	6232
1088	23601
3646	26986
54845	80004
1062	1063
595	5707
8243	10274
6133	6170
87	7791
2521	3178
4736	6134
2792	219438
1880	57413
51258	64951
1499	2932
6152	6229
2491	6249
5701	5715
3320	85378
6202	6205
945	79895
8314	84108
3481	3827
11190	26005
2792	5741
1230	83756
1933	6130
6143	6159
3832	151648
1173	10552
26267	63893
6143	6175
6201	6233
3355	5173
11137	51388
6164	6228
6130	23521
1347	4695
10112	81930
6210	9349
988	64682
9700	113130
6139	6146
23244	57551
3187	7536
79050	317781
9015	284119
4233	8976
4173	8914
846	2798
522	539
25915	126328
3558	3717
498	517
302	56729
6165	6224
6169	6227
6232	9349
6158	6206
3837	22974
51692	80335
208	2782
6135	6147
23601	160364
8886	9221
6207	6222
9829	26052
65055	128366
10885	64434
3434	10561
6142	8666
23149	51429
399	57522
5694	5695
3937	11184
7272	9700
6222	9349
6159	9045
6396	8655
1857	5708
3178	27316
1665	9879
5903	57551
6135	6158
64151	83540
5119	51652
9533	112495
161	24137
6152	6181
8243	23244
6155	6229
351	5340
701	64151
9320	80204
8449	27339
7311	55669
3187	55696
3673	6382
10425	84085
1173	5878
8717	9530
5425	5982
56667	140453
54165	57542
11190	23332
6132	54512
4952	5286
388	64333
5411	51747
10552	22905
23160	84154
8322	22905
1500	7525
6176	6209
5930	140460
29984	50649
8687	54474
6125	6189
5202	10471
6203	6222
3491	3685
142	5981
10120	89953
6146	6155
9183	22919
1824	1825
2222	3156
400	60592
6124	6167
5571	8655
26005	121441
699	9824
10890	57403
59350	94235
5339	6217
6168	6206
1969	5879
6223	9045
4172	4678
1832	5493
6233	22888
1500	1942
4940	10561
4734	26190
2189	5983
1938	6205
10403	220134
5684	7979
4735	121441
6137	6206
1282	5033
566	4069
6632	51503
9585	24137
154214	221687
2863	9002
9700	23332
10413	51421
5519	5903
23016	51010
5903	9883
2222	3422
10959	22872
6233	8945
5929	9757
10885	55720
4887	346562
6159	6218
4599	4938
8766	10890
79867	84902
6164	6165
3978	5426
905	27125
9801	64965
1277	4060
988	6599
3619	23332
6176	6207
6139	23521
1937	6128
7536	10236
3191	5094
6155	6164
1435	6696
8945	65264
1822	23028
25831	140460
84246	112950
783	27091
26589	78988
2197	6167
6165	6234
2358	6556
6193	6230
6204	6222
186	3350
6223	8666
28973	55168
10293	84085
2960	9412
11339	55143
399	64333
2064	2065
6133	25873
857	64750
163	8301
4829	56923
10594	55339
2918	6752
3320	10458
6133	23049
155	6343
4702	4710
8683	9785
6227	6234
25909	57122
8175	57794
6502	8881
1048	171169
1453	126003
6138	6208
4809	6138
109	10681
4736	6157
1058	55143
6170	6217
6130	6222
27340	57647
112	3579
56902	84128
1933	6228
830	10652
23244	23279
8365	126961
1660	23020
988	3839
3320	6461
4736	6147
3191	5725
5566	57787
6235	11224
5293	23533
27134	100506658
3673	3683
163	8976
9611	55090
6129	6208
5590	23286
54820	146057
1453	6223
5981	23244
8819	10284
5861	57403
5162	8803
7450	54756
637	4170
3687	53831
661	55290
2034	3091
1387	27327
3837	10575
1660	10236
6122	6207
51079	126328
1665	1994
1500	1969
9416	10285
152	2916
2962	57794
23327	89910
9128	10594
5715	7979
6036	6037
6386	10487
10274	10735
5336	118788
4536	4712
6156	6175
6164	6232
680	3358
2053	7311
6146	6170
9136	84365
920	2533
10714	80010
22974	24137
9341	10652
7852	63940
6154	6181
6144	7311
6288	6374
8349	121504
6159	25873
3015	79682
81	3688
51154	55299
6168	6189
1915	6205
2034	84962
974	29760
9870	26091
2197	6727
51289	56923
6138	6223
9790	54881
6170	6194
10051	10592
344892	390077
6132	6135
3122	3123
8086	84271
344892	387748
972	3122
2197	7178
6430	6432
6158	9045
1956	115548
9739	9757
8451	55208
7314	10920
6279	6283
55629	65110
5433	6428
6146	6228
5179	7857
4116	6227
6164	6205
2814	2815
6210	6222
246	11283
1601	8322
10540	11190
6204	6233
6222	6229
1268	9294
3895	3915
595	891
3842	54464
567	3660
3434	3437
2147	2153
3854	3861
3320	10598
6222	23521
51429	54874
6208	140801
9184	9212
3663	23321
56995	200845
64792	150737
2033	23067
7327	8925
5872	53917
6045	23028
1511	4069
51129	85441
7153	348995
24137	146909
2064	6714
400	23041
6396	22818
1303	10491
5903	23332
26519	26521
7984	54509
4670	51729
988	1654
9820	23304
5868	9341
86	5977
6165	10952
6206	55272
22905	51429
9972	55339
57111	401409
6152	6232
5930	54620
9156	84126
3437	91543
11339	54069
6175	7311
6205	55272
6142	6156
51602	84549
5879	100423062
10970	84141
6502	55208
5328	10396
10283	23398
2913	4988
2537	3434
64792	79989
10403	11004
336	2153
336	51156
4700	84833
6128	6171
6141	6204
6272	79158
6161	6171
7398	10714
8365	8969
2804	64746
226	2597
6228	6235
9493	22974
9276	11070
5709	29882
6428	6432
1398	85440
2305	22974
4736	10399
10552	10787
9416	11193
1894	6790
1398	10818
6170	6227
9055	9928
222487	338339
6134	6175
1329	1351
8453	9666
5422	7027
6176	11224
4738	59286
1639	9371
2153	2159
4709	29796
2207	3937
3875	144501
6135	6233
5034	5611
4582	10164
6218	6222
63967	84515
56670	59340
29974	403314
3675	7057
29945	64682
5707	54583
9136	51010
2099	6387
3309	9531
1173	8301
142	23038
1551	1576
1908	23620
963	7805
63915	84062
2491	81930
6637	83443
891	81930
6132	6203
6146	51187
102	6556
51143	55166
6157	6209
1161	51426
4707	4710
5438	9978
3105	3133
6137	6160
6132	6165
2071	27125
6204	6205
26519	56993
4717	4718
10618	79571
6139	9349
3688	3693
1956	3691
3304	3320
6168	51187
1778	6232
383	5657
6205	6232
3203	3204
3192	23020
23160	84916
1956	3918
6124	6230
10618	51246
65055	219438
6129	6169
22936	64859
4724	4728
64946	79682
695	118788
3920	80331
3850	196374
3718	50615
5711	8453
6790	10112
23291	54165
118487	128308
6143	6173
2243	3827
4085	55166
8945	9820
7136	7170
6188	6232
1829	11187
6137	22916
4734	115290
3055	5747
904	79577
51362	348995
1495	8394
5930	80204
1908	84432
51650	64951
23526	51816
5336	79837
6135	6227
3312	8871
55559	115106
6161	6208
205	513
6218	9887
1781	9493
1499	6714
1366	4072
1994	23435
4171	7298
6122	6181
23275	23509
6170	6181
9564	54518
6124	6158
813	84141
7840	347240
3430	3437
6142	6160
389	399
64682	84085
391	80728
7317	51343
2962	54845
6232	10952
26524	84962
8085	26523
988	3190
701	23047
34	6256
1386	6605
7204	60675
9739	26523
8085	25942
6201	140801
6456	9892
9133	10615
988	9793
6130	9045
1933	6210
6205	25873
51429	54885
5931	10664
1499	1969
6205	7311
462	51156
8570	22894
9793	26005
4599	10379
3799	10540
4736	6204
3356	94235
55759	84128
6144	6229
9371	11127
3619	25936
3354	9283
11014	11015
6144	10399
6135	6169
11224	25873
8881	23304
6169	6170
57153	79895
4695	4726
3054	80335
10921	23293
857	1956
11224	140801
2197	6139
2197	6142
4666	11224
3429	3434
5604	8826
3683	8514
1398	2185
6229	6230
57545	121441
6136	6233
5708	6790
116	94235
6128	6168
8027	25977
2966	728340
3718	6777
7415	91445
6144	6208
23304	89890
6233	84231
6434	57794
4722	54539
5393	6181
6370	11251
6157	6230
6142	6146
6206	23521
7184	10970
1630	137970
6128	6193
1991	4332
9363	64284
6154	6160
8453	55832
10102	51021
8295	57634
55702	56949
6745	6747
10640	55770
4014	5317
5094	5725
930	933
47	2799
7536	10949
58	5879
11128	84172
10112	23095
1937	6228
9984	23279
54908	79172
6144	6168
23142	26190
22974	29127
2550	3579
9126	151648
6636	10465
5438	51755
1277	1291
1063	4288
3690	3791
5701	11047
10130	10549
8394	23533
5516	5519
259290	259293
5711	7321
1500	7082
3184	9987
5687	9134
5822	8568
5908	7094
50840	259295
1933	1937
6164	6175
65264	143279
24148	51340
8886	84172
10952	28972
1017	63967
813	6790
26263	92912
4172	81620
990	51343
3918	9459
55008	64750
6146	6218
971	5336
84902	91147
6138	6159
3013	8351
10799	84946
4736	6227
3716	259230
6132	6209
1781	10540
640	7525
1911	23028
1642	56852
55131	84128
50835	50838
6128	6227
718	6288
4535	4537
5869	26130
3211	5931
10153	55131
4695	84833
56929	79176
6233	55008
6167	6233
6130	6159
3913	11098
5431	8449
9738	54806
3308	3326
6202	6229
6461	7409
389	9411
521	4694
2189	80010
10693	55970
6142	6161
84648	353142
257313	387129
1915	23521
6173	6229
990	7314
705	11102
50616	116379
6130	6234
10921	27316
4713	9377
1060	57082
3127	4261
2153	2244
3663	4281
4172	8888
8945	56995
84078	89890
2801	9276
1937	6181
3799	55605
8563	9631
6181	6232
3339	3912
6176	7178
259290	259294
5869	23011
8976	10552
2491	3619
6128	6176
4670	10432
6396	51143
3190	7536
4538	4726
1915	221143
5199	10394
3921	6222
6117	55388
4116	5439
6663	27022
10236	10921
5331	222545
6233	26043
6132	6202
5179	6751
2792	6752
122042	285601
6430	57794
3444	3451
5096	55862
904	5431
22878	60684
8337	653604
1236	1901
988	27316
1981	6230
3150	3151
3855	3856
7032	7033
1981	25873
1650	6185
7327	26046
8085	55904
3685	3688
988	9967
6160	6161
6207	9045
1781	29127
51069	54148
6455	7316
344892	347468
10920	283899
8449	10285
8663	728689
24137	81930
6138	6165
6125	6175
920	3702
7520	9025
23212	65083
6631	10465
1337	388753
9020	10000
9967	23097
10963	22948
4175	6118
705	84365
6135	6164
163	9341
4543	4889
4670	51692
5696	6890
6152	6210
4537	4719
9782	23435
4867	79867
857	1950
2242	10371
3913	5747
5557	5558
2521	3185
6206	6234
83540	220134
3857	3868
1727	54472
1605	5829
9136	9277
6228	27340
5430	9611
3920	55754
9039	10425
9782	10949
6160	6218
1308	3914
4512	4540
6144	7178
6224	6230
6204	6206
6130	6207
7454	10458
5688	5701
6194	6217
29127	55872
116372	257194
6124	6130
6122	6228
5707	200734
1213	8976
3185	10594
10749	11015
11245	55970
142	56655
388	23370
6169	6230
3691	4233
10952	25873
9730	56658
6154	6202
640	3932
8648	84498
25909	54821
1994	23020
25929	55706
6124	6129
6208	25873
6133	6231
6155	6235
54926	84085
4691	10528
11339	51203
23020	220988
2790	9138
3832	64151
1294	2157
972	5641
387	8874
3433	10561
6125	51187
6746	58477
6556	338339
6790	11065
4670	11052
1292	3685
1329	9551
5970	23291
6202	6228
6125	6133
2033	25942
1499	7534
3178	3190
2475	7532
10282	10652
1832	2125
9700	57082
1511	4332
4986	338442
9343	23020
5516	5903
51118	88745
7137	7138
1937	6133
383	3240
1665	23350
11103	56902
2444	84766
10022	259292
580	80010
6257	7068
6136	9045
6137	6229
1453	6210
1453	6224
6144	6202
1108	25942
4736	25873
890	6502
5347	259266
6137	23521
9833	29127
6175	6207
4712	55967
54069	64946
2197	6208
4793	5714
10574	10575
4904	10946
6164	6188
6201	6234
1983	6223
1669	3240
996	54778
10193	53339
9277	9933
2222	4597
972	3119
6137	6141
4088	6233
1137	1141
1350	440567
8337	121504
3312	7037
5880	91614
6152	6224
5528	5576
4712	7381
9221	25885
6142	6203
2792	388531
6152	6208
6223	6224
3192	9716
10102	28957
11258	11316
25942	57690
7298	10403
23376	26235
2059	10458
400	57511
2033	55904
3559	3560
1029	1030
3123	7535
7311	10110
3921	6175
9276	22872
6908	54815
6156	6224
9416	51692
3664	11074
6714	10298
2197	4736
6146	6206
4986	50834
1879	5079
5029	5724
7311	55008
6165	6173
1906	2150
4641	5898
389	7204
1949	2045
3437	4939
26190	55832
1457	7153
3675	3685
10713	26121
23304	26046
6750	50837
5518	7514
2886	5155
4173	9837
338	350
5441	79035
5093	6625
4332	5657
6129	6139
9700	151648
3675	375790
1555	1577
7783	11085
4172	5422
27241	166379
8453	89910
2185	5879
11100	11338
3673	3912
1457	9918
4710	4728
9493	51014
999	1942
904	25896
2033	10498
3434	55008
6181	25873
3838	22974
3695	8516
5516	5529
1650	6836
7478	7479
2197	3921
8329	85236
6233	55670
8128	8703
6139	6160
6189	6222
3490	6696
8945	23014
6602	55193
1058	11004
5725	51692
6208	6228
1524	729230
5347	9793
991	9787
6176	9349
1329	1340
6122	6204
6204	6227
3687	8514
226	7167
9378	54413
993	7027
5660	84061
7178	7311
5869	11021
5439	8896
55168	219927
4175	4998
399	9411
2521	27316
5310	9727
6161	6168
6142	6193
6138	6167
522	84833
1347	7388
6164	6202
54509	445328
10394	56729
338	2262
996	5708
891	9787
51639	84844
6125	6203
9295	22794
4512	4513
2792	7434
3491	51280
2058	4141
6139	6168
8451	56852
6176	6224
54516	55173
6233	10818
1981	5976
2125	6707
5879	7454
10316	729230
6228	23521
6164	6207
5339	6205
996	23291
5093	10594
6124	6175
811	5589
5862	57403
3183	8449
26268	90025
6141	6176
351	83706
7336	7341
6154	6235
10484	56681
4125	5657
344892	390079
6156	6170
4686	23511
3185	51692
3912	10272
7316	91445
5347	9738
25804	27258
8924	10489
9045	9349
3837	9972
6132	6156
3761	3785
6173	6175
57662	144100
5777	7852
5879	375790
1314	9527
1902	7852
79172	348995
6142	6202
1577	54576
472	64421
27076	154064
1642	26094
411	153642
5093	10285
101	2040
7133	8740
6154	6176
5077	6663
6141	6181
6157	6189
2358	338339
3796	5519
4710	4724
10432	27316
51514	64708
6167	6194
302	3074
1915	6139
6233	9349
1994	51692
6870	56923
11187	64065
9126	79172
867	6654
5111	7027
2091	6188
6139	6204
259290	259292
6185	29927
1299	50509
3797	10112
9716	10921
3066	9014
8089	54556
6136	6204
10561	55601
6625	10523
6144	6207
6152	6235
6233	9690
6129	10399
4707	4725
8565	123283
1662	10528
5529	22919
5546	10262
6631	11157
5438	6827
51602	84946
5695	6500
4116	6170
864	3683
6139	7311
8945	64682
4173	84296
64951	64979
4069	5657
6426	10250
899	9700
5437	23248
8453	51122
3190	23020
7514	23279
6169	9045
6147	23521
186	4988
9371	10749
1994	5725
5439	5901
6189	9349
6139	6156
64976	90480
5422	55388
6626	10523
6194	6228
10540	57545
680	846
55127	79954
9730	80067
3849	319101
3853	3868
9221	23160
1515	3113
22984	23160
3978	7874
988	3066
6164	6193
6167	6204
10949	84991
1909	2922
1452	6500
9887	23381
5426	8914
8347	8365
8688	54474
9055	10112
9372	25930
6138	6205
3884	3885
3921	6128
3106	3134
3837	57122
5430	6601
8349	79101
5903	8563
4904	6631
5335	7305
720	3426
8349	8365
2968	9533
2033	8467
2790	5579
10713	23020
4173	7298
91147	121441
2023	5223
6125	6230
6122	6130
4221	11168
6500	8697
9631	9972
56729	126014
3157	4047
5870	10890
5929	8945
323	351
79172	151246
10489	197131
2151	3356
974	5336
5725	9879
1605	375790
3912	3915
1946	2268
4695	7388
7175	23511
122876	594857
6152	8666
891	6249
4509	4536
4172	10714
1660	3609
23327	51088
6154	6189
5707	7316
4088	23327
7311	11059
846	51289
728	5697
1213	6233
1937	6175
5111	5982
54148	56945
8175	84811
637	8626
9793	55755
6176	6217
51382	222487
831	5829
991	10112
1292	3688
940	8516
6147	6189
2626	4089
9690	84231
6175	6176
1084	338339
10952	11224
11051	55660
1781	11014
8573	57669
1933	6189
6223	6727
6232	6233
6209	6223
6176	6228
2683	5660
3937	7305
6170	6173
3320	9844
5747	9844
116	2740
6181	6208
9833	24137
6137	6232
28973	64928
6169	6189
10902	54617
5861	51014
4904	84950
6142	6206
8337	8365
6122	6222
5624	10232
28973	54148
6203	6231
6132	6235
9742	57560
60560	80218
10592	259266
63891	79876
5977	8289
23244	57082
4174	5424
6234	8666
6185	7184
9730	142686
2358	57153
6130	6175
6181	23521
5861	11014
4535	4539
3832	6241
945	3689
6223	23521
57405	79172
1738	6470
1453	6229
10274	151648
10331	200958
5430	10250
2197	7311
7153	57122
7311	10111
2237	4171
8349	126961
6133	6209
89910	90293
4947	5708
57599	57804
1902	2185
1398	5781
23587	55140
54620	84231
23042	23420
9793	84902
7514	23244
4057	57554
5898	10640
6430	220988
8881	63891
6130	6233
6144	65110
6130	6218
397	5880
1350	10632
3157	3422
6146	6160
1111	23595
55	154664
8365	653604
338	3827
498	7384
1337	1351
3106	6890
2801	2804
6698	353135
1969	3055
1783	5516
6137	25873
4541	25915
5433	22794
7175	10250
2792	5145
81697	344892
197	350
108	797
56923	259292
6135	6189
9477	9611
5528	8243
2801	11014
11325	51690
161	8650
5702	5706
5880	7454
6158	6161
522	4713
1902	63940
3184	220988
9972	23279
6037	8635
3123	54331
5822	10171
4599	8638
521	29796
6629	10189
3148	8125
6133	6206
9320	51132
945	5023
6176	25873
3329	9804
6160	6206
3174	6927
221	5328
6307	50814
23028	23186
9184	79019
4736	6230
2521	10236
4540	54539
5565	51094
2792	343172
3074	5476
521	522
6128	6143
51465	55008
3006	85236
3448	3456
10425	136371
6122	6161
6176	6210
6128	6139
5558	10926
4538	4700
6631	84844
399	117289
673	152559
3683	3688
3240	56729
7311	23049
2784	3763
9136	23016
6173	6204
4538	374291
53829	57413
5589	56975
4582	10331
6156	6203
6194	6202
10051	64151
3837	5903
23295	54620
3866	3875
5708	7415
1347	4726
9133	55355
3221	3222
3015	8290
3685	3912
6047	23291
3909	6385
10102	28973
673	5566
9636	11274
4508	4513
6188	6207
87	7044
1994	10236
8648	9282
1778	6249
9002	55970
6201	6206
2064	2886
4509	4538
6144	11224
28981	64792
51187	55341
3352	5540
6201	6218
5715	11047
10885	84172
4582	4585
6429	8175
5067	137797
3764	10060
84231	140460
10142	26123
7321	84962
6631	11017
641	5424
5869	6453
117	594857
6139	6203
51143	57405
919	3123
51280	54972
6136	65008
5528	9700
1908	2865
6774	9021
966	326624
932	160364
8729	10959
6183	84545
891	51433
6122	6205
23168	56254
6152	6173
1355	4513
1289	5118
1946	1969
3303	3320
5660	6376
4670	51593
516	4714
6203	6206
5351	8985
28957	64928
53981	85313
58506	130074
6161	6210
3685	5747
1829	1832
23283	55339
6144	6233
6132	6229
111	1812
23304	23376
6141	6189
57405	79019
5516	5707
8563	84271
2957	6602
6631	51639
1915	6201
6146	6189
23322	57545
1610	4843
6168	6173
393	11015
6147	6227
1394	4160
2692	2838
6136	6201
1457	1857
945	3685
9742	26146
84418	100049587
545	6233
6154	6233
7326	26259
9276	64837
8976	54874
23122	348995
187	5196
6429	10250
187	56670
2475	6654
1956	2247
7409	653361
3685	80781
6129	6188
5558	5983
1173	5869
905	5431
6176	23521
5708	51330
6161	6207
10952	90701
3062	64106
6155	6175
6154	6167
673	55750
3109	3123
65003	219927
26190	140459
5004	5005
6167	6203
6142	6176
10445	26168
6129	6228
3676	5829
1956	3084
9039	200845
4809	6206
3115	4261
10140	25904
3430	8638
8581	154064
163	5869
3066	84289
4713	10975
516	401505
6228	9349
1439	5568
6428	27339
7124	51330
1431	54927
983	10657
84131	347240
8976	55971
10465	84844
10946	51362
3918	375790
6141	9045
23521	56915
1062	54821
891	5515
51010	88745
51645	55339
5584	6714
6147	6164
1781	51014
6133	6210
9277	79954
6157	6224
7514	23332
6194	10399
55131	64794
56923	259287
6885	26523
56902	88745
8449	51362
6132	6161
6208	27340
6138	6154
9411	29984
8655	64792
3091	5707
4695	29796
10413	25937
1605	3915
5725	9343
1605	10298
6129	6168
1822	1911
11176	79595
187	6370
7328	23608
3123	3127
51118	55299
6233	22848
6232	54820
6129	6144
6156	6201
3115	3127
1453	80097
11127	64837
2358	170482
3192	7536
6146	6203
3683	64386
6173	6223
3199	8338
3191	55749
7846	150465
2033	10735
7525	9844
6599	55193
3672	3912
7316	10920
8449	51645
90480	116540
4712	4726
64928	118487
2060	50618
1650	3920
6206	6227
7110	10618
4536	4537
6139	6170
6136	6168
22803	27340
5701	7979
2359	5196
6164	6201
6139	9045
3434	9636
4691	23160
6175	6202
1981	6160
5718	6790
988	10592
6229	23521
6135	6175
3852	3853
54998	64979
133	79924
10802	10960
23511	348995
2625	3169
701	9824
6161	6165
335	350
6502	56658
84128	84946
6168	6224
3301	10808
6167	6209
4519	4723
3915	11098
6164	51187
10332	30835
83666	151636
387	50649
3655	3688
1778	84902
79090	149111
1933	7178
1910	6863
1233	5473
56949	91603
9793	23244
1650	6184
64951	64983
6143	6222
506	29928
2932	5526
9933	10153
1783	24137
2033	6667
6176	6229
7317	22888
472	4361
4695	51079
705	51602
4141	80222
9044	55814
5700	5702
8697	23291
22794	23398
1386	6602
6170	11224
10240	64432
521	55028
705	83732
3433	4599
886	2922
5707	5708
72	58498
683	932
152	5580
6158	23521
6144	6154
4116	57819
2740	5746
119678	344892
6143	6232
6203	6218
4839	6156
10652	11014
11145	122618
4771	122786
3071	7456
8453	65264
6160	7311
25	5159
6147	9349
2197	6209
8334	8337
6156	6209
6230	63931
302	10577
6184	58477
51143	348995
1509	124583
10528	55226
23225	79833
6222	7178
64682	89890
3122	3662
3856	3866
6122	6206
219968	285093
10199	56902
1983	6133
287	10121
29093	51264
6836	29927
1499	128239
2244	2266
1460	6015
55766	57459
5347	6232
6124	6181
1329	29796
3320	84962
10199	11102
4736	6222
10524	54107
1233	5196
389	2064
6224	6727
5688	5715
7388	29796
55755	57787
2205	2206
846	5737
2801	5862
1537	4726
6133	6158
6714	8976
6133	6160
26091	65264
890	64151
890	51203
4540	25915
25885	55720
4709	10975
9439	9967
6122	6208
6850	64170
6130	6138
6750	6754
6429	84950
6169	6231
3640	5443
5529	81930
5928	57690
4540	4541
1738	4719
1778	11014
1060	348995
1103	162466
4599	51191
1794	5880
9631	55100
6147	6159
6036	8635
3921	6152
7337	9320
6429	9295
351	27242
10250	58517
9742	23059
126638	353135
6133	7178
1362	3482
6223	9349
3183	6434
6201	6209
6129	6137
1994	10285
6167	6201
10802	51014
6139	6210
6233	158506
4712	4728
6171	6173
2932	23291
11167	84141
388	7409
6201	10399
1933	6128
6152	6165
4172	11073
2810	3918
5725	84991
183	259287
521	4724
6125	6135
64108	347168
6154	6228
4736	5339
1453	6201
3396	51649
6161	6193
6139	6218
11338	23511
6134	6228
4436	23028
5435	11325
5880	9844
55142	203068
22826	57819
6222	6233
6130	9349
3673	3691
9655	55832
5724	23650
10489	51343
699	151246
6169	6207
1783	6232
2079	6637
4751	259266
6234	11224
2788	2864
988	10540
3882	8688
6144	6155
3191	10236
226	6678
29079	85441
88	2890
3456	3665
9787	55635
5684	5694
6047	9604
409	90019
375	1314
1727	203068
8638	10379
27089	84833
639	3662
6147	9045
6205	23521
26190	65264
3688	6709
6233	54363
160	1601
6950	10694
9727	55770
274	9341
3437	3659
6790	11190
389	6242
6167	6218
6202	6204
10236	51729
6169	140801
1943	2046
1063	55746
6160	6164
10946	51645
3903	57153
9875	27340
140881	245911
1308	3918
4670	9128
4295	5020
1033	9232
4173	4998
336	2262
4237	4239
5516	5520
4292	7156
983	51143
79600	79867
183	3357
636	22930
5983	63967
10274	23122
7311	115548
3685	6518
9306	9655
6194	7311
55168	219402
5557	6118
6667	23248
5931	7862
5753	10657
2033	27327
2535	5599
83743	84172
6128	6224
8698	63940
4713	7388
24137	64837
1173	29924
2888	5584
7020	284252
197	338
189	26061
3638	6721
3685	7525
84085	200845
6363	10563
11103	84916
54820	55143
890	11339
6223	55272
2913	84539
3713	6699
7852	9564
1211	10093
8570	10657
6167	9349
11224	65008
10376	84617
1983	6234
114	2492
6156	6164
1478	9128
3937	7409
6136	6224
8453	54165
1915	6232
6150	54948
6125	26135
23160	27340
10713	53981
9700	23122
4867	9657
623	2861
6137	6168
1329	55967
55339	55749
7003	8463
3897	57698
2204	160364
9700	10615
3619	11004
27229	55755
6135	6156
320	5864
5695	5706
5516	79172
56902	79954
8886	55720
9870	22954
1062	11004
6229	7311
26146	150737
3135	3805
3017	6688
51692	55746
336	2243
8243	9025
6432	10189
1303	5033
4602	5432
6154	6234
1933	6230
2189	7398
345	350
890	7272
3655	3914
3934	54472
6170	6204
6169	6208
6678	7057
3015	10284
8655	60673
8365	440689
2767	29933
9126	9700
9631	23511
1233	6370
1495	1499
1548	1553
23332	79172
705	56919
6128	6170
25909	57551
2790	7204
5684	5688
553	6869
3433	23586
2071	5433
28972	90701
6390	55967
5575	8826
5880	8324
84163	389524
5695	9232
113130	151648
1329	1347
8853	11015
6227	10952
9055	22974
4985	6752
2147	3481
6711	8615
2521	6626
9681	10641
6155	25873
6187	10557
7514	57551
10153	22984
3178	6428
3191	220988
1915	4736
2525	10331
932	338339
6138	6194
6128	6147
3185	4670
84464	201254
6993	8655
6228	9045
399	4983
9045	10399
4712	4724
5685	5700
2623	6886
2672	6688
3672	3915
23601	338339
1022	4005
3133	9871
6396	10641
2206	3702
1365	1366
930	973
23327	79176
54998	128308
2491	9793
6139	6165
50831	51289
783	2784
10964	55601
5393	6138
2932	5516
2071	6873
23397	55143
932	10970
2197	6181
55781	134430
1981	2197
4540	4713
5149	388531
10155	10780
3303	9531
4141	6301
2072	51426
2537	3437
55052	118487
6430	8175
6147	6169
27258	51503
10540	57511
285093	391211
933	974
552	6866
1915	9045
3491	11098
24148	56259
6124	6141
6128	6233
55339	84271
3115	7535
10466	55275
23224	23353
9126	23063
8514	11314
4116	6218
27	10486
6672	79097
5330	29933
8329	333932
1022	55840
6636	8683
6158	6176
4641	9371
6205	51187
3190	11100
26470	253982
3313	9093
5878	7037
9883	10898
6189	6227
963	5795
6159	6203
1495	4301
1915	6204
3685	3903
8648	9439
2197	6134
1910	3827
6137	6205
64386	84329
10022	259293
10489	221687
6155	6201
2533	3937
6428	220988
2521	3183
2187	7398
5439	9978
6170	6234
9416	10921
1937	6229
161	26130
55388	81620
5741	594857
6117	56852
8945	80204
4707	4726
9184	23047
3688	7052
287	6326
1269	56670
6152	6194
999	4072
6158	6189
9371	24137
23160	84128
830	10282
10053	152503
6209	10952
6872	83860
6168	6194
1983	6175
5436	5439
2268	6714
7305	100049587
7132	10616
988	64425
5903	9631
4695	4710
6156	6189
29984	57449
26046	53339
3833	9212
4710	51079
2965	9646
3914	5829
6667	6670
6205	6208
7311	9045
54474	286887
6788	60485
9436	9437
6280	6283
5868	7879
5980	6117
2491	57551
6138	7311
10952	58505
109	53829
56852	57599
4617	4618
3486	3491
5869	22905
9371	10112
6168	9887
8688	8689
117	7434
9031	25885
332	9493
1650	58477
3675	3914
23014	80176
514	10632
23451	51692
5436	51503
84706	162417
6049	64682
1306	50509
6125	6154
1129	2912
22938	220988
7779	27173
6204	6209
10274	79172
6135	6193
1933	6176
6233	653604
3695	5747
4700	4713
6128	6142
5879	94134
6130	6161
728	6376
6147	6205
6143	6228
4539	55967
8351	653604
7337	9867
22954	57542
51023	116540
5878	10552
1783	9371
1994	3192
7919	10949
1668	728358
4700	4726
6228	10399
1291	3673
1069	10383
121504	653604
55339	348995
10112	10749
4691	22984
3312	10576
5822	23160
6201	51069
8321	8322
23586	55601
2048	8976
8317	84515
57154	64750
4116	6169
133	2790
3200	8338
6150	55052
55127	84128
6143	6223
2197	6176
22919	51143
6135	7178
1285	1286
5725	220988
11065	64151
516	100188893
3106	5696
6143	6181
6158	6194
9533	64425
1778	5529
8602	84172
1398	10458
177	351
722	725
8615	9570
6122	6203
6156	6173
11073	63967
3055	6503
55759	84549
6194	6224
6133	6137
3675	3918
6129	6164
6137	6233
6138	6173
3482	4905
2840	84634
988	5903
6128	6156
10465	51690
973	29760
7343	9112
10914	53981
9833	11065
3111	3123
6173	6209
6167	23049
3111	3115
11316	55850
4508	4512
1121	81846
9045	23521
3980	6119
705	23560
10376	203068
6134	6193
1605	3688
684	4939
3797	28981
2962	56949
3978	4176
1277	3685
6188	6201
3937	5788
5562	5571
6124	51187
6193	6228
10898	23165
566	4332
6125	6136
29127	55165
399	9138
6165	6181
7913	9014
988	4999
6175	6204
5519	51400
2788	55970
1364	100506658
6159	6170
1062	79172
5339	6133
6137	6228
8945	51684
727	259287
5929	23067
6157	6229
22918	79895
3887	3892
2147	2244
5579	5583
7454	10787
6729	23471
6223	51187
6124	6224
163	8027
4512	4519
9416	51729
3886	121391
6229	65008
5500	5516
9277	84154
10629	51616
6233	8976
84727	122769
636	23299
25937	51421
5432	79577
23397	56992
5516	9183
3190	9128
6130	6209
11329	55233
8945	10075
6141	6143
9557	57804
4116	6432
4709	4725
4509	4540
5896	5897
4259	8836
3688	7045
3109	3113
2790	2837
1292	5351
2920	3569
6138	6234
6144	6165
1660	9343
6201	6223
2209	2268
6138	6139
29777	88745
4718	29796
6235	9045
7428	10425
1062	9276
6157	6235
23279	81930
1981	6189
3619	81930
988	9533
57521	389541
10112	11113
5862	8548
83443	84844
4513	4537
6132	6138
988	79595
336	4547
6122	10399
6170	10952
6142	6173
1933	23521
1268	10803
5430	10236
8829	10512
1347	4700
4173	81620
23322	80184
10623	112495
1994	11338
84131	203068
6122	6133
3856	3880
6167	6189
1756	284217
2633	4938
23404	54881
1660	55749
6155	6230
6147	25873
8454	9690
5048	121441
189	9380
5094	9343
1576	1577
54751	83706
1991	6037
6144	6204
1500	4233
6139	6159
54821	79172
1937	6134
5590	50848
9934	27199
2322	6688
6734	58477
6160	6207
6137	6158
6155	6222
6829	55726
10092	10109
26589	28998
3915	5954
988	60682
6164	6206
10254	10552
10240	78988
6159	6160
5196	11251
64151	157570
6143	6147
6137	6201
9793	113130
6133	6165
10576	55135
5869	7316
3362	3640
22954	89910
344892	390275
4700	4708
4853	10046
6134	6139
10749	29127
6204	6223
9212	26271
1933	6205
671	3240
6175	6229
6207	6234
9879	23517
5878	23011
302	6281
3364	5810
57531	90025
5451	23248
7531	81565
9655	50813
9320	57542
274	8853
1991	4069
6160	6234
54552	55720
6139	6167
351	1524
2696	53831
1329	4726
26046	84085
6142	55272
6204	23049
8689	54474
8760	129642
3915	5621
6154	6206
9700	23047
6129	6193
1453	6204
1969	25791
6168	9349
351	2841
6142	6189
10193	80204
6631	57819
5286	55361
1956	5829
7536	10250
5071	23352
4736	6138
5872	8766
4176	4678
6138	6229
6146	6235
2197	6146
53981	348995
919	3122
7314	7334
10121	11070
6518	84329
23014	142689
84962	126374
3797	26146
89910	115290
567	6890
6164	6224
9553	219927
6130	6232
26232	55527
6218	6228
7536	10772
3685	3915
6230	23049
6129	6160
7311	8290
5880	9138
5435	5441
5880	94134
1763	55388
1832	3728
9277	26155
6167	6168
3430	3433
226	5315
6194	6234
3054	25942
1894	10112
27044	55750
3190	23435
4584	9245
462	2155
6144	25873
5985	56852
1933	6168
111	9283
984	54801
8356	440689
6128	6209
377	9371
5707	64750
6176	140801
6175	6228
9675	57521
3184	4670
10236	23020
6189	6223
26268	57531
6997	10637
2919	2920
3190	10432
6714	375790
6616	8673
6208	6222
4116	6146
9126	25836
5700	5705
1981	6208
5451	25896
5972	10159
4233	7311
1431	2747
6164	6168
6129	6173
2956	6117
988	55660
6133	6139
988	9774
5528	57405
6155	6210
25897	27252
3692	10969
11102	55720
10663	51289
6181	6222
1500	1956
6154	6201
7414	8993
3009	3024
7314	9978
1822	57504
800	10398
10592	64151
6159	6169
7272	10615
580	10635
5048	23322
56852	57804
1937	6189
891	54908
25942	51317
2064	85440
5725	55749
1981	6223
54885	152503
8697	11059
917	29993
1536	338339
25929	79084
51650	64976
3091	84962
2243	51156
1536	2204
6207	6233
5591	9025
9984	79869
10594	55234
57082	113130
10254	51652
6156	6218
6130	6205
2817	6385
6156	6202
6152	6223
5694	7314
1362	9698
10084	10992
580	1111
6128	10399
55832	90293
6189	6233
10236	10594
332	5501
7311	440689
4599	91543
6122	7178
9025	9656
1495	5584
55168	64432
6176	6202
4718	5284
57405	220134
1855	7311
9656	11073
6169	11224
1364	1366
8189	11100
4998	84126
6135	6207
8514	57153
4582	50614
10592	23310
6201	9349
7311	158506
3111	3113
701	10592
6142	6167
3912	11098
8085	9757
6132	6142
6129	6202
6234	9045
8697	9604
4809	10465
10075	23295
84085	197131
1508	1514
6208	6231
9343	51729
5422	5425
1315	9371
6143	6231
6164	6223
7311	23521
6170	140801
2912	3355
1292	5352
8334	8341
5878	11252
4033	10970
6136	6160
5435	84844
9870	64219
6137	6167
2122	8535
11343	57552
6144	9349
6189	11103
57154	151636
6141	6202
26190	51122
3156	6307
9787	24137
25926	117246
335	2266
3903	84329
1639	29127
1812	51764
3619	55055
4125	6036
1793	3071
6229	9349
57511	84516
6059	55720
5985	83932
4513	6745
23332	57122
9742	55112
10959	222068
5528	23279
6147	6234
6194	23521
6222	6230
11274	23586
25978	51652
6631	51503
5529	51143
3685	5829
1738	8803
375	10959
6500	7314
6142	6147
8775	9871
6135	9349
26146	28981
5768	11167
6189	65008
6891	6892
6161	6188
6601	6602
2798	10886
4736	6235
3433	91543
5119	9798
4599	4939
10523	11100
4830	4831
26232	93611
6204	25873
9320	84085
4540	4716
6159	6209
6168	6229
4172	84126
4514	7384
9349	140801
1088	338339
92170	503542
2932	6790
65264	89910
1816	3973
3913	11167
6160	6229
3191	9987
4670	27339
10671	26286
427	2581
10153	51602
23511	25929
367	8349
932	3685
1329	4713
10970	54972
6136	6218
51069	51253
6171	25873
79682	387103
4585	94025
26586	51203
3683	84329
7335	55905
974	1445
6161	6164
1994	9782
2782	2784
6385	375790
1660	10523
5160	5162
6731	6745
3192	51729
6165	25873
55720	84154
3191	10432
3619	10735
2770	5599
3214	3215
2197	6228
6203	6204
10403	64151
1500	55740
6049	8881
857	3688
1994	7536
1911	6045
1302	1306
1387	5469
51510	51652
967	25798
2147	3827
10926	63967
79172	113130
6170	6203
988	29127
3827	4295
5707	5717
6147	6235
1063	9793
4999	84515
2935	6157
3184	55749
5931	6839
3157	4597
6138	6230
6224	11224
51003	400569
3214	8338
6205	6206
9126	11130
6168	6205
1511	4353
1983	6122
3107	5696
1991	10394
2197	6125
4514	4537
988	10574
3491	11167
7472	7482
7082	25937
1781	7531
4537	4539
6202	6218
5701	7316
891	1062
8648	23389
6169	6203
4867	80184
10250	22794
7381	29796
6155	6203
6137	6154
5439	51639
5434	9070
391	8503
3107	6672
3191	79869
2917	27199
3191	23435
10933	64769
6157	6176
6241	9700
29933	55970
8467	79595
6230	6233
5438	5439
11102	84946
377630	401447
5023	326624
5082	10574
9933	84549
1453	4809
8970	85236
2968	9014
9277	26168
1855	81839
10256	54845
6700	353132
3888	374454
4993	344892
6143	6189
4172	54107
55720	88745
6193	92856
4998	6117
1962	7311
5717	6790
4670	11338
6159	6227
3190	4691
2957	51616
102	1088
7311	10818
5865	23011
8916	9039
891	1783
2177	6118
4948	7299
6907	10013
988	22826
1398	3071
521	7381
6141	7311
51	7311
3113	7535
6206	6217
55832	57542
1576	2326
5589	23193
1783	25839
5879	10458
4116	6164
51143	113130
2837	5331
6125	6228
7341	129401
8697	8945
6156	6176
6168	140801
51079	54539
3122	55824
54577	54657
5434	27238
133	55970
1303	10536
5493	6699
2918	4985
1933	6194
10274	10403
6207	6229
102	3915
51728	79622
797	7252
1352	3052
8329	8347
6635	6637
1662	9136
727	10022
9212	57405
472	84464
5290	5781
158506	285231
1944	1945
1781	3797
1659	51503
3119	7535
4713	29796
6157	6161
10075	56658
6430	10949
6138	23521
7139	7431
1329	7381
8723	146754
138803	344892
3836	3837
10970	79895
8663	9669
1778	57545
6147	6176
10075	26268
351	6370
8945	115290
23122	113130
6136	6141
4588	140453
1129	5733
27340	55720
6453	8322
813	1435
3561	5599
79869	84248
2207	160364
2305	9833
6202	6224
6210	7178
6518	10857
51088	51122
6147	11224
2719	135152
4540	4710
2788	5294
6688	7805
3912	54972
8514	79895
6205	6224
1660	23450
6207	7178
3181	11338
988	220988
6122	6144
3675	3694
51071	126133
7316	83752
6801	7871
3921	6155
3646	8667
4839	55720
4514	4538
4670	6626
10575	22948
6202	6227
6144	6189
1108	2033
6128	9349
3659	7706
5868	26130
7311	126433
5433	55660
2642	4922
51642	78988
161	5869
3185	23283
6137	6159
5266	6707
1994	3609
9887	25873
6122	6155
5781	259230
1956	55914
3191	10949
9377	29796
4724	7381
6205	9045
6128	6167
3178	7536
4701	29796
2994	6005
6130	6176
9739	84444
726	831
1778	5707
2967	51755
6203	6232
7317	9820
6158	6175
4519	4538
6203	6235
5094	23020
1915	6159
375	22820
5878	54885
6144	6161
23218	196527
10155	79943
1364	1365
4116	6167
1915	6142
9801	28977
51362	55339
1431	10452
1287	3673
148	886
6128	6181
374	2065
1774	5199
116	4914
813	3569
9113	154810
121504	126961
6133	6146
5684	5706
2847	10563
2967	9014
6204	9045
6428	7536
6155	6160
506	4508
3479	7044
5430	55215
6426	23517
701	113130
521	4726
83597	403253
3055	9564
399	10144
55737	58533
1727	387263
4725	29796
6625	8189
9276	10427
6218	11224
4736	6229
5697	6376
6203	6217
4700	29796
4512	4538
4696	29796
6235	27340
6142	6232
10112	55635
22919	55055
80740	171169
55166	79682
11100	55339
6128	6201
3684	3687
1994	4670
51593	64859
10693	11328
5347	22974
991	22974
3672	3688
6637	27258
1236	2841
4343	27327
6167	6230
6147	6206
6124	6147
6877	6908
1943	1949
2623	10661
2691	59350
6159	8666
6194	6210
4539	126328
245937	613210
3689	5023
6176	6218
6635	83443
6122	6229
8317	23649
6233	140459
1062	151246
3689	7305
6128	11224
983	11130
219965	285093
6157	6159
7919	23435
4809	8926
5422	79892
891	151246
1937	10399
8615	9276
1111	8317
1287	3688
1280	84570
6156	140801
4886	5733
65008	118487
1737	5160
3655	375790
1453	3921
293	498
9790	55127
1956	8976
4710	4713
2177	84126
3553	11213
988	4998
5929	6872
4726	9551
1994	3185
4535	4540
695	7454
3579	126006
1604	54732
1660	3192
3921	6160
3433	4940
5434	5931
6141	6147
9918	259266
6141	6142
9350	148738
4694	4707
641	6118
51592	64682
6223	6235
6203	6207
8356	8365
6147	6209
892	9477
1559	2327
6154	25873
1994	8570
6167	6727
9833	64151
2099	9687
126	9227
3690	5908
9276	10959
51081	51649
144699	154881
28973	64432
1511	5657
5534	151987
2197	6230
2033	5451
10466	10540
6135	55272
983	4288
6432	6628
6143	25873
3880	4072
6155	6193
9126	9793
3881	112802
51118	83732
3190	10657
6144	6160
6210	6234
4927	9212
1783	11316
10383	84790
6136	6170
867	50618
162	23431
5338	5579
55970	126006
6944	81611
50813	84727
6152	6175
8667	26986
8638	10561
81	5868
6428	22826
3683	3693
6136	6209
988	9319
6209	6230
5928	22893
332	991
566	4125
567	3140
3192	79869
213	5340
3115	3122
4538	29078
3832	5422
4116	140801
4736	6144
5434	10594
22954	64219
1329	4701
1937	6130
6233	143279
8329	8334
9739	55904
156	55970
51289	259293
4116	4904
6136	6235
3655	6382
6233	22954
6152	6168
6210	6218
4998	6118
1933	6152
813	11098
25827	115290
55166	387103
1445	7525
1337	29796
5931	79019
10199	51602
8976	55243
2962	80004
5311	9727
6155	9045
5931	8314
983	3832
1395	79924
9341	22905
5284	55004
6210	6727
117	2792
6222	8666
262	4953
983	26271
51069	55173
4712	4718
1287	5155
1660	5725
3191	10285
57479	58506
3183	10921
5111	6117
6133	6161
27198	338442
22995	146057
6235	10952
64219	65264
3055	5829
2274	6281
988	53981
5984	23649
27089	29796
6181	6206
10885	22803
1783	10112
9070	80335
7153	11004
3192	6626
7316	54677
2932	5714
3422	4597
2767	64407
10920	26263
10389	84108
5898	10890
378	11014
4033	4257
4172	5983
4541	4726
6747	84061
5335	10920
920	8976
6170	6727
4171	4176
6279	6280
5795	55754
2841	55970
2207	2212
10489	23295
150468	259266
8065	83737
2847	6752
5519	79172
6222	51187
988	6950
915	286749
6049	23304
1639	10121
8087	9444
6124	6168
5021	5332
5111	5425
2147	2243
3437	10561
4322	7373
11059	23291
3577	6374
3915	375790
6147	7311
8449	27238
719	58191
9183	57405
4332	8635
983	219771
389	64333
6175	6208
5869	10890
5179	283869
4690	10152
890	9133
389	55843
1314	9632
4733	51389
6426	9782
1781	5861
1133	7200
344892	390066
6714	57670
55876	94103
8449	10262
1387	9757
3921	6159
1783	6709
4512	4536
6206	9045
2817	375790
4176	4998
6307	51478
6223	11224
51143	378708
5516	55055
6500	142689
5429	5983
10970	338339
891	10112
1495	7082
26005	84902
6159	6188
6150	51069
6124	6142
51154	51602
6223	6229
7272	11004
7314	7415
4540	4701
1933	6147
715	716
389	114793
57405	113130
4076	55226
26091	64750
57530	100506658
6925	6938
6605	9031
7272	9833
4535	4536
10022	339403
3437	55601
6160	6203
3309	9601
9493	10540
3071	7454
6209	6229
6175	6205
8322	54874
830	55604
6141	6170
51433	136371
4361	10714
8648	10498
1737	5162
1453	653784
643	50865
6129	6133
2633	5371
6147	6156
2740	94235
23067	57690
6429	10946
5516	10213
6135	23521
440	2058
55143	113130
8329	8349
988	8449
9820	26268
8347	8969
133	2863
332	9787
6217	27335
1063	81930
6130	6135
4171	4175
1022	5432
999	8907
6136	6232
1660	9716
6155	6218
6142	6218
779	27091
4176	5983
332	54821
6136	6229
1830	3713
3915	10970
3107	3133
23014	64410
6202	6233
22954	26190
1595	51478
1981	6168
4312	4314
8775	10618
3560	3718
1956	7039
57551	79172
26091	57542
6201	6231
6234	7311
2692	2843
1857	27130
2033	8648
57107	116150
9716	10713
23011	51715
4171	5422
966	79090
4540	4696
336	5948
79023	129401
6124	6139
5476	5834
3066	6045
5781	7525
1133	8477
1325	6752
1738	4191
6173	6235
10693	84617
6233	51132
2177	7398
1660	1994
25942	57649
9904	57647
6164	6173
2099	7031
54856	55870
55582	55614
8648	96764
9730	10075
813	1462
3429	8638
5627	10461
695	971
140458	285231
25926	51096
4707	7381
6181	6218
2959	6883
1645	1646
5093	10181
3429	3433
6159	6173
9459	29984
6491	259266
79339	344892
2064	5364
5093	6428
10523	10594
8875	55350
1108	3094
6129	6141
3192	10921
3192	10594
1933	6204
3178	3192
2033	6872
2048	3055
6142	6205
6224	140801
5519	5781
9570	22872
6208	6218
6204	7311
9128	9879
3339	6385
1062	23332
1938	6122
55770	60412
4708	4709
1434	7514
10272	11098
6498	64750
6170	6229
3832	4173
26043	55666
9349	11224
1277	1292
3619	51203
6160	6188
1956	54206
9738	203068
5435	9978
5298	8394
3882	3886
10248	10799
718	5036
1081	7252
988	10403
8655	79003
10199	79954
6135	6224
10975	126328
8689	121391
595	4609
9968	23186
1650	55754
6144	23521
1994	9343
336	462
10907	51690
50832	54429
9601	10130
199675	338339
5982	7314
5725	11100
2042	2045
6128	23016
5394	5822
64976	64983
1161	5887
2804	10945
6502	200845
7454	8976
8945	55832
2832	117579
6155	6209
10199	55131
5985	55215
23291	89910
6201	25873
4707	4713
6132	23049
6235	23049
9318	26224
4712	4725
6202	6234
8945	90293
1797	93643
3797	10749
6224	9349
6129	6130
5393	10767
5371	6672
10594	11100
6135	6170
3833	9793
4926	9793
1277	22801
6175	6222
3214	3216
9276	22820
5777	5806
10053	130340
2197	6154
2535	8324
641	7316
3620	169355
55970	63940
6464	6850
3113	3127
8886	56919
6233	55669
3909	3914
1856	5528
87	3688
6137	6222
55143	220134
1453	6234
8648	9967
6206	25873
51320	200845
3007	3024
23165	51692
3101	64841
5829	7525
5562	10325
4116	9349
6143	9349
7203	150160
677	56915
6133	6201
10236	51362
916	940
26224	84085
6160	6210
2353	2354
2914	3350
6139	6229
4736	6223
3190	51692
6173	7311
6156	6167
6181	7178
11321	79871
6626	11338
10802	51128
9508	57188
6194	6235
54663	84365
140807	319101
6208	6229
5501	57551
5438	55954
3084	5781
963	1536
2935	6122
1063	9700
10298	375790
23511	55746
3799	9585
9076	100506658
5347	29127
6152	6160
6233	26130
5345	7076
6877	51593
7057	56999
6204	6218
10427	22872
394	7204
126638	147409
6147	6232
945	84418
6152	23049
3856	3875
6202	9045
580	2177
701	3832
5983	7156
1717	6307
131873	256076
2197	6232
5394	55127
9329	10621
11222	57129
9436	259197
4539	4695
661	10623
10885	26155
23160	56902
51650	118487
6144	6224
6923	9978
9652	23517
7327	53339
6159	11224
4141	4677
9276	10652
6142	9349
4694	51079
23355	27072
2521	6434
1495	84962
1915	6138
6209	27340
3685	5795
3675	3683
8337	333932
6206	6209
6147	6228
3796	10735
23020	55339
6234	140801
1365	24146
114	259285
5707	6790
521	4700
9183	79980
9820	89890
9730	79269
4712	4713
891	1058
4694	4712
163	274
2178	2189
25936	100527963
163	6453
10403	348995
3351	346562
996	5707
6189	27340
389	30851
8907	23396
8886	79954
3181	22827
6165	6203
830	51014
4700	7384
64981	116540
55755	261734
10285	10914
6234	25873
3439	3665
932	3903
6227	6231
6133	6218
5822	55127
3559	8651
378	9276
799	1812
5422	54107
1937	4736
1495	1942
6194	6205
4691	79050
5591	9656
1741	22941
4540	4712
6141	6193
28987	51388
1933	9045
4710	4725
5111	5434
6133	6147
9014	9533
4353	5657
983	3838
6164	6189
87	6385
1778	2801
990	5983
8969	653604
332	79172
58	60
6128	6160
3105	3134
3123	4261
929	7097
6208	6233
4726	7388
56165	136991
5708	5887
6167	6229
1269	63940
3713	6707
11004	22974
4710	4718
1933	6175
1111	54962
10293	10425
6176	6227
2792	138883
23595	51053
5788	6688
9883	9972
9793	10403
6133	6230
4686	5725
5579	55970
4706	4725
11095	157869
891	9493
3015	5438
3886	8688
1445	5829
6194	6218
2243	3481
6164	25873
6430	22938
6125	9045
11052	51692
4539	4726
11102	134430
6169	6218
25897	55175
55127	84172
11116	203068
8976	22905
1908	1910
506	6389
1129	8322
1915	6181
675	5983
10949	23283
3192	51692
29889	84549
4736	6206
6500	9604
10663	259293
657	659
4713	9551
156	2863
9816	9875
3183	9416
991	29127
22984	64318
7311	143279
1994	51362
54148	54516
991	64750
11222	56945
3619	10112
5985	6117
6144	51187
4736	23521
7153	9700
1650	6729
2073	5424
6133	6232
10869	63891
1994	5433
811	7184
988	51645
6141	55272
3184	3192
2837	3358
4736	6193
344892	390061
516	51287
29945	90025
6164	6230
10112	11127
3684	53831
641	4439
6129	6165
2537	10561
6130	6141
23431	27131
10193	84085
2957	5433
5928	57459
3362	5443
2547	7508
4116	6635
699	83540
2048	5998
5985	10635
51203	56992
5558	11169
4528	10884
10803	50865
6203	11224
23326	79595
7164	152503
890	157570
10618	23431
10857	64386
846	3357
701	221150
1794	9844
3998	22872
3015	387103
79865	340205
6142	9045
4841	6421
6129	6154
4707	4709
6158	6233
1937	6124
51023	51649
10250	84950
6168	6223
10084	27238
9416	27238
5903	55339
6208	6230
51234	56851
79954	84154
2251	8823
8683	84324
966	3683
988	5985
506	1431
8636	11258
6141	6167
7412	388646
1452	5515
9318	140461
6139	6158
6203	6234
6129	6156
9371	23095
10121	80184
7337	10489
4724	91942
6137	6152
84231	197131
513	517
90025	158506
6155	6233
2204	79895
400	90196
6139	6234
3693	5829
5695	5701
3486	3569
8658	80351
54881	65083
420	58530
4175	51053
7456	10458
996	4734
4905	10905
23122	23244
813	10618
1080	4036
6139	6175
8463	10413
1462	3912
1994	3190
6135	6222
51099	79948
9462	153090
51693	58485
6159	6181
966	64386
51023	90480
1589	3290
8295	8945
988	5725
3689	84418
3437	10379
8729	9570
1829	2125
6155	6228
24137	29127
10900	284069
5434	6749
942	7525
344892	390084
6741	9533
7852	55970
983	26005
6144	6158
928	3688
6129	6230
9037	23275
9870	65264
2036	116986
26146	55112
79867	121441
2617	4141
5434	9533
1043	2350
7398	100526739
6227	6727
7153	23511
640	29760
5023	64386
389	1894
7531	10890
1737	8802
5430	6117
6144	6159
5715	7314
7862	9219
6147	7178
9636	23586
6631	83443
10907	57819
6809	9341
6801	8428
9416	10949
10632	84833
2185	9475
6135	6155
6272	11319
79600	91147
1555	1576
55208	136371
9136	11102
6161	6217
1595	50814
378	22818
6625	10594
6194	6206
6132	6224
4713	4725
3133	6890
11128	25885
6135	8666
6152	25873
3921	6201
3998	10959
10240	51069
518	9551
10075	84231
6167	10952
3921	6157
23223	79711
1000	1012
29984	55843
5903	8243
351	54972
2923	6185
7094	54845
10749	51479
1129	6751
5657	6037
3672	9564
3978	4173
3915	51280
5433	55339
1315	81930
23295	90678
6146	100529239
5422	6117
6136	6147
6185	57171
393	11014
1870	5928
6203	6224
6202	6232
1277	5118
4701	126328
3836	10971
699	3619
54657	54658
4710	4726
51362	51645
1292	8974
6156	6208
6218	10952
51593	51692
5422	7298
6159	6228
1000	7184
5599	9043
4495	4496
2305	10112
5693	5695
6141	6159
10615	56992
4713	126328
7283	27175
6218	7311
5707	51330
9092	27339
1601	9341
6233	23112
5500	151987
8886	25885
208	57148
5903	51692
57551	81930
5094	84991
10487	11344
3265	200958
988	3183
988	6602
10749	23046
466	1386
5422	5983
846	10022
6181	51187
64928	64979
6209	114987
9636	10964
6125	6233
4694	29796
6387	50837
8976	25977
51642	54948
26005	26123
64318	84128
3184	3190
8607	11091
636	5048
2769	5330
29945	57531
6206	6223
6141	56915
2131	2817
6218	9045
6383	10082
5433	6426
4588	26290
4537	25915
6137	6147
1660	57510
3191	23283
3351	4887
84085	154881
4736	6154
1642	8607
6159	6176
3836	22974
2790	55970
5424	5426
6176	6194
81930	259266
1956	3655
3853	196374
5434	10236
5903	7175
6209	23049
351	63940
6193	8666
3185	7536
8976	10458
26589	219927
917	1759
151648	348995
6129	6224
778	27091
26268	64682
5338	9744
6154	6204
6160	6232
950	3482
5094	27316
1933	6202
886	2846
4736	6161
3190	3609
5528	5702
1933	10399
6222	9045
9551	55967
10921	51692
3133	5696
1933	6144
5929	10238
11127	29127
4736	6167
10663	56923
4670	6428
516	522
2197	6235
9604	23291
4175	5422
28998	118487
6122	6124
6601	8467
164	10618
6209	6235
7311	121504
4131	5048
4041	6422
4254	7409
6217	6222
6188	6222
1290	1303
54620	80204
932	222487
6628	55110
6863	84432
2491	54821
6132	6727
372	9183
6156	6235
26270	93611
1717	3157
6154	6158
9844	10458
6160	23049
26046	197131
55142	146057
1576	54600
5879	50807
9700	79172
4809	6222
514	4726
1665	4686
9493	10749
1350	4695
3903	8514
968	5878
1290	10536
3191	10657
6301	23395
9793	54821
6156	6227
2033	7874
6429	22826
2262	2719
3013	8334
10527	55705
2932	5718
2207	8514
1116	1669
5829	375790
1634	4060
5204	10471
1292	1295
4540	29078
891	1022
1915	6124
695	5777
3422	6721
6136	6206
9793	11004
8318	54962
4540	4722
5829	23209
1314	10945
2975	9329
4712	25915
1557	1559
6142	51187
4116	5436
6173	9349
8243	151648
6218	6229
3304	9531
643834	643847
4686	50628
983	6502
11157	57819
890	10403
3178	3184
5331	27334
4514	4539
11113	259266
4641	10552
9212	51203
3688	7424
10161	257313
3549	6469
4889	6751
4957	55755
6176	6189
5501	25936
1778	10577
9320	22954
10965	641371
51154	55131
1942	2268
3308	55706
6188	6235
6453	29763
9493	9833
1595	2222
5529	7514
5777	80184
6133	11224
5265	7040
7153	7298
3685	10857
6139	6194
6155	6189
5903	23279
22954	23291
6133	9045
8453	8945
4288	7153
1605	55624
9604	9867
107	2775
1969	2268
6146	6167
6129	6229
4709	4726
6146	6147
930	974
1314	51272
23332	27229
6124	6205
116	5746
5688	5706
6144	6209
10282	22818
5529	5781
7343	10919
3635	5777
1398	3937
1395	2848
3937	7462
5880	27237
10376	150465
11004	23332
3866	144501
6868	7311
6147	140801
3685	375790
5573	23209
10075	54620
3191	10492
993	84126
680	4829
4641	11127
8581	10232
800	5829
6045	171023
3437	23586
2912	4889
5737	56923
6169	7311
3185	84991
6167	7311
1783	11015
391	55843
6158	6160
6128	6175
2274	284119
5903	54821
6737	146330
23283	55749
6154	6161
1981	6175
351	3912
3915	10298
6138	6158
6432	10946
5433	6619
7021	83741
4738	6635
4736	6155
10664	11091
8655	83658
3619	23279
1956	4837
54539	55967
2197	6210
9184	51143
6152	6234
84962	121441
10523	51593
6130	6223
8945	10489
5528	23047
9918	10592
4736	6189
6147	6233
6189	6207
10262	27238
740	28973
50835	259293
6144	6167
3827	5345
79583	79867
388	397
5795	6714
3066	84108
26589	51069
10324	201456
6167	6232
5982	63967
4540	4725
6518	326624
988	10657
10890	23011
2168	2169
8905	10053
5528	23332
8085	9739
29078	126328
5436	27258
3055	5788
3320	84131
6160	6223
5501	9126
10093	55845
4174	10036
9875	55127
5516	5598
7434	122876
699	259266
6167	6188
2801	10972
23091	29079
6135	6160
6159	51010
10733	347240
8881	26224
1292	55214
966	10970
3071	10552
344892	390067
2150	2863
1063	5347
2081	7494
3017	440689
1116	5005
23322	79867
6128	6205
80184	121441
2918	10563
3093	27252
6135	6208
11339	64946
2817	4035
2058	2617
4353	6036
6130	6230
991	55355
9039	10293
1778	22930
6202	25873
1000	56975
1942	1969
6698	147409
51684	80199
50835	56923
1340	1351
6696	84141
6158	6181
6147	6157
1116	4069
6167	6222
2036	4646
5440	80349
1642	8451
6135	6154
3512	100423062
2243	5005
1634	4314
8290	121504
6122	6147
6135	6152
11116	440145
5887	8450
6137	6164
3433	9636
8260	79903
899	51343
904	5451
643	10803
8886	51602
6141	10399
378	5861
8615	10802
2695	10266
963	966
51203	64151
23601	79895
28981	92104
6133	6142
11017	11051
6155	6223
4695	4708
6170	6208
9475	9826
1981	6154
274	51411
6130	6188
4088	25937
6124	6134
23223	79954
7311	54363
6146	6161
6202	6206
498	100188893
6167	6227
6159	51187
1994	27316
6144	6223
4689	653361
6129	6223
7311	64750
26531	344892
6210	6235
988	7112
3912	3913
22974	121441
6133	6223
2767	8477
6202	11224
55142	440145
1915	6202
2206	2207
5879	10552
5434	10084
9551	10632
513	9377
11218	23511
57082	79172
6281	79026
3181	5725
6135	6173
6124	10399
3833	56992
4514	4535
79501	285093
6231	9887
1937	6202
6141	6203
6176	6233
7514	22919
57674	151636
991	51665
661	112495
6184	6185
8334	8347
3185	23020
5179	9210
9212	83461
6618	79035
5547	10970
1981	6133
197	5005
7337	55175
3190	8449
2068	5424
988	4173
5441	7314
55872	64151
26155	84172
10525	29927
4033	5660
5903	9126
9183	10403
29984	445328
9700	10592
9277	23212
5426	10714
6232	7178
2767	5599
3718	7297
8329	121504
963	10857
11176	23309
6193	6227
9277	55131
2243	9715
4711	84833
3799	9493
4088	57154
115290	143279
4069	5199
8074	8404
8301	25977
5983	7415
6143	6157
5688	7314
8467	9188
2695	7434
9883	51692
50835	51289
2177	2189
3055	9844
3832	10733
3482	26130
3191	9128
23160	51602
4700	54539
6129	6189
5430	9282
9738	347240
10352	23395
701	348995
26005	80184
4670	23435
5048	9183
580	10714
6181	6233
2033	9031
6207	6235
3190	23283
399	3633
6428	57819
1120	1375
1778	10112
51118	51406
3698	3827
1559	2326
1839	3976
5346	29079
6156	8667
988	51362
4670	84991
6202	6208
1268	50865
2968	9557
6136	6161
8688	286887
6144	6205
6223	6228
5869	8322
1803	59272
6455	9341
1829	3728
1994	10492
187	5473
6168	23521
6169	6209
3135	3821
6167	6228
27242	85441
6224	6227
381	8655
6637	51503
3681	22801
7175	55746
617	26517
84447	91319
8365	8970
6124	6235
22919	79980
4736	51187
5868	23011
8021	55746
4591	11059
6143	6161
3685	5023
388	9938
1605	3912
3916	3920
3309	51726
6155	23049
3672	3913
6139	6224
3191	3609
4323	4811
397	398
2222	51478
2147	2159
7514	54821
201475	326624
778	10369
7536	10523
6709	51014
8697	65264
1191	10916
7311	57530
6203	6233
5879	9046
974	100423062
3688	7057
2185	5747
7337	26190
4735	10540
658	4093
3855	3880
6699	7051
6193	6208
389	9938
2695	594857
6208	6210
10274	113130
5928	7862
3915	5879
7027	7298
6128	6194
7311	23607
5432	27125
6160	6222
4116	5438
6129	9349
6165	6235
4176	5111
6132	140801
1237	27199
5753	5921
10946	27238
335	2243
6135	6176
1956	3688
6209	6222
1783	10121
1062	5516
6129	6227
10121	26123
4171	55388
2535	4919
3827	5005
6118	7515
6194	6230
26155	79954
50834	338442
10083	257629
6164	11224
3157	4598
1656	27161
335	5948
6171	6235
6161	6230
521	4713
8178	11267
955	374659
6147	6165
116540	116541
1497	23729
8243	9793
2550	51083
6167	6224
2099	54828
3267	10618
7311	55666
2990	4125
57082	348995
1778	79867
6657	57167
23332	121441
79003	81565
1660	1665
5829	9844
6135	6139
5295	8805
6170	6171
4173	63967
6133	51187
6143	6205
1669	10394
54850	63891
4775	5534
5093	27316
4519	4535
983	10121
6135	6142
155	796
26589	64928
9927	55669
3953	6774
3184	3185
3134	115361
9700	29945
6203	23049
9276	57410
112	1880
3683	3695
6142	6228
9833	10403
6233	440689
5983	8451
9493	64837
3619	79172
6872	81887
4298	23168
518	521
831	3688
5516	7525
6202	6230
6129	9045
2799	23526
22919	22974
6122	6135
388	55843
867	5290
400	25839
6628	8683
7311	9349
6223	6232
1439	6776
4116	6147
4738	5695
8450	55832
5829	10298
4539	4541
9184	348995
1536	4689
87	5768
11059	65264
3491	3913
259	3698
6229	6233
6158	8666
4005	4602
55070	79176
9790	22803
6514	6927
9495	10369
54069	100526739
64750	65264
11193	22826
3190	10949
1605	29954
7919	8106
4008	144699
51503	84844
10970	222487
4343	7311
79895	222487
5532	8036
84648	353137
55872	83540
6142	6175
3181	10657
3433	4938
8816	51122
7979	9978
867	5781
1329	9377
6241	51203
3181	5430
988	11004
108	7252
3240	5199
916	50852
1937	6138
6130	6154
55275	55610
8548	64746
4736	6165
7416	10165
6428	10949
23020	51729
3396	51081
3607	7528
23014	55832
6122	6160
8477	9002
6210	7311
5438	85437
2023	7167
7314	9212
3190	7919
9585	10749
2841	7852
6143	6202
7184	7466
6629	6631
988	27339
5868	51715
5879	9475
439	5694
6160	11224
65264	90293
3921	6147
4670	7536
5699	11059
4513	4519
5879	10788
891	22974
22930	84516
6169	25873
6165	6218
727	56923
3702	9402
51109	54884
905	55677
3350	4988
9967	84498
10772	10949
1813	5443
6144	6218
4508	4514
3183	7919
3122	5641
1136	1137
22984	23223
11004	113130
6130	10399
1457	10592
2740	59350
51010	65083
2633	2634
3921	6136
115106	203068
28	2525
6727	140801
5501	79172
111	3354
1445	9564
6427	79902
10841	200895
3181	51692
11128	55703
6628	22827
23332	57787
6157	6173
6133	6159
8590	285093
10236	23435
3685	84329
5290	6667
2675	220164
7311	8976
208	51230
6161	6235
1043	7512
351	10970
11116	79959
1050	2322
6128	6129
4536	4539
6125	6139
50506	405753
57630	83737
4088	4609
3107	3134
6428	6430
5093	11100
3837	3838
5438	51503
6175	25873
338	2243
4057	6709
2767	7204
1894	5879
6189	11224
5699	64344
1938	4736
334	3915
2159	2243
3903	10970
3978	4171
6129	6234
6168	6181
920	5286
5731	94235
3185	3190
38	1737
983	348995
91543	129607
3675	3693
6193	6231
2535	55970
6747	60559
3914	4233
26091	151636
1937	6136
26268	56995
81	9564
8924	23030
3916	5878
6173	6230
2958	79035
9184	151648
2058	6897
10189	79902
4519	4541
3071	5829
3911	3918
1062	1315
1994	11100
4543	5179
9276	10749
3213	8338
4160	104909134
7317	140459
3185	10236
79470	344892
776	786
6188	6230
3355	5179
6122	6164
3909	5829
54069	79172
680	6869
2792	391195
1307	169044
6156	9045
6129	6209
4736	6201
5685	10393
6383	284217
566	6036
6160	7178
891	995
2990	8635
51534	137492
7919	23511
3882	8689
2034	9314
604	933
6129	6175
4540	137682
4301	7082
521	84833
5698	6890
6142	25873
1048	8434
3903	79895
10285	55749
6170	6202
7272	10403
3921	200916
10274	55055
1315	9570
5433	51362
2922	4923
2982	2983
887	3827
6164	6235
3071	3320
23067	25942
2207	6556
4710	4712
2912	4852
3998	6745
4332	6036
4049	115650
9585	10112
285093	390191
6164	6176
6222	7311
824	3688
8976	51429
3340	375790
3796	10274
1129	4852
7175	23279
22919	79172
4886	4889
29074	51069
2033	58508
8289	57492
6206	9349
3837	55706
1915	6141
2932	5707
3178	3183
6173	11224
3832	10121
983	129401
6203	6205
350	5267
3074	5707
338	51156
10594	220988
972	3113
389	23526
6635	27258
8926	55954
4035	6385
10022	50838
6138	9349
7514	23039
4725	7381
5516	5781
3915	6714
4584	4588
6133	6144
1237	2917
4713	27089
6210	6223
6132	6222
10236	11193
5861	5878
10574	22803
11339	378708
9700	10403
6157	6168
2064	5336
6233	26091
2358	2767
10403	10592
6152	6176
10121	10844
996	25831
2197	11224
6170	6222
9410	10236
867	26130
4540	374291
10250	27316
5529	151246
6157	6228
514	1350
6230	9349
6161	9349
4172	55388
6137	6170
5985	8914
4853	23509
9837	11169
6230	140801
6135	6167
2917	9934
1453	6193
10652	51014
3113	3122
983	7272
6133	6234
1315	2804
1398	5599
7314	9184
3350	84539
6167	140801
1915	1937
4867	91147
57545	80184
2197	6128
351	5443
2197	6202
6160	6169
6157	6222
7536	27316
1325	2847
857	858
4233	9564
1536	23601
1314	10802
6137	6175
6135	6223
51234	55831
4159	53831
6921	10987
6317	6318
9510	11096
919	3559
6233	9101
1291	55214
64979	219927
7409	10787
10749	11127
8349	317772
8570	11052
1062	10592
6218	140801
117177	121441
6128	6133
10970	11322
9126	57405
3113	3115
4538	4539
9126	23122
990	9156
3675	3912
197	3698
6203	7311
10561	91543
1667	1668
8723	51143
4734	22954
8886	23560
5434	80004
6144	6235
3703	6185
3903	10857
174	2243
6165	6189
2185	5579
7272	10733
90550	91689
2922	3061
6202	7178
2209	10152
5970	6667
813	7184
3447	3454
5436	51645
60488	116540
4924	10618
6224	7311
23160	56919
4735	7532
2266	51156
4738	54939
990	5422
4952	6233
2803	5870
23118	257397
2168	3158
1839	1956
6173	9045
1781	5516
4171	4173
4116	6224
6142	6169
1058	10112
6188	11224
3017	8349
988	55215
1063	3619
8925	53339
4509	4541
3043	3045
9700	11004
50838	51289
5094	10236
4725	126328
6165	6233
2792	26338
2867	23620
1398	1793
1453	6202
5054	7424
10574	10963
6161	8666
4717	84833
846	4829
23304	154881
1642	9730
1453	8945
10112	10540
23063	23244
3113	3123
6142	6168
6626	10236
983	3833
7919	27339
4701	55967
7324	79876
886	3061
1314	22796
6130	6181
813	3371
2784	2847
6175	6203
5970	23118
8412	9564
5518	5976
1088	150372
1656	54464
57405	348995
6130	6173
55055	378708
4288	7272
23014	64219
4736	6188
890	4288
6132	6201
10293	200845
6133	6181
8243	9700
2177	5983
143279	154214
6152	6159
1573	8529
567	3105
10112	64837
3921	6232
721	3426
9410	84950
4172	5424
6154	6165
6950	10576
3832	10592
8581	27076
983	9631
6165	6206
8453	115290
6633	6635
51096	57696
4088	5784
51429	152503
6950	10575
6137	6143
3912	5954
84946	88745
5899	7852
4734	89910
10232	154064
5441	6629
6138	6233
6230	9045
9138	55970
7311	151636
8881	10919
9277	84172
6209	6231
10274	57082
6165	6201
1398	9564
1062	5347
3833	29127
55720	79954
6165	6209
4508	4519
3394	6688
4726	4728
84085	144699
6152	6222
4357	54205
1291	5033
9126	23279
187	94235
6129	6181
2197	6144
6138	6188
80135	84365
51421	60485
824	7525
6161	6189
57819	83443
6500	10920
6159	6193
6135	6144
3619	3796
1994	10498
6139	6208
2782	26086
25831	65264
2204	23601
51429	115548
3006	8337
10382	23332
689	6160
6130	6208
3903	326624
4519	7384
4809	6202
4702	4724
23076	51602
6208	6224
6461	10787
26249	150684
6141	6205
6139	6193
9738	54820
6240	10592
6193	6202
23	988
3200	5438
6230	7178
2204	2207
637	3002
6161	7178
54539	126328
514	4694
6049	26224
2920	2921
6189	6203
5707	10577
1810	55689
1660	6625
6128	6203
6160	51187
6142	7311
9928	11113
2551	4899
6194	9349
4591	55658
6128	6141
3066	23028
8334	85236
5684	8658
23586	83666
6144	6152
3683	5788
3105	6890
6223	25873
10799	88745
6338	6340
3594	7297
274	51429
1302	1310
6158	6202
64792	92104
6129	6143
1007	1013
6133	6136
6233	7158
3673	4233
57674	64718
56945	64928
6135	11224
64105	151246
7846	203068
5706	5714
10153	79954
1915	6128
6136	6181
2197	4116
2197	6138
1938	6141
10488	51360
158	51251
864	10413
5093	10236
8453	84085
6133	9349
2810	3691
672	51755
7337	54778
1910	84432
1994	9716
6146	6194
4116	6633
10592	157570
27258	83443
351	1269
5954	51280
57191	400720
9459	64098
10102	26589
695	2206
6133	6202
84549	88745
4116	6173
5929	79269
4670	5434
9666	143279
2801	51014
6175	6234
5591	7486
2131	6385
6168	11224
2769	5335
6142	6157
4736	6173
6135	6157
6206	6228
7514	9972
27097	79595
118430	727897
1000	10970
6173	6202
23122	25936
9188	54881
324	6233
388	4983
1937	6125
7532	653784
4976	55669
10992	27339
51465	84541
5430	5985
2625	5241
1018	1026
6168	6230
1063	3832
4172	9700
966	11314
6136	6208
5695	7314
1603	100128731
1185	7094
1105	23168
7058	9507
3354	51764
6154	6230
6602	57492
1315	9382
2792	3763
5438	6631
2033	23013
6233	55366
2197	6129
51096	84128
84648	353139
10523	23524
6118	9557
51203	55143
51692	220988
8243	23047
55884	115290
51444	57531
27252	55585
6206	6235
2740	5739
6708	11280
6138	6164
6228	6233
8356	126961
2071	10920
6207	23049
1325	6373
7314	51534
3921	6168
3156	4597
187	11251
6164	10952
1781	10383
7456	10552
7280	347733
6122	29997
6117	27339
10576	150160
57115	114771
6160	6168
6181	51010
3184	6427
50838	259295
3609	4670
6442	6444
6157	6165
6309	6713
2197	6218
695	3725
7514	9793
6132	6176
6161	51187
3183	10236
51373	64951
3619	3832
5903	9972
3157	6307
1062	3799
1129	4889
6455	8871
1824	5493
5441	10980
699	6241
1062	10112
6934	83439
695	3937
9188	23560
2048	25791
6173	6188
57678	253558
2185	9564
9787	64151
988	8881
55720	83743
988	8243
7533	10971
6142	6159
6231	114987
3185	10949
6385	10755
6152	6203
6203	6209
4233	64759
6152	6228
9295	9410
5660	10970
9493	54443
8329	653604
50838	259292
6632	6636
29894	51593
9730	200845
8453	55884
351	1241
2491	55055
1915	6206
2475	57521
6181	6223
2976	55703
3105	3660
187	2359
55754	158747
5660	55970
2788	27334
1453	6235
9820	90025
1536	8655
4536	25915
23358	84132
890	51053
1453	6208
5705	5718
8655	51098
3619	9700
7018	9829
6147	6222
6155	6167
55143	57405
8976	23149
23020	27316
2847	2918
10155	201514
10097	10487
10965	55825
9892	10109
6128	6158
4736	6234
10574	84617
727	51289
6709	7430
9221	84172
2790	2863
9636	10561
6169	6210
834	114769
164	55330
22976	58508
4512	4539
3921	4809
7525	10298
498	10469
4952	8976
4809	83443
2641	10203
9904	79050
7272	10592
7135	7431
6136	6156
2268	5747
5903	51362
23620	84432
1174	10016
27042	55127
3122	7535
1783	29127
1500	6714
6429	10236
8189	23524
988	5093
6160	6173
6428	6632
3921	9045
2621	10272
117	2695
566	8635
1277	7373
51289	259287
4288	9700
186	2914
6165	6232
915	3118
4538	4712
7311	9020
58505	200185
8895	10970
11014	23046
5529	5711
4172	4173
4862	5054
4288	51203
8687	8689
9246	11275
6125	6164
6428	348995
6625	51593
1278	1634
9820	90293
2597	7167
846	50838
5435	6637
9793	23279
1462	6696
6176	6727
6218	6234
7525	11099
6129	6147
1476	8993
5438	83443
6146	6201
6204	55272
79583	79600
5707	126374
6136	6228
9493	11113
9969	10499
5928	8085
462	2243
9276	51014
389	57522
84154	84549
6222	6227
6160	6205
3055	3572
7434	594857
2197	6188
29126	80380
102	2358
6154	6170
51264	65003
10484	81562
9126	51143
5868	11021
4677	8565
5706	6790
5529	5718
23279	55746
6235	25873
6152	6209
4809	10946
54148	64928
7454	9322
701	9793
5747	8976
6167	11224
1870	4208
2033	81857
9690	221687
6146	6222
3676	3691
841	1281
1605	5879
51009	55831
3691	3918
25831	197131
3619	9793
4205	6938
22954	23014
1969	6714
6128	6222
6193	6233
6208	6232
6205	6228
7110	10466
3015	5439
10514	84172
351	3913
983	9126
6628	220988
5365	8482
10022	50835
7204	55970
6453	9341
6231	25873
6142	6224
3360	3375
6707	11187
6227	140801
3191	4670
2967	9015
6128	6169
10199	88745
891	6790
6185	7841
29102	57510
501	85007
6520	8140
517	522
6132	6160
4116	84324
7337	8697
2912	6751
5869	5870
64928	64976
8467	25942
51088	84261
219960	285093
4735	57545
378708	387103
11322	55754
6168	23049
3433	3437
6218	6224
6142	10399
336	350
4512	4514
9928	259266
2634	3659
5880	10298
9126	79677
2155	2159
22948	150160
4353	56729
4171	5426
2788	5331
5928	116092
6189	25873
3921	6230
6885	7182
11314	79895
399	7204
6130	6206
5048	55055
1290	1292
8085	57690
1062	259266
2099	2625
5529	7525
890	10733
5747	7204
6233	285231
2792	65055
3895	5879
9371	79989
6208	9887
5879	8976
130340	152503
6202	10399
2071	2967
1350	4726
6205	6209
6130	6139
51079	374291
10890	11021
9320	26046
1642	9716
6136	6143
4035	5159
29127	54443
4588	56667
9611	23118
9076	24146
1595	6307
999	9839
1329	388753
155	6344
5289	22908
51604	84720
6181	6235
9967	10432
1329	27089
2286	5479
334	3491
332	55055
2178	6118
2912	4543
4585	10331
4735	23322
1121	5869
1347	4713
23279	57551
1933	6154
1906	6375
6202	6222
971	974
701	23397
28973	29074
6233	7186
3361	4283
6233	8322
8945	89910
10762	55143
6194	9045
1058	9133
1660	4670
10102	28998
87	6714
10540	29127
5983	27339
55904	58508
2197	6157
6428	7919
22826	84844
5426	5427
259292	259295
6223	6231
23279	51692
6141	6206
3192	27339
4726	29078
6154	7311
988	6117
1292	7373
351	7184
6160	6228
672	7516
1453	6206
3113	3119
6175	8666
26146	64792
51069	64432
27095	149111
3921	6164
1816	104909134
6426	100526737
4809	51065
9416	23451
2784	6752
2537	4599
6201	6235
5427	9768
1352	4514
6139	25873
6122	9349
6613	7421
4297	23309
2358	3579
6156	6169
55720	65083
1601	10618
2185	375790
2491	22919
6700	353133
3984	54434
101	10159
5931	8451
50838	56923
2912	5173
9320	26268
6139	6155
6165	6167
3619	29127
5552	83706
29093	65003
2268	6774
10155	90233
4695	4713
5700	10213
6128	6164
904	6667
84085	89910
4540	4694
3017	8337
3688	3913
57787	261734
685	2069
6155	11224
197	51156
9553	54998
9282	9968
7311	83987
2923	3309
1595	3157
4116	6135
673	57498
3921	6233
351	29933
1476	10394
55601	91543
6147	6154
57545	91147
9787	55872
6147	6208
26190	54165
6138	11340
64131	375790
11250	83551
5725	9716
9556	84833
163	24137
186	84539
2224	3422
197	335
1778	121441
6222	6224
6170	6228
2197	27340
6233	126961
331	6233
11224	23049
28998	29074
29079	51129
219858	344892
2185	2268
699	1062
6122	51386
23412	51725
2792	2847
6122	6141
57082	151648
5526	6249
27334	55970
23047	151648
9277	11102
4717	4728
2491	79172
2205	3702
6194	6232
25879	84294
55208	200845
9320	10193
8451	51514
6122	6235
383	10394
3190	27238
983	23063
83597	135946
10813	65083
6147	6168
29927	100526842
1062	9585
3215	3216
991	9133
5149	54714
27339	57461
4666	6137
2058	4677
301	2788
51069	54948
2239	10082
5528	9126
1292	5033
4540	51079
4713	51079
983	10844
338	4547
6428	84324
5054	5329
3683	6518
9294	64805
6637	23524
7041	7414
6439	653509
6132	6204
6167	6234
3181	4670
51023	122704
1786	7027
91782	137492
5438	6633
6169	6202
29093	51023
8805	27044
9136	84946
2956	4436
22954	57630
2207	3689
5933	132660
1062	24137
4853	6233
1551	1555
6613	7341
11127	23095
5566	23332
23291	79176
10799	56902
4508	4541
6262	11069
5339	6164
8802	8803
705	9136
3838	6790
338	2153
3434	55601
351	55970
1337	1347
5868	5870
5869	25977
1133	9002
2932	5711
3482	5868
5878	8411
5093	10921
972	3127
1111	4172
5430	10949
1933	6135
6146	6156
3833	11004
1783	54821
23112	26523
6133	6222
2197	6227
6169	6232
1121	79958
26682	344892
6159	6229
26589	116540
6130	6147
6206	7178
6204	6224
10155	25799
51264	64928
3054	4899
833	4141
632	3381
11004	25936
5501	23122
3886	286887
5432	11051
701	7153
4536	54539
4713	55967
6170	6233
1431	1737
9156	51514
6154	6227
3685	326624
7200	84634
11102	22984
8491	10746
5443	6370
5725	23435
26190	55236
2002	6722
4862	79365
54908	151246
5861	10972
24147	79633
701	57082
1287	80781
6144	6222
4509	4519
4999	23595
2204	199675
6161	6203
1062	10274
3672	6709
3688	5829
990	10592
4694	4701
5741	8074
6632	57819
1195	57396
6133	6176
11338	23636
6165	6169
5436	7936
6154	6231
6161	25873
1824	1832
1902	8477
6455	10552
8881	55182
11157	51690
2521	3190
26235	90025
6204	6208
28981	79989
26239	353133
6207	6232
11157	27258
6165	6170
6633	51690
1237	5173
332	29127
521	1329
3305	10963
6189	6201
3048	3050
2491	5519
4670	6434
10799	11102
5610	6774
6159	6234
138805	344892
10540	24137
4670	9343
4141	8565
22905	54874
26146	79989
6135	6165
8349	85236
8452	10075
185	186
377	1639
2071	6878
114	1814
6370	165140
6129	6155
6799	6817
79228	84324
6209	7178
3191	6625
3640	53831
4940	9636
6626	10594
2185	3685
6176	6222
4726	54539
174	3827
2683	84061
2054	8673
2255	143282
4867	23322
671	4353
10914	79869
8027	51429
1956	3675
23223	79039
1660	51729
821	10802
391	9743
7311	23586
26354	80135
4677	51520
3111	3122
2197	6156
1832	11187
6133	6175
10102	54148
29984	171177
3482	22848
3609	5725
6207	11103
5872	6764
1453	6228
51676	84541
2197	6193
1994	10949
4701	10975
950	22848
6143	6171
945	3903
5861	10484
3190	10594
3240	4069
27327	80012
6122	6138
3355	6751
641	5426
353137	353142
5429	56852
1781	57545
6169	6175
4240	51280
6426	10949
56963	148738
6169	6201
1329	4712
86	8451
3360	7253
3183	10949
6223	7311
50831	56923
833	4677
2197	6223
5338	11145
7979	139285
4736	6224
3912	10971
2817	3340
25885	55127
56923	259295
6130	6155
1001	1500
6138	6210
2266	3698
5434	6117
6165	23049
4751	4867
4116	6233
990	9700
54556	283899
813	3491
4087	5928
4088	5054
54874	115548
10427	10484
351	7852
81797	344892
4586	4588
23265	50807
5425	6117
10552	23149
6202	6217
6556	79895
344892	390059
6139	6152
3178	6626
6161	6204
5093	51692
1387	10498
3458	6775
1116	5004
2960	4763
1728	3162
7153	23397
3357	5737
6189	51187
4736	6217
26523	192669
4116	6161
3313	5903
6133	6229
4172	7298
3921	4736
1660	10492
6146	8666
488	4853
6158	6173
6836	8775
4666	6124
9632	22872
4540	4707
3619	55143
127385	344892
90293	143279
3683	7409
6790	29127
1595	4047
3619	51143
3304	3337
701	4288
966	10652
6128	6152
1435	401138
5903	10274
6133	6228
6136	6176
9212	83903
2069	5753
6133	6141
6227	6229
116541	219927
5339	6234
6146	6173
3192	5725
623	5737
54555	56915
5023	84329
10181	10921
1107	23186
6193	9349
3185	3191
3660	3662
23028	57504
990	84515
6138	6193
6631	6637
54821	57551
6137	6210
55279	285237
4509	4537
570	7311
999	3918
5725	11338
6154	6208
6147	6218
701	3619
10121	57545
5433	10285
3797	57539
51166	125061
1500	5795
3274	55970
84296	84515
7520	55183
9631	348995
1269	53829
6431	8480
10576	23526
6138	6147
29984	54509
3146	3148
136371	200845
6136	6231
9282	23097
4313	4325
55127	65083
8655	9212
783	10368
302	79026
7311	25873
6129	6201
5361	7305
6233	51592
4519	29796
6164	9349
6155	10399
6141	25873
6137	6235
3046	3048
6122	6142
6143	6208
5699	8945
9879	58517
830	9276
6155	6168
6139	6207
3921	7311
1175	5878
51068	117246
4709	4713
4734	23327
2617	3376
2976	11128
7321	23198
6181	6202
6142	6230
23047	348995
945	6556
5500	8036
6747	23471
5440	27258
1936	6132
6218	6233
22794	348995
3913	51280
3866	3868
1063	23279
55131	88745
3685	199675
3886	8689
1933	6155
10576	10693
6155	9349
1639	10112
6923	285231
28998	57129
10749	24137
857	4088
51069	64928
3394	3430
5439	6923
11127	64792
6159	6161
10921	55746
1933	6165
6230	55272
6129	25873
3849	140807
6461	6714
680	64106
4696	4718
3833	10615
23423	54732
3008	3009
3832	7298
50835	259287
302	23526
4694	4726
1731	23157
6205	51386
25831	57542
4666	6136
4988	84539
3184	10921
6790	10133
4172	7153
8767	23118
3685	64386
701	8243
4709	4710
3659	6737
10403	57082
9700	51143
6124	6156
6203	25873
3691	3914
2194	6319
10713	23451
7311	57154
84861	143279
6222	11224
54778	197131
388962	552900
6428	7307
6167	6205
9833	22974
2033	10847
26589	29074
79895	338339
9793	121441
6159	6235
23291	83737
5422	5925
2266	2719
1937	6222
3185	55749
9875	22984
3267	22848
6169	9349
23304	56658
1650	29927
6156	6204
23122	220134
4536	4540
6714	7402
6137	7178
1981	6232
6233	6498
7320	9604
5829	55742
6374	27198
3908	10319
2222	6721
5594	10971
6229	140801
6141	6160
1793	6461
2963	11193
9265	27128
5597	5714
2730	2937
6133	6189
5330	9002
6125	6159
983	9972
6223	23049
3683	3685
3157	50814
9611	10664
8533	136371
10733	79441
4538	126328
84231	90678
8243	23122
148	2922
4736	6233
10946	22826
2635	6672
55003	84154
8945	25831
4208	6929
701	4173
988	85313
945	2548
796	6344
5741	10266
1956	5328
2932	5704
3685	8514
8662	9669
5880	84144
1291	1292
6136	6142
3183	5094
9724	27042
8886	84916
4708	4726
6165	9887
1291	3672
5829	7852
6232	6235
6139	6201
1670	1671
60	10095
86	988
6164	6229
6139	11224
1937	6135
1736	84365
4541	4701
80321	121441
837	841
5433	11017
6135	6146
1315	8729
3106	3107
5528	113130
5725	8661
25978	92421
6556	84418
9367	55275
25831	154881
2767	5335
6599	6605
10236	10946
377	29127
3091	5708
7314	9134
22888	51343
2968	6882
1314	8615
6692	6768
4514	4536
7317	10489
6209	11224
9716	27316
988	10236
6157	6223
988	23397
4173	23397
4736	6130
1453	2197
6432	84324
830	5048
4670	9716
7003	25937
3884	100653049
9341	22836
6434	10432
23112	84441
1781	11190
1345	4695
3434	5610
335	4547
9738	146057
2147	4295
6176	51187
5439	80349
3178	8175
5471	10606
7290	25842
2197	6168
9349	25873
8243	23279
915	29126
7919	27316
6173	6206
4697	4717
1495	3799
6132	6137
2533	7408
1915	6130
10383	84962
6233	7311
10015	137492
23076	84549
974	3635
7311	285231
146	84109
10623	55703
6207	6230
26168	88745
1536	3683
335	345
1398	7525
6155	6224
51399	51693
10240	51642
6138	6144
920	115548
5468	6015
6426	27316
161	6197
10972	51128
8337	440689
26290	140453
3909	375790
846	259293
6625	10236
6203	6208
1495	5795
55131	64318
335	4036
7415	10576
7054	57016
6132	6173
6839	9219
1983	6176
51388	57647
4597	4598
6147	6224
6727	11224
2975	10621
10592	11169
928	113177
627	5599
2792	10563
6207	51202
2071	9015
1398	5747
5878	9341
9972	51362
6142	6171
2177	2178
6130	6202
3048	4778
9767	11143
8698	55970
9655	26190
3643	9021
3683	10970
26354	84365
6161	6176
1434	3838
6133	6205
6168	6228
6134	6167
9320	84231
1956	10413
6137	6139
90293	221687
1646	8644
4539	4731
3361	9290
2848	285601
55249	55870
8337	8349
5586	5879
991	11004
6137	6224
6159	23521
5286	6272
3913	10970
6128	6189
58191	63940
22930	25782
388	23526
6124	6128
10484	11196
8687	286887
5714	8697
6161	6206
1398	9844
4710	27089
89910	154881
2946	2948
6605	29117
55166	348995
23291	57154
322	333
6156	6228
8085	8289
10293	57531
712	714
974	2213
996	57674
6157	6160
6772	6774
4736	6169
1337	4697
3303	10963
90025	91694
9133	23397
26338	65055
640	973
3178	3191
885	3061
5528	10274
3912	84141
6175	9349
55954	85437
4712	51079
4541	374291
7164	10053
3949	5868
3822	8302
57787	146057
3915	4233
54716	153201
3028	11102
444	3091
1605	3913
1994	10250
2623	2811
9730	63891
6136	6202
2695	2792
6194	6223
6168	6170
3094	57649
472	84142
1478	3188
1001	3728
3190	4670
4717	4724
29093	92259
4313	4323
140453	192134
1175	10093
5431	10914
5516	5711
6147	6204
7520	9156
22826	51645
9883	11218
6829	54623
8602	55226
9690	154881
10155	25888
940	5879
6158	6218
3655	4233
6181	9045
4695	4712
102	1499
54677	83752
6155	6181
3134	6890
671	1116
1314	9276
5797	25945
8243	10592
1938	6142
301	7852
5584	55243
9787	29127
3178	10236
56919	57647
4088	64750
6688	7305
6631	51645
6137	6204
3842	10527
899	84085
6185	58477
1495	5819
6168	6218
6209	6224
344892	390081
10112	83461
6156	7178
28959	55365
6633	6637
963	84329
3576	6347
6137	6176
1499	5795
6155	6158
55299	84154
1116	10394
796	5745
4297	23269
4538	55967
8568	22984
9437	259197
10671	22818
64963	64976
10959	22818
6150	116541
6128	6146
2153	3481
1822	1912
2788	5368
25904	29883
4586	140453
6189	6193
6169	6204
28514	54567
23067	58508
25885	64794
5438	5440
5880	6453
6363	6373
6169	6229
4700	4712
6156	6171
324	5699
6122	6234
6144	6169
10193	26046
2224	6721
1282	10536
64981	116541
833	8565
6142	6154
8729	9276
799	51764
9015	57504
7454	7456
3915	5829
1915	6230
6152	6188
1783	6711
7525	10413
377	11014
22948	63971
1910	4295
9493	11015
10075	23304
5571	60673
2801	5861
6201	6227
1062	23095
10112	51014
566	1991
5438	27258
1994	10594
5739	5746
3685	160364
996	6233
695	5293
6147	6181
1455	2810
6427	6432
10762	84271
6176	6204
2197	6165
25839	84342
6146	6164
65083	84946
4172	254394
4171	4998
55168	56945
8655	10540
1062	3619
4695	4700
9585	81930
10153	55759
51692	55339
3799	81930
1308	3909
2207	23533
6146	6154
3921	6206
695	7305
5931	10919
6209	140801
51491	55651
3886	54474
23310	64151
6874	51230
2197	6203
7919	10236
6158	51187
6130	6160
3693	7525
3667	5580
3054	23082
2865	23620
6218	23049
6231	9349
2521	5094
1956	284119
3054	81887
3115	10346
5094	55749
6139	6144
6391	8802
55252	221937
6130	11224
27339	220988
3017	8969
4173	7153
5093	5094
1933	6143
1639	8729
705	29777
5347	9918
2535	2790
23160	25885
111	799
905	79577
6156	6223
1462	84141
6136	6138
9277	10799
3937	7454
26589	55168
2242	6237
1069	4867
5473	10321
9877	100381270
3181	3190
50835	259292
8886	10153
6144	6227
5868	64145
3178	6434
3685	6850
4539	4701
4938	10964
57105	94233
1642	11091
1063	25909
3921	6122
3687	22918
4620	4626
3689	199675
4710	9551
6173	6194
11169	23649
65123	80789
26354	84154
6133	6143
4538	4541
391	94134
5879	257106
4736	6128
1431	4191
80184	117177
2784	4985
25885	55703
8175	10523
6167	6206
683	338339
64426	79595
836	6789
11004	24137
523	155066
27339	57819
6210	25873
186	4922
2247	3685
522	4700
328	10038
5441	5901
6139	6235
5094	9416
2197	6164
6135	6202
8533	10445
3710	6804
64926	153090
10885	54881
1398	10152
6132	11224
5111	7329
1062	22974
871	1303
1062	5526
6923	23198
6201	6228
2956	9126
9410	55954
6164	6203
8533	54951
1954	23295
4713	4726
624	9630
9790	27340
4171	4678
3356	6915
6210	27340
4116	6152
2912	5733
9276	10802
1778	9493
6125	9349
9700	57122
6189	6217
6745	58477
1829	64065
8945	143279
5393	51010
6631	27339
4116	6201
4582	6483
54778	140460
6161	11340
6233	7844
301	2790
6133	6169
3921	6181
6396	11316
3646	6156
6155	6173
4541	4695
983	79959
27043	57647
3359	9177
1080	2147
2033	26523
4718	4728
3362	53831
643	5368
1956	2064
3619	8243
10946	11193
5980	5983
3915	54972
2962	27238
6204	6229
7311	92421
1793	5747
2268	5829
5368	64805
727	846
10262	10992
1107	23028
1793	9564
5036	10576
2305	5347
9789	28972
64386	79895
8655	23218
80135	84154
1453	6209
9045	25873
506	4714
6203	6223
705	84946
2071	5887
1314	26286
4707	54539
389	57449
1915	3921
705	4809
329	5707
6168	6231
6154	6175
4436	5422
7329	197370
6605	55193
10427	126003
514	4695
4670	27316
3855	144501
6135	6209
996	80012
2521	3192
3456	6599
6229	9045
1937	6142
6147	6203
6556	100049587
5430	6878
9551	27089
6836	9276
6170	6188
6167	6193
55208	79269
6625	11338
4710	4715
51118	51154
4116	6176
55759	84154
6749	7153
6836	22820
6168	6235
10489	84231
6888	7086
8881	89890
830	11014
351	2767
719	8514
1601	29924
2840	4986
6556	23601
3491	84141
1956	5336
2222	3157
6159	6165
988	203068
3913	5954
2033	8085
6189	6208
10594	11338
4717	4725
51118	84946
2719	3698
403	84747
26235	158506
6142	6204
6869	347148
2956	23028
3921	6142
705	51118
2131	2132
6155	140801
4116	6160
3710	10235
6139	6141
6165	11224
6169	6206
111	51764
6138	51010
9371	11014
350	462
6138	6727
3854	9119
64425	84172
6804	6813
7525	9564
1991	56729
3191	26121
10285	10946
1398	6461
197	2153
332	81930
6175	23521
6147	6161
6143	6168
2800	9827
54480	55790
2242	3718
705	9277
6160	6181
6170	23049
3594	149233
1349	10975
6157	9349
5688	11047
6128	6135
6147	6152
6234	23049
399	9828
1793	10787
22974	23397
945	10857
5689	51371
6147	6194
6128	6232
6776	26228
9776	55626
8349	653604
6134	6204
6139	6147
1783	2801
8861	90780
4700	4717
3181	3185
6232	54821
2079	6428
4714	9377
3312	9128
1962	6233
8334	8970
11004	151648
988	7094
4763	7311
115290	154214
23304	90025
7840	55755
3355	4889
389	257106
1495	4233
6201	6229
1653	25940
5048	54821
4513	4535
5294	7852
1129	6572
23223	64318
2521	57794
4194	57690
4709	91942
1439	5777
29796	126328
9787	9833
4985	10563
399	23526
6599	7155
1453	6189
5694	5715
3688	375790
9126	10592
8886	55127
1293	1300
6142	6222
1282	1284
27125	55840
5529	79172
5693	5700
1453	6205
10713	55749
1290	5351
2207	5335
5652	6692
54474	121391
6205	6229
22984	23195
6227	6235
1315	23303
1781	4735
7388	374291
6161	6209
10285	51362
9491	200734
22984	65083
8914	11169
389	90627
2242	5361
6204	11224
6709	6711
890	1062
3191	10921
998	10395
6434	27339
506	3329
4519	4540
121391	286887
6222	6234
3837	7514
3619	5501
6160	6202
51649	54998
29074	55173
23304	84085
6146	6224
3678	5329
6700	26239
5829	6709
54908	55055
259287	259293
9787	10592
4736	6136
8969	440689
990	6117
5501	7159
6138	6141
6122	6139
932	326624
6125	6146
3017	8329
1233	11251
1978	64223
886	887
1111	10524
705	54984
2847	6363
3433	10964
705	55299
84676	140456
64928	219927
25831	143279
6229	6234
1230	55970
9320	10489
51143	151648
6224	25873
521	4701
9020	51330
163	5878
6217	6229
8301	10096
4998	63967
5725	10657
5529	5903
6146	6233
635	29958
2178	7398
6164	6222
2784	7434
1915	6175
2916	3351
9824	10112
24144	51645
8175	10181
9867	197131
9493	81930
10693	22803
516	10632
4116	51639
51264	219927
641	2178
6461	9564
25	10163
3312	10808
8655	10671
10236	10250
108	50837
4172	6118
3710	5330
4735	7283
7038	7173
23304	26268
3655	3912
5547	5660
6135	6203
6155	6234
2810	64223
5519	6801
6135	6204
4736	6125
3659	54739
50	506
4926	5116
5689	5700
4736	6135
3107	10475
10274	51143
1063	7514
514	521
5597	5718
5528	79172
4716	4718
6224	6229
6136	6230
409	3577
4599	23586
3320	10787
6667	27327
1576	2327
6168	6232
3305	9530
3912	11167
1676	3836
6160	6165
6625	23524
8881	51444
9039	84085
338	4973
6156	6206
2045	285220
7204	8976
890	4999
988	5983
6147	10399
7314	10980
6714	7311
2848	3274
6189	6235
2519	51816
8334	8969
6147	6231
4528	28973
10671	51143
4176	79892
545	5889
3882	286887
3075	3078
54552	55153
9553	51650
9700	10735
2197	6136
3897	284217
3688	10298
983	57405
833	6301
4738	28991
2358	23601
6176	6201
6165	6231
153571	153572
3040	3048
2519	3074
26494	344892
2244	3827
6130	25873
1445	54845
3799	10749
1511	6037
353132	353133
6189	6210
3017	8970
4709	55967
29074	54948
6206	8666
9477	9967
23511	50628
2266	3827
6233	55666
4736	6164
4116	29107
1234	1236
6159	6232
7415	11160
1350	7381
6194	6209
2071	9014
84105	347732
26290	56667
5868	5869
5318	11187
5438	6635
26249	55521
3113	10346
5862	5870
6152	6207
28998	65003
2040	8876
1084	1088
6167	6202
3921	6130
4694	4700
4538	54539
6790	10383
6625	55749
6132	6136
3133	10475
6122	23521
1660	2521
3308	10574
695	3055
9439	23097
6241	64151
9055	9133
1536	653361
4116	6202
4952	286451
3675	5328
2932	3611
5977	57492
6128	6208
10381	84790
6147	6158
983	9833
2788	2863
5933	7027
699	3796
7862	54815
10499	23389
29796	51079
23511	55339
4736	6160
9611	9967
824	831
1639	10540
5054	5327
1969	7525
890	26586
6139	6209
3565	3567
7057	7424
5528	51143
22974	83461
3185	27316
3973	4160
3993	84612
988	10097
2935	6229
54577	54658
2597	5230
2623	3674
1062	29127
950	22905
26046	140461
3832	9833
5599	6272
3185	5725
2800	2803
113130	348995
6136	140801
1232	4986
4726	27089
11100	55749
51343	142689
2814	51206
135228	266727
6147	6167
9700	9793
5903	25909
55124	221400
567	3133
4736	6181
1387	2033
5394	51118
6138	6224
6160	6175
3191	9716
10523	11338
2197	6132
1435	1462
6155	6207
9354	23304
4173	9126
9126	113130
5862	10890
988	10575
208	2475
9787	11339
4173	6118
3434	10964
4175	5557
1601	8301
9700	57405
6165	140801
4839	10885
4709	126328
2151	6915
6218	6235
1063	57551
4701	7388
899	54926
506	7384
5810	54962
1665	3191
10071	50614
22917	57829
6157	6206
146	886
54926	136371
4734	6047
1062	64151
5368	50865
3619	54821
988	23595
64318	79954
4999	5000
8347	126961
325	3015
5880	80728
4709	7388
6135	6206
6122	6159
6169	6176
393	5879
2784	2792
1499	23291
9350	56963
1387	6667
1499	4233
3135	3663
378	10959
6152	6155
506	3313
1956	10552
58505	100128731
5829	7430
336	345
10153	84365
23560	84172
2197	6137
6631	6632
7316	7328
3735	7965
219954	285093
688	5468
6133	6227
6125	6194
11137	84916
3909	4233
9793	151648
1062	6249
6146	6165
498	4509
7311	56288
3304	10963
2971	51082
4171	6749
1292	10536
55299	84365
11176	64426
6122	6202
4050	7124
4709	51079
6154	6205
6233	151636
10921	84271
25813	79135
3134	3660
6170	6218
6156	9349
2268	9564
4538	4540
6233	10111
4584	140453
988	5094
6161	9045
3267	5869
1933	6142
1983	6232
10285	11017
134	5660
9341	10254
2519	5476
81537	259230
302	5707
116	5739
6173	6232
23601	199675
6156	6188
6156	6222
3875	3880
1457	10051
1915	6194
9978	81559
51143	79172
6175	6206
5294	55970
11102	83732
6152	6202
3934	4758
6133	6188
4540	4700
539	7384
567	10475
5747	7456
3109	3122
657	9765
79980	113130
4867	121441
5451	55718
991	4734
86	57634
6138	6176
6136	6152
1268	64805
9833	11339
904	5433
1778	4867
9927	54708
4708	29796
6233	7178
7846	10540
212	2623
6124	6223
3921	6161
23325	387680
7004	8463
8329	8341
9791	81490
3895	11167
830	1781
4852	5179
7317	10075
2692	5745
6164	7311
10574	10693
29928	401505
1347	27089
993	4088
521	9551
6428	27316
393	29984
1933	6133
4539	4540
23517	134430
7042	10490
4839	25885
4508	4509
1291	3688
4717	51079
4809	5439
5829	9459
4069	6036
5695	10213
6125	6161
10884	51069
1660	51692
799	10268
1511	6036
9330	53981
3185	11052
3655	5339
2767	55970
4735	91147
6168	6210
6144	6203
1017	4999
28973	55173
6827	51755
4712	7388
4809	84844
8976	29763
6130	6144
6154	6218
940	3695
6427	6434
1230	2826
10285	55339
2185	5829
348	5360
1915	10399
1676	3837
991	6232
6152	6169
10921	55339
2768	2790
336	4036
521	7388
6202	7311
6637	51690
1793	9844
4297	192669
83551	134860
6132	7311
996	65264
25831	26091
6230	6234
1524	6370
1072	5216
6132	6168
81794	339366
1062	57551
2958	5435
5361	8829
5557	23595
8945	26268
5434	57819
9055	11113
3202	3203
5868	57403
5610	23586
4927	50628
10885	55127
4670	10949
5330	55970
6432	6632
163	51429
5869	8027
7311	54874
746	100128731
6229	6235
55168	64979
54575	54600
10094	10095
156	8477
6130	6152
55635	259266
11218	55746
5717	9020
2863	7204
2033	10014
2033	5469
4508	4539
10022	56923
5431	22794
353137	353139
10992	79869
5657	8635
9892	10092
108	6750
9564	10458
23291	55832
25929	57122
2358	53829
7089	83439
65083	79954
1455	89780
4508	4538
6193	6206
2247	6385
4514	4541
6752	10563
10491	85301
4544	5443
6141	6154
9320	26190
6135	6727
6143	6176
6167	6175
4541	29078
6548	11261
51264	51649
6203	7178
10952	140801
1445	2213
80328	116372
9551	29796
9793	57551
3181	6628
29945	89890
472	5884
963	5023
5339	6189
6626	220988
3267	5868
1088	6556
6184	29927
6147	6191
147	5021
5861	10959
5335	6850
5080	8338
6137	6202
7307	7919
5828	5830
26271	51053
10499	55588
3109	3119
6146	6727
7042	83706
5868	8301
8189	10921
1915	1933
7314	28991
7082	55243
5594	5781
10382	91147
6160	6201
5116	23354
1991	3240
830	6711
4543	6751
6144	6230
6164	6210
595	6777
6915	94235
7381	7388
5093	8449
641	5427
3181	51593
6218	6230
6175	6230
51602	84365
1933	6207
8301	9341
6453	54874
3886	8687
2962	4298
6125	6167
6517	9968
640	5336
1175	29924
6227	6228
6160	9349
10282	10466
6160	6230
6170	6230
6125	6128
6135	10399
9277	51010
5023	10970
4713	4728
4670	6625
6161	6175
151648	220134
6133	6135
1956	2268
3267	26130
1829	5493
197	2266
5903	25929
3054	3607
302	10383
1991	5199
29796	55967
11190	22919
3309	10049
2065	3918
9870	57542
932	79895
7311	55272
2810	4486
522	9556
11014	51014
6129	6233
4694	55967
4540	4695
10112	54443
6158	6230
6500	7320
472	5429
990	55388
6643	58533
7283	22897
5746	59350
2776	27334
1656	80153
3921	6227
4008	55236
2197	6152
6206	7311
2912	5179
1129	4543
5347	81930
51645	57819
9844	10787
22794	81608
4736	6203
996	9320
1478	24148
1289	7373
6122	9045
6168	6201
6133	6194
9833	55165
26268	84085
338	462
2537	10379
160	1213
6154	6232
1062	9793
6208	11224
5832	118813
5528	348995
6249	8826
2247	6233
5008	7297
5610	23118
6139	6157
6233	8290
9716	51692
6207	6218
8450	10401
8131	64121
1008	1016
552	2847
1781	10112
3183	3185
8969	85236
6194	6233
160	22872
6387	6754
1329	1350
6130	7311
6202	6727
302	383
6169	6181
3914	3918
26539	344892
9416	10236
6125	6235
23142	23291
26354	55299
4736	6205
5725	7919
11340	23016
3913	9459
831	5747
2099	8202
5439	7314
26268	140461
54472	81567
1432	6885
5584	56288
6161	6228
53339	57531
6175	6209
3491	10970
5885	286053
3169	55766
6222	6228
6165	55176
6218	6727
6159	10399
