5048	81565
2131	2132
6122	6175
6147	6154
6139	6205
1665	11338
990	9700
5004	5005
399	7204
6129	6181
10733	55142
5023	10970
335	4547
2150	5021
6923	140458
8453	55832
8688	54474
23295	84231
7456	8976
1911	6045
344892	390067
5430	11338
3178	3183
6202	27340
3655	3915
5528	11004
6173	9349
1129	5733
6137	25873
6144	6173
7082	25937
4726	7388
1894	9833
6228	10399
6147	6176
6233	90678
6863	84432
23014	143279
2935	6189
4993	344892
55055	81930
3895	3912
6146	6167
566	1511
972	3111
57678	256356
3832	6240
6156	6175
1308	3918
10930	29974
830	1781
400	60592
7124	8740
6170	6235
6152	6234
3577	50834
9918	259266
5862	10890
3689	199675
1933	6137
4736	6136
25	10163
8453	89910
1778	54821
2958	5435
5590	57154
6122	6158
6147	6205
6124	6161
6143	6155
6202	6230
64951	64979
2266	5345
10293	200845
1994	55660
116	2740
10112	83461
6129	6206
22919	79172
8541	64130
5685	5706
6169	6171
1937	6222
6453	23149
9700	10274
55781	84135
5725	51692
1783	8729
1981	5976
3105	3135
4353	5657
9793	23244
6827	10302
1116	10394
6232	7514
6144	6227
1174	10016
8347	126961
3577	4986
4540	55967
6169	6232
1537	6390
5439	5451
2865	6288
6164	6223
6168	6206
1956	2274
2359	11251
522	539
9833	24137
3921	6133
3684	3687
1500	6714
1499	5819
6181	6235
6223	6228
6228	25873
868	200845
6205	6224
2935	6156
7153	259266
4905	9527
6434	27339
7316	7328
5501	23122
4540	4707
25937	51421
6224	6233
991	2305
1994	10291
2798	10886
6161	6201
4736	6230
4538	374291
1937	6125
6170	23049
3355	5173
6205	6228
3133	3134
1933	6142
3301	10808
1058	151246
5265	7040
27198	58191
8349	333932
6168	6230
1937	10399
1511	1991
4599	91543
6836	29927
9844	10458
1063	2305
23601	199675
34	6256
6142	6143
1676	3836
109	10681
23326	79595
10540	91147
3921	7311
10193	25831
4539	4712
6233	80351
3192	10921
1233	11251
25909	57122
6125	6160
983	3833
3827	4295
23160	56919
1291	3688
8766	10890
10403	81930
9739	27327
4171	4174
1069	10426
1954	23295
3713	6707
55249	55870
3913	5879
9887	51065
10121	26123
9320	22954
2059	5294
9972	23279
51129	85441
6428	6430
1063	55746
9727	23265
6139	6159
5431	9879
332	5501
2197	6230
5436	7936
6228	6234
6218	6228
2790	27334
623	5737
9967	84498
4172	7298
5861	22818
2491	55055
3422	4800
27340	55127
6185	29927
2792	2847
4111	158511
6157	6206
1457	7153
6477	92369
146760	154064
1778	5529
6137	6141
1933	6204
2033	27327
23223	79039
5725	220988
6168	6222
9787	64151
10733	203068
3688	7430
2623	2811
1856	7314
2033	23774
5609	5879
6160	6188
81567	93100
9221	25885
6161	6223
6237	10235
6430	7919
6135	6147
4301	7082
4064	9450
6396	8655
5048	23322
51	5194
11098	84141
1499	6714
2801	10972
1605	84892
6635	51639
3430	4939
65083	79954
6202	6204
6164	6233
3937	7305
6130	6175
6878	8295
5880	27237
2071	6878
8452	9870
6143	6193
22856	55454
23223	79711
1783	6249
1969	5879
1394	3973
6201	6206
2760	6317
4697	4700
1949	2045
5978	80012
6637	27258
138805	344892
3191	10236
143279	154214
3619	10274
1063	7153
6602	9031
351	5330
54972	64856
6152	6231
3191	51692
4734	23291
5204	6637
7175	57122
22919	79980
1495	1942
6233	64410
26290	56667
5440	10302
6124	6203
5713	5715
3911	3913
2784	5741
87	5879
9877	10250
2197	6234
6141	6142
6138	51187
2358	6556
5878	10618
1287	8974
9738	54820
4626	8735
6128	6135
6135	6169
5335	7852
1062	5526
1933	6181
6136	6217
4297	51230
6698	126638
1365	1366
2033	5929
6133	6224
9349	9887
6171	6235
22984	65083
8925	54778
3313	5903
5611	10525
8313	10297
5173	6751
932	2358
2305	5518
2958	79035
3017	440689
3833	56992
10383	84962
1981	6208
23322	79600
3838	4343
23412	51725
4867	9657
3609	4670
3320	10598
701	10615
996	8945
6633	84844
1062	1894
5347	10592
945	2207
28	2524
8581	284348
8969	653604
6133	6209
6144	7178
1314	9527
830	51014
2551	4899
57413	59340
1314	22872
2800	91949
4713	4725
1783	24137
4809	6231
92104	150737
8945	90293
102	160364
8329	85236
1969	5747
56670	94235
3071	9564
3434	4940
6155	6228
5976	56006
699	3796
1639	24137
50615	59067
811	813
1830	6707
1121	51715
6133	6234
6159	6210
7311	11224
3956	7076
6168	6194
5460	55211
9739	55904
2222	51478
2960	4763
3456	3665
7515	11284
1495	1500
3491	3913
10236	11338
891	9232
1058	6790
4116	140801
6168	6209
4538	4540
8329	8341
2956	9126
6147	6203
23160	55127
1902	63940
301	5368
6128	6129
8655	83658
3832	146909
2683	54918
7328	23608
7311	57674
3895	5879
10849	25885
6139	6168
1511	8635
3017	8337
1268	9294
5328	5329
2274	6281
8945	11059
4609	55766
1040	79143
55336	118424
1829	1832
1398	11184
6122	6156
6229	27340
6138	6189
9277	83732
996	4734
5529	5781
659	9765
8349	440689
6137	6173
6249	10540
378	830
55166	57405
9700	23332
6117	7156
6202	6233
3376	8565
3797	10749
5516	5520
3433	54739
80184	84962
1915	6175
23028	23186
6161	6206
6868	11319
2042	2044
2957	51616
399	84144
11004	55143
6159	6229
2965	9646
1634	4314
7311	23600
7249	57521
5862	5870
26046	26268
1933	6207
25885	64794
1337	1347
8301	9322
1956	54874
3620	169355
26190	54165
4599	6772
6385	7035
7337	9320
1956	22905
50831	339403
6129	9349
1230	83756
23332	57551
640	5336
108	5179
9870	22954
8826	128239
1455	2810
6169	6233
4707	4710
10112	11127
1665	55127
10075	84231
6206	6232
3111	3115
513	374291
50838	51289
2968	6882
6202	8666
6143	6173
6139	6206
3433	4599
3710	5330
2262	2719
51280	54972
988	9126
9744	51454
351	1524
10920	55884
6222	10399
2730	2937
2792	3763
6139	6223
6175	6205
4033	5660
1660	10523
5685	5705
857	1950
2788	10575
26268	140461
7514	57551
25885	55703
7005	10413
1981	6230
114	259285
945	3903
6152	6188
1857	5708
7336	7341
4694	4710
8945	51684
22981	57545
51382	160364
10540	22974
4713	4717
1605	3915
5725	23020
5436	85437
5868	10254
2840	8843
1435	84141
6227	25873
6428	7307
6168	6189
6453	10552
51645	85313
5605	10256
2980	2984
6222	6231
351	7042
3685	6714
84231	90678
4670	11052
226	5768
1103	6572
23350	79869
6142	6209
2197	6169
2912	3355
2207	11314
5339	6133
10197	64682
109	59340
1813	4283
6136	6208
10250	23636
9416	55660
996	65264
4537	4538
6234	140801
1793	9844
4691	9136
5725	9128
3832	9585
4695	4726
566	4332
7184	51726
695	5293
8945	9820
6227	6229
5286	7311
79867	80184
102	84141
1824	1829
9371	11014
9972	51692
10376	10693
6142	6229
1062	9493
6202	7178
351	8698
966	6711
6147	6159
9820	26268
115290	126433
54908	79172
6156	6181
1956	3691
11113	259266
5347	6249
5080	8338
824	5829
940	8516
8687	8688
6707	11187
6155	6156
6160	6222
4088	5784
899	56995
6698	6707
9928	11113
9318	27252
2537	3429
6136	6224
6228	9887
7317	10489
163	5869
324	5699
6167	6181
1660	27316
841	1281
1500	5879
2197	3921
3437	6772
3433	4940
8689	9119
4713	27089
6118	9557
374	2065
6189	6193
3675	3912
87	6714
3688	7045
1856	27130
9371	11127
3915	59277
1277	5118
4171	4173
22984	79039
6233	23118
857	3688
5439	6923
3856	5493
3702	9402
1660	51692
580	80010
4736	6135
2043	2050
1277	1291
598	6774
1910	6863
8729	9276
6156	6189
5433	55660
991	9787
1933	6189
1499	10971
23112	27327
6233	55670
6830	55677
22954	55236
23244	57082
4724	91942
6146	6169
5725	8661
51645	57819
6136	6164
1645	8644
3123	7535
6790	11065
3071	8976
3002	5551
4986	50834
1962	7311
108	6750
3921	6164
2550	51083
9969	10499
813	6790
29074	65003
5557	54962
1665	1994
3394	3430
5869	10552
1816	3973
6122	23521
22916	54973
54552	55720
332	5528
10733	132320
51166	125061
5368	64805
1778	11014
6517	84246
27	4690
858	1956
9887	23381
3433	9636
23451	51692
7852	8698
8329	8337
8514	57153
6233	57674
332	9833
4986	27198
3303	9531
6133	6204
1058	10112
1387	10499
5869	51715
8301	25977
8365	85236
6224	7311
1908	23620
2243	5345
6168	6232
6165	6206
4712	27089
6159	6203
10112	22974
10660	390598
6132	6218
10153	55131
2922	4923
332	79902
11014	51014
389	7204
54998	55052
7184	9601
4717	4724
3071	5747
2853	8843
23521	25873
6139	9349
6625	11100
891	1022
23168	56254
990	9491
4175	6118
5311	9727
4069	8635
24137	146909
3619	8243
5880	80728
10484	51014
6418	10592
1981	6233
6129	6144
2521	6421
3913	6714
1983	6223
11252	29924
5438	5440
90	4088
155	6343
9371	23095
6173	6191
6170	11224
932	160364
1062	64837
3109	3115
3240	10394
23107	65993
8648	10498
5879	64333
9055	11113
51602	84549
488	489
9787	11339
7476	7483
26091	57542
3912	10971
7038	7173
4690	9448
2131	6385
79861	81027
6141	6202
9879	23517
6129	6155
10890	51552
7003	8463
2197	6167
5516	6249
6169	6223
6157	6222
8655	55839
6233	7132
566	4125
1327	1329
6628	220988
3797	24137
6790	9493
27042	55153
4536	4537
462	2243
6155	6233
4116	84844
79895	100049587
26046	197131
1347	4726
6144	6167
57403	81876
5707	51330
963	3903
54820	54908
2107	6137
4701	126328
8568	22984
57154	151636
56919	57647
4353	6036
5929	8945
102	813
1665	23350
6602	7421
641	7316
2150	2788
79600	79867
1173	24137
2784	2847
5411	51747
4706	4717
389	394
10484	90411
6159	6206
3191	23350
2155	2159
5822	7109
988	5983
5294	7409
6129	6154
1459	9918
3921	9045
10236	10946
6137	6202
3111	3119
4736	6158
6133	6194
5547	5660
7766	10155
1063	24137
580	10635
6430	10949
1915	10399
153571	153572
1933	3921
87	7791
3267	10097
6132	6224
566	5657
10274	57082
3312	10808
6128	6229
6139	25873
5715	7314
9730	10293
6160	6161
6167	6727
156	5578
6136	6173
4508	4509
4938	10964
1455	89780
57674	64219
8697	11059
1660	2521
6222	25873
1956	5782
891	1058
3619	23047
6152	6223
6143	6233
1048	171169
6156	9045
3303	10963
891	24137
1088	150372
4691	10528
1994	23283
1812	10268
6181	51187
84648	353145
5706	6790
1994	10492
3105	3659
51429	115548
4713	7388
57154	64750
56477	338442
6139	6224
8914	9126
1933	6165
6141	6168
6206	6228
399	23526
8826	55109
7272	10615
1551	1576
6139	6230
10772	10949
8463	10413
83540	220134
4116	6165
4775	5534
488	4853
117	5741
117	594857
6161	10399
2073	8451
6752	10563
6709	51014
6161	6233
2962	10291
1132	8843
4939	91543
2833	6346
23118	257397
6139	6203
4700	55967
3909	3911
6223	6233
6159	6164
54437	57188
6161	23049
146760	284348
6124	6135
1191	10916
65083	84172
10112	55635
988	10059
3984	54434
1387	81857
50835	51289
1650	29927
8337	8970
6605	11198
5879	10552
5796	7316
1536	3683
5725	84991
6209	6227
1639	3797
950	7316
1290	1303
3183	6434
10155	90233
3200	8338
64963	92399
3713	7051
6036	8635
6146	6224
25831	57542
1660	10713
3434	4938
6427	220988
2938	2939
983	219771
1499	128239
1933	6157
9277	26155
2186	9739
5828	5830
6181	6230
11128	84172
1058	9133
4886	4889
3931	23659
890	84515
5518	25873
11167	84141
6776	6777
6189	6218
6426	7536
2776	27334
6165	6235
1605	3909
10970	84141
1906	2863
6272	11319
26146	79989
2034	9314
6142	6165
5196	94235
1933	6128
1778	84902
23524	51639
5427	9768
54069	64946
6750	6754
1063	7514
6205	25873
6146	140801
7184	10970
3921	6160
6185	84061
983	3832
23586	83666
6154	6176
3362	53831
1457	10051
119678	344892
29933	55970
988	9533
3675	3918
29945	64682
7852	83737
6139	23521
6141	6194
6130	6169
5700	5706
374	2069
11343	57552
1962	6233
891	81930
3163	5023
54732	55738
10921	10949
779	27091
3673	4233
1303	5351
6173	6234
4709	126328
2837	84539
10618	23431
5693	10213
2197	23049
6158	6168
8365	440689
1490	7004
6136	6202
1232	338442
811	2923
6663	27022
3853	3868
6152	6155
4738	285231
3491	5954
6206	23521
6232	7458
695	6850
5347	81930
3178	220988
23586	51191
8514	9522
10693	11328
9055	29127
1292	7373
26046	140461
7316	10920
6230	140801
5819	201633
1983	6176
6129	6133
23063	23244
5230	7167
5266	7051
10332	30835
5339	6164
4713	9551
7536	220988
6194	23521
4174	7298
6233	8290
6173	6227
6155	6229
6152	6194
6142	6173
4591	65264
26190	54778
10952	28972
2967	9015
7840	57787
3681	22801
695	3635
776	51764
3673	3914
1457	25942
6160	25873
5870	10890
683	199675
10735	57551
10615	146909
5795	55754
3619	3796
1656	80153
6175	25873
5023	196527
226	2539
84962	126374
81	55243
5928	57690
514	4700
3672	7402
3190	11052
3903	8514
2967	51755
6202	6228
5438	51755
55661	84916
891	6790
2597	5230
2197	140801
6142	6164
2935	6164
4707	4713
7272	24137
3875	3880
4736	6234
6500	10920
3635	5294
1387	9757
6188	6203
6168	9887
6144	6189
1482	9421
6427	6434
57115	114771
23142	23291
8886	64318
6235	27340
9015	57504
26524	126374
7479	7484
2776	2837
6122	6176
23627	137797
160	1213
1536	3163
3678	5329
302	6281
4512	4514
6130	6230
6203	6229
2740	5746
6237	7525
1618	93426
1366	4072
2847	2918
7020	7039
3880	4072
5688	8312
6667	26512
47	1431
54960	79833
5870	7110
10959	26286
3191	10949
4586	140453
53339	57531
6168	6173
1915	6161
7311	57154
4924	10618
9919	149111
8334	121504
5332	55970
5347	6233
4809	5435
1601	10618
1879	5079
332	55055
2268	5747
25873	51187
6124	6222
10403	56992
3713	6699
5439	6621
10458	55740
353139	353145
6189	6224
6181	6209
6209	6228
81	7057
6228	140801
55920	79023
920	5335
3735	7965
9320	144699
1829	64065
5711	8697
990	5717
7178	25873
9113	154810
6556	23601
6155	7311
23014	64219
6160	6194
10772	27316
3433	3434
7532	10142
25926	117246
25873	140801
1605	6714
3133	3659
1778	1783
6160	6233
10975	126328
345	2262
955	374659
80740	154064
2932	5529
338	4036
6154	6170
9276	9632
6155	6161
1536	3685
6193	6206
6157	6203
988	58517
4694	29796
6232	54820
2317	3688
344892	390059
6139	6160
5977	57492
26005	121441
6207	9801
3673	3675
6156	6232
9510	11096
6222	51187
10285	55749
4599	4938
6135	6138
6137	6176
332	54821
3074	23197
6129	6135
6129	6147
6167	6235
1783	10652
83666	151636
10193	197131
5048	5529
399	9138
2935	6142
4736	6155
5023	10857
6146	6230
3912	51280
84752	143662
4536	4539
3055	3572
1933	6193
57479	58506
5741	10266
5330	55970
1241	55970
489	4853
1382	5916
6700	26239
5518	6204
2695	2792
6161	6209
6133	9045
3683	7409
6175	6189
680	846
966	2207
4540	4713
4724	29796
6164	6234
514	4724
4736	6218
3491	51280
7204	29933
6143	6169
3897	284217
10425	84085
25831	64682
920	1234
1350	4695
1969	2050
1783	6993
29127	81930
857	4088
5861	10749
29093	118487
2591	4582
915	3118
79600	84902
778	27091
6737	283807
6230	63931
1910	2147
187	5196
112	3579
84085	154881
521	9551
514	1350
1058	10726
6160	6208
6136	11224
5430	10250
9787	10592
4700	29796
506	8802
1060	57082
51014	55738
6155	6168
6161	6224
6634	22827
9276	10802
6165	6227
3688	3915
9787	55165
2867	23620
22984	23160
84676	140456
671	1116
7536	27316
122876	594857
6139	6142
6709	7430
28998	118487
4852	5179
23014	55884
8698	55970
6135	6193
6171	6231
6430	220988
5878	10890
23332	121441
6156	6176
3685	10857
6241	64151
813	1435
6155	9045
10094	10095
4173	4175
5693	5700
11103	27340
4116	6233
2790	9138
5566	84902
7133	8740
8886	84172
6143	6194
2935	6203
57551	79172
6146	23049
1062	55055
87	51097
6136	6203
6141	6154
3107	3659
6152	6170
890	10460
9643	93621
6125	6228
6157	6159
7311	83987
5196	56670
705	9277
7132	10616
2535	2790
51382	338339
27229	55755
7334	64320
10102	28998
521	4700
5701	51330
2641	346562
719	945
6142	6201
2091	6217
6206	9349
3688	5829
10403	220134
11339	55143
4697	4717
5657	8635
3202	3204
3833	9793
1793	10152
2672	6688
4259	8836
4609	7022
399	7409
6160	6169
259287	259295
121504	333932
6135	6142
2073	5438
6167	6188
4116	6173
7283	22974
701	56992
335	4036
932	57153
1398	6461
25793	84676
701	10733
112	1269
10802	51014
4620	8735
3178	27316
10802	10960
6429	10946
6137	6164
891	11065
6223	7311
4088	23327
7398	10714
4689	7409
6625	8189
6657	63978
3577	8843
3915	5621
23291	54165
6144	6159
6133	7458
6209	140801
274	6453
6167	6175
5422	7027
6147	6194
4738	55294
6130	6194
705	8602
3833	9212
719	8514
1315	8729
55884	115290
4172	4173
7919	10949
5868	201475
627	5599
3683	3693
639	3662
51196	80271
6189	6217
657	659
3192	5094
4057	56729
4599	9246
5338	5898
9349	140801
6189	10399
2036	8573
1499	283149
4694	4724
1329	10476
397	5880
1287	3685
891	2801
6461	7409
2916	3351
6155	6157
2199	8076
3107	5696
1269	56670
8729	10945
6233	23586
7779	27173
2358	53829
10949	220988
10342	81562
11169	23649
6158	6176
1778	2491
56923	339403
338	3827
84078	89890
6142	6167
5266	6699
1237	27199
3437	54739
3274	55970
6122	6173
1069	9657
1063	3619
64792	150737
6128	6188
8189	23524
3181	51692
5435	9978
3689	79895
2519	3074
4867	23322
65055	138883
6152	6154
7272	9833
6234	7311
8334	8970
4736	9045
4297	6045
57545	91147
30	6590
6234	56902
6139	7311
1915	6142
1268	64805
6877	51593
9604	9867
9282	84498
9276	11014
6175	6203
399	9938
399	57522
171177	389337
1287	80781
23304	56658
29841	85441
146	84109
6164	6175
1911	23028
6124	6144
6235	23049
1956	284119
7450	54756
2788	55970
23397	56992
6124	6228
728	846
8570	22894
3921	6143
4332	6037
5725	10432
7316	22954
1857	2932
55755	261734
649	3339
3683	196527
1660	55749
6128	6159
2358	23601
8581	146760
377	10540
3837	23511
8295	79595
23620	84432
6230	9349
9354	23304
1001	3728
1670	1671
6137	7311
81	3688
3240	5199
6167	10952
4208	5533
2962	54845
8638	10561
116985	171177
6133	6208
800	10398
6160	140801
991	5905
4670	220988
5534	151987
1639	2801
1495	6714
3886	121391
3903	64386
9133	83461
51421	60485
6426	7919
695	7305
6164	6228
3911	3918
388	257106
5330	60675
6161	6189
506	3313
11325	55749
10640	55770
8925	53339
9527	84516
6175	6201
1933	6168
351	10272
4736	6176
2792	10563
332	24137
891	8697
6137	6161
580	2177
6125	6167
23049	140801
3655	4233
1981	6146
5829	23209
2177	11073
983	11130
6176	6227
1453	1855
617	10469
4713	9377
226	5223
3655	3675
6155	6232
6202	9045
2832	3827
6631	6632
4707	4709
701	9824
6181	140801
26268	84085
3675	3693
6432	6434
22954	23327
64926	153090
5432	23379
23014	55832
6218	6222
3685	9564
351	10970
9475	9826
55749	79869
3543	7441
4709	27089
2079	6428
26190	197131
5880	7454
1793	6461
595	4602
3827	51156
6223	9045
156	2863
8085	25942
6164	55176
23160	54881
2268	5829
6146	6233
6428	6432
11095	157869
3921	6165
1994	3609
8449	79869
2036	116986
23608	140462
5335	7305
719	63940
6122	6233
6129	6222
3015	79682
5928	8085
891	5516
523	155066
2935	6157
3433	4938
1329	1340
6133	7178
4599	4939
7204	60675
6168	6227
966	11014
164	84062
2962	8175
9128	55234
3911	9459
5928	51317
2826	84539
29763	54874
5528	23047
5747	6714
5931	10664
6132	6160
338	2266
10767	22894
1956	8976
1981	6189
3913	4233
50835	56923
10885	54881
4599	23586
3109	3127
23304	29945
10000	55970
1933	6155
6164	6205
6249	54908
7098	10695
4709	4712
1655	23658
4702	27089
174	6694
846	2798
1576	2326
29984	171177
1285	1286
8178	11267
5094	27238
164	10618
4008	22954
6632	10465
1118	3417
5290	5970
6157	6234
6160	6223
9138	55970
6161	6234
5684	7979
5660	126006
389	5586
5269	5337
8687	8689
4887	346562
2914	11255
10155	284309
4839	55720
4040	8322
51122	56995
151246	348995
6672	79097
3240	56729
3843	10527
6161	6207
9320	25831
6430	6432
4508	4519
659	23118
3375	7253
4734	64750
3849	319101
6152	140801
9739	9757
367	8349
8356	121504
6122	6184
4829	5737
1232	2840
5950	7276
4584	140453
54739	91543
1434	3836
6235	9349
6159	6205
8886	55720
247	3479
9716	10236
6222	6224
5610	23118
3105	6890
6176	9045
9341	10652
6621	79035
51014	54732
6385	10755
51585	79869
4538	4712
8139	55336
5777	7852
1794	3055
26589	28998
9833	22974
3655	3918
6500	9604
6204	6224
6144	6157
2912	4543
1062	23332
6122	6133
6165	6203
54443	55165
6202	6218
1398	5599
813	3569
7514	23279
2053	7311
11190	55142
6124	6207
996	25831
466	1386
2305	9833
2243	3481
5689	5700
1108	3094
8243	10735
6218	6227
3184	9987
2266	9715
5590	23286
147	5021
6455	8871
8243	55746
23310	64151
6189	23521
890	55355
9690	57630
1824	7051
1660	3181
3190	55749
79954	84128
9493	22974
6625	6626
6128	6231
8021	55746
7042	10490
251	152330
6453	22905
9133	10403
6205	9045
1080	4036
2792	65055
2033	81857
3887	3889
10466	11014
6711	10466
778	779
5439	6119
3886	8688
7531	81565
10652	11014
6167	25873
5001	222229
5393	51010
1937	6181
3685	160364
3882	3886
991	51665
3725	3939
10403	26271
6168	51187
9700	23122
5741	594857
22936	64859
1337	29796
8636	11258
5516	7525
752	5217
4173	55388
6944	81611
6160	6173
3913	59277
6159	6207
6227	140801
5529	79172
81696	344892
10749	11127
6133	6165
6142	6206
1783	11014
3909	4233
1937	6133
5594	10971
6170	6189
5528	9700
10051	10592
6206	6233
8568	51096
1933	6160
6207	6230
3911	5747
399	9743
25831	140460
10592	259266
6203	6234
6233	55777
25831	65264
6203	6233
6224	6227
6152	6171
2912	6751
51649	54998
3185	23283
2788	27334
1277	3685
6159	6223
9276	22820
6144	6204
6202	55272
302	10577
29796	51079
1088	338339
6164	11224
2633	3437
6175	6233
54578	54658
2956	23028
988	3843
6161	23521
6136	6233
26232	26235
1088	2358
6160	6170
5817	6714
6204	6235
10403	55355
136	2863
5880	8324
351	9002
6157	6201
11103	56902
8907	10053
6224	6230
5870	57511
1315	9276
6430	8175
1347	4695
3122	3127
391	80728
6224	9349
391	27237
55003	84154
6125	6128
2206	2207
6230	55272
6921	55284
5270	5329
1728	3162
5869	6233
988	23397
1268	50865
1793	7409
1749	1750
2266	2719
813	11098
4707	27089
7516	348654
10920	150726
9700	348995
4509	4538
50834	56477
959	10673
6158	6234
6124	6232
6202	6206
5435	6634
2197	6159
10466	57511
2817	6385
55279	285237
6130	9349
7409	27071
7124	51330
3909	10298
3918	375790
3855	3866
344	26020
389	1894
6203	6206
64410	80176
3055	3684
302	5834
3764	10060
10749	24137
6491	284403
3921	6130
3913	54972
6157	9045
89910	115290
6232	8662
1387	27327
1302	1306
57332	84733
1536	338339
197	336
6128	6230
3912	54972
5869	9341
5869	8411
9820	90293
9700	9793
4867	8655
7316	150726
6144	6224
6147	6155
1783	2801
7272	259266
2247	2817
1364	100506658
2197	6207
4541	4726
6160	6201
7311	285231
11251	56670
6128	6147
3921	6230
3684	79895
27042	55127
27252	55585
4867	79600
890	9833
64284	401409
5870	81876
8970	85236
6168	6193
56995	84085
5702	5708
3685	4240
26005	80184
2177	2189
6230	6233
1576	54600
2207	79895
29093	65003
8337	653604
6155	23049
5928	57649
1329	1347
2034	84962
4713	4724
6144	6164
8655	64792
2847	10563
6207	6209
6132	6235
6233	10401
2782	5082
1778	5707
5111	10535
5781	10818
6194	6205
6370	11251
521	7388
3308	5903
6154	6209
1495	1969
7311	57530
1435	8542
1522	8673
1173	5878
2197	6147
351	29933
4041	6422
6194	6222
2475	57521
4519	4541
3685	6385
3640	5443
6160	6176
1337	27089
219954	285093
6233	55366
64792	79989
9221	23160
5660	84061
6734	58477
10921	27316
3009	3024
5318	11187
9790	55127
5519	79172
54575	54600
1287	55214
1398	7409
6159	25873
4313	4323
4938	4939
2790	2837
6429	10236
3903	5023
6637	51639
9551	27089
6156	6188
3703	6185
6233	151636
55829	58515
5443	6370
11014	25839
56949	57794
3640	53831
6129	6152
1292	10536
5518	6207
3799	24137
6173	6204
51023	118487
6387	50837
5426	5427
4116	6146
6133	6176
3066	6045
2150	2863
5707	10575
6430	27316
6176	6208
9295	9410
6363	10563
9306	9655
6635	6636
226	2023
6218	6234
6643	58533
3183	7919
6208	6231
10412	23517
7272	64151
4736	6160
10693	63971
9493	10749
5179	9210
26263	55884
5501	23332
6128	6233
10142	26123
6924	79577
566	4069
3181	3190
6432	10946
10607	92856
1453	6223
6426	10772
6146	6202
84946	88745
2801	51014
3660	3662
22826	85313
26224	283807
996	5699
1477	6431
1829	2125
8365	333932
2033	9031
9833	55165
3429	3437
4701	374291
23521	56915
6137	6233
2209	3055
6202	6207
3915	375790
57674	151636
6154	6164
6139	6228
6154	6229
527	3920
988	9611
8871	9341
991	9055
695	5335
2243	2244
6790	11190
4176	6240
2197	6160
10396	25798
332	64151
830	1604
891	7531
6206	6223
2693	2776
6193	6230
6624	51411
23332	25936
399	5879
6169	6207
60560	80018
1230	2833
5266	6707
6233	51592
6152	6233
4343	4853
4536	4538
221	5329
10236	220988
5557	23595
1994	27316
1783	79659
1347	27089
6135	6173
10499	23389
963	966
120796	344892
25827	126433
6159	6201
6628	6636
6168	140801
57153	79895
567	3660
1105	4343
6908	54815
1650	3920
388	397
6147	6165
915	3702
6144	140801
353142	353145
55832	57542
3133	5696
1400	56896
9739	23112
2810	4486
6139	6146
3685	5023
9320	57542
6125	6164
5869	7316
4686	11338
6631	6636
4512	4535
5501	9793
3429	4939
55131	64794
158506	285231
5335	7410
1499	1969
846	51289
6147	6234
9330	53981
4173	8914
6135	6146
6125	6129
4008	57542
6155	9887
6189	6206
25804	27258
1956	5328
841	843
996	23291
7175	51692
7507	10714
53831	441864
26190	83737
6233	55008
226	2821
2914	3350
2993	2994
1774	5199
3354	9283
6138	9045
10523	11100
6801	7871
4116	6227
1350	440567
3071	3320
1981	6218
10714	23649
6202	10399
4708	51650
146	2846
4116	6636
5869	6453
6159	6170
9793	25909
4718	4724
6500	55884
7327	8925
1915	6222
6727	140801
1981	8672
5591	9656
2521	3185
6146	55176
6130	6207
23095	24137
5879	9181
988	7919
23582	25949
846	10022
6137	79707
2813	55350
988	23435
2537	3434
336	5948
9730	63891
627	5879
6210	22984
516	51287
1084	23601
3133	6890
11255	50834
6165	6202
9551	9556
3921	6222
6167	6173
146	2922
10592	54892
1325	10563
9295	84950
4670	51692
54998	219927
8807	8809
4057	6709
8139	51619
1453	2197
5335	6850
6209	6222
4116	9349
2817	4035
2648	25885
6168	6234
8412	9564
4548	10768
7874	56655
1022	5887
1994	23435
4686	8021
6222	6229
2099	7031
3433	4939
1994	7536
8243	9793
9493	11014
3185	5725
3683	3903
8698	59340
4646	23607
6188	6235
9493	9787
7337	9867
7414	8993
6194	6224
11316	55850
6168	23521
55872	157313
27292	84135
8243	23047
84085	89910
9183	79980
8085	26523
383	4942
3491	3569
2197	6228
6222	6233
2072	7158
9320	51088
55339	55749
6169	6230
22974	83461
5707	7415
3889	3892
5878	23011
6154	6223
23067	57690
6176	6189
3267	10618
722	725
55008	151636
2244	2266
10885	23404
3320	84131
6227	6228
2935	6173
2305	4288
7311	9349
6772	6774
3181	9128
220134	348995
2153	2159
4715	10476
6160	51187
6169	6208
3308	9631
6147	6189
963	8514
1062	1063
6993	10755
4985	6752
4713	4726
643	50865
1994	9343
26239	353133
6156	6160
6430	6434
1660	9128
1062	2491
999	1956
6204	6207
1062	3619
3689	7305
2153	2243
8452	26091
891	1062
26470	253982
6194	6232
4519	4537
25897	27252
23291	55236
891	1033
6218	23049
996	51088
1364	1365
1063	259266
3491	84141
4116	6169
8295	8945
6164	6209
3304	3337
351	54972
6613	7421
5529	7514
6130	6176
57154	65264
3015	5438
9700	23397
3181	22827
6708	6710
10970	338339
6428	7919
6138	6139
6189	25873
3914	5829
9341	54874
55252	221937
11255	53637
1315	2804
3688	8482
7311	9045
4332	4353
10762	84271
6168	23049
55124	221400
1062	1783
55125	79959
11236	79139
1778	9493
8976	10787
8243	10274
1058	22974
5054	5327
8139	223082
11014	23046
2967	79577
6138	6203
1347	9551
6137	6232
5528	9126
9371	9493
6161	6173
57403	201475
11103	84916
6154	6206
6165	6223
1398	5829
27340	55720
6138	6175
1453	6235
10383	84790
4686	9128
336	2243
6164	6202
2962	80004
6224	6235
10458	10552
1981	6228
51650	64976
80184	91147
1315	9382
9793	121441
387	7094
1642	8607
6209	9887
87	7525
6125	6169
5093	27238
1796	5155
5704	5718
695	7525
9341	51542
2242	10371
4116	51639
3488	54757
3055	5829
2197	6201
108	797
3190	51692
27327	80012
2058	2617
3912	10298
2847	594857
6224	140801
3921	9136
553	64106
6181	25873
6207	7178
3921	6147
102	6233
4893	27006
6442	6444
5547	25798
727	10022
3915	4233
4867	57545
10561	55601
3921	6227
152	5580
6138	6142
4717	4728
5528	51143
26123	84902
6500	8697
6136	6227
8351	653604
6136	6231
5202	10471
1062	5903
2790	22948
3430	4599
27316	220988
5529	81930
6143	6202
5529	6233
2033	23013
4738	5715
1022	91603
1282	1292
4171	7298
6139	6169
8717	9530
6207	140801
6160	6181
5903	9631
1906	1956
3187	7536
10236	10291
930	118788
54930	84902
55582	55614
6159	6209
3017	121504
25831	154881
6233	22888
86	8607
4736	25873
51602	55759
9320	10489
6207	53918
6222	6232
1605	3911
6135	6161
8687	286887
6667	23248
3691	4233
6173	6235
6135	6231
4711	84833
6205	6207
9564	9844
2912	5733
950	8976
6152	8666
11339	64105
4736	6143
6130	25873
1292	5352
4512	4536
10121	80184
3190	10236
9014	57504
8615	10802
1306	50509
991	22974
6205	6208
933	974
636	22930
928	113177
6049	23304
7272	9787
6135	140801
4067	6776
5516	51400
6514	6927
7133	10673
10155	25888
2784	4985
1499	9314
10920	26263
57154	154881
8243	57122
7311	23032
5718	11059
2125	5493
57129	65003
11258	93661
10096	10097
5879	9046
5695	5706
5695	5700
5528	348995
4736	6138
3849	140807
677	56915
8450	10401
5529	6249
1536	8655
111	51764
3191	27316
4751	79867
3430	9636
3953	6774
3688	7057
1653	25940
81930	83540
5048	11190
5688	5701
9972	348995
3913	10970
6218	6229
4706	28998
5861	6709
302	2519
9133	9493
6188	11224
705	29777
2475	6654
991	9493
5328	10396
3565	3567
6222	6228
6128	6156
9601	10130
1398	3071
6130	6203
3190	3191
3921	6234
6209	6230
9700	146909
9820	89890
1717	50814
55876	94103
5708	7415
5701	7316
7326	26259
84154	84549
1314	9276
6171	6228
9320	23291
6430	57794
5700	5702
6188	6189
8450	55832
116	5746
595	5708
6518	196527
1233	6370
1824	1825
6809	9341
7846	10376
1281	4060
5887	7415
2790	7204
6385	7852
932	51382
6138	6232
7458	8662
9700	57122
1738	6470
4540	4728
2935	6222
56923	259287
9912	171177
9320	89910
23283	27316
3857	3868
9031	221830
6157	6160
2840	2853
3687	22918
351	2841
6500	142689
9133	23397
6170	6218
6169	6229
10574	10575
1983	23521
2801	10959
6218	55127
9126	9793
3433	10379
23063	23122
6709	7077
3356	6915
6133	6233
991	5347
2064	5364
79869	84248
96459	201163
4599	11274
5690	8742
5725	10236
6997	10637
54960	129401
1937	6175
84231	197131
5777	10630
3619	5501
3687	53831
972	3122
6136	25873
7082	100506658
64114	196527
6138	6170
9672	375790
1573	1579
4976	55669
5528	55143
2197	6158
1856	5528
115827	326624
5903	23332
3683	8514
23304	26268
2783	6752
6164	6189
11222	56945
1938	4736
991	24137
6232	7178
156	351
6518	84329
5695	9232
3283	6718
6790	10133
3683	3688
10153	55759
857	1956
5315	7167
6164	6224
3913	10272
1902	7852
6161	7311
25885	83743
6133	6142
6218	9045
23160	84172
4535	4537
10892	257397
3309	9531
1315	4905
213	5340
6138	6147
7478	7479
7320	9604
51619	126433
6228	7178
51068	117246
6194	6235
7335	26232
6157	6208
6161	25873
1739	4646
5589	23193
3185	220988
1604	51014
813	10970
2185	2268
4666	6129
8648	84498
6189	9349
7311	9020
1329	27089
79090	90411
1660	5094
10799	88745
3486	3895
5981	23244
400	23041
6130	6136
1937	6201
107	2775
6233	11224
6125	9045
11190	22919
3190	3192
2491	6232
55790	79586
197	462
6209	9349
10274	23122
6125	6203
26232	51444
1665	84172
23279	23332
3106	5696
9039	10425
6133	6138
6157	6161
6229	9045
6142	9349
3833	24137
6181	6206
130	10720
3913	5747
3673	3912
3429	9636
3895	3915
890	1058
6176	6230
1894	5879
344892	390064
5610	6774
5558	10926
3339	3915
1452	5516
6208	6223
846	4829
3688	3693
6235	55127
641	4439
6133	7311
65055	128366
6169	6181
259287	339403
6142	6230
6167	6202
2888	5584
399	6453
6175	6223
6137	23521
3691	3911
6203	6230
5439	80349
2197	9349
3886	8689
23122	55746
6128	6160
3190	3609
10236	23435
6207	6232
259292	259293
6168	6210
6205	7311
7321	23198
6136	6204
6173	9045
3837	57122
2204	23601
6233	22848
4538	91942
6249	151246
133	2790
54509	445328
10403	55143
400	55275
8881	29945
6188	140801
6147	6206
6161	6188
1007	1013
1668	1669
6161	6203
9295	22794
4116	6637
2912	4889
6159	6227
3355	6751
705	23560
6204	25873
963	196527
8615	100302736
3921	6142
6168	25873
1452	6500
336	2262
3178	7536
4540	4694
1439	6776
6154	6160
10970	54972
701	8243
6173	25873
6146	6147
23322	57545
6125	6233
4738	6923
8881	26224
83597	135946
6157	6233
6125	6143
1778	81930
6122	6203
4712	4724
6130	6209
3157	4047
899	9700
79023	129401
1116	56729
7062	23581
10291	10949
8453	55884
6176	6228
51079	126328
3017	8349
6045	23028
50865	64805
3339	3912
3054	3607
5077	6663
5903	25909
6461	9844
6152	6206
10092	10109
81	7791
3882	8689
3684	53831
23291	56995
6229	6232
8687	54474
23265	50807
6155	6207
8453	83737
2207	338339
25909	54821
5347	22974
3119	3123
6175	6222
4686	50628
2962	57794
6206	25873
3949	5869
9378	54413
2792	4985
4986	56477
23030	51588
6122	6189
59350	94235
2197	6144
6009	7529
3856	144501
1287	5155
11127	64792
2800	2803
22794	23398
7516	11073
10285	23451
8514	11314
29945	90025
6181	23049
996	9491
4599	10379
2491	79172
81930	259266
6161	6208
259293	259295
4514	4538
389	6242
1129	3355
4586	26290
3119	7535
7375	8717
1277	4060
9793	23332
1022	6929
26239	353132
10153	79954
5795	326624
6203	6204
5878	9341
6233	7178
1230	29899
1894	10112
6144	6205
5781	7525
6130	6188
102	3895
3836	22974
514	4695
7153	11004
6139	6204
6498	64750
5528	79172
7137	7138
6755	339403
135228	266727
6138	6144
51433	246184
5338	11145
5726	6755
5008	7297
1230	55970
5976	6167
54148	55168
6146	6222
10885	55127
3055	6503
472	7468
6688	7305
6122	6160
727	51289
3001	5551
6168	6201
3978	5424
3213	8338
3071	10787
51728	79622
1058	55143
2966	728340
6164	9349
3672	9564
7756	64149
109	53829
1605	3912
2147	4295
341276	344892
6223	6231
2935	6191
1824	6699
7057	56999
5903	22919
2776	2788
51429	54885
4173	5426
6128	6235
10965	55825
6133	6144
10256	54845
6232	6249
5684	8658
567	6890
867	10097
10427	22872
5119	51652
4541	4724
988	8449
966	326624
118487	128308
4332	8635
344892	390326
7434	122876
6137	6175
11339	51203
6147	6161
6170	6188
950	9341
3945	4200
6152	6189
6130	6167
4798	79913
1956	5879
6432	7919
4717	4726
79172	348995
64151	157570
388962	654483
1063	4288
5739	59350
996	9820
10153	51602
6158	6203
701	4173
51429	152503
1462	6696
5880	64333
1763	348654
10432	27316
9276	10959
1605	3688
6176	23049
6158	6173
8027	8301
6233	23014
2107	5515
3725	9070
2788	2790
197	5005
5725	27316
5931	6839
7454	10458
51234	56851
8243	23332
4701	10975
2353	4773
3157	3422
6135	6171
9972	23165
5715	7979
26268	57531
332	1063
50835	259287
64318	84128
5516	5781
6249	54820
1956	2247
6130	9045
6138	6167
10250	11100
10540	57545
10155	79943
4295	5020
6135	6203
1129	6751
545	6233
6132	6727
6161	6170
1062	22974
7316	54677
5048	55055
2719	3698
2799	23526
6746	58477
9700	10592
7454	10552
4736	6193
6133	6157
1908	1910
5528	8243
114	2492
25836	29072
1956	2059
2968	9656
7325	7704
905	2967
1303	10536
930	933
4724	27089
5529	5717
3071	10552
6165	23049
8356	126961
9927	55669
6194	6234
6207	6222
6154	6227
6157	25873
6232	9349
3267	3949
26249	150684
1909	2922
6208	9045
5565	51094
2064	7525
6155	6206
6139	9045
6128	6146
6201	9045
2305	7153
6430	22938
521	10632
58	60
4102	158511
5437	7874
6610	7132
1595	4597
9666	89910
9533	112495
6122	6161
7514	81930
6203	6207
2149	2151
6201	6233
1129	8322
1659	9716
8698	63940
5023	8514
6134	6173
2633	10561
7531	10383
9801	84340
64682	90025
6132	11224
5023	326624
9462	64926
6128	6171
567	3106
6189	6234
9282	9967
4116	6152
932	945
10610	143662
9700	79172
3998	10959
4694	4701
643	10803
2131	2817
1639	10121
5578	5588
6233	6498
351	1234
6138	6201
1362	3482
5438	6633
22905	29763
7298	10403
6154	6228
391	55843
10959	50999
3015	10284
6205	51386
2792	2911
6143	6234
6205	23521
2800	7110
6132	6176
2634	3659
1793	9564
6129	10399
7311	7321
55166	387103
1537	4715
9938	29984
29078	126328
1650	6122
199675	338339
5351	8985
4088	57154
6222	7311
3356	94235
389	94134
671	5657
680	4829
4725	55967
28998	65003
1983	6133
2060	9829
1824	3728
2491	5903
699	1062
1991	8635
2653	6472
351	83706
6637	51372
6426	6434
81930	113130
3912	59277
5879	10788
6139	6185
5829	9459
6161	6235
8314	23512
4952	9341
11103	51575
6234	6235
6133	6154
7153	7298
22919	22974
3157	4598
3181	5430
5903	55339
5361	7305
8074	29106
6137	6229
4726	7381
6204	9045
2863	55970
23011	51762
351	8477
6125	6181
3312	6804
4969	11081
6130	6133
695	8976
6181	9349
3713	5493
1495	5584
6233	27340
1994	10921
57154	57674
2635	5371
5048	7531
6173	6208
2767	55970
6129	6157
7316	9929
1237	2917
1161	7518
1490	10413
1894	9493
10952	58505
1133	8477
6168	6223
5693	5705
830	57511
6122	6209
3113	3122
8453	23291
205	513
4736	6224
10274	113130
6374	27198
1062	79172
335	3698
990	996
55143	57082
6209	6223
6130	6223
4670	10594
10121	10844
51096	84154
1933	6152
4514	4537
6157	6228
332	9493
10240	84340
79659	150737
1938	23521
8321	8322
10970	11167
3916	3920
5688	9232
274	51429
6128	6152
6461	10458
6160	6202
3882	286887
1132	53637
6146	6164
1629	4967
5094	5725
6160	7311
4172	55388
1111	8317
10403	348995
8027	29763
991	83461
890	11065
1983	6234
55832	80204
51602	84128
890	9133
11339	64946
8886	23160
6176	6206
5199	10394
9793	57787
351	27242
115106	440145
6229	11103
186	3350
6218	11224
6157	6188
1058	9833
6230	9045
4712	4728
4927	50628
813	3915
2266	3698
27243	51652
3105	3107
11339	22974
6204	6218
56670	59340
5566	5970
6132	54512
5290	6667
5983	8451
4670	9343
2209	10787
2244	3827
140807	319101
1994	5725
81	1495
4670	23435
6167	6230
51118	80135
9294	64805
3339	10855
1062	9371
63967	84515
283111	344892
6222	9887
6164	6230
28998	64951
54069	79682
197	3698
991	1062
891	54821
6132	6161
6205	6209
6173	6176
1457	9918
5879	50619
1783	10112
4171	55388
2197	6136
6613	7341
378	54732
29127	55165
3913	10298
4050	7124
3655	5339
5469	80205
6142	10399
6125	6168
8843	11255
6129	6234
999	1942
4116	6632
23020	51729
6181	6208
9757	23067
846	50835
6157	6194
6154	11224
1933	6194
6142	6234
350	2266
351	2767
6204	6228
1120	5130
5720	5721
521	1329
56902	88745
3659	6737
3434	10964
2209	6688
991	1781
4627	5898
6934	283149
22974	23397
945	5023
6139	6173
10640	23265
10181	10523
26271	51053
25827	115290
6209	6235
377	1783
6173	6175
6137	6170
521	7381
25885	55127
10885	22803
4544	5443
3191	10657
3214	3217
10902	54617
3561	3635
4542	4641
1937	6188
163	274
10236	23020
25978	92421
9636	23586
6152	23049
4736	6232
1576	2327
671	56729
4718	5284
3127	4261
6147	6164
1911	57504
990	55388
6233	54778
4540	25915
1062	57551
1511	6036
1294	2157
9700	57082
1387	8648
6137	6189
813	3912
890	55165
2197	6202
6144	9045
8697	23291
6155	6189
1500	55740
1555	1557
6130	6137
966	11314
6206	7178
6218	7178
2255	26281
9055	10376
10885	27340
1605	3913
6137	6143
5347	9793
3437	4599
4709	4710
7032	7033
6204	6206
8886	23560
7004	8463
3594	149233
1111	4361
26043	55666
1364	1366
9700	25909
7305	100049587
10885	26155
4713	10632
472	5884
10274	10735
1915	6206
4670	10291
54617	57634
9410	10236
2207	5335
1981	6160
10970	222487
7135	7431
6672	10475
6228	23049
8085	9757
6189	6223
1994	220988
963	64386
5610	23586
323	351
6143	6232
51079	54539
6201	6209
8065	84259
6556	160364
10972	51128
6142	23521
8775	388552
27339	57461
6167	6224
4670	5094
9412	55090
861	6604
3558	3717
6217	84916
6164	6169
55165	259266
26091	65264
6429	10250
6455	7316
1639	22930
1793	8976
6130	6147
2147	2159
988	10767
9371	51014
10121	57545
891	5861
988	3066
1665	3190
6137	6218
2787	10803
8341	8969
6167	6204
6165	11224
6222	6223
1660	3192
945	6556
156	7852
8590	285093
6870	128674
1350	7381
3191	3192
5440	80349
5869	23011
2491	81930
4512	4540
890	983
10959	22818
11218	25929
79172	113130
10749	29127
9892	10092
2847	6752
2195	7124
64151	83540
998	22919
7514	9793
6128	6189
23112	26523
53905	405753
4734	115290
6173	6232
1062	6232
8189	10523
3185	3192
6429	84950
6159	6232
6916	80142
9967	23097
1398	5747
6189	6201
10575	10963
6155	6202
2207	3689
4736	6165
1303	5033
6223	8666
4726	27089
988	4173
2740	59350
226	5315
5439	6637
4670	6421
1058	8655
4689	653361
9277	51118
6203	11103
3326	7415
10693	22803
9801	23521
1453	6232
5048	5515
9002	55970
6133	6229
3882	54474
6396	9871
3055	9564
5584	55243
6741	9533
158506	246184
81697	344892
7919	65109
3688	3912
6135	6202
51096	84128
5540	6755
11065	83461
55720	56902
3191	9782
6176	23521
1793	10458
4867	84902
377	830
6201	23049
1630	137970
6422	7474
566	4353
219960	285093
3434	55008
29093	92259
1062	10592
3115	3123
9662	79441
983	51053
8356	653604
2197	6204
1783	25839
3109	3123
2251	8823
2956	4436
6168	6228
83540	157313
915	3560
6124	23521
6164	6204
25929	57122
8602	84365
6156	6202
6135	23049
28514	54567
4512	4519
988	53981
3797	28981
1499	5708
1965	1973
25926	51096
5903	9126
6132	6167
988	5433
5469	9968
6203	6235
6161	6171
3123	3127
5695	11047
51650	64951
1080	2147
4736	6142
2165	2244
4736	6130
1293	1300
3886	54474
1478	9128
1595	3156
3672	5829
6233	140459
5694	5695
4297	8085
11017	85313
60560	80218
2767	7204
9320	10193
1289	283208
3551	4803
5516	10213
2197	6209
6790	7283
10963	22948
6194	6201
9739	23067
9655	55832
29927	58477
6227	9349
3105	3106
6137	6230
3178	6430
6152	6201
3188	10594
8924	10489
988	29127
51692	51729
6272	7164
11127	64837
5699	64344
2186	23067
4691	22984
1642	56852
27316	84991
1781	84962
983	7321
5516	5903
1981	2197
3192	4670
4829	10886
890	4288
51264	219927
885	3061
2064	85440
6124	6176
701	3619
10491	10536
6143	6147
274	51411
3074	10577
2962	4298
10489	79654
7311	23291
3156	3157
6635	51690
6138	6202
6169	25873
2064	5747
1398	3937
6146	6194
6241	51203
142	56655
4173	7153
940	50943
1292	10491
351	3491
79867	84902
10112	81930
8808	26525
55215	64858
521	4694
1956	5579
4543	5179
7311	257397
6156	10399
8131	64121
2197	6205
4751	10133
160	29924
6136	6165
8451	9730
891	991
8334	8337
999	7082
1453	6218
10540	11190
5903	7514
5795	6518
6128	6218
9037	23275
5725	10949
1439	3635
11190	121441
24137	55614
3691	3918
5500	151987
8085	9739
3119	3122
6133	9349
7039	10652
23011	51715
6009	60673
3185	51692
680	6869
3833	55143
932	3685
6154	6232
945	3685
2305	10112
8349	121504
3796	10735
6170	6227
6165	6189
131873	256076
4540	4712
1233	94235
3491	11098
988	5985
999	3728
1084	138050
6157	6232
1738	4719
2935	23049
3909	9459
4999	5000
6147	10399
187	11251
6175	9349
595	6776
6156	6201
6152	6159
5868	26130
996	5708
6165	6233
4735	23322
6625	23524
5725	9879
6863	23620
1511	6037
186	84539
23142	26190
3430	8638
5747	9564
1499	4233
2305	22974
2099	2625
3921	9349
4860	9615
3688	7424
3837	3838
2537	10964
1062	10403
9700	113130
6137	6204
9675	57521
8334	8349
9183	64105
4035	6385
136	2788
4736	6170
6175	6181
5707	8452
2935	6235
5336	7525
6160	9732
5879	7454
23165	51692
134860	319100
4298	9646
6124	51187
811	10130
3579	55970
1062	5347
2207	160364
6141	6161
6426	10949
3181	11338
1022	56949
27095	149111
4734	83737
60488	64963
9276	51014
8514	22918
9318	54165
8661	8672
6155	6234
9371	24137
26043	54165
7343	57459
6142	6168
3921	200916
2957	51808
3267	22848
54474	121391
6698	147409
64792	92104
5928	116092
3866	3875
4599	54739
6181	23521
4208	4209
6169	6203
728	6376
983	29127
9320	84231
3866	3880
9793	54821
5861	10342
3921	6136
1907	5021
6169	6189
2215	146760
6233	140801
6233	10075
3728	5493
26589	64963
9904	23160
393	5879
23279	51692
8542	10618
64963	116540
1050	7124
9533	64425
3683	10970
64219	65264
212	2038
2892	2903
5970	6667
891	1783
11014	22818
6667	57508
1823	1824
9787	24137
1129	4543
1956	5829
2197	6164
8993	10394
527	10159
10733	163786
7994	9219
6152	6228
6139	6193
332	79172
2865	23620
3881	112802
10193	53339
11314	196527
6129	6218
988	55660
79895	338339
2962	56949
6772	11274
1981	6154
2537	10561
1816	104909134
3361	3627
4736	6129
6790	84962
6170	6203
1938	1975
800	3672
4986	338442
50835	259292
3306	10388
1453	6202
641	5427
64425	65083
50835	50838
10491	85301
1915	3921
996	51132
11128	25885
11176	79595
9887	11224
2197	27340
1937	6207
7311	55914
6829	55726
5432	8450
1121	81846
6223	9790
9883	23165
2215	10232
6128	6224
5747	11099
4734	65264
23112	84441
6234	8562
3688	3918
4288	9700
6125	6159
2197	6170
6159	6189
55125	55755
1432	5062
1938	6181
6137	6158
10663	56923
6205	6223
6230	6234
6147	6193
3718	50615
9793	10274
522	4713
6176	6209
1004	1016
8976	23149
6202	9732
4599	10964
6207	6228
4725	29796
5330	8477
378	11014
3118	3662
567	10475
6175	6209
1310	169044
6193	7311
6189	7178
1500	5795
245937	613210
2197	6139
2790	5579
4709	4726
6160	6203
121504	440689
399	57449
11325	83443
3685	375790
5528	5702
23160	51602
53637	338442
6455	29763
4035	10082
6233	51132
932	326624
6169	6209
6142	51187
6168	9349
5518	6228
6181	6229
8453	8697
336	462
6218	10952
3672	3915
8573	57669
6235	140801
4736	6189
6233	285231
3921	6203
1398	9046
2733	23511
2932	5707
8349	8969
9045	25873
5432	51690
721	3426
5529	5903
4736	6147
1062	9787
6790	55165
2197	6194
6133	6156
8468	91646
350	462
6428	7536
4707	51079
6432	6636
57187	65109
102	5795
3921	6157
988	11193
685	1956
6206	7311
11338	23511
10285	10914
1314	8615
6233	26091
6228	7311
1453	23332
2967	27125
1536	51382
6135	6227
9377	54539
2204	79895
57111	401409
23279	79172
6124	6230
5339	6124
79682	147841
6188	6207
701	221150
9875	22984
2197	6154
5707	5717
9782	23435
6169	6234
5869	8322
6222	23049
383	10394
3857	3866
9793	113130
60678	79048
1536	653361
4713	29796
5501	7159
7525	11099
643	64805
1781	5516
705	56919
1536	23601
10914	53981
5501	25909
8453	126374
3135	3663
6135	6205
4033	10970
6160	6206
6122	51386
2197	11224
6233	23168
6135	6165
6233	56254
6169	23049
8976	51429
7311	84133
9076	100506658
9648	10466
846	3357
6700	353132
6233	8450
2204	2207
9320	26091
55142	203068
5518	23399
8729	10959
4582	10331
54625	83666
3713	7062
23020	51692
55143	57405
11187	64065
2806	125061
9183	10403
1783	6709
1453	4809
9820	56658
6233	6235
904	2967
9246	11275
6207	23049
983	5000
5699	51684
4670	10657
55737	58533
1981	6168
4125	6036
570	7311
4940	10561
7311	154214
991	10112
11345	81631
5361	8829
1933	6188
5433	55197
27316	51692
156	55970
84727	122769
3187	7919
6189	11103
5435	6637
3488	7857
5695	7979
5518	6233
7204	55970
51	6233
3013	8351
6193	6228
378	10959
1453	126003
2633	5371
6129	6165
10236	10594
5432	79577
1121	326624
10576	23526
6154	6233
6154	6218
6147	6181
9793	23047
1910	84432
6234	8666
1956	3918
64951	64960
5718	8453
6124	6139
9055	9133
2792	7434
3191	9716
338	51156
6130	6208
1063	9833
3913	5829
1069	10383
4670	10236
9883	51692
813	84141
3437	91543
5694	5715
6169	6176
51382	222487
351	78991
783	27091
891	151246
9564	10044
6455	9322
3672	10398
4853	10046
374	2153
2266	3481
3309	51726
6136	6144
6625	10523
7311	10818
6168	6208
6152	6176
5747	375790
4985	10563
7311	114987
5717	8453
5707	5708
10489	25831
6202	53918
26123	79600
1902	2767
6138	9349
3688	6774
332	9793
5718	339745
57521	389541
7337	9730
6137	9887
5930	7334
4695	51079
11128	55703
1500	4646
6189	6194
1830	7062
7525	9564
10592	64151
6146	6159
2197	6161
7852	63940
1822	23028
6161	6164
51264	51649
160	1601
6234	9045
6205	6234
5422	5983
6159	6224
335	2243
146	148
51088	144699
3123	5641
9870	57542
50848	57530
6160	6165
5586	5879
10112	11113
6135	6143
7311	27327
2060	50618
6132	140801
4116	6633
1292	8974
344892	390063
9348	10082
10153	84128
6160	7178
6155	25873
23160	27042
6188	6217
1778	22930
6138	25873
51069	64928
5094	84991
3903	10857
4176	5422
6142	140801
9493	54443
3185	10921
5928	57459
88	4626
3850	3860
121504	653604
6210	6228
6426	23517
6128	6130
1445	1956
6194	9349
6187	10557
2843	151306
3301	3304
4697	4708
3191	9987
23275	23509
10890	51715
6135	6230
4436	23028
9892	10109
2539	3098
7529	8826
3434	4599
705	84154
5516	5598
6160	6171
904	6667
7057	9070
8568	25926
4641	9371
3422	6721
5347	11190
3569	84141
1453	6189
9341	23149
53354	60490
890	10733
2932	5516
4957	55755
5705	5718
6144	7311
4537	4539
4736	6168
4952	9886
996	6233
8351	8970
5093	6625
8976	147179
11167	54972
1291	3685
351	5340
6138	6205
8887	26994
10575	22948
3832	51203
7857	54757
3394	6688
2036	4646
5692	5710
826	5879
161	5286
10949	23020
7020	7022
3362	5443
4288	259266
6130	6235
3190	57794
3434	8638
6206	6209
6201	9349
6159	6169
4297	23269
5433	6426
6223	6229
3105	3134
2185	9475
6207	11103
7466	10970
389	9322
7454	7456
22995	163786
2197	6223
208	51230
6122	6129
5933	132660
7456	10552
1660	1665
4599	51191
6160	6164
9276	10427
10097	50618
2207	199675
1347	1350
186	4922
2151	3356
5699	23198
5880	10458
1236	4544
3973	4160
6518	326624
23601	160364
9611	23097
6125	6142
6182	65008
5335	10818
6637	55505
60485	84962
83597	135924
996	23327
28981	150737
5868	22848
1915	6156
891	6249
6159	7311
637	3002
63915	84062
53905	90527
5093	51692
83540	259266
2491	3619
1548	1553
1763	10714
942	7525
148	2922
5861	51014
1241	7204
54973	55756
6130	6141
6143	6164
701	57082
5741	8074
2914	4988
9136	84946
65264	90293
1915	6189
9738	132320
824	831
1314	10802
6173	6181
7204	10800
6137	6139
6189	6228
6129	6189
2767	8477
4736	6209
9126	23332
22888	51343
1937	6189
6147	6232
399	64333
55582	89953
10713	23451
174	2266
6173	23049
301	55970
185	2641
331	6233
462	2155
3433	10964
8453	54165
2132	6385
274	11252
51715	326624
9076	137075
1933	6169
10250	27316
10749	22818
966	10970
830	11014
9020	10000
1601	8027
6157	6235
26519	56993
1880	57413
1902	2185
388	55843
5493	6707
26091	57154
8027	25977
54821	151246
6138	6141
23332	80321
3486	8542
9126	57551
6747	60559
4734	23327
27076	284348
3054	9739
6133	8662
6699	6705
6134	6228
51289	259293
9382	10905
3572	3977
3113	10346
8076	84171
6429	9295
3685	3693
6203	23521
6189	11224
332	22974
4233	6233
3135	3805
6142	8666
595	896
6142	6147
1385	5594
4538	4541
8945	65264
3355	4543
1793	5829
993	84126
9616	150726
3192	23020
6167	6203
6868	7311
7311	11059
9371	11015
5518	6222
8905	8907
1942	1945
3710	5575
1062	10051
10813	10885
9493	10112
344892	390061
3855	3868
3685	6461
56923	259293
5518	5534
7311	64219
2125	11187
2962	3664
24137	29127
53339	197131
9829	26052
1116	5005
5984	23649
2841	7852
84131	203068
6228	27340
3434	55601
25909	57551
5093	11100
5747	8976
5869	11021
6147	6191
117	2792
983	79172
988	3326
3191	55749
8615	9570
6218	6231
23168	27125
6155	6218
6923	23198
6232	6235
6165	6168
57082	79172
10199	56902
3005	25842
3856	3875
10383	84617
3920	5660
6135	51187
3675	3914
6461	9564
5869	10254
64976	116540
1062	7272
8688	286887
4905	10905
521	29796
6125	6135
90025	91694
5708	6790
6161	140801
6137	7178
6161	6210
3838	6790
332	10615
4695	4700
990	63967
27258	51503
3937	55740
837	79792
1639	29127
27076	154064
153	6343
10395	23371
5684	5695
5696	6890
3913	5954
9978	81559
3157	4597
1943	2046
6137	6206
3683	5023
5439	51755
1495	5868
6156	25873
1116	3240
161	3482
8477	55970
11202	25818
1511	4353
3309	7184
7003	7004
25915	126328
1303	55214
1793	7525
163	8027
2798	4829
6632	57819
5880	257106
1639	10112
4736	6202
6167	6209
81794	339366
988	4436
1337	1340
4695	4713
1022	4005
3633	171177
6167	6210
5707	84962
55658	223082
983	129401
1944	1945
991	5708
6159	10399
5149	54714
3685	4035
5516	5711
3614	23593
2683	5660
1232	2853
2896	10493
6202	6222
5441	6629
4717	55967
1062	6249
6184	58477
29796	55967
81	5829
4707	54539
3113	3115
1291	5351
6128	6139
4508	4538
10749	51479
1933	6218
338	350
6233	126961
7478	7484
6129	6138
3183	6432
25909	55746
23244	23279
8548	64746
3106	3133
2918	6752
9439	23097
3880	144501
513	158067
5347	24137
5501	25936
4724	4726
9040	10517
11073	63967
29889	51154
23014	80176
8491	10746
1116	1669
7311	90293
4172	4176
4125	5657
3185	4670
6405	23654
302	2799
5829	55742
1793	10787
6133	6205
4512	4537
6130	6204
55766	128312
6170	6230
55901	170692
90293	285231
4609	7020
287	6326
57405	79980
3912	3918
3199	8338
6144	6228
5108	22832
3434	91543
6201	6202
1350	7388
6714	375790
6157	6189
6185	7184
5520	6132
9188	84172
26284	64965
3688	3914
6164	6218
6167	6169
10272	84141
1129	4852
6217	6232
1394	4160
1778	6249
6136	9349
3915	10130
1453	6227
377	29127
9604	22954
4988	84539
4724	10476
25	5159
1387	6601
6202	55176
5822	10885
8243	9700
1269	63940
2784	3763
2923	6185
79583	79600
8467	79595
9968	23097
3915	10970
3619	23279
4714	54539
3178	6294
79132	91543
336	350
2247	6385
6165	9349
1302	50509
6144	6168
9282	9968
163	54874
5094	51692
2197	6189
890	7272
6130	6206
5829	10298
6155	6181
699	220134
10206	283518
9371	64837
6175	6207
6130	6138
6202	6234
3185	84991
6161	6176
8808	84639
6144	23049
10890	11021
1213	10254
5878	54885
6159	6233
6130	6189
6133	25873
4670	6428
6189	6235
3115	3127
1500	4233
3619	23511
10869	63891
988	6950
338	2243
1778	10112
933	973
4696	4718
10051	64151
6156	6203
6169	6235
6632	10907
23601	57153
197	2266
4588	56667
64106	347148
6182	51081
4233	8976
5869	25977
10403	151648
10155	201514
4736	51187
779	783
6133	6207
1981	6235
516	26521
945	79895
3915	7402
1398	3685
3675	3685
991	11004
3607	55252
6223	6234
2832	117579
3998	6745
3912	11167
5768	11167
8365	8969
6155	9349
3107	10475
1956	3675
1173	29763
7096	10333
153	6344
6188	6229
4171	4175
5660	10970
2065	3691
6230	23049
3837	9631
6165	6201
6155	6224
6426	220988
10900	284069
3062	64106
6165	55176
5872	23265
51116	92399
3181	51593
7311	23118
8453	9320
8729	9371
23586	55601
6207	23521
5777	80184
6130	6161
3017	6688
6637	83443
2185	6461
6157	6175
6152	11224
8322	8976
5706	5714
11258	11316
26146	28981
2784	594857
3434	9636
6181	6202
1048	8434
4288	26586
2635	3659
4171	6749
1315	81930
5067	23627
3376	4677
6222	6235
6714	10818
2840	50834
8697	9604
4837	284119
701	9700
10975	374291
64951	64983
2107	6173
1495	5795
7311	55670
2833	83756
1660	11338
6218	6224
891	5526
8976	10458
1793	3071
183	259287
6631	84844
22974	121441
6185	7841
6146	25873
29763	51429
719	58191
6144	6218
2197	6142
6193	6203
996	64750
2792	594857
551	6846
6155	6230
6137	6142
29127	51143
1595	51478
6363	6373
5657	6036
6285	6288
657	9765
444	3091
9493	51014
6279	6280
9793	10733
4736	6181
9493	259266
6233	653604
3718	7297
6632	6636
9349	11224
6137	6155
518	521
87	1499
6154	6175
6233	83752
6124	6159
6152	6202
8638	91543
5179	283869
6141	6189
2913	4988
4763	7311
1394	1816
51121	79048
4620	4626
1994	55339
521	84833
23511	51692
6601	6602
1495	1499
2784	6752
920	8976
163	6453
238	943
1783	5861
5869	10890
4853	27327
7514	54821
6205	6233
8329	8365
6124	6193
122042	285601
9716	10250
5584	56288
566	6037
6453	51429
6156	6159
9055	51203
5518	6156
4734	26091
6950	10376
6208	6233
6164	9045
8351	8365
51650	118487
6599	57492
55168	64928
4159	53831
9877	23279
6181	6224
5711	8453
6224	23049
6133	11224
3685	3903
79600	91147
3921	6167
6146	6152
328	2034
988	9475
3185	10949
60488	116540
4999	84515
1387	2033
6201	6204
51203	64151
10022	259293
3903	326624
1660	9343
5347	5518
5829	10458
8853	11015
6181	6218
6147	6235
6154	6202
6167	6218
26589	116540
6165	7311
8969	440689
6189	6204
9833	51203
2800	9827
4116	6218
4700	4709
2962	6618
10959	55605
2194	6319
57082	113130
988	6601
4116	6235
3309	6836
156	2767
9212	83903
1069	55835
8560	196527
344892	390077
2803	10618
55168	219927
6233	8334
389	9938
636	25782
27257	57819
3190	27316
6227	6230
7311	9341
2033	9757
4641	5872
133	136
6147	6173
5688	5695
2353	2354
5155	83706
51692	80335
3685	5817
864	3683
1660	3185
2185	375790
4712	91942
120776	344892
6201	7311
6164	6203
6161	9045
9690	84231
534	7037
3884	3885
7783	11085
1915	6204
3832	3833
3437	4940
4738	9978
6205	8562
4014	5317
983	9972
1453	55127
4736	6171
23014	142689
4700	4717
6709	56729
4008	144699
6147	9887
6167	6223
2925	9170
6152	9045
351	813
728	5697
302	3074
2537	3433
6206	140801
6146	6160
6249	81565
9367	57403
3184	6626
6124	6189
6626	10523
6434	8175
1445	9564
2521	220988
372	9183
1500	1942
5604	7529
3619	10112
10022	50835
23511	55746
1915	6147
6154	6201
399	94134
3912	3915
72	58498
79583	79867
10952	11224
1062	81930
5868	57403
6714	7311
9739	26523
5930	80204
5954	51280
988	8243
126328	374291
10749	11015
1793	5747
641	6118
2359	6370
10733	347240
6373	10563
1781	7531
6155	6193
6136	6160
2801	11014
5266	5493
1669	10394
3655	3688
8638	10964
8914	11169
6169	6188
2960	9412
3913	9459
1915	6139
1832	5493
6136	6228
1814	259285
6205	11103
6233	9690
950	25977
5518	7514
2215	154064
699	3619
4700	4712
6142	6204
10403	10592
890	151648
6850	118788
5471	10606
2935	6229
6556	100049587
6637	11157
6124	6175
6147	6230
966	10652
79895	222487
7311	8976
6158	6161
9277	65083
6155	140801
150468	259266
5519	5781
11196	126003
6144	6176
2153	51156
27237	29984
6288	6863
1063	5347
55112	150737
2861	56923
54881	55127
840	3912
6152	6203
2242	3561
6202	51187
3855	3880
6257	7068
9133	51512
1656	27161
988	5062
10193	80204
2537	4940
4194	57690
399	80728
837	841
3687	441864
2792	391195
10413	25937
899	140460
3221	3222
29945	89890
79172	151648
29974	403314
813	10618
3797	79989
27237	171177
9655	26190
6128	9349
1133	7200
7044	51097
10250	10285
29093	219927
4254	5777
7311	65264
5694	51330
8139	126433
6146	6175
2550	3579
5903	23511
3640	387129
26232	84541
3895	5954
7536	10772
1956	55914
8452	57154
3921	6135
1063	81930
6201	6208
10885	25885
6144	11340
2847	6363
6155	6169
2491	57551
344892	390066
8192	9361
1781	11015
6230	6232
197	3827
10540	24137
1291	10536
6189	51187
1365	100506658
4700	27089
6136	6189
5441	79035
3340	6385
1069	9557
632	4094
4707	55967
6124	6160
6233	9045
317	835
6164	6207
8453	9666
4670	9128
553	6869
6317	9798
1277	1292
945	3163
9349	25873
890	9787
5985	83932
3444	3451
6138	6235
4301	6714
6154	6167
6203	6208
945	10857
8742	51330
23304	84085
2848	196883
6141	6230
1933	6206
10053	152503
5868	10618
1069	79867
7272	10592
6202	7311
2197	6152
285093	390191
187	1233
163	8976
891	995
846	259287
4171	4172
1983	6232
332	1062
47	2799
411	153642
1825	1830
6156	6168
22803	27340
695	118788
5368	50865
6173	6203
6135	6170
727	846
6122	6135
6455	10552
23590	56997
10097	10618
9140	23586
10466	10540
8453	22954
2215	27076
6159	6208
1915	6124
1938	6122
545	5889
338	2262
11329	55233
3683	3695
6173	6202
1129	5179
988	7112
1660	51729
9883	11218
6154	6230
2934	51411
9133	57082
6122	6128
9436	9437
2848	285601
867	50618
983	79959
7316	55669
9833	10112
9320	26046
288	2348
1500	3728
5347	54820
3437	8638
1008	1016
10236	51729
1981	9887
6210	6223
6158	6159
8341	8970
7158	7311
6143	6181
5717	51330
163	7311
55850	113220
3111	3122
22984	23223
55755	146057
6228	9349
6167	6227
887	3827
6137	6209
3008	3009
50506	90527
5000	7311
351	58191
3693	5829
54677	83752
6205	51187
6147	6170
2912	4852
4839	6156
974	5336
3006	8337
3688	5879
1144	1146
9666	143279
6133	6164
1453	6204
6122	6142
6461	6714
7469	9656
3688	10298
109	2358
7311	8450
6233	84231
3017	8334
9904	57647
399	117289
328	10038
684	8638
6155	6158
4695	4725
1453	6222
2965	6749
6135	6181
3909	5829
1453	6201
3619	3832
219858	344892
26589	55168
10342	10959
6136	6222
6426	6432
83551	319100
22918	79895
3122	55824
3619	151648
6135	6159
2243	51156
336	4547
1956	9341
1793	100423062
8767	11124
351	126006
1603	100128731
4725	4726
6207	6229
4641	11127
857	64750
4088	7048
6804	6813
6159	6218
1857	27130
672	8314
25879	56902
3827	5345
6133	6175
6317	6318
1783	6232
6135	6208
1108	7994
4541	25915
6439	653509
10920	10980
6128	6168
23244	57551
968	5878
3685	9475
1460	23397
6165	6204
5433	51362
6133	6228
302	79026
9410	57819
6156	6228
3189	9987
5698	6890
55066	57546
891	9787
537	10159
9632	10483
640	974
2207	100049587
1665	3191
999	5590
5747	7454
5189	7311
2935	6168
10075	54620
6181	6201
4938	10561
6146	6165
3267	5878
6130	6170
5707	7316
8243	23244
6231	6233
55143	151648
8334	8347
5347	84902
6152	6229
4736	140801
5711	6233
1880	3579
7913	9015
830	6711
720	375056
6155	6209
3184	4670
6262	11069
3185	7536
335	2266
6827	51755
2071	8450
4288	10112
3482	26130
999	3918
6872	81887
1303	5352
5519	10274
3054	8314
3352	5540
22981	27077
2817	3340
6223	23049
10403	57405
8243	23122
5725	10291
10236	55339
10425	63891
8317	63967
6427	7307
10484	79090
4700	4724
4734	55008
3913	11167
4736	6188
2801	5861
3619	57082
830	5048
705	84549
6632	51690
1434	7514
6233	79139
9126	348995
2692	2838
1062	10274
5829	6709
6129	6188
834	114769
121391	286887
335	2153
6144	51187
6129	6139
7532	80097
5905	6232
6164	6235
6159	6193
6705	23581
7004	10413
4436	7520
51109	54884
7082	55243
6224	9887
4617	4618
1642	5931
1816	4160
51676	64750
1490	7003
6799	6817
6234	9349
2197	6222
3837	7175
29127	64837
338	3698
3619	9700
3376	6301
4172	4998
5795	6714
1241	56413
6203	6209
699	10592
1537	4726
259290	259293
2064	54206
811	7184
10403	10615
3695	5747
51465	84447
6143	6161
6189	23049
80097	653784
56997	57017
3897	57698
201475	326624
55055	151246
3799	29127
2185	3685
8139	118424
1387	25942
2629	5660
3017	8969
83597	403253
5546	10262
3832	10403
6137	6154
916	917
7328	22954
462	2147
11059	65264
26232	80196
388	9938
8337	126961
6171	6234
891	2491
60	10093
5695	5701
301	2863
6136	6235
55759	84154
11339	378708
1453	6233
991	23327
6157	6207
932	10970
226	2597
1822	57504
6133	23521
4691	8602
6206	6208
4057	57554
2247	10818
3181	3189
9631	23511
26019	51121
6129	6136
3672	3912
3122	3662
29079	85441
6307	50814
3559	3560
9212	57405
6228	6233
2197	8662
3458	3586
1559	2327
1084	338339
3326	10576
3915	84141
846	50838
58191	59340
891	10592
971	974
1902	9002
22919	55055
122042	196883
7320	8697
1794	5880
6138	6188
10552	100423062
84617	84790
2358	3579
462	51156
6635	6637
5093	5094
11127	29127
27292	55781
6160	6168
5048	151246
9585	24137
6201	11224
3685	8514
971	29760
4713	4728
8334	8341
2197	6227
389	5217
6125	9349
2150	55970
8349	79101
6130	6135
6130	6152
6154	140801
55839	79023
11015	23046
7153	56992
23398	85313
5725	11338
1291	5033
9341	22836
6138	6165
867	26130
6139	6147
3832	10121
514	27089
6167	23049
6193	6194
7328	57154
1933	6147
419	390243
671	1991
8976	29763
7283	27175
10096	10152
1794	9844
6678	7424
4116	6161
3619	10735
3937	11184
3921	6155
6142	6202
391	8503
4116	6160
3973	104909134
6173	6194
4707	4724
4839	10885
3181	10432
6790	9787
701	64151
54555	56915
6170	7311
1991	6036
10376	203068
1968	8661
3921	25873
4726	9551
26232	126433
6209	6233
932	222487
3178	4670
1994	8570
9793	203068
6128	6133
864	10413
9037	221981
1282	10536
64410	142689
521	55028
7316	10552
1660	2130
7337	54778
11274	91543
8655	79023
7514	22919
7852	9564
2803	90196
1956	4837
389	2064
80184	121441
3270	147111
1983	6175
6647	11315
3091	5708
3456	23586
6139	6233
6171	6173
4288	51203
6124	6128
4233	9564
6139	6181
6124	6133
7704	142689
8544	10787
9320	65264
2865	6863
6122	6147
10022	51289
3683	57153
25942	51317
3192	51692
9790	9904
988	5725
116	4914
6338	6340
5439	8896
6168	6203
23049	25873
26190	55236
6189	6230
23378	55766
7311	55366
6143	6160
988	27316
344	9672
6133	6223
861	57332
60	10095
4696	4710
6193	8666
325	3015
6175	6229
9495	10369
2537	10379
727	259287
4205	6938
6203	6232
1915	6122
57154	89910
3695	8516
51604	84720
10992	27339
1781	10540
23059	26146
6235	9045
471	441024
163	9322
746	100128731
6173	6206
3134	6890
64131	375790
10285	11017
6133	6141
344892	390079
6217	11103
1829	11187
6128	6232
351	3913
6152	6232
51023	64976
6135	6137
4939	10379
8085	8945
1894	29127
1778	79867
7098	7311
64979	116540
6181	7311
4726	29796
991	10726
8106	220988
2521	57794
6130	11224
3949	5868
5528	23279
7027	7298
274	8976
6210	9349
87	6385
7057	7424
6122	10399
6159	51187
57630	83737
6232	23049
3912	5879
6176	6194
26146	79659
1500	84962
6745	58477
1292	3672
187	6370
5433	129685
6133	6136
9564	10458
5717	200734
6229	6233
51003	400569
1803	59272
56729	126014
9126	55746
9837	11169
55720	84172
55320	401541
5695	6790
6135	6209
9462	153090
25831	197131
1994	10236
3113	7535
1081	3623
988	9416
57153	160364
1665	5725
6129	6228
2064	7311
4512	4539
60560	80155
6207	8665
1058	55839
824	7525
6125	6235
566	8635
8337	85236
1105	23168
6233	140458
4709	51079
2125	6707
6128	6169
6234	23521
658	4093
891	5515
1781	29127
6173	6229
6209	7311
4599	8638
4357	54205
1132	338442
6201	6207
3191	10492
1859	5928
3675	7045
472	4361
5747	9844
6228	9045
6158	6202
6122	6232
1108	25942
1783	5903
60	57591
1291	10491
3113	3119
1983	6205
6747	84061
3183	4670
3559	8651
6156	6164
9371	64792
1116	5004
8648	96764
6136	6229
54577	54658
2767	5296
8655	23218
6181	6223
5430	9611
10618	51246
6152	6168
3512	57050
5507	6233
6194	51187
6175	51187
81	5868
55055	378708
4707	29796
377	1781
6208	6210
4436	254394
2817	6714
2597	7167
6167	6194
6164	6194
6829	54623
1956	3688
5929	23067
7316	11001
6709	25839
6201	140801
6122	9045
55168	56945
6203	6227
10327	11343
28987	84916
2801	22818
4702	4710
51676	115290
10905	23193
6170	25873
6189	6203
6160	9887
9277	10153
3663	23321
6227	10952
1445	6714
3856	3866
10014	54880
23160	84128
6160	6175
79895	199675
6168	6175
1453	6228
10552	10787
142	5981
10484	56681
2033	6872
9329	84265
2840	4986
6128	6228
9700	10051
8775	91949
6223	55127
55759	84549
5119	9798
6124	6205
9636	11274
163	24137
3091	84962
521	4713
57082	151648
1280	84570
7398	10635
2358	2767
10238	80344
1830	5266
6129	6193
1129	4889
4171	4678
1445	54845
2197	6133
127247	131405
915	29126
10112	51014
5746	59350
3937	5788
57542	197131
997	25847
4322	7373
5714	5718
6154	6169
5747	23209
2801	10802
3313	9093
514	4694
6147	6233
10992	79869
1994	51692
6714	7525
6137	6222
1350	27089
5985	63967
6747	23471
4998	5422
3313	23511
6167	55176
248	6975
5657	23197
4853	9253
6147	6160
401505	100188893
6176	6201
6189	6233
1639	9371
3822	8302
55236	197131
4710	4728
1810	26009
5501	9700
25831	26091
645836	100287238
5880	9844
3133	3660
1290	1292
2551	3054
6146	100529239
904	5451
6443	8910
89890	90025
3429	3433
51203	56992
3054	6872
26519	26521
2683	7783
4952	22905
2122	8535
111	10268
4281	4940
7311	23521
8514	10970
4848	23019
3619	10403
4734	89910
4602	5432
5048	9183
9221	84172
640	973
7164	10053
55142	146057
6208	9349
4700	9551
3842	10527
5695	51330
6175	6224
9883	55746
4736	6159
6136	6176
54620	84231
6168	6202
4707	4726
3685	3897
389	55843
50831	50832
919	3559
3915	11098
6232	54821
1315	29127
831	23209
6128	6203
6636	6637
2695	594857
7337	84085
57542	144699
86	8451
6164	6176
2935	6133
27127	256126
6168	11224
4738	5693
999	4072
1956	2268
6175	6232
9320	54778
1455	7534
351	1269
6232	6233
389	64333
1062	9585
7164	152503
6139	6152
54821	55055
2767	5330
3635	80271
4904	10946
3579	126006
3646	26986
6234	27340
1173	8301
6167	7311
5436	27258
6167	6233
91	92
185	4922
4713	55967
6202	140801
25818	643394
3192	10523
2147	2244
3107	6672
11004	24137
6249	8826
2799	5834
671	1669
1315	9570
51023	116541
811	5034
55755	57787
6132	6227
6223	23521
6133	6167
351	11167
1956	115548
22918	53831
6189	9045
6142	6193
1107	23186
3429	4599
9055	9493
988	10946
3667	5580
6138	6154
27	1398
3887	3892
5439	10980
10969	29997
1660	6625
10075	54926
1208	5406
2185	5599
8976	54874
4049	4050
5879	50807
1232	8843
9655	10489
5928	7343
4736	6185
102	1495
329	51330
990	10592
5426	9126
3909	3912
6129	6143
10885	65083
3832	10592
6950	10574
6233	89910
9246	51191
833	4677
6518	10970
6165	6173
1398	10818
6625	51593
3911	10298
11014	11015
4540	51079
399	257106
29928	56942
3619	9972
10802	10959
6161	6205
8533	10445
6144	6181
1937	6142
919	7535
2957	7702
54778	197131
6158	6208
6161	6232
4947	5716
5981	57599
2740	5739
3903	10970
887	4295
6224	9045
8667	26986
720	3426
5116	55125
345456	375189
890	1062
1457	1857
6234	51187
991	29127
10693	55970
3039	3048
350	2147
6144	6160
3915	5879
5519	9183
1329	1350
643	1268
6168	6235
6167	6176
332	9787
6203	9349
6428	22826
2197	6224
10324	201456
155	796
3832	259266
4713	51079
5868	5870
8723	51143
1738	4191
6157	6168
2965	8731
3437	55601
1813	6364
7453	8565
6155	6194
22897	653784
10291	23658
11157	51503
1281	1290
6160	6209
1783	51014
6240	10051
1793	5880
2033	5469
10663	51289
2521	10236
6129	6209
4116	6135
56929	79176
6125	6206
6204	23049
813	3486
5575	8826
1495	128239
6155	6176
1241	2767
11064	27077
10379	91543
1387	4205
3932	29760
3799	11127
23223	26155
22954	89910
2848	3274
983	7514
2557	2560
10022	259287
262	4143
10022	50838
6827	25920
462	2159
514	4713
3688	3913
1981	6234
1515	3113
10540	121441
6175	6235
2255	143282
23149	51429
51676	140739
1824	11187
6128	6209
867	5290
5566	7283
10112	64151
1453	6229
4508	4539
5501	57551
3437	11274
990	5985
3308	10574
1329	4713
1813	5443
6222	6230
8085	55904
344892	390058
2719	135152
3482	5868
6208	6224
332	9700
393	29984
5518	6133
5898	10890
1969	9564
10133	81631
9700	10615
81	6709
2521	3178
3071	7409
2491	9793
10161	257313
302	23197
5869	8301
22919	653784
10199	79954
797	7252
5516	5526
6159	6165
501	51166
4242	4853
27327	84441
1783	29127
6556	84418
3192	55749
5868	51715
4173	7298
1605	5879
1933	6129
5294	7852
2123	2124
2189	7517
196527	326624
6133	6152
8451	55208
3921	6122
6129	6156
8329	8349
6134	6202
6224	6232
6161	6193
6386	10487
86	55193
7341	129401
831	3688
1495	7082
79865	340205
6138	6229
23112	80012
522	9556
50838	259287
6164	51187
7311	23049
80328	353091
2912	5179
4717	84833
6128	6234
3486	3491
3006	85236
6173	140801
6167	6206
6129	6167
6137	6169
6159	6204
22984	25885
6202	6227
3921	4736
4069	4332
10618	84141
6130	6165
10274	151648
8976	9341
23291	56929
3122	11184
92170	503542
983	26005
6143	6176
383	56729
6130	6229
6229	6230
1022	55840
6205	53918
6223	25873
2064	6714
6157	23049
345	350
8925	10489
1969	3055
997	223082
4540	4710
6233	10110
51373	64951
1233	5473
5861	10959
570	23600
6228	8662
830	10282
8341	85236
3055	5747
988	55631
2790	5294
8175	84811
2197	6235
2054	8673
6707	7051
2023	5315
9410	22826
6616	8673
51079	374291
27097	79595
1933	6205
351	5660
4736	6228
6155	6160
22954	57542
301	9002
6158	6175
3190	9128
516	10632
7520	55183
6164	6193
130340	152503
29984	57449
5862	57403
1665	4686
3978	4174
1991	5199
6227	11224
1956	5796
23122	23279
6181	6233
3071	7456
2243	9715
6500	7320
259287	259292
6189	6229
6125	6222
6230	23521
6233	83987
5599	6272
5430	6601
23149	29763
1387	8289
972	3119
2918	4985
5566	57787
552	2847
10121	26005
1832	2125
2185	3688
3178	6421
9416	10949
6429	9410
2305	5347
23560	84172
2071	27125
5903	54821
9553	51650
3937	7462
335	336
3190	4670
9341	10254
4495	4496
81797	344892
6130	6159
2917	9934
5441	5901
514	521
5903	79172
1639	8729
4173	5983
6154	6189
4952	9562
8563	23225
420	58530
1937	6157
3434	6772
2675	220164
6427	79902
2935	6170
4208	6929
6176	25873
56923	259292
9020	23118
3576	6347
1933	6230
4867	80184
1387	8085
6147	6218
522	84833
335	3827
1854	7298
64426	79595
9793	26005
29093	51258
7311	10952
3688	3911
6209	6234
329	353376
6169	9349
6128	6227
6135	6206
10269	23463
6147	6156
11218	23511
4708	4709
8829	10512
6155	6165
9126	9656
6193	6202
383	3240
6307	51478
3364	5810
6709	8729
51	7311
4514	4536
23309	57169
3222	3223
1161	51397
6122	6143
7402	10298
583	27241
4998	7027
301	27334
6154	25873
11017	22826
3215	3216
6146	6234
160	22872
84231	140460
4509	4536
4088	64750
3512	100423062
6204	6223
672	7153
1050	2322
2625	3169
534	8992
51143	57405
2125	5266
50838	259295
10112	10749
3397	7057
9212	55355
285093	390190
1950	3912
624	339403
6133	6202
1345	7381
920	5286
4735	91147
783	2784
6128	6207
338	1080
10632	84833
55601	91543
6232	6234
6233	158506
6141	6175
389	9411
1793	6714
3895	11167
53829	57413
4033	4257
6137	6147
5796	6233
1132	4986
6138	6204
6203	9045
3106	3107
1062	64151
3071	6461
1601	9341
5868	10096
383	5657
117	2695
51289	259292
6136	6168
6165	25873
7020	284252
1894	259266
2775	2779
4736	10399
5704	5714
1965	8892
117	2784
9246	54778
6135	6229
3091	6233
3852	3868
10112	23095
10749	11014
9585	51014
55872	64151
6218	6223
3685	10970
10574	22803
4254	7409
3913	3915
984	5108
6206	6218
6209	8562
6235	7311
1555	1559
23511	25929
196883	285601
1956	10413
6161	6222
24137	259266
6125	6202
3433	10561
2153	3827
6206	6224
2521	3190
1991	6709
4735	151011
988	3839
6152	6235
1116	5199
6152	6161
6170	6173
79172	151246
1453	6234
2623	3674
8581	27076
2197	6138
2268	5783
4508	4537
6599	55193
7514	9126
7316	64326
1398	5781
1495	84962
684	4939
23517	84135
26268	90025
6208	6235
51593	64859
6201	6231
4809	84844
6601	57492
3111	3127
26232	92369
3690	3791
332	991
56902	84135
7249	7532
123099	340485
6143	9045
988	60682
9126	11130
102	8542
1406	4901
5518	6206
1937	6128
57153	199675
1084	160364
6707	23581
10921	55746
1495	5770
3013	8363
7272	10403
6164	23049
9363	64284
5707	23526
1509	124583
3486	3569
1290	1291
1778	57545
8976	22905
6224	25873
5861	326624
6161	6175
6128	6208
375	10959
5196	11251
521	522
6227	6233
1991	56729
54069	79172
5688	5706
1500	1969
23291	26190
3429	4938
388	389
2535	8324
5879	6249
1669	1991
57405	151648
3113	3123
2935	6181
2064	5336
2692	5745
274	9341
54885	152503
1669	8993
5701	7979
3921	6202
830	10652
6128	6194
1495	8394
8351	8363
3920	6836
6233	7844
1306	169044
1994	9879
6160	9349
1173	10552
6233	8295
6143	6209
100	51816
3931	5338
3214	3216
6233	7189
22905	51429
915	7535
1781	6249
6159	9045
64410	79791
7311	89910
6175	9045
51172	84572
4701	51079
695	3055
6138	6193
1062	1315
4323	4811
6141	23521
6049	8881
846	5737
973	974
57551	81930
332	81930
257313	387129
84648	353142
4712	4726
27258	51639
857	7132
5879	9564
6129	6207
10193	26046
1781	6993
185	4988
1116	1991
1161	51426
8329	8334
5660	55970
1915	6138
24137	285643
1937	6147
6229	6235
7498	9615
3017	8365
6201	6218
6233	7098
3127	7535
6890	6891
684	54739
56995	154881
351	2817
84962	121441
6128	6165
6146	6203
3852	3860
7189	55626
2799	5707
5731	94235
6143	6222
87	5768
344892	390275
8175	10181
2237	5111
6152	6227
2064	6233
64983	115416
2197	6175
6147	25873
57545	80184
8322	22905
11098	51280
6205	6230
2519	51816
51143	79172
6601	55193
6790	22919
55127	84172
10576	10693
9928	259266
54577	54578
160	6233
9738	84902
8767	23118
10592	11169
1991	5657
5725	9343
10250	23511
5094	23020
4540	4541
22974	29127
595	11186
6921	10987
4710	4724
23646	147746
10075	80204
27258	83443
3361	4283
5741	7434
3433	23586
6139	6209
9322	9341
1915	6228
6790	29127
2159	2243
9716	10713
6167	140801
2185	5879
3635	5777
3921	6233
2247	6233
393	11014
5869	8027
23160	27340
5872	6764
6147	7178
1991	4332
6189	6222
6222	27340
5528	9793
6132	6170
4709	9551
9662	10733
6233	8945
6185	57171
10381	84790
1088	6556
6170	6208
3111	3123
6122	6164
10083	257629
3799	10540
5526	81565
3685	196527
688	5468
2791	115557
6173	6207
2935	6232
6176	6234
3030	3032
2023	7167
57405	348995
23291	89910
9531	26353
3577	338442
778	783
6203	25873
2683	146664
672	51755
6230	114987
54908	151246
23295	54620
891	4751
4717	4725
966	100049587
9904	57696
6227	6232
3908	10319
7124	10673
2268	7525
6154	6161
1329	55967
63891	390594
9793	57551
6147	7311
2048	3055
391	394
1933	9349
10959	222068
6993	8655
23585	54741
3659	7015
7514	55746
51289	259287
10201	87178
6139	6189
24148	51340
4904	22826
102	1499
6130	6205
9730	10425
6189	6232
5707	64750
9700	23279
116	59350
23067	25942
6235	11224
6156	6167
7311	54363
4736	5339
57662	144100
2935	6209
392188	645402
3836	3837
3718	6777
335	462
79895	160364
4736	6175
6181	6189
2185	3320
1601	5878
10094	127833
6224	6234
846	339403
399	3633
6125	6185
3675	5328
84085	197131
6288	6357
6138	6224
7337	23309
3190	11338
6625	10236
6165	140801
6157	6202
8365	8970
831	5747
6168	7311
3015	5436
5435	11325
4736	6154
566	1991
3191	10523
7415	56729
9551	84833
1933	4736
641	116028
6152	6218
3635	5579
3190	5094
6164	6229
1981	6206
5716	51330
3357	5737
2107	6234
996	8453
6047	9320
51098	83658
8337	8365
997	8139
6208	6232
11091	54881
3797	26146
3713	23581
8916	9039
334	813
5438	51639
25818	404203
695	2206
1876	10445
899	51343
8969	85236
6133	23049
5861	8655
6138	6228
2841	8698
1933	6136
6170	6171
1994	10594
54577	54657
6152	6208
6170	6175
566	6036
10552	100526693
830	9371
332	259266
6714	57670
26263	92912
3437	4938
22984	64318
60	5879
1756	284217
5747	7456
6233	6714
8477	9002
6194	6208
6233	9101
3274	285601
6125	6173
6156	6171
6206	6227
5880	6453
50834	338442
6233	9349
10615	56992
1778	5347
6891	6892
8334	8969
273	8673
7003	10413
3046	3048
2197	4116
966	3683
9411	29984
7311	25831
1605	5747
5700	10213
3340	375790
5516	151246
3074	5476
3183	27316
6160	6229
6164	6167
4541	91942
1639	1783
6330	6340
695	7454
4736	6207
5310	9727
11245	55970
2197	6233
6144	25873
3213	3215
1063	9700
6227	114987
10574	10963
8085	57690
8085	23067
10051	23244
2773	29899
2975	10621
9212	10024
727	50835
1499	2932
6170	6229
388	7409
58191	63940
8337	121504
1783	7514
3725	4772
2853	50834
1477	56259
1495	3799
22948	84790
22954	64219
1994	9416
79339	344892
6233	25831
1062	259266
6132	6135
6227	6727
5688	7979
26118	51088
6170	6228
6134	6175
2769	5330
6175	6208
3183	3185
23028	283248
9277	84154
4353	56729
6173	6228
51023	116540
2207	23533
5829	9564
2197	6218
6169	6175
389	114793
2268	6774
6233	8239
388	117289
4862	79365
6233	9810
2683	11085
6208	6229
6204	9349
5335	10920
640	5079
6136	6159
5929	6872
9320	51132
6136	6152
6158	6228
5519	5903
2274	284119
9133	56992
90	659
399	7984
2519	11098
3119	3127
1173	9341
5899	7852
6173	6218
29088	51264
1058	5528
3181	4670
6208	6234
23451	55339
115273	201475
29118	63876
6202	6224
84105	347732
2932	5711
22984	55127
6165	6234
10714	80010
383	8993
87	7044
11051	85313
2932	6790
153	796
5433	10285
6170	6201
9265	27128
972	3115
6605	57492
3659	5371
4712	29796
6233	25873
1308	3691
6885	23118
23291	197131
3214	3215
6144	6202
54556	92815
2792	122876
6175	140801
5516	55055
2358	57413
3190	10949
6632	6635
51444	57531
10664	22976
1908	6863
1398	6714
6147	6157
4116	6167
6176	6207
3187	55696
9738	57787
6144	6188
9793	11004
6206	6230
28981	92104
153	155
3569	8542
351	7184
54856	55870
6137	6167
6130	7311
6129	6164
10885	84172
29089	197342
5678	6385
6233	57154
6708	11280
6281	79026
9752	56141
51096	57696
6152	6222
83551	134860
64928	219927
6204	6230
3921	6159
4793	5714
5351	5352
1327	1337
26091	151636
999	1500
695	5336
6138	6210
4709	29796
9021	57674
2847	4985
1610	4843
1499	23291
3882	121391
6147	51187
338	345
3663	4281
1282	5033
6129	6202
6233	10111
6189	6202
9126	23244
6176	6235
1856	5869
2633	117854
3688	91522
6188	6222
6146	9349
6165	6167
6189	8562
399	445328
6231	9349
5868	9341
3123	54331
6144	23521
7317	140459
983	10733
10533	26091
999	1001
1398	10787
140460	197131
7311	10110
1601	8301
2358	160364
4670	6434
2975	9329
5880	84144
695	3725
1994	10949
1176	84062
9727	55770
2197	4736
353139	353142
896	6776
54908	55055
10121	79867
4085	79682
2537	91543
4710	4718
3675	3688
6193	6234
920	9026
3490	6696
6181	7178
6491	10733
6164	6170
6147	6152
2197	6181
6135	7311
5594	5781
3008	3024
7283	22919
57405	113130
2206	5335
51465	140739
3491	54972
400	57511
886	2922
9045	10399
9724	27042
5898	9371
6122	6169
6167	6168
4708	55967
6155	6208
84261	154881
3569	4286
6143	6208
6165	6222
3713	6705
9833	29127
10236	27316
3355	4852
9228	9378
996	57542
6850	64170
351	55970
9787	10112
134	6376
344	6382
6170	6222
1195	57396
6135	25873
2811	2814
16	2617
23309	51742
3685	5747
5290	9208
6139	6164
3579	8766
80018	80155
6142	6161
6207	25873
6161	9349
7175	55746
183	51289
2073	5440
6133	6232
6157	8665
6227	7311
9493	29127
2239	10082
6139	6165
5872	326624
4736	6152
2865	84432
4736	6229
274	1956
4514	4519
6155	11224
1291	8985
9833	11339
111	799
6146	6208
6169	9045
4736	6128
7536	10181
3071	5829
3184	3190
5431	5433
3190	10432
2782	2784
3685	3912
10274	23279
6143	6157
3693	7525
2790	10575
10885	27042
23223	65083
3655	3912
6156	6218
9968	23186
259	2244
4736	7311
399	27237
5741	122876
6146	6173
11190	54820
3837	5903
5977	8289
26190	55832
5706	5718
2197	6137
1269	59340
8301	10096
1642	9730
56902	79954
5529	54908
4709	4725
9790	54881
10283	23398
3698	3827
121504	126961
6194	6204
6135	6164
6165	6224
1063	9793
7525	10298
6139	6156
3635	3718
2935	25873
6147	9045
11275	283807
6161	6167
10250	11338
6137	6234
6202	25873
389	6453
22948	63971
1933	6138
1290	10536
3683	6518
8969	126961
9133	113130
2023	2597
6135	6204
4171	10036
28987	51388
9787	29127
81	87
6135	6176
84902	347240
1880	196883
1870	5928
3350	4988
2059	10458
156	301
27248	79139
3796	5515
2968	57804
54578	54657
5717	9020
6122	6204
932	3903
891	55165
6146	51187
3655	3909
28998	57129
6133	6169
10964	91543
6233	11059
22897	79598
6129	6130
3691	3909
9875	27340
10574	84617
6169	11224
6209	6224
3921	6181
5829	7534
8841	79685
26589	219927
6727	10952
1362	9698
4666	6202
971	973
6165	6170
6135	6167
5829	64098
23322	80184
3619	81930
1936	6132
6161	6168
6830	26043
1295	55214
6204	10399
5347	259266
3673	3918
2617	4141
8453	65264
2798	56923
2814	2815
6171	6227
378	9276
3396	51649
1349	10975
10618	22848
3664	23650
56949	91603
6125	6139
6147	11224
197	51156
1062	9276
1639	9493
3174	6927
3185	27316
3553	11213
5493	11187
6184	6185
3491	11167
1329	4712
1915	1933
3202	3203
671	3240
830	29127
1601	29924
4986	8843
1058	54908
6146	6232
5201	84617
3619	9793
4085	55166
974	1445
6154	6173
6709	11014
26232	55527
5685	10393
6194	6206
6156	6169
2220	5648
10427	126003
1783	22919
6700	353133
8638	23586
3183	220988
6168	6224
3178	8106
6193	6208
56923	259295
6133	6158
185	186
8655	27077
115290	154214
335	2262
10681	338557
3912	5829
6146	6161
3017	8329
6141	7311
1645	1646
90550	91689
4734	22954
90293	221687
7311	55669
1942	9564
4508	4512
8175	56949
1908	2865
6790	9833
353137	353145
6133	6143
9984	10482
917	1759
2033	10735
4736	6134
3156	4597
4695	4707
3633	29984
51514	64708
2848	122042
10552	22905
22905	54874
6206	9045
5440	55756
336	2266
23160	79954
6164	7458
2801	9276
2147	5020
570	1962
919	3122
6233	257397
1453	6206
6208	6227
6205	6222
871	1291
4986	53637
6169	6231
391	9743
5119	27183
3192	5093
10285	10713
963	3683
2071	5985
4670	10949
4726	4728
6874	51230
1832	5266
4952	6233
6129	140801
3854	8689
4512	4541
22863	51422
6222	6227
11251	94235
988	6602
6169	7311
6164	6206
221	5328
1859	10238
58	5879
6124	6125
336	338
6202	6223
23332	57122
4543	4889
1601	8976
7037	54885
10427	11196
6168	6229
6631	27258
1783	5516
10489	84231
6130	6232
189	6472
6122	6130
6189	6207
23327	89910
472	84142
4641	5898
6146	6235
55014	126003
2642	4922
338	2153
4852	283869
4540	374291
51234	55831
2317	54751
4940	9636
6154	6203
2209	2268
2045	285220
51118	84946
6235	9887
81	9564
6128	6155
1511	4069
1435	3490
3832	9700
9133	55355
6128	6157
1781	121441
3479	7044
10713	53981
10524	10714
2956	5422
6160	6204
3191	5725
3339	7045
5879	8853
2957	6619
1956	5921
1116	4069
378	5861
2805	3242
5829	7852
2790	7852
5347	6790
5970	57506
3109	3122
389	30851
6133	6170
6142	6227
6233	9341
9322	22905
39	3157
2033	8289
53637	63940
9793	84131
54620	80204
1650	6836
22974	24137
351	3912
6632	11157
3903	11314
915	919
7984	29984
1783	10959
3659	5696
672	84464
4116	6125
6128	25873
2268	6714
23304	57531
26268	29945
5885	286053
351	1241
3827	5020
23291	79176
10960	51128
6279	6283
6122	6124
7311	140801
10489	51343
6517	9968
6164	6181
10970	196527
29984	389337
1665	9879
2157	27095
2692	2843
5879	257106
2071	6830
4736	23521
3854	3861
5695	10213
22995	146057
6159	9349
10389	84108
1292	3685
388	23370
2597	5315
345	4036
2168	3158
4343	6233
11218	79084
11004	81930
174	51156
4173	5422
6223	6224
2071	2967
9742	55112
988	203068
699	9824
8542	84141
1062	9793
6144	6147
4171	11073
6167	6208
6129	6160
6159	6228
222487	338339
6139	6201
701	3832
2081	7494
6144	6230
799	10268
5518	6235
521	27089
3897	3912
10959	51014
4952	5286
4116	6132
377630	401447
6144	6222
6128	6222
2623	6886
6133	6217
2912	5173
10970	326624
10199	54606
6156	6222
51226	553115
3685	84329
10403	51143
186	2913
226	6678
6750	50837
5930	23295
991	1058
4889	6751
3855	3875
8648	10499
796	797
3156	6307
1783	2491
1499	5795
6233	55669
5347	10112
6133	6160
7051	23581
3305	9530
6234	9887
6154	6194
3190	11100
9045	11224
7984	54509
6201	6230
6232	54908
6141	6223
6130	6222
9918	10592
378	51014
7031	7033
25984	121391
1781	51014
6130	6173
24137	64837
9276	57410
91147	121441
6129	6168
6124	6224
4637	103910
6637	23524
1063	3832
1043	2350
3710	10235
10236	51692
4738	7979
2048	8976
890	26271
9126	54780
950	3482
1650	5660
6181	9045
3357	56923
57539	79659
5082	10574
3937	7409
10482	23279
6165	6232
1942	1969
4736	6223
143502	285093
197	335
8566	10855
8334	8365
1291	5352
6138	11224
54820	57787
163	9341
1236	2841
3688	7052
6923	9978
6202	6205
3122	3123
2214	2215
28973	64928
2189	80010
22930	25782
2521	10921
9833	11065
8453	56995
971	5336
51676	84541
6207	9045
2205	3702
11224	140801
332	10112
4116	6201
9655	9903
285	7010
6124	6143
9867	53339
5518	6164
10376	84617
3915	10298
891	22974
163	51429
695	5777
6188	6206
4734	7316
5432	27125
988	3837
1173	5962
6923	51755
10014	57459
8394	23533
6160	6167
1937	6130
6173	6222
23332	27229
5747	7852
6155	6231
2242	6237
5746	94235
324	5519
776	786
6229	6234
2071	55677
2348	11258
6136	6170
3895	84141
2683	4855
1781	10112
6207	6234
1577	54576
6135	6157
57082	348995
7156	63967
1551	1555
3437	10964
3978	5426
8237	10574
2079	6432
6714	7402
23283	55749
1736	79050
6133	140801
9636	55008
10943	54556
100	4907
9824	10112
2935	6234
391	171177
7919	27316
6428	6434
5707	6386
6147	6228
637	8626
2817	7048
90480	116540
4948	7299
6229	7311
6160	6218
5048	6249
6160	9045
6130	6160
6434	57794
6161	6227
5347	9738
6143	6168
10540	22930
185	2642
3306	93426
8295	57634
9742	23059
54850	63891
1956	3912
3091	4088
9969	23389
5347	22919
4283	6364
10232	27076
23327	79176
51098	64792
6222	7178
5547	326624
8843	50834
9886	84144
6143	6158
5861	10890
10965	641371
51088	51122
10189	79902
26190	51122
5610	11274
348	5360
6129	6170
3609	5725
7311	9856
50838	259293
10155	10520
23042	23420
3832	10615
1781	4735
398	5880
8615	9276
6628	55110
3675	3683
29126	80380
2359	56670
6122	6191
2521	51692
1667	1668
5879	6385
1824	5266
5335	8698
567	3107
1544	169355
1915	4736
9055	10592
6143	6171
8463	25937
28998	29074
891	51433
3836	10971
3491	7184
1783	6711
10945	10959
2788	5294
6154	6159
3797	9493
6147	6202
1605	5579
5516	5708
3339	6385
3683	5788
4712	4713
2683	10331
10112	64837
11004	113130
6124	6169
10594	11338
501	85007
9700	64682
27340	57647
4361	10635
2535	5599
1314	9632
2207	2212
10466	79571
6165	6229
10121	11070
4008	55236
5093	10523
8666	25873
6418	7514
10733	11190
2197	6125
2767	64407
6165	9887
58505	200185
27089	29796
3178	8175
2204	160364
4543	4852
4853	6868
6453	9341
2840	128674
7089	83439
9039	10293
1559	1576
4735	57545
4709	91942
26005	26123
9212	79003
6936	51645
1232	11255
3075	3078
3355	5179
6161	6204
6170	140801
6133	6173
1445	26191
3643	9021
10403	259266
55832	90293
932	3689
640	7525
26224	55208
1453	6210
1289	7373
5869	57403
23244	23332
6138	6227
7456	10787
813	10130
6128	6175
6156	6224
174	3827
6280	6283
5199	56729
8615	10959
8775	10618
51639	84844
972	5641
351	5443
6161	6181
10972	22818
10274	57551
2863	5332
1605	375790
6157	6176
23014	56995
3852	3853
5433	8085
1232	27198
6636	10465
3688	375790
6156	6173
1830	7051
3015	8290
5579	55970
2491	6249
6128	6138
2318	3688
51071	126133
6223	51187
22938	220988
58508	84661
3434	5610
7311	56288
1958	4665
1161	5887
285093	391211
6202	9349
79954	84916
6233	143279
22984	84172
6385	375790
988	79595
7200	84634
161	26130
6430	7536
6122	6234
2177	7398
8349	8365
3482	4905
8607	54881
3183	3190
6207	6208
6156	6230
1398	9844
5861	11015
3761	3785
6175	6194
55759	84128
5432	11051
8365	126961
932	79895
5829	9844
5701	11047
6155	6175
6155	6164
6173	6224
389	4627
10084	27238
6193	6231
6138	6222
6161	6229
6210	10885
5872	53917
5872	8766
4008	7321
6631	6635
6138	6181
7472	7482
6790	121441
1058	55355
1291	55214
4793	5704
5501	9126
9133	11065
5528	23332
102	10618
2519	5476
3799	55605
10574	22948
996	80012
9585	29127
3713	5266
640	3932
4710	29796
2058	4141
86	1642
701	9793
54657	54658
10959	22872
5777	5806
57530	100506658
6157	6204
4540	4701
6144	6229
1783	84342
6168	6218
6181	6232
6167	11224
6128	6204
1650	6185
4599	10561
727	50838
1981	25873
6144	6194
6133	6181
3912	6714
1824	2125
5199	126014
6143	9349
7410	63916
1969	2268
6133	6206
2517	2990
5879	10458
641	2189
3579	57413
5345	7076
6204	6208
84154	84365
6233	54874
10053	130340
3903	57153
3203	3204
6141	6203
1642	79913
2932	5704
29984	54509
10523	11338
6633	25929
117177	121441
6130	6154
26173	51593
6139	6234
5870	90196
118487	219927
3187	10181
3685	8560
6160	6231
9493	10121
6130	23521
6133	51187
2771	3708
9277	80135
9133	10615
1072	5216
1173	6455
57129	63875
4999	23595
11340	23016
2266	3026
51258	64951
10561	55008
8243	23279
1669	3240
6154	6168
10592	24137
7184	7466
259292	259295
4800	6667
27089	84833
22974	259266
1084	2358
23279	81930
2837	5331
8775	23431
1337	4697
64981	116540
3675	4233
966	51014
5878	11252
4700	4702
5434	8349
51692	55749
7337	26190
1431	2747
23160	64318
6202	23049
4709	25915
8689	121391
3799	9493
2023	5230
3921	6154
3434	64135
1536	84329
3609	10236
6154	6165
4288	10051
6144	6208
4709	55967
6176	6223
8289	57492
5660	63940
6142	6233
11314	79895
1291	1295
680	64106
5331	27334
394	11015
9493	24137
5861	57403
6170	6223
6159	6160
10693	84617
5870	8766
2521	5725
908	9628
6209	6229
1783	22930
9493	81930
675	27030
6137	6138
6233	440689
7311	8945
6223	140801
813	5954
163	1601
5928	10014
6233	7311
6135	6141
9416	23451
8337	317772
1646	8644
1234	1236
28981	79989
5547	10970
5516	5529
9320	55236
2064	2065
1457	10592
9491	200734
5708	5970
1902	8477
1981	6167
51602	84946
8663	728689
10552	29763
10857	64386
6137	6223
378	10652
4535	4539
4584	9245
6169	6206
2186	196528
988	22803
6176	6232
4736	6125
5747	10787
9636	10964
6165	6207
6133	6231
64750	65264
7337	57169
4708	4725
8568	57696
5684	5706
7846	57545
6122	6205
3920	80331
932	199675
9363	9367
6193	25873
5516	54908
6144	6156
3192	23283
3672	3696
7322	9867
25879	84294
6164	6188
3371	84141
974	29760
5861	10484
6173	11224
5435	5451
6136	6161
6194	6230
6156	6209
1445	7525
904	5433
5111	7027
813	7184
5829	10787
350	5267
867	8301
6129	6233
5566	23332
2033	6667
1956	54206
2792	6752
2621	10272
6135	6139
6237	10507
2935	6176
5339	25873
1861	27348
6202	6232
391	94134
6147	6223
2215	284348
11176	23309
23322	79867
56165	136991
9133	81624
22974	81610
26190	65264
7421	10036
6133	6189
6157	6173
3675	375790
51014	56681
5725	23435
6455	9341
701	113130
3040	3043
2197	55176
3066	23028
3886	286887
689	4666
6203	6217
23327	51088
6147	6204
9730	64682
28959	55365
183	846
3190	9716
1937	6228
57678	253558
1029	1030
9844	10787
3921	6201
51081	84545
5599	9043
6453	8976
6147	6207
966	79090
10342	10427
4983	5880
1453	6230
26123	79867
1991	4353
54778	140460
6429	22826
64946	147841
4690	10152
6160	6207
3123	4261
4288	6241
9283	51764
6125	6161
6229	65008
3921	6228
1500	7525
1915	6191
3912	84141
988	10236
9666	115290
3855	3856
5928	10013
6144	6155
7311	55272
1650	58477
6222	9045
2982	2983
4829	56923
1595	3157
2962	3456
3837	22974
301	7852
6139	6202
6173	6188
344892	387748
1829	5318
5604	8826
1871	6667
1894	54443
5880	10298
23322	26123
10236	10949
2147	3481
6714	10298
4116	6222
2920	2921
1662	84365
5708	84962
2695	5741
2792	26339
3579	729230
8976	25977
1910	2865
3191	7536
7311	54874
6147	6167
4542	4646
4736	6233
171177	445328
6160	6235
2957	5433
1299	50509
3105	5696
439	5694
6218	6727
6233	23112
891	7316
6122	9349
55143	348995
930	29760
3054	4899
8356	440689
2790	2863
6169	6204
10013	57649
4708	27089
1557	1576
51264	64928
1495	5781
1213	6233
4862	5054
3240	5005
6229	23049
2997	6233
26354	54475
8600	50964
1555	1577
57405	79172
4599	55008
338	5948
6157	6224
6210	6218
1642	11091
5747	10298
148	886
55166	79682
9282	9611
2960	2967
6144	6223
1058	9212
6150	55052
1915	6130
5905	23225
1825	7051
3921	6128
4172	4175
25929	55706
1063	54821
5878	8411
6156	6235
8128	8703
2810	3691
3048	4778
8638	10379
6171	25873
10102	84545
26146	92104
4939	6773
27125	55840
2150	10800
213	5265
7139	7431
3320	10383
1308	3655
1277	22801
64981	116541
11222	57129
8969	121504
23291	51122
3683	64386
4710	4726
6156	6206
9025	9656
5683	139285
10403	51203
915	3559
6637	84844
1234	4544
4736	6137
9978	158506
5094	27316
699	259266
6218	6232
6233	55176
643	5368
7412	388646
3710	6804
6202	11103
783	10369
6157	6181
26682	344892
1173	2535
5747	6237
9320	26190
3921	6208
4508	4513
1062	83540
6183	84545
3184	9716
6122	6137
1830	25818
5435	6633
6193	6205
1981	6164
3190	10594
2994	6005
5371	6672
5266	7062
11339	54069
4686	23511
1656	54464
6461	10787
4694	4713
54998	64976
3212	8338
905	25896
8843	27198
4161	7432
1500	1956
23291	23327
6629	10189
1058	11004
4718	4728
79473	344892
1536	4689
2641	113091
1956	3084
212	2623
813	3491
6154	6158
55055	348995
23291	55832
3853	3860
1738	4967
6194	25873
23224	23353
2956	6117
9877	100381270
7871	8428
3192	27316
2033	7874
8729	10121
3360	7253
675	5983
5696	5698
967	4033
4141	7453
6136	6142
28977	54516
11127	51014
79470	344892
4641	10552
6230	7311
6189	6227
2033	8648
6159	6161
6141	6158
56963	148738
3429	8638
6147	6175
7124	7316
1741	22941
4048	126014
5584	5590
154064	284348
5869	5870
26091	64750
6154	6235
999	3691
2521	27316
3171	6927
8974	29920
1236	5443
1778	24137
988	9793
5529	22919
23149	115548
3688	4233
5036	10576
5880	9743
80321	121441
6135	6234
5739	94235
6159	6188
988	79869
23327	29082
3429	4940
830	1315
6167	6189
6152	25873
4928	57122
6170	6176
6908	8812
3356	5731
6176	51187
6146	6227
55720	79954
23586	91543
9320	197131
680	3358
55720	57647
963	5795
5869	22905
8515	22801
988	1654
7272	55635
6201	6222
4173	9126
187	5473
2768	2783
3909	375790
3184	10181
54663	84365
65055	219438
23046	51014
6138	6209
6142	6171
6173	6230
6176	11224
5001	10926
54778	57542
6036	6037
6142	6169
399	85360
2033	10498
1660	10492
1854	4174
3681	8515
1232	56477
5347	51512
972	3109
6233	7158
3683	84329
9738	347240
10959	11014
7314	10920
4176	5982
4986	11255
55143	220134
4172	9700
6147	9349
6667	8648
1555	1576
26005	79867
10592	51203
6142	6222
3832	10733
3911	59277
2792	5145
3914	375790
54998	118487
6635	83443
4194	7316
1001	1500
3309	10049
5717	126374
2099	9687
1329	1351
6142	6189
84861	143279
6143	6159
6129	6208
6164	25873
6175	6176
22930	84516
10499	55588
6158	23521
6122	6185
54625	151636
151648	220134
6142	6235
6125	6189
9493	23046
983	6502
1573	8529
6136	6194
22974	203068
7311	9666
6154	6204
3222	3225
1121	5869
6170	6233
6205	6232
64761	83666
3683	3685
2359	5473
3111	3113
4087	79753
389	10398
5928	192670
6208	6230
2197	6727
7311	23198
6144	6161
3360	10888
2197	6168
5426	8317
6147	6168
6156	6233
6128	6161
9320	10075
81285	285093
3181	10657
4670	23020
1969	6714
3301	3303
6146	6204
595	5694
2264	7311
50838	56923
51692	220988
9371	10112
5034	5479
1008	1013
2079	6637
783	10368
3688	6709
10285	53981
1495	4233
6059	55720
991	6232
2150	7204
6129	6201
776	27092
6133	6230
3672	3688
23291	26091
6130	6139
8905	10053
51604	128869
10857	10970
6128	6164
1062	5516
6142	6194
329	5717
3921	6138
9069	9076
377	11014
9700	10735
6209	11224
23332	91147
5777	7409
6232	23521
6164	6232
3619	51143
155	6344
2222	4047
6129	6173
3685	5829
9984	79869
10403	23310
6201	6228
2185	5579
6161	6194
7305	23601
64682	84085
4317	6947
11176	51742
1233	56670
6168	6176
9320	84085
8886	9221
909	915
567	3659
1605	3672
6209	114987
6249	81930
25839	84342
9887	25873
3191	11338
6203	6231
3912	11098
2131	375790
3054	25942
5473	11251
3109	3113
10489	22888
1269	8698
1981	6222
1783	3799
23279	55746
10236	10921
1933	6156
2178	2189
3579	5515
9790	22803
4690	10096
5708	64750
5861	10972
6132	6136
6625	23450
5425	6117
6144	6175
930	974
930	973
4514	4539
6129	6137
2821	7086
79501	285093
1937	6124
187	94235
6130	6168
8329	440689
5869	8976
4670	10432
4695	29796
6233	23291
800	3693
10618	55330
3717	4352
55339	84271
10749	23046
3106	10475
4588	192134
10885	81887
26268	64682
389	57522
6202	6203
4952	54874
6138	6233
6164	6208
6175	6234
1830	6705
4508	4514
23020	27316
2521	3192
1033	9787
9126	9700
6165	6228
156	2121
990	84515
6155	6235
4512	4538
8570	11052
27076	146760
7343	9013
163	6233
1453	8945
705	83732
974	100423062
9459	64098
10621	11128
26146	64792
6139	6161
6605	9031
6135	6222
10236	11100
8945	55832
6175	7178
2197	25873
988	55183
27242	85441
302	1778
5154	5155
2204	338339
1933	6227
6122	6139
5725	10492
3093	22954
5338	9744
1595	6307
3921	6207
1956	3655
1453	10427
258	9210
4175	81620
2932	5718
25978	51652
6203	6228
81	226
1915	6134
4343	84441
22984	23195
6138	6168
6175	6204
6709	6714
3491	3895
1595	4047
383	671
4712	55967
7317	51343
5529	5718
4694	27089
4938	10379
3191	5094
5339	6194
2033	26523
6157	6164
3308	55706
6135	6136
6233	8322
6167	6170
83597	390174
329	7316
6176	6727
6138	6160
2810	3918
4736	6122
10324	51666
8945	285231
51619	154214
4736	6204
1292	1303
111	9283
116372	257194
1942	2041
6207	56902
6169	140801
23291	57154
4670	84991
3688	23209
3434	10561
6170	6232
29796	54539
7320	7322
5604	23164
1830	6699
890	64151
6143	6206
3659	6672
84418	100049587
1241	1902
3903	84329
10713	26121
4713	4715
89910	143279
146	886
3320	85378
521	9556
6144	6235
905	55677
2695	122876
6223	6235
6850	9564
6139	6154
1213	8976
2767	5335
11004	64151
4585	200958
699	55143
23	6059
3921	6194
11130	79902
383	1669
4700	4708
9690	22954
7421	11198
11190	57545
26531	344892
3304	10963
226	7167
336	51156
6139	6218
26249	55521
2863	9002
5862	8548
51134	80184
929	7097
23431	27131
5516	5714
338	4973
6168	6181
8697	65264
6218	6233
2067	91442
6159	6222
11059	23291
6152	6209
6160	6234
4088	5594
6500	64320
8453	84085
1269	53829
5518	6232
2932	5708
801	6263
6626	51593
4173	81620
4830	4831
3109	3111
6202	6208
891	29127
3183	10949
5048	5870
6128	6170
4736	6156
5433	9879
10403	113130
2801	81562
5747	5879
1329	29796
1434	3838
2935	4736
6170	9349
2767	29933
11102	84946
6175	6218
1937	6229
966	11015
302	383
7532	26123
22954	23291
53981	348995
5695	7314
11015	51014
6175	23521
2048	5998
6709	6711
22984	79707
6146	6176
1495	4301
4171	4998
55143	113130
9371	79989
23322	84902
5970	23291
1933	6135
10592	23310
10885	23160
1915	6157
3903	22918
8453	115290
1387	5929
6201	114987
286	6708
140453	192134
23160	56902
56624	259230
3190	23435
6135	6233
2266	3827
112	8698
1308	3909
3107	6890
2023	2026
695	2207
4049	115650
8602	84172
5717	10575
324	8945
29984	55843
10022	339403
4736	6133
1778	4735
3688	83660
1282	1295
1063	25909
1084	1088
2533	7408
2147	2153
6124	55629
10112	29127
4853	23509
4734	8453
4599	9636
7311	23607
3660	10475
6204	140801
4593	57144
3854	9119
22974	64151
6129	6232
3912	5954
3921	6139
51081	51649
8976	55971
3875	144501
8329	121504
5048	5516
6714	8976
8638	9636
6181	6205
9322	23265
5879	9475
3178	7919
7337	23291
197	3481
92815	128312
51143	151648
160364	199675
1824	6707
799	1812
6556	79895
24147	79633
3309	29927
6207	7311
991	54908
2735	79809
1544	3620
4710	4725
2247	3685
27241	166379
26235	90025
1994	4670
2521	3183
891	9833
9493	64837
6233	65264
9787	9833
6223	6232
5861	5868
5702	5706
9295	10250
861	6595
917	29993
1062	54821
4710	4712
10272	11098
2918	10563
10574	10693
64318	79954
64976	90480
3184	3192
1237	9934
377	3799
2768	5879
3178	10949
7003	25937
6142	6218
695	971
5725	10657
197	350
6228	6230
133	55970
6154	6155
54821	57551
891	9493
23601	338339
891	8655
2222	3422
4736	6205
5339	6189
6155	6203
79600	80184
1435	4924
2864	27334
928	3655
6209	25873
1936	7407
4736	6164
10382	23332
6160	6193
3916	5878
6135	6223
1063	57551
3838	22974
8886	79954
11127	23095
5652	6692
5155	7057
1069	27077
399	143872
335	5948
7327	26046
1669	56729
3312	3320
6138	6169
6170	6204
1488	6934
1994	10498
6204	6227
6157	6209
22948	84617
2782	26086
7343	9112
6144	6234
6206	6222
9276	11070
6133	6159
5199	6709
5516	5707
3054	80335
54960	79023
79600	121441
5558	8317
3728	10855
1933	6124
6158	6170
51465	51676
7409	10787
3304	9531
11065	55165
9875	55127
9742	26146
6144	6209
197	2153
7153	57122
174	2243
26589	64928
6233	221687
5434	54845
23304	26046
3683	5795
9320	9690
871	1303
2841	55970
514	4726
9320	57154
6189	6205
6667	10499
833	8565
1810	55689
983	5519
9277	84946
6169	6194
5286	29988
5627	10461
6130	6202
1062	24137
9690	57154
50813	55884
2935	6206
8453	26190
26589	29093
6159	11224
2801	10427
833	4141
3181	3191
988	10640
1398	7525
27125	79577
595	5707
712	714
88	2890
2971	51082
3921	6175
11255	63940
1991	6037
4694	4726
6136	6139
6152	9349
553	3062
341152	344892
6139	6167
6139	6229
6047	23291
55703	84172
701	23047
6139	6155
1894	6790
6774	9021
5695	6500
2222	2224
3357	4829
6124	6129
6147	23521
1994	51362
2091	6188
2147	2266
2033	9739
920	29988
2197	6146
54820	55143
7919	8106
3912	10970
274	23149
9611	23118
4088	7316
3843	55705
7057	83706
6518	10857
3912	5747
3912	3913
4702	4724
1727	5707
6129	9045
3619	24137
9181	29984
6143	6228
3619	79172
92	7049
6169	6222
6124	6206
6745	6747
5023	5795
10949	23658
1839	5782
2770	5747
3066	10919
26155	84172
2197	7311
1731	23157
127247	148581
1981	6201
6147	6231
4953	51686
28973	51069
55970	126006
10155	10780
3481	5005
1191	2162
6135	9349
6204	6234
3619	9126
11004	22974
6130	6228
8843	56477
6230	6235
2033	23112
5684	8312
6688	7805
3915	51280
57542	65264
5929	8085
9793	55755
2348	11316
26232	93611
890	10403
5829	6385
6122	6208
635	29958
51317	57649
6167	6234
6222	6234
3915	4811
3351	346562
5093	23450
4297	23309
5747	10458
6500	7314
26155	117246
23562	53842
29927	100526842
6128	6201
5290	5781
2197	6129
1660	5725
3122	54331
23350	55749
6161	6218
25942	57649
1174	55330
6208	140801
4540	4695
8329	653604
5571	60673
2107	6176
8688	8689
9739	25942
51650	54998
6167	6228
1579	8529
6204	6229
720	721
6130	10399
4148	10272
1340	1347
1991	4069
3884	100653049
5529	55055
156	9002
28981	79659
8349	653604
2695	10266
4886	5733
641	5426
6133	6203
2125	6699
6209	6218
6142	6224
891	3838
6208	6218
3549	6469
6169	6202
2197	6229
3054	81887
5930	84961
301	2788
6194	6202
2873	8607
6142	6159
5426	10714
6160	6228
6188	6230
6233	6234
4904	10465
7314	9134
6135	6158
5868	8301
1058	57405
7316	91445
9798	27183
996	5707
1933	6176
1662	10528
11250	83551
4313	6678
6176	6202
1906	2150
6194	6217
197	2243
5660	326624
6194	6229
3113	4261
3491	3912
1659	51503
54509	57580
6137	6181
6203	6218
940	5879
6709	10652
10527	55705
8337	8349
1289	5351
9816	9875
9341	10552
55831	56851
6203	11224
3066	84289
10022	56923
10155	25799
6426	6430
3017	85236
6147	6169
6453	29763
54821	79172
1933	6133
2788	50865
108	283869
8704	55624
84643	93661
6136	6155
5579	9564
5701	5715
26235	26268
5518	5976
2788	5368
6139	6143
1650	6184
8655	60673
2242	3718
5657	6037
6157	6230
6201	6223
389	57449
3921	6204
5788	6688
6158	6205
9716	10921
6181	6234
10484	81562
3710	8826
9055	10112
2178	6118
689	6160
928	3688
5432	84962
4233	5795
8175	57794
950	22905
1576	1577
9551	29796
1500	7082
8915	29775
1933	6130
5872	51715
1175	29924
23042	51283
1981	6232
9092	27339
3191	3609
3915	5954
65264	89910
78988	116541
4171	5422
2268	2817
5725	10594
9793	84902
10250	10772
8364	92815
2919	2920
891	129401
7042	83706
6631	51639
23095	64837
55662	80351
2537	4939
7041	7414
3192	10236
23595	51053
23244	55746
1000	1012
86	988
3184	6434
336	2153
990	3832
1340	27089
2788	3269
963	10857
6168	6170
6703	6704
6209	27340
5493	6699
521	4726
5469	9967
57787	84902
51289	56923
3043	10321
3481	3827
6206	6234
2197	6208
5439	84844
26123	57545
3320	9844
6135	6155
699	151246
6138	7311
10112	55165
6194	6233
1639	1778
3055	5788
26524	84962
6237	10371
6142	11224
6432	220988
2788	2863
3093	27252
3183	6426
113	259285
1660	1994
9870	64219
3909	6385
2841	63940
6152	6204
1282	1284
6203	7311
90025	158506
1933	6154
301	302
7155	8289
65264	143279
2810	3655
6135	9887
8886	55127
6201	6232
6746	28972
6427	10189
55624	146664
11021	23011
3430	3433
5610	9246
983	203068
1943	1949
4141	8565
5331	222545
885	128674
4710	4713
6146	6156
6228	11224
1033	9232
5500	5516
10043	25798
3115	3119
4171	4176
6229	140801
6228	6229
2224	6721
114	1814
890	11339
27198	50834
8816	79269
23332	146057
846	259295
6385	7057
6667	6670
4940	10964
1154	23014
1524	56670
51081	51264
6142	6157
6135	6154
6222	11224
6173	6209
661	10623
9776	55626
916	940
6128	6142
1870	4208
1058	79172
6139	6232
6205	27340
9410	10946
4666	11224
5266	23581
1605	8910
394	7204
988	1660
8349	126961
56945	57129
160	10618
9767	11143
9655	50813
6143	25873
3912	7184
6143	6223
8334	79019
387	7046
302	10383
8349	79019
6159	6230
1956	7039
22984	26155
6188	6204
2846	4923
6233	10818
1287	3688
6455	23149
6204	6222
1915	6159
5822	22984
11339	94239
6129	6204
6122	6207
22954	26190
246184	285231
6144	6207
6175	6193
1601	6453
3796	5519
1340	1351
2073	4331
6230	7178
6133	6137
7043	10916
5451	55718
5149	388531
55127	79954
6137	6235
7175	23279
8337	8347
274	9322
5290	259230
8976	10552
1398	3055
8945	23014
4149	4800
84366	360205
23149	54874
79583	80184
4539	4540
2932	23291
6164	6173
6130	6181
6870	51764
6147	6209
8945	55031
6144	6203
51264	65003
23404	54881
7341	404672
9183	22919
23332	25909
2243	2266
338	4547
2064	2886
6141	56915
50838	259292
57787	146057
988	51692
10652	51014
6128	6173
10921	51692
5879	57522
23160	23560
10274	51143
604	933
3437	4939
2197	6206
9350	56963
6142	6160
932	966
2648	5469
6164	6222
5437	23524
1137	1141
6139	6194
6157	6229
7021	83741
54742	80328
10577	56729
6193	6218
6133	9887
25798	326624
824	3688
1237	5173
9742	57560
4736	6222
3685	6518
1933	6175
1937	6203
5093	6626
896	3717
5684	5688
1136	1137
1994	3191
673	57498
991	51088
6628	8683
7385	10975
3115	4261
316	4837
226	5230
6432	6632
5438	23524
6218	140801
9055	9928
1933	6203
6189	6209
2033	55904
886	887
1981	6135
10427	10484
3017	8351
117	7434
3673	3683
3842	54464
144699	154881
5903	23279
197	2147
6141	6193
10236	10432
6146	6201
695	3710
8329	317772
1453	653784
5005	7276
378	22818
3913	51280
6224	6229
1783	147700
3619	11004
1991	10394
6136	6188
3312	8871
8638	54739
3698	51156
6136	23049
1287	1288
4172	4678
3685	199675
5868	5869
6059	8886
9793	23279
1471	2519
5896	5897
6135	23521
6135	6235
6231	114987
932	338339
830	9276
8450	51122
6159	6175
24137	81930
988	9219
6137	6160
9133	10733
6233	27327
6167	6232
6137	140801
811	5589
1605	9459
4172	10036
3133	10475
3921	6189
3881	54474
4513	4537
7514	25909
4508	4541
595	6777
3191	9128
2817	6382
8349	8970
5878	7037
6146	6168
2099	54828
7097	7124
9903	221687
6169	6224
3688	9564
26716	344892
4734	9320
3355	5733
6176	6205
5898	5899
6155	6173
972	3127
6152	6160
64975	64979
11137	51388
9631	65250
2935	6207
5747	7204
6234	23049
151648	348995
1906	6375
23301	30846
5093	10236
6150	116541
156	1902
4736	9349
7416	55669
1933	6224
4670	27316
5985	8914
3856	3880
7525	9844
3305	10963
6147	6208
6165	6188
6453	10254
6133	6218
115290	143279
6203	140801
3918	5829
1829	5493
7272	10733
1781	9493
6157	6165
996	9320
7311	55432
9551	55967
6387	57007
2770	55970
779	10369
1981	6137
10657	11052
4926	5116
6159	6168
1950	6678
11014	50807
10592	22974
353137	353139
4599	4940
3909	3918
1946	2268
1292	3688
2792	343172
6147	6201
6176	6181
2197	6232
2696	53831
3362	3640
9655	57542
6204	6233
7456	10458
8924	8925
4694	7388
2207	8514
55832	80067
6160	11224
4172	5422
23517	134430
10254	51652
6138	6208
699	6241
6157	140801
11004	51512
2633	6772
6152	6169
3837	348995
10426	440145
56902	84916
6168	6207
623	56923
6159	6176
5432	6205
977	5339
3913	375790
1058	11339
1942	6714
10413	60485
3619	54821
1175	5878
5436	6631
1781	11190
10663	259293
5903	57551
5435	6875
2935	6122
6168	6233
2588	9798
5515	5526
1788	57332
5861	9493
1605	10298
1937	6138
7058	9507
3886	8687
3646	8667
336	4036
3190	220988
2209	10152
51023	219927
1495	3801
1111	2177
351	59340
6136	6138
64979	219927
51320	55175
27134	100506658
248	152330
53981	85313
983	9126
80155	80218
1062	151246
1315	9371
8290	121504
10298	375790
6144	10399
6138	6164
3685	3695
6175	6202
1589	3290
6135	6175
5707	10383
1500	5880
10618	79571
3371	3912
6156	6229
2537	3430
2185	7525
6667	27327
6836	9276
26476	344892
6156	6157
2801	5862
4172	254394
3683	326624
1111	54962
2549	3055
5518	6157
1778	6232
9276	9371
3301	10963
6142	6154
5194	7311
5879	8976
10	7498
6130	6164
3163	3725
1477	5438
1942	2049
6159	6202
7840	84902
1457	23411
51088	55832
10949	27316
381	23046
8816	51122
1453	80097
7321	79176
55	154664
6142	9045
4710	27089
351	6370
6233	9887
6142	6152
53829	59340
6136	6169
6176	6229
6161	6228
3659	10475
1981	6175
4069	6037
7283	22897
2147	3827
5196	5473
6167	9887
904	9646
1783	81930
4700	4726
640	29760
23225	79833
111	1812
9371	10749
746	1603
2792	5741
389	393
3071	7454
6138	6161
8318	54962
6453	7311
6135	6218
10133	10540
1778	6709
6165	6169
4686	10302
5861	11014
9329	10621
972	3113
54474	286887
4519	4538
4924	5589
671	4353
57191	400720
2792	2918
4174	5424
351	7466
10236	10250
1307	169044
1385	1387
6156	6227
6146	6189
988	55215
1453	6203
4588	26290
4867	91147
1062	11004
5170	7249
5394	5822
3183	6428
64979	118487
6207	51202
4540	4726
6232	25873
208	2475
6793	10857
8334	85236
1915	7178
3675	3915
5023	84329
2033	25885
3685	3688
3837	9972
4947	5708
1292	5351
1605	55624
9126	23279
3360	3375
9833	10403
5870	57403
10250	84950
4312	4314
6139	6144
8853	11014
6158	7311
6137	9349
6453	9322
1292	55214
6139	6222
23014	64410
55299	56902
643	9294
3669	4939
3396	51081
8139	123879
7536	10949
2537	9636
79682	387103
6128	6136
6122	7178
1490	25937
3191	23435
1325	2847
5435	84844
1386	6602
5788	7852
2185	5747
891	54908
5609	9181
54606	55661
1398	10152
7846	150465
1763	55388
22954	23014
51143	113130
27161	192669
4116	6170
23279	57551
3434	4939
6154	6193
9690	89910
335	51156
5339	6157
3687	79895
963	7805
3685	5795
5111	10714
6133	55176
6128	6167
6124	6194
27258	84844
6164	6168
54751	83706
4069	5657
3909	59277
2935	6202
8969	8970
3918	9459
3921	6152
3119	4261
10769	55835
1829	3728
6154	9349
26338	65055
156	8477
963	1536
6133	6147
2153	2244
3914	4233
6203	23049
9790	27340
1857	6233
6138	6173
5443	53831
8945	80204
8351	126961
7317	22888
1500	3801
1781	57545
6122	6157
1660	23020
10890	10971
6164	7311
4707	4717
23309	79595
2132	375790
1292	1295
9493	55165
186	4988
6159	6194
50616	116379
5293	23533
9021	140462
335	350
9978	140458
3675	7057
7328	9690
60	2597
5558	23595
5725	7536
6210	27340
3491	3915
7476	7477
9343	27316
2071	9015
1329	4726
251	137797
55832	154881
5347	151648
6714	9564
9782	10949
813	3913
25885	84172
23160	57647
6142	6181
6124	6146
4069	5199
23586	392188
11314	100049587
6161	6169
11004	23332
8805	27044
164	55330
3561	5599
6161	51187
7335	8453
6129	6235
3148	8125
9738	146057
23279	113130
1639	22919
7532	653784
950	22848
9636	10561
4938	4940
6122	6223
891	1781
6201	6224
5422	9126
9564	10787
6599	6602
7533	10971
6125	6194
1452	5714
7316	9341
1660	51593
329	5707
389	257106
64105	151246
163	8301
1345	4695
57405	64946
163	25977
6208	6209
867	5781
5685	5700
6133	6155
2205	2206
1915	1937
10394	56729
3659	7706
383	3074
10112	24137
3993	84612
3685	3915
2537	3437
11100	11338
2491	54821
6143	6189
990	8697
64963	64976
6202	6229
26494	344892
4352	5335
6139	6207
991	9491
4237	4239
51575	79954
624	6755
3688	5747
4535	4538
6346	83756
3672	6709
4738	6635
57545	79867
6520	8140
11073	84126
334	3915
6169	6228
5737	56923
9867	197131
6147	140801
393	399
6165	6209
1783	10540
6122	6144
6137	6208
6129	6161
1822	1911
3832	9833
134	5660
3184	6427
6176	6203
10919	29945
6122	6202
1088	23601
6152	6164
632	3381
6135	11224
25885	55720
57787	261734
7110	10618
84541	140739
3156	4598
2535	55970
138803	344892
4343	27327
9793	151648
2242	5361
10749	51014
11255	27198
11339	79682
3184	51692
6156	140801
23355	27072
6175	6230
6201	9887
6165	9045
5832	118813
7153	23397
1843	3304
6181	6228
988	24137
3921	11224
3192	11338
2633	4940
6142	6232
6122	25873
1981	6223
10102	51021
27198	63940
2099	6198
10155	80110
22919	54908
1302	169044
55003	55299
6160	23049
2222	3157
23521	51386
1969	2048
23533	55361
1781	11014
51650	64983
8704	146664
9188	25885
6142	6175
1781	3797
2847	2911
2932	5526
1120	1375
7840	347240
4541	4712
5094	10285
9730	84085
988	1994
7204	10316
3619	113130
6122	6194
4854	5087
4713	126328
3486	11098
6173	7311
6152	10952
3482	22848
6189	7311
1366	137075
5347	9493
10403	79682
1933	6202
4700	51079
4695	84833
3690	5908
6188	6201
8607	11091
5781	259230
139322	374354
8867	22848
4543	5173
187	2359
2695	7434
990	9156
1660	10236
5441	10980
6146	6206
3655	375790
6138	6159
6193	6222
3797	79659
55863	91942
3767	6833
1398	2185
2168	2169
8688	121391
3437	10379
2633	2634
2033	4089
344892	390081
10489	55832
974	2213
3429	3434
29984	64333
51725	142685
4736	6191
3122	7535
6625	11338
6136	6218
6229	25873
4735	79867
3998	22872
1942	2268
6217	27340
5878	51715
11224	23049
3937	5335
51510	51534
6091	7852
6132	6201
57111	64284
2967	51426
3853	196374
4686	9879
7314	26263
6209	7178
23160	25885
6208	6222
3192	51729
9128	10594
6227	23049
811	3309
8349	387103
4867	121441
23047	151648
10484	11196
1830	3713
6223	8562
10802	51128
23304	90025
3850	196374
4736	6194
6138	10399
7311	64750
51350	112802
1040	55326
9372	25930
4695	4709
1434	3837
695	974
3673	3688
6801	8428
1933	6233
6130	6218
9493	9833
7311	143279
6502	136371
6125	6201
9412	9442
1601	8322
6206	6235
50835	259293
1022	5432
2491	5048
6206	6207
274	54874
6168	6169
3685	6850
3192	6625
9700	151648
940	3695
2735	132884
6201	6227
6635	27258
3914	3918
2359	94235
27043	57647
1387	3064
351	7852
11145	122618
3178	6434
55720	83743
6157	7178
886	2846
2358	338339
6515	144195
6124	6173
9886	221472
9436	259197
9791	81490
400	25839
55175	56995
2976	11128
3190	10657
5707	6790
23160	55720
2243	5005
8945	25831
4509	4519
5725	8672
2932	3611
2873	8945
826	831
27198	338442
56902	84128
25942	57690
1017	84515
10262	27238
50506	405753
6159	6173
3912	4233
6934	83439
2205	5335
3071	10458
6233	8453
6208	25873
1832	64065
8602	83732
8329	126961
1495	51474
2243	3827
1933	6144
1994	3192
3837	10575
6165	6208
55131	84128
10733	84131
5438	83443
6155	6204
9493	11015
6049	26224
991	5707
5868	64145
8843	338442
4035	5159
22917	57829
6122	6155
9076	24146
6142	6223
891	10112
8065	9354
1088	160364
1387	9967
4736	6235
51692	55746
147	2150
4952	8976
4735	7283
3134	3660
2740	94235
5179	7857
8883	115290
887	5020
3903	79895
6370	165140
9636	91543
9787	22974
6176	7311
6155	6222
1969	7525
6203	6224
10254	22848
393	11015
9883	10898
6950	10575
6728	51121
10382	91147
6223	6227
6233	23049
4171	5984
1537	54539
8662	9669
113130	348995
23295	140460
6169	6201
6124	6147
1660	4670
8349	85236
51602	84365
10232	284348
2792	138883
399	9411
6165	6218
6139	9887
1017	63967
1291	3672
2916	4887
905	27125
29093	51023
6194	6223
6169	6227
2305	9133
10749	81930
3122	4261
2788	5331
4050	5716
3422	4047
9793	79172
187	56670
3619	29127
988	51362
259	2266
1659	9343
6201	6203
7311	158506
9879	55660
1601	6233
6136	6201
5347	11004
1062	5529
2804	64746
5718	51330
10432	23435
1329	1337
1915	6144
683	94103
6233	55666
3491	3685
3687	8514
87	3688
23533	55970
55142	440145
226	7057
3619	51203
64946	79682
3017	8341
2042	2045
9126	113130
9181	57530
10735	23279
3437	9636
3486	11167
5829	6461
10539	57019
208	57148
1557	1559
5067	137797
2099	5241
1278	1634
9459	29984
6133	6222
8317	84515
1915	6207
6176	9349
335	345
887	2147
4331	404672
3921	6144
6160	6227
1511	5657
5476	5834
2771	58191
5430	55215
6139	6208
3437	23586
5529	7525
1824	25818
1129	2912
6288	84432
10681	51083
10426	55755
1660	23283
6203	6222
351	824
1902	55970
7979	9978
8085	8289
6193	6227
3660	5696
2633	4938
1307	8985
5879	94134
8027	51429
3350	84539
26091	26190
23279	25909
1778	121441
29984	445328
6209	9045
629	4179
2033	9967
4332	6036
945	2548
6125	6133
3017	126961
1350	4726
10970	79895
6227	6235
8655	51098
6144	6232
51382	79895
54778	84231
3351	4887
3833	29127
6224	6228
2784	7434
1559	2326
133	2863
6175	6206
2318	54751
637	4170
388	64333
5451	23248
1325	6752
1314	10959
88	4620
1453	6205
1062	4751
5529	54821
4172	5426
399	1894
9833	259266
10914	79869
6602	55193
6202	6235
3937	7454
11338	23636
4697	27089
5707	126374
23332	79172
991	9133
3433	91543
1452	5515
7316	8864
6135	6210
1364	137075
51206	80739
813	3371
4939	54739
2792	219438
4758	54472
3921	6206
2853	338442
163	5878
8329	8347
3594	7297
6132	6171
6233	6868
1781	5861
6147	6210
10367	90550
3429	3664
9793	22974
1445	2213
3895	8542
6144	6154
2491	7514
727	56923
57413	58191
1508	1514
6203	6223
6233	8976
84464	201254
4539	374291
3832	4288
1232	3577
10254	10552
1825	25818
5347	54908
6165	6230
4736	6206
1132	1232
3672	3913
3267	11252
80168	346606
6139	6175
64386	84329
7514	23244
11274	23586
6169	6170
1462	10082
334	10618
472	5429
65003	219927
3860	196374
2525	10331
1058	64105
5699	8945
140458	285231
79892	84515
2792	388531
3190	10921
8661	728689
5435	5441
8139	26232
963	6518
8720	51360
4867	80321
3433	8638
351	63940
377	10749
6613	79902
6194	53918
4809	51065
5438	10302
4514	4535
10236	22826
2475	9675
3796	10274
334	3491
796	5745
246	11283
1832	3728
6144	6206
65003	118487
4926	9793
6426	27316
10540	57511
1129	5173
23376	84085
9978	285231
6135	6224
4173	84296
3859	125115
3980	6119
79867	91147
11335	94239
26	10562
9320	154881
3921	6161
126638	353135
108	50837
5347	57787
6138	6218
6155	6227
6748	10952
3921	6209
1435	1462
3320	10808
1933	1937
5116	23354
5983	56852
3091	5707
4710	4715
113130	151648
1237	8811
9793	55746
1605	5829
4221	11168
9126	79172
1515	3122
9133	51203
1069	2073
796	6344
3799	81930
10713	51692
1395	2848
6233	9927
4736	6161
6188	23049
3848	162605
3113	3127
4677	8565
1832	11187
10972	11018
6142	7311
55008	55658
2197	6165
116	94235
7057	79875
6128	6202
6135	6232
9757	26523
6122	6222
1825	5266
6137	6228
4528	28973
983	7272
5426	8914
3190	5725
2207	3903
6181	6222
6776	26228
1063	22974
126638	147409
6788	6801
1660	3184
6135	6144
6138	6230
26146	55112
6164	140801
5610	6772
5528	113130
3911	6382
51429	54874
973	29760
81930	151246
6602	6605
57122	79172
6159	6235
3359	9177
988	6599
6138	6176
6168	6205
23309	27327
3183	6430
6160	6205
5528	10726
5339	6202
890	5347
5717	6790
2048	25791
7477	7483
5879	5898
7409	7454
6156	7178
6168	6204
9126	25936
6201	6235
79090	149111
4867	27077
4736	6139
1268	10803
1604	54732
988	64682
1173	29924
8687	121391
6631	6637
6434	27316
1387	5469
388962	552900
9551	10476
6218	6230
3866	3868
102	54918
6218	9349
7094	22906
9604	83737
6222	23521
5579	5583
6202	6209
6176	6204
23197	56729
6176	6222
2790	55970
2072	6233
3015	387103
6692	6768
6218	7311
5433	10772
6218	6235
6234	25873
1981	6133
9585	81930
6128	6206
2268	9564
7311	8290
23279	23511
118430	727897
26525	84639
84648	353137
6160	6210
28981	64792
5435	5439
8729	9570
2159	2266
4638	4659
9648	79571
6133	6188
5029	5724
1634	4060
6170	6206
3062	6869
3619	10592
3683	10857
6173	6189
2767	5599
22919	54821
6181	6204
2916	346562
6176	6218
2491	151246
9904	79050
10022	259292
81537	259230
846	56923
7110	79571
864	64750
2197	6193
6135	6189
6168	9045
3688	5788
6754	50837
8139	55658
6146	6181
823	999
3091	5594
3309	9601
3915	4240
3109	3119
904	5431
353132	353135
1824	1832
4539	4541
6155	6167
7466	51280
6133	6139
10376	150465
5684	5685
6154	6208
705	55759
6556	338339
9787	10403
11190	22974
3054	23067
1660	3609
7272	9700
4735	121441
6631	51645
3157	6307
10525	29927
6222	140801
6165	6181
623	2861
6309	6713
332	2305
6136	6167
1500	51474
1462	9469
27340	56902
2535	4919
4436	51434
6147	6224
10970	11322
7536	8175
9276	10121
1778	6790
3827	5005
6161	7178
6158	6233
2803	5870
8881	63891
6170	6202
5048	54821
2243	3698
6152	6167
10112	10540
1497	23729
857	858
11017	11051
2840	338442
6188	6228
6142	6228
3181	10236
54820	132320
8581	154064
9690	221687
5294	55970
3811	3821
2197	6155
1398	1793
5597	5718
1908	84432
51203	55143
6772	83666
5515	10776
9585	10749
219968	285093
3115	7535
6160	6224
10970	11001
9652	23517
1453	6224
7454	8976
3371	3569
344892	390083
1577	1579
712	713
6158	6223
9700	10403
6434	7919
1477	24148
6130	6155
1650	7841
8976	10254
7337	197131
6375	6846
160	8867
11118	11119
1524	126006
23354	132320
22794	348995
399	4983
2207	7305
2911	594857
5718	6790
1476	8993
4538	4539
2215	8581
55755	347240
1915	6230
23423	54732
3107	3133
3308	10808
10574	10576
5438	27258
552	6866
23197	26043
7311	10111
988	9774
64837	81930
10552	23149
3430	3434
8347	8365
4670	7536
23063	57082
5438	84844
5708	5887
1933	10399
54148	64928
3184	9343
1043	7512
55635	259266
7514	9972
9611	9967
2923	3309
3797	92104
9343	23020
9787	81930
6128	6181
6159	23521
6144	6233
1124	5879
4172	81620
51649	64928
4736	6157
3240	4069
23076	57696
399	9459
51592	64682
890	51203
3172	6927
5711	7311
2817	375790
1946	5294
6228	6232
3178	6428
6137	6168
4724	4728
102	5954
332	1058
6426	6428
9126	23063
6319	6720
1933	6159
2268	4301
3915	6714
10802	22872
2185	9564
142	6119
991	4734
9927	10059
11091	81887
332	7514
5347	9918
203068	440145
5708	7316
22984	57696
5880	94134
3267	5869
988	55770
10436	51202
6136	6232
1476	10394
55052	116541
6143	6175
389	117289
6139	6157
409	950
5048	22919
25956	51014
6141	6159
5657	56729
4736	6144
51692	55339
6208	23049
1337	1350
4734	26190
8351	121504
7204	8976
6142	23049
4725	7381
4695	27089
1511	4332
23122	23244
6125	6146
26190	57154
5364	6405
10466	10618
2623	10661
3046	3050
388	23526
25	5893
4069	6036
6169	6173
3836	3838
5441	84844
3354	6387
891	9183
9045	9349
7337	9246
8662	25873
3312	10576
1937	6209
10403	64151
4088	25937
6142	6158
84365	84549
6428	10946
6125	6158
1453	6208
988	10574
258	5179
2243	3026
161	8650
6164	6217
86	57634
950	10254
5526	6249
3490	84141
6657	57167
64976	64979
6850	23533
10254	23149
54480	55790
5954	10970
2932	5714
671	8993
636	23299
9700	57551
25909	79172
991	151246
55055	79172
336	345
5422	55388
27	10486
6135	6168
7135	7139
6161	6230
8925	197131
54845	80004
2837	3358
5880	91614
1778	5861
6122	6159
57531	90025
999	8907
6194	6203
5829	7525
5111	7298
26190	57542
6208	7311
3304	3315
2207	6556
1478	3188
6156	6165
8322	9341
8683	10569
699	83540
9144	11322
1783	11015
6748	90701
4695	4708
4839	25885
5339	6234
6128	9045
6161	11224
905	5431
6208	6228
4735	11190
7398	56852
1132	11255
1536	2204
2491	5529
6232	7311
10403	57082
4700	4707
54716	153201
6193	23521
2804	9276
1291	1292
6142	25873
6181	6194
3084	85440
4725	27089
7153	55746
6189	84916
65264	115290
8334	440689
6156	6204
5694	7979
5929	284058
1471	5034
6218	9887
1994	3190
6142	6205
9493	9585
2814	51206
1387	10498
2625	55766
4952	6272
102	3915
3105	3133
1938	6207
10949	84991
3434	3437
186	2914
6129	6159
2222	6721
6142	6210
4735	23332
29984	257106
1933	6164
338	462
1241	29933
5469	10498
27334	55970
5094	9343
6155	6223
999	6935
1121	79090
6129	6230
9785	23450
10575	84617
7328	51444
5747	9475
7919	10236
1435	401138
3692	10969
2071	10920
5707	7321
831	5829
4584	50614
2863	7204
91543	129607
5469	9282
2359	5196
5338	5579
56667	140453
4695	4724
6147	6229
7862	54815
6869	64106
27316	65109
7311	151636
6233	26130
51676	65264
11275	54778
2071	5433
6161	6165
905	79577
2197	6203
6921	79754
26005	84902
6772	23586
26146	150737
3091	7316
3684	10970
4144	4548
988	23595
5048	121441
6135	6194
1173	5868
6147	6227
5868	51552
5714	6790
5515	6500
963	326624
29984	50649
916	50852
389	399
6233	9732
8087	9444
3178	3185
9632	22872
6207	6224
6208	55176
5868	10890
2963	11193
1062	1778
2801	10945
963	5023
6698	353135
10713	11325
6156	6208
10964	55601
4700	4725
6209	6232
1981	6139
9570	10802
9188	23560
1017	4999
2801	6709
2206	3702
6124	6204
3118	3135
9636	10379
6229	11224
10489	197131
6133	6193
4588	140453
22905	115548
6601	9031
7415	10576
11176	64426
1088	138050
11224	25873
5424	5426
1981	6134
3115	3122
1668	728358
259287	259293
3931	4023
4508	4535
8689	286887
1303	10491
10671	51143
1329	9551
5822	55127
1946	1969
712	7305
10540	80184
4686	10594
6176	6233
10946	22826
1069	4867
3683	79895
5928	9070
57105	94233
6170	10952
7314	10980
9706	22863
10528	55226
7531	8655
4513	4538
6387	6754
8301	9341
7852	55970
963	10970
2913	84539
1717	3157
4519	4540
1060	348995
6222	53918
6241	9700
6152	6165
4540	4709
6143	6231
3799	10112
301	2790
920	115548
10561	91543
6208	55127
914	924
6154	6222
5878	8976
2207	3937
6224	6727
6202	23521
26290	140453
84131	347240
10857	326624
6711	11014
4116	6202
1387	6667
6272	9500
4173	23397
10890	23011
126006	729230
6181	6207
399	10144
6272	79158
29127	55872
9493	11113
4666	6136
6167	6201
25873	55272
6125	6175
3185	3190
6142	7178
1665	9128
79867	121441
8451	51514
945	100049587
5714	8697
56165	91646
1132	50834
6181	6203
5868	23011
6205	6229
6122	6228
3659	54739
3101	64841
1933	6209
5861	81562
2071	9014
4736	6201
9570	22872
6129	6175
23327	115290
3915	5829
84296	84515
3267	5868
399	9828
10458	10787
4751	5347
3106	6890
1063	5501
8655	10540
1063	10615
1857	55361
3913	11098
10926	63967
28998	64960
846	259293
23	988
5869	26130
6135	6201
7415	10383
8976	115548
6124	6156
1915	1938
10232	154064
9276	22872
51122	115290
5516	79172
1453	3921
6203	6205
7311	25873
8365	653604
332	29127
57545	121441
5898	57148
10426	55835
5526	7316
4736	6167
7311	121504
4853	6233
705	23160
10540	29127
3655	7057
29074	51069
8317	80174
3361	9290
6129	25873
26168	27043
9556	84833
4952	286451
335	338
3007	3024
4695	9551
9055	22974
6232	81930
6136	6147
945	222487
51069	55168
6125	6144
55703	55720
6175	7311
6168	6188
6230	25873
6173	6201
6208	9887
954	158067
89910	154881
6773	10379
51122	54165
11255	338442
50831	51289
7525	10413
6160	6189
6128	6143
3074	5707
2197	55127
7424	8828
80321	91147
5217	55740
8581	10232
1783	54821
54821	81930
5529	151246
3921	6232
4689	5880
6204	11224
5829	7430
3184	3191
1991	4125
6189	6208
4809	11325
1103	162466
6133	6235
23322	121441
3094	57649
966	5023
3921	6168
3491	10970
1655	11325
6204	6232
3912	375790
5519	51400
1277	7373
2491	22919
9793	51143
5435	23524
6136	9045
2792	26338
1439	5777
6231	9887
11022	143689
6548	11261
4543	6751
2266	51156
4116	6168
8875	55350
4725	9167
9656	11073
6135	6228
6152	6224
5573	23209
3191	10713
1431	1737
4171	81620
10285	23350
1398	9564
2153	3481
6836	22820
7337	55175
84163	389524
1981	6202
867	6654
6699	7051
4697	55967
2125	3728
6201	25873
5880	9138
6125	6230
4509	4539
6167	6222
6170	6181
6164	6227
710	10747
800	5829
595	4609
6161	6202
3832	54892
5590	50848
701	7153
6124	6202
5739	5746
23658	27316
381	8655
219965	285093
567	3105
1783	9493
3430	3437
4670	5725
9367	201475
251	23627
472	64421
3433	51191
988	10576
9879	58517
1432	6885
5684	5694
6872	83860
80740	171169
8329	333932
6224	27340
10919	53615
6141	6205
4736	6173
9738	10733
9128	11338
23291	65264
351	51280
7311	140458
6233	54363
1241	2863
336	3827
6241	55143
941	942
6208	27340
1555	54600
6130	6193
6139	6235
5111	5434
3430	10379
972	3123
375	1314
6037	8635
6233	26190
983	4288
6228	6235
28973	55173
5194	6233
2197	6156
5439	9978
1956	2064
2197	6135
6142	6207
1453	6193
8260	79903
9212	83461
671	10394
3105	3660
3797	29127
26270	93611
6156	6207
3486	84141
7337	11275
6601	6605
10952	140801
6201	6229
1081	7252
1778	2801
2322	6688
5624	10232
6218	25873
7314	64320
7178	10399
6428	220988
6173	6233
3098	5236
6154	6234
6434	220988
5708	51330
919	3123
990	64151
1933	9045
5094	10236
7153	9700
1495	5819
6234	7178
6138	6223
6176	6224
1232	50834
4160	104909134
6218	27340
5529	5711
4999	5558
1445	5829
974	3635
3714	4854
6337	7311
830	10466
5697	6376
1398	10458
127385	344892
25885	27340
6601	8289
174	3698
3122	5641
3619	5528
5685	5688
6133	6227
3918	4233
1937	6134
2917	27199
857	284119
6142	6170
5438	85437
6152	6173
2204	199675
2247	3561
1910	3827
6142	6156
988	56852
3170	3651
3017	8970
6117	10635
3799	10749
4867	79867
6169	6218
5501	79172
6142	6208
9044	55814
4599	5610
10071	50614
3048	3050
3915	54972
1956	10552
11169	84296
9793	10403
1830	5317
9183	57405
3191	79869
6699	6707
6201	6234
1717	6307
6223	27340
4624	4635
7184	10130
1739	5290
1462	3915
6164	65008
2617	8565
5286	9685
4709	4724
521	1350
643834	643847
317772	440689
9967	10432
1233	5196
6206	6229
2768	2790
9787	55635
2767	9002
7846	203068
6635	23524
6383	10082
1062	3799
6176	140801
4171	5883
6363	6752
6678	7057
1933	6201
2846	2922
5879	375790
2197	6173
332	151246
715	716
26232	26270
5438	6637
5984	7298
2935	6160
23332	57787
2033	8085
5330	9002
2788	2864
7979	139285
4709	4713
2811	2815
5584	6714
6144	6201
9020	51330
641	5424
259290	259292
3635	4233
6129	6194
6233	221937
991	55355
999	9839
672	7516
84648	353139
6122	6206
6156	23049
4666	6137
4860	7498
1314	8729
302	5707
57674	64718
2132	2817
6173	6223
23014	65264
3672	3685
55702	56949
6208	6727
967	25798
6188	6227
4736	6208
5558	11169
26190	140459
6189	27340
54874	115548
6142	6203
7337	8697
10533	10616
10097	10487
6233	22954
6159	6234
1915	6202
4233	64759
1937	4736
80184	117177
6207	6233
84541	93611
10425	79876
6125	6208
1783	9371
1660	3190
8976	55243
6208	11224
389	29127
9793	81930
10199	11102
6233	154214
6159	6181
6133	6135
10163	147179
344892	390084
999	1487
6154	6231
6135	6152
23601	79895
6133	6168
1660	3191
6205	6206
7057	23275
6232	140801
3434	23586
4513	4519
3191	4670
6699	23581
567	3133
1398	85440
6160	6232
55832	115290
521	4724
6128	6144
3434	11274
3071	9844
4535	4536
3267	10254
6144	6169
10523	27316
1062	23095
3491	10272
2792	128366
55326	137964
2064	5782
353132	353133
8189	11100
6152	6230
4735	10540
5710	51686
108	7252
6146	6229
6631	57819
5822	8568
3192	5725
4540	126328
6143	6201
6142	6144
1453	6209
10575	10693
6950	84617
25873	55176
6130	6144
3673	3691
10112	54443
6194	6218
2521	6434
4343	7311
51023	90480
4008	154881
1655	25804
6160	6230
6204	6209
2147	2243
5879	9411
10663	259292
3191	10921
6193	9349
3866	144501
6175	6228
6241	10403
5500	10398
4508	4536
6136	140801
7317	89890
891	81624
4174	10036
4116	6635
3106	3134
25897	55175
148	2837
6605	55193
7409	653361
6142	6155
50840	259295
6155	6159
6155	6201
6223	9349
6869	347148
6122	6168
7536	51362
55008	57154
920	3702
963	3685
2197	6210
6157	6169
778	10369
9820	23304
1292	5033
5948	5950
3191	10432
160364	338339
112	57413
3376	51520
10426	11064
1062	6790
1676	3837
2935	6169
6138	6206
891	55839
7098	23586
5795	9522
4700	54539
1639	11014
6135	6156
3685	7525
9219	10919
3852	196374
57405	79682
55629	65110
6209	23049
6124	6235
6168	6231
5829	375790
259	3698
6188	6202
6124	6142
553	680
5347	9055
336	3698
2803	7110
10193	10489
10321	57554
6138	6152
8021	23511
8337	440689
6925	6938
29984	84986
23223	64318
9716	23350
4641	5879
4519	4536
6135	9045
50813	84727
1783	10121
5516	81930
3725	4088
5981	10051
4297	192669
5529	57551
5529	6232
5694	7314
2207	5338
10803	50865
6158	6194
5700	5705
8972	93432
2641	10203
3655	6382
5644	6690
3055	9844
11190	26005
5878	10552
6233	10618
6227	6231
140881	245911
5688	11047
966	199675
6137	6201
2521	4670
6229	9349
3181	10713
1347	84833
1524	729230
1395	79924
1232	4986
2286	5479
5708	29979
6924	22916
5660	7852
9341	51429
813	2519
1337	1351
6633	6637
6133	6146
87	78991
55746	57122
6637	51503
4708	29796
1937	6202
966	3903
701	4288
7514	79172
353137	353142
9585	10112
23047	57082
26267	63893
1991	3240
993	1111
6132	6169
10013	25942
7311	10252
988	51645
6132	6168
6233	54677
6136	6206
3655	3914
6189	140801
1062	29127
1453	6231
7004	25937
607	8945
1129	6572
6158	9349
2151	6915
3685	326624
6188	6232
6134	6154
4586	4588
6204	7311
389	90627
8871	51429
51388	84916
6453	54874
26539	344892
1783	54908
10890	57403
4717	29796
4241	53942
8907	23396
7514	55055
6790	10112
9181	171177
4540	4724
6138	6194
3355	4889
65993	124995
9666	65264
5903	7175
3797	10112
963	84329
2967	9014
8317	23649
1950	7474
6129	6142
27229	54801
6165	6176
5879	100423062
28998	29093
3882	8687
5430	9282
10733	79959
7862	9219
6235	25873
25957	51747
6428	6632
7110	90196
6167	9349
4131	5048
5438	9978
2185	5829
6209	56902
2048	5921
9493	10540
8349	317772
846	259292
6128	6154
6167	6229
80176	142689
51510	51652
3240	5004
11004	259266
9738	23354
6130	6142
6184	29927
1639	10540
7454	10787
3433	3437
991	64750
6158	6193
29127	51014
4172	6118
3184	10921
6146	6218
8356	8365
8074	8404
5179	6751
6164	6201
8514	10857
3911	3912
6146	6228
6193	6223
6790	24137
830	11127
51289	339403
4707	4712
5879	10298
8514	79895
6207	6235
6170	6209
6206	23049
2305	55165
1933	6222
1287	3673
4513	4514
3304	6233
9655	84085
1233	2359
3688	3695
2695	2784
462	3827
988	9879
3912	10272
1783	11127
2064	9475
5422	6240
23304	64682
6228	23521
6223	9887
4841	6421
4700	4713
111	3354
22845	57171
8683	9785
10890	55667
197	338
22954	57630
6164	6165
9039	136371
6159	6167
6185	6729
4641	10890
5861	5878
55872	83540
3437	10561
6144	6165
4734	9604
389	23526
4736	6124
2537	8638
1063	79172
6427	6432
4710	4717
4005	4602
259290	259294
344892	347468
3799	9585
3111	3118
6223	6230
1933	6228
9276	64837
1981	6209
915	286749
2197	6128
84128	84946
1062	10112
5318	5493
9128	9879
9126	23122
7335	55905
4332	5657
274	8853
4343	6714
1778	4867
25926	84128
6193	6233
3855	3872
2197	10952
2537	4599
3882	8688
6125	6204
6233	8445
1022	2810
6790	22974
2197	6176
23011	57403
3833	9700
6139	6176
1933	7178
3560	8651
6210	9887
2033	10847
1398	1794
116	5739
9350	148738
5518	29888
7305	10870
2886	5155
9437	259197
117	122876
617	26517
683	338339
9604	23291
6133	6201
840	3672
3267	9341
5179	5733
7520	79840
3092	9146
10413	51421
10484	126003
7532	57521
695	3937
514	10632
1291	1303
4597	4598
2635	6672
6194	6228
9341	115548
6193	6232
6135	6160
988	4999
4509	4537
6194	9045
57129	219927
112	1880
51021	84545
4751	259266
3855	144501
701	51203
55970	63940
6152	7311
6129	6169
2162	3688
60	1072
6124	6138
5347	6232
6142	6176
6790	8697
51099	79948
10857	84329
5566	5573
4736	6169
680	2798
1477	11017
4771	122786
10250	10291
830	10540
1783	5529
1857	5528
3422	4597
816	4137
6170	6234
8453	51122
23014	79791
26285	149461
6491	259266
6156	6161
8689	54474
4751	4867
1665	10885
6923	285231
5887	8450
8945	143279
8648	9282
3135	3821
3675	3909
6633	11325
302	56729
1026	1029
3833	10615
4519	4539
6133	6161
10291	27316
1781	10383
383	4353
890	5933
25929	79084
966	79895
3837	7514
5768	84141
23586	645402
79659	92104
6714	10413
5590	6714
51330	115650
400	90196
9341	22905
6136	7311
7434	594857
11190	203068
10921	23524
6122	6181
9690	154881
2784	2792
945	84418
6147	6222
1824	5493
4678	83879
1665	3192
8740	10673
6222	9349
6129	6203
5605	84292
5878	10254
4736	6203
871	1287
6155	6170
