10236	27316
23160	84916
3594	7297
58	7791
1605	3915
335	51156
6616	8673
2033	2072
1738	4719
6208	9887
1022	91603
6170	6207
3491	3915
1756	284217
567	10475
1933	6152
3192	23350
1234	4544
29984	55843
5869	57403
6144	6175
3685	160364
6950	10376
5529	57551
553	6869
1639	24137
6748	28972
4867	27077
23149	51429
3560	8651
8351	8363
6170	6188
6138	9045
3181	9128
712	714
6136	6159
6188	6222
1956	5782
9833	64151
6133	6144
10885	27042
988	5985
4588	192134
1499	7534
7532	57521
160364	199675
3240	5005
7042	83706
5330	9002
6307	50814
5880	91614
3178	7536
6175	6193
6181	6204
5566	23332
1933	6144
55055	79172
6132	6171
6176	6204
3203	3204
641	116028
11345	81631
10539	57019
1398	1794
488	489
6154	6206
9604	22954
2197	6233
6208	9349
54069	79682
388	9938
84962	126374
643	64805
1495	1500
1937	6188
187	5473
3956	7076
9181	171177
4707	54539
3109	3127
9069	9076
6128	6193
3921	200916
64426	79595
7536	10772
6157	6189
6147	6232
1902	2767
22905	51429
2782	5082
11338	27316
1605	5879
1445	9564
7110	79571
991	5347
6147	6159
4985	10563
5901	729857
5698	6890
1129	5179
55970	126006
11339	54069
5688	5705
389	57449
1121	51715
566	4069
55832	115290
51143	151648
57647	84916
23332	146057
5368	64805
5929	8945
6429	9295
8334	8341
6426	27316
6124	6206
2788	27334
701	9133
5347	9918
25978	51652
6142	11224
8349	440689
5199	6709
6776	26228
1950	6678
9412	9442
51388	57647
6234	8666
6610	7132
1050	2322
3174	6927
23291	51122
10272	11098
23526	51816
6218	7311
6870	56923
79583	79867
51650	118487
891	6790
7204	8976
699	9824
3797	285643
5071	23352
5983	57804
11169	84296
1933	6224
3123	3127
6202	27340
10592	23310
6209	7178
6176	6205
8322	54874
6129	6159
26190	54165
8535	8841
6193	6231
6657	57167
7311	26523
8106	29894
2475	57521
26270	93611
988	10540
1816	104909134
8317	63967
4297	8085
5529	5711
6164	7311
1132	53637
832	83547
102	6233
886	2922
6208	6232
7846	203068
990	5717
3882	121391
64979	219927
1008	1013
2065	3691
388	389
6133	6218
3301	3312
2131	2132
58505	200185
6129	6204
813	6790
6181	6206
796	797
5819	201633
658	4093
813	11098
6233	151636
3685	3912
6434	8175
332	9493
6427	10189
3837	10575
6152	6170
2521	5094
1103	6572
10427	11196
6176	6208
5605	10256
695	7409
2935	6176
6130	6189
23627	137797
5879	7454
6146	6202
1439	3635
2099	6198
84231	90678
6206	6235
3635	3667
988	3066
5093	10594
9928	259266
6160	9349
2975	10621
4297	51230
6201	6218
9978	158506
197	3827
6500	55884
3663	4281
5439	6637
6173	6202
6160	6228
6136	6218
1476	8993
23304	26268
10749	11127
6152	6201
4641	11127
6137	6218
5558	84515
1660	3190
6144	6152
51088	55832
335	3698
1910	2147
6188	6202
6201	6234
6146	6234
6147	6165
57105	94233
10663	259293
4710	4718
1781	10112
5336	80271
988	55215
908	9628
1650	6836
1536	2204
10949	84991
7317	140459
55872	83540
4702	4710
3837	57122
1981	1982
6146	6228
6210	9349
440	2058
6159	6160
2268	4301
9789	10952
1058	9833
4717	55967
6147	6234
4508	4541
6147	6157
6752	10563
623	5737
7311	27327
23412	27252
6205	6224
972	3122
399	257106
6143	6222
6161	7311
1994	4670
2491	5529
3098	5236
6923	9978
3797	29127
4588	140453
86	8607
917	5296
7314	7334
1902	55970
4736	9045
6130	6205
983	9833
26263	92912
1577	29785
5516	55055
8463	25937
6125	6175
6232	54821
3190	3191
3912	10970
9793	57122
6218	9045
5878	11252
53829	57413
8337	8365
1660	1994
56929	79176
846	259295
10540	11190
11004	51512
4008	22954
8655	79023
5351	5352
112	3579
88	4620
6136	6202
988	29127
2837	84539
991	6232
6632	6637
338	4973
6138	6201
6143	6202
6189	6207
3920	55754
9126	23122
1981	25873
2033	25885
3881	112802
1453	8945
5694	5695
10193	53339
6204	6206
6205	6233
10250	23636
566	6036
1894	54443
2243	2266
127385	344892
6143	6176
4738	285231
1058	11004
6132	6224
3091	5594
1813	6364
3833	9793
3486	3491
3569	84141
83597	390174
116	94235
7536	27316
351	7184
4176	5982
81930	113130
3764	10060
10403	79682
51676	65264
1347	4726
6155	6201
3921	6147
695	8976
7846	10376
1954	23295
391	55843
6125	6139
522	539
3619	113130
4999	5000
4537	4539
9700	146909
6135	6137
3903	57153
6233	8976
6155	6235
6118	9557
9564	10458
3797	26146
1287	3688
108	7252
6155	6223
7337	10193
6193	6218
23059	26146
783	10368
56165	91646
164	55330
5592	8654
8655	27077
9493	54443
5590	6714
4702	27089
2837	5331
8451	55208
1576	2327
9787	9833
6206	6224
6133	6188
383	10394
3937	7305
932	10970
10575	10693
5529	51143
1668	728358
6130	6194
84131	347240
6133	6217
25929	57122
4712	7381
22974	81610
6168	6207
6418	7514
861	6604
3191	5094
23197	56729
3017	8341
6202	6206
6133	6210
4853	9253
3181	5430
336	462
1237	2917
8085	8945
2537	3430
4697	4700
56902	79954
6229	9349
6141	6230
26589	29093
3437	91543
2521	6626
891	54908
1822	1912
1911	6045
79501	285093
6130	6137
1544	169355
10236	11338
6136	23049
29093	219927
3843	10527
23142	26190
9495	10369
3688	5879
6142	6202
5347	6232
6936	51645
2197	4116
2932	5529
10425	84085
7514	81930
6165	6223
1822	57504
1350	29796
4976	55669
3213	3215
6147	6189
6158	6160
23295	140460
4233	64759
1290	1292
1783	5903
990	5707
23595	51053
779	10369
1329	1351
127247	148581
7110	10466
302	6281
27340	57647
156	8477
1828	6700
6139	6208
871	1291
138803	344892
5036	10576
6426	23517
332	1062
11100	11338
5795	55754
8687	8689
22981	57545
6139	6232
2920	3569
4726	4728
6908	10498
51317	57649
11314	79895
336	345
7398	10714
6224	6234
963	8514
778	10369
857	4088
6125	6181
2994	6005
2243	2244
3886	8688
3301	3303
6222	7178
1822	1911
1781	121441
153	155
4867	121441
4538	4712
5529	22919
6201	6231
1933	7178
161	5869
6185	7841
5589	23193
2932	23291
389	7409
6223	6229
51320	55175
23322	79600
11339	55143
3191	3192
6138	6233
332	29127
22974	83461
6159	6218
5870	81876
6908	8812
11014	23046
1665	5725
9265	27128
796	6344
3184	6626
894	4343
4171	4175
8729	10945
5048	54821
23283	26097
10403	26271
6194	6222
10155	10780
9371	10749
6164	6202
2548	6556
4288	10112
3054	4899
705	84154
10552	23149
6279	6280
988	5394
2475	9675
27258	51503
5880	8324
3903	79895
50840	259295
274	11252
7979	139285
3688	91522
6169	6207
2072	51426
5725	10432
1660	51692
6142	6158
5426	8317
5339	6217
6141	6168
6138	6204
6160	6229
10403	220134
51264	65003
5293	23533
9133	10403
6125	6169
1303	5351
4436	51434
6157	6169
4591	65264
6203	6208
4544	5443
7375	8717
6138	6235
3921	6164
6133	6168
22984	79707
11137	51388
566	4125
6160	6201
6159	6202
5879	9046
6160	11224
51023	64976
6210	6222
2801	9276
8974	29920
57115	114771
3091	7316
9553	64928
23160	57647
2551	3054
983	9126
1043	2350
23160	56919
4904	22826
8683	10569
2784	7434
10051	10592
6159	6206
3119	4261
1778	4867
10803	50865
6128	6152
336	350
4332	4353
10097	50618
4008	57542
27340	84916
64946	147841
1857	5699
55781	84135
9183	57405
6233	65264
1937	6138
9493	55165
799	10268
6714	10413
6143	6157
7311	57154
6122	6138
988	7919
1778	5707
6209	8562
6144	6160
4670	6421
1499	6714
521	4713
4736	6158
5048	121441
705	83732
374	2153
6147	6176
641	7316
3240	5004
6128	6169
151648	348995
988	9967
6233	51592
9318	54165
199675	338339
9136	9277
23332	57787
3849	140807
1407	7311
6157	25873
51725	55294
991	10726
10022	51289
2243	9715
6155	9887
9556	84833
6181	9045
10466	10540
5431	5433
79583	79600
10574	22948
7314	29089
6232	27340
259	2266
213	5265
5903	23332
9138	29984
6173	6234
6500	7320
2222	4047
5868	26130
10890	51715
6430	57794
4514	4539
3827	5020
4837	284119
932	199675
26285	149461
462	3827
2537	9636
81696	344892
6167	6233
4116	6233
6154	6201
29127	81930
3796	10735
1063	81930
2847	2911
6134	6175
2207	3689
10022	50838
4087	79753
6434	220988
2549	3055
4691	9136
4736	23521
1915	6222
5528	9793
6189	11224
7476	7477
637	4170
1639	3797
350	5267
5928	51317
9320	26046
5435	23524
10980	55294
1915	1933
4694	4724
4725	29796
3017	8351
6188	6204
6203	27340
6128	6189
5119	9798
6230	6235
932	326624
6155	23049
3320	9844
10286	22827
3886	286887
3688	4233
991	1781
27076	154064
26091	151636
1595	4047
353137	353145
3192	11338
2957	51616
6222	9349
6124	6189
6921	55284
6169	6227
551	6846
4736	6194
64951	64979
22974	64151
1453	6234
8945	285231
55142	440145
5903	23279
4904	10946
8648	10498
5201	84617
2033	9739
6224	6727
996	23291
7175	9877
6633	84844
55127	79954
6124	6125
695	5336
5869	8301
2521	10236
81285	285093
3119	3122
2623	6886
286	6708
57662	144100
1362	3482
6167	6173
55759	84549
156	351
1499	23291
113	259285
152	5580
5108	22832
1278	1634
1910	6863
6157	6173
6218	9349
3122	7535
388	55160
5439	6923
983	26005
10000	55970
6233	285231
6135	6224
3312	10576
4736	6230
1277	4060
4724	4726
8329	8349
5878	23011
6160	6176
51728	79622
4709	4712
4686	50628
4707	4710
302	79026
2197	6223
3491	3913
22897	653784
27258	83443
1783	9493
4540	4695
6155	25873
246184	285231
1915	10399
27095	149111
5493	6707
4069	4332
302	10383
2801	10427
6230	27340
6746	23471
5725	27316
9055	9493
1337	388753
9126	57551
6152	9045
29127	51143
4088	5054
6167	6168
9517	94103
999	1001
5501	23332
6169	6232
5887	7415
351	63940
695	2206
58	60
1340	27089
6147	6173
5695	7979
6170	6222
3437	6772
6169	9349
5930	23295
8453	55884
389	30851
6136	6204
4069	6036
6133	6222
3993	84612
10885	22803
6168	6235
10285	11017
6203	9349
6130	6188
7057	7424
6605	11198
3133	3659
60	5879
4172	4173
7054	57016
6209	6227
2197	6135
6636	84844
3181	3189
27252	51725
3937	5335
9790	9904
999	1942
4710	4712
4952	54874
9126	11130
5706	6790
2811	2814
7175	51692
10250	58517
2150	7204
1880	57413
2767	5296
6059	8886
6170	6203
1434	7514
891	1022
8871	51429
6229	6235
1385	1387
23291	197131
2932	3611
51382	222487
10735	23279
6194	53918
8662	9669
2788	5331
2071	55677
9782	10949
9685	10618
23350	79869
522	84833
3689	199675
6201	6223
7531	8655
1350	7381
1453	6204
6159	6232
6135	6168
3685	5817
4839	55720
6144	6228
8945	25831
9475	9826
2197	6189
23322	79867
23332	80321
5436	27258
1994	10285
259290	259293
1315	3799
3191	55749
6141	6223
9883	23511
689	4666
10885	57647
6142	6206
6129	6202
332	1058
5880	9743
6235	55127
2935	6203
10632	84833
6128	6164
10458	10787
5982	6119
2197	6159
27248	79139
4713	55967
117	2784
2204	79895
7004	8463
1062	83540
9662	79441
7175	10250
1434	3836
1991	10394
302	23526
1778	79867
2237	23649
6133	9045
6125	6206
10022	259287
6138	6170
4297	23269
6228	25873
9616	28991
3685	7525
2935	6168
841	843
2617	4141
5707	10213
2790	27334
11091	23412
57405	113130
6165	6207
5684	5685
9820	56658
4116	84844
521	522
51021	84545
3270	147111
966	79895
4736	6173
2837	3358
3434	3437
6135	25873
3855	3872
5706	9134
462	2147
891	151246
6036	6037
5194	7311
5438	6635
6141	6205
3619	57082
1843	3304
10413	51421
6235	11224
5518	6228
5741	122876
10618	26130
6164	6230
9055	9133
3932	29760
5594	5781
6176	6223
6176	6224
6194	6217
5869	22905
8317	80174
4288	7272
5430	9282
6173	6229
4709	4713
6130	6155
9742	57560
671	8993
6122	6202
831	23209
6138	6159
25926	84128
2625	5241
8688	286887
6146	6230
1453	6233
2033	55904
4537	4538
335	2153
4041	6422
3675	3914
6138	6154
6146	6152
673	55750
11103	22803
60	10093
4736	6206
701	9700
23412	51676
2962	54845
6224	23049
3170	3651
26716	344892
6168	9887
6193	6205
1915	6175
26271	51053
2358	170482
4584	4586
3921	6201
60560	80155
9648	79571
6175	51187
51	7311
420	58530
65055	128366
6434	57794
5717	200734
338	462
1603	100128731
259287	339403
6142	6218
1063	9793
6175	6235
3675	3912
3799	24137
3880	144501
1269	56670
6165	6230
81	5868
27327	80012
3667	5580
4841	6421
56624	259230
2064	5747
1981	6228
6135	6167
6194	6204
3688	3693
5571	60673
5286	6272
6147	140801
6801	8428
5439	51755
3312	3320
3619	10735
6136	6169
3689	84418
1956	54874
6169	6208
10236	10713
1398	3685
1277	5118
2197	6125
5202	10471
8192	9361
6143	6209
6181	6189
8976	55243
2521	6434
4710	29796
3683	3903
837	841
685	2069
2099	5241
2207	5335
6206	6210
5861	57403
3915	10298
80184	91147
2064	2886
9700	25909
7919	8106
7516	348654
1829	5493
64425	65083
8349	8365
5887	7520
6156	23049
1958	4665
6230	23049
3122	55824
915	29126
3692	10969
3850	196374
1398	9844
4297	23309
6144	6235
3054	8314
5179	7857
2268	5747
2064	2065
87	29789
6136	6231
4736	6168
4586	26290
7082	55243
8349	387103
3267	10096
10575	84617
23304	29945
4298	23168
3913	5879
9276	10652
5438	6637
4176	8914
6135	6193
890	7272
2316	2317
1660	10713
332	54821
3655	3909
11091	79084
6233	10111
3486	84141
2178	2189
6205	6206
1058	9212
51122	56995
1292	3672
932	160364
6206	6233
6142	6173
51098	83658
10458	55740
1063	9700
6165	11224
57479	58506
1118	3417
5781	259230
3911	5747
3683	3695
2962	80004
920	5335
5928	57690
1154	23014
6150	116541
886	2846
3833	24137
701	8243
6146	6147
6160	6204
8737	8878
6139	6218
4734	22954
27241	166379
6891	6892
23014	65264
2207	79895
54509	445328
3837	23511
1292	5352
3897	3912
6155	6203
5747	7454
2792	65055
6169	6230
139322	374354
988	10640
6165	55176
138805	344892
6173	6189
9972	23165
3105	3107
1822	23028
3687	8514
3866	3875
4717	29796
9700	10592
1453	80097
1120	1375
6136	9349
6142	6234
6194	9349
26190	56929
2790	22948
1277	8974
2150	55970
9700	55143
4173	55388
3185	51692
5451	23248
8841	10693
2801	5862
6138	7178
1576	1577
2033	10498
6185	84061
2147	2243
1669	56729
332	2305
7124	8740
3909	59277
3312	29763
4738	5693
6142	6204
6157	6206
6137	6158
6142	6175
2266	51156
3837	9972
9742	55112
9793	57787
988	6950
5500	5516
4713	9551
5709	29882
5660	63940
9793	54821
26005	121441
6147	6204
4700	4707
6159	6194
5868	51715
7311	9349
6169	6235
6128	6218
5339	6194
6217	27340
6154	6233
988	58517
6170	6176
6139	6194
7325	7704
6625	27316
1062	22974
10749	29127
9833	10112
55143	151648
84648	353139
4736	6130
10952	140801
4717	4724
846	10022
6139	6206
3017	8969
567	3106
6129	6165
552	2847
2033	8289
1340	1351
973	974
6158	6189
6850	23533
6130	6193
4233	5795
1937	6189
338	345
1398	10152
351	55970
1062	10112
2358	57413
57674	65264
720	10117
6160	6175
156	5578
27316	55749
344892	390326
8886	23160
6159	23521
4543	5179
5861	11014
6133	6165
5725	9128
6181	6218
10965	641371
9371	11014
6122	6164
26091	57542
3655	3688
9757	26523
896	6777
627	5879
9156	55388
8322	22905
7124	10673
25937	51421
2792	122876
2792	26338
7311	11059
26043	51122
1595	3157
5686	5694
9690	154881
55279	285237
6850	9564
6208	6234
4057	10321
5695	5700
857	858
595	11186
8925	54778
6132	6161
55127	84172
5179	283869
6130	6160
6439	653509
6168	9045
8945	55832
916	940
3312	9128
22938	220988
3663	23321
5878	8411
3833	10615
84541	140739
4695	27089
6185	58477
5879	94134
10425	79876
4734	23327
4710	4724
4323	4811
5879	10788
72	58498
6288	84432
55629	65110
27340	56902
391	94134
4713	10975
3267	3949
23517	84135
28973	64928
2305	10112
983	3833
6141	6202
323	351
1495	84962
2962	8175
6790	22919
890	1058
6613	10038
6224	140801
6159	10399
1605	29954
2071	5433
6154	6234
6201	6230
3157	4598
11325	83443
988	51362
9126	54780
6208	6209
10112	29127
1233	11251
23112	27327
8976	9341
29074	51069
3181	10657
6160	6209
636	22930
6429	10250
4331	404672
4172	4678
3433	4938
9879	58517
7335	8453
317772	440689
51642	54948
5747	9844
55125	79959
6227	7311
6152	6165
971	5336
1994	9879
3326	10576
4736	6143
6158	6205
8189	51639
11128	84172
2157	27095
6635	9883
2059	10458
1241	2767
122042	285601
5082	10693
4125	8635
7846	57545
29093	51023
2197	6128
10618	79571
23049	25873
1857	55361
8065	84259
8329	121504
4691	22984
2264	7311
1058	151246
3106	3659
1660	3609
1063	2305
6207	53918
6144	6158
1774	5199
221	5328
5338	9744
2938	2939
6714	7525
8453	23291
9700	23397
1902	7852
3111	3123
7311	25831
11314	196527
6207	6234
6405	23654
5469	10498
6129	6218
392188	645402
7311	84133
400	90196
6142	6170
6224	25873
7507	10714
5199	10394
7305	23601
6635	51639
1969	3055
55876	94103
6154	6223
65264	115290
332	24137
6230	23521
9739	25942
3561	5599
1500	7525
1233	6370
10970	326624
10914	79869
6657	63978
6158	6202
389	57522
3796	5519
6125	6159
695	7525
6122	6144
4332	5657
11176	23309
6156	6235
23562	53842
1213	8976
7779	27173
1933	6147
3339	7045
55066	57546
6869	347148
3655	3914
54998	55052
9801	64965
6142	6160
680	3358
6136	6222
1660	10523
6168	6218
23223	65083
689	6160
8337	333932
6155	6160
54480	55790
351	54972
5981	23244
10432	27316
3848	162605
5644	6690
4927	9212
5879	9844
2932	5708
7311	8976
4539	4541
6455	10552
51109	54884
5435	6633
10575	10576
54939	55294
1933	6155
23332	27229
4905	10905
6491	259266
4116	6125
6132	6160
891	5515
6146	6161
3913	10970
552	6866
8243	9126
3685	10970
6122	6228
4736	6125
3486	3569
6631	6635
11218	25929
11338	84271
715	716
3422	6721
23160	51602
6144	6222
2847	2918
891	9493
4240	5954
6556	338339
6128	6222
695	7454
6161	6169
26267	63893
3397	7057
7311	8322
6124	6205
1933	6164
3827	4295
1937	6130
991	1017
4584	26290
5433	51362
6135	6136
6870	51764
4172	7298
64926	153090
6193	6202
6908	54815
9076	100506658
399	94134
7337	9320
6170	140801
963	3685
336	3698
3913	3915
6223	6234
6233	26130
3853	3860
257313	387129
6045	23028
3579	5515
3320	84962
185	4988
6138	6188
5737	56923
6139	6144
10121	79867
1088	2358
57082	113130
9833	22974
6158	6234
2185	375790
4713	4724
5493	11187
671	56729
9879	23517
4867	79867
4125	6036
4736	6152
6203	6207
393	29984
722	725
3619	3832
6139	25873
1781	4735
6432	10189
3134	3659
8175	57794
3133	10475
6375	6846
136	2788
3192	23283
1294	2157
4893	27006
6207	6222
5788	6688
5701	7979
10250	10285
2147	3481
56670	94235
25909	54821
8945	9820
10802	51014
4543	5173
9378	54413
55014	126003
7272	64151
6169	6204
4701	4713
5822	55127
5529	55055
472	5884
2243	51156
3202	3204
2788	83756
3672	3912
4712	4724
1295	55214
5983	7415
344892	390058
7272	22974
920	2533
51676	55008
301	55970
9833	10403
988	9879
83551	319100
6170	6201
58	5879
55829	58515
2962	56949
516	51287
4512	4537
23310	64151
6155	6159
10813	65083
6625	23524
857	64750
5438	85437
1080	4036
867	10097
3856	3866
846	4829
3553	11213
3433	3437
10395	23371
6135	6160
8729	10121
6181	6194
6141	6175
3066	23028
1315	9382
6171	6234
5725	51692
5094	10285
8351	8365
9837	11169
6135	6147
84870	343637
2491	22919
50838	259295
2965	6749
2865	6863
6142	51187
8349	8970
3181	22827
4509	4519
9820	23304
719	63940
4690	9448
84085	89910
6155	6218
335	4547
6142	6207
54732	55738
3688	23209
25831	57674
51650	64951
28987	51388
5725	8661
51099	79948
6387	57007
6491	10733
6755	339403
7994	9219
6209	6727
6157	6161
6161	9045
10514	65083
7454	10787
996	57674
51514	64708
5879	8395
7536	10236
3882	3886
462	51156
6154	6173
1830	5266
3669	4939
57542	144699
3698	3827
3267	5878
6152	25873
6176	140801
6133	6141
4867	80184
974	3635
6168	6175
2036	116986
2072	6233
6426	6430
11116	79959
514	1350
6233	25873
10236	10291
9700	10051
1398	3071
84154	84365
4695	4700
3430	8638
6201	9724
1524	56670
942	7525
6233	10401
79659	92104
5529	151246
83667	84219
6228	8662
5725	11338
10193	26046
8581	27076
5684	5695
5336	79837
9632	10483
3267	26130
116	4914
4540	4709
23376	26235
10802	22872
6125	6143
1781	51014
6122	6234
6223	6227
868	5930
4670	6434
4538	91942
1387	9967
6139	9349
990	9700
5746	59350
6700	353133
6141	6222
26224	283807
6158	51386
2790	55970
6152	7311
6227	114987
6714	7791
29078	126328
6164	6204
5984	7298
1933	6193
6161	51187
3074	23197
9329	84265
4724	4728
950	22848
27252	55585
3659	6672
26227	29968
10574	22803
2491	5048
5441	84844
4700	4725
6136	6230
64131	375790
6155	6189
640	974
10133	81631
3017	8337
6155	6204
6142	25873
2053	7311
8688	8689
1325	6752
10618	55330
920	1234
50506	405753
5315	197257
3191	10432
10092	10109
6202	6209
3619	11004
1314	10959
80184	84962
2790	5579
6209	7311
54742	80328
121504	440689
8663	728689
6137	6141
6122	25873
867	5781
5557	23595
4734	9604
23291	55832
2792	3763
6124	6129
6122	6155
2588	9798
10898	23165
1994	27316
5528	79172
5701	5715
83666	151636
6144	6173
1942	1969
3714	4854
885	3061
302	5834
26239	353132
389	7204
9212	83903
3921	6230
4670	7536
6233	126961
6223	23521
3913	5829
6232	8662
8237	10574
6138	6152
2623	3674
4736	6233
6124	23521
7536	220988
2784	2792
10403	57405
7311	9020
117	2792
9706	22863
1933	6124
4726	7388
640	3932
3055	6503
1783	11316
5880	257106
6193	6223
9972	348995
4508	4514
6130	6209
1314	51272
6204	9045
8853	11014
80176	142689
6138	6160
6156	6218
55601	91543
10142	26123
6181	23521
4620	4626
161	8650
1314	9276
4172	4998
7204	29933
6233	8295
4852	283869
3356	5731
6170	6235
6548	11261
9716	10236
3797	24137
3866	3880
905	27125
81797	344892
3908	10319
89910	115290
6601	6602
274	23149
5878	10618
83540	220134
3909	6385
378	55605
148	2837
867	6654
6747	23471
5869	11021
6132	6173
811	7184
1946	2268
695	7305
3655	375790
6159	6201
2912	4543
6338	6340
521	9551
6169	6170
6160	23049
22954	57542
6161	6233
6124	6176
84128	84946
3394	3430
5526	6249
7919	27316
6159	6223
5868	10618
5196	11251
4725	7381
7525	9564
197	2147
6165	6201
10153	51602
4541	25915
4738	9978
6167	6170
6206	6230
1991	4125
7184	51726
57521	389541
6161	25873
6189	6233
4539	4540
10574	10693
1230	2770
400	55275
10693	55970
27	10486
54443	55165
7314	26263
5094	5725
388	23370
64410	142689
6203	6235
50616	116379
3949	5868
6154	6204
51289	56923
6218	6227
2197	10885
2920	2921
3221	3222
1969	5879
2207	7305
726	831
7314	64320
344892	347468
8775	9871
23376	84085
6136	6206
27089	29796
905	79577
6132	11224
2197	6146
3918	4233
701	3832
6626	220988
55294	140739
2359	94235
3655	5339
9493	23046
2843	151306
3354	9283
8394	23533
2197	6208
1471	2519
1173	29763
6133	6227
5711	7311
6207	23049
51510	51652
2914	4988
22974	23397
5880	10458
6202	6233
7094	22906
2244	3827
9742	28981
186	4922
6455	9341
336	2153
3853	3868
7272	10733
3655	7057
5984	23649
4709	55967
5717	126374
1933	6138
24147	79633
10946	22826
6147	9349
51649	54998
79867	121441
3915	4233
6144	6165
338	2153
6207	6209
55781	134430
10524	10714
6176	6209
6128	25873
9666	89910
683	338339
6776	6777
983	5000
11128	55703
1063	5501
6233	90293
9688	23165
388	55843
988	10713
4736	6165
6205	6230
50628	129401
1434	3837
7184	10130
899	9700
1639	22930
54148	64928
5933	132660
23521	25873
4707	55967
7153	259266
25885	84172
3822	8302
2792	138883
2131	2817
6130	6202
1364	24146
6133	25873
8976	10254
6223	9349
6152	6194
3619	10403
1487	5928
6602	57492
51465	55008
23304	84085
6136	6144
8243	10051
10799	88745
2957	6619
5928	9070
988	55183
58	375790
3675	3909
6631	22826
10964	55601
10885	84172
4712	29796
4713	9377
5985	8914
1453	6218
5862	8548
51433	246184
671	1116
6138	6181
8563	23225
891	129401
7298	10403
6168	6169
6233	22888
890	84515
3912	4240
6173	6207
5422	10592
641	2177
11098	84141
10615	56992
595	5708
8871	9341
6128	6173
6234	8562
4999	5558
3725	9070
886	887
79600	79867
5868	57403
26249	55521
6142	9045
10945	10959
6164	6228
7043	10916
3184	6427
51234	56851
5880	9844
6144	6227
2197	7311
6129	6139
1659	51503
3718	50615
6280	6283
1349	10975
3706	5331
6167	6176
1111	54962
10121	26123
1084	23601
213	5340
3320	10383
6168	6206
1017	10926
1062	9276
988	9126
186	3350
6164	6194
6830	26043
177	351
6161	6189
5699	8697
3105	3106
1063	22974
2967	79577
2719	3698
3054	81887
6157	6224
6628	220988
2197	27340
8638	10379
51280	54972
5436	5438
55212	84100
9631	23279
6502	136371
4172	6118
830	55604
23160	64318
9039	10425
7529	51552
2695	122876
186	2913
2204	199675
10014	57459
9787	64151
55326	137964
1495	6714
6217	11103
26524	126374
1511	4069
54908	79172
6159	6207
6750	6754
6168	9349
7514	25909
5693	10213
4173	81620
11196	126003
4738	59286
1956	7039
6161	6208
7272	9833
5725	10657
6146	6224
5093	5434
3133	5696
1435	6696
1778	84902
9021	140462
6165	6228
1669	1991
1758	8404
3832	9833
2197	6206
6155	6176
10970	338339
389	393
6160	6203
2197	6224
2491	3619
377	3799
6141	6203
3619	55143
6129	6164
3111	3127
5516	5781
25929	55706
4853	27327
9655	50813
6156	6207
1302	1310
521	9556
4171	4172
7454	7456
6132	54512
6520	8140
400	57511
22954	64219
26046	140461
3689	79895
84154	84549
1994	10291
6137	7178
1991	3240
26524	84962
6176	6232
846	259292
1237	27199
6189	6223
6193	6234
6152	6160
1453	6193
5430	6601
55720	84916
4853	7311
6161	6223
6122	6135
56902	84128
5725	9716
6147	6152
932	79895
2914	3350
6122	6142
302	2519
2197	6222
3183	4670
6230	140801
4670	23020
2784	6752
6122	29997
1994	55339
1453	6224
9833	29127
6878	8295
6133	6160
5870	10890
5008	7297
3434	10964
2767	55970
3320	10598
334	3491
1495	1499
6124	6161
3837	7514
983	79172
10282	10652
1665	10885
2525	10331
9136	84365
6142	6230
811	5034
1981	6164
22918	53831
3434	11274
287	10121
1605	375790
988	9793
6233	9341
5034	5611
4538	25915
6208	6235
10615	146909
999	1500
6141	6154
3491	10970
2222	3422
2792	5145
1781	6249
1398	10787
988	10576
2912	6751
6164	6173
1048	80740
6135	6156
6129	6175
6885	26523
1081	7252
1062	5903
6147	11224
133	55970
6709	7430
2935	6173
4695	51079
6208	6233
9322	22905
34	6256
1500	5879
8740	10673
2491	79172
6142	6189
10161	257313
1950	8322
9655	9903
8453	54165
2863	55970
11103	84916
6141	6161
6122	6160
10153	55131
1398	9564
23423	54732
79895	100049587
3308	10574
11095	157869
5747	10458
9847	23265
6155	6173
6146	6233
3913	4233
5715	7314
56729	126014
514	521
6133	7458
1439	5568
5711	8453
8301	9322
1327	29796
796	5745
4646	23607
4867	79600
2782	2784
2787	10803
5364	6405
50813	84727
1314	10945
87	6714
4736	6133
1329	1337
2965	8731
4588	56667
9662	10733
5868	8301
6128	6202
9354	83737
90293	143279
6135	6194
1237	8811
6218	55127
1495	51474
6428	6632
8318	54962
11190	121441
6232	54820
51023	116541
23304	26046
5684	5687
940	50943
6428	6430
3937	5788
4509	4535
983	7514
6158	6173
4724	4725
963	966
6159	6228
2197	140801
6135	9045
1793	6461
9322	9341
4148	10272
6157	6233
1314	22872
6193	9349
51382	79895
84643	93661
26589	64963
945	84418
84549	84946
891	8697
6155	6156
9349	140801
5604	8826
4116	6165
6155	6158
7403	10664
9371	79989
1133	8477
6167	6228
3909	3918
3429	8638
351	2767
54998	219927
156	2767
8590	285093
988	55660
672	64682
930	974
1793	9564
6224	6230
1639	1783
6173	23049
6135	6218
6233	84133
1241	1902
6218	6229
7328	22954
6160	6208
5575	8826
10576	55135
3718	7297
1108	2033
89910	154881
830	1604
5829	10458
2197	6142
990	8697
6176	7311
2188	5982
6208	6727
6790	24137
6156	6206
8349	8969
3833	9700
2740	94235
6129	6209
7283	22897
1025	23168
9320	26091
2197	6134
604	933
6209	6234
6746	28972
2266	9715
51088	144699
1455	89780
6139	6222
1555	1559
29796	51079
10663	259292
6169	6203
6128	6161
3362	5443
23590	56997
6130	6142
6135	6204
1876	10445
8655	10540
4670	23435
6133	6158
140458	285231
163	51429
2207	11314
6165	6224
566	4332
3192	6625
4205	6938
1915	6138
991	64750
6125	6235
11073	63967
3913	10272
6164	6232
3836	7534
6129	6136
2797	2829
6222	6234
1915	6230
6156	6204
6130	6165
51725	55819
9787	10112
23412	51725
6169	6228
6181	6234
8689	121391
1303	10491
1129	6572
6143	9349
5708	6790
11157	51503
5879	8853
4288	51203
6160	9887
6222	7311
6146	6160
152	11255
701	56992
5695	6790
377	24137
23471	58477
10952	28972
2918	10563
10075	54926
1994	5725
4670	9128
6009	60673
1345	7381
6164	6201
6124	6228
1499	1500
4513	4537
6133	7311
57122	79172
6223	25873
1499	1969
1499	5819
6128	6130
1778	5347
5558	23595
23533	55970
3181	5725
4724	91942
4312	4314
4702	4724
25873	51187
6189	9349
6400	80267
6137	6176
1981	6206
9904	23160
6155	9349
2242	5361
25885	55703
4519	4539
6218	6223
6218	23049
6206	6229
22984	64318
51602	84946
3191	9782
3350	84539
5516	54908
6147	6227
5928	10014
1576	54600
9382	10905
1739	4646
23223	79039
5707	10576
5290	6667
1292	5033
6210	6218
6168	6194
3609	4670
6138	6232
8082	8910
351	10970
7316	91445
4606	7138
51639	84844
3017	8349
5516	5708
6157	6204
2539	3098
7706	51426
6154	6167
5438	51503
5286	55361
1144	1146
3916	5878
2207	160364
64151	83540
9493	51014
3181	6628
6165	6218
161	5286
1232	50834
3915	10272
1536	3685
6138	6207
3433	4940
24137	81930
3685	8514
5347	51512
6128	6156
2150	2863
6169	6223
1291	1292
6122	6189
1453	6201
5286	29988
983	3838
55635	259266
1605	5747
9564	9844
6155	11224
6124	6143
462	2243
1783	29127
55168	219927
1062	3799
332	10615
6207	6230
3911	9459
55759	84128
10274	10403
1605	3913
302	5707
4116	5435
7314	9134
8021	79023
5441	79035
7532	80097
10749	11015
6147	10399
3710	6804
3915	4240
1453	55127
6156	6201
5928	7343
399	9411
10576	10693
6164	6181
513	517
4540	4707
9412	55090
8687	121391
6133	6201
6164	6168
6194	51187
9349	25873
4313	4323
705	23160
6173	6230
6181	6209
6636	10465
570	23600
905	5431
1642	56852
1364	1365
55249	55870
846	259293
81930	259266
6205	51386
160	6233
3676	3691
1337	1347
4541	4724
5796	6233
5976	6167
6144	6207
5898	5899
5001	10926
9031	221830
134	5660
8243	10592
9793	11004
7316	9929
10592	11169
991	5708
6124	6173
1022	4005
8945	143279
4171	4678
23265	50807
6155	6233
695	5293
6234	23521
6218	6234
6156	6227
302	3074
1315	8729
7327	26046
28	2524
8189	23524
2719	135152
84944	113802
51118	84946
1453	6209
2923	6185
2946	2948
2817	6385
26190	55832
6626	27316
1814	259285
1314	10802
6122	6173
4670	9343
2491	5903
10735	57551
3915	5747
6142	6143
6161	6202
10489	79654
2976	11128
5747	7456
3192	4670
6184	6185
6500	64320
6154	6228
4904	10465
672	7153
797	7252
3683	8514
6156	6203
6144	6224
6170	10952
51692	55746
4540	4701
3984	54434
6161	6224
11137	84916
6138	6227
3157	3422
5797	25945
1894	5347
51234	55831
1105	4343
287	6326
1824	1832
10274	23279
3482	4905
6144	6157
5706	5718
6233	26043
5868	5870
871	1287
1783	11015
22948	84617
5077	6663
6147	6229
11274	23586
9801	28977
6643	58533
6734	6746
3973	4160
4707	4709
2197	6139
341152	344892
53981	348995
4172	10714
2081	22926
1453	6203
351	29933
5693	5707
3921	6222
1610	4843
6605	29117
3619	24137
22984	23195
1398	1793
6138	9349
9585	81930
3185	10949
50831	339403
6240	10051
6161	6173
6208	55127
1981	6230
6156	6165
6124	6159
6632	10907
4738	9616
824	7525
9700	10735
8301	10618
972	5641
466	1386
3887	3892
8655	83658
3913	54972
5473	11251
23322	121441
5029	5724
2107	6176
988	56852
2932	6790
6426	7919
51118	51154
11222	56945
996	5699
208	2475
684	4939
9631	23511
2153	51156
10383	10693
3559	8651
4697	27089
51023	54998
6171	6235
2197	6193
3360	7253
833	2058
23291	65264
728	5697
4947	5716
351	5660
6209	6210
2935	6170
1994	3191
5707	6386
6156	6171
23279	51362
51645	85313
7409	7454
6135	6171
6157	6229
6173	6224
6159	9349
5529	6232
1933	6233
2197	6138
3371	84141
389	6453
9730	10075
10920	26263
9320	9690
972	3113
6165	6233
6233	54363
51081	51649
3619	9972
100	51816
25831	154881
963	64386
10527	55705
1281	1290
6844	7037
972	3119
79895	199675
1000	1012
25873	140801
6632	10465
6222	27340
7089	83439
1062	24137
6628	6636
51023	219927
9045	11224
5516	5519
6189	23049
11004	55143
6218	6230
3115	4261
11051	55660
2767	64407
89910	143279
50835	259293
10403	57082
3673	3918
4670	10432
3688	3915
53829	59340
5460	55211
9892	10109
375	10959
3998	6745
6209	114987
6790	11065
4543	6751
54908	91272
9320	65264
2266	3698
5869	8322
4905	9527
6158	6159
6916	80142
6602	6605
10153	84128
10523	11100
1462	6696
23322	80184
133	79924
6222	6232
3860	196374
4085	79682
1062	1315
9879	51362
87	7791
6154	7311
2033	23112
5286	9685
6249	10540
10576	63971
51143	79172
1605	10298
7110	10618
174	3698
3880	4072
6154	6194
6152	6159
6204	6222
3921	6144
6156	6160
6167	6222
285	7010
4641	5898
6138	6223
7337	23309
1062	79172
2197	6204
6790	9493
1062	10592
4924	10618
1478	3188
2305	4288
6692	6768
6146	6167
6233	56254
22995	146057
6205	6228
6155	6228
6206	6222
9875	22984
521	10632
2491	6232
1781	6232
595	891
51068	117246
23291	26190
7110	90196
8704	55624
2197	9349
50838	259287
4240	51280
966	326624
378	22818
5199	126014
1445	6714
7311	158506
51421	60485
566	6037
4008	154881
2846	2922
5741	8074
130	10720
3881	54474
489	4853
57678	256356
3309	10049
63891	390594
5519	9183
4591	55658
4736	6141
7058	9507
8295	57634
5518	6164
6135	6727
6233	8445
4116	6173
11235	25843
3122	3127
6168	6209
1809	10371
800	3672
10733	79441
1793	10787
4588	26290
7314	10980
23042	23420
8451	9730
10256	54845
2810	3691
5422	84515
7311	57530
5439	8896
1499	7409
3267	5868
3191	4670
399	27237
3836	3837
5294	55970
5684	7979
4736	6222
4116	6135
9636	11274
10491	10536
6142	6201
6208	6223
7919	65109
7031	7033
988	9475
51203	64151
10733	347240
6130	6159
3481	3827
3055	5829
6129	6203
5432	6205
6137	6222
2197	6152
5528	55143
6157	7178
6222	6224
6223	55127
22919	79172
1915	6142
1511	8635
6155	6222
6143	6171
6233	22848
6129	6135
4241	53942
2533	7408
6233	9690
6203	11103
5604	7529
1605	3912
4159	53831
6159	6230
9787	11339
10592	51203
6235	7311
51322	79577
6210	22984
9700	79172
6201	114987
87	7525
8924	10489
351	8477
3660	5696
4171	4998
1536	51382
9604	23291
5879	6385
2922	4923
5439	6621
51143	57405
60	10095
1634	4314
5451	25896
6144	140801
6142	7178
6143	6206
4514	4537
226	5768
891	5861
6129	6230
4173	5422
10733	55142
3185	3192
3017	440689
54821	55055
3687	22918
22919	55055
7514	9972
2207	100049587
6136	6139
22984	65083
3691	3918
23309	79595
6203	7311
5684	8658
3199	8338
1400	56896
5519	22919
29127	55872
2033	6667
462	2155
6188	6229
5149	388531
701	23397
400	23041
9343	51729
3827	5005
6442	6444
274	8853
6129	6152
4540	4724
5829	23209
3183	6434
301	7852
24137	29127
4726	55967
4666	11224
3106	3134
6125	6146
8295	8945
8915	29775
8687	8688
6142	6208
6128	6142
6159	6169
915	919
632	4094
79132	91543
6233	6714
6229	11103
9221	25885
9126	9793
344	6382
23160	55127
8477	55970
2535	2790
3796	10274
6233	83987
6159	11224
6161	6193
4736	6193
3192	79869
3106	5696
5518	5976
2317	3688
6137	6210
10592	64151
6122	6124
5339	6205
51602	84128
2099	6387
58508	84661
1236	2841
5438	9978
2801	51014
3836	22974
174	2266
1981	6234
7311	23586
27316	65109
595	5694
23404	54881
6128	6181
4519	4537
3109	3122
26224	55208
1778	81930
2770	55970
6128	6228
2847	10563
22984	79039
6667	6670
2533	3937
8301	10096
5903	22919
3107	3659
9133	113130
160	26130
6201	6204
8021	23511
3703	6185
813	1435
1969	9564
3071	7454
26494	344892
3895	5879
378	10282
8453	65264
680	846
567	3837
6167	6209
6122	6222
9221	84172
8886	79954
8085	25942
6160	6188
4116	6218
5594	7533
6233	257397
4700	4717
6218	6224
336	338
6152	11224
6164	6205
2521	51692
6137	6230
966	199675
1499	128239
955	374659
6194	6235
3267	11252
5985	63967
117	5741
4712	55967
332	7514
988	9631
6709	6714
6434	27316
1395	79924
7919	10949
6207	6227
6157	6223
3921	6139
10094	10095
351	1234
29074	64928
338	3698
4734	89910
6209	25873
4116	6160
219858	344892
6637	51639
5469	9967
1365	24146
3512	100423062
3685	326624
4734	26190
9716	10921
4725	27089
1981	8672
996	51088
5829	7525
8085	57690
9320	57542
8914	11169
2071	9015
6137	9349
26476	344892
566	8635
3698	51156
1022	5887
6173	6188
10013	25942
6205	25873
5685	10393
54069	79172
1268	9294
226	2597
1058	55355
23279	113130
29974	403314
174	3827
9493	10121
10484	90411
26523	192669
6249	81930
8914	9126
389	10398
2491	81930
2197	6176
846	6870
6229	65008
8329	8337
833	4677
23774	57459
2033	81857
3127	7535
23160	27340
1605	3688
2159	2243
3837	22974
10552	10787
6128	6224
5707	10493
4735	7283
8905	8907
6139	6229
5862	57403
2491	7514
1906	2863
2811	2815
6122	6147
5422	9126
1287	1288
3691	4233
5515	6157
6204	6232
2197	6129
1116	4069
1103	162466
187	6370
6152	6228
5869	8976
9738	146057
6136	6181
5699	8945
1291	3672
1490	7004
3113	4261
5573	23209
2923	3309
1116	1991
5928	192670
6175	6222
813	3371
4708	29796
2197	6727
6143	6169
9277	84946
7520	55183
57111	64284
4540	51079
6159	6188
6130	6229
6169	25873
151246	348995
9791	81490
887	2147
6135	6223
4617	4618
57111	401409
6139	6146
6133	6234
4172	8888
8243	51143
197	338
11258	11316
6154	6227
2776	5331
6167	6175
1859	10238
4853	10046
5699	11059
1453	6227
7042	10490
5879	10458
5529	5699
1956	3912
1129	4543
2197	6207
3837	5903
10491	85301
6161	6181
6154	6170
10376	150465
6147	23521
1387	5929
133	2790
3797	92104
25909	55746
2925	9170
3122	3123
6453	10552
915	3702
1088	150372
6194	9045
6206	9349
6134	6154
1281	4060
6175	6205
6428	348995
26173	51593
3301	3326
6154	6232
2185	9475
6426	6432
6136	6228
1445	26191
174	6694
6455	8871
6159	6161
6152	6157
3635	4233
6170	6171
51203	55143
4736	6176
9133	10615
1781	11014
3437	4599
4736	140801
6625	11100
5931	6839
920	5286
10163	147179
7415	23526
2633	3437
3107	3133
57082	79172
391	8503
7311	8945
6169	6188
2965	9646
9371	11127
6142	6210
3695	5747
1783	6709
7478	7484
4512	4538
5347	54908
2185	6461
3683	6518
1022	5432
6631	51645
6156	6168
302	6386
5347	9738
2767	5335
10959	22872
4809	5435
6129	6201
27257	57819
9219	23186
55	154664
6229	140801
3672	9564
6129	6161
6158	25873
10403	23310
6157	6234
6138	6189
197	350
54625	83666
6124	6169
6129	6156
5048	5515
6144	6181
3434	55601
9820	26268
3491	10272
6176	6207
3017	8334
1741	22941
8661	728689
1660	27316
57153	160364
2550	51083
58	3912
5269	5337
6137	6154
10613	11160
6154	6165
6139	6234
6167	6234
5898	10890
2247	6233
10466	79571
3659	3660
5870	57403
6146	6168
1329	27089
640	5079
945	6556
3681	22801
578	4170
51650	54998
3320	10787
1453	6228
22794	23398
3797	11015
8945	64219
11190	22919
2913	4988
146	84109
6233	6234
2971	51082
988	6602
6201	23049
6138	6193
966	10970
1665	1994
1062	23332
378	9276
9716	10949
1655	11325
10096	10097
9363	9367
3355	5173
10274	57551
695	3710
6230	6232
988	10946
51129	85441
10232	154064
6154	6218
1511	4353
2767	5330
813	3569
699	55143
3191	23435
2023	2026
51585	79869
2911	594857
10802	51128
890	9833
3921	6189
6164	55176
6136	6194
10949	220988
3685	196527
56923	259292
6233	23291
6124	6146
351	1269
6157	6176
4724	29796
6206	23049
991	5707
2792	6752
55901	170692
174	2243
680	6869
996	115290
2071	9014
5547	326624
6159	6170
10324	201456
26239	353133
4712	4728
6176	6218
6233	8945
6152	8666
4194	9099
90293	221687
54881	65083
6170	6227
5430	11338
3309	6836
522	4713
3002	5551
1062	10051
627	6272
5977	57492
1942	2041
6144	6168
6158	9349
3921	6204
10383	84617
1965	8892
8976	10552
9793	81930
1088	138050
1956	3918
338	2243
3118	3662
2641	113091
6223	140801
5611	10525
3071	7409
963	3683
11022	143689
1639	22919
8329	8341
6772	9021
6135	6205
5822	7109
5023	10857
1269	59340
9055	51203
47	2799
6168	6224
695	3055
22872	100302736
399	85360
1063	79172
3857	3868
6430	7919
6164	11224
131873	256076
6152	6175
399	143872
219960	285093
7321	79176
6317	6318
6175	25873
57154	65264
6141	6232
5155	7057
10714	23649
6175	6181
6133	6169
6790	84962
4736	51187
6159	9045
6396	9871
6122	6207
6160	9045
3837	3839
5021	5332
335	2262
5336	7525
9493	10749
7409	653361
846	339403
11091	54881
1783	5529
5433	9879
6194	6232
6453	29763
3688	3914
950	25977
10841	200895
6836	9276
60488	64963
6698	126638
5579	5590
4353	6036
1956	284119
4709	4725
55143	113130
999	3691
6201	6228
3320	6461
7478	7479
3190	10236
2960	4763
57630	83737
3091	51122
25839	84342
185	2642
6135	6209
1453	6208
3895	11167
7316	10920
1302	1306
6142	6194
2792	594857
727	10022
3659	7015
4736	6170
6176	6201
83597	135946
7531	81565
6173	6194
3633	29984
9744	51454
87	1499
1738	4191
160	1213
7328	51444
6202	23521
3683	7409
5594	10971
6143	6175
23160	25885
6152	55176
2091	6217
3109	3111
26146	79989
6146	6204
6155	7311
2185	9564
4077	7316
2353	2354
5795	6714
3912	51280
705	84946
5529	5718
4343	26523
521	7388
9820	115290
301	302
6156	6167
23160	55720
11017	85313
6155	6208
4701	7388
7175	23511
4670	10949
10121	57545
2919	2920
2799	5707
4694	7388
3181	220988
6170	6189
55720	56902
6154	6155
57332	84733
79470	344892
90480	116540
824	5829
4288	7153
26146	28981
1830	6699
1605	9459
10236	51692
2204	160364
3214	3215
1911	23028
4862	5054
6189	6235
3191	51692
3188	10594
4512	4539
23309	64426
2691	59350
2177	11073
23244	23332
983	4288
51166	125061
5702	5706
999	3918
56923	339403
7311	85015
399	4983
7314	29763
830	51014
6426	220988
6167	6227
6129	10399
4715	4718
2810	3918
4538	4539
6125	6233
5587	112476
5741	10266
4992	344892
3673	3914
6233	8322
1282	1284
3434	4940
79583	80184
10493	23526
3693	7525
6164	6189
6137	6202
10236	51729
2980	2984
672	84464
966	3903
6135	6222
988	53981
6135	6138
23225	79833
6229	25873
3640	5443
5878	7037
6125	6194
1605	5829
811	2923
6168	25873
904	51755
26268	57531
699	220134
6141	6147
3646	8667
26091	154881
6165	23049
6128	6133
6672	10475
6171	6227
3185	27316
7343	9112
7337	84085
26354	54475
1908	6863
6884	26173
514	27089
8329	317772
5660	6376
1933	3921
259290	259292
5903	7514
11339	51203
1933	6230
2958	79035
335	345
1500	84962
10892	257397
5426	23594
6133	6233
6159	6193
6138	6169
6176	51187
146	886
1639	10112
1656	54464
1548	1553
10383	84962
6136	6170
7454	10552
51172	84572
1861	27348
4710	4725
22897	79598
377	9493
23291	57154
6132	6227
4736	6207
6202	9732
2956	4436
8334	440689
3396	51649
51121	79048
1069	9657
6138	51187
3359	9177
4853	23509
6142	6222
4999	84515
28981	64792
3190	10657
963	1536
7846	150465
1933	6129
51289	259293
5529	5781
5054	7424
8412	9564
24137	146909
6144	6202
22917	57829
966	64386
6171	25873
3683	10970
6135	6141
1499	84962
6147	6175
6167	6210
988	79595
5528	57405
6631	84844
699	151246
8189	10523
10484	11196
1629	4967
9320	51088
4540	55967
158506	285231
4067	6776
5501	25909
2817	6714
10250	10772
1956	54206
6164	9349
55166	348995
6142	6176
6708	6710
22919	348995
2268	9564
10093	10095
3688	7045
6159	6165
9730	63891
2521	3181
27229	54801
4689	7409
5928	9112
6387	50837
10121	80184
1236	5443
27252	142685
3107	10475
2033	8085
9126	348995
55720	83743
10013	57649
6210	140801
5725	10291
9133	23397
3091	5707
5689	5700
10733	11190
6128	9045
28998	57129
4700	27089
1639	29127
10250	27316
4707	27089
1936	6132
6233	11224
10733	79959
2185	5579
990	84515
566	1991
9739	26523
6556	23601
4343	84441
5294	7409
6601	6605
87	3688
2635	3659
25926	51096
3797	9493
2790	9138
999	4072
6141	7311
6152	6209
1111	2177
5434	54845
6923	23198
1287	8974
673	57498
10316	729230
51592	64682
9972	23279
6161	6201
338	3827
5516	5598
637	3002
4713	126328
25	2268
932	966
1902	2185
4700	4726
83551	134860
6125	6144
10112	10540
8175	56949
9341	51542
344	9672
6155	6193
8175	10181
344892	390066
6746	58477
4111	158511
5529	54821
6205	53918
7164	10053
846	2798
930	118788
6133	6175
6218	9887
6877	51593
8689	9119
1000	7184
701	9793
3184	9343
336	2243
1870	4208
6175	6210
285093	390191
8615	10802
5094	9343
6161	23521
9349	11224
6154	6158
6175	7311
705	8602
10849	25885
6453	22905
5426	5427
10885	27340
3912	3913
2079	6636
25957	51747
932	222487
1969	7525
79895	222487
1508	1514
890	26271
4088	57154
831	5747
3921	6231
6144	6205
6712	11316
636	23299
2262	2719
6204	11224
6613	79902
7873	51726
26190	54778
197	336
10992	27339
7175	23279
336	4547
890	9133
4508	4539
2932	5516
4736	6139
9727	23265
163	54874
11250	83551
6272	11319
5590	50848
6934	83439
6139	6160
1660	2130
6133	23521
22948	55970
4983	5880
22974	121441
983	121441
3693	5829
3122	4261
26091	26190
27042	55153
6453	54874
6160	140801
10412	23517
6139	6201
6201	6202
3512	57050
9320	51132
1994	10921
5879	23526
3190	9716
4116	6636
3133	3134
4535	4536
64284	401409
9126	79172
11004	54820
1781	57545
4175	81620
6130	6133
2935	6157
6189	6208
1783	5516
9128	9879
6158	6223
3912	5829
80168	346606
2266	3481
1500	6714
2932	5704
3672	3913
6143	7311
2521	4670
6138	6210
1511	6037
377	10540
4738	54939
5983	56852
6152	6154
971	974
2050	5879
1062	5526
5036	203068
226	5315
6137	6223
6133	6136
521	1350
26043	54165
3619	10112
6635	27258
6134	6228
29894	51593
1462	84141
6155	6170
6135	6228
51429	54885
963	3903
6167	55176
5597	5718
1601	10618
3040	3048
6144	6233
3185	55749
4869	55706
6500	8697
5868	23011
3688	10298
6217	8662
11014	11015
1983	6234
3921	9349
5868	51552
4297	6045
2967	51426
6209	11224
3673	3688
4712	51079
1793	100423062
1292	1295
5347	24137
57545	79867
11251	94235
6727	7311
6141	6176
5119	27183
7514	79172
2957	5433
701	57082
9133	57082
23122	57551
6136	6168
7311	115548
7096	10333
10236	10250
39	3157
5339	6133
5368	50865
3362	3640
11193	22826
6518	10970
23586	83666
3301	3304
2079	6432
383	8993
399	117289
3688	5829
5566	5970
6804	6813
8648	10499
6133	8662
6168	6210
3635	5579
6125	6160
6124	6230
1362	9698
3433	4599
6636	6637
5436	7936
6128	6194
9282	84498
4174	10036
6175	6233
2958	5435
4736	11224
10552	100526693
6209	55127
4508	4535
7153	23397
9875	55127
6229	23049
2617	4677
55703	55720
6135	6161
5869	5870
963	5023
6152	6181
1933	9349
932	945
932	51382
2792	2911
5929	23067
1605	3909
6152	6204
6167	6208
3915	5879
5704	5714
6125	6133
1639	10121
6165	25873
990	5985
5518	6167
5739	59350
3882	286887
29127	51014
3437	10964
6249	8826
1232	4986
988	9416
3635	3718
1147	2475
3797	28981
3678	5329
1573	8529
27237	171177
6233	140801
5451	55718
5528	9126
680	2798
9114	127124
928	3655
966	2207
51373	64951
2788	55970
102	3915
3320	10576
988	23595
10112	55635
23160	84172
1906	2150
890	10733
6189	6193
1781	10383
1650	29927
6154	6189
22845	57171
3301	10808
2491	151246
3486	11098
23291	79176
5048	5516
988	203068
6143	6223
1500	5795
3190	27316
5519	51400
5093	10236
9276	10959
640	973
93611	142689
3106	10475
3357	56923
988	4436
6625	23450
6189	23521
197	5005
1829	2125
9793	10403
2617	3376
6167	6230
4708	27089
23063	23244
821	10802
3659	5696
996	23327
2071	5985
2197	6234
6232	6234
3091	6233
1356	54757
8843	338442
9564	10787
26146	92104
6189	7311
3190	3192
9320	154881
1994	7536
7398	56852
57551	81930
6667	8648
10274	51143
6122	7178
5347	81930
6427	79902
5179	9210
567	3105
1347	27089
7249	57521
5693	5694
6175	9349
1121	81846
353132	353135
6206	6207
83540	157313
5119	51652
108	797
51676	140739
5718	11059
10426	11064
3008	3009
1956	55914
991	151246
1783	10540
1406	4901
7538	9261
8976	55971
219968	285093
10193	26118
6707	147409
6141	6193
6232	23521
5879	257106
6144	6189
4736	9349
6147	6155
991	51088
3799	10540
10574	10963
3761	3785
6205	6223
6142	8666
501	51166
6189	6210
5711	6233
158506	246184
1500	4233
2358	3579
3903	5795
6233	57154
23014	64219
521	7381
3185	23020
6122	6194
5048	81565
846	51289
1956	3691
2064	5364
4678	83879
4952	286451
2792	219438
10254	23149
3111	3113
10403	151648
3071	5829
904	79577
2519	5476
5528	23332
6232	54908
1660	3191
1915	4736
344892	390083
1639	9493
9277	83732
7341	129401
3308	10808
3886	121391
5861	10959
6146	6159
2535	5599
1315	81930
2048	3055
25942	57649
988	9533
5708	7415
4952	6272
1944	1945
6209	6224
23076	57696
1781	11190
6210	6223
2197	6202
1537	4722
4701	51079
118430	727897
3921	6228
2359	5196
6233	10110
6152	6176
102	160364
996	9491
6228	6234
2841	7852
2197	6170
9648	10466
1915	6124
29127	54443
6146	6169
6208	140801
3062	64106
3685	5795
8085	9757
945	222487
399	9743
5196	6370
1062	1063
6209	6223
7514	57551
1329	7381
7514	23039
930	933
7311	64750
1906	1956
7004	25937
6232	7311
3178	3609
2033	4089
7311	55670
22984	57696
5093	27238
1033	9232
6156	6164
8742	51330
5526	81565
6428	220988
5528	23047
6130	6161
6164	6167
7852	63940
47	1431
966	79090
378	830
4736	6161
6165	6204
945	5023
4709	4710
3838	22974
64976	64979
6144	6229
6122	6208
9564	10044
680	64106
695	118788
8615	9570
6152	6232
8667	26986
6124	6142
6133	6207
9793	55755
51649	64928
9968	23097
29796	55967
6176	11224
6233	84231
1457	9918
3856	3875
5872	51715
5443	53831
4624	4635
64792	92104
6125	6129
9820	90293
6136	7311
5896	5897
6154	6161
4048	126014
10121	26005
6141	25873
64976	116540
8924	23030
3361	3627
5547	10970
3115	3123
3978	4176
2692	5745
972	3111
9631	9972
108	5179
6224	6232
1645	8644
27252	140461
6128	6138
6233	7098
6374	27198
5529	7525
2305	5347
6160	6194
1894	6790
8243	23047
6157	9045
988	11193
719	8514
3912	10272
383	56729
10376	84617
4713	4725
3619	54821
10952	58505
51444	57531
3183	7919
6632	51690
1062	9585
6285	6288
2125	6699
6146	6201
6138	6194
9688	57122
6167	25873
4700	54539
10540	29127
9320	84231
9320	26190
156	2863
1915	6207
3134	6890
6206	11224
6698	6707
6142	6169
23327	115290
11128	25885
1069	27077
4174	5424
28	2525
3918	5829
3685	6518
6224	7311
983	7321
1832	5493
2220	5648
6152	6188
27292	84135
4609	7022
87	226
4513	4519
10075	84231
23586	55601
3687	53831
6159	6209
1991	6709
3675	3688
7311	285231
1499	4233
9055	11113
3007	3024
54577	54578
6154	6169
1499	5795
6228	11224
932	2358
5899	7852
6147	6167
996	64750
4519	4536
8515	22801
25879	84294
26146	64792
58506	130074
963	326624
351	3912
6137	6139
1398	85440
5435	6875
54821	79172
6747	60559
9553	51650
6152	6203
6154	6175
6135	6231
324	1857
5516	81930
513	374291
27340	55127
4171	7298
988	10657
2132	6385
6711	11014
6233	7178
6232	6235
1662	84365
23047	57082
4734	7316
2132	2817
111	9283
4035	6385
6230	9045
3903	5023
9700	23122
6209	9045
6128	6167
5660	84061
375	1314
6135	6202
6155	6164
1435	84141
4712	4726
1894	5880
5610	23586
6144	11224
3091	84962
3185	84991
5714	6790
389	23526
10466	57511
3301	10963
144699	154881
10949	23020
6146	6165
4736	6136
9212	79003
10575	10963
140807	319101
6137	6173
1290	1291
6185	57171
6234	9045
6128	11224
79023	129401
7398	10635
54821	151246
6205	6222
9801	23521
6233	26523
2197	6155
6122	6129
1084	1088
4436	23028
1943	1949
10083	257629
23582	25949
10561	55601
7334	64320
53981	85313
3434	10561
6921	79754
23223	26155
6921	10987
10621	11128
3301	3320
5347	11004
8321	8322
3675	3915
6201	6206
8925	10489
3191	10657
983	219771
1062	9793
1933	6210
2177	2178
6165	6167
55720	79954
6790	9787
2798	4829
8027	51429
6170	6204
6133	6176
23332	121441
1462	10618
10914	53981
11187	64065
6144	6154
9793	113130
3048	3050
5547	25798
3855	3880
4641	5872
6232	81930
405	1387
1048	171169
6135	6144
3009	3024
9716	10713
6202	9349
350	2147
891	9787
9632	10959
5335	8698
800	5829
3054	3607
9276	10802
2099	7031
5708	5887
7311	7321
26235	158506
51725	142685
5426	9126
6176	9349
6208	6230
5688	7979
79090	149111
6233	26091
153	6344
5347	9055
84861	143279
6426	9879
6139	6167
6152	6207
6130	23521
7326	26259
6625	11338
919	3122
6233	6868
3094	57649
1107	23028
6155	6206
332	5528
6136	53918
8969	121504
6136	6138
3071	9844
57129	65003
8548	64746
3619	51143
55055	151246
8349	317772
4886	4889
683	932
1347	84833
2150	5021
4343	7311
2837	5031
6047	26234
4700	4724
1394	1816
6136	6209
2863	7204
64928	219927
1933	6206
3274	285601
6128	6147
55008	57154
6461	10458
2359	56670
9675	57521
5692	5710
6136	6165
5111	7298
60560	80218
3092	6233
7336	7341
6709	51014
54625	151636
1387	2033
6667	10499
2956	9126
6152	6189
6124	6224
1665	9879
4141	7453
488	4853
861	6595
29127	55165
6188	6207
6168	11224
1063	23279
6130	6141
5116	55125
6165	6206
1555	54600
4171	5426
3688	83660
5715	7979
6146	140801
6189	6202
9320	23291
6159	6208
25897	55175
728	846
5347	9493
6176	6210
864	10413
51676	84541
6136	6235
1937	6124
2237	5111
6160	9732
3912	375790
824	3688
1551	1555
6631	27258
9793	23279
81	5829
367	8349
116541	219927
6189	51187
4867	23322
84648	353142
4701	126328
920	3702
6129	6169
6427	7307
6194	6201
9320	10193
2207	23533
7415	10576
5331	222545
2151	2791
6210	6235
6170	6181
10236	10921
5822	10885
7311	23291
9656	11073
57787	261734
3320	57545
1350	27089
846	259287
9793	10274
3619	23279
1601	8322
3355	5179
4695	4708
6203	6222
1781	22974
25942	51317
3064	55660
7153	55746
4536	4538
1105	23168
6346	83756
5708	64750
6228	7311
6189	6232
51264	219927
7337	26190
6202	8666
695	3725
2197	6157
10664	22976
389	6242
8365	440689
6228	6229
8243	23244
1063	7514
1933	6154
6169	6181
5700	5705
8615	9276
5720	5721
26118	51088
84261	154881
6156	6173
23291	83737
6122	6159
6147	6194
6137	23521
963	10857
6204	6227
9557	57804
6233	140458
9666	65264
4724	10476
1347	4713
5861	10540
9738	55755
1793	5829
3106	6890
3921	6160
6193	7311
3190	57794
10713	23451
3836	3838
345	2262
28973	55173
1500	51474
3178	6430
3852	3853
5693	7314
6160	6232
91147	121441
6631	57819
9044	55814
2151	6915
6207	6228
4172	9700
6790	121441
701	3619
5610	6774
8189	11100
3852	196374
6128	6160
4088	23327
2932	5526
4670	9716
3074	10577
4237	4239
22954	23014
1307	169044
5717	9020
6207	6223
699	10592
1933	6175
8945	90293
11176	64426
1282	1292
3921	6168
3915	84141
2826	29899
3113	3123
1832	11187
372	9183
2550	6363
10075	80204
1660	10492
1121	22930
9133	81624
699	3619
6729	23471
7317	22888
1783	9371
6208	6210
2648	5469
2788	5368
567	3133
10102	28998
2841	8698
6136	6188
896	3717
1639	2697
4542	4646
2099	2625
11236	79139
6426	10772
4736	6227
5868	7879
1781	3797
2060	50618
23020	51729
6154	6168
846	50838
4194	57690
3717	4352
6160	6207
6427	8106
776	51764
2444	84766
1956	115548
830	29127
23601	79895
5566	7283
3156	4598
9585	51014
5436	85437
2064	7311
23279	23511
983	9972
1290	10536
3187	55696
4591	11059
3184	10921
6133	6205
830	10282
10552	29763
55143	57082
5424	5426
6206	25873
25831	57542
6155	140801
6181	6203
6130	10399
672	51755
6418	10592
2071	6878
641	5427
7536	10181
3444	3451
5726	6755
6137	6147
915	286749
701	51203
5067	137797
5347	259266
6428	6432
4862	79365
6161	6227
6135	6235
54856	55870
54474	121391
64928	64979
643	1268
10733	203068
6227	6230
5684	5706
932	338339
4288	9700
8365	333932
2537	4940
3092	9146
117	594857
6169	6206
6734	58477
7311	90293
6129	6173
6175	6194
6132	6204
26682	344892
8802	8803
399	64333
6130	6167
3017	8970
6135	6143
11339	79682
4854	5087
6164	6175
6124	6156
6167	6204
6130	6169
6037	8635
126638	147409
51079	126328
1230	2826
6714	7311
8945	51684
6637	51503
6193	23521
9055	29127
3122	11184
1579	8529
6139	6204
126638	353135
23028	23186
3882	8687
5048	79003
10693	11328
8243	57082
1981	6167
2521	10921
5552	83706
7311	23198
6209	6230
5880	64333
4998	7027
2960	2967
2197	9790
1069	10383
4582	10164
2033	9031
378	5861
3713	6699
6206	9045
2524	10331
6514	6927
5869	23011
6201	6232
79090	90411
8969	8970
55839	55920
4695	4707
6161	6232
3683	3693
5869	10254
204	4508
1915	6202
1233	5473
1287	3673
7343	57459
1956	5796
6132	6136
5155	83706
6233	54778
8450	55832
5516	5520
3685	3903
6159	6233
54778	84231
10084	27238
2935	6189
6154	6193
81794	339366
6122	6223
3305	10963
4710	4726
3688	7424
1277	1289
1660	51593
8826	128239
3837	3838
55970	63940
6202	23049
3045	7975
2197	6228
1476	10394
1291	3688
9793	51143
1601	5878
11338	23636
55884	115290
6430	6434
3978	4174
5361	7305
3913	10298
5347	5528
6147	6228
3796	3799
28956	57153
1453	126003
1431	4191
4736	6154
3915	375790
10367	90550
6701	6704
7533	10971
4848	23019
55070	57154
6133	6229
51081	51264
3192	5094
25885	83743
6208	55176
335	2266
10394	56729
8697	23291
6175	6228
344	26020
3675	3693
3336	7295
79172	113130
6128	6159
1495	1969
5879	9181
2197	6167
6204	6218
514	4713
6637	51690
6132	6169
1832	2125
6128	6208
6147	6160
4172	4175
6129	25873
6168	6203
156	301
5747	8976
6128	6146
1337	1351
10053	152503
3675	7057
1063	7153
1314	8615
6461	9564
570	7311
2537	3434
988	79869
24137	55614
904	5431
6165	9887
2935	6207
11176	79595
79600	91147
10197	64682
1665	84172
6202	6210
4736	7311
80184	117177
5928	8085
117177	121441
81	7057
6142	6171
6164	6176
6133	11224
3833	56992
9752	56141
6167	6229
3921	6165
9978	81559
56902	57647
6204	6235
400	25839
389	399
1315	9570
1783	51014
6625	8189
10022	50835
126328	374291
6181	6207
26155	84172
353139	353142
6235	140801
9871	10959
55832	80067
6155	6229
2776	2837
10403	348995
6173	6222
2695	10266
996	5347
3685	4035
10975	126328
4928	7514
3635	5294
2790	10693
7466	51280
3071	3320
23304	64682
28981	79659
2641	346562
26005	26123
4976	9927
3105	3134
6923	285231
6203	6233
2597	5315
1062	9787
8969	126961
2358	338339
9883	11218
6714	8976
22984	55127
6152	6173
3619	51203
6181	6223
990	64151
7311	25873
8453	115290
6827	80349
7311	89910
9188	25885
55755	146057
2810	4486
1839	5782
10376	10693
4116	6235
23279	25909
4035	375790
10426	440145
8886	55720
5566	57787
5903	10735
2099	54828
9886	221472
6193	6230
6222	51187
1108	25942
5518	6235
890	11065
3043	3045
4726	29796
10885	26155
3832	5422
2268	6714
5832	118813
23646	147746
6167	6232
6175	6204
56923	259293
9371	64837
185	2641
6204	7311
4512	4536
2125	11187
643	50865
3827	51156
3123	4261
7311	257397
3837	7175
10075	51132
983	10733
10155	80110
1994	55660
6139	6224
5695	11047
2147	5020
6432	6632
919	7535
4538	4540
919	3559
5290	9208
4710	4713
5879	10552
302	2799
4713	29796
833	8565
1347	1350
983	79959
6222	6227
9294	64805
2002	6722
6167	6218
81567	93100
6122	6169
338	350
9793	23332
3357	4829
966	5023
10458	10552
51382	338339
4173	23397
4548	10768
1595	3156
116540	116541
1398	5829
2064	7525
8729	10959
6746	90701
4710	27089
5701	11047
11224	23049
830	11014
6232	7514
5868	10890
9790	22803
5688	5695
1937	6222
6160	6206
6601	57492
2826	83756
111	10268
9320	22954
3713	6705
6128	6203
6222	9045
6241	55143
5694	7979
5747	6714
2832	3827
6125	6158
9978	285231
4775	5534
1994	3192
6147	6191
55252	221937
4952	9886
6160	6205
90	4088
7027	7298
1778	2491
10199	79954
26046	84085
1062	29127
6144	6209
81619	94103
9493	81930
11130	79902
1213	6233
3074	5707
4691	10528
6745	23471
6207	6232
4736	6159
6155	6234
830	1781
8085	8289
1894	9493
5872	201475
1937	6229
6164	6223
163	26130
1668	1669
6170	6233
8453	9320
1445	1956
7337	51132
1435	8542
10153	55759
56963	148738
6133	6204
51069	55168
6129	6147
11004	64151
9585	10749
10540	22930
3039	3048
472	84142
891	1062
4088	5594
2064	6714
6133	6223
1387	6601
3191	9716
9903	221687
10525	29927
5707	10575
3185	3191
399	9138
6229	11224
6159	6222
6741	9533
887	5020
3001	5551
28981	150737
8317	84515
4141	4677
1783	24137
6207	27340
6125	6168
10193	25831
1956	10413
3113	7535
10540	24137
10921	23524
6159	6234
114	259285
10959	100302736
9833	55165
627	5599
335	336
2197	6218
7514	23279
108	283869
90025	158506
6157	6159
6175	6202
7919	23435
2491	6249
51350	112802
336	2262
1108	3094
3949	5869
699	3796
6635	6636
6130	6164
8329	333932
1314	9632
5435	11325
6170	6232
393	11015
2072	7158
22948	63971
54578	54657
11190	22974
657	659
10051	64151
4926	5116
4724	27089
4540	4694
2642	4922
1660	9343
1994	10492
9833	24137
1660	11338
8886	23560
1983	6232
7082	25937
3688	7052
301	27334
6227	6228
10376	11156
372	1315
5861	10484
3054	80335
3192	27316
26525	84639
1933	6202
1277	1292
29945	63891
6138	6156
3624	10272
930	5336
521	55028
6157	6207
4712	91942
10403	56992
9967	84498
9787	81930
990	9134
10885	23160
1395	2848
6517	9968
5684	5688
891	22974
7434	594857
11127	64792
9978	140458
6235	9349
2916	346562
84366	360205
8467	64426
891	1783
55124	221400
1292	3685
3797	10112
1781	84962
10681	338557
2222	51478
3619	8243
5903	7175
6135	6189
1161	5887
6144	6176
1347	9551
3308	5903
3134	3660
5869	6453
50835	259287
1778	9493
1933	6189
6168	7311
6173	11224
114	1814
117	7434
6208	11224
6133	6152
84648	353145
3183	27316
2153	3481
6233	440689
6142	6224
5688	5701
1347	4695
4599	4938
79003	81565
727	51289
1453	6207
3799	9585
8450	10401
212	2623
1956	3655
9928	11113
6233	51132
6167	23049
197	3481
5707	8452
10022	56923
2968	9656
79682	387103
1662	10528
143471	161742
2847	594857
8514	10970
988	23397
5528	81930
2079	6637
9320	144699
4839	25885
57787	84902
3945	4200
988	5062
2912	4852
2189	80010
26531	344892
983	9631
112	1269
332	55055
6204	6224
7272	10403
5173	6751
389	9938
10540	22974
6700	26239
3619	23511
1431	1737
2817	3340
4176	4998
4940	9636
51602	84549
1915	6206
9371	51014
6950	84617
6147	6206
6147	6224
3912	4233
1129	6751
2519	3074
6137	6164
6156	8667
6556	79895
1398	3055
537	10159
950	3482
2683	2720
5699	64344
116	59350
8570	22894
55168	64928
7153	9688
1669	3240
9776	55626
11017	11051
1894	5879
4125	6037
4736	6228
6194	6224
51079	54539
5741	594857
6185	7184
50865	63940
1325	6373
991	2305
5371	6672
1981	6139
1462	9469
3351	346562
6130	6208
2633	117854
920	9026
3832	9585
332	54908
6133	6208
8969	440689
607	8945
5880	7454
64750	115290
10342	10427
2521	3190
163	1601
10112	51014
3183	220988
22995	27229
4535	4537
8886	55127
3437	4938
23332	91147
7913	9015
928	113177
4738	55294
6233	9349
7133	8740
6146	6227
5328	5329
2776	27334
201475	326624
335	350
54821	81930
155	6344
64151	157570
25885	64794
4171	4174
595	4602
4332	8635
1601	9341
344892	390077
6227	10952
4985	6752
6167	6202
4173	7153
10193	80204
6181	51187
6228	6230
1387	81857
1230	29899
641	5424
5695	51371
6122	6206
84447	91319
6189	6204
6154	6159
9493	24137
945	79895
6233	26190
5579	5583
1062	6249
1308	3918
1537	6390
4670	10236
1230	55970
988	8243
3921	6167
26190	197131
7124	7316
22930	84516
6173	6176
10250	11338
6168	6202
6201	6203
4686	8021
6130	6135
9133	10733
5345	7076
8853	11015
51429	54874
3909	4233
6122	6205
23327	29082
8881	63891
5433	129685
6130	11224
3619	9700
84085	154881
7184	9601
6146	6208
6142	6227
23511	50628
4670	51593
6165	6169
5411	51747
23142	23291
344892	390063
3190	4670
6181	6235
566	4353
813	10618
6223	51187
212	2038
9014	25885
6205	6232
1058	54908
377	1783
1969	6714
28972	90701
6176	6230
2243	3698
991	11004
4939	10379
5519	79172
84085	197131
219965	285093
258	9210
3921	4736
9377	54539
9320	89910
1551	1576
4736	6169
79682	147841
3921	6207
23030	51588
1981	6232
25885	27340
5048	23322
3482	5868
6144	6223
2185	7525
688	5468
1500	3801
1452	6500
3875	144501
6139	6203
5704	5718
6189	6234
2147	3827
6181	6208
4700	9551
29074	55168
51725	93611
1933	6181
1783	10112
3799	11127
3184	3190
6173	6206
389	394
26263	55884
4694	4713
259292	259293
7003	25937
683	199675
51593	51692
6872	81887
4171	4176
84727	122769
9879	11325
6229	6230
5054	5328
5520	6132
6224	6227
1812	10268
6427	220988
6164	6169
5438	27258
2358	6556
6125	6135
5434	10594
1462	8542
2801	11014
567	3134
6157	6181
127544	142689
6556	170482
3181	10713
8648	96764
2675	220164
6234	51187
6602	9031
1062	259266
3396	51081
3109	3119
6790	22974
4599	10379
3859	125115
8317	23649
22918	79895
6159	6189
116	5746
9739	55904
3842	54464
6156	9349
2625	7031
4725	55967
6233	55366
6152	6208
521	1329
3127	4261
51289	339403
945	3689
6621	79035
121504	126961
6160	6168
6138	6147
1269	8698
4666	6137
2197	6161
5747	5879
699	83540
991	4734
1778	24137
5861	51014
393	399
332	22974
9371	10112
991	9787
9330	53981
6167	6203
3620	169355
3355	4543
864	5708
6224	6229
5725	23435
6122	6136
1063	57551
7311	9927
6240	29127
4695	4726
9738	54820
705	84549
27125	55840
5685	5688
617	10469
6144	6201
5781	6774
6164	6227
3320	10458
1173	5878
5430	55215
1660	1665
6232	6233
5868	10096
905	55677
6135	6229
890	55165
6128	6171
10592	157570
6161	6176
570	1962
752	5217
1062	23279
3915	5829
1282	1295
6047	23291
6161	6210
1488	6934
10920	10980
3190	5093
6233	140459
1956	5328
1933	6128
83597	403253
3675	7045
9493	9585
3190	11052
4174	7298
3283	6718
336	4036
8349	653604
1062	5528
25926	117246
3118	3135
2863	5332
6146	100529239
6147	6231
4050	5716
7852	8698
401505	100188893
6228	55127
10907	51690
1956	3688
6124	6232
988	5725
11218	79084
6144	6203
6147	6222
6170	6223
9767	11143
5093	51692
6159	6168
6155	6224
6168	6170
570	6233
933	973
5437	7874
57381	57514
6631	6632
514	4724
7311	10111
10155	201514
4694	4710
57153	199675
6157	23049
4809	84844
6142	6232
11014	50807
53339	197131
5931	10664
7137	7138
1314	8729
27334	55970
28957	122704
111	3354
1938	1975
3055	5336
811	5589
274	51411
6203	6223
122876	594857
1062	2491
2917	27199
6139	6176
1778	6232
6143	6173
3305	9530
6122	6133
5194	23600
6143	6234
51388	84916
6997	10637
8661	8672
6222	25873
5869	10890
29984	445328
9212	55355
6154	9349
11051	85313
5689	51371
6223	6224
3854	8689
890	51203
283111	344892
1060	57082
3685	9475
1398	5747
8717	9530
4691	8602
3691	3909
8655	23218
25831	65264
6138	6228
6141	56915
5336	118788
25827	126433
3178	10949
6139	6202
9439	9967
23291	55236
57531	90025
6168	6227
8337	8347
2788	10575
813	10970
2359	11251
950	7316
4236	10291
891	54821
6187	10557
6218	10952
6155	9045
54552	55720
3356	94235
7311	9045
5315	7167
6141	6173
5878	9341
8243	10735
1908	2865
2064	6233
3030	3032
1116	56729
920	29988
6157	6232
2790	2863
701	4288
3915	51280
6165	6227
6137	140801
54620	84231
8697	8945
7272	9787
1364	1366
6233	90678
8453	8945
6133	6155
5294	7852
6208	9045
5880	171177
2153	2243
24137	259266
2200	3678
9015	284119
3320	85378
3192	51692
2247	3685
3683	57153
2197	11224
5286	6233
6434	27339
102	1495
1783	5861
5725	10949
6146	51187
11127	23095
6430	6432
2848	122042
899	56995
6146	6727
1435	4924
2159	2266
3660	10475
10022	259293
6222	53918
1230	58191
6138	25873
3921	6203
8826	55109
7311	10818
5347	9793
5699	51684
23014	80176
8924	8925
991	1058
3360	10888
8329	440689
3178	4670
22954	26190
57674	80176
3191	10713
836	6789
2784	2847
7456	10458
5710	51686
7184	7466
6159	6181
2042	2044
2696	53831
7857	54757
6122	6203
87	6385
6144	7178
2251	8823
6137	6232
9354	84085
6143	6233
7412	388646
4666	6129
2788	2790
3855	3866
4738	5688
26146	150737
26589	219927
398	5880
79172	151246
3488	54757
6137	7311
10930	29974
6173	6223
9188	84172
6155	6209
5290	5970
6129	6228
5093	6625
988	10574
6144	6230
3491	3685
1933	6160
1639	10540
3187	7536
5590	7311
1665	55127
4952	6233
6142	6235
4694	4726
2206	2207
6122	6143
3133	3660
6128	6175
6218	27340
2048	25791
2131	6385
6228	6233
2935	6169
23011	51715
4535	4538
4726	7381
84418	100049587
6139	6155
9793	121441
4735	10540
3190	6434
29126	80380
5879	50807
3684	53831
6133	6194
6208	27340
6208	6222
6165	6168
5707	23526
51264	64928
10332	30835
9883	55746
3119	7535
6130	6230
334	3915
23291	56929
156	5021
1302	169044
10749	51479
7536	9716
9183	79980
632	3381
7388	29796
1236	4544
8881	29945
915	3118
6189	6224
909	915
1933	4736
5111	10535
23020	220988
2197	6203
10640	23265
7514	9793
1495	1942
1910	3827
864	3683
830	11127
121504	653604
1453	6223
1058	22974
1915	6159
23014	142689
11127	29127
3921	6138
6144	6204
3340	6385
2033	56655
5578	5588
1280	84570
6128	6135
4641	10552
675	5983
6164	6170
988	51692
6154	6176
6201	6209
10189	79902
57545	91147
10097	10487
1650	6184
10574	10575
699	259266
6194	6233
9045	9349
1116	5199
6147	6203
9655	26190
6135	6164
4734	65264
4734	6047
4695	29796
10489	51343
79954	84916
1303	10536
2033	6872
55832	57542
23511	25929
3683	64386
10236	10492
3655	4233
10540	57511
8648	23097
640	5336
5685	5705
332	9787
23658	27316
5361	8829
5528	8243
5872	6764
10592	22974
6224	27340
4283	6364
23011	51762
9730	10425
1937	6142
6165	6232
6132	6170
6143	25873
6518	326624
7525	11099
10466	55275
1500	55740
5230	7167
5829	375790
11190	54820
5822	22984
5660	326624
963	84329
9972	51692
26046	26268
5711	8697
2635	6672
6173	6175
2185	5879
3685	9564
5862	10890
29088	51264
905	2967
3659	10475
6456	9892
1781	6993
4713	7388
8337	317772
117	2695
6130	6181
4173	7298
1116	3240
4998	55183
6218	140801
3181	4670
3903	64386
2792	128366
2204	338339
5590	57154
325	3015
871	1290
3091	5708
6429	9410
5433	10285
3005	25842
10992	79869
54577	54658
6727	140801
332	79902
55131	57647
10574	10576
3921	6181
3491	5954
7057	83706
672	7516
163	6233
7337	8697
9493	9833
8452	51088
6129	9045
64963	116540
7189	55626
3913	5954
6159	51187
6133	6138
3619	5528
9738	203068
8477	9002
6147	7311
534	7037
1642	79913
1933	6201
3013	8334
8775	388552
3921	6161
2792	388531
64981	116541
1387	9757
3006	85236
2801	10972
26190	65264
2197	6154
641	2189
6175	6230
9793	23244
8334	8349
4736	6160
2956	5422
1337	29796
5540	6755
5516	5903
6173	9349
5435	6637
8541	64130
4509	4537
9867	53339
6133	9349
4295	5020
2242	9855
27042	55127
6209	27340
90293	285231
11015	23046
1129	8322
6168	23049
1969	2048
6518	10857
51003	400569
23011	57403
26190	55236
6203	6217
1191	2162
6625	10236
1022	55840
6129	6235
5706	5714
5861	51715
8322	8324
6165	6209
6745	58477
142	6119
2617	8565
6167	6189
6128	6207
5469	80205
7919	348995
54716	153201
9790	55127
23451	51692
5829	9459
6169	6210
6122	6157
966	11014
6138	6139
4736	6175
7305	10870
10749	24137
3190	55749
2912	5733
10635	146956
29093	92259
23350	55749
988	5903
10484	51014
7311	84962
1499	10971
10112	64837
6202	6224
521	4694
6173	6235
5928	57649
2804	10945
2153	2159
5435	55718
8243	9793
2316	3695
10523	11338
6165	6188
6202	7178
3978	4171
10799	84946
1453	6206
6155	6169
6632	11157
5528	10726
990	10592
10489	22888
7153	7298
6171	6173
991	9493
3491	51280
2261	8822
1962	7311
6194	6203
2551	4899
1524	729230
6170	6202
51069	64928
2048	5921
10112	10749
6189	27340
6556	84418
5529	79172
8970	85236
2826	84539
55320	401541
6165	9349
963	6518
10920	55884
10112	23095
2123	2124
23279	53981
6218	6228
3915	54972
2266	5345
54998	128308
2207	338339
6228	6235
3184	9987
9221	23160
3978	5424
3687	79895
1084	160364
3133	9871
11190	55142
1983	6223
5970	6667
3312	10808
1062	6232
23283	55749
5422	5983
1660	55749
9306	9655
25909	57122
2243	5005
84105	347732
351	9002
9276	11014
4735	79867
9787	55635
4736	6235
28959	55365
10095	100423062
6915	94235
1981	6135
2071	27125
7018	9829
25885	55127
23327	89910
2537	3437
2243	3026
3320	84131
2768	2788
5829	10298
9789	28972
5718	6790
6429	10946
2207	3903
6161	6171
5768	11167
3659	6737
119678	344892
5977	8289
6950	10574
1394	3973
8451	51514
6155	6207
5547	5660
3112	114876
4014	5317
115290	143279
6155	6194
721	375056
1665	11338
4539	374291
4709	10975
6218	6222
6599	55193
6429	6434
5437	23524
2801	81562
1398	9046
5981	57599
87	7044
3358	5331
5516	5529
29089	197342
2197	6169
1017	9133
8356	121504
6169	6175
6233	9732
5714	8697
6137	6234
22984	23223
25929	79084
2149	2151
5929	8085
54148	55168
11145	122618
6136	6189
6175	6203
6139	6175
1173	5962
8452	57154
7311	10952
6133	6232
8189	10921
80328	116372
846	50835
4829	56923
7525	10298
1650	58477
5290	259230
6160	6233
2206	3702
8463	10413
10713	51593
4172	5422
7424	8828
5266	6707
6165	6173
6165	6176
399	7409
6667	27327
3178	8175
2633	4940
1329	4713
3434	55008
10071	50614
972	3123
2784	594857
6133	6159
6161	6206
5657	6036
57642	255631
1005	1009
1129	4852
1981	6133
6170	6218
246	11283
6160	6189
6234	25873
53917	64284
10960	51128
1933	6135
7514	55746
1968	8661
5725	8672
84902	91147
1595	4597
10952	23480
6168	6201
29093	51258
6202	7311
2132	375790
3921	6209
7337	54778
11314	100049587
9787	54443
3123	7535
4512	4540
6890	6891
3596	4094
6202	6218
3178	3183
324	6233
2861	56923
9055	9928
1783	10121
6128	6235
4172	81620
6165	7311
4599	10964
51692	220988
830	6711
3303	10963
8365	8970
23521	51386
3916	3920
1129	2912
57154	151636
1933	6159
6118	10459
55863	91942
6164	6222
6632	6635
86	1642
9021	57674
6138	11224
10484	56681
2957	7702
1453	1855
9320	25831
3214	3223
5872	53917
721	4241
8688	121391
351	7466
6160	6222
6156	6188
3886	54474
23244	57082
5332	55970
4709	91942
3572	3977
9793	10733
2197	63931
29093	65003
5829	9844
25	5159
51676	55819
3313	5903
54778	140460
86	988
9585	29127
6830	9646
5080	8338
29945	90025
6136	6229
2848	196883
9738	10733
6147	6181
9188	23560
3115	3127
6133	6139
288	2348
6152	6155
26005	80184
3921	6155
3106	3133
6428	6434
728	6376
11004	113130
3659	5371
6152	140801
4125	5657
1329	1340
8074	29106
1994	10949
5880	80728
1981	6233
4540	25915
6233	89910
6714	10298
55166	79682
6170	6234
5067	23627
8514	57153
6161	11224
6233	8450
10382	91147
4144	4548
4540	4710
6132	6156
4736	6234
81	7791
9798	27183
7415	56729
904	905
6678	7424
351	5443
4830	4831
8085	23067
2865	6288
3685	10857
8829	10512
3183	5094
6133	6157
5439	84844
9350	148738
8351	653604
6128	6231
9787	55165
7272	9700
712	7305
3192	10236
7840	57787
1933	6136
83597	135924
6173	6232
153	796
6047	9604
4513	4538
6207	9045
3490	6696
81	1495
1129	5733
7476	7483
2735	79809
6159	6227
23295	54620
695	3937
5529	6233
54960	129401
399	10144
6208	6228
6167	6169
5695	5706
695	6850
9045	10399
1909	2922
6189	6205
7458	8662
1778	4735
6129	6155
672	8314
6207	7458
3853	196374
54617	57634
10575	22948
4947	5708
830	57511
2243	5345
9919	149111
3866	144501
3921	6130
6207	7311
5023	84329
6709	11014
4519	4538
9341	23149
6170	6209
4582	10331
3017	126961
1816	3973
6202	140801
6231	9724
9371	24137
2935	6164
2956	6117
8925	197131
3640	53831
2064	85440
1329	1350
25836	29072
116	5739
6925	6938
54820	146057
51645	57819
5432	8450
701	1063
3619	151648
322	333
6142	6164
155	796
3340	375790
9870	26091
4853	6868
3169	55766
7272	259266
10949	27316
64682	84085
8544	10787
3320	5829
6601	55193
5861	10972
81697	344892
6154	6222
6707	126638
4008	79176
6159	25873
6169	6229
57530	100506658
6152	6168
3710	10235
4751	259266
6429	22826
5739	94235
521	4724
8351	8970
6143	6158
163	8976
6230	6234
4886	5733
51602	84365
6453	7311
11167	54972
1956	5879
8568	57696
1781	11015
22954	57630
6169	140801
2197	6165
6194	6202
27258	51639
2773	2788
5311	9727
50835	56923
5111	5434
3222	3225
999	3728
3619	79172
1665	3190
6141	6206
5439	80349
6147	6201
2864	27334
1129	4889
29763	51429
377	51014
3655	3918
2975	9329
8329	653604
3437	8638
4736	6218
1500	7409
2801	6709
699	1062
3837	348995
6202	6203
746	100128731
5948	5950
6144	6159
6168	6230
1994	10250
2733	23511
2788	22948
1981	6210
353139	353145
6231	114987
23014	55832
8491	10746
8260	79903
6124	6175
5828	5830
6144	6169
6129	6130
4940	10561
9126	9656
6188	6230
5001	222229
1277	7373
91543	129607
3912	54972
3214	3216
118487	219927
2788	2837
23028	57504
8449	27238
3937	55740
23	988
9037	23275
226	2539
9690	84231
5978	80012
1956	2274
6152	6202
1007	1013
28514	54567
4584	50614
521	29796
6164	25873
824	831
1522	8673
3308	3326
4160	104909134
904	9646
6176	25873
6209	9349
7456	10787
3909	3911
3710	8826
1783	22930
7155	8289
8976	54874
6157	6168
2206	5335
10869	63891
6164	23049
5707	64750
10236	23020
7311	54874
65264	89910
154214	221687
6144	9045
5000	7311
1107	23186
6154	6205
3156	4597
1983	6176
5471	10606
9277	51118
316	4837
6161	6170
3156	3157
6147	25873
857	284119
5516	151246
1063	3619
55720	57647
10540	91147
5430	9611
7311	140801
50835	259292
4008	7321
6138	6168
9793	203068
6138	6205
8673	10970
1902	63940
55759	84154
6152	6164
3921	6194
55215	64858
5718	8453
6155	6165
891	81930
3055	9564
50813	55884
9020	51330
351	5340
3483	3817
3017	8365
6130	6232
5023	8514
2773	2826
2153	3827
1933	6130
4738	7979
2491	5519
7514	54821
6170	6228
2033	5929
4736	6204
3486	11167
2817	375790
10274	113130
8334	8970
4734	23291
4751	10133
336	2266
3915	6714
4701	374291
10959	26286
10726	79172
891	1058
8349	121504
1783	6249
4116	6637
6139	6157
1063	23332
3912	84141
6159	6235
10236	10432
6138	6142
4940	10612
9277	65083
27316	84991
4509	4538
3191	10236
10236	220988
8568	51096
1069	10426
890	983
9984	10482
4508	4509
6133	6154
54575	54600
2932	5718
3683	5023
23295	84231
6136	6157
54996	64757
6158	6170
991	55355
6453	9341
6133	6181
1933	6141
10321	57554
6049	23304
5983	8451
6138	6222
1856	7314
1365	100506658
6160	6202
3376	6301
6176	6227
1601	8976
5702	5708
6143	6193
3921	6206
7153	9700
8087	9444
23014	115290
2788	3269
5928	10013
6136	6207
6142	6161
205	513
51	55825
23291	56995
120796	344892
3178	6434
5469	9282
1783	79659
55746	57122
8607	11091
6176	6206
5339	6189
1991	4332
3915	5621
7004	10413
2205	2206
3190	3609
5329	5795
10425	63891
9341	22836
1495	5819
6045	171023
5519	5903
1994	3190
57674	151636
6227	6234
2692	2838
54069	100526739
3185	5094
6159	6175
187	2359
6202	11224
8688	54474
6790	10112
6234	27340
6125	9349
7272	10592
23112	192669
5286	286451
10199	11102
23014	143279
3797	23046
57545	80184
6461	6714
5438	51639
3689	338339
6152	6156
891	29127
1387	10499
10489	84231
5725	10594
6161	23049
7314	10920
8337	85236
5432	79577
3903	10970
3122	5641
6168	6193
9410	22826
54555	57050
2491	55055
208	57148
10250	10291
1277	1291
5476	5834
2788	50865
5880	10298
6432	6628
22826	85313
5093	5094
1781	7531
4361	10635
4952	22905
2537	10964
10285	10713
7314	140739
8365	8969
335	5948
6135	6181
6117	7156
6228	9349
1938	23521
2197	6173
3695	8516
6223	9790
3181	10432
6181	9349
3912	10971
23304	56658
1991	8635
161	3482
8329	8365
2963	11193
6142	10399
6629	10189
6160	6230
5023	10970
4508	4513
6790	11190
3914	5829
3913	375790
1937	6125
6144	9349
23533	55361
16	2617
27	4690
6144	6208
671	1669
8945	80204
9295	9410
5717	8453
10576	55294
1555	1577
4161	7432
6125	6164
9886	84144
302	383
2305	9133
6923	51755
1058	11339
972	3115
1315	9276
9793	57551
6132	6218
3105	5696
3832	10733
259293	259295
6288	6357
23014	79791
9320	151636
23028	283248
990	5422
324	5519
6160	6171
963	10970
1781	10540
988	10592
2071	10920
10652	51014
6135	6230
6204	6228
6173	6218
3836	10971
55832	90293
6124	55629
6142	6181
4116	6132
8697	65264
2023	5230
635	29958
6517	84246
6188	6235
6128	6209
9493	29127
1933	6209
919	3123
9277	55131
6850	64170
3833	29127
867	5290
1116	5004
3619	29127
6133	6137
972	3109
6161	6235
6158	6193
2151	3356
5861	10342
9372	25930
10274	151648
7453	8565
23020	51692
5427	9768
6228	7178
50835	51289
915	3559
25915	126328
2359	5473
6152	6171
6161	6234
9055	10112
3685	64386
51088	51725
64781	340485
6158	6181
4171	11073
1432	5062
196527	326624
2197	6164
9738	347240
25929	50628
6836	22820
6207	23521
6229	6233
3354	51764
783	10369
8841	79685
5879	100423062
5054	5327
701	9824
6167	6224
332	64151
2873	8945
22919	54821
5433	6426
6207	25873
6122	9045
1670	1671
996	6233
6233	8290
506	8802
9585	24137
3683	5795
10540	57545
7021	83741
5610	23118
3113	3119
4057	6709
8648	9282
6136	6173
6222	6231
3364	5810
5422	10714
6157	6222
6135	7311
9212	83461
2621	10272
9700	57122
6181	7178
4709	4724
3115	3122
2207	6556
2322	6688
23279	23332
397	5880
53831	441864
96459	201163
3912	11167
6173	25873
2214	2215
351	6370
3212	8338
1387	6667
2209	6688
996	65264
7454	10458
8356	653604
9133	9833
3148	8971
6924	22916
11322	55754
8976	115548
1062	9493
6155	6232
4519	4541
3215	3216
8945	23014
6201	9045
6136	6161
8128	8703
55850	113220
23431	27131
65264	143279
51465	84447
3190	9128
10802	10960
4584	4588
338	4036
990	63967
9636	23586
6139	6193
11130	79172
9126	23063
6130	6154
3181	51593
23223	64318
6175	6218
3609	10236
4538	4541
6158	7311
3308	9631
2804	9276
23279	55746
2107	6173
9136	84946
6626	51593
332	10112
1453	6229
624	6755
2840	4986
6130	6218
3071	9564
3394	6688
5516	6249
84231	197131
84078	89890
7311	8453
409	950
3672	3696
1017	84515
3886	8687
7200	84634
1969	2268
3355	5733
7871	8428
5516	5714
4116	6222
776	786
6157	7311
4697	4708
3912	6714
6667	23248
6125	6201
383	671
6138	6230
6241	9700
890	9787
23168	56254
5196	56670
6164	6188
6161	6175
155	6343
890	151648
991	10112
695	5777
3683	3685
302	23197
197	2266
6208	6227
991	51676
4508	4519
6175	7178
896	6776
6222	6223
51143	348995
6232	25873
56902	84916
160	1601
3685	84329
940	3695
3433	10561
3191	27316
5693	5700
3190	7536
23332	57551
8697	11059
6209	6218
79865	340205
4707	4712
90550	91689
4993	344892
9739	23067
259	3698
991	9133
55008	151636
10051	23244
1398	7525
89910	90293
2800	9827
6209	10952
566	5657
6233	55669
3422	4597
6173	6228
6872	83860
514	4695
4736	6122
2197	6137
5347	29127
378	10959
1453	7532
1634	4060
2033	9757
6714	375790
91	92
7874	56655
51116	92399
9738	132320
9887	23381
2912	4889
270	3704
945	2207
65055	138883
3973	104909134
5706	51053
335	338
5660	55970
81537	259230
10189	29107
9879	10949
26224	84085
2197	6205
6135	23521
1088	170482
2918	4985
6133	6146
6164	6218
8514	22918
23521	56915
1933	6205
57191	400720
51264	57129
2767	5599
4952	5286
5516	5711
6400	27248
3123	54331
4102	158511
894	3065
10767	22894
6138	6176
8453	89910
2847	6752
55125	55755
54778	57542
9276	10427
7324	79876
6161	10399
6619	10623
26519	26521
57551	79172
4512	4541
988	3837
988	10767
1908	1910
251	152330
8065	9354
6227	23049
10523	27316
6165	6229
10250	84950
6130	6152
9666	143279
2916	4887
1956	7311
6133	23049
10900	284069
9739	9757
6601	8289
3673	3912
6708	11280
6175	23521
9702	22995
4734	26091
6181	6222
1500	7082
26235	90025
9870	22954
6147	6235
156	1902
6137	6206
3673	4233
5439	5451
4707	4724
6428	10946
2064	5782
26268	56658
996	1912
1329	4726
6194	23521
2788	2863
251	137797
100	4907
2358	23601
51429	152503
51510	51534
6157	23521
2048	8976
857	3688
2189	7517
6233	10618
51715	326624
6146	6189
871	1303
8976	51429
6128	6233
3685	3688
50831	50832
4033	5660
1287	5155
1933	6169
4171	55388
4599	4939
335	4036
53905	405753
8175	10992
3320	7415
51491	55651
56902	88745
10285	23350
6135	6176
701	7153
6206	140801
2081	7494
111	799
6144	6218
1803	59272
2833	6346
4508	4536
6193	6232
5579	9564
23047	55143
4710	4717
3361	9290
5528	113130
6129	6206
2561	2566
6139	23521
6189	7178
3491	84141
6160	6218
4540	4713
4738	6635
988	5983
5660	10970
3192	5093
1060	348995
6141	6228
5725	23020
3074	6386
3675	375790
51143	113130
7311	8450
1937	4736
411	153642
3355	6751
6175	6206
5868	11021
5054	5329
2597	7167
6133	6167
967	25798
6147	6169
2255	143282
991	22974
7840	84902
6144	25873
3921	6152
4725	4726
4700	55967
4999	23595
4666	6136
1908	84432
4541	4712
6169	6218
9276	11070
468	57761
64386	79895
419	390243
7311	9856
6233	154214
1000	10970
1303	55214
26268	56995
11064	27077
6626	10523
5693	5705
6136	6232
2517	2990
388	397
6188	11224
6168	6176
10413	25937
51289	259287
1062	5516
2054	8673
3646	26986
1812	51764
8351	121504
6385	7852
54998	118487
389	5217
6136	6201
5903	25909
9833	51203
6210	6234
1445	7525
6136	6208
27043	27340
6635	23524
7032	7033
1116	10394
8453	84085
8600	50964
197	335
8976	29763
10298	375790
4670	11338
991	24137
3978	4173
1783	25839
6181	6224
1173	29924
3105	3135
6164	6208
4514	4536
2242	6237
890	1062
24148	51340
1457	1857
2922	3061
10236	10949
3619	23047
891	991
9787	24137
1291	10536
3915	59277
6176	23049
1445	2213
56923	259287
2491	9793
9126	25936
5700	10213
5516	5707
4173	9126
7311	154214
6635	6637
6204	6209
9972	23511
4689	653361
899	140460
1495	4233
6176	6727
3685	6385
389	94134
248	6975
6157	6205
11103	51575
6201	9349
2962	4298
6036	8635
2177	2189
4514	4538
9879	51690
6182	51081
378	51014
4171	5422
6124	6203
5981	10051
1350	440567
9295	10250
2695	5741
55831	56851
399	23526
6208	23049
6136	9045
1906	6375
6747	9789
6152	6223
9459	29984
6201	6222
6161	6218
10693	55135
2912	3355
2896	81567
5330	60675
5879	90627
7316	83752
7311	151636
8729	9276
6154	25873
727	50835
53917	201475
1287	3685
830	5048
3937	7454
378	11014
3376	4141
3213	8338
22794	348995
680	4829
3998	22872
1969	2050
1084	138050
4638	4659
84541	93611
259292	259295
22948	84790
6218	7178
5000	5558
4519	4540
8021	55746
627	2247
6235	27340
111	1812
1268	64805
4288	10403
389	9411
64750	65264
9459	64098
3673	3691
2491	54821
6137	6204
6137	6228
26338	65055
6154	6231
79659	150737
4436	7520
5707	6790
6139	6143
3111	3122
6189	11103
7038	7173
3185	4670
4131	5048
7158	7311
6156	6224
5347	54820
10963	22948
1062	3619
6201	6210
6147	6223
64682	90025
3912	11098
3659	7706
3702	9402
5868	5869
1084	338339
9887	11224
8615	10959
6130	6176
6737	283807
2767	9002
3911	3918
123904	146183
4690	10152
11065	64151
23160	27043
2033	10847
7311	65264
3799	55605
5469	9968
9320	57154
23160	54881
1241	7204
79172	348995
23327	51088
8341	8970
6428	7307
2071	6873
1749	1750
6193	6228
5872	5878
142	5981
6158	6168
6223	8562
4686	9879
4700	4708
1386	6602
4718	4728
27237	29984
22984	84172
9604	9867
55166	57405
1058	55839
1660	51729
6203	6206
23524	51639
1455	2810
841	1281
6132	6167
345	4036
9870	64219
1453	3921
11073	84126
58191	63940
7098	7311
8945	89910
2033	23067
1063	4288
6223	6235
6158	6233
3190	220988
6157	6175
6157	6165
6159	7311
5878	10254
1133	7200
2803	90196
29093	118487
6176	6229
1544	3620
5905	23225
26589	64928
6869	64106
10952	25873
6155	6230
9655	57542
9212	57405
84946	88745
4057	56729
2956	23028
5879	375790
2186	8467
3688	6709
2521	5725
983	2491
8365	85236
11218	23511
6133	6135
6203	9045
719	8895
29984	64333
5880	27237
4298	6830
1364	100506658
6164	9045
387	7094
11340	23016
2967	9646
6168	6229
6205	6234
7334	55294
4686	9128
2033	7874
6210	25873
9276	9632
3190	5094
6143	6228
9632	22872
2865	84432
6142	6165
705	56919
4173	5983
3075	3078
4116	6202
11190	57545
9510	11096
8514	79895
3921	6232
6428	7919
6124	6194
5004	5005
2131	375790
8453	55832
1325	2847
3320	10808
6714	10718
1933	6218
11224	140801
1173	2535
6135	6234
3309	29927
1173	24137
4736	6137
10075	54620
2535	8324
1783	6711
4670	5725
64114	196527
6202	6227
25897	27252
60488	116540
3111	3115
6228	9045
309	493829
1329	4701
8334	79019
1717	6307
9341	10254
3109	3113
6772	23586
10153	79954
64318	84128
6429	10236
1500	4646
4620	8735
6165	6189
6159	6203
3911	3913
3054	25942
3303	9531
8243	10274
163	5878
1062	57551
344892	390084
6176	6228
4116	6168
3133	6890
6667	25896
4539	4712
132112	392309
1495	5781
1981	6154
6209	6232
28977	54516
6829	54623
6144	6164
7514	9126
1033	9787
6189	25873
399	445328
6136	6227
6157	6203
1981	6218
6637	23524
2185	3685
6135	6139
51023	116540
2197	6230
6122	6168
1854	7298
3071	5747
932	3689
6461	9844
9716	10250
3662	4940
50832	54429
26146	79659
23244	55746
3178	220988
5558	10926
10885	55127
26046	197131
864	7004
1794	3055
7514	57122
991	1894
160	29924
8334	8347
6173	6208
4940	10964
1994	10594
4666	6202
83540	259266
6152	9349
8886	84916
377	5861
9416	55660
10413	60485
29945	84108
1676	3837
6168	6727
4736	6138
51429	115548
5878	54885
5347	10112
6233	80351
6202	6230
3375	7253
163	8027
23160	84128
9968	23186
1233	94235
2197	6175
6182	55052
6202	6204
399	9938
5433	8085
3827	5345
3433	9636
1915	7178
1500	1969
988	10403
1793	6714
3980	6119
25942	57690
3843	55705
9320	10075
1088	23601
6143	6155
7337	26046
10713	53981
9787	22974
8568	25926
5528	11004
999	4646
23325	387680
11202	25818
8568	22984
80097	653784
1063	24137
6193	6208
5829	6385
5048	11190
887	4295
54874	115548
79954	84128
1660	9128
4069	6037
4254	5777
1080	2147
6133	6164
29763	54874
2968	57804
2967	9015
84163	389524
3619	10274
988	9219
377	10749
102	1499
3832	54892
3115	3119
6158	6228
2799	5834
6232	57122
6160	6181
6136	6147
1956	2247
3111	3119
6142	6229
5599	9043
10489	54778
50838	51289
6218	6232
6709	56729
1088	6556
10283	23398
1915	6205
23244	23279
3190	10921
8065	83737
1981	2197
6242	30851
130340	152503
10693	22803
4736	6181
2268	5829
10959	55605
25885	55720
7434	122876
197	2153
2916	3351
26589	28998
2266	3827
6135	6159
5829	7430
6135	140801
4540	4726
6135	6208
4709	4726
4116	29107
7979	9978
5868	9341
6165	6222
134	6376
1462	3915
10112	11127
8843	27198
2792	4985
54820	57787
2197	6160
79019	85236
23291	89910
988	3839
3434	23586
1495	3801
6135	6157
4670	220988
1329	55967
4736	6232
6142	6233
4948	7299
65055	219438
5441	10980
27	1398
6168	6233
6234	6235
5930	80204
1457	23411
5204	6637
2058	4141
8581	10232
27316	220988
23471	60559
10921	23293
9320	10489
10857	64386
351	5330
5435	5441
1605	55624
5878	10552
2222	3157
2784	3763
8449	79869
6625	6626
1435	3490
7317	51343
6672	79097
8334	8969
6158	6230
6202	6207
1559	2326
6128	6201
5707	126374
2058	2617
7516	11073
320	5864
2185	5829
5609	5879
10857	84329
6139	6209
6164	51187
25831	143279
3267	10618
1577	54576
1660	3192
5518	6133
6129	6222
1832	3728
6128	6229
10733	163786
3312	3596
4887	346562
6173	6227
7311	23118
156	9002
6181	6233
9690	221687
6157	9349
10250	22794
2348	11316
5880	9138
3688	5747
6135	6170
2635	5371
351	83706
9343	23020
2197	8662
163	24137
6678	7057
3178	3192
2034	9314
5870	7110
5707	7415
164	2799
393	5879
6168	6223
6188	6203
5557	54962
988	6601
399	7984
1555	1557
3185	5725
6233	9045
9183	22919
6143	6161
6154	6209
10199	84946
22888	51343
7514	23122
1282	10536
7311	11224
60	10094
3434	5610
6790	10383
5829	55742
196883	285601
6138	6173
3565	3567
7311	115290
2792	343172
9416	53981
5330	8477
6161	6188
462	2159
5795	9522
6189	140801
8514	9522
8615	100302736
64981	116540
6135	11224
80321	121441
1813	5443
1315	2804
6129	6170
10112	11113
5422	79892
10342	81562
2888	5584
6217	6232
996	9320
10403	51203
4712	4713
8907	23396
8295	79595
2917	9934
10885	23404
27292	55781
107	2775
5929	79269
1017	4999
2147	4295
23291	54165
92104	150737
84131	203068
6233	158506
6138	6161
5438	84844
10574	63971
6133	6235
7514	23244
6234	23049
6133	6170
2695	2792
6233	9101
7311	23049
25804	27258
4734	9320
6175	6223
1810	55689
6205	7311
7153	57122
23601	57153
6139	7311
2767	29933
1639	3326
6208	6224
6167	6223
23279	79172
5435	6634
1793	3071
6518	84329
1956	5829
6137	6235
2519	51816
1911	57504
3832	51203
143502	285093
1857	27130
6156	6229
10013	51317
2204	2207
10890	55667
867	50618
2683	5660
641	6118
3200	5438
6288	6863
4343	6714
6124	6222
54885	152503
2537	4599
9277	51010
6227	6233
1915	6189
7321	23198
1350	4695
6193	6233
1601	8027
6228	140801
3903	8514
3921	6135
6429	84950
6194	6228
1515	3122
6748	90701
2197	4736
23585	54741
57082	348995
514	10632
9283	51764
3713	23581
2782	26086
6135	6158
1289	7373
2168	3158
6515	144195
2197	6158
3889	3892
3852	3868
10254	51652
6635	83443
1994	9343
8697	25831
79867	91147
5529	23279
1195	57396
5528	51143
6237	10371
55839	79023
2967	51755
9491	200734
3918	9459
4707	4717
6164	140801
7311	55008
4710	4715
4735	23322
6189	6230
5685	5706
4148	11098
274	9341
22930	25782
344892	387748
6157	6235
1783	54821
5829	7852
9462	64926
388	117289
10749	23046
3362	53831
1991	5199
858	1956
55904	58508
6426	10949
29945	64682
3799	29127
79600	80184
5562	5571
9793	22974
5111	7027
1956	8976
1933	6227
64761	83666
6830	85403
6635	11157
8560	196527
3115	10346
4707	4713
389	29127
1499	5708
2207	8514
399	57522
6157	6230
6138	7311
8329	8334
4116	6152
81930	151246
9329	10621
5708	51330
351	3491
4793	5714
9730	23304
5699	23198
1511	1991
10236	11100
23279	51692
5610	11274
1857	6233
2773	29899
6208	6218
6432	10946
4627	5898
5861	11015
9883	51692
4173	84296
3107	6890
4736	6144
6201	6233
3882	8689
6169	9045
6170	25873
29889	51154
4173	8914
335	3827
80224	374291
5310	9727
3071	6461
1781	5861
1069	4867
163	9322
10762	84271
394	9138
2197	25873
3912	5879
6129	6138
3607	55252
226	7057
5879	7456
6624	51411
9716	83443
55236	197131
389	64333
3655	3675
27043	57647
3635	5777
338	1080
10577	56729
6142	6144
3832	4288
2033	27327
25831	57154
81	55243
6124	6160
6139	6210
1329	4712
3491	3912
64979	118487
10112	64151
6154	140801
6135	6227
4793	5704
3084	85440
1937	6128
6137	6175
799	51764
3937	7409
5697	6376
6133	6143
8351	126961
6128	6227
1387	27327
6189	6218
57413	59340
917	1759
22936	64859
1315	23303
3797	79659
6205	27340
338	5948
4512	4519
55055	81930
2521	6421
6788	6801
55166	387103
2064	9475
51264	51649
6164	6209
6207	6235
4116	6169
197	51156
701	113130
7204	55970
2036	8573
8636	11258
6201	6224
4172	10036
5695	10213
6599	6602
3326	7415
7421	11198
54657	54658
9416	10236
1937	6228
5707	7321
151648	220134
4543	4852
6754	50837
6147	6170
6208	7311
50506	90527
988	55770
6130	6144
113130	151648
2185	3688
5715	11047
1062	54821
23511	55746
5438	5440
6175	6208
23517	134430
5149	54714
9611	23097
10540	51014
3913	6714
1290	5351
1329	1347
1854	4174
705	9277
6138	6203
3320	5747
4736	6142
4736	6210
4173	6240
945	10857
10262	10992
4736	6171
6233	11059
6147	9045
6714	57670
3303	3320
3915	5954
1665	3191
6142	9349
5880	6453
6138	6224
5869	9341
2305	7153
891	1033
9887	51065
6147	6210
1956	2064
4495	4496
2692	2843
9181	29984
993	84126
6164	6165
6170	6727
5879	64333
6500	7314
89890	90025
351	1524
5708	29979
1230	2790
28998	65003
2244	2266
2521	3185
399	5879
1337	1350
2064	5599
6637	11157
25879	56902
5584	55243
988	4173
1277	22801
2817	4035
6625	51593
719	58191
5694	7314
6160	7311
6136	6152
6157	6228
377630	401447
53354	60490
6122	23521
26190	51122
5829	7534
890	9824
79600	121441
10693	63971
983	11130
8453	51122
974	1445
55662	80351
675	27030
8655	55839
7005	10413
6209	6228
87	51097
966	51014
778	783
29118	63876
79895	338339
9570	22872
351	27242
7327	8925
3113	3115
2935	6160
834	114769
983	51053
3433	8638
6205	6229
811	813
3921	6136
5528	9700
1453	2197
5861	10890
5501	9700
440	2617
185	2862
377	9371
9133	51203
6202	6229
6144	6193
695	974
9341	115548
2026	5315
1778	11014
1829	1832
6130	6235
1778	2801
6181	6228
636	25782
6135	6233
9927	55669
22849	246175
8450	51122
5338	11145
7706	57506
1290	1303
6209	6233
5885	286053
553	680
3672	3685
7041	7414
1387	8085
6169	7311
6993	10755
399	80728
983	6502
6222	10399
1717	50814
22919	22974
4626	8735
472	5429
6130	6222
8347	8969
6160	6234
2524	2525
4839	6156
57405	151648
3897	284217
521	4726
1778	121441
79867	84902
163	7311
6136	6164
117	122876
79861	81027
728	50835
3135	3805
26470	253982
22954	23291
88	4626
23047	151648
4116	9349
6235	23049
2784	4985
51692	80335
259287	259293
6156	6230
6232	7178
4509	4536
55819	92591
10112	24137
11118	11119
10693	84617
6129	6189
55339	84271
4700	29796
833	4141
2197	6156
1983	6133
566	1511
6944	81611
1981	6202
6146	9349
5903	79172
10458	100423062
10952	11224
6132	6222
6173	7311
2792	10563
6229	9045
7337	23291
4735	91147
57154	154881
6125	6161
65993	124995
2803	7110
4926	9793
891	9833
2892	2903
332	151246
5528	5702
2935	6229
329	7316
6130	25873
2023	7167
6144	7311
831	5829
51	5194
1856	29763
3015	387103
9341	22905
3543	7441
10885	65083
5829	9564
114	2492
1595	51478
4927	50628
640	7525
6206	27340
3190	10594
8337	121504
6169	6173
374	2069
60485	84962
23279	81930
3655	3912
10618	23431
1933	6157
54069	64946
6142	140801
5516	51400
3672	3688
6181	23049
5747	9564
5290	5781
5695	6500
4035	5159
23354	132320
6160	6164
10890	11021
720	721
990	55388
8697	142689
6125	6203
4221	11168
6152	6231
904	2967
55872	64151
7536	10250
5705	5718
6130	6203
9551	55967
10236	10594
10199	84128
9739	23112
3339	3915
1669	8993
6206	6218
2935	6122
516	26521
1793	5747
1241	55970
1462	10082
8993	10394
513	9377
5443	6370
1950	3671
6142	6167
64410	80176
27097	79595
1994	220988
6430	27316
1337	27089
2934	51411
2803	5870
5747	10787
1665	4686
2099	9687
4233	6233
6128	6143
7416	10165
64386	84329
3074	5476
7175	55746
683	94103
5950	7276
6147	6205
3685	5023
8365	126961
6202	6232
9341	10652
2813	55350
6125	6202
4116	6633
3309	9601
6772	6774
8689	54474
394	7204
11014	51014
2623	10661
7311	54363
51650	64983
23275	23509
2784	5741
6122	6193
9156	51514
1004	1016
6209	6235
3071	10552
7469	9656
336	51156
4035	10082
53905	90527
1495	5584
301	9002
1576	2326
55755	347240
1933	6207
126006	729230
9184	57405
51203	56992
695	3635
6829	55726
5094	23020
3437	55601
6363	10563
4540	374291
3055	3572
3675	3683
10193	10489
6158	6203
2125	3728
4535	4539
56995	84085
2318	3688
3895	5954
2770	5599
1650	3920
2243	3827
11103	27340
941	942
7316	150726
6154	23521
3659	54739
3013	8351
699	6241
6168	140801
5929	6872
8945	11059
3312	129401
84962	121441
6133	6202
7153	9824
6790	29127
9126	55746
6122	6128
11100	23524
991	995
6233	221937
11338	23511
8027	8301
6194	6208
5529	5903
5328	10396
79050	317781
3914	4233
23244	57551
84231	140460
4050	7124
4707	29796
6175	6189
87	5879
2804	64746
1656	80153
1088	160364
6147	6156
84676	140456
6885	23118
10291	27316
2107	6137
6124	6133
2792	26339
10466	10618
226	5230
3190	10432
6205	9801
9793	79172
6426	9782
1337	9167
2153	2244
9787	10592
9133	9493
1289	5118
3832	6240
4509	4539
1763	10714
6155	6167
5705	10213
6222	23049
7984	29984
7414	8993
1662	9136
6122	6137
5179	5733
3339	6385
1536	653361
6170	7311
6130	6138
6863	84432
1829	11187
23332	25936
3191	10921
6209	9887
1933	6222
64979	116540
11015	51014
5516	10213
6228	6232
6142	6147
6632	57819
9636	10561
153	6343
1908	23620
301	2776
1942	9564
6223	23049
1116	1669
9742	23059
8322	9341
639	3662
7766	10155
57678	253558
6130	6139
6181	140801
10285	10914
6189	6194
6161	6222
6143	6168
6168	6231
6235	9887
9553	51264
28981	92104
1994	11338
9343	51692
3017	85236
6169	6224
6130	6136
3304	6233
23095	24137
57122	57551
6203	23521
6142	23521
11184	27071
55143	57405
830	10652
2768	2776
11065	83461
3685	375790
9277	10153
1605	6714
6230	55272
1387	8648
811	3309
2962	27238
1453	6230
8085	26523
846	5737
5870	57511
2821	7086
79980	113130
2147	2159
23398	23517
2185	6714
6170	6229
8573	57669
11127	51014
6165	6181
273	8673
6155	6181
6124	6158
1453	6235
3664	23650
1285	1286
11113	259266
6170	9349
6137	6138
6147	6208
5609	9181
10426	55755
9076	24146
54998	64976
5700	5702
344892	390275
5695	51330
1292	7373
1398	6461
6176	7178
2197	10952
6167	9349
55003	55299
1981	6175
6231	6233
1439	5777
6142	6154
3071	7456
51071	126133
988	6605
9228	9378
226	5223
9564	54518
1667	1668
4171	10036
27327	84441
3163	5023
5725	10492
9076	137075
6159	6205
6158	6206
1063	5347
6633	6637
109	10681
3184	3191
4736	6205
5867	5874
10970	11001
8807	8809
6189	8562
1879	5079
26589	51649
5872	23265
1453	653784
9341	51429
3675	4233
7320	9604
23586	54476
6222	6228
163	6453
23376	142686
226	2821
6160	6165
6128	6204
10236	10946
10857	10970
7044	51097
1645	1646
6146	6164
9700	10615
7337	55175
1453	10427
1029	1030
2847	4985
90	659
1894	10112
222487	338339
6142	6152
6161	6165
338	51156
645836	100287238
4986	338442
2073	4331
6146	6218
6203	6224
6233	23168
11059	23291
1350	4726
2792	7434
891	7314
9133	9232
5519	5781
1121	326624
4141	8565
3921	6234
50615	59067
4717	84833
6139	6189
929	7097
9533	64425
1241	56413
8907	10053
3071	10458
391	394
23076	55131
4701	10975
6160	7178
2814	2815
156	2121
6363	6752
5170	7249
6164	6217
8881	26224
6142	6168
6230	7178
5519	10274
1495	5795
1445	5829
1991	4069
3376	8565
1915	6147
3422	4800
3832	3833
3105	3659
6745	6747
5879	8976
8453	26043
147	2150
2033	23774
990	996
5868	64145
1350	7388
6138	6141
1839	3976
8322	8976
332	1063
2197	6210
988	64682
6234	7178
1778	5861
6189	6229
9276	64837
1063	3832
4695	4725
4736	6147
345	350
3897	57698
6133	6230
56165	136991
2801	2804
8349	79019
10427	10484
5869	8027
4540	126328
338	2262
9126	23244
9700	29945
9126	9700
3017	8329
5584	117583
23291	26091
4116	6206
6130	6206
1241	29933
846	3357
6173	6209
3054	6872
5747	50807
6175	6209
10484	126003
7311	55914
9371	23095
6122	6176
6175	6201
6453	8322
6147	6161
988	6596
6210	9887
3918	375790
4069	8635
338	4547
127544	154881
6176	6181
1387	23097
5179	6751
6233	22954
109	53829
1605	84892
10969	29997
988	51645
6133	6189
6168	6204
10403	81930
5439	9978
5861	5878
336	3827
7311	114987
1656	27161
10403	55143
6130	6223
3559	3560
6202	6235
3579	729230
6155	6227
3119	3127
4709	126328
6160	6235
27089	84833
8329	85236
973	29760
55737	58533
4700	51079
1175	5878
2048	5998
6189	6217
6142	6157
6154	6208
6605	55193
2207	199675
4288	6241
288	6712
6132	6168
968	3916
9918	10592
1604	54732
9700	9793
3685	199675
6144	6147
6147	6209
2305	22974
65264	90293
1665	23350
2770	5747
6158	6194
4700	4709
4641	9371
6124	6138
567	3107
8729	9570
6130	6170
10714	80010
22863	53632
57187	65109
9349	9887
1557	1576
6168	6181
6122	9349
8452	26091
6181	11224
2790	7852
4513	4514
891	9232
6827	10302
108	6750
4696	4710
324	5699
1291	8974
996	1017
6189	6227
3903	10857
6230	7311
4116	6201
27316	51692
1398	5781
6167	11224
9904	57647
1994	9716
685	1956
1981	6146
1457	25942
891	10112
5747	7852
5116	23354
5688	11047
2537	10561
5432	27125
3491	3895
54820	55143
9246	54778
1398	11184
5707	10383
11245	55970
8243	23332
3185	23283
4585	200958
1537	54539
226	2023
5347	11190
6158	6208
6233	64410
7317	89890
10096	10152
1738	6470
6135	6154
1478	9128
1981	6168
7311	8290
996	6790
2966	728340
8542	84141
3240	4069
1394	4160
10902	54617
3354	11255
9793	84902
9320	55236
3184	6434
3113	3122
2792	5741
6136	6156
54908	55055
6228	27340
7450	54756
8243	9700
1495	8394
8514	10857
4208	5533
1933	6188
3687	441864
6170	6173
50838	259293
6135	6207
9416	51692
6155	6168
6130	9349
1981	6160
3549	6469
23304	57531
6194	6206
6194	27340
274	1956
51676	115290
5829	64098
1291	55214
1111	4361
6169	23049
10813	10885
8698	59340
2519	11098
10193	54778
6632	6636
6193	8666
9138	55970
6810	6814
375	22820
9276	9371
54620	80204
6161	6209
3875	3880
54908	151246
1915	6144
3482	22848
514	4694
1910	2865
988	3843
332	7272
6227	25873
1453	6210
51289	259292
813	7184
6139	6205
6129	6168
64106	347148
6158	6161
1233	56670
3675	5328
3915	7402
518	521
3304	3320
6233	143279
55003	84154
4736	25873
10484	81562
7472	7482
891	1781
6159	6164
2767	7204
55131	64318
1058	10112
6193	6222
9787	29127
522	9556
6173	6201
4116	6146
1457	10051
7311	9666
6134	6202
8341	85236
6827	51755
6142	6155
6453	51429
55131	84128
8301	9341
1983	6175
9969	23389
1816	4160
595	5707
5970	23291
6125	6228
2197	6235
344892	390067
9867	197131
5753	6725
10640	55770
1915	6204
6135	6152
3921	25873
3008	3024
9551	84833
1282	5033
1991	6037
7057	79875
5023	326624
2266	2719
23327	79176
6714	7402
6156	6176
344892	390061
3458	6775
9844	10787
7082	100506658
3912	3915
6698	353135
5954	51280
10396	25798
671	3240
3683	84329
7320	7322
1398	7409
3178	6294
2150	2788
629	4179
988	3326
4696	4718
6233	23586
675	55215
3921	6157
4736	6157
7328	23608
4069	5199
64318	79954
8648	9968
8698	55970
6217	84916
2790	2837
6709	6711
4233	8976
1660	23020
1642	11091
79867	80184
5528	151648
6204	6230
9493	11014
6168	6232
6201	25873
4736	6129
2033	23013
1933	6203
643	10803
23309	27327
472	84464
4088	64750
28973	51069
3837	55706
4343	27327
5788	7852
10919	29945
4116	6635
8886	84172
23608	140462
3396	6182
988	7112
102	813
3184	51692
9320	84085
1783	11014
6167	6188
50848	57530
6128	6206
5196	5473
6601	9031
6161	140801
4172	11073
11102	134430
377	1781
7311	83987
9793	23047
3191	7536
3433	3434
3685	4240
9787	10615
6167	6201
9126	23279
9816	9875
4303	5901
7852	9564
1062	81930
1511	6036
7097	7124
6184	58477
6122	6209
6241	64151
2960	9412
10713	11325
6455	8673
26290	140453
6135	6210
344892	390081
471	441024
3192	5725
4714	54539
336	5948
6455	23149
10324	51666
6205	51187
1981	6235
933	974
7862	54815
988	3987
2033	5451
55294	92591
988	10059
3921	6175
6168	6234
6155	6231
5657	8635
5599	6272
3434	9636
6176	6203
4924	5589
1129	3355
3185	3190
3214	3217
1994	9416
3953	6774
6167	10952
6122	6161
6176	6194
6142	6193
5930	55294
3084	5781
7037	54885
3920	80331
6132	6201
6137	6208
6152	6218
9318	11275
1315	84516
2833	83756
26123	79867
3685	3915
1783	2491
389	114793
6169	6194
6790	55165
22974	24137
10885	54881
6176	6202
2683	84061
6500	9134
813	5954
111	51764
4586	4588
890	64151
6319	6720
3978	4172
153571	153572
1956	3084
2071	7314
6205	6209
7316	26986
26005	84902
1856	27130
6430	220988
6223	6228
988	24137
115106	440145
6157	6194
1778	3831
3688	9564
6170	11224
6147	6168
6667	26512
3017	6688
5440	80349
2800	2803
3619	9126
6233	10818
10155	90233
1938	6122
11004	24137
1340	1347
2305	5518
55832	154881
1292	3688
3355	4889
163	274
5436	6631
9276	51014
23601	170482
1910	84432
4969	11081
6175	6234
1915	1937
9700	151648
6143	6160
11004	22974
4710	4728
833	2617
1337	1340
11004	259266
6613	7341
6373	10563
1293	1300
6688	7305
10403	10615
8767	11124
5829	6461
891	81624
2792	391195
1559	1576
1137	1141
9183	113130
102	6556
6147	6202
988	10236
9716	51692
2735	132884
5861	10749
7283	27175
988	9774
6233	23049
3437	23586
6136	6233
1173	10552
8334	85236
5431	9879
175	2805
5501	25936
26168	27043
22905	115548
6165	6208
9969	10499
643	9294
10592	259266
350	462
4736	6128
7321	65264
79869	84248
1129	5173
2185	5747
1981	6223
146	2846
10965	55825
3685	3693
4736	6189
1365	1366
1915	6228
892	9477
996	5707
4584	192134
7756	64149
2867	23620
6181	6201
5829	6709
1880	3579
26589	51264
1058	9133
5329	11322
6189	6209
1495	4301
1062	23095
3240	5199
389	2064
1778	6709
580	10714
152	2916
8349	126961
25873	55176
6205	9045
6124	6193
4952	8976
3066	9014
701	221150
6129	6133
10051	10403
3640	387129
6165	6234
7337	9867
813	10130
3832	9700
6138	6144
3673	3675
9527	84516
6168	6228
3678	3695
4738	5695
4771	122786
65083	84172
1445	54845
1161	7518
1665	3192
3675	3685
1050	7124
3308	55706
23332	79172
9282	9611
4736	6164
1956	2059
3832	10592
890	10403
27198	338442
4736	6202
8347	126961
29984	171177
26091	65264
4288	26586
4514	4519
3015	8290
2358	53829
1983	23521
2147	2266
6711	10466
9039	10293
6602	55193
10193	197131
6147	7178
567	3659
5558	8317
10970	196527
4541	4726
3433	10964
6169	6176
2197	7178
55872	157313
1653	283742
6137	25873
3109	3123
1308	3655
3107	5696
2268	2817
2185	5781
1857	5528
23046	51014
26284	64965
7514	55055
5432	11051
9844	10458
3689	7305
4889	6751
3619	9793
966	11314
1781	9657
6194	6234
886	3061
6133	6224
5346	400569
4016	5118
6202	9045
6635	51690
6793	10857
6201	11224
4800	6667
5624	10232
3107	3134
1500	5880
6154	6230
4343	4853
8178	55840
5331	27334
6188	6227
4718	5284
6139	6169
26173	79034
7532	26123
353137	353142
55142	203068
6432	220988
516	10632
6156	6233
55755	57787
9883	10898
4361	63967
5435	84844
6143	6231
6232	7458
6133	6209
6147	6233
23218	196527
6233	55670
3675	3918
6167	7311
1650	7841
8106	51593
22856	55454
2993	2994
7454	8976
1043	7512
3093	27252
6204	140801
3115	7535
6229	6232
6222	6230
6168	6189
1601	6233
2935	6235
23014	56995
10381	84790
6631	51639
6203	6204
302	10577
26091	64750
10121	10844
9551	10476
6233	7186
9793	26005
6141	6159
6129	6160
5438	83443
4584	140453
4717	4718
4602	5432
6152	6230
6139	6181
3882	8688
6788	26524
4736	6155
60560	80018
2982	2983
891	3838
6159	6173
3837	9631
8767	23118
6129	6233
6138	6206
6209	140801
65003	219927
64792	150737
187	5196
28998	51264
5747	11099
2274	6281
6233	9927
779	27091
778	27091
1557	1559
8453	22954
5424	5591
90480	116541
10142	80097
2033	9967
22984	26155
5501	79172
1783	3799
9730	84085
6124	6128
9585	10112
55582	55614
3309	51726
9700	64682
3312	8871
7322	9867
7316	11001
3184	3192
6129	6154
8514	11314
6144	11340
1943	2046
2641	10203
6189	6222
2769	5330
6185	6729
1307	50509
3913	51280
3594	149233
4173	79892
197	462
4514	4535
6171	6228
6774	9021
3006	8337
10970	11322
6136	6224
3655	3915
8875	55350
6144	6167
3434	4599
2817	5673
7783	11085
7178	25873
1660	2521
3852	3860
778	779
1439	6776
3915	4811
6164	6206
3189	9987
399	6453
5094	84991
3854	9119
6161	6228
251	23627
1387	4205
2633	2634
1329	9551
890	29127
5435	5451
10427	22872
6139	6159
5335	10818
6133	6147
8356	440689
968	5878
6235	25873
5393	51010
9276	22872
8290	121504
6175	6176
3688	3913
1717	3157
6138	10399
3304	3337
6160	6210
6233	6235
353132	353133
10403	64151
4998	5426
2197	6229
6233	23014
7337	9730
6139	9045
5435	5439
9742	26146
4736	6156
399	84144
8689	286887
4686	23511
5441	6629
4694	29796
5777	7409
55175	56995
10713	26121
6133	6156
26232	55527
25831	197131
3479	51097
4706	4717
4208	4209
971	29760
4584	9245
5433	10772
4736	6201
868	200845
1347	10632
9055	10592
3684	3687
6233	27340
7852	55970
58	87
1062	11004
23149	115548
1650	6122
7153	11004
4724	7381
6152	6235
3490	84141
8453	9820
899	51343
9014	57504
50835	50838
399	57449
6262	11069
8905	10053
197	3698
79895	160364
6168	51187
6156	6228
4695	4709
4508	4537
727	259287
1308	3691
6235	6727
6156	140801
6124	6147
8655	60673
1536	23601
185	186
6133	6203
344892	390059
7311	126433
5861	5868
328	10038
5725	220988
26	10562
6218	6235
6698	147409
1653	25940
2776	2788
3832	10121
4736	6203
23586	29761
9655	154881
203068	440145
6138	6208
6152	6222
904	25896
3607	7311
996	25831
2207	2212
999	9839
1981	6208
6135	6203
6201	6235
6164	7458
4536	4539
9144	11322
54751	83706
6136	6203
864	64750
1452	5714
1268	10803
6158	6175
6370	11251
671	1991
9904	79050
6141	6158
6124	51187
6137	6167
3183	6428
6129	6143
861	57332
1017	5558
3688	3695
163	8301
4343	6233
10749	11014
6142	6228
830	10540
1536	3683
1994	10236
5584	56288
3200	8338
6218	6231
1555	1576
2222	4597
26091	57154
4171	81620
8976	23149
8334	121504
617	26517
10466	11014
4867	91147
1499	3695
8969	653604
6747	84061
4088	5784
5725	10236
6049	26224
6138	6209
332	991
988	55631
335	462
6164	6207
10112	81930
1738	4967
23160	56902
11343	57552
10552	100423062
2865	23620
7311	143279
3320	3326
6169	6201
6699	6707
6228	10399
1781	5516
8570	11052
7456	10552
6385	7057
3178	10523
7514	9700
6156	25873
127247	131405
1453	6222
4726	27089
1008	1016
2691	5739
2185	5599
4172	5426
51206	80739
3183	6430
914	924
8337	653604
2913	84539
4853	6233
9371	9493
6181	6205
6189	6201
9883	23165
5684	5694
701	4173
6139	6228
8364	92815
1237	9934
9133	51512
4763	7311
2197	6144
25798	326624
1398	5599
5394	5822
26146	55112
6157	6209
6233	55252
2801	10802
6133	6206
10155	25888
6599	6605
2168	2169
341276	344892
6142	6223
4713	4726
156	7852
3688	6774
11190	203068
1398	3937
388962	654483
5980	56852
6160	6161
26155	65083
4317	6947
3811	3821
9055	22974
983	5519
2521	27316
1994	51692
9700	57082
1983	6141
6144	6161
567	6890
2886	5155
57154	57674
5093	10523
6709	126014
6209	23049
1058	10726
6164	6229
6229	7311
3192	6434
1233	2359
2207	3937
3884	100653049
4852	5179
10112	54443
6125	6222
4707	7381
10663	51289
623	56923
6135	6165
991	51665
140881	245911
6154	6229
1174	10016
1983	6181
6130	6168
6137	79707
1431	2747
3690	5908
8723	51143
5518	6232
10097	10618
87	10490
6203	6230
65123	80789
988	23435
6232	23049
1269	53829
134860	319100
5879	5898
3015	5436
6165	6203
3913	11098
9128	51340
10236	23435
1603	58505
5546	10262
27134	100506658
6233	55008
51676	64750
1292	5351
1778	6249
6165	6202
9793	55746
84135	134430
6210	27340
1991	56729
5707	84962
6136	6142
6154	6210
6154	11224
6135	6146
1994	23435
29927	58477
1793	7409
6165	6170
885	2922
6135	9887
3187	10181
6206	7311
1962	6233
6147	6218
930	973
6137	6161
2242	3561
659	9765
3684	79895
6128	6139
9918	54892
3187	7919
2962	57794
6137	6189
2537	3433
84464	201254
3157	4597
5579	55970
4726	9551
2792	2847
9277	26155
3184	4670
6240	10592
1605	3672
11325	51690
6165	6235
399	7204
7335	55905
9790	54881
1191	10916
2790	7204
9793	151648
1345	4695
2247	2260
5476	10493
6142	6209
22974	203068
1058	5528
1778	57545
4695	4724
3181	10236
6210	6233
1453	57787
3351	4887
377	11014
1173	9341
118487	128308
3183	6432
6136	6167
4116	6167
6164	6224
1660	3184
6144	6188
6202	6222
60	10693
1933	9045
8945	65264
1655	25804
813	3912
6647	11315
1058	79172
9927	10059
1490	10413
6157	6164
1268	50865
1471	5034
904	5451
4713	4717
1230	83756
5094	9416
6169	6233
10236	22826
6206	6209
6210	6228
671	4353
3561	3635
8452	23198
1793	5880
2165	2244
64105	151246
800	10398
916	917
9655	10489
23122	23279
2814	51206
6132	6135
643834	643847
6201	6208
6132	23049
991	9055
6137	6233
3352	5540
2805	3242
9282	9968
3688	375790
80155	80218
6464	6850
6207	7178
274	8976
1314	9527
88	2890
6272	79158
1783	11127
6141	6142
23322	57545
1062	51143
1113	6855
2197	6168
302	56729
5869	8411
5627	10461
3190	11338
146	2922
1062	64151
6161	6203
9493	10112
5693	5695
55755	261734
6138	6229
2521	220988
10733	84131
1991	6036
3921	6233
6152	6224
3191	3609
988	5591
6227	11224
1942	2268
4952	9562
7135	7431
3376	4677
624	339403
6688	7805
6453	9322
7536	23020
1062	151246
64946	79682
9611	23118
6189	6228
10285	23451
1161	51426
187	1233
3308	9532
186	2914
3491	11167
5747	10298
5586	5879
1915	6161
5707	5708
4599	23586
3105	3660
6147	6207
1499	2064
1994	8570
4436	254394
6222	11224
9833	11339
55168	56945
5657	56729
9887	51121
1291	5351
5697	6750
4233	9564
6167	6207
10970	54972
84296	84515
4171	5984
3903	11314
3301	3308
5700	5706
5879	11156
54663	84365
23291	23327
3192	55749
6193	25873
56658	84085
2033	5469
87	1500
5869	25977
9128	55234
6139	6152
3488	7857
10436	51202
301	2790
661	10623
988	60682
1793	8976
6175	6227
6461	7409
1659	9343
7153	56992
3184	10181
8467	9188
6631	6637
5903	6633
160364	338339
353137	353139
3458	3586
6146	6176
55920	79023
4829	10886
6161	6168
2107	6234
6204	23049
6217	7458
4357	54205
1983	6205
9040	10517
5879	10095
1452	5515
6227	6231
6224	9349
26539	344892
9700	10403
5590	23286
6203	6205
2968	6882
83732	84946
50865	64805
6138	6175
2034	3091
10772	10949
3921	9045
9877	100381270
23014	55884
6156	6209
10657	11052
8341	8969
51122	54165
6232	9349
28998	64960
1595	5447
142689	154881
23601	160364
10014	54880
6204	6233
4758	54472
108	50837
10254	10552
10592	24137
79339	344892
6137	6169
6208	25873
6158	6176
3619	10592
54578	54658
1956	10552
1933	6142
1291	5352
4735	57545
80184	121441
5652	6692
6168	6222
6772	83666
9436	259197
1781	3320
6809	9341
8178	11267
2155	2159
10970	222487
6188	6189
4738	28991
3148	8125
6227	6727
3356	6915
1072	5216
5714	5718
1121	5869
3191	79869
1453	4809
10890	57403
4736	10399
6141	6144
6233	23112
8648	84498
6122	6233
6144	51187
675	1017
7311	10110
2107	5515
2268	9844
8969	85236
80018	80155
9416	23451
4708	4725
9128	11338
9700	348995
5440	10302
10970	84141
521	4700
4701	9377
23020	27316
10857	326624
1915	6139
6138	6165
988	8449
5781	7525
84085	84261
186	4988
6185	29927
2185	2268
1302	50509
8027	25977
10652	11014
1287	80781
3887	3889
4332	6037
4536	4537
1933	6137
187	94235
4353	5657
9666	115290
1453	6231
6130	6147
2147	2153
6161	6207
29796	54539
3190	23435
6714	9844
23224	23353
2197	6209
915	3560
10022	259292
4738	5715
521	84833
6159	6176
3304	9531
9879	55660
3360	3375
6132	6176
1956	4837
2769	5335
891	51433
2535	4919
25909	57551
6133	140801
8698	63940
5430	27316
6133	6142
6137	6229
3838	4343
6135	6175
4709	29796
6141	6189
54577	54657
7003	10413
332	9700
6203	6218
9655	84085
6202	6234
391	9743
3688	7057
4322	7373
50831	51289
351	2817
3240	10394
891	10592
57405	79980
6170	6206
6194	6230
5741	7434
1933	6168
2197	55176
7311	56288
2255	26281
8841	9794
6518	196527
6122	6139
2036	4646
1605	8910
27340	55720
6205	8562
301	2788
6631	6636
6203	6231
6152	6206
1173	6455
9790	27340
2064	3320
81	9564
6147	6154
11167	84141
3190	11100
6206	6208
10594	23450
2071	5887
1453	6205
80321	91147
6128	6144
2222	6721
4641	5879
9793	25909
2475	6654
7057	56999
6201	9887
1781	29127
4208	6929
11258	93661
6135	6155
3920	6836
5062	7410
5687	9134
3184	220988
9113	154810
11224	25873
2629	5660
6130	6204
6202	6208
4713	10632
1241	2863
8976	147179
2209	10152
7316	22954
4033	4257
6181	6232
3308	3312
56949	57794
6193	6194
3157	6307
5034	5479
23168	27125
4700	4712
6133	6173
2033	10735
27161	192669
6146	25873
87	5768
25793	84676
4734	8453
3937	7462
5690	8742
6129	6188
9700	113130
3609	5725
6143	9045
115290	126433
4436	5426
26019	51121
6227	140801
389	257106
10594	11338
1981	5976
6233	7311
6125	6167
351	8698
135228	266727
3688	3918
3799	10112
5717	6790
81	3688
1366	4072
22954	55236
5199	56729
64951	64960
6135	23049
3015	5438
3113	3127
3015	10284
6155	6161
1387	10498
5822	8568
5335	7305
657	9765
23160	23404
5048	5529
3015	79682
1490	25937
5878	51715
5528	23279
10482	23279
998	22919
1500	1942
6139	6147
5422	55388
5365	8482
6129	6194
1933	6165
1327	1337
6141	23521
7337	11275
6874	51230
1001	1500
6173	6181
3181	3191
2491	57551
6790	9833
23279	57551
64963	92399
4171	6749
6428	22826
6233	57674
4713	4715
1601	6453
6139	6233
1660	10236
4696	29796
26268	84085
2832	117579
4709	51079
54778	197131
2064	5336
1660	4670
1880	196883
6204	6223
55252	55777
6193	6206
6181	6230
6231	25873
5905	6232
8925	53339
4709	25915
6152	6233
9282	23097
6203	11224
7536	10949
830	6709
1788	57332
57542	65264
643	5368
7343	9013
6159	6167
6059	55720
4076	55226
8349	333932
3856	5493
57542	197131
6144	6194
2935	25873
2205	5335
1981	6189
148	2922
3710	5330
6128	6157
4736	6208
6161	6204
6387	6754
6193	6227
1856	5869
2200	401138
6227	6229
9553	54998
6202	6228
6188	6206
6307	51478
57787	146057
7532	10142
3156	6307
6827	25920
9246	11275
5663	84061
3066	84289
1915	6122
6700	353132
2079	6428
6129	9349
2912	5173
6135	6232
6203	6209
6223	27340
1778	10112
29984	54509
160364	170482
4736	6229
3062	6869
112	57413
705	51602
6923	140458
4867	57545
6194	25873
1233	5196
1595	6307
5422	7027
1315	10959
10952	90701
3357	5737
6139	6142
2242	10371
4297	192669
3913	11167
983	29127
1121	79090
6223	6233
85476	116541
6170	6175
7316	7328
51343	142689
23112	80012
51	6233
4597	4598
9887	25873
1642	8607
2740	59350
1511	4332
2695	7434
1950	7474
983	3832
7311	23607
890	4288
1048	8434
1290	3685
10262	27238
9439	23097
6155	6210
5707	51330
4599	51191
4543	4889
55055	348995
4301	7082
3909	5829
23355	27072
5695	9232
570	54363
5711	7321
332	79172
6224	6233
6146	6222
6135	51187
25984	121391
65083	79954
8131	64121
274	51429
6194	6205
9738	54806
2197	55127
6235	27042
6136	6160
6422	7474
6167	6181
5747	7204
6181	6202
7311	55366
7520	79840
6135	6142
399	9828
1062	7272
521	10975
5094	27316
6218	25873
1062	4751
8453	56995
1783	6232
3921	6133
695	971
2033	25942
5266	6699
6188	23049
2730	2937
6167	6235
6703	6704
6139	6223
389	90627
4541	91942
3190	5725
6272	9500
9551	27089
185	4922
55131	64794
6144	6170
92170	503542
1676	3836
90025	91694
10574	84617
6801	7871
5048	151246
10383	84790
26005	79867
4540	4712
890	10460
3799	81930
3662	4094
9295	22794
3576	6347
3912	5954
1829	64065
121504	333932
996	57542
5878	8976
4116	140801
641	5426
6202	53918
3202	3203
9820	89890
6227	9349
5782	10718
3850	3860
5879	57522
353142	353145
514	4726
79172	151648
977	5339
29984	257106
5747	9475
9789	90701
5339	6164
8687	54474
996	5717
6130	6191
259287	259292
1956	9341
6171	6231
388	7409
6201	6229
1991	4353
2912	5179
10576	23526
996	5708
1524	126006
6181	6229
988	1994
26155	117246
4088	7048
3921	11224
988	1654
6161	6230
9341	10552
9652	23517
5879	9475
6228	23521
6167	6206
8976	22905
813	3491
1398	10458
2633	10561
3312	6804
10053	130340
6227	6232
113130	348995
1058	6790
3681	8515
1292	10536
156	55970
8453	79699
1315	4905
3856	144501
6222	6233
1497	23729
55766	57459
5516	7525
9322	23265
2935	23049
4736	6188
6173	6204
3046	3048
5433	55197
51096	84128
966	3683
3055	5788
3683	3688
1857	5708
4298	9646
6143	6181
274	6453
4064	9450
388	4952
6773	10379
7305	100049587
2521	3192
7862	9219
9493	11113
6133	6193
963	7805
3921	6142
712	713
799	1812
4332	6036
6637	51372
1660	5725
57405	64946
9126	113130
6232	6249
640	29760
1933	6133
6205	23521
6144	6155
746	1603
6147	51187
8945	10075
6156	6222
1287	55214
6427	6432
6160	6167
9002	55970
2695	594857
7044	29789
6124	6141
10426	55835
6430	22938
6950	10575
6173	140801
6161	9349
6160	6193
6158	23521
54474	286887
813	1462
6207	6233
10921	27316
1237	5173
4670	5094
10615	22974
3339	3912
5862	5870
2963	3312
6165	9045
11017	22826
6168	6208
595	4609
51258	64951
9875	27340
6147	6193
1111	8317
3437	10379
983	203068
6128	6230
1350	10632
2841	55970
6156	6169
8720	51360
10772	27316
3354	6387
10022	339403
963	5795
1477	24148
1778	22930
9410	57819
23160	27042
3676	6714
226	7167
1292	55214
3171	6927
567	3140
2318	54751
1303	5352
4288	10051
4709	27089
197	2243
1763	348654
3029	197257
1208	5406
23397	56992
5438	6633
3066	6045
7919	10236
1278	4313
1292	10491
9276	57410
3683	326624
53339	57531
23122	23244
8349	85236
9462	153090
10959	22818
779	783
9730	64682
10250	11100
11103	56902
56995	154881
6147	6158
2197	6227
1173	8301
9410	10236
9219	10919
8364	25842
1981	6209
57405	79172
26190	140459
5189	7311
1329	29796
1291	1295
5903	9126
23511	51692
6202	11103
7164	152503
4718	4724
6868	7311
5601	6272
5717	10575
6130	6175
22954	89910
10663	56923
6204	25873
6128	6136
6135	6173
8687	286887
9276	22820
3481	5005
6155	6202
8329	126961
6556	196527
8085	9739
6137	6170
11339	64946
8615	8729
3856	3880
6152	6234
7337	197131
6122	51386
29933	55970
11169	23649
727	846
6128	6154
3183	27238
6232	140801
6189	6206
5558	11169
27242	85441
2125	5493
54821	57551
6426	100526737
6203	6229
3101	64841
51118	80135
6202	51187
6383	10082
219954	285093
6139	6165
6157	6160
1778	10577
23223	79711
2197	6133
1786	7027
5903	57551
1870	5928
6386	10487
6231	9349
10857	196527
4738	6923
3725	4772
5688	7314
1299	50509
6385	10755
3109	3115
3185	10236
891	55165
657	64750
5094	51692
6142	7311
1937	6207
6132	6208
335	2243
1830	3713
51465	84541
6170	6208
6279	6283
2975	11128
991	29127
338	2266
9967	23097
5696	6890
23122	23332
24137	64837
1387	25942
3796	5515
388	64333
6137	6209
4116	6227
2920	55970
1291	3685
22803	27340
990	5708
5880	94134
377	10112
1314	26286
7020	284252
6202	55176
9611	9967
57405	79682
389	1894
5976	56006
388	23526
5266	5493
6170	23049
332	5347
6152	6229
5515	10776
3895	3915
6160	6169
6176	6234
60	57591
6202	6223
3222	3223
887	3827
10155	25799
3301	10576
10274	220134
6234	140801
3912	3918
966	6711
6155	6175
6204	6207
6164	6193
2059	5294
6207	6229
51023	118487
6142	6203
259290	259294
10592	54892
1946	5294
472	64421
6203	23049
6128	9349
6154	6164
351	3913
6223	7311
2798	10886
50838	56923
2597	5230
10291	23658
6167	6727
6160	6170
174	51156
6237	10235
8314	23512
84648	353137
51465	51676
23511	57122
9341	54874
1933	6228
10269	23463
187	11251
1642	5931
5433	55660
393	11014
53637	63940
4542	4641
133	2863
7272	24137
10112	22974
2197	6181
6156	9045
710	10747
10540	80184
6147	6164
6799	6817
1859	5928
51143	55055
1017	5707
701	10615
6218	6233
4670	27316
1794	5880
140453	192134
9967	10432
6137	6181
6159	6224
11157	51690
5861	81562
1937	6202
7311	23032
6461	10787
891	2491
4867	80321
5566	84902
6142	6156
4707	51079
9493	64837
1933	23521
1937	6133
6500	9604
3105	6890
6125	6128
2935	6181
2107	6181
140460	197131
5701	7316
6203	6227
1063	54821
727	50838
10199	56902
116372	257194
6122	6158
142	56655
3054	23067
9601	10130
990	3832
6128	6170
54845	80004
11176	51742
5725	9879
3054	9739
1453	6232
3046	3050
4809	51065
6122	6130
5094	10236
23620	84432
383	4942
6130	9045
123016	129880
996	26190
1294	1295
23165	51692
3183	3190
4094	8841
1536	338339
4008	144699
2195	7124
3718	6777
1639	9371
4172	55388
6224	6235
4998	5422
4540	4541
6207	51202
4116	51639
1994	9782
63967	84515
3673	3909
1306	50509
10484	79090
6161	6164
501	85007
5725	9343
6161	6205
5062	7402
1937	6201
64951	64983
5426	8914
5777	10630
1001	3728
6233	27327
3607	7528
5526	7316
10102	51021
988	9611
3172	6927
29927	100526842
8243	55746
9739	27327
9824	10112
9354	23304
6218	6727
6128	6165
350	2266
1136	1137
10403	10592
147	5021
954	158067
3437	10561
988	27316
6206	6234
993	1111
6129	6167
1435	1462
1938	6142
399	26084
6634	22827
23	6059
5713	5715
377	29127
2204	23601
6146	6194
5338	5579
1291	5033
974	29760
5519	6801
1605	5579
6206	6228
6370	165140
6158	6222
11059	65264
57129	63875
1306	169044
5829	10787
6233	54677
6230	6233
890	5347
6637	27258
5872	8766
10926	63967
7003	8463
3685	6850
3191	10492
1994	10498
6143	6164
2203	5213
3998	10959
545	6233
4508	4538
9716	11325
6128	6168
4695	9551
389	9322
9724	27042
966	10652
2768	5879
57545	121441
332	9833
9411	29984
6139	6168
2791	115557
1495	3799
51602	55759
983	7272
25831	26091
285093	390190
112	1880
57082	151648
10155	79943
23112	26523
3643	9021
6223	9045
2178	6118
3672	3915
891	7531
9348	10082
2967	27125
6868	11319
1088	338339
4670	11052
11127	64837
1933	6204
6218	11224
6227	6235
1942	6714
8816	51122
1813	4283
1650	6185
54960	79833
1017	63967
7280	10693
5437	23248
6047	9320
6161	6229
6194	6207
6139	6230
6737	79754
3178	6626
3728	5493
891	24137
6627	10286
112	8698
5438	51755
23160	79954
3433	23586
6129	6193
383	4353
6206	6223
6426	6428
930	29760
6203	25873
4734	64750
10540	121441
6663	27022
2268	7525
2693	2776
673	5566
6147	6230
6207	6224
830	10466
1511	5657
6210	55127
8175	10523
1234	1236
4593	57144
1084	2358
6130	7311
6164	6203
6428	7536
6205	11103
6154	6203
8607	54881
10427	126003
10236	11193
25827	115290
1991	5657
4670	10594
163	9341
25	5893
7321	84962
1022	6929
6141	6234
6143	6147
3312	7037
6137	6142
1063	55746
6137	6160
6155	6157
1949	2045
3646	6156
2799	5476
6223	8666
120776	344892
102	84141
6133	6161
11275	283807
6128	6188
3579	57413
6206	7178
890	11339
705	23560
6202	6205
1933	6194
1660	3185
2798	56923
4736	6135
915	7535
6146	6156
444	3091
1660	5094
7039	10652
63915	84062
5339	6157
1327	1329
6491	284403
6201	140801
3191	10949
2239	10082
6169	6171
5880	7409
6122	6175
6203	6232
10201	87178
6129	6142
3106	3107
6223	6232
6453	8976
23197	26043
11021	23011
57403	81876
6133	7178
9493	22974
3355	4852
56923	259295
2177	7398
6156	6159
1022	2810
3191	5725
23560	84172
867	8301
5746	94235
6132	6727
10970	79895
4690	10096
3673	3683
4736	6124
5529	81930
6146	6203
1783	2801
26519	56993
5501	57551
59350	94235
3192	10523
2194	6319
226	6678
6160	6227
6132	140801
3921	6122
3884	3885
26123	79600
383	3240
5725	7536
4736	6224
10970	64386
6161	6167
6203	6228
6124	6139
4677	8565
3192	51729
51715	57403
9439	9611
6136	6176
3915	11098
1315	9371
567	3660
4708	51650
3304	10963
9700	23332
5880	84144
1499	5707
6169	6231
7311	55272
389	117289
996	4734
5435	9978
991	23327
11339	79172
3157	4047
92815	128312
258	5179
8337	440689
6175	6232
8289	57492
51692	55749
9320	197131
5707	5717
23301	30846
6201	6227
6139	6141
6049	8881
991	9491
324	5529
10181	10523
5982	63967
9787	10403
6205	6207
553	3062
783	27091
1793	10458
2042	2045
5501	9793
6709	124583
57154	64750
4734	115290
8683	9785
5441	5901
1213	10254
3838	6790
4508	4512
5048	7531
9416	10949
6154	6235
6130	6173
6233	7158
10905	23193
6122	6141
3833	9212
8337	126961
5781	10818
6176	23521
9436	9437
1646	8644
5696	5698
2023	2597
5111	10714
57539	79659
26190	57542
2359	6370
1660	6625
8243	23279
9727	55770
6169	6202
6139	6161
10533	26091
4809	6231
6164	6234
4599	8638
6428	10236
4074	6456
8349	79101
6154	6160
7311	23521
4171	4173
163	5869
2896	10493
6144	6232
514	4700
6229	6234
9126	23332
5903	9631
23149	29763
521	27089
10403	51143
2207	5338
23601	338339
6152	6227
9295	84950
4116	6632
2243	3481
6170	6230
1536	4689
10376	203068
890	4999
3320	6714
9643	93621
945	3685
6156	6161
6143	6194
5869	7316
2317	54751
2840	84634
23304	90025
6146	6181
1793	7525
8886	9221
374	2065
6193	6203
51650	64976
6138	6218
5347	151246
25937	60485
259287	259295
5930	7334
6169	11224
1783	81930
6167	6194
11222	57129
6206	6227
10489	197131
10250	55749
8356	126961
6168	6205
846	56923
6746	6748
3105	3133
1956	3675
991	79172
22863	51422
1601	8301
55749	79869
6132	6235
6194	6218
2773	5331
6157	6202
6133	51187
5347	22974
4088	25937
5591	9656
2792	2918
2695	2784
3903	326624
3185	10921
1291	10491
7311	140458
6161	7178
11004	23332
10618	22848
988	6599
5082	10574
6208	6231
2848	3274
6233	9320
2043	2050
6135	9349
3921	6159
3886	8689
5528	348995
6169	6234
831	3688
56670	59340
1536	3163
397	398
6168	6173
6160	6224
57153	79895
6156	6202
6175	6224
2847	6363
23067	58508
6222	140801
6154	6202
51465	140739
6232	10952
55143	348995
109	2358
3491	54972
6206	6232
5286	7311
5604	23164
2801	5861
1291	1303
9934	27199
4069	5657
3672	6709
945	2548
9133	79172
3912	59277
2197	6147
720	375056
5879	6714
8976	10787
6556	100049587
10403	113130
5777	5806
1536	8655
3909	375790
6229	27340
6206	23521
1669	10394
891	6249
2957	51808
2286	5479
727	56923
1058	57405
3690	3791
377	830
1453	6189
6122	6232
8805	27044
2790	10575
6230	25873
9870	57542
332	5501
7532	653784
6189	9045
2633	5371
6222	6229
6613	7421
6144	23521
400	60592
383	1669
816	4137
7316	27183
811	10130
6993	8655
5970	57506
6750	50837
3192	10921
8365	653604
51264	92259
6159	6210
6330	6340
6160	25873
5903	54821
3683	10857
10890	51552
2810	3655
7415	10383
5869	6233
1063	259266
553	64106
9716	27316
2768	2790
6137	6155
9655	55832
6164	65008
2224	6721
3849	319101
4736	6209
1642	5983
1310	169044
3119	3123
7311	57674
6128	6155
10540	27175
56949	91603
8976	10458
79473	344892
695	2207
6164	6233
8468	91646
5605	84292
7409	27071
8347	8365
6136	11224
6138	6202
2918	6752
3685	5829
813	84141
2521	57794
11102	84946
57670	283455
387	7046
1824	1825
22984	25885
2358	160364
3191	9128
9730	10293
1459	9918
6207	11103
2521	3183
966	100049587
1387	8289
1915	6130
6189	6203
695	5335
2535	64750
84617	84790
6500	142689
2205	3702
940	5879
5196	94235
9092	27339
148	886
9918	259266
1058	55143
1660	9716
1120	5130
6208	6229
1559	2327
2625	3169
1081	3623
3361	4283
26232	93611
55143	220134
988	4999
3491	11098
6144	6206
1660	3181
671	5657
3437	4940
5685	5700
6141	6194
6176	6235
9350	56963
4353	56729
6137	6201
348	5360
3914	3918
1933	6176
7204	60675
5578	9564
6143	6201
1453	6202
988	996
5739	5746
3487	10117
23095	64837
7272	10615
945	100049587
6233	25831
3312	9532
3912	5747
6309	6713
9493	9787
9493	10540
9133	56992
1457	7153
1062	5347
9045	25873
187	56670
1793	9844
1457	10592
6138	6164
22905	54874
3017	121504
7486	11073
6234	9349
6863	23620
6844	10093
8666	25873
2550	3579
2846	4923
2034	84962
671	10394
7456	8976
6139	6154
991	54908
1063	25909
623	2861
1387	5469
6167	140801
1058	64105
9700	57551
701	64151
5869	51715
9533	112495
988	22803
5777	80184
5683	139285
4735	121441
56919	57647
160	8867
9437	259197
115290	154214
3178	3184
4057	57554
3842	10527
6874	83860
3191	9987
2535	55970
123099	340485
1062	10274
8337	8349
6135	6169
51023	90480
3309	9531
51154	55131
6637	55505
150468	259266
857	1956
4736	6167
3725	4088
5868	22848
6173	6203
7337	10489
6122	10399
9183	10403
2058	3376
6139	6173
259	2244
9025	9656
8972	93432
6164	6235
399	1894
54850	63891
6337	7311
9690	57154
3240	56729
9055	10376
6124	6202
991	5905
4751	4867
6934	283149
4512	4535
5861	55605
25847	150726
3855	144501
3797	10749
1956	2268
7525	9844
5529	7311
6156	6208
6241	10403
1456	7534
967	4033
890	7298
60	2597
22995	163786
904	6667
1303	5033
5657	23197
394	11015
991	996
23112	84441
6135	6206
7525	10413
6223	6230
4713	51079
1500	1956
8356	8365
5795	326624
9133	11065
6385	375790
2023	5315
3921	6128
6152	6161
6129	6208
3479	7044
1121	79958
9551	29796
8453	9666
50838	259292
8334	8337
3048	4778
5529	7514
6124	6135
1432	6885
3921	6154
1499	5781
1111	2178
10499	23389
58	1072
2185	3320
58	2934
6181	25873
10285	51692
2648	25885
6160	6223
3833	55143
1292	1303
6231	9887
9493	11015
60	1072
5657	6037
6144	6234
1398	10818
5339	6234
1781	9493
3433	91543
959	10673
6137	6143
7311	9341
6556	160364
4586	140453
5005	7276
5217	55740
1495	128239
6128	6232
4712	27089
64792	79989
6146	6206
5731	94235
904	23248
1763	55388
6146	6235
1981	6222
6237	7525
51079	374291
2353	4773
247	3479
6142	6205
116	2740
6637	84844
3882	54474
2863	3269
5777	7852
6146	6173
344892	390064
2740	5746
5347	5905
996	8453
2147	2244
10885	25885
3055	3684
6135	6201
1956	5579
3071	8976
6637	83443
6748	10952
23063	23122
6194	6223
4695	4713
332	81930
23304	140460
6234	7311
4735	23332
6173	6233
891	995
1509	124583
245937	613210
2623	2811
3091	4088
3309	7184
2197	6201
916	50852
79600	84902
1969	5747
5501	23122
6233	221687
6204	6208
6130	6228
1398	2185
8334	8365
9282	9967
2274	284119
6209	6229
10713	51692
1495	7082
472	7468
3350	4988
3912	5578
6176	6233
5708	84962
2848	285601
23014	64410
7311	55669
1062	5529
1364	137075
972	3127
4670	51692
64837	81930
24137	285643
11316	55850
833	3376
3190	10949
6605	9031
5903	23511
6138	6167
6363	6373
6222	6235
3191	11338
8243	79172
5347	10592
10618	51246
6143	6159
3619	81930
3913	5747
7479	7484
3181	51692
6159	6204
6430	10949
164	10618
22974	29127
2242	3320
1894	29127
6139	6164
55008	64750
1810	26009
5432	84962
8533	10445
6427	6434
6209	6222
701	10403
5887	8450
7139	7431
1236	1901
4116	6161
4049	115650
1434	3838
5037	10256
783	2784
3113	10346
6230	9349
2799	23526
8074	8404
2186	9739
121391	286887
5985	83932
8775	10618
23761	122618
5928	57459
2197	6232
701	10733
1062	1783
3683	5788
7178	7311
6160	6231
928	3688
5515	6500
10890	10971
55720	84172
1659	9716
1994	3609
999	8907
8581	154064
2107	25873
2768	2783
3921	6208
6204	9349
1522	79792
659	23118
988	1660
3184	3185
5270	5329
6235	9045
10274	81930
5872	53916
3688	3912
80740	171169
4512	4514
344892	390079
6136	140801
351	7852
3579	126006
5565	51094
6176	6189
813	3915
2740	5739
10576	55970
890	157570
5507	6233
677	56915
830	9371
8329	8347
2064	54206
905	5433
7272	55635
6160	6173
23332	25909
9015	57504
6128	6129
5928	116092
3619	5501
1435	401138
5335	10920
6165	140801
5501	9126
472	51426
1499	283149
1946	1969
649	3339
6625	10523
5695	7314
143279	154214
9892	10092
4829	5737
10552	22905
6169	6189
2242	3718
3797	79989
1462	3912
10890	23011
6143	6232
4713	4728
6133	6228
1292	8974
4085	55166
9320	26268
974	2213
11329	55233
6169	6209
5157	7991
7381	29796
983	129401
6176	6222
1232	338442
6136	25873
10749	51014
6161	6194
6168	6188
6122	6181
6125	6189
6159	6229
3267	10254
5473	10321
9570	10802
6137	22916
9320	54778
1824	5493
3978	5426
1387	6938
10285	53981
8313	10297
7936	404672
6139	6207
10274	57082
4599	91543
7184	10970
6142	6159
598	6774
6137	6168
10250	79869
6836	29927
6175	6207
2266	3026
6224	6228
1856	5528
51575	79954
3558	3717
3854	3861
721	3426
6152	6167
7514	22919
7409	10787
3071	10787
7249	7532
6202	25873
9183	64105
971	973
6204	6229
6223	10952
4670	10657
4736	6223
1277	3685
1495	5770
9020	10000
262	4143
4176	10926
27229	55755
6788	60485
4173	5426
6152	6169
1161	51397
9829	26052
9631	65250
6181	7311
9133	55355
9700	23279
3422	4047
891	5516
4254	7409
6175	6229
1894	9833
6130	6207
57405	348995
9782	23435
4700	4713
6152	23049
5023	5795
1116	5005
11190	26005
285093	391211
3184	9716
11251	56670
5747	375790
4694	4701
6136	6155
3122	54331
3921	6227
6169	6222
9410	10946
317	835
3178	27316
6184	29927
6432	6636
6139	6235
2873	8607
3181	3190
1460	23397
