6143	6176
932	10970
727	56923
6601	8289
156	7852
11091	102157402
6125	6133
9044	55814
3912	5954
6167	6169
695	7409
6155	9887
9341	54874
6189	6227
335	462
3192	51692
344892	390083
5660	126006
8514	9522
7184	10130
1933	6188
2692	2838
3918	4233
3619	24137
4176	5424
1880	196883
10618	23431
2073	5438
26234	390594
55601	91543
10552	54874
4670	220988
6396	9871
397	398
3190	10432
3619	23047
3611	6790
51397	55527
51602	84549
6209	6228
1756	284217
2475	6654
1660	51692
1088	138050
6233	9732
6194	25873
2803	5870
4174	81620
4853	10046
2305	5347
4701	51079
9341	51542
6138	6147
151648	220134
7336	9616
6137	6223
5436	6631
1058	55839
1000	7184
3688	3913
5711	7321
55872	64151
5368	50865
4116	6635
672	8314
4983	5880
7153	9700
6201	6233
5706	5709
1994	10492
2185	375790
4541	25915
6129	6201
1665	3192
4985	6752
114	2492
2131	375790
2197	55176
659	23118
983	29127
5725	10236
10097	26130
9349	25873
6908	10302
64976	92259
5929	9739
10952	28972
891	81930
10121	57545
3978	9716
53905	90527
3437	23586
5347	11004
8688	286887
4538	55863
6228	27340
2220	5648
8689	286887
55008	151636
11321	79871
8673	10970
1783	9371
6158	9045
9879	55660
5693	5705
2993	2994
3191	51729
5684	51053
701	57082
6453	9341
8688	54474
1981	6154
4714	54539
6124	6158
10523	11338
2033	9757
8365	653604
10232	154064
3178	8175
8976	22905
9040	10517
9371	51014
632	3381
10885	22984
7456	8976
55970	63940
8704	55624
5433	10285
64781	340485
51373	64951
5930	140460
11190	203068
4998	7027
27257	57819
1880	3579
1933	6169
26285	149461
8826	55109
6143	6234
7514	23244
3190	10949
6122	6155
6169	23049
2153	2243
23067	25942
2521	6434
6135	6218
79738	166379
991	55355
1453	6202
1783	51014
8192	9361
6337	7311
3184	5094
5725	23450
6138	6208
6129	6193
9416	23451
8924	63891
6173	6228
7283	22919
6165	6167
6146	100529239
5928	116092
399	5879
1062	5347
5829	10458
9739	26523
6135	6207
5515	54908
9212	79003
9188	54881
4148	11098
2033	6837
389	29127
3017	8365
9349	9887
4666	6136
2197	9349
1665	10885
6155	9349
10749	51479
2274	284119
6128	11224
9113	154810
1387	2033
388	389
2810	3691
6229	9045
2209	10152
2967	51755
186	4988
4726	55967
1994	55749
4298	23168
6135	6168
8655	55839
6144	6227
9656	11073
7164	152503
6129	6175
4172	11073
1650	5660
5930	55294
2975	11128
1387	9612
3673	3675
6202	6235
153	796
5725	10432
378	11014
3183	6428
55720	57647
2792	26338
6750	50837
1121	51715
6223	6234
6144	6194
636	25782
6136	6138
27292	55781
5706	51053
334	3915
7311	11224
963	10970
1439	3635
7317	51343
332	29127
9877	55746
7520	55183
5880	54361
7311	143279
5430	6601
5347	54892
9564	10044
3118	3135
3017	8341
4540	4713
3609	5725
4508	4519
4707	27089
6232	7458
116	94235
887	2147
2197	140801
8189	10523
2932	3611
3895	5954
2204	79895
5739	94235
6222	6235
955	374659
6143	7311
6167	6230
10412	55781
6128	6193
5747	8976
5575	8826
4697	4708
55008	57154
9666	115290
133	55970
3843	10527
378708	387103
5685	5705
6119	80233
5529	22919
3683	5023
3329	9804
6146	6189
5433	55197
4116	6201
8021	79023
8455	23295
2788	2863
4904	84950
57129	219927
57405	348995
5864	10981
2776	2788
1956	284119
6161	6164
3191	5094
2847	10563
3181	9716
160	8867
183	51289
4775	5534
7320	7322
6204	6208
6122	6143
238	943
4008	144699
1954	23295
967	4033
8021	9883
4726	4728
6222	140801
146	2922
51023	219927
2946	2948
2683	84061
4259	8836
6625	6637
2648	25885
1793	7409
1511	5657
2959	102157402
23291	26190
1453	7532
6635	51503
4867	121441
6147	25873
3093	22954
6193	6208
89941	100271715
4736	6233
5590	7311
6223	6235
6138	6152
6143	6157
3895	5879
5870	57403
3558	3717
6129	6167
1291	3685
5315	7167
1500	1969
5347	10112
6189	11224
6233	84749
5536	5894
55527	390594
6156	6227
302	2519
28981	79659
10153	55131
27316	51729
2629	5660
9133	51512
391	171177
6135	6205
983	3832
10592	23310
5286	7311
1232	338442
64386	79895
2091	6217
6165	23049
6280	6283
6129	6143
5684	7979
5683	64682
121391	286887
4683	5599
55055	151246
4927	50628
10285	55339
3190	9128
7335	55905
6181	6228
3833	29127
4040	8322
2524	2525
55279	285237
7322	390594
54534	92259
5725	51692
2197	7311
3192	6434
6169	25873
6233	23168
2491	57551
10921	84271
5519	22919
4332	8635
23398	85313
6168	6207
10102	51021
6146	6206
389	393
6160	6188
3685	4240
5000	7311
6139	6156
705	83732
6135	6171
6141	6175
9612	9967
776	51764
8717	9530
6136	6170
5725	6625
9793	79867
6117	7156
2817	375790
1813	4283
1778	4867
1048	8434
7133	8740
4947	5716
8347	8365
3683	6518
3833	55143
10970	79895
983	11130
9928	11113
1956	3675
389	6242
7337	10489
1287	3685
5683	5701
344892	390081
5434	80004
2033	56655
904	27125
6168	6235
2197	6234
5436	51755
6129	6209
2962	5094
3190	51729
6170	6171
5597	5718
3015	5436
6206	6218
2242	3320
6045	23028
10802	10959
1315	81930
1314	22820
963	8514
5021	10886
1634	4314
8454	9690
29796	51079
6633	11325
1956	8976
1933	3921
4509	4538
6124	6176
2841	55970
2848	122042
4738	285231
6745	23471
4240	51280
595	6776
23376	84085
5624	10232
2935	6157
4701	374291
51023	51649
1116	10394
521	539
2207	6556
6147	6173
27125	55840
2846	4923
2207	5338
8600	50964
4582	10331
6143	6194
6210	55127
6125	6159
7536	10250
2266	3698
4088	5784
5435	9978
55832	115290
996	8453
7311	9045
6632	57819
6139	6167
6125	6128
10885	81887
8945	80204
2073	4331
6143	6223
55055	79172
5436	10302
6137	6218
2798	4829
4738	9616
9785	23450
6152	6222
5683	5684
4709	29796
6173	6188
7040	57530
23658	27257
4513	4537
8189	51639
3607	7528
388	64333
2956	9126
3190	10657
2535	5599
332	1062
64682	84231
2131	2817
389	2064
10849	25885
2242	5361
57662	144100
344892	390084
183	846
6776	6777
6047	23291
9294	64805
115290	154214
7133	57153
9724	22803
4985	10563
51602	84365
2987	6240
10970	222487
6132	6135
26589	54148
3882	3886
7316	91445
2071	10920
6233	90678
2792	4985
3920	5660
3054	8314
23332	57787
5684	5688
1063	25909
6155	6176
4738	54939
2965	9646
23160	27340
10907	83443
6227	27340
150468	259266
6164	6230
5829	64098
89910	115290
8085	9757
6136	6218
6154	25873
3912	6714
1639	3326
5094	5725
7135	7431
5777	7852
3091	84962
3355	5733
9967	10432
1537	4715
8976	25977
1660	3190
720	3426
7003	25937
10291	83443
5438	5929
6453	54874
4734	89910
1857	55361
3845	4763
4686	51692
811	5589
3092	6233
6128	6175
4332	4353
6374	27198
7311	10111
988	23595
891	55165
51619	84861
4528	28973
6667	26512
1287	3673
6139	6142
5929	6872
567	3106
8317	63967
7538	9261
813	3371
4793	5714
8337	8347
6165	6224
6138	6141
10921	55746
6139	6185
4116	6636
6139	6144
6138	6201
1453	23332
783	2784
680	64106
3687	441864
471	441024
6169	6171
11338	27316
126638	353135
5298	8394
2099	7031
5441	5901
51645	57819
5747	9475
6167	6227
1950	3671
10802	51014
84131	203068
6230	6234
5476	10493
7175	10250
51121	79048
3181	3192
57129	122704
5715	7314
5093	10992
7454	10787
683	932
5529	7514
9076	24146
3355	5179
9887	25873
6176	23521
8581	154064
6625	51593
6181	9349
3949	5869
220134	348995
3109	3122
23028	283248
9801	84340
10540	57545
1937	6125
3192	23450
404672	728340
3482	22848
6205	6209
3832	10051
6133	6158
1043	2350
9730	200845
147	5021
7189	55626
972	3109
4696	4710
336	2266
4538	4539
3932	29760
25836	29072
47	2194
8351	8970
6908	54457
9787	64151
8243	9700
10155	201514
6119	404672
156	2915
7320	7336
4535	4536
6224	23049
9128	9716
2266	51156
5903	9883
6142	6176
9219	23186
6202	6205
6210	9790
8697	23291
11137	84916
6122	6209
2935	6229
11014	11015
399	7409
10607	79897
6601	57492
991	9491
29984	64333
9128	24148
53615	54815
7936	404672
8453	56995
5688	9232
6181	11224
5432	79577
2099	2625
5048	79003
336	51156
800	3672
10892	257397
287	6326
2064	85440
3579	55970
945	5023
3937	7454
1398	10818
933	973
6202	6222
2060	9829
2033	23054
6146	55176
6217	6232
7311	55366
1981	9887
1387	9757
6141	6223
9700	29945
2814	2815
2150	55970
389	5217
6157	6222
64792	92104
3854	9119
6159	10399
6159	6169
51510	51652
1994	3184
3915	11098
5347	10592
10857	64386
6206	6210
4738	5695
29997	56902
6209	7311
6159	51187
6602	9031
1058	55143
87	5768
64792	79989
4736	10399
2792	6752
6159	9045
6223	6228
5970	23118
5339	6164
529	8992
6626	220988
6428	220988
1306	50509
9138	29984
2491	22919
5928	57459
991	151246
695	3635
3827	51156
1277	7373
10458	100423062
9462	64926
10025	400569
1994	220988
6160	9887
1500	1942
5518	5534
351	83706
10618	22848
25	5159
2641	10203
1132	53637
1794	5777
23122	23244
6631	85313
7311	10252
147	156
6170	6176
6201	114987
6146	6235
2249	26585
79003	81565
3091	7316
4331	5438
64963	122704
2305	7153
2767	5330
57678	256356
1665	23350
712	714
10734	27127
5657	8635
3017	8337
9318	140461
9557	57804
4709	4712
28514	54567
566	5657
1894	5879
146	148
1642	8607
6136	6222
3543	7441
3122	7535
81857	400569
10075	63893
4696	29796
4540	4728
6205	6206
23304	140460
6249	10540
9277	65083
7536	11338
993	84126
6138	6194
6428	6430
7336	90678
3178	3191
6224	9349
29984	55843
8175	27316
3191	10523
23601	199675
6427	220988
6921	79754
64981	116540
5048	5529
7905	26188
7305	100049587
813	11098
344892	390058
7337	55175
902	51138
149951	390594
10713	53981
1173	6455
816	4137
545	5889
6156	6235
2767	5296
6204	6223
6168	6202
5469	80205
1062	9787
6142	6230
4710	4712
3619	11004
2695	2784
389	7204
6863	23620
10930	29974
4171	7298
6181	6232
54543	100188893
6874	51230
391	9743
1062	57551
6164	6218
9739	27327
2204	2207
6430	22938
3684	3687
8394	23533
6139	6189
5368	64805
3897	57698
891	6790
3921	6189
7403	23054
6124	6228
5698	6890
3071	3320
801	6263
28998	64951
1981	6228
1269	8698
6176	23049
5894	84292
3111	3118
932	945
351	10970
990	9700
10376	203068
6721	22937
11127	51014
16	6301
2625	5241
3015	387103
51619	63891
1991	8635
3178	3185
6122	6157
6139	6210
4148	10272
5931	6908
6231	25873
140460	197131
6125	6206
6202	7178
102	6556
1854	4174
2521	9716
1329	1337
3422	4047
6636	10465
6144	6164
332	9833
6635	11157
4588	26290
983	6502
3184	10181
3111	3123
2617	4141
2048	25791
6144	6161
5725	7536
4736	9045
51206	80739
10540	80321
6193	6202
3832	146909
5718	6790
1956	10552
6152	6165
10254	23149
10489	197131
10413	25937
3107	10475
1915	6207
7153	23397
971	5336
3559	3560
5196	56670
6122	6158
6137	6181
383	1669
5501	57551
2048	5998
6231	114987
3675	3688
6152	6208
1655	11325
6136	6217
6139	6155
6164	6223
4116	6218
9632	22937
695	2206
3683	5788
25804	27258
6141	9045
10489	23295
7311	158506
6908	84172
6147	6161
6201	9045
55662	80351
118487	128308
1278	1634
5868	22848
50835	56923
2935	6176
4331	404672
3655	3915
6203	23521
29974	403314
5829	375790
6624	51411
51692	55746
3017	8329
871	1287
5739	5746
6428	10946
10592	64151
248	152330
5695	9232
6158	6193
9787	11339
6157	6209
6157	6232
1991	10394
8976	10552
54908	81930
6156	6175
338	3698
1350	29796
6135	9887
1910	6863
6235	9349
649	3339
5093	5725
11128	55703
4707	4712
2821	84076
6175	6205
824	5829
5709	29882
6129	6136
973	974
23310	64151
1314	22872
991	9055
746	1603
5696	5698
8655	10540
3200	8338
9738	347240
4176	4998
187	2359
1029	1030
2107	6234
6143	6147
6193	6203
163	9341
57674	151636
6158	6161
6141	6147
6218	140801
11017	51503
7178	7311
1933	6154
3185	7536
26539	344892
2107	6173
1639	8729
1062	6249
1660	6625
3434	4599
3355	5173
1347	1350
1879	5079
6201	6228
6711	11014
5330	55970
25873	140801
23160	55127
5880	7409
1906	2790
6142	6194
6233	56254
6428	7919
3190	10236
6132	6176
972	3115
63891	390594
3190	23450
22917	57829
6637	79833
8468	256126
6188	6207
377	5861
6146	6167
5747	10787
3183	27238
1942	2268
5351	5352
8836	51125
8907	23396
1832	3728
6160	6171
6128	25873
3214	3216
1717	50814
5286	6233
8349	440689
699	3619
3836	10971
6235	6727
3491	10970
55749	79869
6233	8239
966	10970
1337	4697
2695	594857
7472	7482
2222	4597
25827	115290
5977	57492
4540	4695
1349	10975
6205	6229
3191	9128
3184	4670
10921	51639
3688	3912
8689	54474
824	3688
24137	146909
4116	6160
26190	51122
6923	64682
79473	344892
9183	57405
6632	6636
302	6386
899	9700
6132	6136
5796	6233
1524	729230
3213	8338
28998	219927
1736	79050
6233	22888
9793	23244
1994	8570
5903	79172
6152	6160
2132	375790
5473	259286
5546	8189
5861	11015
3619	54821
833	8565
5347	54820
1515	3122
3915	5879
23355	27072
87	7044
10885	84172
7311	10818
3832	3833
391	9901
3361	3627
3163	3725
11051	55660
6133	6229
6168	6229
6135	6176
5021	6846
9553	29074
5566	5914
8189	23524
3274	55970
2792	65055
5294	55970
1933	6194
5725	9128
8886	84916
54742	257194
5094	51729
54443	55165
64979	116540
3054	55683
5706	10393
87	1499
5795	6714
4736	6143
695	2207
3362	5443
7414	8993
1500	4233
10053	130340
846	5737
5706	5718
5708	6790
1829	5493
6139	6157
6156	25873
4116	6632
6170	6727
9295	10250
388	397
675	27030
1727	5594
51501	79023
6209	9349
9556	84833
4800	6667
1994	10432
6159	6203
6201	25873
5094	9716
945	3903
389	64333
23011	57403
5687	9134
3184	7536
3856	144501
5008	7297
10427	126003
54148	55168
4841	6421
472	7468
7328	23608
4173	5426
3569	84141
5829	9844
344	6382
2735	79809
778	783
9793	23122
6233	51592
56949	91603
6159	6208
3921	4736
641	5426
9527	84516
6147	6234
10352	55699
6142	9045
1434	3836
23601	79895
6836	9276
6152	6206
905	5431
8638	10379
4718	4728
8468	65057
6147	9045
6165	6189
5077	6663
5529	151246
50865	64805
10663	259292
6135	6146
54820	57787
30001	493869
9870	64219
6227	114987
2064	7525
6176	6204
4700	27089
6124	6138
3192	10523
22974	81610
6434	8175
1121	326624
23332	79172
3921	6133
941	942
10869	63891
1161	2966
1063	4288
4736	7311
6130	6223
336	2262
6156	6229
5725	11338
1781	11190
6133	6154
5528	9126
55166	387103
4924	5589
10919	79813
813	3491
4736	6194
6144	6173
5473	259296
6429	10236
1022	91603
3115	3127
1490	25937
9183	64105
6132	54512
6158	6168
9700	25909
6921	150726
6203	6227
23291	57154
1731	23157
3308	55706
3320	10458
10524	10714
4343	27327
6385	7057
3066	6045
6124	6161
5872	53917
516	10632
2635	6672
991	6232
1908	6863
7317	8924
6173	6189
3062	64106
3115	7535
1432	6885
6152	6188
1956	3084
161	5869
7283	27175
7110	10466
5433	51362
9655	57542
6228	55127
3912	4233
8463	10413
6794	9891
4670	5434
6230	6233
5970	57506
7432	9340
9128	55234
27097	79595
9354	84085
6233	10075
10342	81562
4670	23450
6249	54908
6171	6173
6167	9349
399	9828
9690	84231
5438	6631
8467	11176
9833	259266
23636	84271
50835	259293
3071	10787
6157	6229
8683	10569
1161	51397
3685	199675
6707	126638
2695	5741
9967	23097
6908	54815
5981	56655
2197	6125
8881	63891
56902	88745
8607	57634
6434	27316
9350	148738
1063	5518
6138	11224
57082	113130
1994	4670
3710	10235
8925	54778
6233	7311
7322	84261
4798	79913
392188	645402
8802	8803
8661	728689
5652	6692
6168	6223
833	2058
1108	7862
399	117289
2817	6385
51129	85441
23322	57545
6201	6208
2222	51478
3191	6626
2922	4923
10013	25942
1605	5747
5725	23283
6234	25873
1783	11127
1107	23186
680	6869
6147	7311
9282	9967
7155	8289
27043	27340
3913	54972
26263	51397
6790	11065
658	4093
8514	326624
10403	55143
4298	9646
5879	6249
9156	84126
6827	404672
3659	6672
7317	10075
394	9138
6709	6714
27316	220988
1387	8085
2768	2790
54751	83706
6159	6230
715	716
65264	115290
4738	5687
914	924
6129	6147
80097	653784
7316	64326
6205	7311
3921	6227
9730	10425
5822	8568
857	64750
27095	149111
142	56655
6631	83443
462	3827
27327	84441
6434	10181
79895	222487
4173	7153
1025	23168
5536	51588
1595	5447
1981	6134
6373	10563
7532	57787
4085	55166
2033	9739
26118	51088
6159	6193
4646	23607
6176	6209
5685	5688
6613	7421
6128	6154
5266	6699
10388	25777
5435	5439
6139	6207
2099	54828
10574	10576
9787	10112
1062	23095
6176	6181
6194	9045
1490	10413
1509	5768
1387	10025
5347	6233
8573	57669
26091	57154
1462	10082
2959	79871
65003	219927
79659	92104
6631	57819
6637	23658
988	10403
6160	6164
5111	7329
6189	9045
5694	7314
160	29924
9919	149111
974	1445
545	6827
5715	139285
800	10398
57674	64718
7434	122876
1453	6204
5501	9126
7846	57545
8467	79595
5330	8477
3635	4233
9616	150684
5929	23054
7525	11099
9883	23165
23636	57187
5594	51316
4736	6173
8563	23225
7311	10952
11339	55166
1161	404672
1129	6572
7536	10181
5903	23511
5690	8742
1991	5657
84154	84365
6194	6223
8925	10489
2918	10563
84078	89890
7706	57506
4088	7048
9282	23097
27340	84916
3675	7057
3921	6161
2633	2634
10112	83461
6175	6235
1946	1969
6133	6147
1781	7531
4751	10133
1994	4686
2241	6850
23332	121441
4694	4713
7994	9219
6125	6203
102	160364
6160	7311
3312	10576
6144	6204
116	4914
1956	22905
54998	55052
23160	84172
5431	6924
6233	23014
9055	29127
6135	6233
5610	23118
1435	6696
51650	64976
5684	5701
2767	9002
4208	4209
10236	10921
7153	56992
1515	3113
7514	54821
7311	140801
9320	10193
8972	93432
6142	6181
6223	51187
5868	51715
2521	10921
6122	6175
51639	51645
1933	6135
695	6850
10802	51128
5707	126374
6165	6169
4724	7381
3187	7919
1022	6929
5266	5493
6139	6154
226	5315
7337	57169
1933	6165
1439	6776
2863	7204
10075	80204
4736	6161
6227	27042
1839	3976
5695	5700
10193	25831
4541	4712
10285	10713
5438	6827
991	29127
6829	55726
6194	6202
2271	4190
4670	6421
3183	3190
4736	6227
5328	10396
51650	92259
11052	51692
54474	121391
6176	140801
3240	56729
1062	9493
1457	1857
1660	10523
6122	6124
9320	26268
6625	9716
54881	65083
3993	84612
3111	3113
4709	91942
521	7388
4641	5879
4736	6181
1981	6206
3903	326624
9188	10849
6135	6194
6157	6165
1191	2162
9700	146909
2064	6714
4116	6173
5284	55004
6202	11103
1088	170482
9787	9833
1902	63940
197	2266
10533	26091
23218	84418
6139	6224
2305	22974
9700	57551
4839	25885
1161	5433
6206	6230
7337	8925
6154	6189
10458	10552
11137	51388
6235	219927
5093	10594
4508	4513
7094	22906
2222	3157
29945	90025
5048	55055
2197	6159
64963	219927
6203	6208
6142	51187
6869	347148
258	5179
6208	6218
3799	55605
2863	5332
3978	4171
2790	58191
6176	6227
7469	9656
4738	5715
1063	22974
23014	79791
3619	9793
57154	65264
6234	140801
8570	10657
1981	4848
7316	10920
3355	4852
2023	5223
107	2775
51650	54998
5777	10630
3843	55705
4173	79892
26494	344892
53905	405753
896	3717
10914	53981
302	56729
3838	6790
2642	4922
2197	10952
6167	6234
351	1234
27198	338442
5439	6621
6233	9101
6847	10734
5580	55970
7311	57154
545	6233
4853	27327
2588	9798
51	55825
10552	29763
3479	7044
22803	27340
1213	8976
4297	23269
7514	57551
8178	11267
5347	51343
6161	6232
9367	201475
6136	23049
3619	3832
2798	10886
274	11252
4343	6714
4695	4700
51289	339403
55872	83540
2597	7086
3921	6142
26263	92912
84135	134430
6159	6229
5440	55726
6208	6230
1364	137075
7979	10393
51317	57649
5747	7456
6208	140801
8687	8689
6135	55176
9706	22863
2033	3980
1129	4889
6136	6157
2932	5704
10256	54845
9055	10112
9320	55236
155	6343
6124	6133
6124	6189
5725	83443
22919	79172
25920	123169
6135	6152
2987	29922
378	22818
55884	150726
1500	5795
2068	51755
966	79090
4717	55967
6167	6223
6155	6156
7476	7483
6222	6231
5435	6637
5422	9918
81	3688
6135	6167
6130	6152
7852	8698
5021	6375
7311	10110
3066	84289
4690	10152
5518	6201
10526	55746
6142	6206
6133	6235
8664	116832
10540	121441
6836	8775
9790	23223
1536	3163
6872	6908
6173	6206
6165	9349
8615	9570
6165	6168
9798	27183
9412	55090
689	6160
5746	59350
23279	23511
3437	4938
6019	7432
996	197131
1315	9276
5660	10970
6137	6143
5437	23524
9700	10051
3895	3915
9002	55970
5695	5701
5434	5725
6136	7311
5571	8655
4584	4588
5515	151246
6233	154214
886	2846
4986	338442
9833	64151
2359	6370
899	22888
1981	8661
1234	1236
6228	9887
643	64805
7320	9604
1233	94235
4926	9793
6637	27258
5436	5438
915	29126
3875	3880
1915	6161
1291	1292
1665	23658
5657	56729
10466	55275
6130	6175
7979	8312
81887	102157402
3833	9212
6188	6206
6189	6201
6158	6223
6272	9500
5005	7276
7316	22954
6154	6185
6714	8976
6205	11103
5493	6707
23332	57122
7479	7484
6173	6218
988	10767
10592	11169
5516	151246
988	3066
4735	91147
6160	6189
797	7252
3434	55601
55746	57122
3761	3785
6167	6168
7322	7336
5329	11322
3340	375790
6193	6233
6161	9349
51023	92259
675	5983
506	8802
5430	55215
6631	11157
5688	5706
3619	51203
6154	6159
51264	57129
6233	140458
3185	10236
6228	6233
6125	6194
6047	9320
6790	24137
2147	3481
2207	338339
5432	79923
6847	256126
811	5034
2695	10266
6188	6202
5094	10523
6133	6201
3856	3880
2197	6727
4736	6218
109	53829
1431	1737
6218	7311
23279	25909
6461	10458
1660	6171
5437	23248
4751	259266
5869	25977
9140	83734
92259	116540
3672	3696
1669	56729
5526	7316
23149	51429
1310	169044
387	7094
3579	729230
6128	6232
3433	4599
3691	4233
1058	79172
6139	6165
6164	7311
3837	7175
5684	5687
8655	10671
701	10615
4519	4537
10607	55759
6133	11224
55168	64979
6643	58533
7840	347240
6168	6224
51382	338339
9477	80306
2131	2132
6137	6168
1994	10594
3854	8689
6182	65008
9128	51692
2790	22948
4736	6129
5869	7316
1350	10632
7003	7005
2197	6176
5439	6631
6209	8562
8131	64121
9616	79754
6135	6181
5093	10921
991	9787
84464	201254
2107	6181
3361	9290
9181	171177
1511	1991
1933	6224
11176	51742
6147	6154
9320	57542
7336	84861
1072	5216
3887	3892
4221	11168
28998	57129
1783	10121
1646	8644
6175	6181
6233	8322
1457	9918
1778	6249
996	57674
383	10394
6224	9887
26589	51649
11343	57552
10025	51003
29074	219927
2491	5529
1994	9716
51138	122769
1906	2863
6161	6206
9221	25885
3185	51692
5684	5694
826	831
3855	144501
9228	9378
6161	6194
2243	3698
846	4829
3308	10574
1783	54821
4736	6209
29074	65003
6169	6233
5557	23595
5426	5427
2072	6233
6176	6223
1387	27327
2521	5093
3190	3609
301	2788
4725	9167
3157	6307
4585	200958
22984	55127
1453	6224
6207	6234
5861	10959
2956	5422
22954	57542
5338	11145
344892	390061
3192	10594
9441	81857
9553	219927
6189	140801
10693	63971
2197	6160
6548	11261
8453	115290
6272	79158
1936	6132
6229	7311
3071	10552
2244	3827
3903	5023
9968	133522
6144	6209
7311	23049
5688	5701
5933	7027
51692	84991
1659	23524
22976	84661
1116	5199
147	2863
9787	10592
6169	6218
10181	10921
2811	2815
5566	57787
1601	8322
6144	6203
9790	27340
945	3689
9126	79172
9320	23291
8453	23291
1062	29127
1387	10498
6144	11340
4670	10594
3913	9459
163	25977
10949	23658
399	9411
7337	84085
187	5196
1394	4160
186	2914
3921	200916
6950	10574
57122	79172
8189	11100
4597	4598
6830	23168
72	58498
6170	140801
8533	54951
1062	5526
5822	22984
23047	151648
6206	7311
10616	51465
6175	6207
1163	10213
10919	29945
6139	6227
10075	51132
9793	57122
10298	375790
6175	7311
9318	11275
399	23526
6125	6139
7043	10916
1601	10618
2917	9934
10121	11070
2695	7434
11091	84661
4069	6036
11091	81887
60	2597
87	3688
5599	6272
51079	54539
4141	8565
3178	27316
6601	6602
6175	140801
6205	25873
3937	11184
4670	27316
10592	22974
6224	6227
3797	26146
10025	23091
11260	23636
1994	11338
87	51097
10121	26123
111	10268
6625	55749
6165	6209
695	971
3796	348995
5048	5516
5516	64105
4889	6751
6125	6189
6224	6233
5693	10213
9553	28998
23014	142689
10071	50614
5048	5515
9793	55746
624	339403
1933	9349
25831	197131
5328	5329
3673	3918
930	5336
1902	2767
1660	2130
3357	5737
1108	23774
963	3903
6164	6201
54821	57551
2206	3702
6635	84844
3978	9156
3914	3918
3198	5432
6173	6203
187	56670
51264	122704
6144	6207
4700	91942
1058	8655
3866	3880
51143	113130
6202	6228
5443	6370
5879	10552
1956	7039
1445	54845
9870	57542
57405	151648
6637	23636
6138	6205
6202	6204
1911	23028
2886	5155
1717	3157
10523	56949
7311	9666
3191	51639
6237	10371
1113	6855
6233	51132
3105	3659
846	50838
444	3091
23774	57459
9700	23279
501	85007
4691	9136
971	973
1347	84833
1933	6218
988	5062
174	2266
6801	7871
81537	259230
3183	6430
4736	6128
51203	64151
23020	51692
163	24137
1665	23020
23586	54476
2286	5479
6637	8021
1665	6635
5709	144165
1398	5599
5887	8450
6193	6223
6696	84141
79172	348995
6218	9349
932	3903
112	1880
640	7525
23327	89910
1915	6228
6122	6133
3113	3119
6850	9564
55755	261734
7096	10333
8454	390594
1665	5439
117177	121441
1969	2048
996	6233
3659	5371
10885	27042
6139	6164
8805	27044
6171	6228
5469	81857
51602	55759
6194	6207
9730	64682
6156	6171
8687	54474
10466	79571
672	7979
1665	4686
1909	2922
10959	22872
1129	5733
26354	54475
6790	10133
6137	6161
9128	10594
51023	122704
6136	6206
1933	6159
10632	27089
5928	10013
10250	27316
3185	6434
1793	5829
4712	4713
51330	115650
10664	22976
6181	140801
3836	22974
672	51755
5518	9887
6228	9349
8021	23636
6430	27316
389	6453
5516	5707
6160	6194
5179	7857
6164	6175
6204	6224
197	5005
377	29127
5440	10526
83443	84844
9847	23265
3433	8638
6133	6188
5529	7311
988	22803
1329	4726
5471	10606
2537	3434
23322	121441
24137	81930
6233	84251
51003	400569
23291	54165
891	2491
3192	5438
3354	6387
10652	51014
301	5368
6147	6152
6230	25873
6208	27340
2811	2814
598	6774
11014	51014
2912	5733
84676	140456
55166	348235
1025	25920
988	9611
3866	3875
3860	196374
3833	9700
6426	7919
344892	390059
3359	9177
6136	6231
26589	122704
1783	10540
23014	64219
8976	54874
54998	118487
831	3688
1452	5718
899	140460
6136	11224
3698	51156
3685	10970
22948	63971
23160	79954
3683	3685
25885	84172
3185	51729
4736	6203
57154	154881
3192	5093
185	2642
5880	10298
3655	5339
5094	10262
1022	1161
6161	6233
2150	10800
4237	4239
6135	6204
11314	100049587
3684	79895
5529	5711
5094	84991
9055	9928
389	30851
5422	55388
187	11251
3635	5579
51586	54797
4691	10885
9887	51121
5507	6233
57405	79980
8636	11258
8128	8703
3093	27252
7134	7135
3659	7015
3684	53831
521	29796
6193	6230
4544	5443
3181	10657
51429	54874
6157	6194
2519	3074
23283	27316
4116	84844
29928	56942
65003	118487
6224	6234
1453	6228
3921	6204
9378	54413
85476	116540
51258	64928
23322	79867
9265	27128
2204	23601
57405	113130
6171	6227
3827	4295
2064	9475
3689	5023
23063	23244
109	1392
10969	55299
2107	5515
6173	140801
9459	64098
25885	64794
1058	11004
6194	6235
5970	23291
9611	9967
7326	26259
6133	6164
595	5694
3267	10254
11059	65264
1063	9126
3688	6774
3184	57794
904	79577
1938	51121
5440	10302
1653	25940
1902	9002
4710	4725
3853	3868
10920	10980
6709	11014
2072	7158
6142	6147
1832	2125
378	51014
9793	84902
8085	26523
405	1387
4736	6154
9978	54939
3855	3880
11316	55850
10250	79869
1981	2197
84128	84946
7204	29933
1453	10121
6222	6228
6188	6235
302	23197
1062	10592
11070	51226
29127	54443
6147	6170
6136	6165
1937	6201
6208	6224
5644	6690
23521	51386
6189	6234
5067	137797
1136	1137
5526	6249
4697	4725
2840	4986
1173	8027
185	4922
8976	9341
6129	6168
350	2147
3655	3914
988	29127
4540	4726
5436	85437
7305	23601
830	3799
2146	58508
5701	8312
2912	5179
3309	51726
6188	6232
6827	10302
24137	259266
6209	23049
6156	6206
1781	3797
164	2799
6631	6637
7532	653784
5048	121441
6233	8450
1793	5747
64976	116540
4172	55388
51143	57405
3486	11098
5690	29882
6500	142689
3837	57122
3912	3915
4736	6232
3113	3123
5518	6233
8314	23512
2621	10272
5594	22906
4343	6233
6136	6159
6202	6224
26524	84962
4736	6158
10436	51202
3837	10575
3434	11274
10920	26263
54487	192669
4041	6422
8452	57154
537	10159
5903	10526
2826	84539
1081	7252
3660	10475
23397	24137
932	2358
25879	84294
336	338
226	2821
2033	25942
1994	11100
3190	10262
8175	10992
5023	10857
9738	203068
389	7409
9739	58508
6155	6208
1639	22930
4538	25915
11338	23450
4700	4717
27340	55720
57794	220988
4332	5657
595	896
5657	23197
6223	27340
11218	55746
2920	2921
4867	27077
2243	9715
1933	6202
5829	6385
1452	5714
7478	7479
6141	6158
10890	23011
1398	5747
4288	51203
567	3133
79682	387103
3688	5879
3921	6228
999	3728
6135	6143
6168	6203
6139	6161
22974	83461
6205	27340
6124	6203
1991	6036
2197	6193
6385	10755
3111	3115
6139	6228
996	1912
332	22974
2444	84766
1981	6125
6233	140801
6194	6204
6626	23450
6139	6203
6206	6232
6175	7178
932	51382
5082	10574
4738	55294
1660	4686
701	56992
1495	1500
1303	55214
5438	404672
4116	6132
134860	319100
1387	5469
4736	6138
63875	219927
3856	3875
26123	84902
6164	6194
186	3350
1994	10949
10291	51639
3350	4988
1781	11015
23524	51639
1500	3801
57153	160364
9585	81930
830	57511
5737	56923
9904	57647
23327	29082
4540	4707
1364	24146
9879	58517
3006	85236
3799	10671
514	4700
6218	6727
25929	57122
83597	135946
10663	56923
5269	5337
10574	22803
2064	5599
55052	219927
9320	51088
3190	10594
54821	55055
10175	51128
6233	9724
8514	10857
3685	375790
5528	23279
904	905
11339	79682
1915	6175
6173	6229
8945	23014
6154	6158
7381	440567
7514	23122
8312	122706
462	2147
121504	653604
5426	8914
1232	8843
8449	79869
5928	51317
2976	11128
966	3903
8243	9793
389	57449
1511	4332
1453	6227
6152	6233
7124	7316
9700	259266
5094	10921
990	10051
4691	10528
51088	144699
6206	25873
5701	51330
6688	7305
10813	65083
6169	9349
920	29988
3002	5551
3187	7536
1739	4646
1236	5443
1605	55624
4641	11127
6950	84617
4666	11224
1994	3191
1195	57396
6144	6167
6139	6222
55055	81930
3267	10618
6301	7453
1315	9382
6181	6223
1174	10016
6635	23524
6202	6234
3191	23658
9055	10592
1434	7514
11017	51639
9700	57082
1062	51143
7098	7311
3184	3185
3685	3915
4173	5983
6167	6173
1398	10458
9553	64983
324	8945
6426	9782
3920	80331
2804	64746
2255	26281
86	1642
2197	6142
1307	169044
522	84833
6143	6173
4862	79365
1453	6234
148	2922
5981	10051
54998	219927
55070	79176
2185	5879
636	22930
8886	25885
521	4700
6133	6167
950	3482
163	274
1937	6128
344892	390079
1781	6249
9716	10949
6176	6233
23354	132320
9883	23511
3921	6234
891	9493
6137	6202
1129	3355
5108	22832
6430	220988
26271	51053
6164	6193
6152	6171
1829	64065
3181	3185
9742	26146
10885	27340
3178	3183
2865	84432
10552	22905
824	831
1933	9045
9892	10109
3109	3119
9276	22872
661	10623
6228	29927
10458	10787
27127	256126
4904	10946
23332	91147
4436	7520
3683	5795
3675	375790
22974	23332
23511	55746
5332	55970
6154	11224
10607	55003
5023	64386
4736	6234
5048	64105
5954	51280
2197	4116
1778	5861
6130	6232
6138	6235
1495	3801
4700	126328
1462	10618
391	8503
6128	6208
2692	5745
3107	3133
1457	1459
2805	3242
1350	7388
5438	9978
3181	10594
2771	3708
23511	84271
335	338
5694	5715
9978	139285
6164	9349
5194	7311
335	345
1233	56670
9126	9700
3998	22872
26019	51121
6133	6222
1062	259266
6628	6636
9553	92259
988	23435
6890	6891
5695	7979
6142	6223
4887	346562
2740	5739
2821	5160
6138	6170
5286	6272
9553	51318
3685	9475
6036	6037
51023	118487
1062	22974
4670	9343
6136	6194
6944	81611
5687	5706
4904	10465
2935	23049
6160	6165
6745	6747
5589	23193
23291	89910
5579	5583
5879	94134
6147	6158
50813	84727
5879	257106
4853	9253
3133	3134
6203	7178
6222	6227
9126	23063
6202	23521
10592	51203
6164	6203
2847	4985
885	3061
6135	23049
3980	56655
6128	6230
1665	9879
501	51166
2788	2864
22888	51343
1292	1303
84366	360205
6133	6176
3376	51520
3174	6927
3918	9459
2042	2044
4999	5000
2200	3678
701	51203
9790	22803
6518	84329
6434	84991
2197	6224
389	9938
4717	84833
86	988
4709	9551
813	3915
6208	6727
6155	6160
4691	65083
8648	10498
4588	192134
4509	4536
988	6602
8924	79654
2965	8731
10153	79954
6137	6228
65264	90293
4686	11218
4867	80321
1650	6184
2938	2939
6128	6188
10388	27127
6233	25831
8337	85236
1650	3920
51	5194
6667	25896
6202	55176
1345	4695
3105	3135
1605	9459
8453	8945
9320	25831
6233	54778
1965	1973
7311	8290
6500	9134
9343	10523
4736	6175
23521	25873
4172	9700
332	10615
799	10268
6161	6227
6203	9349
285093	390191
837	841
645836	100287238
6208	6210
8663	9669
6189	6223
3301	10808
3107	6890
26589	29093
3491	84141
2131	6385
3181	5725
56670	94235
6170	6188
5557	8317
63893	90678
3837	5903
5093	84991
6128	6204
9655	50813
8886	84172
3190	23435
5868	51552
23524	27316
4116	6165
9716	23020
5578	5588
6610	7132
9126	55746
643	9294
7314	10980
4905	9527
9898	121536
5880	171177
9793	347240
6204	6206
1933	6160
9219	10919
9320	144699
6170	6228
1398	6714
701	4173
6310	84991
332	991
5034	5479
4695	84833
1062	4751
3673	3683
143502	285093
134	5660
2125	11187
1435	4924
3886	286887
6173	25873
9978	158506
87	6714
4638	4659
2305	3832
6204	23049
5023	8514
6229	6235
7311	23600
6139	6175
25915	126328
7321	65264
5093	8175
3113	10346
6136	140801
830	10652
1063	9700
26589	118487
26046	140461
3119	7535
9904	79050
9700	57122
6167	6208
5422	7027
4632	7134
7979	9978
6154	6209
3725	4088
9984	10482
2147	2159
516	51287
6222	25873
1431	4191
10523	51639
9219	57649
2767	5335
7311	57530
5795	9522
285	7010
2847	6752
9730	22888
3911	3913
10403	57405
3688	3915
4519	4540
9493	9787
7184	9601
4171	9156
1783	2491
890	9833
9833	10112
29074	51069
6453	8976
324	2932
27316	51692
10749	11127
6152	6204
6164	6202
336	3698
10291	27316
57545	121441
3909	3911
5501	79172
1933	6230
2358	338339
6154	6168
5879	6385
6338	6340
10939	23203
9551	27089
22954	55236
7320	390594
9276	10121
6405	23654
6155	6234
675	10111
57111	64284
10970	326624
5336	118788
6142	6175
2550	3579
2168	2169
10905	23193
6160	6193
966	11014
5869	8301
22974	29127
10959	22818
1291	8985
567	6890
671	1991
11190	26005
11339	64946
1778	2491
2914	3350
10236	27316
5516	5711
2691	59350
6173	23049
3689	199675
6137	6209
6164	6165
5929	80335
3633	171177
51715	57403
4710	4726
28998	64960
10489	79654
6168	6188
7337	23309
5433	55660
10652	149111
6124	6222
6176	6206
121504	440689
5611	10525
3133	3660
5707	5717
1983	6234
6210	8662
6157	9045
3458	3586
1453	6222
388962	654483
6227	6727
26005	121441
4713	29796
23658	27258
6134	9669
1398	7525
163	5878
1969	5879
2962	56949
3437	91543
9126	11130
4697	4717
6168	6193
2782	5082
55746	79833
88	4626
1499	5708
4792	5687
9343	153527
11157	51639
988	9793
6204	6209
54148	78988
29093	219927
6154	9887
3123	3127
119678	344892
54663	84365
5859	23395
6923	9646
566	1511
6133	6138
10849	84172
92259	219927
6141	6205
3931	4023
963	3685
10885	26155
8085	8289
6202	23049
9493	11015
5685	139285
4736	6157
10199	84946
2178	7398
1737	57546
6223	140801
9212	83903
23168	56254
54620	80204
1660	10921
6637	51503
8341	8969
4710	4715
2782	26086
2990	4125
8074	29106
51649	55052
991	9493
999	1942
6135	6173
522	539
4726	29796
2359	5196
6036	8635
5777	80184
4686	50628
920	5335
7840	84902
6159	11224
6635	6636
1062	1783
1605	3913
10213	29882
6520	8140
1154	23014
6136	6155
891	29127
6189	6233
9716	10236
6203	6230
4303	5901
10514	65083
3685	6461
7536	10236
891	7314
259290	259293
3178	23658
3937	55740
9014	57504
940	50943
1453	6209
10075	84231
1366	4072
6159	25873
6827	25896
972	3113
6432	10189
7454	8976
2034	3091
846	50835
2358	53829
3192	9343
7018	9829
7317	8454
988	51362
6165	6218
1667	1668
1956	5328
6235	7178
2623	6886
6222	6232
5692	5710
1453	6189
55127	65083
3655	375790
388962	552900
2521	6421
6201	6209
2817	4035
5590	23286
5707	23526
9329	55703
10112	22974
5747	10458
11095	157869
5717	8453
9643	93621
6129	6165
7283	22974
377	51014
6637	51639
6133	6152
3017	8969
5094	27238
6203	6209
6133	6230
7520	79840
6135	6160
5433	10772
6208	23049
5331	27334
4141	7453
9553	55168
2358	3579
8697	65264
1314	10945
1676	3837
4736	6170
10484	11196
3675	3918
3106	3659
7311	140458
6934	283149
3897	284217
26284	64965
6160	6175
1956	54206
84902	347240
6139	6233
3015	121536
6128	6147
746	100128731
6161	6181
411	153642
10403	51143
963	5795
6169	6234
6637	57819
419	390243
999	1001
1665	51729
6138	6144
1329	9551
1063	57122
3673	3691
7343	9112
344892	390063
8905	10053
347732	378807
6836	29927
51692	83443
6152	9045
1163	5706
1859	10238
672	84464
6500	7320
2185	3688
3054	11091
2962	54457
113130	151648
4102	158511
6227	9724
351	9002
6164	6170
3853	3860
604	933
1314	10427
4067	5788
6202	6210
5519	9183
8775	10618
79583	79867
7005	10413
3688	7430
1387	5929
6129	6135
9553	118487
5879	9181
55720	84916
1173	8301
3190	10492
7204	60675
100	51816
1778	84902
351	2767
3908	10319
10014	54880
6128	6231
6160	6201
1022	4005
2197	23049
10540	29127
3437	4599
9739	84661
5440	6827
5879	10788
23304	26268
63891	255488
4670	11052
54874	115548
6877	6908
8775	388552
5432	8450
6136	6209
259287	259292
2521	10523
6223	6230
2491	5048
6152	9349
5688	7979
6141	6176
7450	54756
10652	11014
7840	57787
991	5707
51676	64750
1536	4689
51289	259293
1103	162466
6152	6194
9793	10274
5879	5898
23304	23376
4969	11081
1604	54732
1969	2268
4088	23327
6217	27340
3017	126961
1915	7178
6632	6637
6209	6229
5711	6233
10552	23149
6142	6222
51602	84946
1453	6235
5928	9070
643	10803
1557	1576
377	830
2956	9156
1394	3973
54850	63891
6129	6194
6202	6227
6202	55272
6635	9883
383	8993
6233	51684
5422	84515
10526	23511
3675	7045
1659	51503
3664	11074
9320	26190
138803	344892
6142	10399
6601	55193
6128	6129
11193	22826
1783	79659
1783	11014
23350	55749
6426	6432
1062	1315
10607	55226
2695	2792
2033	25885
9862	84246
6165	6170
6159	6207
7415	10576
9126	57551
8648	23097
1763	10714
9648	79571
1857	5528
57111	401409
54543	401505
23309	57169
6128	6170
6167	6218
6205	6223
5717	9020
1933	6155
4670	57794
11065	83461
1088	6556
3433	23586
3921	6209
6129	6232
932	199675
10890	57403
6125	6154
2967	9015
1129	2912
4886	5733
2696	53831
8993	10394
1212	4688
6135	6203
6193	92856
4116	29107
7153	57122
990	5985
5339	6157
6154	6228
2912	5173
111	3354
6208	6232
6156	23049
2079	6637
197	3827
6176	7311
10577	56729
6921	10987
6418	54892
8021	11218
9793	79172
6483	8705
1432	5062
6160	6181
5196	11251
5518	6164
51692	57122
3903	10970
6161	6230
6133	6202
6201	6202
54069	64946
3109	3127
4535	4538
27229	55755
10189	79902
3912	5578
1894	29127
8886	55720
4069	4332
919	3122
3796	3799
5439	5451
1063	55746
47	2799
9648	22796
805	2257
6209	9045
26290	56667
7316	10552
930	29760
9793	26005
6233	64219
6432	6636
10885	54881
3240	4069
1994	3192
1981	8672
5438	6637
3184	23283
4771	122786
8541	64130
5440	80349
9117	90411
6142	6144
64682	79813
57413	59340
1025	6827
5914	58508
6203	6232
6155	6232
990	5422
7272	9787
6203	6204
335	2262
10403	348995
3913	51280
112	57413
3913	375790
64386	84329
9343	23020
7311	23032
51350	112802
4173	9126
64951	64976
2197	6233
323	351
1933	6205
3303	10963
3192	4670
6829	54623
3187	55696
4322	7373
5929	8945
6128	6203
11091	79084
5861	10342
1933	6157
4332	6036
5718	51330
6790	121441
890	11339
23646	147746
4736	6176
163	6233
988	53981
996	5347
51116	64983
916	940
4734	23291
3105	3107
5706	10213
9276	57410
6147	23521
6165	6204
1289	7373
3312	6804
8914	9126
57191	400720
6672	10475
7458	8662
3799	10112
4697	4700
5861	51715
391	94134
10274	51143
5023	10970
50838	259287
1660	10713
6122	6142
5707	51330
9493	11113
6138	9349
332	54821
187	6370
2623	3674
6136	6224
127385	344892
212	2623
4540	4712
1133	9002
251	152330
6142	6224
3579	57413
6633	25929
6128	6155
3185	23524
1983	6181
6136	6235
9475	9826
7458	8672
399	84144
4536	4539
28973	55173
221	5328
6227	9349
5725	10291
29922	80321
2071	6878
699	259266
79895	160364
2537	9636
6556	160364
1398	1794
283742	339487
514	4724
2475	9675
22995	27229
58505	100128731
6233	22954
5093	5434
4736	6122
8021	8189
1236	2841
4116	6152
9295	84950
4717	4726
1280	84570
9700	151648
6133	6234
51503	51639
383	56729
4176	5111
51073	84340
2197	10885
514	4695
6434	10523
51692	55749
3178	84991
9739	84444
1452	6500
29093	64976
7272	10592
3482	29978
6133	6142
6138	6204
7862	54815
10181	57794
6141	23521
4736	6228
6169	6232
1108	3094
5981	7516
9776	55626
393	399
1163	5684
680	2798
6203	6224
1350	4695
6194	6201
10302	11128
10969	29997
2157	27095
2197	6155
6181	9045
65264	89910
966	11322
1121	79090
6790	10112
890	10733
891	55839
6160	25873
5862	5870
6188	6229
9443	51586
84085	154881
1783	22930
695	7525
521	9556
6167	9887
3185	220988
1121	5869
8085	8945
383	3240
6210	25873
63915	84062
7424	8828
6205	6228
4686	5440
6142	6160
10250	11100
4736	23521
3133	9871
23279	57187
373	7322
727	51289
983	10733
6133	6159
1659	6637
6233	8290
6232	10952
6173	6235
3561	5599
9700	10403
60488	116540
26589	219927
6233	6235
6133	7178
6170	25873
1956	4837
2932	23291
3106	6890
3921	6152
6635	11100
6734	58477
4543	5173
1956	10413
9055	11113
10523	23020
1994	6434
8021	23511
5111	6240
1660	6434
3685	5795
3491	51280
9790	55127
6385	7852
6124	6202
2033	5929
10403	64151
3134	3660
5684	51371
6124	6142
3921	6206
6124	6139
3183	220988
10921	26019
6147	6181
5976	6134
7398	10635
389	9322
6171	6234
108	50837
6185	58477
7316	7328
351	7466
6147	6157
1295	55214
6124	6125
488	4853
890	7272
1981	6222
6155	6204
4194	57690
54821	81930
3178	220988
6319	6720
54998	64928
5439	6923
8775	9871
10403	10592
5037	10256
64151	83540
6621	79035
1434	3837
2597	7167
10274	57551
920	3702
6130	6202
10660	390598
972	3122
6204	6229
3856	5493
4695	4708
3015	79682
10193	26046
521	4724
6746	58477
2033	7874
6230	6232
2197	6210
1495	5795
3046	3048
7178	10399
3685	3693
1781	10466
6788	60485
10921	10949
6625	6626
6222	7311
7525	9844
6189	9349
2034	84962
3191	83443
6204	140801
65993	124995
6154	6160
2209	6688
6135	6169
6176	6205
387103	100526739
5565	51094
5929	81887
10523	51692
338	345
1176	8943
55839	55920
10022	259287
9787	54443
3619	23511
2036	116986
1933	6176
8590	285093
4678	83879
2888	5584
6206	6222
4323	4811
8861	90780
322	333
9564	9844
27161	192669
6631	51639
6139	6208
4707	51079
5023	84329
3849	140807
146	84109
5931	10664
4999	23595
6176	25873
28998	64976
6188	6222
4586	4588
3433	4940
10155	79943
6161	6235
1665	1994
521	10975
1660	10492
7317	9730
25909	57122
9887	26019
5929	10664
3351	346562
2033	7994
9341	25977
6156	6228
6147	6169
3672	3913
6748	10952
9820	26268
5516	5520
6175	6208
6136	9045
5870	81876
5519	5781
3434	9636
133	2790
6175	6201
9246	54778
1129	8322
887	3827
1121	79958
3852	3868
6201	29927
5700	5706
28998	29088
857	4088
1062	5528
9553	51264
6133	55176
6144	6224
6232	8662
4591	26263
6132	6201
3937	7305
4541	4724
29088	51264
6144	6188
8453	26043
8301	25977
3376	8565
1277	3685
4116	6168
6161	6201
920	2533
5828	5830
2935	6181
3832	54892
2961	54457
335	2153
5528	55143
1660	2521
3203	3204
1048	80740
23332	27229
5980	56852
6152	6231
6138	6181
3797	28981
8356	8365
8826	128239
6613	7341
2966	728340
909	915
9775	23020
4677	8565
6164	6209
5741	122876
4297	8085
1639	22919
6230	27340
64928	118487
6193	6232
5660	84061
6122	29997
2177	2178
6168	6232
3191	3192
2023	2597
6923	29945
6155	6164
161	26130
51465	51676
10615	146909
8698	55970
8945	90293
78988	116541
24144	83443
6461	9564
6514	6927
3912	84141
6146	6160
9343	27316
5438	8189
3054	80335
6631	22826
9655	9903
5976	6201
2207	8514
51318	64928
1783	5861
9793	54821
9343	9716
5562	9821
1435	3371
521	1350
3688	3918
24137	64837
81696	344892
6208	6209
6128	6201
11021	23011
6125	6129
6133	6143
10262	10992
2956	6117
54845	80004
6167	6175
6165	25873
6500	7314
657	9765
1241	56413
4540	4541
4172	81620
701	3619
301	9002
6628	55110
6141	6144
1495	4301
7204	10800
5433	11017
4670	10921
27134	100506658
6135	25873
6154	6165
51593	51692
6727	140801
6626	51692
9138	55970
4171	4176
64983	115416
130340	152503
6223	23049
990	51343
4701	126328
6128	6202
6155	6235
6135	6144
6210	6218
6233	54363
5795	6518
22984	79039
6204	6210
6144	6158
1033	9232
1576	2326
3215	3216
2491	3619
54908	55055
6375	10886
1660	9343
6227	7311
1290	1303
28973	51069
51014	54732
4736	9349
401505	100188893
5861	11014
9474	440738
3071	10458
6141	6194
5701	139285
10489	22888
3688	7424
25885	83743
6205	6230
160	6233
3918	5829
54885	152503
56902	79954
335	4547
2033	6667
9967	84498
9883	51692
6135	6156
685	2069
6228	140801
1111	4361
966	199675
7852	55970
10890	51715
6176	6229
6135	6230
6626	57794
23054	58508
6209	6233
3912	5747
6139	6168
1062	7272
6202	9732
7132	10616
336	3827
185	4988
6144	6168
6202	6232
4717	4724
23533	55970
1956	3691
5347	51512
2740	94235
2923	23193
643834	643847
80740	171169
8976	10787
51203	56992
335	3698
3797	79659
5339	6133
55125	79959
1965	8892
440	2617
4710	4724
8468	27127
6176	6228
7388	29796
6133	6206
6141	6193
6138	6228
6155	6168
671	5657
4976	55669
6161	6222
2036	4646
1111	23595
6159	6223
4724	4726
1022	5432
1738	4191
6672	79097
2672	6688
4548	10768
2788	55970
3376	4677
5330	29933
5584	55243
8945	9820
3191	23450
6227	6229
1398	10152
5500	5516
2197	9724
108	7252
196527	326624
3914	5829
6233	158506
6923	140458
4509	4539
1063	3832
3119	3123
3191	10492
6158	6233
1605	5579
7311	55008
1659	6635
7032	7033
695	3710
1062	6232
1282	1292
8337	653604
336	345
8329	653604
1555	54600
336	5948
10613	11160
5711	8453
4686	5725
6453	9322
7175	23279
9903	221687
1453	8636
6209	6223
672	22976
9136	84946
7381	7388
3109	3113
6218	55127
4736	6205
10607	92856
6142	6234
2792	10563
9371	79989
79019	85236
84154	84549
8607	81887
1290	5351
2525	10331
88	2890
6602	55193
1108	54815
1191	10916
1161	56949
6133	6168
3313	9093
527	6836
6160	6169
9716	51692
2197	6223
10236	23020
5519	5903
79861	81027
84231	140460
55755	347240
6122	6181
3850	3860
5985	8914
57545	79867
4008	154881
6601	9031
51318	51650
6233	90293
5001	10926
10285	53981
2773	5594
55131	84128
6194	23521
1943	2046
377	11015
3122	4261
102	1499
5685	5701
7124	10673
1915	6222
2197	6209
6635	24144
130	10720
29093	51264
7321	23198
6137	6173
1133	8477
6165	6222
6207	6228
4867	91147
9133	51203
389	117289
4713	4726
4609	7022
779	27091
1121	81846
6233	84231
4512	4536
9126	23122
4736	6168
400	57511
51143	151648
7846	203068
2207	79895
8453	8697
6210	9669
10749	24137
3688	375790
10621	11128
8689	121391
4088	57154
6228	9669
5501	9793
9877	100381270
3111	3122
3111	3119
5528	23332
1910	2147
6233	25873
5868	10890
6129	6138
1855	81839
3172	6927
6143	6160
5199	126014
6122	6194
5170	7249
10749	11014
26224	84085
377	55605
8027	8301
6161	6193
10075	23295
55829	58515
2197	6129
116541	219927
10274	113130
10112	11127
5427	9768
2814	51206
3685	5747
1277	5118
553	680
8337	8970
80328	116372
6167	23049
4700	55967
27316	57794
8334	8337
11128	84172
3084	85440
1956	3912
5204	6637
51116	92399
5901	729857
1781	11014
2968	6882
6262	11069
54577	54578
6129	6160
151648	348995
6146	6156
5868	23011
324	1857
25978	51652
6147	9349
3685	6385
64106	347148
344892	390326
3836	3837
728	6376
6133	6137
617	26517
5725	27238
2242	6237
5725	55749
3191	55749
7153	9824
3837	3839
259	3698
10885	55127
3123	7535
5872	6764
6143	6233
50835	50838
7317	63891
10274	57082
1325	2847
813	1435
1991	4069
55967	91942
6229	6230
147	2150
1994	9128
635	29958
6230	23521
3054	4899
8477	55970
811	2923
9039	10425
1981	6210
8349	653604
3184	6626
55884	115290
7525	10413
2800	4905
3192	23350
9363	64284
51692	220988
6621	6827
26005	80184
7532	26123
3107	5696
5528	348995
4736	6230
6138	25873
833	4677
5879	64333
6228	6234
4173	6240
6122	6136
7153	259266
7466	51280
8468	91646
1001	1500
6189	9732
2521	3184
3619	23279
1555	1557
6170	9349
3376	6301
6836	22820
6176	11224
3837	7514
3190	4691
6157	6175
6155	6227
3921	6201
6144	6147
3659	5696
5516	9183
2537	3437
3561	3635
915	7535
1387	5437
5552	83706
2521	51729
3119	4261
9793	113130
6189	23521
55055	348995
2305	4288
197	462
23197	56729
5440	6872
22936	64859
29796	55967
3857	3868
6143	6181
813	3569
1462	6696
3688	5747
10525	29927
7905	343169
2159	2266
5518	9793
4867	79600
64928	92259
6152	6169
7536	10921
2359	94235
9787	55635
996	8945
11339	387103
7249	7532
2519	11098
6498	64750
60488	64963
4670	11338
1291	55214
6728	51121
83597	135924
164	10618
10051	259266
4116	6161
4297	23309
2633	4938
10949	84991
6204	6207
2597	5315
7317	89890
6168	6208
5714	5718
6613	10038
695	3937
6159	6235
64946	79682
1573	8529
8365	8970
6129	6189
1981	6135
6209	140801
6631	51645
5469	10498
27258	51503
4666	6137
1232	4986
6700	26239
1994	6418
6155	6157
2002	6722
516	401505
891	1058
2268	5829
6139	6181
6206	140801
890	11065
7756	64149
2197	6164
5433	22794
8175	57794
1080	2147
122704	219927
3185	3192
11338	51639
5094	6434
23076	57696
1605	6714
4711	84833
1233	5196
9730	29945
1122	57706
3181	4670
9330	53981
23291	55236
6204	25873
3837	22974
3303	9531
11091	51397
988	9774
915	3559
2222	3422
3832	9700
811	7184
3481	3827
54939	55527
4593	57144
3183	5094
6206	7178
3458	6775
4116	6235
7089	83439
9844	10458
5931	7862
27316	55749
351	2817
1058	9833
9349	140801
5566	84902
329	51330
1956	5879
1337	27089
6625	23524
6142	8666
6202	6209
1783	10112
6193	7311
846	2798
388	23370
7204	8976
332	81930
3191	10236
8816	79269
1062	5903
3190	51692
2962	6908
6227	6232
1234	4544
26091	64750
6137	6233
3646	6156
3134	6890
5435	6633
6223	6233
1069	10383
1499	128239
3685	10857
6189	8562
3127	4261
2521	27316
120776	344892
51501	55746
6175	6193
8729	22820
3488	7857
1665	10291
3184	10523
1781	9493
1857	6233
10713	26121
6128	6171
10575	22948
2358	23601
6167	6210
545	902
8453	9666
3903	8514
219965	285093
5528	51143
6872	81887
5931	54815
8871	51429
8533	10445
1793	7525
6234	7178
26224	55208
6207	11224
64682	90678
5439	51639
6157	9349
6168	140801
4715	10476
3071	7454
6152	7311
399	7984
1793	100423062
4736	6171
846	259292
4512	4540
521	7381
4172	4998
5338	5579
11339	55143
9655	26190
6144	6155
974	100423062
87	6385
10236	51729
5701	7979
79132	91543
833	3376
5880	10458
6159	6165
799	1812
10802	10960
6130	6154
3672	3688
80321	91147
10733	203068
5879	8853
6133	6207
6136	6161
6143	9045
6142	6157
156	351
3640	5443
1665	84172
9076	100506658
6233	257397
6203	6231
6157	6233
2071	2967
3178	10949
9510	11096
3689	7305
996	51088
22976	58508
8841	79685
3832	4288
5439	84844
2033	9716
6158	6208
6634	22827
377	10540
3921	6165
4008	22954
6138	6206
580	10714
11338	23511
5094	220988
1950	6678
8581	10232
5684	5706
6133	6231
2817	3340
813	1462
595	4609
4717	27089
8351	8363
1500	7525
3619	5528
5872	8766
5977	8289
1327	10328
5116	55125
4709	4725
4641	10890
27334	55970
988	55770
8729	9276
353132	353133
6218	9887
6141	6173
9570	22872
54960	79023
3422	6721
6128	6160
3007	3024
4588	140453
8655	27077
23291	26091
4926	5116
1291	10491
29093	116540
6159	6205
6234	6235
152	5580
6154	6232
1669	10394
10465	57819
1453	10427
5694	5695
2197	6170
6147	6159
7054	57016
27042	55153
6189	6218
6453	22905
6138	6232
1933	6175
51289	259287
6146	6222
6161	6208
79172	151246
5435	5441
10594	23450
1665	7536
6141	6159
6556	170482
6698	353135
3980	5439
6129	9045
60485	84962
4069	8635
6144	7311
3113	3122
3683	8514
6143	6175
2197	6229
9820	56658
6637	9883
9443	10025
3188	3192
1269	56670
6167	6170
28977	64928
3685	3695
5518	25909
5347	6232
8318	54962
6233	7178
29796	54539
10594	84991
6164	6176
5347	11190
7381	29796
5558	8317
5119	9798
7311	25873
2023	5230
6129	6130
4735	23322
6201	6210
11091	22976
689	4666
10965	641371
10945	22820
6154	6223
10885	23404
4999	84515
5869	8411
1728	3162
55901	170692
4948	7299
6165	11224
199675	338339
23560	84172
86	57634
6194	6203
7134	7139
9662	132320
64928	64951
160364	199675
5725	8661
6453	10254
8021	11338
2107	6137
2935	6207
3675	3912
4725	55967
338	51156
1400	56896
9690	64682
7272	10403
22984	65083
5741	8074
344892	390275
1783	5529
26146	28981
945	222487
213	5265
1453	4809
5528	9793
7919	8106
7311	7321
11015	51014
57530	100506658
5929	23067
2033	8289
6133	6189
1595	4597
6164	6169
23322	79600
3133	3659
7003	7004
10022	339403
8065	84259
595	6777
6228	7311
2197	7178
940	8516
988	24137
6147	6210
3015	10284
1406	4901
6626	10921
156	9002
3675	4233
6136	6173
6158	9349
374	2069
3491	3915
1981	6139
5335	7305
5685	10393
51132	54778
302	10383
6218	6231
7337	197131
23421	64946
6144	6160
55055	378708
26589	51264
1499	5819
6201	6206
5093	11338
345	2262
6233	653604
3673	3688
6155	6202
5706	9232
10749	11015
4131	5048
3181	6628
4736	6229
719	945
1665	23283
9055	22974
1537	54539
10540	51014
1968	8661
7311	23521
4712	4726
7536	10949
983	7272
4508	4536
4670	23658
6572	8322
3913	5747
64131	375790
6133	6194
1793	3071
4708	4726
521	4694
6138	6207
6138	6164
64682	390594
3688	3693
1435	401138
3683	3903
22984	26155
1435	10618
5747	23209
6138	6165
1785	4830
6165	6206
127247	131405
23160	84128
988	5985
1933	6233
1230	2833
1088	23601
857	284119
2305	9133
6925	6938
5900	22800
3643	9021
10427	10483
8648	9282
344	26020
6124	6156
3695	5747
29093	64928
8945	143279
1793	5880
1291	5033
6122	6234
5529	5699
4116	5435
4599	10964
902	1161
9978	140458
6125	6185
2932	5516
6155	6228
2810	4486
2801	10802
5528	79172
10133	81631
5861	81562
2073	8451
8663	728689
55166	79682
1665	5440
9320	197131
4736	6206
9730	390594
2073	5424
186	2913
8334	85236
10022	56923
3312	10808
28998	29093
6599	57492
27089	29796
5928	192670
2203	5213
6218	6230
6169	6201
10236	10291
10262	51729
1362	9698
6217	11103
641	7316
3054	5929
10181	10523
6161	6229
5438	6621
6165	6231
84870	343637
11014	23046
6122	6176
64951	64979
6170	6206
1398	5781
6169	6235
988	10574
830	10540
977	5339
4700	9551
4850	55571
5903	6633
1364	1365
902	5438
963	326624
9126	23279
5432	11051
821	10802
1129	5179
2147	2153
6500	26263
83540	151246
6709	7430
80168	346606
5747	9844
5093	6625
4085	79682
3672	3915
4710	27089
28981	79989
6135	6224
5879	50807
10096	10097
9833	22974
6147	6203
2122	8535
3178	6434
6049	23304
5985	83932
2740	5746
3190	5093
6139	6147
988	6950
6139	6230
1536	2204
3190	10523
671	4353
6137	6142
51121	57418
8688	121391
4670	9716
79172	151648
3312	8871
3909	4233
6161	6228
6144	6165
5469	8295
3683	10857
5516	10023
5726	6755
983	9126
1386	6602
5441	10980
6203	11224
283111	344892
3212	8338
6130	10399
50835	259287
5149	388531
6173	6176
3192	5094
23020	51729
2197	63931
9887	23381
4736	6133
1062	54821
3184	9716
9652	23517
6156	6160
831	5829
1058	64105
55168	64928
9716	51593
6207	7311
7311	154214
6165	6188
57153	199675
57129	63875
1605	10298
9738	10733
1794	5880
6152	6154
51650	64979
9675	57521
51382	79895
23295	90678
2730	2937
2790	10575
6621	10302
6176	6189
3973	4160
940	3695
23014	56995
1350	27089
5725	23658
11145	122618
51109	54884
329	330
23212	65083
1650	6185
5393	51010
7398	10714
6222	23049
1058	55355
4357	54205
3183	10236
102	84141
23279	57551
6206	6209
988	10592
6455	7316
5351	8985
6164	6227
1495	8394
7155	10036
6194	9349
1937	6222
148	2837
6019	9340
131873	256076
2521	23020
28998	65003
6142	6152
2804	4905
5518	29888
57154	151636
983	3833
53829	57413
2792	138883
6515	144195
112	3579
1398	1793
5697	6750
9672	375790
9371	10749
117	2784
6154	6161
2521	6625
9126	25936
811	10130
9221	84172
3115	3123
1453	80097
705	51602
10921	23293
6189	6207
983	79959
6165	6228
55702	56949
3190	23658
6227	6230
2243	3481
4709	126328
5868	5870
51116	64963
23020	56259
831	5747
641	4439
3619	10274
5438	51755
9493	24137
5048	151246
6711	10466
6218	25873
6430	6432
3192	51729
1058	57405
1350	4697
4343	4853
109	10681
4839	55720
7337	51132
3105	3133
1084	338339
2957	5433
6625	10236
3185	3190
329	5701
23421	55166
4706	4725
11116	79959
57678	253558
5093	5094
16	2617
5699	64344
4172	5426
55755	57787
6169	6194
4514	4519
4736	6137
10857	196527
3850	196374
160	1601
595	4602
11130	79902
7311	55670
2033	6872
5036	10576
6625	51639
6156	6204
2521	3192
56667	140453
55850	113220
3875	144501
8976	51429
351	63940
3188	23658
5529	81930
3192	27316
7478	7484
6599	6602
10412	79039
6129	6170
197	335
6160	6234
462	51156
1063	8243
1000	56975
9276	11070
6157	6223
10432	10949
3190	4686
6206	9045
6144	140801
3133	6890
23046	51014
29763	51429
1088	2358
1738	6470
1595	4047
4927	9212
7156	63967
3190	51340
8843	50834
25885	27340
6138	6210
6206	6224
6625	6635
9585	24137
1824	1825
5685	5687
1983	6176
2081	7494
5905	6232
10121	26005
4116	6135
10250	10772
3350	84539
11339	100526739
26263	54939
1994	3609
6184	58477
2197	8662
6119	56949
846	51289
25793	84676
3185	9343
472	5884
1350	4512
2185	3320
4726	9551
999	9839
1129	4852
11339	64105
23517	134430
846	259293
4670	51692
6124	6146
641	2177
1555	1559
3192	23283
2920	3576
4736	6156
51650	64951
566	6037
3685	64386
5688	5694
4686	5976
2151	2791
6147	6155
6210	9349
8648	9967
3360	10888
22905	115548
6189	7311
4708	27089
1937	6134
11118	11119
2197	6202
1063	57551
1956	5796
8365	333932
5684	139285
6154	6208
5093	6626
3687	8514
3488	54757
5516	6500
4738	5688
6144	6181
988	55215
2801	5861
3880	144501
54939	55294
5432	6205
5516	5529
6156	140801
2965	6749
6625	57794
51421	60485
6168	6173
11100	23524
1956	5579
55226	84172
6189	51187
1062	2491
1660	6626
4512	4541
6138	6168
1786	7027
54998	64983
2207	23533
3854	3861
1824	5493
81930	259266
3912	5829
3267	22848
10193	10489
6144	6233
1347	10632
1293	1300
6133	6232
5711	7311
4254	5777
25	10163
1870	5928
8924	22888
971	974
6141	6161
4670	51729
6167	6228
2958	5435
6144	7178
1981	6204
4839	10885
2957	51616
301	2790
92421	440738
3675	3683
1994	9343
6158	6205
6158	7311
23112	27327
3105	3134
23165	51692
6159	6188
699	1062
10561	55601
4064	9450
8329	126961
4686	23168
83743	84172
6159	9349
6160	6207
55003	55299
6168	6181
2931	8312
4609	7020
27316	84991
6142	6143
545	6923
4725	4726
4839	6156
6429	9295
6144	25873
1025	10302
53829	59340
5426	9126
4751	4867
1601	29924
6133	6135
11258	93661
155	796
6218	6233
2147	4295
9730	63891
1478	9128
719	8514
161	6233
2784	594857
6155	6194
6124	51187
5718	339745
891	55872
6453	115548
389	394
5810	54962
10489	54620
4069	6037
6625	27316
9553	51023
6181	6230
10022	259293
4538	4712
983	5000
3184	6427
506	3313
156	2790
5438	6625
8452	9870
84902	91147
4809	5435
55143	151648
8317	23649
1329	4713
6189	6204
3113	7535
9493	10749
6156	6176
4707	4709
23332	25909
5695	7314
6142	11224
672	7516
6169	6193
332	9493
6201	6232
6637	23524
4707	7381
6130	6209
7453	8565
4283	6364
344	9672
23304	84085
1876	10445
23054	23512
6139	6232
197	2147
2801	11014
830	10282
3619	29127
466	1386
64105	151246
54657	54658
846	259295
351	5340
2803	7110
6136	6232
10426	55755
5519	10274
4116	6202
1524	6370
3191	7536
3119	3122
1431	54543
3832	259266
51203	55143
5433	51645
4691	9790
6249	8826
1241	1902
4736	6193
5440	27258
3836	7534
6637	84844
4236	10291
3911	5747
5519	51400
6709	56729
8969	653604
332	1058
6194	6206
81	1495
10155	25888
3362	3640
2788	27334
399	445328
8886	55127
6241	51203
6224	6232
6208	7311
905	2968
5469	9967
10921	23511
9306	9655
302	79026
25831	140460
1292	8974
11338	84271
6233	7874
9877	23279
2071	55677
5093	5546
23279	55746
2197	6152
4343	84441
6173	6223
5283	51227
1983	6205
2915	6846
7184	51726
259292	259295
1969	3055
10714	23649
9672	64131
2960	4763
10075	54926
5426	10714
2625	7031
4173	4175
9978	285231
10749	29127
1277	8974
4540	4710
6233	221937
3681	8515
22872	100302736
3192	23658
4035	5159
1387	400569
2790	27334
7516	11073
6168	9887
2719	3698
6158	6228
6635	23636
988	58517
4707	4717
7110	90196
9439	23097
4436	254394
9793	23332
4893	27006
1994	10498
27327	80012
2633	5371
1063	54821
6152	140801
9126	9656
2641	346562
6206	6227
6175	9045
7027	7298
8945	25831
9739	23067
10890	10971
6122	6232
26470	253982
163	8976
6222	6233
108	5179
7316	9929
1937	6133
6227	6231
5868	57403
1129	6751
10291	23658
3882	8689
383	5657
6997	10637
3190	9343
3434	10964
1665	55226
5868	64145
1783	11015
1108	2033
9833	10403
5336	7525
1665	10523
695	3725
2358	170482
3320	57545
6122	6139
10302	55718
6132	6224
6122	6206
55703	84172
5795	326624
2767	64407
51138	390594
6128	6138
9212	55355
1062	55055
332	5528
5693	7979
2147	2243
3304	9531
10199	84128
5878	8411
6232	54821
9320	154881
3301	3303
8065	83737
3048	3050
7311	8945
701	23047
5094	27316
58506	130074
10236	10946
10412	23517
3669	4939
5683	51684
6141	6168
378	9276
8615	9276
4886	4889
4735	23332
1857	5699
383	3074
6204	6218
1660	3185
6137	6169
1665	27316
5516	5714
4088	25937
29945	84108
55763	79058
6750	6754
6233	10489
2837	5331
7311	90293
378	55605
6830	9646
1337	1347
6165	6208
4686	8021
6233	151636
79339	344892
10155	90233
23291	56929
1062	10112
864	64750
4695	4709
26043	55666
4734	23327
2207	7305
1398	9564
6838	56342
728	50835
118487	219927
23397	56992
6137	6170
3512	100423062
1063	10615
5709	8454
10321	57554
521	4726
3549	6469
1793	6461
55832	57542
5204	10471
9918	259266
2635	3659
6234	8666
11113	259266
3685	326624
3921	6194
7409	653361
2962	3192
9820	90293
9021	140462
9382	10905
2146	22976
1981	9669
932	966
6160	9045
2848	285601
5594	5781
988	23397
2664	80006
64963	92399
23601	160364
6175	6222
6556	338339
6426	23517
1058	11339
6868	7311
9320	84085
2268	2817
6234	23521
5869	8027
680	846
64769	339287
10498	25942
6129	10399
1915	6147
3192	51639
4069	5199
2197	6165
5878	11252
121504	333932
1350	4726
5868	10618
336	350
51762	84932
6170	6227
9793	22974
26589	51318
26091	151636
4694	4726
5731	94235
5094	55749
10523	11100
5515	5526
6231	6233
2896	10493
6182	55052
10445	51138
6165	6230
6139	6204
6152	6203
6160	6205
6173	6227
1452	5515
5432	27125
7082	25937
3188	9128
4736	6165
1783	11316
24144	51639
1340	27089
522	9556
5476	5834
5725	10492
83551	134860
2197	6201
8473	10724
9126	113130
1315	9570
10274	10403
10293	200845
5460	55211
6158	6194
25920	404672
1524	126006
1991	56729
91147	121441
2843	151306
6124	6159
56165	91646
5469	7182
2980	2984
10959	55605
6692	6768
81797	344892
4839	79039
23218	196527
1314	9632
627	6016
22948	84617
945	79895
1824	1832
867	10097
4809	51065
4617	4618
3619	9700
6240	10051
3921	6168
1601	8976
9793	81930
7082	100506658
6428	22826
7124	8740
6155	6167
527	10159
3071	8976
6181	6229
6124	55629
671	1116
11339	51203
688	5468
2865	23620
4712	7381
353137	353139
23586	55601
950	25977
9020	51330
29127	55872
1398	6461
4694	29796
3169	55766
3609	10236
2648	9013
9739	80335
7249	57521
2243	5005
1981	6230
6181	6202
51592	64682
3048	4778
5685	51053
2633	3437
9055	9493
3017	85236
983	9631
10885	65083
3113	3127
6124	6147
1630	137970
4852	5179
3881	54474
6167	6206
699	10592
1495	5770
6132	6227
4924	10618
830	5048
79039	79050
1398	3685
6790	9493
1387	25942
10552	100423062
6159	6173
8697	11059
2206	5335
7905	120066
6141	6234
23601	338339
4734	9604
6138	6175
830	5870
400	90196
6228	6232
11100	11338
3312	29763
8907	10053
26146	64792
51429	54885
657	659
3339	3912
6152	6232
9700	10615
6161	7311
6461	10787
516	521
514	93974
4233	8976
5788	7852
570	54363
1994	27316
5683	8312
4508	4514
5335	8698
153	6343
6147	6175
1982	5725
988	8243
3767	6833
6518	196527
6170	6173
6167	6204
2197	6228
11251	56670
5424	5591
6233	23049
3725	9070
22794	23398
7317	29945
9045	25873
8945	9870
3192	8189
9126	23244
83597	390174
23063	55746
10236	11338
727	10022
9318	54165
3185	84991
51264	118487
3576	6347
10615	56992
9585	10112
6209	6234
570	23600
6164	25873
10102	28998
6631	6636
6160	6176
6209	9887
3122	5641
701	9700
10403	10615
920	1234
3690	5908
2147	3827
56923	259293
4734	22954
5880	7454
5029	5724
29078	126328
29093	122704
3094	57649
4736	6142
513	1339
5822	10885
3687	22918
3192	57794
1103	6572
153	6344
2799	7415
6154	6173
1069	27077
11169	23649
8334	8365
51362	348995
6478	79876
58505	200185
6209	6222
4695	9551
2243	2266
9730	84231
9416	55660
7311	64750
3703	6185
489	4853
5880	80728
9188	23560
1660	3181
8843	338442
3106	3133
4626	8735
54620	90678
7272	10733
3192	55749
6168	6206
6128	6157
2683	5660
153	155
6159	6168
7337	84231
51503	83443
3832	9833
54996	64757
51650	219927
6122	6161
9611	23097
114	259285
1453	653784
1173	5868
22794	348995
7283	22897
9787	10403
4670	5093
5903	23279
9601	10130
5867	5874
6625	11338
8945	51684
156	5021
4057	6709
3482	10618
1660	5438
51264	219927
988	60682
2862	2915
5518	6139
1793	8976
47	1727
5434	54845
3675	3914
7110	79571
6161	6171
6128	6142
5547	5660
3685	84329
6428	7307
6233	221687
6139	6159
846	339403
3903	79895
988	10640
9837	11169
983	79172
6158	6206
6228	6230
51602	84128
7874	9716
5832	118813
6173	6209
6209	6227
6147	6168
10749	51014
6164	6206
4700	4712
3796	5519
2214	2215
5741	10266
6830	85403
6708	6710
10262	27238
3191	10291
891	51433
6829	6923
5093	9785
6122	9045
8570	22894
7336	22976
6772	83666
1314	2804
11325	55749
4508	4512
174	3698
950	8976
26190	197131
891	6249
2790	7204
1111	2178
1785	58513
4536	4538
11340	23016
2916	3351
23059	55112
6793	10857
6139	6176
57405	79682
3683	64386
1471	5034
2064	7311
3178	6421
338	2262
7454	10552
6182	51081
1933	6147
23309	79595
6161	6167
1660	10291
6232	25873
9790	23560
51121	81887
6167	6201
1660	3184
6908	83860
462	2155
1340	1351
6169	6173
2521	3181
1829	11187
8337	8349
999	1500
2521	11338
174	6694
6203	6228
5695	10213
5436	6637
6160	6173
6152	6224
6189	23049
4724	91942
3619	81930
996	23291
389	257106
514	4726
8723	51143
29093	65003
27229	54801
3122	3127
8243	57122
10022	259292
335	350
6125	55176
3354	11255
6223	6224
6218	6232
5829	6461
6625	9343
8945	285231
3675	3909
10735	23279
7272	9833
6139	6160
1043	7512
27	4690
64151	157570
6168	6189
1060	348995
64284	401409
3909	3918
4171	51514
9140	9474
6147	6235
7532	57521
5781	10818
3017	8349
55920	79023
3895	11167
5155	83706
8816	51122
3396	51081
5928	8085
5330	60675
5424	7518
10491	85301
7874	404672
6158	6159
4988	84539
2792	26339
6133	7458
1287	1288
641	116028
9793	203068
6194	6222
8468	10734
185	186
551	6846
84643	93661
399	7204
3688	7052
6165	7311
9188	25885
5930	7334
6456	9892
2207	3689
1981	6201
6232	140801
6206	6235
4947	5708
3921	9045
9807	51447
4707	4713
84962	126374
6233	55252
6169	6189
2023	2026
27	1398
3437	6772
6128	6156
3685	3912
3202	3203
6500	10920
1822	23028
5347	9738
10857	326624
6130	6137
3913	5954
3619	79172
5436	7936
2784	3763
6703	6704
1778	2801
8688	8689
5713	5715
6203	23049
6836	10945
9341	51429
6122	6207
6774	9021
3109	3111
7305	10870
84861	390594
6208	6227
6233	83987
5311	9727
111	1812
27258	83443
6147	6165
990	3832
51343	140459
6170	6202
3015	256126
10412	57418
6908	10919
1477	6431
545	5433
6147	6230
6152	6168
6129	6228
64318	84128
26338	65055
1717	3422
6222	6230
2033	8648
7082	55243
4713	51079
2262	2719
6209	6232
6309	6713
988	7112
6194	6224
57129	65003
377	11014
3190	23283
11253	23193
2963	6631
3191	10432
2033	10014
5976	6167
950	22905
3713	6705
1287	55214
2847	594857
6137	6234
890	10460
7317	140459
6168	6233
5179	9210
2207	100049587
1639	1778
5394	55127
6141	6142
8468	10388
29126	80380
7317	9690
1073	54434
6155	6224
9666	89910
25827	126433
51289	56923
1387	8648
50506	90527
8881	29945
2767	5599
1435	84141
28981	64792
5266	6707
6159	6181
6698	6707
9870	26091
3685	4035
6234	8562
2767	29933
6146	6164
1499	6233
51729	83443
8807	8809
2209	2268
6173	6202
2222	2224
6130	6188
5829	7525
1660	7536
1490	7004
10523	10594
684	4939
351	6370
6223	6229
11127	55605
5930	23295
5202	10471
3912	3918
5707	6386
6418	10051
5861	51014
23279	79172
8662	9669
3054	6872
56929	79176
317772	440689
11235	25843
1778	3831
5688	5695
1290	1291
5196	6370
1535	57126
6773	10379
5193	8239
9015	57504
6161	6210
6233	23295
6233	11059
51649	118487
890	1062
10885	22803
9128	10523
117	594857
1387	81857
26589	28998
887	5020
10236	10523
643	50865
2768	5879
2200	401138
5094	23283
6138	6142
1781	10112
10921	51121
1499	5781
6160	6224
11100	55749
6137	6158
23223	55127
1915	1933
4297	51230
1601	8301
6144	6232
7184	84141
6206	6208
6137	6229
6429	9410
671	10394
3880	4072
3013	8334
11218	79084
9282	9968
1933	6137
988	3839
6208	6222
1717	6307
6152	6181
273	8673
28977	54516
5976	6154
1398	11184
2790	2863
6135	6223
3921	25873
6223	6232
6130	6138
1946	5294
5684	8312
3619	10592
6135	6175
9875	27340
5685	10197
3181	3191
5692	51686
2799	5476
4208	5533
5797	25945
6210	6222
580	10635
5725	10949
60	10093
9604	83737
1937	6138
6167	6232
25926	84128
51318	219927
9343	10236
22954	23014
1656	27161
6193	6235
404672	102157402
1277	22801
23028	57504
9739	9757
6175	6223
5546	10262
6124	6224
3123	4261
3832	5422
1994	5094
6210	27340
7979	139285
26249	140460
3309	10049
55759	84128
4512	4535
10540	11190
9329	10621
54821	79172
1500	4646
1063	5501
6168	11224
4708	51650
5493	11187
9493	10540
1329	10476
4717	4728
92104	150737
6185	84061
6157	6207
3312	7037
1062	5516
10274	23122
2197	6227
3660	5696
5431	5433
6134	6171
5929	58508
3161	79441
84648	353137
1161	51426
4599	10379
6204	6235
10975	126328
1241	29933
841	1281
10885	64434
5693	5694
5591	8924
6122	10399
971	29760
3619	113130
54778	140460
10332	30835
9553	122704
10153	51602
6147	6164
1500	6714
84861	143279
672	7153
3913	3915
8542	84141
973	29760
1659	23020
1783	6249
6599	55193
6135	140801
10155	10780
6138	6218
6872	404672
3055	3684
27340	57647
9371	23095
2521	57794
1660	84991
25942	57690
959	10673
4514	4536
57787	146057
8925	197131
54998	64979
640	29760
4538	4695
4632	7139
10749	23046
6233	8295
6628	8683
24144	51645
5438	10302
23112	26523
1277	4060
9716	83443
79600	79867
6453	7311
160	1213
2207	3903
26235	90025
7311	9020
6130	6207
11338	51692
6625	10594
3915	7402
29074	55168
3915	10130
5439	51755
811	3309
2784	7434
6152	6161
2847	6363
8514	22918
3181	3190
5976	26019
336	2153
3185	55749
6193	6194
6155	6231
6631	27258
6142	140801
9739	25942
9724	55127
4701	4713
6201	9887
330	8887
719	63940
64318	79954
23301	30846
988	10236
8334	8341
1933	6130
6637	51372
10426	55835
10640	23265
4540	51079
6159	6224
629	4179
332	10112
54908	91272
2962	6434
4233	9564
57403	81876
6157	6164
553	3062
11073	84126
51154	55003
1173	9341
2266	3481
4116	140801
6156	6165
6136	6188
641	5424
6136	6142
963	10857
4736	6167
6233	7098
7124	51330
4738	5685
916	917
6124	6230
3433	10964
8453	9320
6128	6169
6146	6227
51645	81608
1915	1937
617	10469
23601	170482
57082	151648
64951	64960
2832	117579
5862	8548
247	3479
9133	23397
7322	51397
6461	6714
51649	64976
963	1536
1120	5130
6194	6234
1022	5887
6667	8648
6142	6205
9757	23067
6189	6232
9666	51088
7533	10971
5516	51400
5709	10213
4709	10975
2788	2790
3183	6434
7871	8428
5869	8322
4928	7514
6908	8812
6229	6233
5684	8658
6181	6234
10664	58508
351	27242
7337	9320
1857	27130
22954	26190
6138	51187
6232	11224
7514	9972
9341	23149
58	5879
1991	5199
29093	64983
4173	81620
9276	64837
1668	728358
2790	55970
9969	10499
8365	440689
1008	1016
120796	344892
6207	23049
726	831
60560	80218
3191	6625
4171	10036
7454	7456
6230	7178
6138	6224
643	1268
3178	3190
6667	23248
8106	29894
8976	10458
6142	6154
4763	10197
1347	4695
2242	3718
351	3912
377	11127
226	2539
4111	158511
53981	79869
9553	64976
672	5893
5929	8085
1665	9128
6222	9887
4707	4724
2932	6790
2792	2918
6142	6173
4254	7409
1459	9918
4736	6202
7178	25873
377	1783
11103	27340
2892	2903
1656	80153
10121	79867
996	5708
1660	23658
146	886
26155	84172
861	57332
4540	4701
2963	11193
6154	6231
4993	344892
4624	4635
2521	3185
4686	25929
226	5223
2675	220164
1314	9276
22984	23195
6135	6210
3937	7409
39	3157
389	94134
54778	84231
3184	55749
57082	79172
2033	8467
5862	57403
10112	10749
506	1431
1933	6136
219858	344892
4641	10552
4508	4538
146	2846
3092	9146
8925	63893
2197	6168
1137	1141
9276	10945
2266	2719
6188	6227
2641	113091
63891	84861
9585	10749
6207	6235
6205	6207
7322	26234
3190	27316
6143	6202
5093	23450
10426	440145
1669	8993
1536	8655
5903	9126
3915	5621
11176	79595
2125	6699
1017	63967
3915	10298
3903	64386
10432	27316
1555	1576
2197	6169
3921	6181
201475	326624
6129	6133
6130	6142
2177	11073
5435	6875
26046	53339
9371	10112
6147	6156
6241	55143
4288	9700
3305	9530
2848	3274
4905	9827
9883	11338
5580	8836
5071	23352
4712	55967
4666	6129
6157	6230
890	84515
8648	96764
3190	10291
6170	6203
79501	285093
6218	6224
1660	10236
6701	6704
57153	79895
6169	6181
10960	51128
23601	57153
3191	9343
1268	10803
2994	6005
928	3688
9636	10379
6161	10399
4599	8638
3655	3675
22948	84790
2358	2767
6037	8635
5518	6167
2243	51156
1365	24146
6133	6228
56919	57647
5094	51692
9144	11322
891	8655
26524	126374
89910	143279
3915	59277
6154	6210
6152	6234
7321	84962
23	988
9791	81490
6229	23049
4686	29101
6500	8697
1116	5004
23521	56915
1124	5879
6235	55176
6128	6139
7311	23291
197	2243
7314	9134
6173	6232
2935	22794
5684	10197
699	6241
595	5707
10921	23524
1650	58477
64979	92259
3594	149233
7536	10523
3178	3192
3135	3821
1937	6202
3833	56992
8655	83658
6144	6201
2054	8673
6206	6228
57521	389541
4700	4709
6168	6194
22794	81608
6137	6230
6383	10082
6139	9045
5336	79837
5438	85437
11004	259266
23412	51725
2305	10112
9972	23165
3884	100653049
2194	6319
983	9972
6229	25873
1445	9564
6714	7311
57115	114771
6155	6181
9343	83443
288	2348
6128	9349
1062	10274
6144	6235
1981	5725
2058	4141
1942	1969
996	9320
4539	4712
1933	7178
57381	57514
640	5079
8349	79101
6434	10432
1544	3620
6146	6727
1387	6907
50615	59067
81794	339366
6135	51187
5869	6233
3157	3422
6135	6159
3882	286887
984	1453
23421	55746
10523	23524
7514	23279
23020	27316
6129	6204
1407	7311
6181	6206
6207	6224
4014	5317
5879	9475
9892	10092
6161	25873
9585	29127
64750	115290
4709	55967
3852	196374
7334	64320
11245	55970
6136	6181
1548	1553
6176	51187
8570	11052
6160	140801
9188	84172
899	56995
4735	79867
3190	6626
6169	7311
10013	57649
6228	7178
23309	51742
9277	80135
344892	387748
10112	64151
1315	2804
6209	6230
4514	4535
6601	6605
5438	6633
2623	10661
55781	84135
2967	9646
29093	85476
4519	4538
274	51429
6152	6175
2867	23620
5501	23122
4602	5432
11017	22826
57187	79023
3304	10963
5023	5795
54960	79833
6233	10618
56655	404672
55863	91942
54732	55738
5903	22919
3659	6737
1981	6167
6134	6204
4343	7311
27241	166379
6491	10733
2790	5581
6224	6229
3687	53831
9493	51014
3916	5878
5157	7991
389	23526
7919	10949
8886	9221
2185	3685
8468	56165
6135	6193
2243	3026
9295	22794
9092	27339
1665	4670
778	779
197	51156
29127	51143
1660	51593
8615	10802
6599	6601
1915	10399
9793	57551
1337	1340
3718	50615
4541	91942
1981	5976
6144	6230
6135	6147
10083	257629
6125	6160
915	3560
5717	6790
6132	6209
2863	9002
10802	22872
6136	6233
3115	10346
6169	6170
163	8301
5905	10762
27339	57461
22984	55226
6136	6204
2249	5594
4591	65264
2099	9687
6155	6165
6133	9887
6138	6193
332	79902
5898	10640
83666	151636
50838	259293
672	56655
1007	1013
3185	23283
26589	51023
108	797
945	10857
5286	55361
830	55604
2912	3355
10489	55832
122876	594857
2521	5094
8454	11146
3013	8351
10921	23658
5715	7979
9493	23046
1453	2197
210	1371
7403	10664
6915	94235
4689	7409
2769	5335
1595	51478
4519	4536
867	6654
9967	9968
963	6518
3903	11314
4008	7321
1832	11187
3184	23450
25839	84342
2932	5529
6144	6176
1062	81930
5599	9043
6130	6203
4221	5589
3192	9716
3614	5580
10528	55226
2034	9314
6518	326624
6189	6230
5694	5706
4512	9167
9133	56992
6167	6203
26589	55168
6700	353132
2537	3430
6130	6205
6233	6234
10022	51289
7516	9156
3339	7045
5433	51808
1660	55749
1915	6189
6144	6159
3355	4543
4690	10096
6161	6188
950	7316
2962	5093
6138	6160
11202	25818
54998	64976
1329	4712
6158	6203
57413	58191
8655	79023
5557	54962
6633	84844
6188	6189
6157	6160
527	3916
701	1063
5286	9685
2023	5315
6375	6846
4736	6222
6130	6194
2071	9014
4175	81620
2207	5335
8334	440689
5566	23332
3886	54474
6128	6144
1457	25942
3672	6709
3921	6155
6201	6222
10890	11021
5438	22976
2033	55904
10733	347240
857	858
1812	51764
8337	333932
6923	285231
3882	54474
4171	4175
5981	23244
3909	9459
6202	27340
5880	6453
988	9475
9742	28981
3838	22974
9553	54148
9320	22954
6233	84133
6161	6234
10921	51729
6233	285231
846	6870
6157	6181
9690	9730
11128	55718
213	5340
1108	6908
64979	219927
6223	25873
3135	3805
25798	326624
26173	51593
1793	10458
23197	26043
9793	25909
6204	9349
867	26130
2547	2956
3156	6307
9276	10802
6233	140459
23291	51122
6135	6136
1994	51729
3184	23020
4353	6036
3192	10262
7316	83752
161	24137
3191	10594
2132	2817
6141	6203
6128	9045
3107	3134
3913	10298
1783	29127
3122	3123
1994	55339
5693	5700
3797	10749
1595	3156
3394	3430
6193	6205
5878	10618
3178	3609
6176	6232
570	7311
10396	25798
6133	6156
6181	6222
5741	7434
2064	2886
11157	51503
4725	27089
55143	57082
6208	6228
3112	114876
51433	246184
9666	65264
4543	5179
6132	6222
5093	51692
6135	6142
2932	5714
336	2243
4116	9349
8970	85236
701	146909
5880	257106
1292	7373
7536	27316
5094	6625
5347	5518
9295	9410
4514	4538
701	23397
5861	5878
6157	6189
6136	9349
338	4036
701	3832
3921	6207
1605	3688
5694	5701
4709	27089
9829	26052
64410	142689
10285	23451
7514	55746
23421	100526739
988	10657
53637	63940
6155	6222
899	51343
6136	6152
2962	8175
6173	6234
4116	6633
5885	286053
23014	80176
9927	10059
10484	90411
7322	9867
28998	51649
545	29089
2099	5241
2033	9031
2079	6635
7428	10425
9282	9611
4666	6202
1509	124583
302	5707
3191	10949
10236	23435
26589	64976
5194	23600
1781	4735
3434	3437
3199	8338
523	155066
23279	23332
10713	51692
5434	10594
1069	4867
9133	81624
5869	10890
6209	7178
6132	11224
6232	81930
10262	23658
6129	6230
813	84141
51071	126133
332	1063
3320	6461
8666	25873
55832	90293
4116	6206
25	5893
5430	9611
5339	6234
25831	57154
6189	6209
1062	10403
3437	4940
8976	29763
4717	4718
3921	6208
10900	284069
6124	6135
6128	6235
351	8477
2207	160364
51367	202658
1302	1310
1910	2865
8337	317772
9655	55832
1511	6036
1783	81930
3178	5725
2197	4736
1933	6206
5048	81565
79470	344892
3191	23283
6159	6160
3183	6432
6772	6774
3903	84329
6628	22827
1292	10491
1084	1088
7314	26263
1605	3672
7311	79577
6168	6205
3071	7409
6161	6170
462	2159
90025	91694
148	886
6218	6227
6139	6201
6746	28972
846	10022
891	5861
991	54908
2209	3055
29984	89941
60	5879
108	283869
6635	8021
29882	390594
26146	55112
1478	3188
29927	58477
9833	55165
6232	57551
5879	10458
813	7184
9968	23097
9350	56963
2159	2243
25847	150726
4670	10291
3191	10657
29984	54509
3491	11167
6169	6227
1660	4670
627	5599
1793	9844
22984	84172
344892	390066
4540	374291
23658	51639
4313	4323
9533	112495
10283	11017
7337	54778
1453	6210
26146	150737
5700	10213
2197	6207
10312	90423
9020	10673
6122	23521
2058	3376
6142	6228
10952	58505
553	6869
6233	9810
6165	6207
3115	3119
2533	3937
3055	5336
208	57148
996	57542
6207	6229
6133	6146
7514	79172
9329	84265
54069	79682
23595	51053
5579	9564
6207	51202
6129	6159
966	6711
1329	4701
29093	51258
6168	6231
3074	5707
10946	22826
6637	55746
55872	157313
57405	64946
2155	2159
830	29127
3181	10236
4584	140453
5699	11059
2318	3688
11250	83551
5094	23658
6125	6202
6160	6206
1933	6156
6125	6208
332	9787
8243	9126
5861	10972
5692	5701
1269	59340
90480	116540
6170	7311
5528	151648
158506	246184
1812	10268
5093	27316
8337	8365
9879	51362
26146	79989
2799	5594
6625	51692
6138	6159
2266	9715
3980	7518
5930	80204
117	2792
4241	53942
1660	1994
6434	10236
640	5336
9342	22796
5903	25909
1329	1351
3184	10421
5880	94134
6164	6228
5777	7409
8450	10401
1969	9564
10193	26118
2519	51816
1655	25804
1994	5725
8086	84271
9343	23658
6128	6164
10618	26130
4724	27089
2521	51692
1302	169044
3184	3190
4986	50834
6202	11224
84648	353142
7311	54874
6156	6208
6122	6203
5438	51639
5747	7204
4710	4717
2912	4543
1453	6201
6189	6194
6207	25873
10112	10540
2826	29899
246	11283
6201	6229
6136	6144
226	6678
521	9551
54361	80326
6207	6233
6636	8683
8329	440689
64963	116540
6189	6217
84648	353139
7536	220988
1981	55571
6175	6234
8467	9188
6208	25873
7454	10458
2033	23013
8243	8468
6142	6155
335	4036
3191	5093
567	3660
6135	6206
6233	6868
5880	9138
6133	6209
4317	6947
1738	4967
3181	9128
6626	10594
57539	79659
54856	55870
4540	4724
9730	90678
10664	23054
6161	6175
5976	51121
6173	9349
3915	5954
1022	7343
23168	25920
1490	7003
1956	3918
3743	8514
3491	10272
163	7311
161	5286
1660	5725
6201	23049
23020	84991
9724	27042
3308	5903
5869	5870
23322	80184
6125	6146
2153	2159
25926	51096
2033	58508
23327	79176
3184	6434
5438	27258
3055	3572
3192	6625
2033	9968
10112	11113
1670	1671
915	3702
338	462
4939	54739
9039	10293
8334	8349
7153	7298
6170	10952
6272	11319
5869	9341
6125	9349
6233	9349
6161	6224
9276	9371
2788	5294
9410	10946
988	6599
6950	10575
1665	10921
79865	340205
3688	23209
64979	64983
393	5879
9870	22954
1326	8454
3304	3337
1017	4999
9031	25885
996	25831
6152	6201
6128	6233
26043	54165
4508	4537
996	5707
8924	23030
3915	375790
3832	10733
6133	6136
5683	9232
5903	8243
1048	171169
22984	25885
24147	79633
6210	6228
1816	4160
6130	6147
2255	143282
9919	27095
3074	23197
3178	6626
1937	6189
22794	51645
3678	5329
567	3107
6146	140801
6154	9349
336	4036
7153	7175
1781	5516
399	64333
2197	6230
5435	84844
1294	2157
6147	140801
3191	23020
140453	192134
1398	10787
6133	23049
1462	8542
4540	126328
1665	5725
2491	55055
6233	9690
22803	55127
1291	1303
2935	6122
6139	6152
2197	6139
6233	8976
6137	25873
57107	116150
5931	11091
1956	5829
324	5699
3717	4352
25957	51747
5984	7298
8974	29920
6130	6229
6128	6229
10121	84902
5929	9978
5594	10971
10425	79876
6159	6201
2533	7408
51264	54148
6176	6194
23059	26146
1292	10536
6847	644186
6142	6167
10663	259293
1902	7852
6164	9045
5725	9343
6133	6173
23160	56902
5516	7525
3185	6626
999	8907
6698	126638
2790	7852
1915	6144
3921	6122
2790	9138
7133	10673
6169	6207
1495	5781
6139	6235
3685	196527
5547	326624
580	1111
886	887
29984	257106
6160	23049
5693	5695
4848	23019
4670	10236
11325	51690
6210	22984
6156	6218
4695	4707
9690	390594
6136	6169
7311	56288
2962	27238
115290	126433
983	7321
7336	404672
637	8626
10254	10552
10618	55330
55166	57405
51264	64928
6169	6231
6139	9887
4087	79753
51264	51318
4734	8453
972	3111
57531	90025
2197	11224
8843	27198
6154	6230
8189	79023
50840	259295
2792	5741
156	5580
1063	23279
2048	3055
6155	6201
1783	6711
9318	51122
9824	10112
1783	3799
54148	219927
8969	8970
92170	503542
6218	7178
51098	83658
1981	6218
6208	11224
6207	23521
80184	117177
5870	57511
3832	51203
1315	9371
3101	64841
514	1350
2107	2935
302	3074
7532	80097
350	462
6165	6233
4736	6204
1365	100506658
9493	29127
7204	55970
6133	9349
6168	7311
1659	9343
4736	6152
56963	148738
28981	92104
301	55970
51023	51264
1823	1824
8295	79595
9666	143279
212	2038
2042	2045
22954	64219
6176	9045
3178	7536
350	5267
6122	6159
9343	11066
6124	6204
3945	4200
813	6790
4539	4540
2177	2189
4853	6868
864	10413
836	6789
2065	3691
695	5335
4713	4717
5432	84962
6160	6161
7316	11001
6748	90701
6218	6229
991	51088
7456	10787
3190	10921
274	8853
7919	65109
1453	6218
6144	6222
10575	10963
10272	11098
26168	27043
566	4125
6132	6147
7410	63916
4033	4257
3106	3134
6136	6160
2033	2962
3688	3914
10813	81887
1933	6189
23309	27327
5725	23020
1495	84962
51079	374291
4160	104909134
5870	8766
10269	23463
9782	10949
6169	6228
6208	6235
6224	6727
2185	7525
5230	7167
1365	1366
26235	158506
4519	4541
6230	7311
29093	51023
2746	5832
399	257106
1084	23601
6872	83860
8085	9739
6135	6201
7337	8697
6233	8445
1291	3672
2197	9887
6161	7178
3797	92104
3437	10964
2207	11314
1108	7994
5725	23435
55124	221400
1084	160364
6164	6224
6130	25873
5903	7514
1908	2865
6230	9349
5294	7852
1956	4145
11014	22818
28998	64928
996	4734
64951	118487
6165	9887
6138	6154
1033	9787
1933	6228
5571	60673
4700	4708
60	57591
25929	55706
56165	136991
5868	11021
51264	54534
3191	23350
640	974
6790	22974
7337	10193
50831	339403
6136	6208
10427	22872
3796	5515
6142	6169
1589	3290
6233	57674
6155	6209
6790	29127
966	79895
6194	51187
6169	6229
3422	4800
2197	25873
4519	4539
4734	26091
8175	56949
6161	23049
6231	9887
6167	6176
163	5869
4700	54539
3192	23524
6170	6207
23450	51593
5111	7027
23160	84916
1398	9046
983	5519
6635	8189
6167	6224
4171	81620
6124	6160
7311	55432
2771	2792
3619	10735
5739	59350
5516	54908
51650	116540
8607	54881
6144	9349
6233	23112
26263	55884
7038	7173
672	5438
4829	56923
7320	63891
1500	51474
2792	219438
55212	84100
4288	26586
3911	3918
1906	5021
10693	11328
6230	55272
3178	10181
6233	11224
51367	79897
6128	6228
9410	57819
90	4088
26190	55832
9436	9437
64928	64976
6223	9045
6169	6208
5438	9343
2197	6208
6161	6176
388	57522
11338	23636
5433	129685
1453	84902
6128	6168
3672	3685
8454	63891
1299	50509
5518	6228
2865	6863
57545	91147
9493	55165
25831	65264
2197	6138
2207	199675
1291	5351
9277	51118
1778	2799
6207	6232
6152	6189
945	2207
1062	3619
4710	4718
4670	5094
6189	6206
6154	6227
1282	10536
6135	7178
6155	6206
2197	6144
999	4072
338	5948
1830	3713
6233	83752
10733	163786
932	57153
3912	7184
3133	6737
54908	151246
5440	22976
6133	6141
399	4983
6228	25873
1856	7314
51023	64975
9126	23332
6202	6223
2185	5579
5054	5768
3903	57153
22845	57171
9690	90678
6625	10921
3832	9585
11190	22974
705	8602
2058	2617
56670	59340
1292	1295
6154	6170
6168	9045
79176	390594
3091	5594
26239	353132
5717	126374
695	5293
1457	23411
9648	10618
10022	50838
4176	6240
4361	10714
5699	8945
2045	285220
6207	6230
1445	2213
7311	11059
8329	121504
9133	55355
6136	25873
6235	9887
3190	220988
695	118788
3486	11167
5310	9727
6130	6181
9493	11127
4697	4709
6232	54820
3659	10475
6203	6233
6613	79902
3718	6777
4695	4712
3683	7409
6160	6202
990	51514
2059	5294
23512	57459
6135	6232
3190	3192
8924	8925
3355	6751
26519	26521
320	5864
26268	84085
1453	6206
55003	84154
6626	10421
1337	1350
22995	55835
28	2525
51429	152503
79895	100049587
2790	5579
3953	6774
6209	6210
1161	7518
6432	220988
1509	10159
6122	6130
4535	4537
10324	51666
51639	83443
6233	6714
57418	81887
6427	7307
3486	3491
10236	220988
1347	4726
335	51156
2919	2920
1062	83540
51068	117246
892	9477
1557	1559
7476	7477
4686	9128
5338	5898
1111	54962
6208	9349
917	1759
3191	51692
111	799
3188	10594
6170	6222
8924	10489
2149	2151
6176	6207
3109	3123
9604	23291
23168	123169
251	137797
5529	7525
6790	11190
10153	84128
6125	6204
332	7272
10921	23636
4736	6139
5441	79035
1499	5868
3213	3215
3594	7297
9282	84498
64975	64979
5898	10890
2873	8607
226	7167
6233	65125
8615	10959
6119	56655
6146	9349
6637	8189
6626	51593
3683	84329
1956	7311
5435	6634
705	56919
1915	6139
6647	11315
26682	344892
5441	84844
22976	23054
57680	81887
5861	10484
6346	83756
6175	6202
6167	6727
6872	102157402
353137	353142
7337	9730
1660	23283
6133	6208
7058	9507
2178	2189
1004	1016
23511	23636
117	5741
8189	10921
2521	3191
389	10398
53831	441864
26716	344892
84085	197131
6209	6231
5970	6667
6130	6161
8698	63940
6147	10399
5725	9716
3685	8514
11157	57819
3921	6230
5903	9631
9276	9632
1639	9371
4952	22905
6168	6234
8875	55350
4700	4724
4707	55967
7039	10652
6256	80306
5439	6637
6128	6207
56902	84128
6233	55366
6426	6428
10552	100526693
1829	2125
9604	89910
204	4508
27292	84135
6138	6209
6142	6202
9787	81930
1395	79924
6128	6152
6129	6169
1906	2150
5518	26019
5516	5519
26146	79659
1991	6037
23295	84231
1983	6175
891	9787
6159	6175
2185	2268
51088	84261
6133	25873
6363	6373
6155	6203
10051	23244
4726	27089
2358	57413
3107	3659
521	10632
8329	317772
988	79869
6203	6223
8412	9564
3191	6434
950	5286
4509	4519
5433	23398
6147	6209
6194	6228
116	5739
3685	5829
3688	10298
10236	51692
9341	10254
1495	3799
378	5861
4736	6160
55125	55755
25897	55175
28976	55967
6234	23049
11190	22919
9493	64837
6146	6233
1477	24148
6181	6209
811	9601
5529	5718
83551	319100
139322	374354
388	55843
3687	79895
80018	80155
3309	29927
6173	6194
2633	117854
5707	7415
3903	10857
2962	10498
6157	6159
6169	6188
1830	6699
4734	26190
4736	6136
5440	58508
1660	23020
51264	54998
7311	55669
7335	8453
6993	8655
672	6827
9212	83461
29093	64951
5725	57794
5747	9564
4637	10398
5004	5005
6125	6233
5217	55740
7536	55749
3915	10970
4709	4713
51645	85313
6132	6727
11103	84916
7328	57154
10574	10693
963	3683
993	7027
332	55055
6133	140801
6156	6159
9744	51454
55831	56851
11004	51512
7409	10458
5519	79172
2268	6714
4734	7316
9632	10483
5688	5715
2524	10331
1062	3799
2197	6133
7153	55746
6626	7536
3886	8688
1758	8404
518	521
2033	9282
3688	91522
6203	9045
9887	51065
595	5708
6863	84432
2264	7311
1605	375790
27125	79577
6132	6235
55326	137964
24137	55614
5023	196527
3633	29984
1738	4719
8337	126961
10438	10607
6122	6189
3978	4173
1783	24137
3710	5575
102	6233
4670	84991
4173	5422
6167	6189
5872	51715
5878	7037
9716	27316
3799	9585
6307	51478
11065	64151
1173	24137
6128	6227
6434	27339
64114	196527
8945	10075
3429	8638
6156	6164
81	226
2784	2847
2918	6752
126006	729230
2242	10371
55131	64318
1906	6375
23620	84432
4173	8914
3683	57153
9833	24137
3691	3909
3912	10272
3148	8125
4734	64750
4353	5657
56624	259230
1347	27089
6136	6202
2197	55127
8347	8356
1610	4843
259287	259295
6156	6173
2060	50618
1783	6709
5829	6709
6208	9887
6136	53918
991	10726
6137	6154
11190	57545
4712	4725
9037	23275
10254	51652
6202	51187
187	1233
50865	63940
90	659
6175	6194
4689	653361
2266	3026
6233	79139
1453	6232
11004	55143
4125	8635
867	50618
4116	6637
6146	9887
6173	6233
6139	25873
4713	126328
55236	197131
302	6281
6185	29927
567	10475
6170	6235
9551	9556
197	338
3913	11167
3361	4283
6129	6202
3119	3127
6181	7311
1008	1013
2634	3659
6139	6202
2197	6161
3560	8651
29945	63891
996	9491
4695	7388
3122	11184
3692	10969
984	54801
9342	203062
7409	23533
6130	6139
915	919
8365	85236
4537	4538
1938	6122
1639	3797
9742	57560
54552	55720
8853	11014
51154	84154
846	3357
27258	51639
4852	283869
5978	80012
3937	5788
9875	55127
7531	81565
6218	6234
7846	150465
4709	7388
353142	353145
932	326624
3827	5020
27237	29984
4999	5558
2537	3433
3313	54543
6230	63931
6155	23049
6227	25873
3191	6635
3015	8295
1497	23729
4726	7388
1653	283742
29763	54874
7979	29882
23160	55720
5715	11047
11339	378708
988	4173
10250	10291
3191	5725
2932	5711
9564	10787
9742	23059
5604	7529
1453	8945
1536	653361
1933	6124
7272	64151
50831	56923
63967	84515
4172	4173
2491	79172
1983	23521
6224	25873
6139	6234
5609	5879
3178	3184
4940	10964
10161	257313
6161	6165
1500	84962
1956	3655
1911	57504
3978	5424
9570	10802
3309	6836
2153	3481
1062	10051
3909	375790
9984	23279
6194	6208
50838	51289
2147	2266
3304	3320
9577	29882
8914	11169
5546	10921
6208	55176
11222	56945
904	5431
4539	4541
834	114769
6869	64106
22974	24137
988	8449
50835	51289
4508	4541
51069	64928
4738	5693
22954	26091
1508	1514
6138	6167
4670	10432
27258	84844
890	26271
8243	10051
3221	3222
8544	10787
6161	6168
10153	84154
779	783
6135	6231
7311	85015
3320	9844
6143	6169
1453	6207
4725	7381
23376	26235
23112	80012
6154	6206
2735	132884
89910	90293
7994	10499
2318	54751
4171	4998
6428	6432
10523	10921
6173	6201
9128	83443
54552	55153
5903	7175
1495	128239
8349	333932
3326	10576
3301	10963
11059	23291
6133	6223
8337	121504
6155	6207
5868	8301
5983	56852
3181	220988
3433	4938
3683	10970
2861	56923
6144	6218
23511	51692
78988	219927
1983	6141
6128	6165
4171	6749
1439	5568
1511	6037
9918	54892
5155	7057
2720	2799
1116	1669
23295	64682
399	94134
5707	5708
3799	9493
1665	6637
2043	2050
4670	4686
11051	23398
4710	9551
6161	6169
6128	6159
3921	6164
4436	23028
5717	10575
988	9533
813	10618
6138	6156
5339	6194
6176	7178
6135	9045
8607	102157402
81697	344892
3354	9283
84231	390594
8886	79954
4735	10540
350	2266
5781	6774
6135	9349
6167	55176
2048	5921
3105	3106
50831	51289
5501	25936
1555	1577
325	3015
2033	81857
2800	2803
1660	6235
4700	51079
3912	10970
8453	51122
140881	245911
114	1814
10921	23283
4725	29796
2521	9775
3156	4598
51023	116541
6157	23049
6135	6208
5976	10921
126638	147409
6635	27258
8295	8945
2197	6235
2958	79035
695	5777
2197	27340
6171	6231
6125	6230
7419	51651
3710	6804
6741	9533
6747	23471
81930	151246
3360	7253
4717	29796
3091	6233
3673	4233
29888	85369
4686	23511
5591	9656
2597	5230
5870	7110
9730	51514
11345	81631
8615	100302736
6144	6152
2557	2560
6714	375790
988	9631
3352	5540
9076	137075
5985	63967
8742	51330
55014	126003
10949	220988
4713	10632
55127	79954
79711	84172
6605	9031
6228	8662
6129	6203
57680	284058
259293	259295
2125	3728
6801	8428
174	3827
3856	3866
23291	56995
7336	7341
6128	6133
10112	29127
7327	8925
4599	4938
3659	54739
5695	51330
23224	23353
10236	10949
1111	8317
3921	6135
6158	6234
341276	344892
1669	3240
6154	6193
3181	10432
8853	11015
3881	112802
2792	3763
3320	10787
6098	441933
2841	8698
10403	51203
81	5829
1107	23028
6626	10236
4695	4697
6159	6228
6209	114987
4952	5286
10857	84329
6159	6161
6156	6202
7984	29984
5518	6222
1536	3683
3921	9136
4735	23265
3444	3451
6146	6230
399	9938
23028	23186
5436	51645
2151	6915
162	27131
5435	5451
4159	53831
29984	445328
90678	390594
5054	5327
2033	9612
3918	375790
5868	7879
5976	6146
1915	4736
8290	121504
60560	80155
6206	23049
4709	4710
9604	9867
7514	25909
2691	5739
7536	9716
302	10577
1600	30011
6185	7841
1937	6207
5788	6688
329	8887
389	399
6210	6223
6204	9887
5688	11047
6233	26523
2491	54821
3163	5023
251	23627
6161	6209
11329	55233
28998	118487
55166	348995
3071	9844
7184	7466
3921	6233
9879	23517
4708	4709
22974	121441
6156	6223
6175	6206
23404	81887
7298	10403
64426	79595
1601	8027
1551	1555
5528	5702
1942	2041
10539	57019
991	10112
3357	56923
51166	125061
9662	79441
3270	147111
2912	4852
1058	10112
7311	8976
6139	6209
6201	9724
4867	57545
2788	50865
2197	6134
783	10369
6170	6209
6119	7874
6161	140801
10413	60485
56478	149986
22954	23291
51604	84720
6235	9724
945	84418
51397	390594
3181	51692
2033	10025
8085	25942
3434	4940
3978	4172
23160	57647
950	22848
197	3698
302	23526
1237	5173
3094	25942
4726	7381
8175	10523
6137	140801
4233	5795
10499	23389
7311	115548
57405	79172
9690	140459
6908	25896
4734	6047
8568	57696
928	113177
3184	3191
23142	23291
1639	24137
3911	9459
701	9133
3685	7525
6233	26130
80184	91147
6159	6210
3882	121391
25942	57649
3192	5725
10799	88745
9564	54518
892	4851
2521	4670
10949	27316
1994	9879
2923	6185
53354	60490
472	4361
54908	64105
187	94235
81	9564
5433	6426
637	3002
5694	51330
3437	8638
4712	4728
23223	79711
6170	6208
4542	4641
4172	5422
3055	5829
6129	6188
3702	9402
25909	55746
1292	5351
3055	9564
5001	222229
1121	54453
54960	129401
2956	23186
974	3635
800	5829
6159	6206
51116	64976
902	2959
6636	6637
1495	4233
1025	5438
6154	6204
6164	6204
6370	11251
3394	6688
9493	22974
6208	6234
9883	55746
10576	10693
6500	9604
6129	25873
6132	140801
10112	81930
29093	118487
8349	126961
226	2023
25885	55127
6137	6206
286	6708
56949	57794
6155	6159
6240	7153
6737	283807
1523	2249
4738	59286
1269	53829
4992	344892
6167	11224
79867	84902
6908	51593
28998	29074
51280	54972
6156	9349
10523	51593
5347	9918
344892	347468
6167	10952
9156	55388
6189	6229
5747	10298
6188	11224
1665	83443
4641	5872
6147	11224
514	10632
6124	6206
830	11127
3579	5515
7044	51097
9320	26046
185	2641
6227	6233
54575	54600
23451	55339
10574	22948
10921	51692
3833	10615
10452	54543
8450	55832
6872	57680
9371	11127
23020	220988
4171	55388
5869	22905
6132	6160
3685	9564
963	5023
9363	9367
8243	10274
6152	6228
5290	259230
8658	80351
2185	9475
3848	162605
1462	9469
5438	83443
6175	6228
51320	55175
940	5879
1237	2917
974	29760
84648	353145
6599	7155
6142	6232
6122	51386
6138	6229
4069	5657
9320	26091
5706	5714
954	158067
6161	6205
8322	22905
5199	10394
9055	10376
25885	55703
6133	6218
6390	55967
6167	6202
3915	6714
81619	94103
3071	5747
51	7311
23244	23332
6209	27340
6146	6161
57542	197131
2244	2266
6201	9349
8720	51360
10097	50618
4537	4539
3980	6119
351	54972
3308	10808
8477	9002
10250	58517
6164	6233
1983	6223
55175	56995
6129	6208
2237	5111
5699	23198
6168	6210
51088	51122
991	1062
117	122876
7311	65264
55226	79039
335	3827
8349	79019
6138	10399
245937	613210
64928	65003
8334	79019
1116	1991
5528	9700
344892	390064
51143	79172
1476	10394
10555	94103
4035	10082
54778	57542
6129	6154
932	222487
3320	10383
6152	6159
4542	4646
6135	6227
10523	27316
1499	2932
2769	5330
4738	7979
9801	28977
32	2194
5707	10575
3397	7057
10236	10492
3937	5335
4538	4541
4696	4718
3190	7536
5829	10298
1629	4967
6156	6168
6156	6189
6144	6156
983	26005
6160	6235
10291	24144
6160	6168
6176	6234
6135	6209
4686	11338
3685	3903
23590	56997
6137	6141
9700	23122
4718	4724
6156	6203
9551	84833
4161	9340
9553	51650
26123	79867
5093	10262
1111	7486
9320	54778
6142	6218
6154	6164
1453	6231
10919	53615
143279	154214
6165	6176
3185	10949
2197	6204
6130	6222
6223	7311
6432	6632
641	5427
991	1781
23332	57551
4867	79867
7175	26097
86	54617
2847	2918
3188	3190
472	51426
7852	63940
6143	9349
7317	64682
5829	7430
3614	8836
1781	29127
64979	118487
984	23332
7328	51444
1133	7200
25909	57551
6150	116541
11017	85313
8945	64682
8329	8349
6228	9045
8243	23332
4620	8735
377	9493
2033	57690
6790	22919
2071	5985
701	8243
6164	11224
1241	2767
607	5929
3693	5829
545	5438
4536	4537
9655	84085
3185	27316
28998	122704
6637	11157
6455	9341
1453	6230
6134	6228
4998	5422
51258	64951
3796	5516
3054	81887
1933	6203
3178	6294
126328	374291
6142	7311
4695	4726
1908	84432
2243	2244
966	11314
4584	9245
383	671
6125	6144
6222	11224
1938	23521
6882	10302
6227	6235
999	3918
28998	51264
2197	6175
6125	6228
87	7791
1345	7381
136	2788
1453	57787
1982	8672
1237	8811
6185	7184
51081	51649
6152	6155
7536	8175
6146	25873
3635	3718
672	27229
6206	11224
87	5879
5861	5869
6128	6194
6181	23521
7388	55967
6144	6205
721	3426
51023	64963
388	4952
1603	58505
527	3920
6135	6228
5431	23398
27316	65109
966	100049587
6128	6167
1944	1945
6233	10818
1915	6159
5558	11169
10413	51421
4599	4939
9716	55749
988	7919
6164	6173
891	129401
7317	22888
6923	51755
7175	57122
1050	2322
5605	5894
683	338339
89941	171177
6133	7311
685	1956
1500	1956
5795	55754
91	92
996	26190
6146	6204
6152	6156
5710	51686
983	129401
6170	6232
695	7454
2197	6147
5725	8672
1605	29954
6176	6202
891	10112
6142	7178
6790	9833
51382	222487
9984	79869
6189	6222
3192	10921
54069	79172
23511	25929
6142	6204
991	1058
5093	10236
6698	147409
259292	259293
1398	3071
6135	6138
4702	4724
6288	84432
26168	88745
6233	440689
8243	55746
11022	143689
6224	6235
23304	90025
11091	54881
4976	9927
6130	6160
226	5768
551	1392
8969	121504
5435	11325
8243	57551
3676	3691
6159	6218
10193	197131
3170	3651
9820	115290
6155	6158
3301	3320
6159	6176
3191	10921
259	2266
6233	22848
55876	94103
4116	6222
929	7097
10285	23350
728	5697
26091	26190
7037	54885
1778	24137
3663	23321
5199	6709
351	3913
3660	3662
1906	7204
399	10144
338	2266
4173	55388
2491	9793
6155	6233
5361	8829
5889	9156
2147	5020
5529	6249
51725	142685
55320	401541
55284	79754
1058	81930
1500	7082
6428	6632
988	203068
3491	4148
3797	79989
3797	24137
11335	94239
6136	6207
336	462
990	84515
55832	80204
6144	11224
5438	5725
632	4094
4734	65264
6160	6230
23517	84135
6124	6128
374	2153
11004	23332
1933	6222
388	9938
23030	51588
4713	9377
63893	390594
80155	80218
4297	6045
335	2243
6167	6233
701	9793
6233	7516
5501	9700
10491	10536
1660	3609
51604	128869
56923	259292
1956	2268
6130	6170
3181	11338
5796	7316
6157	7311
5930	84961
5093	27238
9742	55112
3980	9978
50838	259292
3190	11338
5437	10921
6146	6165
1937	6228
1856	5528
1325	6373
6223	55127
28	2524
891	1022
6222	51187
3054	25942
699	9700
10857	10970
56970	102157402
990	55388
719	58191
3340	6385
6175	6203
9636	11274
6139	6206
3491	3685
5435	55718
4171	5883
5879	375790
890	64151
3043	3045
6154	6235
4076	55226
10594	220988
7057	83706
5693	6500
3882	8688
6136	6201
6204	6228
915	3118
6136	6147
6130	6189
867	5290
6138	6222
338	4973
5111	5434
6156	6201
8638	10964
6137	6160
8895	10970
55720	79954
6137	22916
23560	221078
6218	10952
6132	6169
2274	6281
6210	140801
3185	5438
6146	6208
6161	6218
6128	6222
64926	153090
3949	5868
1969	5747
51121	60678
567	3659
6165	6232
2788	10575
1949	2045
6147	6206
9883	11218
4712	27089
2956	3978
6132	6168
1933	6129
6202	7311
10767	22894
115106	440145
4176	5422
3184	6625
84962	121441
2864	27334
627	5879
23304	29945
26190	55236
2799	5834
5558	23595
6059	55720
3354	51764
7003	10413
6837	10025
81	5868
6709	6711
8566	10855
6169	6224
6233	9887
5119	27183
399	6453
4288	10051
79682	94239
10427	11196
6173	6181
65264	143279
10403	113130
886	2922
8829	10512
5981	8243
6167	6229
671	1669
6229	65008
1915	6130
2957	51808
6168	23049
6210	6227
10342	10427
1981	6208
3921	6157
2064	5747
514	521
258	9210
6159	6170
23586	83666
4005	4602
1431	2747
3192	6626
1329	1340
4707	29796
26268	56658
890	10403
1058	5528
6138	6169
1870	4208
2784	5741
5435	23524
161	867
6202	6206
2935	6191
5438	84844
4539	4695
5528	11004
79895	199675
8689	9119
6453	29763
25885	55226
9341	22836
3222	3225
1088	338339
90293	143279
3185	11052
29093	54998
6152	23049
3659	7706
6129	6155
1559	2326
330	5709
23122	55746
8887	26994
336	4547
6175	6232
6135	6141
7031	7033
6164	6168
1163	5709
3017	8334
6224	6230
6142	6168
9790	10885
5439	80349
4599	91543
351	5660
1933	6227
3672	9564
3799	51014
4670	6625
1392	7432
51676	65264
2975	10621
1857	5708
6288	6357
23279	51692
4694	4724
3017	4609
905	5433
378	830
26190	65264
4735	57545
6139	6146
4144	4548
23067	58508
6133	6175
6143	6209
7175	55746
6222	27340
9320	65264
11224	140801
6878	8295
4513	4514
4712	91942
6233	55666
4736	6155
5880	9844
9883	51501
174	51156
6189	27340
4715	4718
1937	6124
2322	6688
197	336
51023	55052
3185	9716
3827	5005
6222	6234
5335	10818
10236	51593
6678	7424
10594	11100
4591	55658
51649	64928
6146	6169
2185	6461
5657	6037
1778	4735
6156	6207
4717	4725
2197	9790
4700	29796
1453	6223
9727	60412
1431	10452
712	7305
2150	2863
55737	58533
6130	11224
2797	2828
6169	6230
3914	4233
2317	3688
5093	57794
3191	4670
86	6599
1983	6122
26224	283807
3192	7536
1665	55127
6228	11224
5879	100423062
6168	6175
6227	11224
25831	57542
2132	6385
5526	81565
9114	127124
2692	2843
6169	6176
11004	22974
6629	10189
344892	390067
11218	25929
5684	9232
6147	6231
1660	5093
140807	319101
1645	1646
26589	78988
51388	84916
6152	6164
1969	2050
6500	55884
23295	390594
7311	55914
6617	79035
2249	11052
351	5443
5688	139285
1822	1912
5604	8826
6147	6189
3698	3827
3887	3889
6993	10755
57787	84902
8775	22820
4862	5054
9025	9656
1230	83756
7320	92912
963	84329
3619	23332
3360	3375
1783	5516
3912	10971
51079	126328
8698	59340
10523	57794
54474	286887
10236	10250
8318	51053
9322	22905
3434	23586
5422	6240
3838	4343
6204	6227
5318	5493
5347	9055
2796	2915
4940	10612
23304	26046
6122	6223
23049	25873
891	9833
6147	6167
3356	6915
6157	6168
2971	51082
28987	51388
3832	10592
9968	23186
2206	2207
1511	4069
2967	27125
10014	57459
1445	7525
84727	122769
1829	1832
4171	4173
55112	150737
9700	10592
117	7434
157	2869
4513	4536
2185	9564
23112	84441
6201	6231
6208	9045
2491	6249
3673	3912
3190	57794
65055	128366
4116	6227
1576	2327
1943	1949
1362	3482
4233	64759
57545	80184
5704	5718
51650	118487
3184	51593
6168	6230
10097	10618
5394	22803
6125	6164
4125	5657
3030	3032
1665	9716
3326	7415
6175	25873
6155	6169
2768	2783
6189	6235
383	4353
6175	6233
5605	84292
6160	6227
6714	57670
7311	83987
9551	29796
1233	11251
6138	6189
722	725
161	3482
57479	58506
1665	11338
3017	8970
9133	10615
1981	6133
4952	8976
351	1269
1434	3838
6171	25873
3921	6159
23019	55571
932	338339
974	2213
10657	11052
10632	84833
6173	6175
399	26084
2959	6827
1306	169044
4361	10635
1981	5518
6165	6203
5529	51143
6139	9349
727	50838
79869	84248
9437	259197
5725	51639
10574	10575
6233	7844
6161	6173
3688	7057
9918	10592
2932	5526
10394	56729
3921	6139
1063	3619
10552	10787
6158	25873
4695	29796
966	51014
701	7153
1445	1956
5929	284058
1511	8635
3157	4598
5701	5706
51575	79954
5931	6839
6135	6165
966	64386
6210	9887
3371	84141
6167	8662
6635	55746
999	4646
3491	54972
79050	317781
3320	5829
122042	285601
10959	26286
29093	92259
6142	6159
10735	57551
29984	171177
3553	11213
6202	9045
6223	9790
6137	6222
3609	4670
1173	2535
10970	338339
27076	154064
10762	84271
23122	23332
6950	10376
10466	11014
5822	7109
1788	57332
138805	344892
1933	6164
4313	4325
5695	11047
7311	89910
6129	6218
143279	201456
22856	55454
7097	7124
4538	4540
1822	1911
26232	93611
6228	6235
4067	6776
1314	8615
23524	27258
6936	24144
5516	5781
5438	10526
6279	6280
3183	6628
991	5708
3921	11224
4710	29796
7122	9074
6137	79707
796	797
10965	55825
3091	5708
1991	3240
23160	56919
11190	54820
1387	6938
1660	1665
4695	4725
54998	128308
7840	55755
1861	27348
891	9183
3306	10388
9341	115548
3889	3892
2932	5718
4620	4626
10920	150726
1398	7409
1832	5493
5868	10096
1778	6709
391	55843
3920	6836
7004	10413
6635	6637
2923	3309
5290	6667
6232	9349
6170	11224
6194	53918
1236	4544
24137	29127
6152	6227
6709	126014
6144	6208
783	10368
6170	6189
7311	114987
6135	6229
6155	6223
3635	3667
5903	10735
6173	6224
6122	6137
9128	9343
3062	6869
1303	10491
1063	7153
1736	10813
6210	6233
6133	6210
6223	6227
4288	7153
6181	6205
2207	2212
7164	10053
7428	26259
8514	79895
27292	56902
6232	6249
64981	116541
1665	3190
4584	4586
10618	79571
3185	5725
1906	1956
6161	6189
3978	56655
9886	84144
5610	11274
5708	51330
1063	24137
10523	23658
6129	6233
6164	6208
6138	6173
4332	6037
23627	137797
259287	259293
3691	3918
3718	6776
9354	23304
6155	6218
8514	11314
3320	84962
6132	6173
1778	10112
4288	6241
701	23279
6207	27340
10112	55635
3111	3127
6202	25873
4736	6164
6136	6227
783	27091
4686	84967
6203	6235
409	950
8976	55971
9700	64682
5948	5950
6157	25873
4736	51187
6776	26228
8638	91543
9793	23047
5451	55718
7314	10920
1308	3691
6635	10465
57580	89941
4708	55967
6154	6155
10992	57794
10376	10693
10051	10592
6772	23586
991	11004
23423	54732
920	9026
6193	6227
6205	8562
3434	55008
6233	9045
6144	6169
891	991
904	5451
4582	10164
377	3799
6709	124583
57599	201254
1994	3185
3672	3912
3912	375790
1116	4069
6235	55127
23327	64750
27089	84833
9493	9833
6125	29927
3640	53831
983	219771
6430	57794
988	3837
65083	84172
6165	9045
5610	23586
2023	7167
3309	9601
5347	24137
4288	259266
25873	55176
23160	64318
6152	6173
5318	11187
1387	9967
7852	9564
811	23193
3909	59277
10112	23095
5708	64750
274	9341
6426	10772
6181	6224
399	143872
351	7184
6157	6203
1859	5928
5111	7298
3690	3791
7200	84634
3978	4176
1933	6209
5009	10452
2033	27327
9435	50515
6176	6208
5683	29882
51444	57531
6133	6170
9972	23279
8468	25777
3799	10540
2767	55970
5868	5869
6129	6152
4708	29796
6122	6191
3921	6232
301	27334
29127	55165
10484	81562
1536	338339
8341	85236
3071	9564
6625	23450
9883	10898
10291	27258
1062	9585
134	6376
3191	11338
5879	9564
871	1303
6160	6203
6147	7178
6605	55193
6430	7919
9730	10075
23291	65264
6205	51187
1603	100128731
28998	92259
6234	7311
8491	10746
388	117289
3190	4670
3184	5093
6923	23198
9183	79980
3122	55824
11070	22820
7862	23774
367	8349
6152	6229
4172	4175
6152	25873
6633	11157
5094	9785
55167	57634
6189	6208
54778	197131
332	5501
5094	57794
26589	116540
6175	6176
5903	25929
8453	65264
9648	10466
4809	6231
51264	55168
79583	79600
3664	23650
10403	220134
29127	81930
10458	55740
3619	10403
2033	57459
1660	83443
9716	10921
6667	27327
4540	4709
8886	23160
79867	91147
6208	55127
111	9283
6461	9844
6164	6167
5705	10213
6257	7068
5829	9564
6229	140801
6144	6154
5149	54714
3619	5501
4736	6223
197342	201254
2186	9739
6453	51429
1659	9716
1302	1306
7175	51692
6160	9732
9793	121441
891	1062
8334	8970
1786	3017
11051	85313
6164	6205
6125	6222
156	55970
10025	51586
1660	9128
6158	6160
4512	4539
891	54908
186	4922
1595	6307
6135	6154
2242	3561
2975	9329
945	3685
27340	55127
6189	6202
7514	22919
3055	6503
991	83461
5903	10274
3713	6699
1559	2327
387	7046
6850	118788
156	2863
8451	55208
9320	51132
55166	64105
5518	6133
778	10369
6625	11100
140458	285231
86	8607
9128	11338
4686	10302
1803	59272
8349	317772
2239	10082
22826	85313
977	3655
2059	10458
8648	9968
6755	339403
1232	50834
2195	7124
2359	11251
25929	79084
7779	27173
7311	23198
5725	84991
6218	27340
3912	11167
6189	6228
6173	7311
2197	5518
6434	56949
55120	146956
8871	9341
10575	10728
6442	6444
26146	92104
5725	6434
5516	55055
2033	23309
47	50
248	6975
6155	6189
6146	6201
570	1962
9700	10735
996	5717
1642	79913
4172	10036
4172	4176
6137	6176
116	59350
1639	10121
1880	57413
553	64106
6430	7536
7311	23607
3635	80271
10393	90678
521	27089
4837	284119
6205	23521
6160	6170
1364	100506658
6390	6392
1314	51272
5516	5718
1268	9294
5869	11021
8301	10096
1062	151246
3491	11098
2358	57153
1116	56729
7514	23332
11004	113130
51289	259292
9551	55967
4670	9128
23325	387680
1084	138050
6130	6168
6130	6206
10576	23526
6173	6204
6201	6235
5704	5714
1350	440567
1292	5352
2125	5493
1350	7381
2873	8945
521	1329
2804	10945
29093	64963
7327	26046
6877	51593
161	8650
3362	53831
5518	6146
1902	2185
6170	6223
988	3326
5434	6749
1292	3672
6657	57167
9879	10949
6160	6222
5037	54845
6164	6181
1981	1982
257313	387129
8687	286887
2197	6128
348	5360
6159	6204
11017	11051
1462	84141
7343	10919
26259	55819
7004	8463
6602	6605
10693	84617
51639	84844
2209	10787
3688	5788
6189	6193
8289	57492
6218	11224
3437	55601
6363	10563
23283	84991
9343	51729
9690	10489
1105	4343
6206	6207
6152	6218
6130	6191
115290	143279
3188	10262
6228	10399
6128	6136
7514	9700
8337	440689
3915	51280
6133	6161
9700	23332
2165	2244
23304	64682
57551	79172
2268	5747
680	4829
4736	6125
6135	6158
3156	3157
4088	64750
4709	4717
1601	9341
5685	5700
10926	63967
5437	7874
1981	6235
116	2740
1499	6714
6118	10459
1398	85440
3688	6709
3718	7297
2960	2967
990	10592
6210	6235
1212	28964
5657	6036
9648	9827
2099	6387
51264	65003
6173	6230
6633	6637
6418	10592
3998	10959
6128	6181
6429	10946
3619	25909
861	6604
2916	346562
6194	6205
6128	6135
10075	64682
8729	10945
6790	9787
10594	11338
5861	5868
6133	6144
3339	3915
6234	9349
6223	9349
7311	121504
3178	56949
10395	23371
1915	6204
5094	10236
25937	51421
779	10369
3240	5004
6804	6813
988	56852
3614	23593
887	4295
5515	55181
5093	10181
2266	3827
219968	285093
607	8945
86	8451
6556	196527
1981	6233
5529	5781
8243	23047
6185	57171
6049	8881
23658	27316
10618	51246
6189	7178
4171	5422
5518	55746
2962	10523
64960	65003
988	4436
11187	64065
10466	10618
7311	9341
10664	11091
345	4036
54881	57418
6091	7852
3490	6696
6139	6205
2204	199675
9787	55872
377630	401447
4710	4728
2848	196883
6206	9349
2962	57794
79600	84902
6125	6201
1778	6232
5705	5706
6160	6228
8351	8365
10952	25873
1665	3184
6170	6175
6147	6223
6230	23049
813	10970
6168	6170
79600	91147
5701	5715
6142	9349
1495	1969
4695	55967
1839	1956
5747	7852
566	4069
1763	348654
5338	9744
6173	6222
1495	7082
23122	23279
4867	23322
4724	4728
64946	147841
7857	54757
5725	220988
5179	6751
226	5230
7042	10490
1213	10254
55143	348995
1778	10577
890	983
5438	56655
7919	10236
966	10652
6160	6209
1660	23350
6201	6223
6502	136371
683	199675
6205	53918
3433	91543
1894	6790
945	100049587
79023	129401
1287	3688
22918	53831
6233	9927
8886	23560
833	4141
5023	326624
59350	94235
1453	6229
6218	6235
5422	5981
65008	118487
6118	9557
259	2244
1946	2268
1778	5347
6160	6233
3859	125115
246184	285231
27252	55585
3355	4889
6154	6233
1576	54600
10469	27235
701	221150
2918	4985
9868	54543
3190	11100
259287	339403
6605	11198
6157	6173
54577	54657
6204	6222
3185	5094
1642	9730
6138	6230
369	5536
9928	259266
1665	3191
3054	84661
2841	7852
996	51132
4725	7388
6224	140801
7905	392390
1937	6229
6231	9349
8243	57082
1062	5529
1060	57082
1366	137075
64928	219927
6233	7132
8729	10121
6207	53918
5584	117583
7042	83706
9700	113130
1994	23020
3184	3192
6827	25920
6203	27340
55839	79023
2491	5903
9801	23521
10367	90550
2197	6156
3675	3685
79441	132320
1595	3157
26284	64983
1962	6233
6189	6210
1781	57545
4830	4831
6122	6202
6164	6217
51096	84128
2976	55703
58513	143425
1058	9212
4599	51191
2197	6222
2733	23511
2222	6721
10250	84950
84296	84515
813	10130
5293	23533
10489	25831
990	63967
1058	151246
4709	4726
10574	10963
1778	79867
9320	89910
22930	84516
3903	22918
1453	6233
1933	6168
6167	6209
4712	29796
4670	7536
22974	23397
3833	9793
2268	6774
10084	27238
8243	23122
6169	6210
10236	27238
6636	84844
1915	6142
6124	6194
4116	6167
3192	10236
6189	6203
152	719
4736	6130
55142	440145
3433	3437
1956	115548
29074	54148
11004	24137
29889	51154
7336	390594
23279	53981
1994	10291
5829	10787
5094	10291
54820	146057
5861	57403
2521	3178
8243	10735
5347	22974
8463	25937
90025	158506
7415	10383
727	259287
2550	51083
1292	3685
6129	6173
2146	54815
6137	6175
4735	121441
11064	27077
1642	11091
332	79172
8687	8688
23283	55749
6921	54620
8453	9820
7409	10787
6233	197342
6168	6228
4736	6188
5708	29979
8607	11091
1544	169355
1495	5584
58191	63940
5696	6890
1551	1576
6159	6164
26249	55521
1063	23244
8301	9341
351	8698
3113	4261
2033	9967
5709	51053
2197	6146
51069	55168
22995	23332
79685	94239
4670	5725
6138	9045
6203	6217
6193	25873
1894	9493
1994	10236
3055	5747
5054	7424
6168	9349
3190	23020
2962	54845
3512	57050
3075	3078
2846	2922
4736	6210
1062	24137
2491	151246
6155	6175
6206	6233
51081	51264
916	50852
3106	10475
5781	259230
8313	10297
4670	10949
11260	55746
94239	256126
6161	51187
10285	10914
23562	53842
3309	7184
2153	2244
2033	6233
2266	5345
6122	6168
6461	7409
2803	90196
23658	84991
121504	126961
8453	55884
9804	9868
8729	9371
2197	6167
4171	11073
23283	23350
4303	7874
2197	6218
2197	6135
2033	10735
6434	10921
6157	6205
6156	8667
6233	126961
5747	7409
2521	3190
3921	6144
2197	29093
332	24137
4724	51079
6227	140801
389	55843
80224	374291
6159	7311
9790	54881
10382	23332
79895	338339
6728	6731
4172	8888
4116	6125
6632	11157
10523	23450
5747	11099
10403	23310
9968	81857
3683	196527
1933	6142
6154	6222
156	8477
88	4620
23304	56658
399	9743
5438	6872
56729	126014
3689	3903
5741	594857
5528	113130
6128	6224
10053	152503
9690	23295
4905	10905
91419	125150
3303	3320
9879	51690
6222	9045
351	3491
6202	6207
6155	25873
1233	2359
5347	57551
1910	3827
5929	22976
4707	4710
1511	4353
796	5745
54534	64928
1813	5443
891	1781
988	5983
34	6256
5516	5526
6124	6232
1347	7388
6144	6228
6142	6210
4713	7388
6158	6170
3886	8689
1816	3973
3071	6461
23295	63891
5290	9208
833	2617
1325	6752
338	3827
5685	7979
522	4713
3909	6385
6208	6231
26046	26268
2913	84539
6714	10298
6170	6234
1665	4839
4700	4707
1839	5782
4854	5087
23450	51692
4736	6141
6227	10952
10403	56992
79090	90411
3192	9128
9320	57154
1536	3685
3178	10523
3921	6147
3161	9232
6155	140801
164	55330
1781	5861
79682	147841
23275	23509
5903	9793
9493	9585
6201	6218
10733	84131
6155	6229
9844	10787
1017	84515
6201	6227
6635	51639
23095	24137
6130	6164
6218	6228
6152	6209
51639	85437
9636	10561
1937	4736
2788	5368
2197	6154
967	25798
6159	6194
2962	4670
8329	8337
89910	154881
6122	6141
905	79577
6517	9968
1495	6714
6229	6234
930	118788
375	1314
2048	8976
6141	7311
28973	64928
2197	6189
930	974
864	3683
1387	6601
9793	23279
10963	22948
1956	55914
4691	22984
3655	4233
3837	9631
2359	56670
4686	25920
6233	7317
57674	64219
4904	9295
5829	9459
1398	9844
8175	10181
25984	121391
6429	22826
8329	8341
160364	338339
6147	6194
8021	55746
1933	6181
2268	4301
4686	10594
2792	128366
6193	6231
2517	2990
4695	91942
6837	54797
5931	22976
6169	6209
1495	5819
122042	196883
5330	9002
6125	6135
5725	10657
1282	1284
186	84539
3430	8638
2792	2847
6147	6208
4694	4710
1956	5336
3309	9531
7343	9013
22919	54821
8945	11059
2243	3827
9156	51514
3681	22801
5594	84823
5869	23011
10112	64837
1398	5829
55249	55870
10949	23020
51318	64951
5573	23209
2036	8573
3184	9987
5441	7314
514	4713
29882	90678
6234	9045
6164	6232
7341	404672
6206	6234
9276	10427
2197	6232
11218	23511
8189	10181
26155	65083
7456	10552
8243	25909
10663	51289
63891	63893
9493	10112
5829	7852
1116	5005
9493	11014
6130	7311
5829	7534
6228	6229
420	58530
6227	6228
972	5641
8349	85236
23149	115548
2792	594857
1435	3490
10713	23451
56923	339403
113130	348995
10466	57511
6877	8881
2033	10498
4952	6233
1350	1351
6168	6176
659	9765
51649	54148
1794	3055
1933	6207
3491	3913
972	3123
3638	6721
5469	9282
65123	80789
5880	91614
6132	6218
1660	9716
2912	6751
4690	9448
10352	23395
6156	6224
6156	6230
4298	6830
6164	6229
3685	5817
1956	54874
3015	84661
1062	9793
10403	57082
25879	56902
3118	3662
1315	84516
2962	80004
9439	9967
351	29933
5394	5822
79659	150737
5528	23047
394	7204
2792	7434
2535	8324
4904	22826
1660	3191
155	6344
7525	10298
6144	6157
5684	10393
54850	149951
6632	10465
26234	79176
6223	6231
9493	81930
2305	5518
2053	7311
301	302
6193	6222
891	1033
84720	94005
335	336
2771	58191
3192	84991
1794	9844
7311	257397
1981	6146
891	995
158506	285231
6141	6230
2033	23774
5725	9987
3836	3838
9886	221472
3184	9343
996	80012
4588	56667
23223	79039
813	5954
26190	54165
10155	80110
5725	27316
388	23526
3106	5696
6146	6176
27237	171177
514	27089
6136	6189
4174	10036
6601	8467
64963	64976
6847	8468
10193	80204
1933	1937
10657	11338
205	513
3693	7525
4174	4998
1453	6208
3190	6625
1937	6135
6144	6170
830	11014
5688	9978
9739	55904
5685	5706
10592	259266
2792	391195
6387	50837
6143	25873
3185	10594
1329	1347
2068	5424
1915	6124
3192	5546
6218	6223
1398	2185
1500	55740
2840	84634
377	10749
1906	7430
90293	221687
8085	55904
55127	84172
695	5336
6129	6206
3185	3191
26234	84261
6160	6232
2519	5476
8514	10970
1088	160364
896	6776
6175	6209
5436	51639
5706	9134
6635	23450
28977	51264
4116	6146
6165	6229
5697	6376
108	6750
3181	5094
3421	5009
51318	64976
60	1072
7905	81472
8237	10574
8074	8404
1062	1894
23020	23658
5347	57787
6209	55127
2521	5725
904	6667
5557	5558
10291	10523
3695	8516
2521	6626
393	11014
7409	7454
1933	6204
6181	6207
6229	11103
3655	3912
7320	79754
8467	25942
6605	29117
23160	27042
5711	8697
9632	22872
7516	56655
1292	3688
4512	4514
3973	104909134
6203	6229
5558	10926
6125	6235
285093	391211
9716	23350
26268	56995
1915	6202
7311	151636
6137	6235
1981	6202
3916	7879
3921	6160
25897	27252
55127	57647
6637	55505
5518	5976
7311	23586
150684	150726
51429	115548
4641	9371
7514	9126
3356	94235
5747	7454
991	64750
9553	29093
5725	10594
6146	6154
1991	6709
6626	8189
2537	10964
1164	9232
10236	10594
6625	8189
6202	6218
6708	11280
9833	51203
983	51053
3015	5438
10382	91147
3683	3688
2833	6346
4713	9551
11128	25885
4540	55967
3913	10970
10970	11322
23511	57122
4172	4678
2033	5469
23063	23122
1129	5173
4541	4726
6144	6223
891	3838
9212	57405
2914	4988
2801	6709
10489	51343
3313	5903
4853	23509
5878	23011
7874	56655
6194	6217
3157	4597
331	6233
3178	10921
5870	10890
400	60592
3184	10236
920	8976
2224	6721
4540	25915
6164	6234
54148	64928
3921	6231
3912	51280
5422	9126
728	846
26531	344892
6144	6193
1314	8729
8334	8969
1108	25942
6159	6209
6165	6235
6181	23049
219954	285093
55143	220134
890	51203
50616	116379
1642	56852
6170	6218
2792	5145
3015	55166
6209	6235
9493	54443
50832	54429
2821	7086
5872	53916
6135	7311
84231	90678
5528	10726
6147	6224
5930	84231
57187	65109
3799	11127
6155	11224
3921	6128
6193	23521
7316	54677
891	81624
6144	6175
3710	8826
4543	6751
3190	3191
6159	6232
6124	6205
6130	6228
1994	23435
1816	104909134
4738	6923
10959	11014
1453	126003
3434	10561
6132	6170
1063	2305
8243	23279
9820	23304
1911	6045
1947	2049
1000	1012
6279	6283
9867	53339
6233	65264
3640	387129
891	5515
2784	6752
6142	6161
9491	200734
3190	6421
513	374291
6249	81930
6130	6173
7905	390261
932	79895
6232	6235
9738	54820
6175	6227
10594	27316
9126	9793
5879	8976
5781	7525
81930	83540
1453	3921
23067	57690
6165	6173
567	3140
6233	54677
6147	6202
6159	6234
4725	10632
51003	51586
991	4734
80184	84962
5438	5440
899	5930
26190	54778
6133	6181
6233	7158
85476	116541
1453	6203
6144	6206
1350	4700
3184	5725
10112	54443
908	9628
4713	4725
127247	148581
6230	9887
6229	6232
11339	54069
6147	6229
5519	6801
4508	4509
142	5981
4738	122769
3619	10112
3305	10963
156	2121
23244	55746
3937	7462
1793	9564
2625	3169
6160	6210
84131	347240
4707	54539
10907	57819
10921	27316
5411	51747
3433	9636
6133	51187
6161	11224
9343	51692
10274	23279
1387	6667
6132	23049
5286	29988
3482	5868
6202	140801
4670	10523
2358	160364
3832	10615
11338	51729
5290	5970
566	6036
8514	57153
4161	7432
2773	29899
5705	5718
63891	90678
6176	6230
6129	9349
3685	160364
1347	4700
6133	6165
4670	6626
50834	338442
11014	50807
1660	23450
5880	27237
6133	6169
28981	150737
6432	6628
2956	5591
890	151648
8581	27076
11015	23046
1120	1375
23248	25896
1956	9341
3683	326624
3433	10561
6175	6224
5515	10776
8329	8334
2832	3827
9411	29984
9553	51649
5695	6500
6157	6202
1339	4512
705	84946
671	3240
2912	4889
10734	256126
5869	57403
378	10282
1173	5878
3855	3866
51602	84154
2189	80010
152	8484
4809	11325
10403	26271
25831	80204
10274	151648
7325	7704
6233	9612
9793	57787
8349	8969
6207	6223
5562	5571
1642	5931
10403	151648
2792	388531
57154	57674
1662	10528
3006	8337
1307	50509
6231	140801
3619	57082
6229	9349
6129	6164
3183	10949
623	56923
3884	3885
64928	64979
2791	115557
54734	339122
6152	6235
92912	390594
1356	54757
2997	6233
6209	6224
6128	6206
6229	11224
4738	6635
5694	7979
3635	5294
3134	3659
5094	23020
6616	8673
51118	80135
10432	23435
6167	140801
9752	56141
710	10747
6626	27316
6164	6222
6156	6167
2521	10236
2935	6173
54578	54658
1230	55970
6170	6201
83540	157313
4695	27089
3185	10921
3157	4047
29945	64682
6138	6176
6921	55284
2071	9015
2798	56923
942	7525
3055	5788
9342	127829
5707	64750
701	9824
1277	1292
5903	57551
3978	7874
6147	6204
3240	5199
22918	79895
6130	9045
9631	65250
3916	5660
10412	10607
1981	8637
6139	6218
6232	6234
1933	6144
1915	6206
7337	26190
23291	55832
389	90627
778	27091
8924	390594
4809	84844
6209	10952
2033	8243
10092	10109
6175	6210
2865	6288
2023	3939
10199	11102
1337	9167
7311	23118
6632	10907
3181	3189
6158	23521
1994	23283
904	2967
8976	55243
7846	10376
930	933
6154	6175
3191	9716
2617	8565
26046	197131
53339	57531
695	7305
23658	57794
6202	6229
9790	81887
2146	10664
6386	10487
566	1991
26190	140459
6144	9045
6155	7311
999	3691
335	2266
3433	3434
4736	11224
50506	405753
10693	55970
29882	51619
9787	55165
1452	5516
6154	6203
6129	6161
4171	5424
4867	9657
8886	27340
6204	11224
6232	27340
302	383
6122	9349
8655	23218
6135	6161
6138	6203
23327	51088
521	522
1830	5266
6133	6233
64951	64983
3105	6890
6147	6222
6827	80789
2776	2837
2962	10291
6122	6147
6667	57508
1471	2519
10921	55749
3074	5476
3565	3567
6138	6227
317	835
1810	26009
9341	10552
1660	51729
6142	6227
3619	9126
968	5878
2358	6556
83597	403253
1476	8993
6799	6817
928	3655
6139	6223
4713	4724
5929	57690
2800	9827
54509	445328
5983	8451
3827	5345
6136	6229
6144	6202
871	1290
1340	1347
7311	9349
22826	57819
9868	10452
5000	5558
4173	7298
3189	9987
90550	91689
6207	7178
9787	29127
1650	7841
8065	9354
8453	89910
6133	9045
4538	91942
727	50835
4295	5020
1478	24148
830	51014
4829	5737
1749	1750
6137	6155
1665	5438
6224	27340
1431	10063
3191	23435
8976	10254
23149	54874
4736	6159
7421	11198
6136	6156
6154	6201
6146	6224
10527	55705
3688	4233
10575	84617
6155	6173
3188	11338
1337	29796
11251	94235
10121	10844
6232	7311
160364	170482
6157	6169
11102	84946
9133	57082
2776	27334
5700	5702
6173	6208
6181	6233
988	55183
7272	55635
1908	23620
11314	196527
6619	10623
64976	219927
10426	11064
10635	146956
3832	6240
8347	8969
22930	25782
6175	6189
6235	11224
5594	7249
9045	10399
705	9277
2491	6232
6628	220988
6135	6155
6133	6205
10681	338557
891	7531
6128	6218
5290	5781
3646	26986
2959	54457
4436	51434
55759	84549
80321	121441
6142	6165
6128	6189
3091	4088
5422	79892
287	10121
6165	6202
566	4332
9833	29127
3161	9787
5394	6154
10291	10949
4734	9320
6160	6218
3184	220988
6181	6203
9020	10000
8365	126961
4736	6235
6232	23521
6168	51187
8915	29775
6170	6233
79867	121441
6142	6233
2079	6432
996	5699
7311	92421
6202	6230
4172	7298
6233	57154
153571	153572
5707	6790
1894	9833
11176	23309
5093	8189
3191	3609
2967	79577
9730	84085
7175	9877
6138	7311
9283	51764
1439	5777
6171	6235
23291	79176
3481	5005
353137	353145
9349	11224
197	3481
6159	6202
6164	55176
84105	347732
6233	27327
1933	6152
1500	1739
6168	6727
972	3127
51234	56851
84261	154881
5683	139285
919	7535
6173	6207
9184	57405
6130	6159
5594	9612
5708	7316
6147	6218
4508	4539
9767	11143
3190	27238
6128	6173
7317	8945
9727	23265
8453	55832
6788	6801
1022	2810
3916	3920
6936	51645
6923	9978
1387	9968
3913	10272
5093	10523
5586	5879
1942	9564
5438	51503
2740	59350
3683	3693
9183	151246
1398	3055
5627	10461
2961	404672
6188	6204
1063	7514
2801	9276
3074	10577
9716	56655
6157	6228
4512	4537
2071	27125
5469	6667
9140	440738
6130	6208
5862	10890
9700	23397
3764	10060
208	51230
3105	5696
3364	5810
6122	6222
6427	6432
26476	344892
81285	285093
8886	51388
6125	6167
3688	5829
6227	9887
375	22820
6156	6161
4712	4724
6169	6222
1287	8974
64983	92259
8453	22954
23014	55832
514	4694
11275	27338
5880	84144
9322	9341
6169	11224
988	9126
905	27125
3115	4261
6181	6189
6176	6224
6430	6434
966	2207
2813	55350
5093	23020
9183	22919
9295	25957
1950	2277
10575	10693
2959	6883
51715	326624
891	5516
351	7852
506	5250
988	9879
6142	6193
5879	9046
6135	11224
551	5021
6143	6158
813	3912
2204	160364
10803	50865
23585	54741
1462	3915
57630	83737
8341	8970
9793	151648
3921	6138
10236	10432
22905	29763
3040	3048
5518	6204
6139	23521
22897	79598
9616	150726
7317	63893
966	5023
1774	5199
6130	6133
10389	84108
868	200845
6146	6228
6122	7178
10153	84365
3913	5829
7919	27316
6700	353133
8322	9341
7525	9564
9459	29984
701	4288
991	51665
23160	25885
6133	6204
6193	6206
51234	55831
7341	11315
174	2243
55252	221937
2153	3827
6164	6235
3127	7535
1445	5829
6207	9045
4724	29796
1327	1329
6176	6203
6158	6202
890	9133
102	1495
10640	55770
720	721
6137	9349
3882	8687
2695	122876
6233	26043
6147	6201
11004	54820
2966	5424
6170	6181
1387	8289
26589	64963
3913	11098
1991	4125
4125	6036
2033	23067
5700	5705
10155	388569
6556	84418
1933	6210
10592	24137
6235	27042
8365	8969
6170	23049
11274	23586
4867	80184
7311	27327
54620	84231
5189	7311
1856	5869
6422	7474
51143	55055
974	5336
2353	2354
5179	283869
2792	343172
6184	6185
867	5781
8317	23595
1292	5033
1315	23303
6203	6206
6158	6176
6147	6160
6160	6231
8243	10592
8329	8365
2801	10972
7341	129401
10153	55759
8021	51501
5430	81556
4353	56729
8854	340665
10155	25799
2521	3183
5529	79172
10197	64682
6129	6156
6164	23049
11127	29127
4116	6233
3685	5023
1739	5290
54577	54658
5701	11047
6657	63978
8925	22888
6203	6205
4736	6147
23291	23327
1394	1816
6135	6235
10250	10285
5516	6249
9551	10476
4509	4537
24148	56259
9371	64837
2475	57521
5684	5695
6434	57794
8661	8672
1956	2059
6157	6234
915	286749
5929	25942
29093	51649
5695	5706
6222	7178
3422	4597
3001	5551
177	351
6130	6155
1737	8050
4713	4728
4513	4519
4706	4717
5869	8976
3135	3663
6152	6207
399	9138
2197	6206
55755	146057
2863	5021
6138	6188
3921	6175
930	973
3482	4905
796	6344
6133	6139
56923	259295
963	64386
5889	56655
51318	51649
695	974
7328	22954
9700	23244
1950	7474
1116	3240
6129	6235
991	23327
3978	5422
1969	6714
6133	6224
2317	54751
80314	339287
10393	79813
5714	6790
1063	9793
6707	147409
1669	1991
6165	55176
1665	51692
4331	5436
6203	7311
891	9232
6209	11224
3886	121391
5708	7415
6193	6228
6169	6175
6128	6146
389	1894
5610	6774
259290	259294
10460	64151
6142	6189
1308	3655
6158	6175
9277	84946
6193	6234
1084	2358
6134	6167
6156	7178
6156	6222
9700	10274
3188	4670
5822	55127
6122	6173
90293	285231
2934	51411
6154	6218
6227	55127
6208	6223
6124	6175
6176	9349
10885	23223
9553	54998
60488	85476
2033	4303
3191	84991
6233	26091
3064	55660
10607	81887
5950	7276
1783	9493
6139	6194
2033	2072
116	5746
5438	6635
6556	23601
27089	55967
6209	25873
6160	6229
4696	4707
11314	79895
5878	54885
6204	6233
26589	92259
10992	27339
623	2861
9631	9972
6143	6155
7004	25937
8451	9730
6193	6218
3178	4670
4734	115290
1387	6605
6631	6632
1793	6714
4689	5880
90480	118487
6161	6202
890	4999
3123	54331
3491	3895
6133	6157
6205	6222
1994	3190
567	3105
4361	63967
9887	11224
389	57522
335	5948
222487	338339
8687	121391
6160	11224
11258	11316
10489	84231
6157	11224
3071	7456
1457	7153
6429	10250
3015	58508
3921	6222
2268	7525
28973	55168
5981	57599
4700	4713
672	9156
10734	65057
3797	10112
2916	4887
2790	2837
4700	4726
4736	6124
26	10562
2521	10594
7314	64320
6235	27340
6232	23049
1063	5905
27043	57647
7415	56729
1000	10970
1524	56670
1559	1576
1605	3912
5443	53831
1175	5878
353139	353145
6201	140801
64761	83666
6222	6223
6136	6176
6370	165140
10484	51014
3852	3853
23431	27131
6891	6892
4713	4715
1822	57504
3799	29127
1645	8644
3837	3838
4736	6207
6135	6189
2185	5599
3122	3662
3183	7919
22954	57630
705	84154
8655	60673
2784	2792
3190	55749
6330	6340
2959	6621
3192	11338
6129	6142
1285	1286
673	57498
8021	57187
6142	6207
8349	121504
6159	6222
6161	6223
4697	55967
6232	6233
10970	54972
8087	9444
2962	4298
50831	50832
1387	4205
1453	2801
1281	1290
1398	3937
2787	10803
26239	353133
351	55970
3560	3718
2966	5433
338	4547
2959	10302
6134	6728
51122	54165
6138	6233
8322	8976
6908	7027
6156	6188
8945	55832
23332	146057
6129	6222
6147	6176
1457	10051
1208	5406
5048	9183
10075	10489
9969	23389
1058	54908
6556	100049587
1387	10499
4514	4539
2197	6137
6141	6189
29093	51650
2251	8823
6133	8662
6631	10465
1337	388753
23291	83737
3115	3122
51023	116540
4670	6434
219960	285093
1435	8542
1268	50865
3191	4686
6439	653509
6160	6204
51692	51729
9436	259197
3837	9972
2064	5336
5067	23627
23223	26155
3725	4772
6122	6160
301	7852
3185	5093
64750	126433
51552	60412
1290	10536
26589	64928
54881	55127
85476	90480
3915	4233
6229	27340
6218	27042
9636	23586
6176	6727
8976	23149
1642	9716
4738	28991
6157	6161
6169	140801
7153	9688
6173	11224
3184	51692
5684	5685
4641	5898
11014	55605
10523	84991
5605	10256
6631	23658
1329	29796
6453	23149
6631	11017
57787	261734
4924	57104
2782	2784
2932	5708
6135	6727
1642	26094
4736	6208
3190	11052
3921	6130
4174	5424
6175	23521
2247	3685
6189	6205
4116	6170
57129	64928
3190	9716
6133	6227
6201	6224
65055	138883
1956	3688
11103	51575
1173	29924
3646	8667
345	350
6045	171023
55658	223082
6147	6233
54820	55143
4670	51593
6143	6168
84231	197131
27042	55127
6176	6218
5339	6189
4535	4539
6142	6203
7311	285231
5199	56729
55143	113130
6181	6194
51264	64976
1962	7311
1455	2810
5094	9343
4495	4496
8454	55819
1340	1350
3998	6745
51134	80184
6133	6203
521	84833
2925	9170
6154	6167
841	843
1601	6233
7398	146956
3184	10921
6164	6207
1660	3178
4171	4172
6217	27335
51676	115290
1994	7536
3912	59277
2186	8467
2205	3702
5984	23649
55	154664
9508	57188
7311	54363
50838	259295
857	3688
2033	10847
6181	6208
5903	23332
10484	56681
50848	57530
6223	23521
9730	10293
4853	6233
966	3683
6194	6232
10574	84617
391	394
9585	51014
3921	6203
377	10112
23095	64837
6207	6222
5594	7094
831	23209
6135	6164
6631	84844
1793	10787
54677	83752
5695	51371
5439	6119
2197	6203
6137	7178
8334	8347
2833	83756
3274	285601
10970	11001
2071	6873
9700	9793
6136	6164
2982	2983
991	22974
23244	25909
4057	56729
54625	83666
4540	4700
6632	51690
6233	80351
3184	27316
2923	5589
6143	6159
3181	51593
641	2189
6168	6201
91543	129607
3921	6136
10199	79954
6688	7805
3572	3977
6185	6729
6049	26224
4543	4889
6210	10885
8945	64219
3909	5829
55142	132320
1778	22930
7536	23020
3811	3821
11224	23049
2804	9276
2913	4988
6133	6155
3673	3914
6233	23291
1605	3915
6426	100526737
8189	56949
6752	10563
2491	81930
6874	83860
9616	10393
112	1269
5439	9978
1933	6193
2178	6118
7409	27071
1364	1366
4670	23020
6168	6204
3619	8243
868	5930
9875	22984
10163	147179
10952	90701
11224	25873
60	10095
6161	6204
5196	94235
6156	6233
640	973
6170	6204
6235	23049
1781	121441
5688	8312
2521	51593
23339	57617
6167	6222
25831	26091
6143	6206
3015	64946
24137	285643
6147	6232
8648	10499
26123	79600
6137	6232
727	846
332	64151
8683	9785
6631	6635
9553	64928
890	9787
26290	140453
2064	2065
9246	11275
6202	6208
6142	6235
677	56915
6168	6222
4509	4535
6714	7525
55759	84154
3619	151648
6134	6202
6169	6223
2537	10561
341152	344892
10607	57418
990	996
4691	8602
8454	64682
51465	140739
6387	6754
3190	5725
11169	84296
6430	8175
6427	10189
6161	9045
7311	8450
3240	5005
113	259285
516	26521
56658	84085
208	2475
983	121441
3181	3184
3185	10523
2247	6233
3978	4174
23404	54881
6142	25873
6155	6193
6164	7458
51397	150684
4670	23435
399	57449
10970	84141
6152	6170
9757	26523
6142	6164
4718	5284
54617	57634
3683	3695
8648	23389
26190	57542
81559	84861
133	79924
1392	4161
3202	3204
6518	10857
3320	84131
10291	11338
1488	6934
6159	6233
55166	151246
2491	5519
3559	8651
5546	56949
1665	9343
2917	27199
6227	23049
4713	10975
4543	4852
890	55165
10283	23398
1268	64805
1080	4036
5347	9793
6453	10552
6637	83443
10540	80184
6301	23395
1062	11004
5515	5718
4691	79050
3619	51143
9662	10733
9553	64951
6138	6139
197	350
2932	5707
4736	6201
6169	6204
5518	6165
6136	6168
9564	10458
6059	8886
6135	6202
672	64682
1783	54908
63891	64682
84418	100049587
1237	27199
47	1431
8021	79833
6147	6227
988	4999
3886	8687
9730	54926
6135	6234
2204	338339
5528	57405
6233	10401
9551	10632
4952	9562
23295	54620
1453	55127
988	6596
830	1604
6154	6202
846	259287
5708	5887
521	4713
23283	84271
6201	6230
10482	23279
24148	51340
6138	6161
4540	4694
1933	4736
10733	79959
5695	5715
2243	5345
6222	9349
6924	22916
4171	56655
9927	55669
9377	54539
8602	84172
3833	24137
6850	23533
6714	7402
142	6119
5080	8338
7021	83741
9793	55755
9329	11128
2064	3320
3434	5610
2123	2124
5708	5970
3614	4125
4736	6169
3852	3860
858	1956
705	23160
3799	81930
6142	23521
57674	80176
7905	282770
5829	23209
6426	10949
6165	6223
9045	9349
5746	94235
6168	6218
6626	10523
10236	11100
10425	84085
7456	10458
116540	219927
1314	4905
639	3662
5720	5721
51099	79948
6203	6207
117	2695
6205	6234
6230	6235
6218	23049
51264	92259
6204	6232
5093	51593
3683	79895
3133	5696
25843	26127
56995	84085
5725	51729
6122	25873
3191	27316
5436	27258
6139	6193
351	1524
5516	10213
3619	57551
6157	6176
6203	6222
1933	6138
22938	220988
3017	8351
118430	727897
10254	10617
1337	1351
56902	84135
4735	7283
7249	389541
8295	57634
11066	23020
3490	84141
2521	7536
904	5433
6142	6229
55766	57459
6222	6229
4686	116832
10885	25885
6135	6222
1445	26191
7153	23511
1081	3623
3663	4281
5436	57819
10540	22930
5501	23332
1854	7298
23244	57082
4736	6144
3313	23511
9790	79039
2962	5546
10102	54148
966	326624
1781	10540
891	4751
226	7086
919	3559
7343	57459
4736	25873
9439	9611
22995	146057
6152	6167
3796	64105
10813	10885
6667	10499
351	5330
3567	3578
26091	57542
6135	6170
5518	6208
1660	5094
5868	26130
10714	80010
7531	8655
2790	5294
776	786
55168	219927
3655	3918
7041	7414
867	8301
23122	57551
7375	8717
57592	63893
1937	6188
55629	65110
6232	7178
23265	50807
6133	6193
1660	27316
8329	85236
6556	79895
163	8027
6235	25873
6224	6228
51021	84545
51692	80335
9341	10652
3122	54331
1063	23332
6222	6224
932	3689
51650	64928
1500	7409
6908	10498
4221	11091
6209	6727
9816	9875
5347	5905
6169	6203
6175	6229
6188	6230
6699	6707
9553	26589
6144	6189
891	5526
6625	10523
3308	9631
6146	6218
2770	55970
25909	54821
1062	79172
990	9491
640	3932
6203	11103
51650	64983
3915	5829
5518	6218
4049	115650
5540	6755
10112	51014
6164	6188
6133	6160
6363	6752
22995	163786
6240	10592
6152	11224
6138	6223
344892	390077
11176	64426
10914	79869
54457	404672
6152	6230
135228	266727
378	10959
5361	7305
6175	6230
933	974
8260	79903
5547	10970
6809	9341
102	813
1237	9934
2064	54206
6141	56915
29074	64928
6870	51764
6142	6209
4700	4725
3017	6688
1981	6189
6233	27340
5861	10890
8881	26224
3192	23020
23586	29761
51503	84844
945	6556
6142	6208
6152	6223
2623	2811
1650	6836
65055	219438
55066	57546
5590	50848
1991	4332
23326	79595
3214	3215
4928	55746
6160	6167
83540	220134
1994	10921
6830	55677
6788	26524
8451	51514
6235	140801
51514	64708
3015	25885
4161	6019
1856	29763
1741	22941
3320	85378
552	6866
5834	93100
6154	6169
51023	51650
23014	64410
5753	6725
1906	6846
6234	27340
10733	55142
920	5286
566	4353
87	7525
3301	3304
6868	11319
51172	494188
7057	56999
3106	3107
4851	8312
5688	5705
5170	6197
1605	5829
1781	51014
6139	6229
643	5368
8453	84085
6169	6206
6203	6218
6181	25873
6152	6157
891	151246
6631	51503
4512	27089
11196	126003
6137	6147
25926	117246
51593	64859
6134	6154
5438	23524
6164	140801
10713	11325
9978	81559
3685	3688
1453	6205
2151	3356
56923	259287
6167	6235
3066	9014
47	387263
6747	60559
64750	65264
6128	6209
10540	57511
3055	9844
6142	6158
1783	25839
4736	6135
3866	144501
3091	5707
7514	23039
8924	63893
6161	6203
6206	6223
3635	5777
6130	6136
6188	23049
102	3915
695	8976
7175	23636
6233	10110
394	11015
4508	4535
6176	6222
9341	22905
26268	57531
84340	92259
3685	6518
8969	85236
9690	51343
6626	8175
54456	91646
23014	143279
5879	7454
10952	11224
6176	6235
6206	6229
6147	6207
2911	594857
57647	84916
6155	9045
6132	6171
22976	51588
3849	319101
9221	23160
3912	11098
7003	8463
6144	6229
10189	29107
5438	58508
2185	5829
920	115548
5566	7283
4708	4725
5529	54821
2033	8085
10499	96764
2197	6173
6175	9349
11338	55749
10316	729230
5436	51503
3688	3695
857	1956
2537	4599
6434	220988
3071	5829
11157	27258
2205	2206
6173	10952
6599	6605
51023	54998
6237	10507
338	350
80184	121441
1660	23185
846	56923
6122	6164
3185	4670
1022	64859
5438	7874
9128	51340
1287	80781
4957	55755
5515	6500
996	54778
55114	89941
6128	6143
3148	8971
2268	9564
6159	23521
5707	84962
5094	10992
6135	6139
10097	10487
2537	10379
1656	54464
7783	11085
8515	22801
50835	259292
54998	57129
8329	333932
3190	5094
51023	90480
5725	10523
1933	6128
6455	8673
10376	84617
6133	23521
8667	26986
4940	10561
5707	7321
4928	57122
55720	56902
7434	594857
7311	57674
3357	4829
1958	4665
3689	79895
3185	23020
1062	64151
4957	261734
2033	6938
6165	6227
7704	142689
6317	6318
6232	7514
5294	7409
8021	51692
6158	6189
55299	56902
6206	27340
1435	1462
6159	6189
23225	79833
6418	7514
63891	84231
8349	8365
11190	121441
9277	51010
64976	64979
10193	53339
5604	23164
6144	51187
6491	284403
54625	151636
6626	11338
55703	55720
2915	5021
6161	6207
6147	6193
3674	5829
2153	51156
84163	389524
6885	23118
6518	10970
23223	65083
6164	65008
1536	51382
3437	10561
1668	1669
6152	6202
641	6118
11236	79139
9443	84498
55168	78988
712	713
2521	220988
10952	140801
4736	6224
5439	8896
4697	27089
6160	9349
6169	6202
6130	6141
259290	259292
6130	23521
11127	64837
1823	6705
8453	79699
23047	57082
2107	6176
6827	51755
3620	169355
6156	6169
6160	7178
6175	6218
5880	9743
1499	283149
963	7805
4171	4174
4171	4678
6160	6208
9045	11224
3915	84141
1233	6370
23398	81608
6122	6205
9410	22826
5690	5709
6175	6204
595	11186
1487	5928
9371	24137
2099	6198
58508	84661
2920	55970
9276	22820
3066	23028
6141	6202
10302	25896
1129	4543
1314	22796
5431	22794
7184	10970
8243	23244
81567	93100
338	2153
22948	55970
3688	9564
5594	6667
28959	55365
2648	5469
5660	6376
111	51764
671	56729
5725	10921
1956	2064
6189	6224
6208	22803
6136	6203
6850	64170
6430	10949
7905	120065
9611	23118
6202	6233
51649	122704
22984	23223
10112	24137
23582	25949
1395	2848
3491	3912
6237	10235
6146	6202
570	6233
9474	83734
3109	3115
6434	10291
399	1894
55143	57405
1063	259266
6427	6434
7514	9793
8740	10673
56995	154881
1292	55214
8321	8322
3713	23581
1639	23299
23	6059
64951	92259
6427	79902
3191	79869
393	11015
6847	27127
6387	57007
6233	26190
6167	25873
55388	81620
51318	64983
3008	3009
1933	6201
6223	8562
919	3123
151246	348995
6188	6203
374	2065
51510	51534
6427	11066
7862	9219
6155	6230
5173	6751
4586	140453
23244	23279
10489	54778
51649	92259
3178	6430
11157	83443
7311	126433
8452	26091
55746	57551
6790	55165
3853	196374
22974	259266
6208	6229
624	6755
6170	6229
3054	23082
27	10486
6602	57492
623	5737
4312	4314
932	160364
2863	55970
10484	79090
3054	23067
3339	6385
4116	6169
4707	4726
9069	9076
5976	6235
3191	9987
6224	7311
1660	3192
3832	10121
4736	140801
50838	56923
1063	5347
1660	10594
6233	8945
4173	23397
22919	22974
1933	6133
133	2863
6159	6227
6129	6139
3190	84991
3107	6672
2784	4985
23042	23420
6385	375790
9968	10499
830	10466
1993	22794
6124	6235
6156	6232
5529	55055
64976	118487
29933	55970
57122	57551
6147	6205
462	2243
9181	29984
6138	6202
2205	5335
3105	3660
2915	6375
6138	7178
10102	64928
96459	201163
6209	6218
6159	6167
6193	9349
1577	54576
1994	51692
6170	6230
22897	653784
988	11193
22984	54881
389	9411
1660	11338
11325	83443
2801	2804
824	7525
8468	644186
6137	7311
5688	51371
1302	50509
8189	23636
1495	1499
4829	10886
1991	4353
6230	140801
3685	6850
92815	128312
5660	63940
10920	55884
51023	64976
1981	6223
90480	116541
4033	10970
4738	9978
1001	3728
695	3055
1347	9551
671	8993
4205	6938
6207	6209
23244	57551
472	5429
10022	50835
55226	64434
6189	11103
6201	6203
1778	57545
7110	10618
7158	7311
4514	4537
5347	259266
86	55193
6201	6204
6203	25873
7536	10291
6934	83439
1956	5782
1915	6138
9700	79172
6155	6170
4710	4713
1781	84962
2801	10427
5469	9968
1956	2274
8453	54165
226	2597
3190	6434
1050	7124
5903	54821
3017	644186
6168	6227
6132	6161
701	113130
3192	9775
6124	6193
9738	146057
5861	10749
8189	51503
4586	26290
3619	9972
1601	5878
329	5707
3054	9739
2185	5747
6142	6170
5869	51715
6124	6169
472	84142
338	2243
7320	26263
53981	348995
1576	1577
1742	8831
3912	54972
566	8635
2168	3158
57332	84733
79954	84128
7098	10695
29089	197342
6194	6233
9128	10236
6241	10403
4686	5518
6237	7525
338	1080
353139	353142
6218	6222
10498	23054
6160	6223
26232	55527
5579	55970
6288	6863
6146	6168
7317	390594
6168	25873
1994	9416
79023	79833
1457	10592
6205	6232
6157	6224
7320	9616
6233	55669
1315	8729
10075	54620
116540	116541
6164	6189
6202	9349
514	4708
6635	83443
144699	154881
963	966
5707	7316
1783	6232
3267	5868
10594	51692
10964	55601
3046	3050
7175	23511
6241	9700
891	1783
1536	23601
3491	5954
6147	6228
51619	390594
5584	56288
6870	56923
4670	10657
5518	6235
1453	6193
10403	81930
2207	3937
4057	57554
6142	6171
100	4907
1910	84432
5930	54620
51649	54998
29127	51014
6128	6161
6158	6173
6189	25873
51649	219927
23067	84661
6168	6209
64976	64983
6168	6169
3113	3115
10236	55749
3039	3048
10282	10652
896	6777
4707	4725
3240	10394
7320	26234
5829	55742
54578	54657
156	301
5898	5899
2033	10499
6205	9045
3133	10475
3921	9349
1894	54443
6204	6230
28987	84916
79172	113130
22984	81887
5981	51514
63891	79876
3187	10181
1500	5880
3009	3024
4694	4701
163	1601
6152	10952
1325	10563
11157	84844
1781	10383
51264	51649
22974	203068
5688	25906
2968	9014
5609	9181
3351	4887
6208	6233
6139	6169
6155	6161
5880	8324
6872	54457
7536	23524
6130	6176
1969	7525
324	6233
6233	55176
1303	10536
3822	8302
22905	54874
1290	1292
89910	144699
6635	23511
2810	3918
1022	56949
3897	3912
6124	6129
7317	10489
9039	136371
1241	55970
89890	90025
3214	3217
1665	8886
1108	57649
6201	11224
6184	29927
4724	10476
2222	4047
353132	353135
51096	84154
4736	6189
23327	115290
1025	6621
6202	6203
2535	4919
6207	11103
11339	94239
1362	55330
7164	286451
3482	26130
2079	6428
1453	1855
7137	7138
4116	6204
6157	6206
6130	6144
197	2153
7507	10714
6144	6234
1894	259266
6165	140801
2847	2911
6152	6176
2033	6119
1908	1910
6754	50837
3183	27316
3912	3913
6772	9021
5436	83443
5331	222545
2147	2244
4512	4538
11218	57122
1088	150372
5516	81930
5976	6228
6165	6201
5528	8243
3912	4240
699	9824
1894	10112
22905	51429
963	196527
833	6301
