1933	6224
440	2058
2122	8535
10232	154064
10902	54617
1937	6133
1058	10726
4288	7153
3178	220988
3101	64841
1291	55214
1385	5594
6500	9604
26476	344892
54148	55168
4694	4713
4519	4535
5693	5705
680	6869
6129	6206
55635	259266
9343	23020
3912	84141
2799	5834
6159	6228
5435	6637
3157	4597
1121	81846
22948	63971
383	5657
988	8449
5347	6232
902	7936
6139	6154
10075	80204
6176	6205
3054	9739
5869	9341
5547	10970
2358	57153
6135	6231
212	2623
6142	6208
5983	57804
3832	151648
1111	7486
5829	23209
1314	26286
5714	6790
3192	23283
6125	6194
10458	10787
28973	55173
1783	6709
567	3140
3973	4160
1116	5004
6790	11065
4710	4713
11343	57552
64425	65083
8976	9341
5725	10949
9551	27089
6124	6128
2932	9188
8689	54474
4172	4678
330	637
5694	5715
6160	6164
10749	11015
7109	51693
1477	6431
1116	10394
4288	7272
344892	387748
6133	23049
10767	23404
7317	9820
7272	55635
9183	29127
5660	326624
720	3426
5339	6189
4736	6130
23404	84128
51069	64928
5715	139285
11218	79084
65993	124995
932	57153
6429	10236
5627	10461
4707	4712
1453	57787
79583	80184
23160	84135
6155	6230
5708	29979
9690	221687
6173	6234
1933	6168
5594	7533
5599	5601
79954	84916
5528	23047
400	55275
9738	146057
7110	90196
9410	22826
4509	4535
6142	6193
2768	2790
6169	6201
8729	10121
4617	4618
9928	259266
521	4724
1660	23020
3122	3662
51388	56902
5930	26249
1737	57546
6156	6218
6188	6235
10236	10946
9140	83734
344	9672
4852	283869
51121	79048
6168	6222
6169	140801
9793	11190
2197	6218
6500	64320
6164	6233
5440	80349
10236	10291
23511	348995
4717	4724
2033	7874
9055	10592
1793	7204
3308	9631
27089	84833
22919	79172
6208	6231
10813	10885
10552	100423062
1933	6133
3683	3688
932	945
6222	6230
9875	22984
4332	8635
719	8895
988	3066
3572	3977
4116	6201
55720	79954
5434	27238
6122	6233
10749	29127
10403	23310
6155	6234
3055	6503
2767	5998
6934	8945
160364	338339
3937	7409
8021	55746
1650	7841
8945	143279
29927	58477
4641	5898
1915	6138
6203	7311
2197	6176
4535	4538
8514	11314
55299	55646
521	4700
489	4853
783	2784
4513	4514
945	100049587
5048	55055
846	10022
8453	51122
84902	347240
4700	4712
5928	116092
9014	23411
6434	10432
3190	51340
10193	26118
5872	23265
3619	23511
6154	6233
3017	8969
3702	9402
6161	6176
87	6714
1004	1016
64837	81930
3122	4261
3921	6128
7520	55183
6628	22827
641	5427
6155	6194
3918	9459
9672	64131
6428	10236
5501	7159
4715	10476
8881	26224
6133	6164
9212	51203
2033	81857
9730	51514
6500	7314
10640	55770
859	6442
6169	6204
10466	11014
990	8697
3853	196374
1894	9833
4116	6235
7272	259266
8945	23014
5768	11167
6829	55726
1477	24148
891	4751
6189	6227
7756	64149
3676	4192
6175	6202
6154	6158
115106	440145
1439	6776
5424	5426
1994	51692
4666	6202
9349	25873
2521	3185
108	5179
6176	6224
111	799
1116	1991
83597	403253
2847	594857
5903	23511
6139	6210
966	199675
6170	6206
6181	6189
3849	319101
3190	27316
5529	5711
6143	6176
54509	445328
7311	55008
3843	10527
695	3725
1058	11130
864	7003
6155	6224
4736	6224
8027	8301
988	85313
5689	5700
22888	51343
671	1669
9128	11338
3433	4599
55582	55614
1308	3918
55832	154881
9820	26268
2896	10493
5368	50865
6129	10399
6122	6144
23332	25909
1453	3921
400	23041
2683	5660
3355	4852
9126	79172
6132	6173
2967	27125
6176	51187
3184	3192
10316	729230
566	8635
8085	26523
10885	81887
4691	4869
623	2357
3433	4940
6133	6193
6133	140801
9232	9787
10914	53981
857	284119
6194	9349
5739	5746
932	3689
902	10987
6130	6218
8313	10297
1495	1942
6144	6227
2262	2719
86	8451
23160	84916
513	374291
1315	2804
4706	4717
197	462
10713	51692
1398	10152
6047	9320
38	1737
6202	51187
9320	55236
5702	51053
5469	9968
7316	55669
7328	23608
50813	55884
3326	5062
23122	113130
3695	5747
3183	4670
251	23627
9867	197131
5829	10787
1933	6227
26005	79867
7979	139285
26354	55299
1435	8542
84163	389524
988	220988
6518	10970
3937	5777
9126	10592
1121	5862
1915	4736
5493	11187
6428	6628
11004	54820
3481	3827
6132	23049
5367	56413
6132	7311
5861	10484
2932	23291
156	2121
2801	6709
6164	6230
57530	100506658
5439	51755
50831	50832
963	10857
963	8514
186	4988
6206	6235
56667	140453
1783	25839
9320	26190
4839	55720
114	259285
4735	151011
2521	23020
1398	9046
6874	83860
4734	8453
846	2798
5702	7314
6122	6141
9126	54780
6223	9349
4436	5591
344892	390067
2798	10886
6154	6176
1639	10540
1794	9844
9329	10621
2837	84539
4171	5111
5868	8301
4726	9551
6428	6434
1874	4089
4712	4713
5880	27237
6142	6222
5578	5588
6193	8666
7328	57154
11116	11190
4736	51187
6201	114987
891	9787
4537	4538
3486	3491
186	4922
6144	6157
5932	51720
1327	1329
5948	5950
4519	4540
8329	8337
6210	6218
11250	83551
6164	9349
1662	9136
3111	3118
6133	6218
2033	4303
8607	11091
10618	79571
988	8697
6156	6229
25909	57122
6133	6227
6224	9349
26005	79441
5528	113130
10403	11065
11004	55143
6176	23049
3683	5788
8914	11169
6624	51411
50838	259292
5885	286053
55388	90381
643	5368
274	23149
1728	3162
9793	440145
1386	6602
9801	28977
6209	6229
9844	10787
6132	6169
2268	7525
87	83706
9787	55635
1660	10713
891	55165
4809	11325
4519	7384
1314	8729
3312	3320
2801	9276
6160	6224
643	1268
1387	4205
1069	10383
9136	84365
6790	11190
226	5230
3071	10458
6155	11224
10436	51202
830	10540
4509	4538
7272	22974
5706	11047
10425	84085
3106	10475
55125	55755
6136	6233
6164	7311
2243	2266
4540	4710
813	11098
3336	7295
6176	6222
1665	84172
9188	25885
1315	84516
3855	3872
5657	56729
3064	55660
6137	7311
6157	6224
148	2922
5878	10618
5872	8766
5094	51692
6204	6232
3320	10000
1050	2322
55166	348995
9055	9493
6206	6233
682	6693
6160	6208
6222	6223
6229	6232
5708	8742
2206	3702
197	2266
1398	3055
3915	375790
6154	25873
5023	64386
160364	199675
671	10394
10482	23279
6157	6207
5868	23011
904	5433
1022	9150
2071	27125
79682	387103
4670	23435
1665	55127
11130	57405
3619	51203
6556	23601
3491	3685
1387	6938
6133	23521
399	9828
4512	4536
6135	6234
2625	7031
4033	5547
26523	192669
10022	339403
23160	54881
6133	6159
1781	84962
6288	84432
4085	10733
4173	7153
344892	390081
890	56992
4904	10465
6772	23586
6383	10082
2491	5903
5609	9181
6155	6207
3434	10964
891	79023
10425	63891
301	2788
6169	6227
9700	11004
3215	3216
10193	197131
2060	50618
55703	55720
915	919
3689	5023
1969	2048
9320	84085
2242	9855
65083	84172
6222	140801
7469	9656
9219	23411
710	10747
9585	51014
3833	64837
2159	2243
6154	6232
353142	353145
2358	3579
6223	6233
5529	57551
150468	259266
1557	1576
6189	6203
5688	5715
3903	84329
3084	5781
9212	9787
7042	83706
1949	2045
6142	6230
83540	157313
6155	6210
9493	9833
1778	22930
3689	79895
891	81876
9631	9972
6144	6235
821	10525
6601	57492
5528	10403
1605	3915
6205	53918
4536	55863
2197	6133
6217	7458
6426	6430
4734	7316
6625	6626
1793	10787
521	1329
8295	8945
3187	55696
928	3688
5528	57122
8945	285231
1129	6572
5528	5700
7203	10576
9184	348995
695	8976
3903	5795
6234	7311
6136	6156
2695	5741
23398	23517
1308	3691
26005	55722
1387	6667
6453	8322
27042	84135
1994	7536
5777	7409
932	2358
6124	6203
5434	8349
11190	26005
10236	10949
1793	6714
6156	6188
65264	89910
4867	27077
6233	8976
6173	6224
7525	11099
6518	84329
6950	10693
1062	5526
6164	25873
22984	84172
64426	79595
6233	23168
10293	10425
344892	390079
6133	6188
11339	79172
2642	4922
685	1956
5179	9210
23322	91147
226	7167
8175	57794
4886	4889
4713	29796
6139	6204
6231	9349
8871	9341
50831	51289
6169	6206
988	3839
4670	27316
5519	51400
259292	259293
7343	9112
6202	6208
6157	6204
9662	79441
1994	10236
2695	10266
5434	5441
2633	4938
108	6750
6128	6154
2790	55970
55142	115106
116	4914
6157	6161
2788	3269
11190	121441
23160	23560
54948	219927
6128	9045
9459	64098
1794	5880
8655	55839
636	22930
29126	80380
3015	55166
4947	5716
7415	55968
10133	81631
4172	4175
933	974
1783	6249
3433	10964
6159	6168
988	51362
5713	11047
10376	150465
6134	6154
4205	6925
2491	79172
1902	63940
60560	80218
5519	6801
6154	9349
7919	348995
7110	10466
3360	3375
1783	5903
10466	79571
4734	9320
996	7317
1956	2268
3123	3127
9585	64837
6223	8666
6147	6228
3685	3693
338	2243
1653	25940
6165	140801
983	5000
2207	23533
6136	6229
6135	25873
338	3827
29093	118487
1282	5033
2274	6281
2810	4486
1781	6993
1639	29127
1781	10540
7327	63893
1781	57545
920	1234
5286	29988
6170	11224
545	5889
6160	6234
4332	6036
6688	7805
57674	151636
4701	4713
7057	170689
7189	54472
9821	64121
10051	10592
11102	23160
5869	8411
84085	84261
6124	6230
5829	7525
26091	64750
9877	100381270
4736	11224
7272	26586
6143	9349
5861	5868
163	25977
6173	6175
5519	9183
1435	3490
156	2767
3320	3326
6158	9732
6152	6159
6175	6204
988	55183
51118	80135
6167	6234
4176	5982
55781	134430
4736	6129
6155	6223
635	29958
6164	6234
8698	55970
8243	23122
6136	6173
8807	8809
8349	8969
2305	55165
4999	51053
6137	6229
2197	6155
9341	51429
1902	55970
29088	63875
55901	170692
4735	121441
2491	5529
1603	100128731
2691	5739
2932	5702
5062	6416
1908	2865
988	5062
6202	6205
991	11004
6125	6233
3320	7531
57542	197131
6422	7474
51514	64708
950	25977
5529	5903
6135	6171
2912	5179
6144	6230
6147	6189
1981	6175
988	1660
462	2243
6155	6201
2081	7494
6207	6209
6144	25873
6700	353132
55165	259266
26270	93611
1601	5878
6633	84844
641	5424
6993	8655
5528	9700
23047	113130
11167	54972
6427	6432
8074	29106
3695	8516
6146	6234
6173	6203
5332	55970
4952	9562
3689	7409
5439	80349
6801	8428
920	9026
23160	55127
988	79869
6135	6224
2305	9833
2626	4089
6139	7311
6189	6218
6124	6173
3184	9716
3837	3839
3481	5005
6181	6206
945	3685
8453	9820
2813	55350
4584	50614
8805	27044
6729	23471
6556	84418
988	10574
3111	3127
8720	51360
3190	7536
6167	6235
2932	5704
2917	9934
84085	200845
2976	11128
3339	3912
7456	10552
9126	23122
91	92
1306	169044
29074	51069
6146	6176
8729	10945
6222	10399
6170	6189
4627	5898
51144	51478
7409	10810
6201	6207
6133	6232
9126	55746
4948	7299
1906	6375
1778	2491
23160	25885
3684	79895
1088	160364
1356	54757
83551	319100
10403	10592
6168	6224
2923	6185
6133	6156
8243	9793
4323	4811
2811	2815
1557	1559
915	3702
6141	6154
64963	92399
996	9320
811	7184
23122	348995
871	1303
5981	57804
4173	5422
572	7531
1058	10403
10693	63971
6370	11251
1398	9564
57403	81876
6122	6158
28977	54516
3014	3015
916	917
88	4626
6136	6169
336	338
55759	84946
9117	10484
287	6326
10403	51203
3134	3659
6748	90701
1062	5516
7525	9844
3663	23321
6218	6727
6144	6203
10618	26130
9793	11116
6124	6143
1022	56949
6124	51187
57531	90025
3688	7424
7514	9126
5685	5700
2841	55970
701	56992
2848	3274
3084	55914
8544	10787
6173	6218
5708	9491
6461	7409
57111	401409
5519	113130
1163	5713
1982	8672
1778	91147
389	23526
10733	55125
1499	128239
5829	9844
684	10379
6142	6144
26232	26270
3797	26146
336	3827
6230	140801
890	1058
2185	3688
335	2266
2243	5005
60560	80018
891	7531
5434	7507
3156	3157
1645	1646
3357	4829
9757	26523
813	1000
6201	6204
6194	23521
5747	23209
846	259287
567	6890
5579	55970
79895	222487
90550	91689
2147	5020
23397	56992
2033	5437
6168	6229
6169	6234
6209	9887
1161	51426
4710	4715
26224	283807
705	83732
55781	84135
22995	163786
3111	3123
2491	55839
133	79924
3832	11065
1642	5983
6160	6222
6122	6189
3688	3915
3185	23283
3491	51280
6152	6230
6159	6206
6187	10557
983	219771
55299	55651
23011	51715
7153	23511
7531	10383
4666	6129
3200	8338
5777	5781
988	2107
2597	7167
9643	93621
1453	80097
55168	64979
2123	2124
6709	56729
534	8992
10383	10577
6233	653604
890	26271
701	9793
3356	5731
3240	5199
6124	6160
6154	6210
6133	6230
4588	192134
163	5869
5879	5898
1084	1088
23524	51639
3579	729230
9793	57551
4736	23521
5747	9475
1062	1639
2237	4171
972	3123
4700	4707
701	113130
6500	142689
388	55843
9787	55165
79176	154881
3619	81930
7204	8976
3685	9564
4700	4709
140807	319101
6136	6159
1605	3909
5591	7520
5599	6714
7454	10787
1129	5733
1058	64151
25909	57551
701	57082
988	7112
2197	6727
3183	6628
3191	23435
4357	54205
983	4288
988	56852
9354	84085
29945	84108
920	5286
5870	7110
9462	153090
4538	25915
3903	326624
9320	57542
988	3832
377	3799
86	7421
53981	79869
81797	344892
10285	55749
6136	6222
6132	6147
4538	55863
5438	27258
2922	4923
57105	94233
23067	25942
5688	139285
55226	84172
6136	9349
6206	9045
6155	6175
51021	84545
1364	100506658
2932	9015
7203	7277
5867	5874
4686	8021
2621	10272
4512	4514
6223	27340
6601	6605
9282	9967
10274	151648
9739	9757
1601	6453
10540	121441
25942	57690
10403	26586
3301	3304
4436	254394
6156	6175
10857	10970
2162	3688
6202	140801
3949	10552
29984	257106
29889	51154
3609	5725
1111	2178
6176	7311
6189	6224
4540	4712
6207	9045
2197	140801
6128	6143
6138	6230
971	29760
659	9765
1063	5501
6346	83756
799	51764
5701	7316
4736	6124
6309	6713
6156	6206
861	57332
8775	388552
27339	57819
6154	6223
6139	6209
3184	10236
6173	25873
5983	9100
2892	2903
10112	81930
6337	7311
9782	23435
1830	3713
3619	10112
1778	5347
6133	6181
3797	28981
7316	91445
6143	6155
1105	4343
55872	64151
4540	4713
164	55330
2935	6122
6241	9700
933	973
51444	57531
4725	27089
7311	57674
932	966
2197	6128
10803	50865
6132	6201
10022	50838
10540	22930
2792	128366
4853	9253
7337	51132
1524	729230
5822	10885
8453	9320
8334	121504
83551	134860
9716	27316
5930	55294
121504	126961
1781	10466
6233	8322
506	3329
6136	6218
3106	3134
50838	51289
4666	11224
699	988
1969	5879
6170	6233
9133	10733
3655	375790
3913	5747
8638	9636
7311	140801
1345	4695
6124	55629
353132	353133
2147	2159
999	1001
6133	6233
3134	6890
6167	6228
5519	9126
9367	201475
9015	284119
6231	25873
3091	5708
3689	3903
29796	55967
5706	5714
6164	6168
9138	29984
3122	3123
6125	6175
9967	10432
521	7388
1915	6144
6155	9045
9276	64837
1915	6157
6142	6205
6146	6201
4683	55183
6233	10818
6159	6230
8945	26268
1499	5708
3718	8651
1350	7381
996	6790
1981	6189
6130	6175
2131	6385
9133	79172
3886	286887
80184	121441
117	2695
8886	55127
1933	6160
7913	9014
1398	7525
6154	6234
6605	29117
2185	5747
3071	7456
4709	4713
6138	6203
26338	65055
3683	3903
6154	6208
5714	64750
2776	2837
3685	3912
7038	7173
3479	7044
4736	6125
55127	79954
6207	51202
6170	6208
5870	10890
3799	9585
9833	10403
4952	6233
6632	220988
9493	54443
55124	221400
51143	79682
55003	55299
6160	6206
9833	55165
9039	10293
54577	54578
54996	64757
6203	6228
534	9114
3202	3203
1991	4353
57187	65109
5657	6037
2197	6125
11004	24137
55212	84100
10921	23293
10576	84617
3191	55749
29789	78991
6129	6189
1233	56670
23112	80012
5829	55742
163	26130
1500	7409
1511	5657
6628	27339
51692	55746
10749	24137
55131	64794
2913	4988
521	4726
1453	6189
3949	5868
5471	10606
9320	51088
932	338339
1717	3157
29127	55165
10664	11091
3799	10112
1650	6185
23511	25929
6175	6232
259287	259292
5702	5708
1778	6232
4008	7321
2048	5921
4298	9646
51650	64976
22954	26190
25984	121391
6222	23049
6210	22984
627	5599
695	971
80335	151987
4508	4514
5552	83706
3832	64837
54998	55052
1303	10491
7329	197370
1325	10563
1605	9459
6165	23016
11102	27042
5704	5718
22888	26091
6161	25873
6152	6204
6143	6158
4233	9564
4585	200958
8349	79682
2237	23649
988	9533
6625	23524
54663	84365
4690	10152
6135	6137
50506	405753
9045	9349
54821	79172
5558	23595
5829	9564
84154	84549
6868	7311
51098	83658
22974	29127
1783	6232
23028	283248
1809	10371
7311	23049
8729	10959
6138	6188
7337	11275
1062	23095
6202	6222
332	24137
6428	84324
11222	57129
6124	6232
1088	170482
4709	29796
6128	6160
7919	23511
53905	90527
9793	79959
54625	83666
6427	7307
2675	220164
2837	3358
6130	6194
6156	6165
1894	259266
4312	4314
6234	6235
6698	147409
8600	50964
4670	5434
891	55920
9883	51692
1894	5879
6136	6231
3301	10808
301	27334
3833	56992
6210	9349
2537	10561
4670	51692
4041	6422
6135	6202
2132	2817
25885	84172
4160	104909134
3655	3914
9350	56963
23223	79039
1994	27316
6144	140801
9150	51497
9188	84172
2788	27334
2358	23601
64792	150737
3084	85440
5422	84515
4171	9156
988	64682
1536	4689
6227	6229
11339	64946
7514	57551
81930	151648
1291	5351
6136	140801
3183	3190
1287	55214
983	79959
1303	5352
996	9491
10489	55832
7536	220988
26190	51122
84131	203068
3191	5725
22948	84790
4626	8735
991	5708
248	152330
2521	3192
6240	29127
1783	2491
9475	9826
9378	54413
1111	10524
6157	6160
3673	3914
6152	6161
6159	6204
6203	6222
2033	4205
5435	5439
890	10460
377	51014
4999	10926
3115	3122
8655	64792
983	3832
5528	23279
3855	3880
23511	57122
4588	56667
2125	5493
2535	55970
5501	113130
3301	3303
6202	6203
1398	10787
1965	8892
8590	285093
5518	6222
3111	3122
4057	6709
643834	643847
9793	117177
1981	25873
111	10268
991	64750
6154	6227
64410	80176
100	51816
3112	114876
1434	3837
1069	27077
9739	26523
6128	6228
5869	25977
1434	3836
9025	9126
5868	26130
4709	10975
9493	11127
1994	10949
8886	84916
5441	10980
9793	25909
891	7316
6232	8662
1453	653784
2268	5747
830	5048
3726	5601
2099	54828
9793	57405
6223	9790
6154	6165
1933	6233
2788	2863
6209	6228
4707	4717
10552	10787
27257	57819
1107	23186
2967	51755
8514	326624
4670	6428
116	5739
2959	6883
353132	353135
5518	6164
10121	10844
1455	2810
1605	6714
10403	81930
9793	51143
55014	126003
2805	3242
6122	6147
7089	83439
6139	6233
160	29924
64951	64979
6233	126961
63891	390594
991	151246
11116	79866
6430	57794
4172	6118
6233	140801
6734	58477
4701	374291
4670	84991
1778	10112
6136	11224
3619	5501
699	29127
6210	9887
6036	6037
5529	22919
4298	23168
4751	10112
6203	6231
5294	55970
4717	4728
5094	23020
6632	6636
146	148
3886	8689
23322	79867
10799	88745
3422	51478
6790	10112
336	462
79959	440145
6161	140801
335	4036
6810	6814
988	3190
8321	8322
2197	6207
8301	9341
10540	57545
1233	94235
9730	90135
6181	9349
7314	10920
1500	1969
84231	197131
1488	6934
6233	55666
1793	100423062
3183	5434
6747	9789
7337	54778
3698	51156
3635	3667
1937	6142
3833	9793
7979	9978
2239	10082
5335	6776
1812	51764
6207	6222
6207	25873
4736	6138
4173	84296
7316	10552
1173	2535
6170	6204
3619	23047
2521	4670
10403	55355
5725	23435
657	659
23352	57531
5725	8449
890	55355
79867	80184
6222	6229
6233	151636
4726	29796
10321	57554
6167	6218
10193	26046
3340	6385
2197	23049
64928	219927
3320	6790
6129	6233
6124	6158
7514	22919
8087	9444
10946	22826
4707	4710
1017	5558
23067	57690
5981	57599
6209	7311
1793	7409
3157	50814
9493	22974
91543	129607
3663	4281
29945	89890
6143	6173
4713	10975
5438	51755
3006	8337
3092	9146
1490	10413
8514	9522
1559	2327
3339	6385
6205	6230
55872	157313
8334	8347
6143	6234
10412	10607
6830	85403
6790	22919
6165	6230
367	8349
6209	8562
83540	151648
699	9700
335	345
10533	26091
1548	1553
116541	219927
10540	91147
2782	26086
5293	23533
10749	64837
6233	8334
7020	284252
383	56729
3185	3190
7428	26259
2147	2153
51234	56851
2962	10291
51172	84572
6418	10592
3361	3627
1665	9879
6453	29763
9631	23511
1511	4069
2359	6370
988	3320
7298	10403
7334	11065
4713	51079
890	10615
857	4088
6708	6710
3837	348995
10071	50614
6170	6175
7337	51320
64951	64983
26146	79659
3916	3920
60488	116540
1915	6156
6128	25873
983	9183
3640	53831
10236	11193
4736	6122
6122	6175
5422	7027
2197	6204
6137	6142
23582	25949
6142	6157
641	7316
6138	6142
3619	9183
4709	51079
2790	2837
6605	55193
5591	55183
6165	11224
7320	8697
10733	11190
22984	65083
5000	7311
4064	9450
930	29760
5426	10714
9021	57674
3797	57539
3853	3868
5707	8452
6793	10857
1133	8477
7415	203068
6164	6206
6167	6188
2091	6217
6241	51203
6950	10575
10102	28998
1111	2177
6155	6231
10403	10460
2863	9002
6164	6201
7041	7414
3122	11184
11091	54881
55720	83743
2197	6137
399	9138
6709	6711
6206	6208
6142	6203
5439	9978
3240	56729
26268	90025
9128	9879
4584	4588
7311	64219
6135	6156
9183	55166
6514	6927
3683	326624
1063	55746
1435	1462
2242	5361
5529	5699
6133	6189
8243	79172
4717	4725
6206	27340
5660	7852
2255	26281
6156	6168
2965	8731
824	5829
79895	160364
705	8886
7311	9045
914	924
6206	23049
4854	5087
6160	6189
6428	51503
9978	140458
7311	65264
983	5983
6128	6233
3797	10112
5861	11015
3685	4240
6122	6136
4928	10482
1665	3191
9886	84144
778	10369
1340	1351
9604	26091
4938	10964
2073	4331
84447	91319
7311	55366
988	58517
6152	9349
1908	6863
567	3133
6137	6204
84231	140460
3921	11224
6227	9887
891	129401
6142	6232
6233	285231
10466	10618
6152	23049
6155	9887
6426	220988
3909	375790
1783	79659
2935	6168
6877	6908
7840	57787
197	2153
51143	348995
1603	58505
701	23047
3949	5869
6136	6164
83540	113130
2197	6210
2841	7852
3190	79869
2222	4800
133	55970
9904	79050
472	64421
4301	7082
6161	6233
6165	6224
55166	57405
891	1058
3611	55742
6125	6169
6152	6170
6144	6160
1291	8985
9967	84498
4952	6272
6155	6218
1937	10399
6418	54892
10201	87178
675	10111
5707	23526
6141	6175
2491	5528
6159	6202
3396	51649
374	2065
6201	9887
3240	5005
4709	4712
3320	84962
904	6667
25929	55706
4751	4867
5111	6240
6788	6801
1994	10498
6155	6228
4952	54874
799	10268
136	2788
1329	4726
1783	7514
64151	157570
5111	10714
7415	56729
6500	9134
29127	81930
6636	6637
2045	285220
6181	25873
1325	283869
8655	11322
11017	22826
6135	6147
285093	390190
9551	55967
10693	84617
3066	84289
10618	51246
1983	6223
1854	4174
1129	2912
6154	6204
3354	9283
23521	56915
1329	9551
2222	4597
28998	29074
338	1080
1981	6146
6154	6222
6155	6173
23517	134430
6194	6223
87	6385
5931	10664
26268	29945
4736	6209
1062	22974
10112	22974
9184	151648
3185	220988
3189	9987
8655	83658
57082	113130
6156	6176
3135	3821
1629	4967
5708	10575
6122	6229
3433	3434
5587	112476
7415	83932
6201	140801
10965	641371
6801	7871
6144	6173
7098	10695
345	4036
2841	8698
6119	56949
25885	83743
6144	6201
6147	6175
6128	6224
8453	55884
55970	63940
699	220134
1431	1737
2197	6233
9021	140462
3491	10272
8673	10970
2243	3481
6203	6227
377	29127
57504	333929
3852	3868
6386	10487
6363	10563
6667	10499
1894	9493
5438	5440
10749	22818
5976	56006
351	6370
6130	6222
1462	3912
3362	3640
5473	11251
4353	5657
11017	11051
5519	22919
6790	7272
6154	6175
1739	5290
6128	6157
4694	4726
6144	6224
7317	84078
6130	6138
3360	7253
1062	81930
10528	64425
988	10592
55008	151636
5695	10213
5347	11004
9700	23122
501	85007
6169	7311
11325	83443
2071	5887
5528	5781
6128	11224
4541	4726
2521	3190
6202	6210
1387	25942
7337	10193
6228	9887
5347	9918
695	5335
8976	10787
55839	55920
570	7311
64151	83540
2207	3635
640	3932
6167	6170
9787	10403
6427	10189
4116	6160
1058	51143
7136	7170
996	25831
9730	79269
80097	653784
9883	11218
940	3695
3084	3320
6218	25873
302	10383
6908	54815
8289	57492
1812	10268
3185	84991
7090	10524
3569	84141
2783	6752
9126	151648
9700	81930
10000	55970
6233	8295
5432	79577
6602	7421
5985	55215
29093	51023
6890	6891
6161	6230
7272	10051
695	3055
1081	3623
1241	2767
1956	2185
10403	64151
2197	6161
3912	10971
10403	79172
51	6233
5717	9020
5710	51686
9277	83732
79869	84248
3681	22801
6428	220988
27340	57647
351	55970
5093	27238
9150	54623
8449	27339
109	2358
983	9319
4297	51230
1398	85440
6747	60559
1161	7518
6168	11224
6137	6141
566	1991
6222	6233
158506	246184
6203	6235
811	10130
8895	10970
3192	10236
6426	7919
6138	6147
10607	92856
4793	5714
3183	5725
5500	5516
6218	6227
988	60682
9978	81559
6152	6157
9020	10000
950	22848
6139	6175
10383	84962
4710	4712
1783	54821
6233	83987
6139	6189
7538	9261
3339	7045
23244	57082
9879	51362
6128	6133
1445	5829
988	4436
140453	192134
1230	2826
6137	79707
2968	9014
6227	9045
6428	57819
4539	4540
2867	23620
5441	55718
6130	6207
23517	84135
4736	6139
4233	8976
7311	56288
6124	6125
3191	10657
3267	26130
2071	6873
28987	84916
3181	3190
3304	9531
9265	27128
6144	6167
699	81930
6370	165140
920	5335
9972	348995
50615	59067
5701	51330
9790	54881
5435	9978
1605	29954
1655	6632
10367	90550
5788	7852
6138	6233
966	9276
1660	5725
6632	6637
915	7535
10920	26263
991	54908
7415	10576
6790	55722
1387	8085
6502	8881
5443	6370
1991	6036
6164	6205
966	100049587
6167	23049
7409	9844
9833	64151
7153	7175
6141	6194
8826	128239
4171	5984
6233	65264
983	9972
29984	57449
1783	3799
1310	169044
6170	6171
4088	57154
4297	23269
399	80728
1121	5868
1956	284119
9320	10193
7284	29088
3619	9493
1136	1137
6124	6139
6203	25873
79866	79959
6161	6218
9459	29984
2798	56923
6330	6340
3312	10576
57630	83737
7326	26259
3185	51692
983	11065
6152	6218
6141	6161
2801	11014
6209	6223
116	59350
87	3611
25897	27252
5196	6370
6130	6139
4512	4535
197	2147
4512	4538
6170	23049
3913	5954
1909	2922
6201	6208
1398	5829
3689	7305
3619	9184
6142	6189
6839	23411
3920	6836
3015	79682
598	6774
567	3105
5660	84061
5579	9564
10051	259266
2968	9656
155	6343
5930	84961
699	1062
10458	55740
7311	154214
6223	6227
7311	23521
8945	55832
7013	9126
6209	6230
988	10236
6203	6206
2535	7525
5108	22832
3685	4035
6158	6193
1495	5819
6224	9887
5023	196527
3107	3134
846	56923
9700	10592
6122	6193
4171	10036
90480	116540
130	10720
7311	23600
1639	9493
25831	26091
6182	55052
23014	64410
3690	3791
6049	8881
9636	10561
5929	23067
1129	5179
10952	11224
5708	11047
624	6755
4708	27089
6631	84844
4736	6181
4709	9551
2197	6147
5708	6790
5725	84991
9184	51143
6152	6224
1329	1350
8329	317772
6154	6189
988	55660
988	203068
6152	25873
6233	9341
3689	338339
6160	6210
1933	7178
23533	55970
332	9833
6122	6169
6628	6631
945	84418
5054	5327
514	4700
6139	6159
5434	54845
6133	9045
10959	26286
344892	390066
6168	6207
8356	440689
6164	6222
6128	6130
2268	9564
6129	6160
1946	1969
6556	100049587
6156	7178
399	85360
55008	57154
1292	3685
9700	64151
50840	259295
1933	6193
1551	1555
3191	10949
3725	4208
5708	51330
259	3698
86	6597
10427	126003
1829	11187
4999	5558
8655	27077
26284	28973
344892	390059
51206	80739
488	489
3304	3320
3433	4938
7311	8450
2803	7110
3491	11167
2633	5371
5684	5687
3046	3050
6136	6224
3192	10523
1058	55143
6167	11224
9020	51330
5436	27258
3687	441864
5519	151246
27076	154064
6387	57007
3434	23586
2491	81930
22930	25782
5501	25936
1793	10458
3106	3107
4512	4537
1173	8301
813	10618
5861	5878
6714	7525
6176	6210
2967	9015
6159	6203
2204	199675
6146	6202
3837	10526
8341	8970
22948	84617
988	10640
6122	6209
1062	1315
1856	5869
6230	9349
23160	56902
6207	6232
5726	6755
672	7516
3685	375790
6154	6193
2491	22919
1946	5294
1347	10632
4670	6434
5266	6707
10959	22872
1964	6187
2801	81562
6790	29127
26232	126433
3355	5173
5725	9128
23112	84441
9968	23097
6136	6188
87	7044
4712	91942
1490	7003
9126	9700
867	50618
891	8697
6133	6161
6224	6230
6165	6233
5094	84991
9136	23016
334	3491
285093	391211
9700	57122
3675	3688
5970	6602
6175	6224
123099	340485
51429	115548
6637	84844
6233	54677
4710	4725
6147	6168
4514	4541
6426	7536
6631	51645
23601	338339
6228	9045
57405	113130
983	64151
2521	10236
9666	115290
7272	9787
3350	4988
8243	55746
2207	5338
3434	3437
9372	25930
5880	10298
1946	2268
7424	8828
570	54363
6129	6228
10403	348995
3619	6790
8687	8689
5347	9793
22938	220988
81696	344892
258	5179
8905	8907
8243	9700
6709	8729
6193	6203
9604	9820
5718	6790
55720	84916
1933	6159
3183	3185
8843	50834
5201	10383
3192	5725
25909	54821
705	10799
2735	132884
10403	23244
1293	1300
5436	6631
553	6869
3676	5747
891	6790
4514	4536
6626	220988
6169	6229
28973	64928
988	55705
1195	57396
1969	2050
1933	6222
55127	84172
6152	6209
3683	5795
8886	55720
4868	84063
302	79026
983	988
1994	9716
3561	3635
6159	6189
9277	88745
4519	4538
10013	25942
5688	5706
983	9126
5048	5516
2058	4141
29984	54509
5689	5695
983	9833
8329	121504
5706	6790
6206	23521
6224	7311
11184	27071
3937	55740
1969	5747
5702	11065
57794	220988
10193	10489
11202	25818
3122	5641
6164	11224
5984	10524
11137	51388
9184	113130
695	3937
5330	60675
55325	65992
6133	6135
705	55759
6144	6223
2810	3691
3183	220988
6142	140801
6698	126638
7272	10403
383	671
5929	8945
336	2153
6160	6233
2641	346562
1241	55970
5594	10971
3106	5696
4085	55166
7153	9700
4171	4998
2634	3437
6165	6188
87	78991
6142	6154
151246	348995
26284	64965
1668	1669
6168	6218
3685	9475
3267	5868
6122	6161
301	9002
1665	4686
329	330
219965	285093
6132	6204
7283	10540
4726	91942
5433	9879
6223	140801
26263	55884
2956	5422
9367	55275
3672	3912
7200	84634
26224	26234
10933	93621
29093	51264
2535	5599
5903	23279
6147	6235
134860	319100
2079	6432
4586	4588
6138	6210
6169	6176
6428	7536
9793	79172
6045	23028
6037	8635
10693	11328
6147	6164
9793	10274
3693	5829
3052	3162
6385	375790
5829	9459
6159	6210
6160	11224
740	9801
983	3838
10112	11113
7184	7466
6144	6175
891	5516
3687	22918
6168	6169
11065	122769
6133	6201
4176	5422
4513	4519
160	6233
6156	6207
1291	10491
10959	55605
10975	126328
6827	51755
27125	55840
6189	23049
57678	253558
5737	6865
8065	9354
2023	2597
5977	57492
1642	79913
29984	55843
4513	4539
1778	5861
6168	6228
1793	8976
3579	57413
1269	56670
1398	11184
1277	5118
6176	23521
3361	4283
3683	84329
1232	4986
9136	10528
5526	7316
3181	10657
6136	6203
5731	94235
10890	11021
5082	10574
4700	91942
6233	440689
7153	56992
6836	9276
5861	10890
9700	9787
3183	27238
9787	55872
1669	10394
1120	1375
60	10093
6193	6223
5590	23286
10427	11196
627	5879
9184	11130
3355	5733
6181	6224
389	30851
498	4508
1676	3837
5435	6875
567	1520
5880	64333
301	302
5880	9743
6233	64410
5434	84991
695	2207
6152	140801
4171	7298
4174	7298
6133	7178
9972	51362
865	1459
4116	6168
5062	5702
1453	6222
6173	6194
8314	23512
6189	6194
4702	7384
10236	11338
1350	29796
81	9564
4141	7453
8925	54778
8453	26043
26155	117246
8843	338442
1435	6696
5426	8914
122876	594857
6235	7178
6147	6233
389	9938
9439	23097
891	22974
9662	11116
5879	9844
6188	6227
9833	55355
3685	64386
6146	51187
3178	6434
56949	91603
1398	9844
2521	5725
6790	7531
6773	10379
4588	26290
6047	23291
1233	6370
811	5034
9793	121441
2033	27327
3458	6775
65083	79954
551	6846
1398	5599
3320	121441
57332	84733
10900	284069
222487	338339
6201	6223
3688	5829
6227	6231
324	5529
10197	64682
2784	5741
10499	23389
1230	55970
302	6386
7110	79571
5747	7204
1906	2863
6709	51014
1577	1579
9604	9867
658	4093
988	4999
50835	51289
5436	7936
219858	344892
864	7004
5868	201475
4172	4176
4700	4726
6233	23112
4089	4303
891	4288
6170	6203
3312	129401
1991	56729
3133	3134
6167	6227
10051	23244
6133	6228
1234	1236
6432	220988
6138	6157
1062	10112
1933	6201
4734	26091
6159	25873
6146	6170
383	1669
6188	6230
3191	4670
6164	6207
6628	85313
4926	5116
50835	56923
3482	26130
6155	6167
6429	10250
5435	5451
3356	6915
29945	90025
2131	2132
3993	84612
4695	4707
79228	84324
9553	51650
6750	50837
6142	9045
55720	56902
84727	122769
899	9700
23275	23509
6137	6154
57154	151636
699	64151
623	5737
8175	56949
9508	57188
8473	284058
6741	9533
9219	10919
6657	63978
6122	6228
5708	51512
1292	8974
988	6605
10075	54620
6137	6189
26354	54881
393	11014
7514	9700
5438	51639
5189	7311
6950	84617
23404	54881
3181	3191
6205	51187
4738	9978
4893	27006
6139	6147
10293	200845
11190	22919
126638	353135
5501	9126
8570	11052
1778	79867
6233	55366
3687	79895
2787	10803
5862	10890
8301	9322
5529	7525
643	10803
6202	53918
3619	29127
6138	6181
6426	27316
9787	81930
705	1662
1269	63940
64750	126433
154214	221687
4586	140453
6141	6176
5879	375790
2064	6714
5747	7852
5335	10818
9410	10236
1857	2932
10629	51616
378	830
3482	22848
1894	5880
4734	79176
5879	10788
4297	8085
9037	23275
5707	7415
23291	154881
57521	389541
7305	10870
187	2359
3833	9212
247	3479
4735	80184
1445	7525
6165	23049
64976	90480
705	51602
6205	6232
3320	85378
6122	6208
10930	29974
5688	7979
6152	6233
6201	6231
9742	55112
9320	84231
3320	10598
28973	51069
705	84154
6772	83666
5933	7027
886	2922
6159	6227
3355	6751
3105	3134
3850	3860
1302	50509
6144	6147
6129	6169
5436	5438
8638	10379
5501	79172
2048	5998
335	2262
10857	64386
3397	7057
6144	11340
5700	6790
6135	51187
2358	170482
8356	121504
6188	6222
3491	3895
6167	6181
8704	55624
11339	79682
6223	8562
990	51343
643	64805
9883	23165
84296	84515
1058	54908
84870	343637
1933	6188
3837	9631
2177	2968
8453	56995
23332	57551
5501	57551
6135	6218
6171	6234
2064	2065
51373	64951
974	2213
6133	9887
6830	55677
6124	6202
4848	23019
6125	6143
3909	3911
11004	51512
720	721
996	26091
2971	51082
1950	3912
3884	3885
10383	84790
350	2147
8638	10561
518	521
991	9787
6136	6230
5361	7305
6049	64682
2957	5433
6144	51187
6130	6136
891	3619
6139	9349
4538	4539
5702	6790
8925	197131
6129	6164
153	155
1956	3655
6173	6230
246	11283
3109	3113
344892	390058
7311	83987
3190	10949
2197	6160
2803	90196
3357	56923
6128	6232
4236	10291
1778	6249
10059	55669
22826	57819
2305	10112
55166	79682
6136	6168
699	9824
377	9371
6429	9295
8723	51143
10802	100302736
8976	25977
11004	151648
6632	57819
4736	6154
8816	51122
8560	11322
4736	6222
4926	55755
9341	10552
891	79172
6232	10952
3105	3660
5708	5714
6923	285231
2177	2178
8648	23097
399	5879
1991	10394
6708	11280
2912	6751
1058	11004
2932	3611
6160	6171
1453	6227
6235	7311
6147	6165
10236	22826
3187	7536
3437	10561
6137	6208
54620	84231
2519	11098
7184	10130
6193	6218
1595	4047
6159	7311
6155	6204
3184	51692
332	81930
7415	23197
699	23244
90	4088
4709	27089
10540	24137
4695	4709
3093	9604
6139	25873
57405	79019
274	51411
57082	348995
988	64425
996	5717
1088	150372
27229	54801
4905	9382
3799	24137
5196	94235
23586	29761
389	10398
8453	84085
2071	6830
1741	22941
23223	79711
3157	4047
899	51343
10735	23279
332	9787
7153	57122
6165	6189
9354	83737
22984	57696
3313	10049
29984	64333
4288	10615
3119	3122
5094	220988
1781	4735
6147	6167
5707	5717
3371	84141
7311	10252
28	2525
4712	4726
64837	81876
29945	57531
6147	140801
1347	27089
5331	222545
6154	6235
1063	9700
7311	9666
9350	148738
1915	1937
5179	7857
5707	10577
7311	23586
8976	55971
2914	4988
1933	6203
1994	23435
3689	8514
6142	6181
6170	6176
6152	6171
6161	6229
4171	5422
10112	11065
4116	51639
2222	51478
3559	8651
6160	6181
2769	5335
6167	6224
64928	64969
51014	54732
462	2147
6164	6227
6167	25873
6164	6176
1982	5725
55143	55355
9655	55832
6146	55176
506	1431
3062	6869
5345	7076
55166	151648
6130	6164
2773	29899
2960	2967
9702	55142
1291	5352
2214	2215
10075	51132
1933	6176
7096	10333
6233	27340
6136	6208
1634	4314
2967	8451
9700	79172
5422	10714
5717	10575
7456	10787
6152	6206
6160	6207
55876	94103
8467	79595
4540	4541
2206	2207
6144	10399
23376	56658
1314	9276
983	55388
6128	6156
10112	51143
22827	24148
7466	51280
6218	11224
3735	7965
5930	80204
183	51289
6461	9564
9045	25873
4686	9879
4695	4726
26232	93611
9150	79577
6233	10401
9776	55626
383	10394
6208	6229
6139	23521
4599	10964
6201	9045
29984	445328
9183	9585
2048	7525
9887	23381
6136	6209
5879	64333
9183	64837
3185	3192
4171	4174
329	7316
2305	9133
4670	10657
102	1495
10592	23397
4535	4537
55388	84296
9585	29127
963	5795
7311	25873
1499	2932
3181	4670
161	3482
6147	6209
9969	23389
341152	344892
2358	2767
963	7805
7337	55175
8365	126961
10112	55165
4887	346562
6227	25873
5861	10342
8886	51388
2491	5048
22974	259266
23279	23511
6164	65008
890	26586
10952	28972
10458	100423062
1642	26094
1063	2491
3192	51692
1576	2326
2186	9739
4712	7381
6169	6171
701	10733
6157	6229
3113	3122
6155	6165
6189	11224
2790	7852
6152	6189
6154	140801
1439	3635
3075	3078
671	8993
51203	56992
516	26521
79895	338339
8886	51602
55832	90293
10112	11004
8687	121391
6605	7421
2286	5479
1717	3422
3882	286887
890	4288
1749	1750
11339	51203
1630	137970
1942	1969
705	84128
990	9156
9919	149111
9133	10615
3710	5575
1084	2358
7525	10413
6142	10399
1111	54962
85476	90480
5562	9821
2963	11193
6130	6160
6208	6234
1639	8729
6631	27258
3912	11098
8881	9730
351	7852
6233	158506
23063	55746
2672	6688
2790	22948
659	23118
5715	9212
6139	6164
23322	80184
9126	114799
6138	25873
5684	51053
5878	54885
2042	2045
4069	5657
1717	6307
2268	4301
6138	7178
3633	29984
2204	23601
26234	154881
10250	11100
8566	10855
10920	55884
6138	6168
6161	6194
846	4829
950	8976
3007	3024
55832	115290
90293	143279
8243	57122
1981	6208
8329	333932
1453	6231
2524	2525
2058	2617
10236	10250
2617	4141
6678	7424
57082	151648
9611	9967
832	83547
9883	23511
1291	3688
2266	2719
2550	51083
6154	6228
640	29760
836	26060
5515	6157
2846	4923
2204	160364
2207	5335
5434	5725
5529	7514
9136	83732
7337	197131
23016	51010
941	942
905	5431
9410	57819
55143	348995
945	10857
6143	6147
3767	6833
10970	222487
2359	11251
3895	5954
974	3635
4159	53831
6228	27340
1956	8976
4712	29796
9877	23279
3054	25942
1495	128239
8453	8697
1969	2268
54534	64928
983	80184
6427	6434
29088	51264
6233	154214
4736	6234
1111	4361
54998	128308
6632	51690
6230	23521
6228	6235
26190	197131
6173	6233
2207	3689
1164	11065
10112	10540
3014	5932
6138	6208
5903	25909
9787	22974
3685	196527
8975	9100
7004	8463
26539	344892
1329	1340
5701	5706
6189	11103
6201	6233
4775	5534
9133	56992
4540	55967
56992	64151
6203	6209
6160	6204
6206	6210
6201	6224
8453	89910
1503	84172
5201	84790
6125	6222
5887	126074
4303	5901
4700	27089
27095	149111
6147	7178
4540	4709
6169	6194
1778	4867
1576	54600
57413	59340
637	3002
699	4288
2197	6169
712	713
7536	23020
3312	9128
2833	6346
10921	23524
1111	4172
10394	56729
344892	390061
5434	27339
4717	51079
5714	10213
23160	84128
566	1511
688	5468
2071	2967
2537	3434
10749	11127
10663	56923
5438	9978
2197	6154
23014	79791
3664	11074
54069	64946
84861	143279
3881	112802
6159	6181
6863	23620
1537	4722
2197	6156
5707	8453
3688	7057
1295	55214
1783	51014
8661	8672
1121	26130
6129	6139
27340	55720
5339	6164
3915	6714
1337	27089
1291	3672
2071	5433
5516	7525
2023	5315
5082	10693
5347	9738
3880	144501
3880	4072
4584	4586
7164	152503
2147	3481
963	326624
2150	2863
9495	10369
11224	140801
29796	51079
1938	23521
6165	9887
9793	55755
3918	5829
2036	8573
3184	3185
3669	4939
4089	9314
54821	55055
8337	85236
83540	259266
10293	29945
5347	9493
4724	4728
389	393
2033	10735
8638	91543
9564	10044
915	286749
6203	6230
1453	8636
6235	25873
5781	7525
6790	9493
2185	3718
54960	79833
6157	6235
3912	3913
6631	6632
6637	27258
54577	54657
3672	6709
8636	11258
5753	6725
50838	259295
23332	57787
983	26005
3156	6713
6160	7178
1495	5781
640	5336
3921	6157
6136	6194
999	1942
1387	2033
10714	80010
6161	6167
6229	27340
6167	140801
2033	23067
25942	51317
302	56729
3886	54474
680	64106
9320	10489
6124	6135
3362	53831
1639	22919
6167	6175
6240	10592
5338	5579
6230	7178
4734	22954
942	7525
10552	23149
6156	10399
983	121441
1605	3913
3434	4599
86	1642
1778	9493
5708	11065
6229	23049
8976	115548
5741	7434
22974	81610
2189	5983
1062	2491
4694	7388
8698	63940
116	2740
6137	6139
2353	4773
6167	6189
377	10540
996	5714
1232	8843
399	7204
6201	6229
6137	6155
4288	10051
4591	55658
7082	55243
1462	84141
27	10486
6171	6227
8737	8742
3832	51143
7531	11190
7305	100049587
3091	4088
6133	6176
6189	7311
6925	6938
10043	25798
332	151246
1763	57804
988	6601
4736	6168
6154	6170
10970	79895
2799	23526
55832	57542
6146	140801
6208	6222
161	24137
9133	57082
10155	201514
1642	27339
6233	57154
705	9277
966	79090
887	2147
6158	6173
6500	8697
570	23600
3320	6461
6790	9833
5689	5702
6161	6222
4540	25915
51203	64151
23332	80321
3191	9716
6208	6235
3866	3880
930	118788
10413	51421
11338	23636
1432	5062
8027	29763
5023	10857
4686	23511
5822	8568
6663	27022
2537	10379
2071	9014
5330	9002
3689	199675
6209	6218
6144	6165
6171	6173
996	8453
2189	80010
2935	6164
6188	6201
6426	6434
8329	8341
1793	9844
10615	51203
5878	9341
8329	8334
5426	5427
864	3683
160	8867
117	5741
6122	6234
9136	51010
4726	7388
79754	90135
350	5267
6234	140801
11102	65083
55168	64928
27248	79139
3320	23322
3111	3113
5872	51715
5516	5711
5644	6690
6202	6209
6229	7311
3814	56413
5201	22948
79172	113130
1605	55624
6631	6635
10412	23517
6125	6158
6234	9349
5547	5660
7124	8740
10403	51143
5700	5702
6223	6232
6158	6175
2767	5599
6233	6235
988	51645
4728	55863
8453	55832
6128	6229
3017	8337
2222	4598
5290	9208
2185	3685
6157	6159
23404	23517
4717	29796
3191	23350
8697	8945
7525	9564
963	84329
6635	83443
11103	51575
6142	6210
79172	348995
10283	23398
10592	54892
4599	4939
50838	259287
4853	6868
4689	7409
56658	57531
4736	6141
111	3354
335	4547
2776	2788
1511	6036
6141	7311
701	9700
8514	10970
6229	25873
10013	57649
6155	6193
3672	3915
3836	3838
5932	10524
4736	6202
4999	23595
779	783
6175	6203
2733	23511
6139	6202
6790	151648
7514	9793
3433	23586
6167	6209
1857	27130
64979	118487
55355	79682
1268	64805
916	50852
3978	5424
24137	259266
1063	9793
25885	55720
5599	23411
9320	26268
846	339403
8341	85236
118487	219927
2792	2918
5684	5694
3191	23283
23160	134430
399	94134
595	11186
9652	23517
23165	51692
864	5708
2197	4736
1595	50814
4116	6233
6168	6202
6874	51230
11014	50807
521	1350
9276	10427
3676	3691
2149	2151
1362	9698
27316	65109
3118	3662
5434	25804
51642	54948
6059	8886
3191	10236
3092	6233
1555	54600
6625	51639
23047	55143
57191	400720
3192	6434
1387	8648
701	8243
5862	5870
5434	6749
3921	6209
3054	6872
6157	6181
8085	9739
5434	6628
51692	80335
394	7204
6228	10399
2185	2268
3190	4691
6173	6189
6139	6181
10980	55294
54960	129401
3270	147111
6229	6233
4738	285231
4712	4724
4331	404672
3444	3451
671	56729
6175	6228
9320	51132
160	22872
3936	9404
5001	222229
65055	138883
6128	6168
6206	6232
6160	6209
1058	9133
11014	55605
6128	6202
83597	135924
3685	3915
1859	5928
26531	344892
5286	55361
7434	594857
6869	64106
2147	2266
6143	6194
6134	6202
672	7153
2922	3061
972	3109
4283	6364
1387	6907
2695	7434
1910	84432
23279	79172
4763	7311
521	9551
6279	6283
2965	54623
6703	6704
990	5983
5862	9367
2804	10945
2168	2169
2841	63940
7321	79176
701	10051
2801	10427
997	223082
9742	57560
6167	9887
836	4773
6714	10413
462	51156
2064	54206
4707	4726
10466	57511
409	950
1058	10112
10484	11196
996	64750
6132	6165
6385	10755
2912	4852
2205	2206
6218	140801
4194	7316
9870	57542
6161	6206
6130	6165
5983	7415
57599	57804
891	7314
6204	6235
9833	51203
891	3838
7516	11073
9700	64682
1111	23595
1669	8993
2197	6223
7153	9824
55755	57787
6155	6164
5529	55055
6137	6223
3725	3939
6232	7514
107	2775
3055	3572
399	4983
4691	23160
6143	6171
2797	2829
332	29127
28977	64928
966	11014
6317	6318
2209	2268
7852	8698
6203	6229
5684	5695
7852	9564
4288	9700
6117	7156
1005	1009
6047	9604
1453	6235
6202	6206
9870	64219
6147	11224
6125	9349
973	29760
6161	6207
6599	6605
5702	5714
1365	1366
3156	6307
23590	56997
4116	6167
5179	5733
1350	7388
1803	59272
4125	8635
56902	84916
6610	7132
9879	58517
521	55028
6135	6175
6950	10574
595	4602
6144	6194
545	6233
6125	6189
6202	6227
24147	79633
1457	1857
3718	6776
1395	2848
57082	79172
5890	5985
10389	84108
5528	55143
26271	51053
6288	6357
5984	7298
2071	6878
783	10368
23327	29082
4509	4537
3921	6233
10282	10652
6170	7311
4724	4726
8329	126961
1453	6229
2792	388531
88	4620
6696	84141
3918	4233
4736	6204
332	7514
23049	25873
1994	5725
991	10726
51330	115650
1121	54453
6130	6235
10592	64151
6502	56658
1495	6714
10053	130340
23160	55720
1314	8615
9700	113130
1173	29924
4709	55967
2444	84766
3685	10970
3912	5578
1536	23601
3181	3185
5741	122876
6137	6161
3320	57545
51343	142689
6206	25873
6428	9410
25885	27340
1668	728358
5438	6637
1495	5770
5189	6233
4736	140801
10376	84617
143279	154214
4798	79913
336	345
8698	57413
6137	6175
4508	4512
3611	6790
2224	4597
8698	59340
867	26130
6176	6201
5311	9727
3796	3799
6636	84844
6175	6233
5199	56729
8881	51444
8688	286887
6714	8976
5528	81930
5528	57405
64219	65264
4519	4539
2767	2790
2623	2811
4173	6240
6155	6161
6205	6208
9055	11113
6169	6170
2036	4646
4609	7022
25926	51096
4670	7536
1981	6223
4969	11081
566	4353
9277	51118
23225	79833
7525	10298
6135	6205
891	51143
9126	9656
6137	6235
9343	51729
7514	54821
1660	3192
5928	192670
6125	6206
6147	6191
53981	55660
4116	6222
7337	57169
7316	27183
3017	8970
1933	9349
51143	79172
1781	10112
25978	51652
6181	11224
7327	8925
2847	2918
2197	6224
11051	55660
7175	10250
259	2244
28981	92104
6122	6133
1058	151648
6176	6202
57154	89910
9183	55839
4670	7919
824	3688
1793	7525
51264	118487
89890	90025
6229	65008
6667	8648
915	29126
2804	64746
5718	11059
6155	6181
3190	27238
51399	51693
523	155066
1660	1994
996	51088
9015	57504
6628	55234
6208	6232
6144	6206
1062	10051
4541	374291
156	2863
1933	6205
6205	51386
514	4724
5696	5698
23322	84902
332	79172
10594	11338
23322	121441
7403	23054
335	336
9044	55814
6152	6155
5433	10285
1500	55740
6138	6167
351	7184
5700	11065
3619	24137
55142	146057
6209	10952
3914	4233
10112	51014
991	6232
9133	83461
3895	5879
4985	6752
56902	84135
699	11004
2059	10458
8450	51122
5688	9232
996	9700
1555	1577
6130	10399
79172	81930
29974	403314
5451	23248
10376	10693
6235	55127
4718	4728
6205	6222
55703	84172
6203	9045
1639	11014
391	8503
9039	9730
9382	347517
6152	6203
1063	9126
6189	6223
6790	55165
5516	151246
6135	6203
156	8477
3326	10963
1350	27089
627	5781
7311	9856
2847	2911
3191	27316
7204	10800
1329	4713
23223	64318
10713	23020
7311	11059
6129	6156
102	3915
55829	58515
1660	5094
3320	9844
1605	5829
6223	23521
2071	55677
6138	6175
23526	51816
6170	6227
10527	55705
1981	5725
4734	89910
8514	22918
121504	333932
988	5000
6181	23049
163	6453
6227	140801
5861	9276
1386	6605
6157	6230
3799	10749
1495	7082
1662	84154
7090	283149
1660	9343
3181	6628
2197	6159
2064	85440
6156	6208
4519	4541
4641	23607
79659	92104
2784	2792
26091	154881
5590	6714
9967	23097
7133	10673
930	933
6138	6204
10693	55970
3655	3675
1915	6159
64318	79954
10632	84833
2966	728340
6218	6234
8085	23067
3434	10561
25804	27258
6208	27340
6124	6175
10970	84141
9092	27339
23107	65993
726	831
3685	5795
5981	51514
3105	3133
2914	3350
701	10615
699	9793
10120	89953
89910	90293
9133	22974
3192	11338
6878	8295
7021	83741
9793	84902
6193	6208
9892	10109
6155	6233
6222	6232
6173	140801
2537	9636
1022	91603
5230	7167
79861	81027
84128	88745
5711	7311
1350	440567
6605	9031
23295	90678
3635	3718
6154	6209
5335	7305
2847	6363
55008	64750
6430	220988
6189	6222
1453	6228
1315	9570
6135	6204
23291	54165
1236	5443
890	995
7514	23039
3107	5696
6455	9341
5437	7874
963	3685
6428	6432
2925	9170
23279	23332
6428	22826
6175	6194
1457	10592
3673	3675
1213	8976
55066	57546
6137	6228
372	57511
5528	11130
2692	2838
2177	2189
5605	10256
9493	64837
4666	6137
22995	27229
399	57522
6170	6202
6205	8562
183	259287
699	3796
2957	51808
3105	3659
56902	88745
23332	27229
1933	4736
10682	51478
65055	219438
695	974
25942	57649
904	2967
6136	6139
302	5707
5706	11065
4057	56729
1933	6181
3921	6201
4734	154881
1062	10540
10425	79876
3688	3914
9055	29127
1994	10250
29127	51143
1956	3688
5701	7979
6637	51639
2222	2224
26190	54165
10524	10714
5652	6692
6156	6203
9014	9533
335	350
3691	3918
9348	10082
10193	53339
2935	6229
1915	6204
10663	51289
3837	9688
10594	11100
6233	9349
867	10097
566	6036
10980	92591
3437	4940
5330	8477
521	4713
3183	5094
7204	29933
3921	9136
5829	375790
5862	8548
27292	84135
11222	56945
10153	51602
6430	6434
6133	6205
6602	6605
55601	91543
991	83461
8351	126961
153571	153572
675	27030
1395	79924
3055	5747
727	51289
3320	7090
3937	7454
57542	65264
2153	2244
6491	284403
5023	326624
5347	259266
3192	23350
55166	55355
699	79172
6164	6175
6138	11224
351	1269
890	11339
6181	9045
6223	6231
5725	220988
1655	27258
2243	51156
118430	727897
1676	3836
9493	81930
7343	57459
2784	7434
9793	81930
1495	4233
6430	10949
3109	3127
2033	23112
9295	22794
8886	11137
9918	259266
11157	27258
3122	26191
4540	91942
4543	5179
699	259266
3013	3017
1129	4889
377630	401447
117	2792
65264	143279
3133	3659
10575	84617
3797	24137
9183	10274
6204	140801
3921	6181
6205	6229
1642	9730
3953	6774
7314	9134
5689	51371
988	6428
6164	6181
4993	344892
9126	25936
56852	57804
3611	9793
3178	27316
891	1164
7135	7431
6155	6176
6146	6167
24137	285643
988	9184
6141	6234
1665	8886
6189	6202
10199	79954
3619	10403
274	8853
2033	6872
8697	9604
3619	9793
9564	10787
945	6556
3178	3192
983	129401
4670	5094
26524	84962
3109	3123
6233	9887
4736	6173
1793	10152
4633	8557
6175	6223
6135	6727
6426	9782
4343	4853
3916	5878
6667	26512
6130	6232
388	23370
1981	6134
22954	57542
79090	90411
1017	5707
945	3689
3913	10272
831	5747
8175	10181
79172	151648
6122	6176
6453	22905
2197	6142
4303	7874
117	7434
4512	4513
3178	3191
1605	5879
6182	65008
2200	401138
5580	7525
7311	89910
4889	6751
1894	26586
1969	9564
3184	55749
3190	23020
3836	3837
23350	79869
9716	10250
6189	8562
1282	10536
4049	115650
5062	5714
2491	9700
6206	6229
885	3061
8337	121504
7082	100506658
84418	100049587
6139	6224
7409	23533
5347	10592
6168	9045
80155	80218
3710	5330
1163	5700
7335	55905
9833	29127
5432	84962
813	3371
197	3698
51143	64837
6234	56902
5173	6751
11314	100049587
3312	29763
5700	126374
51503	57819
6208	6218
6235	27340
3561	5296
6228	6230
5931	29117
521	29796
6233	8445
8886	9221
6168	6232
11070	51143
6165	6167
1781	5861
9787	29127
6632	11157
55143	64151
624	339403
988	8539
5441	7314
6632	6635
886	3061
3889	3892
657	9765
6142	6228
6124	6146
6155	6235
3017	126961
57674	64219
6165	6181
3191	7536
5438	7874
4343	7311
6392	8802
6790	10403
1937	6201
4353	56729
6228	7178
3655	3915
3619	25909
4173	51659
7456	8976
6170	6209
4512	4540
51	7311
3191	6434
566	5657
9752	56141
6122	6223
23376	26235
6866	8997
5601	6416
7516	348654
23042	23420
4540	4726
3192	10492
6830	9646
4710	4717
1933	6154
4116	6632
3921	6129
5929	6872
462	2155
2033	9739
55884	150726
9793	23047
6137	140801
3181	51692
6628	8683
899	140460
51650	64983
9493	24137
1062	9276
4736	6176
9183	22919
6201	6222
963	10970
1915	7178
999	3918
22936	64859
715	716
111	9283
2521	5094
988	5591
9787	9824
1781	9657
11157	51503
3105	3106
5747	10298
4584	140453
6206	140801
6233	23049
1781	22974
79176	115290
86	988
1499	5707
5714	126374
84135	134430
2247	3685
10920	10980
6203	6233
5338	11145
54908	81930
1453	8945
87	7791
1445	6714
10749	23046
6155	6206
1902	9002
6161	6208
8334	8969
6147	6173
6203	6207
11128	55703
4539	4541
10970	196527
9833	11065
51715	57403
5660	63940
5036	23560
996	1017
9277	55131
5443	53831
3002	5551
11113	259266
6625	51593
335	462
25847	150726
2002	6722
6168	140801
24137	146909
7514	57122
1495	5584
6136	6207
5869	22905
6233	11224
6142	6202
8301	10096
6168	6188
677	56915
2322	6688
1058	79172
9040	10517
5684	5685
6135	6206
4538	4540
5706	9232
1537	6390
1241	3814
1956	10413
2185	5879
3437	4599
6138	6189
6167	6206
9295	84950
9411	29984
302	23526
47	2799
4695	27089
6152	6175
5702	5970
5432	11051
3646	6156
950	3482
3659	10475
338	5948
4670	10594
4513	4537
6711	11014
1639	3797
3833	9700
727	10022
2305	5518
3915	51280
81930	259266
8453	79699
6210	6233
11325	51690
51382	160364
351	83706
328	10038
2266	51156
891	51433
1601	8027
3921	6230
6175	6176
10051	10403
627	6272
3594	7297
3326	51143
5861	11014
3912	59277
4670	220988
399	9411
26190	140459
3903	5023
10945	10959
81697	344892
988	81929
6129	6203
1991	6709
4542	4641
5335	6850
4539	374291
79865	340205
2801	5862
5795	6518
10713	55749
6279	6280
3491	84141
1524	6370
4708	55967
6637	83443
6426	10949
6189	140801
90293	221687
174	3698
6137	6169
8356	8365
26268	84085
3549	6469
7316	64326
5351	8985
8697	23291
3912	54972
945	222487
3320	5062
5868	10096
4171	4678
6160	140801
5438	83443
5080	8338
7311	27327
1133	9002
5516	79172
699	7272
4952	286451
25831	154881
6208	6224
2207	199675
4088	5784
3915	5829
2165	2244
10528	55226
4734	6500
5896	5897
91147	121441
6164	6189
3274	55970
140881	245911
4288	56992
988	9879
399	7984
5725	79869
3181	3189
5528	151648
6160	23049
6139	6156
1524	126006
4700	4708
3619	8243
4512	4539
9793	113130
6189	6229
4088	7048
4736	6194
5585	5608
6188	6189
4867	9657
81930	151246
988	27238
6144	6155
6235	140801
6141	6205
5725	6428
9188	54881
5519	9793
950	7316
1234	4544
6237	10235
6432	6628
8945	90293
6599	55193
1476	10394
6135	6154
5978	80012
6193	7311
51575	79954
5054	78991
4233	5795
6128	6165
6169	6210
5878	23011
920	3702
6750	6754
6885	7182
3221	3222
5685	5706
27340	55127
3921	6222
6204	6209
3185	5725
6139	6228
2788	5368
890	1017
3119	3123
6147	6176
3973	104909134
5931	22976
6613	7421
9437	259197
6047	26234
11258	11316
617	10469
9276	11014
990	9700
51143	55166
6209	27340
5954	51280
3856	3880
4736	6188
1933	6202
3672	9564
8729	9371
1000	7184
9700	23397
3013	8334
1329	4712
6210	27340
3190	10492
6169	6231
1292	10536
1994	9416
9363	9367
1962	6233
6428	84991
3105	3135
10920	150726
28973	28977
64682	90025
3184	6434
6223	6228
8317	84515
6157	6209
3458	3586
892	9477
5983	83932
8648	84498
1639	10112
2359	5473
3055	3684
6142	6143
699	55143
3921	6142
9341	22905
55722	79959
5199	6709
274	6453
56923	259293
3394	3430
6363	6373
6631	57819
24137	55614
6631	6636
2207	338339
3619	348995
55168	56945
2033	55904
1277	1292
5898	5899
6464	6850
1062	9793
1241	29933
10236	10432
10053	152503
5436	51503
10963	81570
6188	6203
1439	5777
6130	6133
5529	54821
1314	10427
51023	90480
1933	6165
833	4141
9972	23511
1314	22872
6142	51187
4735	23332
10885	25885
55658	223082
6181	6222
9700	259266
6160	6232
9133	55355
9887	11224
5266	6699
7155	8289
4734	23014
5437	5441
821	3309
4986	50834
1129	4543
10660	390598
3908	10319
1595	2222
3303	9531
57154	65264
5610	23118
2147	4295
1783	2801
5528	10726
5741	594857
4736	6232
1839	5782
6130	6144
3014	8726
6218	6230
51069	219927
6139	6155
6156	6159
6637	55505
1439	5568
1287	80781
5725	9879
10155	25888
6202	55272
4700	4724
27340	56902
6227	6233
399	84144
719	63940
6146	25873
6233	140458
1981	1982
4584	26290
2207	11314
6128	6207
3886	8687
6147	6222
11116	79959
3054	23067
699	9183
5336	118788
8568	25926
6597	29117
4952	9341
3948	4200
6146	6224
10383	10693
220134	348995
9700	23047
23291	56929
6169	6232
6139	6144
1910	2865
1774	5199
5747	7409
3184	4670
6136	9045
10540	11190
5970	23291
55326	137964
5739	94235
3921	6130
1994	10921
1088	2358
3833	81876
983	10733
5929	8085
4707	4724
9014	57504
4736	6137
9824	10112
1642	11091
8337	8347
2774	255725
6234	9732
6128	6189
3683	6518
2033	10847
6130	6181
102	6233
6924	22916
6156	6167
1933	6175
187	1233
4543	4889
6173	6209
514	1350
6049	26224
23601	79895
27237	171177
6137	6170
87	5879
7533	10971
5700	7415
1660	3181
699	57405
6240	10051
2865	23620
6232	54820
4724	29796
472	5884
4670	11338
5928	10013
1337	1350
1737	5162
5747	10458
51382	222487
3192	6625
3913	10298
4288	10403
11176	51742
55355	55839
963	196527
983	6502
5708	5887
5708	7415
9787	11339
5501	9793
6205	23521
1007	1013
558	6464
4172	4998
9276	9371
51602	84549
8945	65264
9666	51088
6164	6217
6141	6189
680	3358
57413	58191
990	5708
9636	11274
2197	6138
6147	6154
4624	4635
9221	25885
996	23327
991	22974
6141	23521
9183	348995
3115	3123
11236	79139
10426	55755
120796	344892
201475	326624
3135	3805
776	786
1894	10112
10445	51138
6181	7311
3267	5869
22981	57545
6218	7178
7532	57521
9716	10921
712	714
6130	6188
3635	4233
324	1857
9212	23397
7434	122876
26190	54778
26005	121441
5700	9184
6160	6194
1906	2150
3849	140807
5290	5781
661	10623
9787	55355
9730	64682
8801	8802
3190	5094
6224	23049
6208	11224
1511	4353
197	335
6176	6218
57674	64718
4582	10164
6210	6228
5717	126374
6167	10952
9320	154881
6139	6160
4641	5872
5217	55740
10540	80321
374	2153
6202	25873
1208	5406
9055	10112
10749	11014
7320	23291
2932	6790
5335	8698
4536	4537
6136	6155
6154	6159
2222	6721
6138	6229
3913	375790
400	57511
6209	11224
6204	6218
1727	5707
3157	4598
9156	84126
891	9833
10200	23016
9793	203068
5566	23332
6122	6142
10236	79869
5294	7409
6157	7311
6227	23049
5162	8803
84131	121441
5717	6790
6202	8666
6138	6224
1660	3190
890	9833
9136	11102
5869	23011
6129	6167
24148	51340
3866	144501
6634	22827
6709	6714
6625	11100
6144	6188
6232	7311
10022	51289
10121	84902
4710	4728
79980	113130
3903	10970
5869	6233
4736	10399
2946	2948
6830	26043
7311	257397
6159	6175
5036	203068
111	1812
7337	8925
3911	5747
6169	6208
332	991
6138	6159
4829	5737
114	2492
23301	30846
3681	8515
54881	65083
6152	6208
3015	5438
6137	6232
8518	26610
6201	6206
5286	6272
6128	6227
10403	113130
6160	6176
3184	5094
1536	653361
11065	55165
6136	6161
3921	6206
3437	10379
6233	55669
3796	348995
4541	4724
7514	23122
6850	64170
6141	6202
86	6605
54998	118487
29127	81876
6164	6228
5034	5479
6176	6235
6169	6175
127247	148581
55143	57082
6181	6234
6152	6165
2209	6688
6434	220988
1366	4072
2719	3698
81537	259230
23397	55143
329	5708
5707	10576
1453	6218
1290	5351
4331	5436
6142	6159
6161	11224
8178	11267
1856	7314
3683	8514
3488	54757
5879	9564
10919	29945
6122	6135
3178	6430
3107	10475
5725	7536
156	301
3434	55601
1910	6863
4173	79892
6139	6167
1062	10274
7398	10714
54939	55294
3832	10733
2537	8638
1268	9294
5434	55299
3191	84991
26285	149461
6135	6210
10489	51343
9790	55127
6130	6168
5861	10959
3190	7919
991	1781
5905	10762
1793	3071
3937	5788
3015	10284
344892	390077
963	3683
2132	375790
6133	6208
5008	7297
2696	53831
1994	55339
5983	56852
10181	10523
174	3827
335	3827
6144	6164
1337	1347
6453	54874
7311	55669
6158	6234
6142	6167
10250	10285
8560	196527
9341	10254
2197	6208
1398	1793
2551	3054
9738	132320
9862	84246
887	3827
10943	54556
338	2266
6138	6164
109	59340
595	6776
185	2642
2053	7311
6142	6207
3725	4772
23601	199675
8334	8337
64105	151246
1832	5493
8976	10552
3635	5294
4322	7373
9493	29127
3685	326624
4736	6229
56929	79176
10970	64386
1398	10818
3491	3913
3832	6240
1062	64151
6159	6169
6234	27340
2251	8823
6218	6233
1277	4313
6626	27316
58506	130074
5601	6272
3491	7184
23047	57082
5711	7321
28981	79659
1763	348654
1933	6152
3115	3127
6205	6233
5473	10321
1499	3611
79023	84324
8322	54874
399	6453
7871	8428
6872	81887
695	7409
4172	9700
6234	23521
3091	7316
4171	4173
3320	5829
2099	6198
6232	6235
3191	9128
1062	11004
1058	9212
645836	100287238
6194	6228
81930	113130
6137	6230
11322	55754
4927	50628
5954	7184
6143	9045
6130	6228
10250	10772
3837	129401
3192	79869
4537	4539
6122	25873
6135	6152
5861	51014
695	5336
891	1783
6556	160364
6182	51081
6597	7561
79685	94239
10112	24137
2641	113091
6206	7178
6135	7311
226	5315
9972	25929
1291	3685
1457	9918
8541	64130
3512	100423062
6181	6201
2185	5579
8365	440689
6143	6160
3897	57698
5903	55339
9700	23279
9787	10112
23142	23291
6194	6234
9928	11113
5094	27238
6133	6157
4116	6218
9820	57531
3181	10432
1737	8802
6169	6223
5684	8312
5094	5725
4952	5286
4509	4519
6432	6636
6161	23049
2916	4887
6175	25873
187	5473
3212	8338
908	9628
3920	80331
11059	23291
9349	140801
6133	25873
10193	25831
5116	23354
3115	10346
4538	4712
6144	6152
1610	4843
23160	23404
5469	9967
11015	51014
6170	6234
3055	3702
5339	6217
4939	54739
6157	8665
5879	50807
6144	6189
6157	6233
1665	23160
6128	6147
6130	9045
3689	84418
6136	6144
51602	84365
5872	53917
9045	200916
1058	22974
5427	9768
6432	6434
54555	56915
11314	196527
226	2539
3437	8638
2911	594857
4928	9972
8568	51096
2195	7124
51725	55819
9559	55737
1810	26009
336	2266
9648	10466
126638	147409
9184	57405
7414	8993
1499	1969
5294	7852
868	5930
9833	259266
932	51382
3123	54331
9136	84946
6173	7311
3434	4940
259293	259295
1756	284217
55970	126006
5558	84515
6439	653509
3913	3915
1822	1911
1994	3192
2151	6915
4102	158511
641	4439
51593	64859
9793	348995
890	10403
6122	10399
6136	6147
1233	5473
163	274
108	283869
7153	55746
5111	7027
22919	22974
51264	57129
81567	93100
9183	151648
393	399
5984	10403
6218	6229
3855	3868
1329	1351
6036	8635
6135	23521
5347	81930
4175	81620
117	594857
79600	79867
1232	338442
1453	6201
2967	5983
10274	113130
6173	6227
9014	9015
6146	6727
54874	115548
1783	79172
4686	9128
23212	65083
6133	6155
6143	6206
6147	6206
8689	286887
988	11193
684	4939
6193	23521
5985	83932
9045	10399
846	51289
6138	6202
1956	5782
3084	5599
3309	6836
4014	5317
6208	6209
6122	51386
4221	11091
990	10592
1462	3915
6129	6154
10969	29997
3376	6301
1783	5516
6137	6147
6130	6154
22981	27077
5708	5970
11190	55142
6374	27198
3055	5829
1944	1945
4738	54939
6502	9730
3660	10475
1230	83756
846	50835
6699	6707
161	5286
6908	23411
7375	8717
2848	285601
6185	58477
5869	10254
2635	6672
6158	25873
5869	8027
7874	56655
23	988
6790	9787
3882	54474
80018	80155
10274	55143
6156	140801
6168	6235
10574	84617
10575	10693
6202	6234
5694	7314
3071	7454
6241	10403
332	9493
2034	3091
1660	10492
6217	11103
6147	6229
1062	29127
23218	196527
2521	6421
7919	27316
1269	59340
10965	55825
6171	6235
6139	6157
6158	6194
4695	9551
5699	8945
830	55604
3718	6777
1062	64837
22888	89890
23279	55746
26249	140460
83540	140735
23521	25873
1894	29127
51676	140739
6209	6235
5796	6233
1398	3685
3326	7415
3014	23310
10097	50618
4540	4695
7272	56992
3181	5725
6233	51132
7398	10635
6157	6201
64386	84329
988	23435
351	2817
351	5660
1058	9183
6142	23521
6155	6203
8886	23160
983	203068
23304	57531
1107	23028
1880	57413
2817	375790
6428	27339
10153	79954
332	79902
5879	7454
6136	6170
1290	1291
6210	25873
23063	57082
4710	4724
83732	84946
6142	6176
4288	11065
6167	6169
1088	23601
1781	10383
4584	192134
2695	122876
2625	5241
83461	259266
10112	83461
6167	6173
10949	220988
10552	22905
1994	55660
9793	57122
5870	57403
2033	8289
5315	7167
3429	3434
8451	56852
5528	9126
57539	79659
5336	79837
274	51429
147	5021
5657	6036
1994	23283
8365	653604
6631	11157
2798	4829
8648	96764
6428	6632
1778	10577
4173	64151
7272	83540
4736	6157
4736	6193
7314	29089
25977	54885
11218	23511
332	10615
108	50837
6202	9349
7322	9867
988	10403
3832	54892
388	23526
3185	27316
64946	79682
864	64750
6233	84231
6173	9349
11103	56902
1000	10970
1956	10552
22897	79598
1080	4036
56902	84128
1936	6132
5432	7316
9787	10592
1387	81857
26224	55208
9055	9133
6227	6727
10885	27340
6997	10637
1285	1286
1659	51503
4077	7316
5829	6385
4172	81620
7336	7341
3008	3009
5435	23524
6144	6233
5903	23332
3437	4939
2997	6233
1933	6156
1816	4160
4670	10949
6128	6142
11339	55143
10484	90411
629	4179
1350	4695
675	1017
4735	79867
7311	9341
6229	6235
55143	151246
6908	10498
8451	9730
399	10144
1062	6249
3796	5519
8347	8969
55755	146057
861	6604
640	973
5725	11338
3832	10592
6133	6173
156	9002
8453	23291
1022	55840
1017	64682
1605	5579
2935	6207
5347	10112
6205	7311
84231	90678
1778	24137
6155	6209
6130	6155
1544	3620
3852	3853
928	3655
6135	6235
5438	6633
8453	22954
51388	84916
7027	7298
56923	259295
5591	7486
9564	10458
6122	6173
102	1088
51099	79948
3304	3337
521	522
6122	6222
932	79895
3301	3305
891	81930
1499	5777
5528	79172
6189	6233
3866	3875
2266	5345
2491	6249
2072	51426
6124	6142
6206	6207
6632	27258
399	7409
7124	10673
3832	9824
3811	3821
338	51156
7249	57521
3912	10970
6160	6165
796	6344
1121	126003
3312	10808
6156	6201
4735	7283
336	51156
1347	1350
6156	6161
6181	6208
142689	154881
23160	79954
5431	79577
994	7534
521	27089
6233	11059
10959	51014
29127	54443
3619	79172
9076	24146
1937	6207
6128	6152
5516	10213
5868	10618
6229	9349
2064	6233
9807	51447
6160	6235
3309	7184
3184	6427
10592	51203
345	350
727	259287
9636	23586
6156	6233
1856	27130
9968	23186
6156	6224
2788	2864
5695	5714
3913	11167
10524	23411
988	4173
11235	25843
10970	54972
1137	1141
5870	57511
5434	9533
10102	51021
25831	143279
6836	22820
6160	9887
9371	51014
3832	81930
570	6233
5048	5529
5870	81876
1642	8607
1062	7272
2918	6752
83540	151246
81285	285093
1911	23028
5516	5781
5528	9793
3222	3223
6147	6160
11193	22826
6161	6165
988	5700
778	783
6181	7178
1499	4233
10992	27339
5879	6249
51692	220988
779	10369
4173	81620
6714	57670
2064	2886
2475	6654
6307	51478
3565	3567
6122	9045
23149	51429
6173	6176
163	9341
23327	79176
1314	9527
6207	6229
64682	84085
9738	54806
6122	6129
6130	6208
9730	10293
954	158067
4758	54472
1783	11127
1237	9934
6141	6232
8871	51429
3163	222487
23586	83666
3683	3695
10592	56992
6223	55127
1337	4697
6249	54908
2935	25873
1302	1306
5685	5701
7311	10110
1062	5529
890	5347
1063	54821
6139	6234
25915	126328
2268	5829
3066	10919
9126	57405
6147	6224
8189	51639
90411	126003
2358	57413
3855	3866
3190	3192
1947	2049
23279	25909
6426	100526737
6125	6146
26268	56995
3685	6714
3014	10524
3361	9290
1880	196883
6144	7311
6155	9349
6203	11224
3685	199675
10133	10540
4343	84441
1983	6232
6138	6154
375	10959
8655	9212
259290	259294
5695	7979
728	6376
4538	374291
7003	25937
6188	23049
6747	23471
988	3301
23587	54859
6209	9045
5725	6628
2079	6628
2533	3937
890	11065
9493	10540
7984	29984
6218	9349
5725	23020
10576	22948
23376	84085
1937	4736
23295	54620
572	836
1595	6307
6228	6232
6152	6169
920	8976
9133	9493
127247	131405
2588	9798
6189	6235
3688	23209
3683	79895
2814	51206
3190	23435
10491	85301
5439	6119
6218	6228
11098	84141
8450	55832
6165	6218
462	3827
3433	10561
6152	6154
4361	10635
5868	64145
1781	11015
257313	387129
6129	6207
23601	170482
53829	57413
3093	23291
1783	10121
399	9743
6194	53918
5903	9631
55143	57405
6218	9887
5950	7276
10992	79869
6155	6208
3174	6927
1830	6699
7175	51692
1915	1933
1337	29796
2107	6173
64976	116540
701	4288
1656	54464
5518	6235
3640	5443
6164	6188
9133	9787
23304	56658
6635	23524
1659	9716
6434	7919
9341	51542
1937	6130
4316	6696
10890	51552
6135	6232
57115	114771
3915	5954
5437	23524
383	3240
9493	10749
11004	22974
335	2243
23354	132320
3921	6160
102	160364
9672	375790
23076	57696
4736	6205
3376	4677
6628	6632
1499	7879
6161	6224
5610	11274
6130	6152
6181	6228
161	8650
6206	6223
891	991
6147	6210
3267	22848
1500	6714
54069	79172
3833	9585
9320	22954
1763	64210
999	9839
9820	89890
1173	8027
7532	653784
3183	6432
9631	23279
5880	91614
6774	7525
8334	440689
8451	10714
10921	27316
1969	7525
891	55839
8085	9757
3796	57082
7311	54874
6233	7098
2033	7090
187	56670
1327	1337
595	5707
6132	6156
4695	4700
570	1962
3672	3685
1062	6790
3912	3915
6157	6188
6229	11224
1230	29899
6233	26523
2918	10563
1062	1783
2475	57521
6169	6233
5004	5005
8945	9820
6130	23521
9533	64425
3980	6119
4111	158511
991	29127
3913	6714
84148	284058
1237	2917
6122	7178
6169	6218
8976	10254
4288	9787
6518	10857
22897	653784
6206	6227
3688	3912
3837	57122
3675	4233
6185	29927
1445	1956
6159	9045
8365	8969
10272	11098
51079	54539
6517	84246
6146	6164
6518	326624
6139	9045
6161	6168
595	6777
8661	728689
1642	8451
1462	9469
117	2784
121504	440689
10733	163786
3017	8349
891	6249
3157	6307
1660	3184
6241	7272
5528	10274
1981	6202
1783	6711
11100	11338
2980	2984
1445	2213
160	1213
3190	55749
7311	57154
5869	51715
5694	5695
9349	11224
11196	126003
2792	10563
4952	22905
57678	256356
2863	5332
6128	6161
3827	51156
27292	55299
5928	51317
1495	3801
9510	11096
6230	6232
9730	200845
3912	3918
9793	23122
4695	4724
6625	11338
6181	6204
1173	5868
56902	84946
10274	51143
1874	10014
22803	27340
1829	1832
1213	10254
6168	6234
11073	63967
10236	51692
5528	51143
6156	6235
79441	79959
79019	79682
7057	56999
8349	440689
7321	23198
51421	60485
983	5501
55737	58533
8615	100302736
1642	8065
10403	23397
27258	51639
3836	7534
8689	121391
164	10618
2197	6222
521	7381
6170	6188
6788	60485
4691	10528
4116	29107
11127	51014
3326	10576
8453	9666
1634	4060
830	10282
1121	53916
6128	6139
5928	57690
1121	5869
5708	7316
983	51143
6167	6727
6152	10952
8655	60673
2197	6235
6129	9045
2519	3074
4867	80321
10978	283989
10618	55330
6373	10563
3133	3660
4173	9126
54148	64928
6142	6235
1650	6184
6122	6168
4700	4725
2932	5529
4519	4537
6133	6194
1781	121441
2886	5155
7486	11073
6159	6208
121391	286887
6233	23291
27089	29796
6169	6230
23020	84991
3375	7253
6387	6754
7341	129401
2635	3659
6201	6227
1950	3671
1340	1350
4928	7514
1329	29796
8945	11059
9690	84231
6181	6205
6168	6230
11338	27316
1062	54908
6135	23049
8365	8970
51649	54998
10484	126003
2810	3918
2626	4633
2237	5111
5868	51715
4088	5594
6156	6222
3692	90441
830	10652
79895	199675
7272	11004
8925	63893
5693	5695
23283	55749
5194	7311
6175	6181
7514	9972
6167	6230
1452	5516
5869	8301
2224	3422
521	10632
1048	80740
6135	6208
3937	5335
10960	51128
10574	63971
3978	4174
2792	6752
10767	22894
10576	23526
6170	6229
3921	6144
5331	27334
6122	6143
7110	10618
6232	23049
4712	51079
2626	140628
6202	6224
163	1601
11128	84172
3054	80335
4535	4539
993	84126
8243	23244
1476	8993
10388	25777
1843	3304
81794	339366
23412	51725
5067	137797
3107	6890
3921	6133
6146	6194
5111	5434
6206	6222
11095	221981
10274	23244
1164	9232
988	1654
3688	3693
990	84515
3837	23511
728	50835
4735	11190
10403	55166
5725	7919
55279	285237
1058	55355
891	91754
5093	10594
9730	80067
6453	9322
10540	80184
5660	55970
9655	50813
53981	348995
3054	81887
9611	23118
4538	91942
10540	22974
11004	81930
86	8607
4208	5533
2691	59350
5048	5515
6176	6232
4697	4700
2033	23013
4174	10036
6152	6222
4536	4538
6135	6168
6142	6171
26249	55521
7124	7316
9183	113130
6189	9349
10526	23511
3190	10432
3838	22974
5725	8661
1669	56729
10970	338339
8349	121504
4736	6230
3191	220988
6202	6228
5829	64098
6143	6222
5469	9282
6160	6229
2648	25885
6141	6144
6208	6227
6128	7311
7454	10552
6229	140801
680	4829
9879	10949
671	3240
3685	6518
7311	126961
9329	84265
1969	3055
6125	6135
1063	22974
4928	55746
6206	6234
6130	25873
974	100423062
131873	256076
3184	220988
1781	7531
6122	6164
28959	55365
6129	6152
3903	64386
988	55770
4736	6227
5689	7979
6209	6232
54437	57188
3320	10576
6167	6229
9787	9928
4298	6830
6157	6206
8337	333932
4171	4175
6776	26228
5700	5714
1832	2125
966	64386
26146	79989
186	3350
10254	10552
6203	23049
9341	10652
891	994
7529	51552
7316	8864
567	3106
4701	126328
1559	2326
6049	23304
5693	5707
3855	144501
9559	58533
6657	57167
6164	6194
5435	6634
7124	51330
9787	54443
3491	3915
4985	10563
6181	6223
389	399
1665	23350
3836	22974
5519	5903
7454	10458
1453	6207
55166	387103
2784	4985
5430	10250
2967	9014
4712	27089
6169	6228
6176	6223
3619	83540
8924	10489
719	8514
1524	56670
2072	7158
3071	10787
60	1072
2521	3183
6157	23049
701	4173
4508	4536
10403	10615
1915	6139
10540	29127
6161	6235
1915	6222
971	973
2790	10693
920	2533
7531	121441
896	3717
1325	6373
6132	54512
5715	7979
623	56923
2525	10331
5829	6709
1161	5887
6613	79902
1778	2801
6165	9045
27	10787
6173	6228
4736	6144
1793	9564
7936	404672
6137	6222
4116	6161
10466	10540
1394	3973
7919	10949
3635	5777
4928	9688
5432	6617
55832	80204
28998	29088
6701	6704
259287	339403
1758	8404
8086	84271
4809	5435
54908	91272
3192	6626
3512	57050
4116	6152
2695	2784
3718	50615
7403	10664
6235	11224
10978	51503
3832	7153
2968	9557
10869	63891
2635	5371
1347	9551
197	5005
5566	7283
701	23279
2537	10964
138803	344892
378	10959
3240	5004
5094	6628
55143	56992
3054	8314
4221	11168
2207	8514
5023	6518
1462	8542
9685	10618
3688	3695
57680	284058
6232	54821
632	3381
335	51156
3619	9972
5546	10262
5695	5707
2784	594857
51762	84932
890	4999
8972	93432
5438	6635
3761	3785
5071	23352
10092	10109
344892	390084
5347	24137
7783	11085
6176	140801
9787	64151
3351	346562
9282	9439
10949	23658
79867	84902
6667	25896
6157	6222
28514	54567
389	57522
4508	4541
11116	55125
7423	78991
3842	10527
10489	22888
6125	6128
1915	6206
1994	220988
6923	9978
3909	5829
9133	11065
1387	5437
10250	10291
2153	3481
10749	51014
5861	55605
6147	6223
51138	122769
6141	56915
151648	220134
1981	6232
5422	7298
6249	10540
7003	10413
3178	84991
9212	83461
7852	63940
23304	64682
6130	6137
699	83540
4548	10768
22918	79895
4008	22954
6383	284217
9833	22974
9918	54892
64979	116540
3187	10181
6156	6227
79473	344892
6204	10399
3832	5422
116	94235
6136	6189
6161	6173
11176	64426
6129	6230
2800	9827
51650	54998
11145	122618
9055	9928
1499	10971
11224	25873
701	64151
3882	121391
6156	6228
2243	3026
22981	91147
4683	5599
351	126006
11102	55127
2197	9349
336	2243
6218	6232
1462	10082
9126	23279
10155	284309
9790	27340
6147	6205
890	157570
4295	5020
51280	54972
84154	84365
3903	79895
11103	22803
6132	6227
6147	6181
7175	23279
6154	6161
3550	24148
7458	8662
841	843
4953	51686
9568	54429
1499	5781
6144	6176
6147	6155
8648	9968
2348	11258
3191	79869
28981	64792
4050	5716
6170	6223
9114	127124
6159	6164
3301	10963
4736	6218
6142	6227
1933	6155
55249	55870
1639	1783
3675	3685
3619	9700
64318	84128
9820	56658
6141	6193
2770	55970
1499	283149
185	186
6137	6160
3430	8638
1763	55388
5529	6233
727	50838
9126	348995
3416	7417
55884	115290
383	3074
7532	10142
8337	317772
79470	344892
2071	10920
1431	4191
6143	6164
11137	84916
6142	6175
983	117177
4702	4710
4141	8565
996	9820
10189	29107
1605	84892
4172	10714
6208	6210
1994	8570
3093	26234
836	6789
6159	6160
6207	6227
10051	64151
9322	23265
4992	344892
2242	3718
2692	5745
3183	7919
6232	6249
6950	10963
10574	22948
6144	6159
5149	54714
6164	6169
54856	55870
1662	10528
6637	51372
1933	6204
185	2641
6461	6714
3187	5725
8450	10401
6218	55127
988	9319
7416	55669
9320	23291
84617	84790
6233	26130
2956	6117
1983	6141
9318	54165
3833	10112
10256	54845
55749	79869
5684	8658
8945	23304
6045	171023
5689	5713
6170	6235
5441	6617
3913	9459
3190	27339
3482	5868
740	28973
5422	9126
6635	6637
7532	80097
4689	5880
11127	55605
1063	25909
4171	81620
3161	79441
6430	8175
701	23397
64965	65993
10403	221150
2695	2792
6122	6202
6231	9887
4584	9245
1915	6161
11102	88745
6133	6142
1816	104909134
7283	22897
6155	6189
983	51053
6429	84950
5515	10776
22954	57630
259287	259293
1783	9493
988	4670
8697	65264
5898	10890
6224	6229
3683	10857
55850	113220
6272	11319
3074	6386
6152	6181
1063	4288
332	10112
7706	51426
972	3122
988	3326
4172	11073
65003	219927
6135	6142
2790	9138
1956	115548
6125	6164
26091	115290
991	9133
79867	91147
983	23063
4999	5000
9793	151648
23046	51014
1453	6230
9069	9076
6132	6209
996	5707
3185	7536
6189	25873
1398	6714
8349	79101
4057	10321
9436	9437
56923	259287
6159	6209
6168	6210
26190	55236
1605	3688
6147	6230
4116	84844
399	445328
1933	6230
3673	3691
323	351
909	915
8453	54165
8452	26091
506	5250
6160	6205
177	351
3843	55705
10254	22848
996	115290
3267	3949
1121	27147
219968	285093
9282	23097
6173	6206
5516	5520
689	6160
7158	7311
54480	55790
9320	25831
23149	115548
64792	79989
4701	10975
3827	4295
4361	10714
5869	7316
9767	11143
891	1022
4736	6201
1121	51715
5657	23197
2521	3184
1933	6130
344892	347468
23291	55832
54716	153201
6164	6173
3156	4597
5529	79172
7466	10970
6233	143279
65264	90293
6230	6234
4116	6146
6137	6218
27198	338442
64682	89890
5610	23586
3094	57649
5879	9181
6635	51639
5179	6751
5861	81562
51143	113130
6147	9887
727	56923
5879	8976
2962	56949
8969	440689
9277	51010
6161	9349
9133	29127
2197	6146
6455	8673
1655	5434
9156	51514
51203	55143
10236	27316
5887	7520
23224	23353
389	5217
9183	81930
1816	3973
6128	6129
3178	7919
993	7027
5062	10298
2625	3169
10121	80184
890	5519
51	5194
8878	10533
6144	6168
3214	3215
2207	7305
6517	9968
945	5023
1058	55839
3832	64151
6745	6747
28981	79989
1660	3185
25978	92421
6168	6181
22984	79039
6714	9564
6870	56923
2537	3430
8463	10413
4940	10612
5529	81930
1325	2847
9527	84516
84078	89890
6146	6222
1108	2033
6168	6209
9276	9632
3550	55234
920	115548
813	3915
9330	53981
8329	653604
226	5768
1058	6790
6124	6133
2243	3827
26682	344892
6159	6201
7409	7454
1937	6188
6193	6233
1981	8672
1069	9657
2197	6189
5747	6714
23521	51386
3187	6428
6155	6160
1062	54821
6204	6208
11116	26005
80321	121441
9790	22803
6453	8976
1500	7082
5725	10236
963	6518
5970	57506
4597	4598
8243	23279
1063	2305
7153	23397
1781	11190
4718	4724
6635	27258
6755	339403
1956	5879
813	3569
6133	6207
25937	51421
6147	6152
22905	115548
6181	6194
6156	6160
4599	51191
9246	11275
6130	6209
23560	84128
23451	55339
990	5985
5747	10787
6124	6156
4332	5657
3683	3685
1500	4233
1457	23411
29093	92259
8317	63967
6170	140801
783	27091
1956	3675
1314	10959
5439	8896
6772	9021
6139	6218
7311	158506
891	29127
6181	6235
11338	23511
6230	23049
6143	6175
2186	23067
50834	338442
990	10051
3912	375790
3688	3918
335	3698
4707	51079
6170	6727
11102	134430
1277	1287
1861	27348
5037	54845
2767	8477
24137	64837
64761	83666
3433	91543
7133	8740
3354	51764
142	56655
4172	7298
3437	55601
6385	7057
6165	6203
4736	6161
4035	10082
2776	5331
2222	3157
5777	80184
11251	94235
2790	5579
1778	11014
25897	55175
377	830
1650	6130
3619	9055
1292	1295
5435	6633
25957	51747
6628	6636
1325	6752
11103	88745
5880	94134
3915	5621
6160	6230
27340	84916
5077	6663
4736	6159
1081	7252
2491	113130
1665	9128
6830	79577
6210	55127
10236	10492
1116	1669
1287	8974
3161	3320
891	1033
1314	10945
6601	8289
990	9134
47	1431
4694	27089
905	27125
4637	103910
5970	9491
2788	55970
6405	23654
1043	7512
3672	3696
3717	4352
4116	6206
9133	9833
6176	6229
22974	64151
905	2967
8570	22894
6133	6204
389	257106
3675	3683
5879	9475
5290	6667
1062	113130
1063	79172
5062	5581
56165	136991
5970	7189
7514	23244
55252	55777
6194	25873
7316	150726
22954	89910
388	389
5528	5702
1781	51014
6233	8290
6227	11224
3725	4088
2153	2243
4736	6142
338	2153
9666	143279
3093	22954
2064	5599
6222	6224
57787	261734
2159	2266
6170	6181
6227	6230
988	5702
3184	10921
6159	6165
6147	6170
1500	84962
51382	79895
6175	6234
5204	6637
1017	84515
6204	23049
5746	94235
988	8301
2521	3181
643	9294
940	5879
4541	4712
6122	6185
26005	84902
10112	29127
2918	4985
4670	9343
3190	84991
643	50865
57662	144100
7311	90293
1103	6572
699	890
6135	6155
5707	126374
5422	55388
7153	7298
5981	10051
1329	55967
4736	6164
1665	3192
9181	171177
3351	4887
1660	51692
11251	56670
6169	6181
6175	7311
6206	6228
6223	6234
6205	25873
51096	57696
6122	6155
3916	25798
1175	5878
4116	6633
79132	91543
246184	285231
988	23595
23627	137797
4952	8976
3620	169355
3017	85236
6176	6727
3915	7402
6157	6175
6228	7311
6128	9349
6154	6229
4116	6636
988	6602
6128	6144
1994	3191
5725	55660
1511	6037
1660	1665
9793	11004
22984	25885
899	56995
7779	27173
1432	6885
25879	84294
56923	259292
6133	6136
4085	79682
8337	653604
4738	9616
2042	2044
50838	56923
10403	151648
1660	23450
219960	285093
5741	10266
776	27092
3676	6714
8349	317772
6164	6235
3267	8301
3903	10857
51465	51676
6429	10946
8337	440689
3364	5810
2863	7204
6161	6234
1937	6222
6152	6201
6130	6142
6207	6224
831	3688
185	2862
6207	6235
1499	9314
55339	84271
22954	23291
1022	4005
338	4973
6203	6218
10112	259266
1933	6142
6164	6218
1340	27089
813	5954
2791	115557
6548	11261
9031	221830
919	7535
112	3579
6175	6206
3309	10049
3185	5094
6129	6144
6139	6205
1908	1910
6502	11065
6790	10383
9039	136371
23325	387680
7272	9833
6169	9349
6154	6167
2790	5581
830	6711
6139	6143
56923	339403
8515	22801
567	10475
6137	9349
972	3127
9045	23016
50835	259287
6130	6173
5519	51143
752	5217
988	3843
871	1290
9837	11169
9793	55746
8742	51330
9648	79571
10112	64151
1894	54443
5701	5715
4208	6929
9320	54778
7343	9013
4540	4707
3039	3048
6194	51187
55863	91942
143502	285093
6135	6143
387	7046
6129	6147
3267	10254
2197	4116
8969	126961
3713	23581
23160	64318
6135	6170
6159	10399
9700	55143
6144	6161
1457	1459
2147	2244
1660	84991
4512	4519
9793	57082
1781	11014
203068	440145
1662	84365
238	943
8341	8969
23601	160364
10799	79897
4261	10346
2064	5336
5518	5976
7531	8655
375	1314
6157	6189
9493	10121
6170	6201
9801	84340
26354	54475
185	4988
4702	4726
4288	259266
4131	5048
64750	115290
6138	6160
6135	6169
4508	4535
991	9918
506	3313
10403	11130
6224	25873
6629	24148
6175	6222
8826	55109
1656	27161
1983	6205
3074	23197
23047	348995
399	1894
6752	10563
8648	10498
4998	5422
1398	5781
4800	6713
9126	57122
4702	4712
4641	9371
5439	6637
3190	5434
112	1269
3191	3192
6146	6160
1956	7039
6136	6227
6194	6233
6136	6157
6136	6152
1453	2197
9184	79172
10849	25885
3659	7706
2197	7311
56670	94235
636	25782
2597	5230
2197	6167
6908	7027
3659	5696
1911	6045
79600	91147
6135	6141
6222	9349
966	5023
1453	6206
23112	192669
6130	6189
7184	9601
2033	10014
5433	6426
5879	9046
514	521
6728	51121
1781	5516
932	3903
6152	6164
3713	6699
1058	79682
5430	81556
1794	5777
26005	84131
9416	23451
5599	9479
10970	326624
6165	6228
6165	6227
9320	26046
8317	23649
90	659
65055	128366
7317	29945
2197	7178
2491	3619
9833	10112
5422	5983
5624	10232
1347	4695
11064	27077
1058	3619
983	10592
8329	8347
10959	11014
10772	10949
2535	2790
51491	55651
9779	55737
6139	6142
9183	10403
4707	55967
9984	23279
10575	22948
1212	23208
3071	9844
6059	55720
3437	10964
6923	140458
1655	11325
6144	7178
3043	3045
5688	51371
4176	6240
55055	151246
5119	51652
10155	90233
22984	55127
4332	4353
6453	7311
6223	6224
1268	50865
301	55970
1879	5079
11316	55850
7704	142689
9793	10403
9655	9903
3903	57153
988	996
9136	9277
4734	64750
351	1524
705	23160
55166	113130
5371	57521
6176	25873
7337	26190
4710	4718
2550	6363
3192	23020
51503	84844
3320	26005
6133	6141
6169	25873
5519	81930
4690	9448
9688	57122
4904	10946
4726	4728
5116	27229
6698	353135
6229	9045
6202	6218
4540	126328
2242	3561
51602	55759
4591	65264
6164	6209
6167	6176
891	54908
6132	140801
6128	6173
6137	6181
6731	6745
1398	3071
896	6777
6155	140801
971	5336
5777	6850
23608	140462
4886	5733
7314	7334
5426	8317
5777	7852
553	3062
9128	51340
932	10970
5347	51512
2354	3015
1459	10592
4928	57122
6133	6170
6430	27316
9604	26234
727	846
5684	139285
5928	7343
6156	6230
6122	6130
8729	9276
6233	9927
3692	10969
1325	2784
332	54821
4751	259266
5434	220988
6142	6201
6128	6175
5714	11047
4144	4548
1387	5929
4726	27089
8663	728689
1062	5903
51382	338339
6453	10552
6204	9045
5981	23244
3576	6347
9320	197131
6189	6217
6418	10051
8945	55031
1937	6138
6799	6817
6128	6194
57405	348995
29945	64682
6142	6173
6461	10787
977	3655
55143	151648
3192	4670
988	55215
320	5864
552	2847
25929	57122
1113	6855
1981	5976
11190	440145
10733	347240
9212	113130
388962	654483
6228	9349
79954	84128
7414	7454
23020	27316
6233	7178
4713	55967
6154	6168
7311	9349
1062	51143
4514	4519
6160	6202
4713	9377
6129	6157
163	54874
1660	57510
9184	10403
3190	3609
695	7525
973	974
55629	65110
1129	5173
9738	10733
51023	116540
6142	23049
3912	4233
4175	6118
8329	440689
6836	29927
3486	3569
10576	55294
1277	22801
197	3481
4988	84539
9791	81490
1350	4726
6228	25873
10489	54778
3122	54331
5713	6790
23028	23186
3978	4176
10285	11017
23511	51692
5529	6232
5711	8697
6714	10298
9738	55755
6201	6218
55143	220134
10713	53981
2792	26338
1121	160518
353137	353142
566	4125
133	2863
7175	9877
4924	5589
5702	9184
3832	9585
329	51330
6128	6222
3305	9530
999	4072
991	9493
4538	4726
3937	7462
3320	10963
2036	116986
4735	91147
23020	51729
4853	6233
3832	26586
779	27091
887	4295
9730	10425
6130	6206
5695	5701
6133	6139
1291	1303
26525	84639
2099	9687
26519	80273
1116	3240
9847	23265
830	51014
811	5589
2788	2790
890	84515
9184	9700
988	6599
54778	84231
8065	56658
5434	5901
1991	4332
6206	11224
6189	6230
5861	326624
8683	22827
6142	6156
2692	2843
4538	4541
830	9371
672	5438
27258	51503
522	84833
9113	154810
6133	6202
8329	85236
1781	6249
9246	54778
6175	6230
5330	55970
23310	64151
6168	7311
6175	7178
1956	54206
6224	6235
2932	5708
10749	51479
5695	5708
8365	85236
8976	23149
9183	81876
3183	10949
6154	6173
51081	51649
6202	23521
5933	132660
6173	6229
5869	10552
5094	10236
8976	10458
329	5717
6124	23521
2274	284119
6222	6235
6144	6154
4707	54539
3362	5443
988	22803
1289	7373
988	9967
26046	140461
8349	653604
8602	55226
1289	5118
50616	116379
2519	7184
25909	79172
1933	6210
891	2810
23304	84085
1962	7311
6138	6201
6877	51593
9128	55234
63967	84515
1121	326624
102	6556
891	9793
26005	79959
51143	57405
79892	84515
6363	6752
2521	57794
3921	6147
7478	7484
10594	23450
2767	5335
3655	4233
2932	5516
6175	6218
9212	83903
6203	6223
57787	146057
6164	6229
2990	4125
1615	3735
2222	3422
2157	27095
6142	6164
10403	79682
10250	22794
6147	6227
6159	6188
983	113130
8573	57669
11127	26146
8945	25831
4734	26190
6218	23049
51023	122704
23160	84946
983	23122
3113	3119
54778	197131
22974	24137
778	27091
8802	8803
988	8243
5422	10592
6165	6204
2848	196883
4069	6037
6202	6229
6154	6218
9039	10425
87	5768
5439	6621
837	841
6175	6193
1537	4702
5878	8411
1742	8831
1233	2359
7175	57122
8189	10523
1660	2130
10254	51652
1829	5318
2153	51156
2629	5660
7415	11160
22954	23014
3726	4773
10403	83540
9371	24137
2847	6752
51143	81930
1347	84833
988	10767
1829	64065
5746	59350
5861	10540
8602	84172
6165	6209
6170	6173
1650	6122
6189	6228
3684	53831
996	23291
4706	4725
1385	1387
6135	6138
6142	6223
5699	64344
1294	2157
6175	6201
988	27339
6160	6170
6154	6203
2071	7314
60	2597
3308	10808
930	973
991	51088
991	5905
7042	10490
10735	57551
55872	83540
9371	10749
6230	7311
7919	23435
138805	344892
399	23526
3710	10235
3799	51014
64282	84265
3887	3889
8886	79954
6877	8881
325	3015
1060	57082
5707	10213
1191	2162
1595	3422
6709	7430
6711	10466
6161	6203
6136	6202
2185	5829
3688	7052
7317	8945
8655	79023
5702	11047
3690	5908
53905	405753
9875	55127
988	5983
2197	10952
4436	23028
332	55055
6128	6136
6185	6729
5599	6272
6142	6160
1981	6234
3856	144501
81	5868
1163	5702
3437	4938
8356	653604
5781	6774
1241	5331
1144	1146
4711	84833
3202	3204
11118	11119
8065	90025
3181	5094
2735	79809
10236	10594
6206	6209
6168	6223
55125	79959
988	9774
6170	25873
3422	4597
163	24137
6157	25873
3687	8514
6491	259266
6202	55176
824	7525
3688	7430
701	3832
7317	89890
6230	6235
6139	6229
142	5981
301	7852
3071	3320
2792	26339
988	10576
6154	6202
5985	63967
6626	51593
6222	9887
25909	55746
4853	23509
5557	54962
10427	10484
5501	23122
4205	6938
26234	79176
514	4695
5707	6386
5023	10970
7994	27154
4736	6207
6136	6181
7316	8323
9787	24137
801	6263
9183	51143
126328	374291
10022	50835
5788	6688
6205	6228
5868	7879
8924	8925
84105	347732
1938	6122
6160	6223
2305	22974
6139	6230
3006	85236
6118	10459
197	338
9739	55904
16	2617
3054	4899
9662	440145
5695	11047
6146	6233
6130	6229
3832	10403
1120	5130
6130	9349
1660	7536
6165	6170
5094	53981
5557	23595
2209	3055
5697	6750
3685	3695
6746	58477
7415	10383
2033	23774
3091	84962
3422	4047
79682	151648
3355	5179
4725	9167
7004	10413
3339	3915
6167	6207
705	56919
1781	9493
7249	7532
7316	23014
2244	2266
10161	257313
29093	51258
3157	6713
553	64106
27316	51692
988	7536
4541	55863
58508	84661
7327	26046
3921	6161
1241	7204
6146	6189
29093	65003
57405	79980
5700	5706
2197	6232
56995	84085
1084	160364
8976	51429
2185	5599
4088	23327
23355	27072
351	3913
29093	219927
1062	23279
6168	6208
6133	6147
4717	55967
701	79172
3118	3135
56919	57647
7320	7322
6159	6235
23122	23279
6461	10458
10094	127833
5697	6376
29945	63891
10885	55127
121504	653604
2318	3688
6181	6227
8974	29920
11103	84916
23451	51692
3105	5696
5604	23164
3191	9782
5715	11047
988	10713
966	11322
466	1386
174	6694
26146	57728
10749	81930
3030	3032
27339	57461
53354	60490
6156	6157
22918	53831
1933	1937
699	113130
972	5641
6232	57551
302	10577
1048	8434
11143	27154
5701	139285
2932	5707
6181	6230
9793	55722
6625	8189
2633	2634
6167	6223
6136	6206
7458	8672
4173	55388
1278	1634
2968	57804
26589	64963
6176	6230
991	10112
6135	6209
9341	115548
6176	6181
4710	27089
7456	10458
7335	8453
6133	6234
890	64151
389	94134
334	3915
3713	6705
6727	140801
2266	9715
4509	4536
3119	7535
6210	6222
1859	10238
8451	51514
6142	6152
5739	59350
23562	53842
9867	53339
51289	259293
6222	6228
5336	7525
6936	51645
54474	286887
9493	11014
1495	4301
3486	11167
3827	5005
1856	1857
9738	347240
25885	64794
9730	142686
51602	84154
4924	10618
6170	10952
580	80010
3170	3651
378	5861
3832	259266
5434	5931
6128	6159
6790	64151
5507	6233
6049	29945
3579	5515
1495	3799
5441	51503
393	29984
6745	58477
3911	3918
10236	220988
6206	6224
6137	9887
4535	4536
332	1062
1660	4670
6188	6206
26168	27043
1434	3838
4736	9045
10250	84950
4713	4725
9128	10236
5717	51330
6169	6209
27252	55585
6136	6165
1559	1576
8881	29945
4288	6241
2912	4543
378	51014
3945	4200
1829	2125
671	5657
2968	6882
6141	6173
5501	57122
3172	6927
6202	11103
5179	283869
9276	11070
1191	10916
6224	11224
3301	10294
1063	5347
2817	3340
10657	11052
27316	220988
5829	7852
471	441024
3488	7857
26173	51593
3308	5903
8243	51143
4513	4536
3048	3050
79895	100049587
7325	7704
831	5829
3619	51143
1337	1340
2519	5476
1573	8529
84643	93661
3187	7919
4543	6751
6426	9879
983	7514
9793	23279
9126	25909
6158	23521
3932	29760
5869	6453
1915	9045
351	5330
6136	6176
6175	6205
2491	54821
4641	5879
2782	2784
383	8993
3854	9119
10102	84545
813	1435
2247	6233
1499	5714
3123	5641
990	9491
5903	57551
983	7272
1942	6714
6125	6201
6202	6232
92815	128312
5931	23411
3832	9700
3115	7535
1778	6709
2935	6181
2784	3763
3183	6430
344892	390063
26494	344892
29127	64837
8655	10540
1856	29763
7453	8565
6161	6188
1537	54539
3113	3127
1058	113130
5516	81930
2178	2189
29127	51014
2740	59350
9371	64837
6602	57492
7098	7311
1499	7534
1116	56729
26239	353132
990	3832
6173	6201
22872	100302736
10200	11340
54820	57787
109	53829
3684	3687
6136	25873
7283	27175
29763	54874
6133	6154
2799	5707
7031	7033
8356	126961
23265	50807
57403	201475
6632	25766
186	84539
9700	348995
6208	55127
4125	5657
3422	4800
6129	6142
6429	22826
712	7305
6692	6768
8467	25942
1544	169355
6707	147409
1460	23397
4069	6036
1824	1832
4332	6037
11021	23011
4736	6147
23244	23279
27316	55749
8347	8365
9320	89910
26519	26521
3797	79659
1398	1794
1394	1816
2204	79895
3106	3659
10914	79869
5422	79892
6160	6168
5394	5822
26190	56929
637	4170
5611	10525
7283	22919
10269	23463
991	9491
152	11255
51690	54464
419	390243
2268	6714
3921	6165
514	4694
3184	6626
1915	3921
4695	29796
9585	10112
1350	1351
54998	64976
6130	6223
8655	10133
388	55160
153	6343
54620	80204
6173	6222
5879	29127
4678	83879
10524	54107
6776	6777
11073	84126
324	5519
8886	64318
23149	29763
2197	6227
2533	7408
156	7852
6157	6203
4695	4725
10618	22848
332	5528
353139	353145
7153	259266
5431	5433
4867	91147
6152	6168
1965	1973
26005	80184
1642	5434
1660	10523
8334	8365
4171	5883
6144	6232
6194	27340
1994	9879
5000	5558
378	55605
6132	6136
3185	4670
1435	401138
1665	1994
2189	7517
3673	3688
3698	3827
8189	23524
29945	56658
3832	56992
4830	4831
2963	3312
6202	6230
3796	5515
5501	80335
2994	6005
84946	88745
2932	5526
56165	91646
6144	6228
1601	8301
988	10902
22974	203068
1280	84570
54908	79172
1783	11015
3312	8871
6133	6235
6202	6235
7324	79876
10112	64837
8655	51098
9320	10075
9100	10146
10097	10618
6194	6205
26123	84902
10432	23435
8853	11015
1315	4905
2730	2937
5438	84844
6169	6203
155	796
5903	22919
8334	8349
2888	5584
56658	84085
904	5431
27125	79577
6161	6205
3854	3861
2491	151246
6202	9045
10096	10097
6228	6234
8976	55243
335	5948
8349	8365
6133	6229
1576	2327
9276	10802
990	63967
2683	84061
399	57449
3875	3880
6122	6137
9295	10250
4939	10379
5526	6249
3797	9493
695	7305
5067	23627
6232	140801
4514	4535
6128	6169
6155	6202
4288	55165
917	5795
988	9128
8322	9341
1457	10051
10022	56923
8334	79019
6167	6222
3183	6434
1060	348995
1956	5829
915	3560
9493	51014
3832	23310
54443	55165
6141	6223
5604	8826
4695	4712
2079	6428
1315	9276
3181	220988
1329	4701
86	5887
4171	4172
6160	6201
6128	6209
6181	6203
1315	8729
3308	3312
1500	51474
9276	10749
797	7252
28	2524
5469	10498
6169	6189
4508	4519
55355	79172
1983	6176
4713	9551
1387	5469
4659	5515
10841	200895
1943	2046
8128	8703
6518	196527
11169	23649
3354	11255
6189	6204
2790	2863
6136	6167
3071	7409
3135	3663
5347	9055
572	5601
2521	220988
4734	6047
2064	7525
4867	121441
3491	54972
9730	56658
6556	79895
915	3118
10250	23636
4116	5435
1605	3912
1062	9493
11102	84946
7514	79172
1495	5795
2932	5714
8969	653604
6434	27339
6201	6210
4602	5432
553	680
728	846
8568	22984
23586	54476
6135	6228
84366	360205
332	1063
7311	23032
5747	7456
3071	6461
3304	10963
1329	1347
8607	54881
1062	4751
6159	6218
1991	5657
1163	6502
1956	5796
64386	79895
5695	11065
3134	3660
6133	9349
963	11314
5707	54583
5695	5702
6142	6169
6138	6218
8767	23118
5111	23649
2107	6176
7175	55746
1639	1778
6189	23521
2960	4763
699	3619
22845	57171
5196	11251
5432	10980
4736	6223
5861	57403
3192	27316
3619	57082
3832	4173
6135	6229
3001	5551
6233	25873
10574	10575
9126	10403
1088	138050
4736	6210
3837	3838
6144	6207
6167	6204
23595	51053
6207	6233
3122	3127
183	3357
1017	10926
1499	3695
1400	56896
50838	259293
6923	51755
5810	5932
991	23327
6201	6232
2266	3481
51023	219927
6426	6432
2792	122876
6156	6202
2648	5469
1738	4967
226	2597
6147	25873
4695	51079
6152	6227
683	349565
5434	7936
23286	122786
1968	8661
1453	10427
6136	23049
11176	23309
6631	51503
988	9126
51676	64750
1933	3921
6132	6235
23063	23244
2767	64407
6137	6209
6128	6181
54821	57551
4116	9349
1660	23283
1063	9833
2243	5345
972	1520
351	2841
1933	6206
4718	5284
10575	10963
72	58498
5720	5721
5715	7314
6158	7311
11274	23586
6146	6168
4738	6923
4033	4257
6181	6229
3178	5725
10525	51726
4736	6203
6130	6147
8895	326624
1063	3832
6129	6208
1453	6203
10155	25799
3199	8338
10681	338557
9025	9656
96459	201163
3017	8365
3185	55749
988	10059
199675	338339
3635	5579
5928	57649
1088	338339
4620	8735
4536	4539
6152	11224
2957	6619
5501	9700
974	29760
5693	10213
9662	10733
8290	121504
3837	7175
1453	6233
6158	6205
6233	51592
6147	6202
28998	219927
6175	9045
332	2305
1457	7153
695	3635
3683	196527
4714	54539
4713	126328
9883	55746
5339	6194
4621	4633
1595	4597
3560	8651
6124	6194
7536	10181
9133	9232
24137	29127
3579	55970
4200	5162
51068	117246
26523	27327
2207	160364
4734	23327
7153	9688
6154	6164
6009	60673
1589	3290
800	5829
2740	5739
6142	7178
3433	8638
6160	6175
9727	23265
3903	8514
6152	6202
3909	3918
29074	65003
1063	23244
6233	6868
51023	116541
7153	22974
5284	55004
7472	7482
6141	55272
163	8976
4288	26586
6201	6228
8638	10964
971	974
9232	11065
6224	9045
146	84109
4839	6156
9183	79980
1660	9128
4751	91147
6147	6218
2205	3702
890	9787
6157	6232
3895	11167
830	5870
7311	11224
6307	50814
6142	6206
6159	6205
516	10632
26190	55832
6168	6206
8886	84172
6147	9045
3856	5493
4620	4626
8329	8349
2864	27334
1937	6157
8349	85236
1307	169044
86	5977
8477	9002
1500	1739
1956	4145
4172	5422
6132	6160
5829	7430
4173	10592
50831	339403
23160	55759
4736	6175
1551	1576
8243	9126
1063	57551
689	4666
6129	6165
6184	29927
26470	253982
10857	326624
1813	5443
10890	51715
6237	7525
5330	8323
988	6950
6204	7311
6161	6164
6144	9045
11190	57545
1062	5347
6128	6188
5903	54821
3320	7415
5954	10970
23160	56919
6159	6194
23646	147746
2033	6119
9700	10403
6827	10302
163	51429
9294	64805
5695	5700
1956	55914
988	29127
6138	6206
10285	10914
23122	23244
2197	6206
5516	5707
6137	6164
3123	4261
4957	55755
24144	51645
389	9322
9212	26271
3301	3326
567	3659
8688	8689
6136	6160
9343	27316
60	5879
695	118788
5879	90627
6209	6234
4713	4715
3191	10713
6156	9045
9972	55143
28981	150737
3320	84131
2207	100049587
10084	27238
6839	9219
1642	7374
1292	3672
399	257106
302	5834
983	11130
6147	6161
6176	6209
6224	27340
5928	57459
9556	84833
7314	29763
89910	154881
3945	3948
3190	11338
147	4829
10236	27238
6129	6133
8260	79903
886	887
3832	51203
65003	118487
140458	285231
6175	6208
3659	5371
867	8301
23291	26091
8945	10075
10574	10963
6233	9101
6176	6194
80184	117177
6208	6228
6167	6203
2521	6626
1991	3240
9551	9556
9820	90025
8085	25942
3133	10475
6194	6217
3882	8689
5441	8189
2814	2815
891	1781
8192	9361
1163	64151
6129	6201
54657	54658
55131	64318
208	2475
6678	7057
55755	347240
11014	29127
5795	326624
6135	6161
161	867
9870	22954
6161	6209
6124	6169
9833	24137
1950	6678
3619	3796
1737	8050
6142	6204
6161	6171
9212	79003
6122	6181
4700	51079
3190	57794
5422	6240
5725	6434
6885	23118
4694	29796
3187	3190
3359	9177
6130	6201
23511	55746
6129	6168
6203	6204
26524	126374
5591	9656
3213	3215
3797	10749
4539	4712
6249	151246
6790	22974
2767	9002
23014	154881
4171	11073
521	9556
4738	59286
351	63940
9793	22974
1915	6228
6418	7514
3832	29127
6934	283149
5433	51362
10733	79441
8243	57082
6147	6232
9604	22954
1665	11338
1022	6929
4171	55388
7272	10615
699	55355
3619	57405
22917	57829
3688	3913
23304	90025
2125	11187
6637	51690
1595	6309
3071	9564
25831	64682
595	5694
1605	10298
2099	5241
10121	26005
996	8945
50832	54429
6790	121441
2935	23049
63915	84062
6224	6233
6235	9349
5155	7057
10526	57122
885	2922
10733	55142
988	9219
1937	6128
3996	5584
1058	5528
3837	22974
3659	6737
288	2348
932	222487
2197	6152
1453	6232
5707	51330
7311	143279
4707	29796
950	22905
25793	84676
11218	25929
10533	64422
11157	57819
1008	1013
3856	3875
7314	10980
5347	54908
3437	23586
6124	6189
3627	6347
22919	79980
4709	4710
1062	1063
55142	203068
10556	88745
10489	84231
23160	51388
1508	1514
5707	5708
2811	2814
846	3357
156	5578
6428	10946
472	4361
6201	7311
6714	375790
8449	27238
5702	10213
6790	10133
6209	114987
4288	51203
8453	115290
6208	140801
9690	154881
6139	9887
6122	6207
11051	85313
6161	6228
6223	6230
1173	5962
196883	285601
11015	23046
9493	10112
721	3426
59350	94235
999	144100
6138	6152
3558	3717
23095	24137
5928	8085
1233	5196
5054	5328
4686	10594
6173	6202
7311	23198
11190	22974
3301	10576
5873	25797
2185	9475
5868	11021
86	55193
5529	151246
695	7454
11127	29127
3303	10963
6144	6202
2847	10563
4715	4718
2197	6129
991	1058
1063	10615
705	9136
10592	23310
329	5707
344892	390083
6426	6428
1669	3240
4986	338442
993	1111
4542	4646
28998	118487
4701	51079
10587	22928
4016	5118
5493	6707
54821	81930
5439	84844
1810	55689
2957	7702
2064	5747
8412	9564
3619	10274
6139	6235
29074	64928
10592	259266
5868	26060
5880	84144
1933	10399
28987	51388
51289	259287
891	55872
3799	9493
26146	64792
2475	9675
4735	23322
23295	84231
26123	79867
338	4547
27042	55127
6173	6208
6207	11224
29127	55872
6241	55143
4313	6678
904	905
10491	10536
10413	25937
567	3837
23160	84154
155	6344
4691	9136
3283	6718
4712	4728
10022	259292
6122	6206
3683	7409
6124	6222
6428	7919
3912	5954
6047	26224
6161	6189
6160	9045
5547	25798
1500	7525
10382	23332
6132	6218
5695	51330
6601	9031
6135	6181
5868	57403
7314	64320
84991	220988
5695	51371
6133	6160
11065	64320
5347	151246
1290	10536
28998	65003
6160	6188
891	996
2207	3903
830	29127
1499	23291
6165	6229
1084	23601
4734	9604
3837	9972
6235	9887
1829	5493
11004	259266
251	152330
3113	3115
1650	3920
1237	8811
1642	7507
4736	6233
7316	11001
5368	64805
6626	10523
4976	55669
3185	23020
705	11102
5880	257106
9984	10482
2537	3433
2935	6203
58	60
10802	51128
4513	5970
6143	6233
6147	6156
6128	6218
5451	55718
6748	10952
2185	375790
25873	51187
6288	6863
6233	90678
5747	5879
6129	6188
1345	7381
1062	57551
6150	116541
857	858
286	6708
3687	53831
6232	9349
2185	7525
6135	9887
6137	6201
4738	28991
2023	2026
6227	6228
50835	259292
3685	5829
6142	6224
10332	30835
6202	6233
991	4734
996	154881
130340	152503
8976	29763
5335	10920
3491	11098
6272	9500
9662	26005
3685	160364
4736	6235
6171	6231
6136	6138
10163	147179
1062	79172
336	4036
6218	7311
3109	3119
5879	10552
2358	338339
5930	54620
3190	6628
1793	5829
27077	57545
6233	25831
3673	3918
6170	6228
1915	6230
1537	4726
185	4922
705	23560
6143	25873
6159	6170
50865	64805
6128	6138
6130	6202
1956	5579
1933	6207
6181	6209
834	114769
8993	10394
7057	7424
1281	1290
6189	6193
6193	6230
7137	7138
1163	1164
4241	53942
160364	170482
1994	11338
11102	84128
1237	5173
2200	3678
8697	11059
158506	285231
9585	11127
7412	388646
5797	25945
5170	7249
1660	23185
3688	10298
11190	203068
5879	100423062
6161	6202
54069	79682
5338	9744
5707	7316
699	26586
2185	9564
641	5426
6130	6157
1306	50509
3190	10236
3482	10618
3192	84991
905	55677
9320	57154
6154	6206
1950	7474
701	1063
6233	7844
6128	6208
5688	5695
401505	100188893
1292	7373
2784	2847
6138	6144
10155	80110
27292	51388
6130	7311
54625	151636
6637	11157
9055	10376
2268	6774
10112	55872
9742	23059
3673	4233
2185	6461
6643	58533
9887	25873
4700	9551
639	3662
9136	64425
5708	84962
5518	6228
1445	26191
5984	23649
1058	8655
6233	54778
8243	23047
25831	197131
6205	6223
10574	10693
1902	7852
7311	8976
6218	6224
51289	56923
10324	201456
6160	6218
3320	10808
988	11004
3178	3609
4670	10432
10615	22974
23020	220988
1459	9918
3832	7272
2185	2932
9277	65083
1956	2274
2206	5335
2197	6144
9636	10964
472	7468
6205	6234
1453	6210
27327	84441
3091	6233
991	5707
7311	55670
699	10592
10014	54880
3837	55746
5885	9700
6228	6229
6130	6141
6502	200845
3886	8688
3422	6713
2792	594857
6160	6228
9826	23365
727	50835
9276	10484
2178	7398
3357	5737
3691	4233
3156	3422
1133	7200
566	4069
6432	10946
6234	8562
7153	11004
6124	6141
399	9938
8886	84128
8243	10051
51143	81876
2222	3156
1500	5795
274	9341
4116	6169
8301	10618
1739	3996
2633	10561
2965	6749
3422	4598
9133	51203
10285	23283
2967	51426
9133	51143
6193	6232
3797	92104
9655	57542
1050	7124
5695	9232
1894	150468
6135	6158
3122	55824
4702	4724
3799	81930
4519	4536
7032	7033
6169	6224
6129	6222
3579	126006
695	6850
3240	4069
8976	147179
10075	84231
6189	6234
10489	197131
6498	64750
2358	160364
6210	6235
5930	140460
7514	23063
2220	5648
6601	6602
1058	151246
55759	84549
1956	3320
63891	79876
6139	6207
6143	6181
7298	64151
3015	5436
9978	158506
10403	11004
10523	11100
7184	51726
2801	5861
2153	2159
84464	201254
6152	6176
8394	23533
1062	83540
891	9232
3184	9343
2168	3158
7536	27316
9371	11014
5094	9343
1398	10458
5036	10576
351	824
5702	5706
699	6241
9787	259266
6143	6168
3434	9636
6161	6210
5861	10972
22919	54821
5879	6385
988	5985
4726	7381
9655	26190
3921	200916
6091	7852
988	10575
336	5948
23560	84946
6130	6170
6231	6233
6155	23049
351	8477
3355	4543
3171	6927
6152	7311
6133	6169
983	9793
2266	3698
6122	6232
1084	138050
6169	23049
51069	54948
27258	83443
4793	8737
87	7525
9787	11065
890	9824
6375	6846
2071	9015
3312	7037
10552	100526693
6203	7178
7514	81930
4694	4710
4040	8322
1072	5216
6164	9045
6164	6165
945	3903
1069	4867
6331	55800
7283	22974
1956	3691
84676	140456
1111	8317
3352	5540
23014	143279
928	113177
4540	4724
6185	7184
25873	55176
9045	11340
22856	55454
6129	6235
1665	10885
6143	6232
1495	1500
1933	6144
3914	3918
3109	3122
9742	28981
5558	5983
1969	6714
534	7037
3635	5286
2551	4899
9662	84131
8683	9785
974	1445
1813	4283
3688	6709
6129	6175
6202	27340
6175	6235
5432	27125
3434	8638
3015	30834
9533	84172
6137	7178
8243	10403
7415	80142
6168	6231
10293	57531
1282	1292
4035	5159
372	9183
813	3491
4697	27089
6427	79902
1121	79090
187	94235
6189	6206
3909	9459
23327	115290
5688	5701
3561	5599
9133	23397
3309	9531
2788	50865
5290	6774
6175	6189
6208	6727
8666	25873
6631	6637
26146	28981
29933	55970
6164	6208
10905	23193
2957	51616
3122	7535
3184	3190
462	2159
6597	7090
4999	84515
1933	6209
22974	23397
54575	54600
9416	51729
6194	6218
161	5869
3921	6207
55904	58508
4686	50628
10342	81562
3017	8334
1291	1292
6155	6170
10274	10403
4724	27089
6204	6222
3897	284217
1237	27199
9700	9793
10802	10959
6205	27340
3214	3216
2222	4047
6628	220988
4694	4724
9126	113130
87	51097
9798	27183
6147	9349
1915	6147
988	79595
10376	203068
3619	9126
7334	55294
197	336
991	79176
4512	4541
6233	7158
7184	51280
996	5970
10733	79959
983	56647
4582	10331
92170	503542
6142	7311
705	8602
4641	10890
6156	6204
1116	4069
3184	3191
1954	23295
6193	25873
5930	7334
56945	57129
1536	3685
4735	57545
6144	6229
6137	6176
10802	22872
1536	338339
4952	9886
4736	6228
5347	29127
140460	197131
7311	140458
11258	93661
6161	10399
6133	6167
6204	9349
1738	4719
3178	4670
8351	8363
10193	80204
1537	4728
6631	22826
1573	1579
2550	3579
251	137797
1870	4208
6133	7311
1495	51474
6230	114987
6461	9844
6181	140801
3320	29922
6204	6227
6155	6156
6167	6202
6144	6209
4173	5426
2048	8976
81	7791
6206	7311
6233	57674
1063	259266
6745	60559
1642	56852
5684	51371
9076	100506658
1105	27161
6129	6209
4313	4325
4069	5199
3559	3560
891	151246
6224	6228
160	1601
4670	11052
133	154
6169	6222
999	3728
51023	54998
1933	6228
9984	79869
51069	64969
6159	51010
6122	6205
27339	79869
3185	10921
2242	3320
403	84747
6827	25920
55168	219927
3178	3184
890	10733
6201	25873
29796	54539
55388	81620
6201	23049
23011	57403
391	9743
6870	51764
3853	3860
84128	84946
6189	6209
51429	152503
391	394
6154	6230
2535	64750
9793	84131
3356	94235
6128	6203
3015	387103
3181	10236
4033	5660
488	4853
800	10398
50831	56923
1116	5005
2359	94235
6228	11224
2197	6136
1290	1292
353139	353142
10959	22818
23304	23376
11340	23016
3833	81930
6637	51503
6155	6229
377	5861
51203	55355
3340	375790
6228	23049
5708	126374
4254	7409
5698	6890
6217	6232
595	896
3491	5954
90480	116541
2099	2625
940	8516
6130	6161
1660	2521
3832	10615
3911	3913
1577	54576
163	5878
338	462
301	2790
904	51755
6164	6204
6135	6223
6142	6234
6183	29088
6714	7402
3066	84108
3827	5020
3301	3312
197	350
29763	51429
5695	6790
1894	6790
6122	6139
2185	5781
1022	5432
3490	84141
55252	221937
6698	6707
84962	121441
2243	2244
6233	26190
1937	6228
1933	6189
3683	64386
1365	100506658
3133	5696
5695	6500
4116	140801
4033	10970
6138	9045
1660	11338
3163	5023
3726	4089
3673	3683
1670	1671
64284	401409
5861	10749
675	5983
22905	54874
57111	64284
6185	84061
1662	23160
1933	6169
6227	6235
940	50943
5861	51715
7139	7431
2621	83706
6232	81930
1788	57332
1511	1991
699	57082
51510	51652
54881	64318
1327	10328
411	153642
501	51166
6228	140801
1453	6209
833	3376
5707	7321
920	29988
338	3698
6167	7311
388	64333
6385	7852
4725	29796
6125	6203
10575	10728
6147	6157
6602	9031
351	8698
6147	10399
3543	7441
2107	6234
2237	6240
890	6241
1781	3797
6156	6169
9604	23291
6428	6430
5119	9798
6209	6233
4709	91942
2932	5711
8365	333932
6707	126638
3903	11314
5869	10890
2792	7434
3956	7076
2177	5984
6147	6208
353137	353145
890	5714
57405	79682
3190	9128
23160	57647
8337	126961
813	10130
183	846
22954	55236
79050	317781
1783	5529
25873	140801
4853	27327
9918	10592
9739	27327
2935	6176
26234	64750
4508	4539
1908	84432
9551	29796
3832	9833
701	10403
3726	6778
25	10163
6168	6176
867	5290
174	2266
64981	116541
7311	55666
1902	8477
29118	63876
6233	56254
1781	29127
6175	6229
6165	7311
3921	4736
2205	5335
23014	55832
1857	55361
6193	6202
9969	10499
1349	10975
10618	23431
2865	84432
9984	55746
896	6776
6207	6230
945	2207
5708	54583
5202	10471
8687	8688
2204	2207
2817	6385
990	55388
6208	6223
4008	57542
57129	65003
57153	199675
5199	10394
1991	5199
3394	6688
6262	11069
23063	23122
3111	3115
10484	51014
7536	10772
1058	81930
55127	84128
6154	6169
6228	6233
6515	144195
9879	55660
51728	79622
7317	64682
22984	79707
1783	81930
57153	79895
9585	24137
5880	9138
5903	10735
79003	81565
1830	5266
1832	11187
1062	9585
6233	257397
5829	10458
9570	10802
6863	84432
10885	84172
6209	6222
3921	6139
3190	3191
6144	6156
3309	9601
399	117289
10291	27316
699	3833
26043	54165
9212	10024
6128	6135
6142	9349
3013	8351
5048	81565
1445	9564
5438	85437
932	326624
51069	55168
9371	23095
2932	5718
5562	5571
4738	6635
23160	84172
8841	9794
991	5347
5931	6908
3921	6228
50835	50838
2207	2212
51166	125061
6233	89910
22984	23195
55839	79023
955	374659
10133	121441
891	11065
6157	6164
9816	9875
23014	142689
7311	10952
1646	8644
1994	4670
8514	64386
9972	9984
51129	85441
2792	3763
8334	85236
3048	4778
23014	55884
127385	344892
6194	6222
3881	54474
6599	57492
6202	7311
4724	91942
23014	23291
3837	7514
351	7466
6520	8140
26235	90025
4809	84844
684	6773
10890	23011
4738	5688
10484	81562
5706	5708
8969	8970
3320	55722
26232	55527
4771	122786
1453	6223
1794	3055
10540	57511
6850	10787
378	11014
9221	84172
2788	5294
3909	6385
338	345
6338	6340
5431	10914
1233	11251
2266	3827
6135	6227
10285	51692
11127	64837
3093	6047
2197	6209
4509	4539
640	7525
3107	3133
3274	285601
1915	221143
3875	144501
7311	285231
11014	51014
3685	10857
6132	6167
57405	151648
1856	5528
10574	10576
3673	3912
10949	84991
3655	3918
9477	80306
2993	2994
672	51755
113130	151648
5718	8453
990	5558
891	10112
3913	11098
23309	79595
6154	11224
9978	285231
6142	6158
3107	3659
637	8626
4708	4725
5879	7456
23332	146057
4670	10236
8349	79019
1069	10426
521	84833
930	974
7132	10616
10552	29763
3376	51520
1058	57405
55215	64858
6154	6160
9318	140461
3055	9564
11187	64065
3915	11098
5516	54908
9283	51764
29922	121441
4541	91942
2153	3827
1121	22930
389	64333
6746	28972
1063	81930
3486	11098
6159	6229
5880	7454
84131	347240
7388	29796
6159	6222
6233	84749
116	5746
6164	6224
3833	29127
2197	6175
54908	151246
1292	5033
23122	25936
2810	3655
9491	51512
1910	3827
51143	151648
4736	6171
1738	4191
2033	26523
259	2266
6167	6208
1665	5725
3055	5788
6164	6223
1116	5199
26268	57531
6146	6169
259292	259295
10663	259292
3222	3225
6850	9564
26290	56667
640	974
108	797
54778	140460
632	4094
3688	5747
8925	10489
1880	3579
701	5528
5903	6633
10952	140801
10963	22948
4638	4659
332	9700
6700	353133
6222	11224
9782	10949
983	3833
3062	64106
2801	2804
2317	3688
5708	64750
6165	200916
5093	51692
983	5519
57154	57674
26354	57418
1453	6224
1434	7514
3433	4939
2064	7311
56902	79954
2633	3437
22826	85313
4751	10133
57405	79172
9801	64965
6207	6228
2912	3355
3313	23511
4862	79365
917	5296
23326	79595
10952	58505
350	2266
799	1812
824	831
1029	1030
226	2023
506	147007
3360	10888
1576	1577
5516	5529
6208	9349
5715	7316
5586	5879
6207	23049
4088	25937
23047	57405
1908	23620
8970	85236
1329	1337
1536	8655
1314	9632
7454	8976
10112	54443
6132	6171
8914	9126
11130	79172
3646	8667
6232	7458
5700	64750
154	143425
9133	113130
2932	7913
258	9210
5880	6453
4116	6432
3860	196374
1981	6210
3182	5725
351	3912
3675	5328
2358	53829
23	1660
6556	196527
3619	151648
3074	5476
5930	23295
1118	3417
699	151648
1824	5493
10403	259266
6194	6202
4089	64750
64425	84172
1915	6191
389	90627
5558	11169
29074	64969
8451	57804
967	4033
444	3091
1048	171169
34	6256
2790	27334
6133	6165
55175	56995
2767	5296
51602	84946
6616	8673
1173	9341
3113	4261
8662	9669
996	80012
9276	10121
5693	5700
4172	5983
26263	92912
699	2491
10892	257397
10576	10693
2491	55055
8085	8289
4670	5725
2521	3178
1660	10236
3799	55605
6193	6231
2266	3026
3852	3860
8337	8365
4646	23607
6129	6138
3646	26986
988	9631
53829	59340
5516	6249
3921	10399
51088	55832
6850	118788
23197	26043
5516	5519
351	7042
393	5879
51725	142685
902	51138
9787	9833
1269	8698
6168	6227
55055	79172
8644	57016
174	2243
1994	10492
6156	23049
6201	6209
3127	4261
6135	6173
6159	6167
1601	8976
6921	55284
4670	27339
6158	6176
10733	11116
983	3619
23620	84432
6232	6233
3594	149233
51676	115290
1500	4646
7450	54756
1604	54732
274	5869
8295	57634
7311	8290
3305	10963
514	4713
80740	171169
55662	80351
5711	8453
2491	54908
6233	55670
1660	3191
988	4683
338	2262
9133	51512
5903	7514
5460	55211
6157	6228
10112	81876
11218	55746
2801	10972
81	5829
3093	26091
5869	57403
4926	9793
2917	27199
2971	3146
9320	65264
6128	6230
983	2491
6188	6229
57545	91147
6128	6206
117	122876
2197	6229
3882	3886
1991	4125
1462	6696
983	9631
4701	7388
1362	3482
3691	3909
890	7298
5795	6714
6227	7311
830	1781
3683	10970
27237	29984
6189	27340
23304	29945
6135	9349
1398	5747
1778	1783
2537	3437
890	7272
604	933
3675	375790
3178	6626
6164	6232
988	5725
1642	4798
2521	27316
3203	3204
1595	3157
983	4999
6176	6227
6135	9045
4707	7381
5469	80205
3191	10432
6152	6173
1778	4735
2150	5021
6147	6203
57153	160364
2197	6165
1108	25942
7178	7311
9611	23097
1595	51478
3913	4233
51465	84447
6143	6193
3842	10526
60	10095
8648	10499
57129	63875
6143	6223
6173	6204
51692	55749
5516	55055
23291	55236
3111	3119
22995	146057
5431	9879
6233	7311
776	51764
2847	4985
6139	6222
10484	56681
1453	7532
9886	221472
6175	23521
1291	5033
8347	126961
5747	50807
5433	55197
2147	3827
4161	7432
6234	25873
4513	4538
6233	6234
26235	158506
1783	29127
6520	23657
5411	51747
4089	5054
2255	143282
4069	4332
3833	11004
983	51659
5518	6133
2243	9715
7057	9070
389	394
5093	10523
336	3698
6184	58477
1639	10121
3320	5747
3550	9128
7421	11198
9700	10274
64951	64960
55003	84154
54578	54658
6157	55181
831	23209
10561	55601
6129	6155
4540	4701
3066	23411
680	846
7018	9829
7316	10920
2837	5331
5829	10298
10274	23122
6209	7178
6135	6144
3115	4261
5707	203068
6168	6205
4867	57545
558	7409
1933	6157
6227	114987
7479	7484
846	50838
58505	200185
3105	6890
3491	10970
84902	91147
6128	6235
8322	22905
1994	3609
5439	6923
990	51514
1933	6164
4237	4239
890	23397
778	779
506	8802
826	23473
701	9133
6138	6232
4725	55967
5717	8453
6628	24148
1500	1942
5441	84844
8189	10921
10293	56658
6155	6169
6159	6233
10964	55601
90025	91694
6147	6207
6168	6189
7334	64320
6224	6227
846	5737
26123	79600
4700	4717
6635	51690
5725	10492
636	23299
4736	9349
514	27089
1956	7037
890	51053
5367	8503
6194	6203
988	3183
8074	8404
11345	81631
3827	5345
6146	6235
5905	6232
135228	266727
6233	140459
1058	9793
6136	6204
11095	157869
6143	6201
5878	11252
1511	4332
3355	4889
113	259285
64682	154881
9371	79989
163	6233
3190	6434
8329	8365
10432	27316
1453	6234
6147	6201
6155	25873
3055	9844
3833	9183
5695	5706
55142	440145
10445	10980
274	1956
4541	25915
9183	79172
3710	8826
9790	9904
6144	6222
4700	54539
8349	23310
64926	153090
5795	9522
6202	6223
9493	23046
25831	65264
6135	6176
23020	51692
10022	259287
6128	6204
991	55355
9700	146909
377	1783
1058	79023
1639	22930
23244	25909
891	995
377	1781
10460	64151
3796	10274
1915	6130
3619	10592
4513	6745
5579	5583
64131	375790
6201	11224
988	3837
988	57703
6133	6223
23431	27131
10539	57019
3156	4598
6156	6209
5699	23198
23	6059
988	9689
3688	5788
6181	6207
25885	55703
9436	259197
248	6975
6700	26239
3832	10121
27097	79595
4514	4537
6135	6136
1154	23014
6133	6144
6175	9349
6132	6222
7043	10916
5558	8317
746	100128731
4670	6628
134	5660
3685	7525
8334	8970
58	5879
5699	51684
29099	115290
3619	23244
6130	6191
1232	50834
5701	11047
891	1062
2079	6637
6159	11224
701	10592
2194	6319
23291	26234
388	9938
81	1495
5501	25909
102	813
2054	8673
1983	6234
6201	9349
26589	51649
9662	79959
4540	4694
5584	6714
5688	25906
3640	387129
671	4353
4736	6136
5692	5710
6128	6231
10121	26123
9585	81930
991	51665
6249	81930
1329	27089
4116	6635
1302	169044
10274	81930
4735	10540
23244	55746
3937	11184
4172	55388
6205	6206
23160	27042
6430	6432
1778	84902
79501	285093
5689	11065
813	10970
8875	55350
27229	55755
57545	79867
10857	84329
9276	22820
2967	79577
983	29127
9493	9787
4734	115290
22974	83461
6168	6201
5688	7314
6434	10236
9276	51014
6222	7311
9306	9655
5699	11059
6133	6222
1457	6749
5795	55754
2833	83756
112	1880
351	2767
9570	22872
6176	6203
5318	11187
3017	8329
3191	51692
10592	22974
5725	8672
4736	6208
6164	6170
3014	79682
2935	6173
23122	151648
6159	6224
5437	55718
1063	7514
3909	4233
23122	79172
3913	5829
919	3123
51650	64951
6804	6813
6155	6168
3921	6204
146	2846
2788	5331
4436	7520
26123	57545
5347	54820
332	5501
26005	26123
2107	10767
5519	348995
983	57405
3688	6774
2099	8202
1655	25804
22933	23411
4694	4701
816	4137
1058	9700
6194	6201
4736	6133
5660	10970
2359	56670
9666	23014
274	8976
153	796
2071	5985
115290	126433
580	10635
1281	4060
6193	9349
10524	165918
6133	6143
7507	10714
6217	84916
8027	51429
79583	79867
399	64333
9700	10615
8689	9119
27241	166379
701	221150
6434	57794
1942	9564
5713	5715
1994	9782
2177	5983
22954	64219
6173	6223
9156	55388
2151	3356
5441	6628
4297	23309
887	5020
5597	5718
830	1315
6130	6159
6209	140801
2204	338339
4707	27089
890	151648
4734	23291
6597	8193
6602	55193
54845	80004
25827	115290
6160	6227
3664	23650
6146	6173
2768	2783
6125	6139
6193	6234
4867	79600
6128	6201
1287	1288
2209	10787
6208	6230
55746	57122
10458	10552
55839	57405
9787	10615
56729	126014
3113	7535
8853	11014
350	462
3718	7297
6950	10576
6227	9349
6138	6228
3178	3190
3859	125115
3181	10713
6161	6204
9533	112495
332	22974
1499	7409
3799	29127
3309	29927
5558	10926
4593	57144
164	2799
9144	11322
4829	10886
983	5707
54820	55143
904	5451
2865	6288
1615	7965
2826	84539
26190	57542
1983	6175
6137	6210
6430	7919
57545	121441
64963	116540
10294	10963
11065	55355
891	10592
6138	6165
5702	6502
1814	259285
5684	5706
2147	2243
3832	4288
6223	23049
966	3903
3192	5094
6161	6223
8243	10274
4736	6135
9739	25942
56963	148738
9212	55355
2222	6307
23279	53981
2773	5594
9601	10130
1497	23729
2197	6203
116540	116541
7090	7091
4171	5426
8349	387103
1103	162466
6203	23521
51122	56995
6133	6137
29074	219927
2769	5330
3071	5747
3837	10575
6210	140801
6135	6159
81	87
3178	3185
388	117289
6122	6203
4709	126328
6189	7178
719	58191
336	350
353137	353139
2982	2983
1288	340267
5781	7852
10574	22803
5741	8074
6223	6235
344892	390064
25885	55127
977	5339
6144	6204
2197	6164
10274	23279
5781	6464
119678	344892
8615	9570
6138	6209
10640	23265
351	5443
6128	6155
8514	57153
1660	55749
10112	10749
2792	5741
6132	6228
6233	9045
6635	6636
8878	55669
3921	6159
1956	2885
2935	6189
6137	6173
9744	51454
6141	6142
6169	11224
6132	11224
2938	2939
8717	9530
6124	6176
6160	6203
3190	5725
11127	81930
3837	4869
26268	56658
83597	390174
10949	23020
890	259266
3155	6342
400	90196
3832	79733
2359	5196
6737	283807
983	1163
8737	8878
377	10749
54881	55127
2767	7204
8667	26986
10652	149111
919	3122
2197	11224
5868	5869
79339	344892
92104	150737
6597	6603
6135	6233
3192	55749
10096	10152
6234	8666
968	5878
6137	25873
988	9475
2079	6636
2623	6886
3115	3119
514	4726
1981	8637
5519	10274
6453	51429
1991	6037
6208	23049
2843	151306
1601	8322
6173	6235
5901	729857
5476	5834
6144	6205
7337	26046
156	351
88	2890
6135	6139
6154	6231
1269	53829
6129	6130
5054	5768
54474	121391
622	56898
10713	26121
4736	6167
9318	27252
4700	29796
9655	84085
4697	4708
283111	344892
9793	23244
285093	390191
6147	7311
6139	6223
1241	56413
6165	6169
1241	2863
1453	6208
8945	64682
6218	6235
10285	53981
6161	6232
6204	6228
9730	29945
8602	55646
6139	6194
6146	6218
966	11314
345	2262
6142	25873
10403	57405
1350	10632
55720	84172
6241	64151
9785	23450
2305	4288
6161	6227
5589	23193
1230	2833
9564	54518
6139	6201
1783	5861
8322	8976
11017	85313
4599	23586
1937	6189
87	29789
5547	326624
1008	1016
10733	203068
9055	22974
6152	9045
6142	6233
1022	9015
811	813
6176	6234
7857	54757
26118	51088
5696	6890
4736	6170
9820	115290
2197	6230
6207	7178
4670	23020
2792	5145
1902	2767
1933	6137
3836	10971
9212	55839
23560	84172
3685	3688
10298	375790
10236	55749
10403	26271
7316	22954
945	79895
51692	55339
351	54972
3918	375790
10733	84131
4690	10096
316	56603
6164	23049
8453	8945
4717	4726
5266	5493
6165	6235
57122	79172
1915	5901
147	2150
8581	10232
4588	140453
6142	6194
6138	7311
6232	23521
680	2798
3685	5817
6170	6222
5931	6839
6133	6175
6201	6235
990	64151
10693	22803
996	9730
5005	7276
9212	55723
3911	9459
6631	51639
4208	4209
9818	23511
6164	6202
7311	10818
56624	259230
6142	6229
1292	5351
1033	9232
51264	64928
5705	5718
79023	129401
1062	10592
51116	92399
3192	7536
4599	8638
617	26517
1994	3190
2956	23028
988	9943
1994	9343
5529	5718
2197	25873
6714	7311
25929	79084
9927	55669
9412	55090
1062	1778
1642	2965
6161	6201
5970	23118
7514	25909
10970	11322
6235	10952
2537	4599
6152	6188
3066	6045
4717	84833
5339	6234
1958	4665
7204	60675
8688	121391
6176	6228
7311	55432
1857	5708
9493	11113
2935	6169
2197	6234
6230	6233
4852	5179
341276	344892
1453	6204
10022	259293
3683	57153
344892	390275
9666	23291
966	51014
6635	11157
3797	79989
9700	25909
2178	6118
699	996
9666	89910
796	5745
1435	84141
830	10466
10799	56902
344892	390326
6170	6218
56852	56897
2623	3674
2305	5347
1121	79958
3913	10970
3113	3123
5708	5717
151648	348995
23350	55749
27258	57819
2790	10575
3181	11338
1063	24137
6137	6233
1268	10803
6155	6159
1937	6147
23160	51602
7189	55626
89910	143279
9700	51143
79600	84902
999	3691
6137	6143
7409	27071
9968	10499
11014	23046
5528	8243
3915	5879
4734	126433
3163	3725
5093	6625
6165	6207
5869	8322
187	6370
2099	7031
10403	57082
5310	9727
6157	6165
846	6870
1778	5707
3190	51692
3882	8688
5879	8853
6154	6201
7862	54815
1471	5034
3326	7090
4317	6947
9972	23279
4176	5111
6189	6205
4670	10523
54778	57542
1022	5887
5433	55660
3852	196374
991	1062
23142	26190
11130	113130
109	10681
152	719
7536	10949
1062	5528
3609	4670
3350	84539
5094	27316
6231	9724
331	6233
50835	259293
9183	57405
1778	57545
3832	6241
5434	6428
9133	81624
6168	6173
2064	9475
23223	26155
1991	8635
9934	27199
6709	11014
10523	27316
6176	6233
8349	333932
6136	7311
1058	11065
83540	220134
3190	10657
8775	10618
22984	26155
6157	9045
699	348995
3609	10236
25798	326624
6188	11224
891	9493
4738	5693
9793	10733
917	29993
1911	57504
6170	6230
9730	63891
3799	11127
3833	11065
1933	6147
8085	8945
2767	29933
9126	23244
11004	113130
4938	10379
156	55970
6209	25873
10274	79172
2517	2990
55355	259266
6155	6227
1660	27316
23279	51692
3071	10552
51429	54874
6130	6204
2033	4089
2792	138883
9793	26005
5657	8635
55388	84515
3491	3912
5879	94134
23112	27327
6203	6208
3192	5093
1308	3655
26	10562
5518	6232
1933	6218
5869	26130
9228	9378
8542	84141
5023	5795
11116	440145
5062	5708
988	53981
2521	51692
6169	6235
383	4353
6161	7311
10799	84946
10523	11338
5706	9134
1605	375790
3123	7535
86	8815
6790	9793
213	5265
966	2207
890	5933
8945	80204
5879	10298
988	9793
6133	11224
4641	11127
1453	6205
5194	23600
5869	5870
1500	1956
3832	3833
3437	3659
1236	2841
51317	57649
23291	23327
6188	6228
6160	6193
6170	6232
6138	6207
6222	25873
7314	9212
6141	25873
22794	23398
6672	10475
6233	22954
5573	23209
10274	220134
999	8907
3848	162605
378	9276
8615	10959
2099	6387
6625	10523
5432	23379
6133	6203
4586	26290
6168	6193
6141	6158
23295	140460
6491	10733
5365	8482
6175	6209
2800	2803
6159	6176
6138	6222
5438	51503
4125	6036
23322	57545
5430	9611
6144	6218
10236	23020
4495	4496
3191	9987
5700	10213
1495	5868
6135	6167
1933	6194
23291	79176
81930	83540
5862	57403
1406	4901
389	117289
719	945
5162	55066
10236	11100
1964	1968
846	259293
336	4547
4352	5335
6168	6203
4691	8602
6159	6207
10919	53615
6156	8667
2790	7204
966	3683
5700	11047
302	2519
1857	5528
6146	6206
1824	1825
3619	55143
6233	221687
3619	54821
387	3146
6135	6189
6142	11224
6160	9349
3937	7305
9927	10059
6129	6159
3320	10383
5094	8449
163	9322
3931	4023
245937	613210
1062	6232
54742	80328
8318	54962
8449	10992
3084	6464
1876	10445
4089	10589
3915	4233
8243	10592
5985	8914
197	51156
10926	63967
9055	51203
6129	6161
6132	6168
3857	3868
5518	6167
6167	6210
5435	84844
3320	55914
6921	150726
3655	3688
1364	137075
1478	3188
259287	259295
87	3688
8087	11044
3660	5696
148	2837
701	51203
9655	10489
1933	6128
2177	11073
1555	1559
146	2922
5861	5869
6233	80351
10403	55143
1398	6461
5571	60673
6122	6128
1783	10540
6599	6602
5441	5901
6143	6169
890	9133
338	4036
891	64151
1515	3122
64946	147841
51289	259292
3842	55705
10426	440145
1329	10476
915	3559
4717	4718
7054	57016
6688	7305
3833	55143
1302	1310
25926	117246
988	5708
6280	6283
6556	338339
6152	6229
6129	11224
1230	2790
51350	112802
6204	6207
302	383
1456	7534
11339	54069
2197	6201
7328	9690
81	55243
54821	151246
10592	11169
2873	8945
51320	55175
10575	10576
9126	9184
1642	5931
6189	6207
972	3113
7311	121504
2065	3691
3183	10236
389	114793
4725	4726
2801	51014
29074	55168
163	8301
1121	126432
146	886
3185	10949
6160	6231
8907	23396
6161	9045
9439	9967
3764	10060
1277	8974
983	1058
2913	84539
7314	26263
1398	2185
6227	6232
7514	55746
6155	6232
5540	6755
11127	64792
1033	9787
5438	6631
6208	9045
2803	5870
6230	11224
6790	10615
7311	8945
672	7979
699	10274
8452	9870
5747	11099
3619	23279
886	2846
6139	6185
3685	6850
3683	3693
23244	79172
4867	79867
671	1116
5900	22800
890	2237
6206	9349
2268	2817
2067	91442
6130	6203
6176	9349
4712	55967
6921	10987
6206	6218
2071	5432
9318	11275
6193	6228
1601	9341
9700	29945
5887	7415
5768	78991
6204	6206
9126	11130
6209	9349
26586	259266
9188	23560
11004	55355
22803	22948
6135	6193
23601	57153
9879	23517
7913	9015
10121	57545
4677	8565
701	9824
51362	348995
5516	5598
7862	9219
1022	2810
6142	6209
6165	9349
8976	22905
813	2519
397	5880
111	51764
2863	55970
9138	55970
983	6240
1645	8644
2920	55970
10733	26005
1129	8322
8615	10802
699	5519
3913	51280
1495	8394
5706	51053
2197	27340
5868	5870
4736	6156
552	6866
1778	121441
378	22818
919	3559
57479	58506
3887	3892
23376	142686
5747	9844
890	79733
10890	57403
5688	11065
55294	92591
4171	6749
6138	6156
3133	6890
6632	51503
133	2790
26586	51203
2623	10661
4697	55967
1605	3672
5441	6629
4173	5983
3560	3718
3183	6428
324	5699
5584	117583
108	7252
3178	3183
2792	2847
966	326624
3921	6152
4353	6036
5196	5473
1347	4726
6189	6201
87	1499
4736	6155
10083	257629
566	4332
1994	10291
84902	121441
3109	3111
6138	6161
26190	65264
3619	3832
9972	10526
6147	6169
6139	6206
4343	27327
7311	9020
3912	5829
1595	3156
6144	11224
152	5580
6201	6203
3832	7298
991	9055
890	51203
6133	6168
2197	6168
1536	2204
3074	10577
1956	5328
3688	5879
945	2548
9972	10482
8683	84324
3429	8638
5747	9564
51433	246184
3119	3127
2197	6181
6233	8945
351	5340
2491	7514
1173	10552
9724	27042
79682	113130
10885	27042
6218	27340
5983	8451
9221	23160
988	3191
2801	10802
6165	6222
522	539
3181	22827
8568	57696
9126	10051
6790	84962
10762	55143
10629	129685
7184	10970
6168	9887
5438	23524
5829	7534
6133	6224
1058	9833
11130	79682
3185	10236
2072	6233
5584	55243
3619	5528
10484	79090
580	1111
5516	5903
63875	219927
2358	6556
1956	2064
377	11014
6135	6230
5879	10458
1822	1912
6709	126014
891	2491
6208	6233
51645	85313
1063	8243
1453	1855
4508	4537
3040	3048
991	2305
26224	84085
4670	9128
3921	9045
6136	6142
5688	11047
701	7153
23327	51088
6124	6193
11169	84296
3854	8689
6233	90293
10112	11127
6754	50837
5438	58508
51429	54885
335	338
7852	55970
6137	6167
2207	6556
641	116028
5435	11325
3619	25936
4708	51650
7337	10489
2962	4298
6129	6204
4736	7311
11314	79895
6168	9349
5687	9134
6169	6173
174	51156
6621	79035
5432	9150
6233	9690
351	3491
7409	653361
6189	9045
10949	27316
7873	51726
301	5368
55831	56851
9126	9793
83597	135946
3921	6188
567	3107
126006	729230
80321	91147
5434	9070
8295	79595
6429	9410
6428	6631
2033	58508
4313	4323
5880	9844
2912	5733
4508	4509
8945	115290
6203	6232
5093	10236
1783	10112
84962	126374
7272	9700
114	1814
3619	11004
5094	10285
1452	6500
972	3119
51264	65003
322	333
2353	2354
351	9002
3913	54972
890	3832
3710	6804
6147	6204
1278	4313
2912	4889
55920	79023
393	11015
4736	6143
23160	27340
6209	6227
841	1281
996	4734
2792	219438
640	5079
472	5429
23279	81930
6993	10755
3838	4343
4174	5424
10592	157570
55131	84128
9585	10749
9631	65250
10914	85313
623	2861
1655	57819
51122	54165
966	79895
7311	151636
6173	11224
28998	57129
60485	84962
3191	3609
963	3903
6142	6165
6135	6201
3320	10787
6189	6232
10112	55635
5700	5708
6147	6234
1511	8635
3683	5023
4641	10552
2634	3659
57082	220134
5552	5627
6175	6210
5201	84617
813	7184
53981	85313
1364	1365
865	6597
6232	25873
5688	5702
6144	6181
6136	6232
4173	23397
79172	151246
1337	1351
1783	24137
392188	645402
7204	10316
5434	51503
5777	5806
1956	3912
6155	6157
10426	55835
6205	11103
5111	10535
963	5023
6165	6206
3434	55008
3396	51081
22919	348995
6167	6168
8841	79685
1933	6135
6122	9349
5707	10383
9462	64926
3675	3909
4867	80184
9793	79867
8463	25937
10772	27316
4686	10302
4508	4513
60	57591
2491	25909
51264	92259
3308	55706
890	1062
8453	65264
7316	83752
3689	64386
23304	26268
6176	6206
84085	154881
213	5340
3998	22872
2958	79035
6129	6224
9277	84154
23327	89910
783	10369
6281	79026
3161	9787
6139	6165
6138	6139
285	7010
5700	5715
1870	5928
1043	2350
7311	26249
4853	10046
10890	10971
6502	10293
6426	10772
6135	6164
6193	6194
7272	10733
3054	3607
9730	84085
4738	5715
5426	9126
6138	10399
6168	6194
7337	9320
4736	6128
9126	23063
4540	374291
4343	6233
6868	11319
197	3827
5725	27316
302	2799
6175	6227
8449	79869
5983	7507
5347	51343
51234	55831
3191	5094
6597	7091
10342	10427
39	3157
6160	6161
11224	23049
4724	10476
6189	6210
6152	6231
990	996
5685	10393
6631	85313
6146	6230
4069	8635
5932	5983
5878	10552
1981	6135
2804	9276
6139	6176
2768	5879
5700	5713
6132	6224
6136	6235
4288	10112
5433	8085
1783	9371
11004	23332
3320	6778
2242	6237
25879	56902
2958	5435
4440	9355
6122	6157
3106	6890
22954	23327
56658	115290
274	7316
1282	1284
6135	6222
23283	27316
699	10051
6235	6727
1579	8529
273	8673
6136	6228
6142	6168
11103	27340
9282	84498
10324	51666
983	84930
6202	6204
9322	22905
6434	8175
11014	22818
10403	220134
2965	6827
846	259292
3178	6294
11102	56902
8925	53339
5819	201633
3178	7536
3676	5829
7454	7456
4514	4538
6209	6224
3490	6696
6625	27316
728	5697
699	1058
695	5777
163	8027
10802	51014
9276	57410
2617	8565
6217	27340
3915	59277
6204	6233
4689	653361
1314	10802
3678	5329
9183	10112
1956	3084
6161	6175
6133	6210
5199	126014
6158	6223
4695	4708
351	10970
3191	8449
6129	6136
6453	9341
6556	170482
2597	5315
3267	10096
5711	6233
6136	6201
6204	6230
6193	6205
4736	6169
8477	55970
3191	10492
5707	6790
6426	23517
6139	6161
64750	140458
8243	113130
6173	23049
7536	10236
80168	346606
988	5094
6209	6210
5869	8976
51602	84128
4700	55967
8491	10746
4736	25873
3213	8338
6125	6185
3109	3115
2792	343172
2491	9183
6143	6231
1783	22930
4057	57554
3915	4240
5330	29933
6613	7341
5519	5781
11004	64151
64981	116540
1822	23028
6157	7178
51088	84261
6387	50837
3912	10272
7272	9824
6194	6232
6160	7311
23309	64426
84261	154881
51715	326624
4116	6227
6628	51340
6204	25873
6137	6234
607	8945
5695	7314
813	3912
1933	6138
6915	94235
3553	11213
9790	51575
5610	6774
5528	348995
6156	6171
4736	6165
23291	64750
6154	6155
8687	54474
7919	10236
9045	11224
7058	9507
1499	5795
6241	9833
8451	55208
5501	51692
55759	84154
3882	8687
6167	9349
6142	6147
1738	6470
3190	8449
8886	56902
1659	9343
1499	6714
3832	10051
1555	1576
890	55165
6209	23049
699	151246
7320	9604
2740	94235
6139	6168
858	1956
4839	10885
3675	3914
7520	9025
3178	6428
8500	55327
6141	6168
259290	259293
5149	388531
6122	23521
3903	22918
9551	84833
27161	192669
966	10970
2641	10203
154	1956
6160	6169
7044	51097
1129	3355
6122	6124
830	11014
1793	6461
6233	8450
6152	6156
23586	55601
1642	57804
6224	6232
26268	64682
7204	55970
1605	5747
187	11251
5747	8976
10663	259293
8243	151648
6168	6204
695	3710
6181	23521
983	84515
6428	348995
4194	57690
5885	9793
1084	338339
10525	29927
9076	137075
84648	353145
2920	3569
6159	6232
8976	54874
3655	5339
5684	7979
9833	11339
7311	57530
64106	347148
51308	255725
1394	4160
6223	51187
3267	10618
1495	1499
3305	3320
6167	6232
864	1499
1213	6233
2967	9646
6218	10952
673	57498
1994	10594
1495	1969
3017	121504
1910	2147
7039	10652
10652	11014
51289	339403
10291	23658
10102	64928
22984	23223
6235	9045
8563	23225
6230	63931
5879	257106
6160	6173
705	55299
6161	6181
5592	8654
3192	10921
2023	7167
5695	246184
3886	121391
23197	56729
23279	113130
6154	6194
6240	7298
5707	64750
1937	9045
7317	22888
351	813
2197	6202
3106	3133
4172	10036
9632	10483
6181	6233
1080	2147
6152	6228
6138	6227
4708	29796
1001	3728
705	84946
161	26130
64979	219927
8687	286887
1937	6229
3014	23135
514	10632
6827	80349
6222	7178
6143	6202
9276	10112
890	29127
2557	2560
420	58530
10466	55275
5695	5715
7133	57153
864	10413
2788	10575
1435	4924
6133	6138
7057	23275
8581	154064
6171	6228
4173	84515
7178	10399
699	10403
5093	5094
56670	59340
23291	26190
6124	6206
2865	6863
23658	27316
374	2069
6128	6164
302	3074
1129	4852
2962	8175
5119	27183
5557	5558
79583	79600
6168	6727
2048	3055
4709	4725
6132	6161
3814	9170
3688	375790
64792	92104
3839	55705
1277	4060
10403	56992
963	64386
3009	3024
3842	54464
2197	6157
4695	84833
5880	7409
5868	10890
1778	81930
2916	346562
6139	6152
2491	9793
6139	11224
8106	29894
2491	57122
9716	23350
212	2038
6201	6202
916	940
10121	79867
51645	57819
6142	6170
6139	6232
6224	140801
6171	25873
6135	140801
4173	8914
9276	10959
3916	7879
1495	84962
857	1956
6194	6235
9632	22872
55720	57647
7178	25873
1063	23279
8969	121504
3074	5707
5430	27316
22905	51429
6223	7311
186	2914
6175	6207
5885	79172
1108	3094
51109	54884
5707	5714
259290	259292
1017	6790
2151	2791
10285	23350
5566	57787
5707	10493
1017	63967
3856	3866
399	26084
6809	9341
6158	6170
6152	6232
11065	83461
5747	7454
6161	7178
6204	6224
6142	6161
2935	6170
6124	6228
1991	4069
1490	25937
6133	6152
117177	121441
2185	3320
4711	7384
6129	6202
6223	25873
5605	84292
3561	6464
3046	3048
6500	55884
3301	3320
11065	64151
6210	6223
1129	6751
9739	23112
118487	128308
2776	27334
84648	353137
6138	6235
566	6037
324	8945
4173	7298
351	1234
695	2206
6934	83439
6891	6892
6502	8065
351	29933
522	4713
7321	84962
6165	6208
9636	10379
5928	25942
9656	11073
7341	404672
2932	5519
4173	6749
6233	54363
1088	6556
2784	6752
4724	51079
1793	5880
5932	197342
6672	79097
521	4694
3619	113130
6137	6202
891	8655
3354	6387
84648	353139
6189	51187
10592	83540
3688	4233
1933	6136
6194	6206
6129	6173
6442	6444
6432	6632
2790	5294
1236	4544
990	5717
9341	54874
8349	126961
5347	11190
5290	5970
6605	11198
27334	55970
54617	57634
2846	2922
722	725
84648	353142
1783	54908
6181	6202
6233	22848
1282	1295
3685	6385
6169	6202
996	9666
5048	151246
5688	8312
1515	3113
2792	391195
1133	2796
400	25839
796	797
6188	6207
3105	3107
10285	10713
2197	6228
335	2153
6122	6159
26239	353133
6230	25873
2519	51816
3693	7525
10714	23649
5768	5806
2861	56923
6950	10376
6168	6233
3433	9636
6165	6201
11014	11015
699	9833
53339	197131
6500	7320
3619	9212
9793	54821
3797	29127
57545	80184
890	6502
6233	27327
1983	23521
3838	6790
6923	23198
9700	151648
2774	390201
990	5422
2132	6385
6152	6207
5700	51053
23168	27125
5430	6601
890	983
8881	63891
2774	26648
4544	5443
6130	6205
208	57148
26046	197131
1292	55214
6165	25873
4713	7388
3433	3437
3814	59345
6124	6205
6130	6167
6203	9349
9183	11130
1471	2519
5436	85437
7994	9219
2348	11316
10592	24137
3884	100653049
317	835
830	1604
9716	10236
10615	11065
23112	26523
6500	10920
1910	4295
10298	80018
963	966
3127	7535
23122	55746
4710	4726
3659	54739
1942	2268
5451	25896
113130	348995
1387	27327
134	6376
112	57413
6208	9887
891	81624
6310	84991
2740	5746
6144	6208
2305	7153
2197	6170
6502	8883
6811	9117
1499	5868
9904	57647
9793	347240
6135	6194
4297	6045
3685	3903
2767	5330
6139	6203
6165	6168
50506	90527
8468	91646
891	9183
9277	84946
5702	5713
7097	7124
6130	11224
2197	6135
3113	10346
27043	57647
6188	6204
5694	7979
90293	285231
55299	56902
7311	7321
2792	4985
959	10673
1994	10285
6122	6160
54552	55720
5977	6602
2207	3937
7175	23511
641	6118
7514	23279
6230	9045
6222	6227
1062	3619
324	6233
5196	56670
64114	196527
55832	80067
983	79172
10155	10780
6176	6189
1500	5880
5872	6764
344	6382
6135	6146
6155	7311
79738	166379
6233	221937
5868	81876
10664	22976
10274	57082
3309	51726
6232	6234
830	6709
4116	6147
3157	4800
6916	80142
5880	29127
11245	55970
6234	51187
4736	6160
857	3688
6146	6227
226	7057
7311	54363
4696	4718
10762	84271
9371	11127
6129	9349
51388	79080
5684	5688
9820	23304
3320	10294
5707	84962
5434	64425
6850	23533
3184	9987
4736	6206
3799	10540
5439	5451
9493	259266
10970	11001
8883	115290
6667	27327
1287	3685
6167	6233
9892	10092
9341	23149
8514	79895
890	6790
1933	9045
1739	4646
3191	11338
8548	64746
26519	56993
3895	3915
80184	91147
3240	10394
6157	6168
6124	6147
1017	9133
996	22888
5714	5970
1669	1991
6144	6169
5880	80728
10236	10713
6207	7311
7272	64151
5111	7298
6168	6170
6168	6175
1536	51382
11052	51692
6122	6194
11176	79595
846	259295
57129	219927
6133	6206
55	154664
3984	54434
4793	6885
2177	7398
929	7097
3921	6138
10613	11160
6164	6203
1933	6129
6157	11224
3619	5519
8729	9570
1453	6202
6184	6185
5437	9533
51264	219927
6152	6235
6168	25873
6130	6230
672	84464
3091	5594
6222	9045
9700	10051
5432	6205
2792	2911
705	27292
580	10714
9700	57082
25831	57542
1398	3937
6233	10110
3181	9128
3685	5023
4172	5426
5037	10256
3912	51280
4839	25885
187	5196
3822	8302
3071	8976
10075	54926
6173	6181
9700	57405
1639	3326
6164	6167
6141	6230
6229	6230
6137	6206
5737	56923
54820	146057
4736	6152
6908	8812
197	2243
9690	57154
6194	9045
2521	6434
54577	54658
1062	1894
6396	8655
5023	84329
1717	6713
148	886
5725	27238
4829	56923
1329	7381
2965	9646
6241	259266
5894	6337
10236	23435
51639	84844
8688	54474
55143	113130
528	155066
79867	121441
186	2913
55320	401541
2912	5173
972	3115
6161	6170
6218	6231
988	23397
3190	220988
153	6344
3643	9021
1062	3799
6218	6222
2695	594857
5591	9025
3688	9564
83666	151636
6167	6201
4172	4173
6204	11224
388	397
1063	7153
1915	10399
6227	10952
7317	51343
6133	6209
1660	3609
6125	6133
24137	81930
1555	1557
4710	29796
4116	6637
7381	29796
1364	1366
53831	441864
9410	10946
6434	27316
80184	84962
4254	5777
6147	6159
336	2262
4116	6132
6249	8826
6139	6208
7311	114987
6146	6208
8131	64121
988	22948
3184	10181
6189	6208
8969	85236
8924	23030
23304	26046
4724	7381
7341	51602
4841	6421
1000	1012
1398	7409
5584	56288
6147	6188
2244	3827
3688	91522
813	84141
4738	7979
1340	1347
9564	9844
6158	6202
302	6281
5029	5724
8843	27198
1062	24137
6637	23524
9212	57405
10576	63971
509	8802
4928	81929
23047	151648
6230	55272
26586	55355
9126	51143
1062	9787
7003	7004
23112	23466
983	348995
991	24137
7520	79840
8243	25909
6194	6208
6203	6217
9700	23244
9349	9887
7003	8463
4508	4538
699	9928
23014	115290
2197	6173
6160	6167
29089	197342
6218	6223
3685	84329
7082	25937
11128	25885
3178	10949
6235	23049
2079	6635
2801	10959
6201	6230
671	1991
9354	23304
3119	4261
1453	4809
8945	9666
5829	5879
701	3619
988	51692
3675	3918
3157	3422
120776	344892
6208	7311
348	5360
2767	55970
4343	6714
10615	56992
5023	8514
26091	26234
7409	10787
6647	11315
2243	3698
6173	6232
7536	10250
6128	6167
23223	65083
5685	5688
3897	3912
1017	2305
6811	81876
54885	152503
51003	400569
1062	259266
5829	6461
1665	3190
1717	50814
1315	9371
9557	57804
28998	51264
1956	3918
3071	5829
26290	140453
389	2064
9039	200845
2963	6631
990	5707
2817	4035
9133	10403
3185	3191
6181	6218
9844	10458
9493	55165
3437	91543
1277	7373
2209	10152
6430	22938
9972	23165
3915	10970
5433	10772
5347	22974
2177	6749
6203	6224
6667	23248
3659	6672
8337	8349
3091	5707
6168	23049
6160	25873
23279	57551
5347	5905
7305	23601
7272	10592
9439	9477
9126	10274
23244	151648
64928	64979
1763	10714
1783	11014
1490	7004
6155	6222
1667	1668
51023	118487
5822	7109
8581	27076
6137	6168
58191	63940
6142	6155
5203	22948
23279	51362
683	94103
3833	10615
1639	24137
7311	23607
11322	326624
3017	8351
123904	146183
8602	83732
81	3688
23322	26005
4736	6189
867	5781
5440	10302
9716	11325
996	5708
3915	10130
1299	50509
6159	6161
6181	6232
6667	6670
6176	6208
1173	29763
3914	5829
10189	79902
3685	8514
5526	81565
86	10524
6141	6203
988	24137
54578	54657
8740	10673
6222	6234
6204	6229
51079	374291
6170	9349
5528	11004
6142	6218
1063	3619
5869	11021
60560	80155
6159	6223
6152	6167
6125	6202
972	3111
2207	79895
6138	6223
23309	27327
6208	25873
4514	4539
79954	84154
9738	54820
988	7919
932	199675
3123	55824
8615	9276
6572	8322
1062	151246
2197	55127
3188	65109
6203	6205
7478	7479
2885	3655
3479	51097
6206	6230
1915	6207
6161	6169
6128	6171
8351	121504
2935	6157
6772	6774
5519	79172
10383	84617
10540	51014
932	160364
2683	2720
8655	23218
338	350
9183	9793
22974	121441
10577	56729
6152	6160
6146	9349
4543	5173
26716	344892
55759	84128
3190	4670
9341	22836
55226	64425
29945	51444
8886	23560
9002	55970
344	26020
2491	5519
4171	4176
6135	6160
196527	326624
27292	56902
6159	9349
4540	51079
6636	8683
163	7311
3066	9014
5707	10575
1793	5747
10250	27316
219954	285093
9493	9585
5903	7175
3161	55165
1017	4999
974	5336
2799	5476
6164	140801
9739	23067
2155	2159
2197	6139
