6223	25873
7298	64151
9648	10466
6135	6218
1292	3672
3360	10888
1063	7514
5698	5705
6136	6170
4313	4323
50848	57530
11051	55660
7453	8565
5347	54908
991	83461
3123	4261
8945	26268
3013	8356
567	6737
1315	23303
6124	6147
3015	5438
1910	3827
6908	10498
8662	9669
6143	6234
2099	5469
6141	55272
64410	79791
4116	9349
3486	11098
558	6464
9183	64105
6129	6230
5705	5718
6152	11224
1933	6204
6138	6201
10274	23279
1981	6223
1499	4233
5284	55004
1969	3055
1453	6224
4695	4713
287	10121
5725	9879
1058	11339
3301	10963
6428	6430
1650	3920
1781	6993
4174	7298
3620	169355
6223	6235
5898	10890
472	4361
5725	10291
1829	1832
699	151246
2919	6347
3434	3437
4670	5725
23283	55339
5685	51686
7852	9564
6235	27042
3046	3048
8945	25831
9870	22954
6209	114987
6152	6234
6158	25873
6227	6235
8175	84811
3054	80335
6152	6155
6142	6204
9666	115290
2318	54751
64928	219927
54657	54658
6168	6194
3998	22872
2197	6136
6161	6227
990	64151
6135	6136
2885	3600
2873	8945
6142	8666
1233	11251
6168	9045
905	2967
6159	6167
55901	170692
51725	142685
55339	80335
10403	259266
3015	5436
11339	51203
4867	23322
6233	25873
6663	27022
23112	80012
9757	23067
3191	10236
353139	353145
55008	151636
51023	54998
4736	6133
5519	151246
988	10640
10484	56681
2147	2159
3832	10592
3797	57539
54716	153201
1445	2213
55832	80067
4540	4724
990	996
5747	7409
9551	10476
2222	3157
5684	5687
5432	27125
10905	23193
6142	10399
3673	3691
3850	196374
1398	1793
6144	6222
9716	10236
84962	121441
22888	51343
6233	7178
8976	55243
10577	56729
50813	55884
5930	80204
1601	8027
10161	257313
2197	11224
6137	6204
3309	10049
6176	6233
3190	10949
6135	6193
966	79895
5529	5711
2537	10379
6175	6189
22905	29763
6232	7311
4738	5685
1660	1665
2491	5519
472	7468
6161	6229
6194	53918
1511	6037
4686	25920
5347	51512
3667	5293
2178	7398
6155	6204
3361	4283
4886	9283
5869	51715
10466	84516
6234	23521
143502	285093
5698	6890
4008	7321
6206	6208
325	3015
89890	90025
635	29958
801	6263
9276	10427
3178	3183
5347	11190
6130	6206
1289	5118
6173	6209
258	9210
4736	6206
6160	6175
23160	56902
3071	9844
527	10159
3683	10970
8189	51639
10970	79895
160364	199675
6234	27340
6241	9700
1453	80097
5903	7514
6249	81930
8349	440689
4599	4938
58505	200185
400	90196
6657	63978
6159	6194
5584	6714
988	10657
28	2524
3913	375790
867	5290
54998	64979
51009	55831
9002	55970
6164	6205
5179	6751
1781	10112
60488	64963
6233	9045
55658	65264
2932	5714
8106	29894
10949	220988
3486	3491
378	5861
1500	7409
988	55631
1350	440567
6144	140801
6168	6175
1933	6135
6128	6207
4700	4725
2641	113091
5194	23600
8314	317772
6155	6230
6143	6155
1810	26009
6229	11224
23112	26523
64963	92399
3015	79682
3843	10527
6164	6167
23451	55339
185	2641
2769	5335
6235	9349
5438	51639
26524	126374
26524	84962
26146	28981
55832	115290
8289	57492
3305	9530
8243	23279
6428	6434
4637	103910
4586	140453
1933	6175
2535	2790
27327	84441
3107	3660
6234	9045
1915	6189
273	8673
64425	65083
6222	23049
6194	51187
4691	10528
6135	6194
6158	6206
4599	51191
6605	11198
338	4547
344892	390079
6143	6159
7335	55905
6160	6161
1314	9527
3119	4261
6142	23049
4904	84950
10254	25977
5707	10383
988	5094
2207	160364
64708	136371
4543	4889
1315	3799
1241	56413
6249	10540
6156	6229
9133	51203
712	7305
2625	55766
26539	344892
6147	6165
1291	1303
6218	7311
6908	8812
5516	64105
8451	51514
6222	140801
7424	8828
55737	58533
2784	5741
1738	4967
5829	6709
64151	157570
6173	6206
3914	4233
1783	22930
1043	7512
336	338
3309	29927
1778	4735
1234	1236
5861	5869
8337	8363
8704	55624
2099	7022
10425	54850
1994	3192
6135	6232
9371	10112
3849	319101
3672	7402
6203	6228
57129	63875
28	2525
4700	55967
6124	6161
5436	7936
6142	11224
1269	8698
9183	79980
988	9879
2317	3688
2155	2159
890	7272
5347	259266
6161	6228
25839	84342
2935	6122
3101	64841
9879	23517
9493	11014
7421	11198
701	9133
5443	53831
51023	116541
7283	22974
6201	6233
6049	8881
7311	27327
2491	6249
9493	9585
183	846
779	10369
6728	51121
2625	8202
6147	6218
2524	2525
3689	7305
8189	23524
8697	11059
87	7791
932	945
996	80012
6869	347148
1938	1975
6993	8655
3199	5438
6159	6233
6091	7852
4508	4513
4670	23435
1830	6699
2695	2784
6138	6154
22826	85313
7311	89910
28977	54516
23014	65264
6122	6130
891	7316
3113	3127
6737	283807
3181	10594
6164	6193
4736	6135
8337	440689
51023	55052
2274	6281
6194	6206
79132	91543
8924	10489
108	5179
6139	6176
4694	4701
8945	65264
1965	8892
6175	6206
6165	6232
3203	3204
3973	104909134
846	259287
5981	57599
3659	6672
8027	51429
23014	55832
6201	114987
161	26130
6233	54778
9879	51690
8729	10945
5540	6755
23160	79954
6128	6193
6198	8202
988	55215
28998	219927
8202	9687
5528	9126
941	942
51023	122704
2153	3827
4709	51079
6205	7311
4829	5737
79895	199675
114	1814
6132	6137
6923	285231
2695	5741
51650	54998
3635	5294
4620	4626
6133	9045
830	9276
10285	53981
5695	5706
4691	9136
87	51097
8775	388552
1994	10291
4088	7316
8334	8347
5879	5898
9824	10112
1739	5290
6205	8562
8340	80349
1108	2033
6223	6224
7514	79172
9790	27340
4735	57545
701	57082
6189	25873
1639	22919
64979	118487
983	9126
6203	6222
6156	6188
5519	22919
1981	6210
5880	7454
6139	6209
9126	23063
9928	11113
23279	23332
10523	27316
3799	9585
2533	7408
10574	84617
3178	3184
6189	11224
6233	90293
112	3579
3190	6434
3921	6142
1453	653784
8365	85236
6205	9045
1902	7852
5529	6232
5976	56006
1282	1284
4725	27089
9128	55234
4724	7381
320	5864
6209	25873
22794	348995
10112	83461
4736	25873
6169	6173
6139	6144
51330	115650
4541	4724
3688	6774
3799	81930
6229	7311
6139	6204
6181	9045
2767	5296
2200	401138
9371	51014
6155	9887
6130	6228
10155	25799
54555	56915
399	57449
6233	57674
6156	6224
123099	340485
10367	90550
5451	25896
4508	4541
6129	6164
9700	9793
5747	7204
10574	10576
3190	5093
6203	6230
5501	7159
5929	8945
10610	727897
890	11065
8314	23512
1302	169044
885	2922
26091	64750
6189	6233
6154	6173
1088	338339
3837	348995
351	8698
1511	8635
6159	6201
6204	6232
4718	5284
23279	113130
3635	5579
6165	6209
1062	9793
816	4137
2099	9039
6233	8334
2305	5347
1994	55339
1524	6370
8886	84172
6173	6232
196883	285601
506	8802
6138	7311
1781	3797
3356	94235
26	10562
6167	6203
64951	64976
2956	4436
3192	6434
6152	6167
3619	10274
2633	5371
7317	140459
108	283869
9320	10075
3191	4670
23112	192669
5981	7516
4736	6233
3921	6168
701	8243
6133	6142
3913	5829
25936	83540
7532	653784
4952	286451
7311	10952
2071	5985
3915	375790
5889	83990
3627	6347
7249	57521
3695	5747
3159	6198
6124	6133
2916	3351
3183	4670
5878	54885
391	26084
830	10466
1915	6204
3191	10657
5435	9978
1033	9232
8349	9687
10618	26130
8449	79869
8337	8347
27076	146760
1453	6201
1778	2491
388	26084
988	3066
836	79444
285	7010
90	657
7783	11085
659	23118
3362	5443
6164	65008
22984	64318
9744	51454
5515	6500
865	1459
5111	5434
6152	6175
6363	6752
23627	137797
5008	7297
54480	55790
10250	11100
26284	64965
186	2913
9128	9879
5704	5718
836	2339
2968	9656
1781	57545
9867	53339
3066	23028
11236	79139
5048	151246
54908	79172
4735	7283
4736	6170
6173	6189
8314	92815
6176	6189
1669	1991
5426	8914
6154	6175
51668	83657
6206	6223
7204	55970
6205	51187
5093	51692
5558	84515
4670	51692
2048	8976
9276	22872
1936	6132
1557	1576
351	29933
88	2890
990	9491
388	57522
6047	23291
3084	5781
4695	4712
23332	146057
135228	266727
3017	8365
3675	7057
51023	51649
6137	6176
51510	51652
6161	7178
23646	147746
9978	140458
7478	7479
6160	6205
2896	10493
84231	197131
6193	6202
813	10970
5694	7979
3191	9716
3911	3918
3973	4160
51	7311
699	55143
6135	6160
6164	6230
3055	5336
10484	90411
2071	6878
2177	7398
914	924
23223	64318
79895	100049587
3833	55143
7486	11073
2048	5998
1457	7153
2801	51014
3921	6222
6139	6159
6625	23450
4172	4678
10403	57405
23586	83666
55970	126006
2935	6170
6210	25873
10552	10787
6157	23049
6128	9045
830	6709
904	25896
2801	10959
10395	23371
6164	6228
4535	4536
10155	90233
54998	64976
2491	54821
6234	25873
5725	8661
9847	23265
6161	6207
2266	5345
6790	9493
1278	4313
25831	65264
4088	5594
6152	6159
57630	83737
23047	57082
26239	353133
6129	6218
3320	10808
3184	4670
1778	9493
1347	1350
3921	6159
5879	100423062
6155	6231
9320	54778
640	5336
6746	28972
6206	9045
7456	10787
6173	23049
4829	56923
701	10733
1500	1942
64750	115290
5903	23332
9188	23560
2803	90196
1536	338339
7133	8740
6138	6175
5688	8312
51289	56923
1237	9934
55755	261734
6164	6209
6160	6222
2243	51156
3685	5023
2071	5887
2695	594857
332	79172
9604	23291
1910	6863
8341	8349
7337	197131
2147	2153
6386	10487
5347	29127
5516	6249
4695	4707
51109	54884
6130	6161
4697	4708
1232	50834
6122	6209
8907	10053
6130	6208
6175	6224
108	50837
2305	9133
6159	6207
1398	3055
1778	79867
722	725
8740	10673
5526	6249
2197	6224
57405	79682
3434	55008
6138	6204
6122	6208
90025	91694
9133	113130
5516	79172
1642	56852
1230	55970
4735	11190
26091	57542
344892	390061
54069	64946
6189	6194
57381	57514
570	6233
6135	6137
10153	84365
2197	6232
3915	7402
1933	6152
9126	10592
6950	84617
55127	79954
51143	57405
2099	9687
988	3837
1660	9716
6147	6227
257313	387129
84231	140460
10250	10772
6176	6203
6171	6228
983	79172
4519	4537
1824	1825
23601	79895
1495	5770
11004	81930
5440	10302
8453	55832
5440	27258
10022	259292
9320	26046
8347	653604
6159	6230
7124	7316
9117	90411
516	51287
513	374291
4986	338442
6635	27258
6804	6813
2625	6778
377	830
6129	6170
6189	27340
3017	8329
6165	6235
5199	56729
65083	84172
161	3482
1605	3912
54820	57787
4724	10476
6165	6218
133	136
388	23526
6165	10952
28973	55173
6161	6175
23225	79833
695	7525
1956	9341
10885	84172
1956	54206
5739	59350
6155	6189
3889	3892
6138	6167
5594	5781
9631	23511
351	7466
5331	222545
9820	90293
6877	51593
2197	8662
10713	26121
3169	7031
389	55843
6176	6205
6168	6170
6205	6206
2251	8823
23397	56992
6950	10376
5605	84292
6128	6136
6154	11224
80184	121441
11017	22826
56995	154881
846	6870
1445	1956
79172	113130
57647	84916
6170	6222
22919	22974
6631	51639
1292	1295
23160	84172
2033	5451
3105	3660
90	4088
6142	6207
4067	4254
1063	3832
9793	26005
3866	3875
3115	3119
4085	79682
10749	11127
335	4036
6430	7919
1282	1295
9435	50515
8688	8689
5868	10618
6139	6142
23291	65264
6206	11224
1933	6142
5094	9343
5930	84961
2147	2266
10946	22826
6168	6228
10802	22872
6218	55127
6146	6201
3887	3892
26190	55236
2358	170482
6154	6189
90293	221687
4717	84833
9844	10458
3054	6872
65055	219438
23122	25936
4736	6165
389	9411
3185	4670
595	11186
83597	135924
3882	8687
6139	6232
1062	1783
57545	121441
1280	84570
8697	65264
6233	10818
246	11283
6144	6188
8365	333932
1462	3491
920	5335
1062	5347
8871	9341
8544	10787
11004	55355
2358	3579
394	7204
9354	9604
9277	51118
6218	6231
9616	150726
56929	79176
5718	11059
1268	9294
3240	5005
2922	4923
6155	6227
4125	8635
4171	4173
22974	29127
5520	6132
5718	6790
3915	4811
996	9491
7175	23279
6168	11224
7316	11001
8334	8970
891	1022
2197	6170
6138	6152
1655	23658
26354	84365
2197	6128
10274	10403
1956	3675
389	2064
6144	7311
7337	51320
5023	64386
9126	348995
9343	27316
8450	55832
6159	6204
3185	3190
4116	6218
6158	6161
4116	6636
5700	5718
5928	57459
4886	4889
8945	90293
5929	23067
2058	4141
23291	55832
10693	63971
5872	6764
3191	27316
6599	57492
4627	5898
9493	81930
22845	57171
6202	6230
10413	51421
1956	2274
7178	7311
6156	6208
6129	6133
1910	84432
3301	3303
11176	64426
22974	64151
920	5286
6132	6235
3827	51156
6143	6158
3857	3868
3921	6209
6152	6165
1669	8993
6135	23521
6136	6188
6185	58477
4538	4541
2059	5294
22974	121441
186	2914
783	27091
4736	6193
3913	10970
3178	3192
4718	4728
5695	6500
1499	5708
6209	6233
388	117289
4171	4174
6165	55176
51122	54165
1536	2204
10013	51317
2033	7874
846	339403
6173	6207
79869	84248
833	2617
10652	51014
6181	6235
6135	6202
3832	10403
6169	6170
6228	6235
1809	10371
10250	84950
6234	8666
50616	116379
2935	6207
6203	23049
3912	11167
51676	140739
9636	10379
22856	55454
1774	5199
2197	9349
6387	57007
983	219771
8976	115548
113	3354
3672	3915
5439	6621
6160	7311
983	7514
1269	56670
1329	7381
117	7434
2033	6872
1445	5829
219960	285093
10403	83540
4332	5657
695	3635
7283	22897
3105	6737
6169	6188
10540	57511
4726	29796
7153	7175
3832	3833
86	1642
5711	7311
23160	51602
1660	2130
2048	25791
7919	348995
4717	29796
9459	29984
6147	6157
57153	199675
274	51429
3921	6155
3178	8175
4538	4540
2197	6181
990	84515
6160	6229
5707	10575
6434	8175
4670	6421
6233	8322
3066	6045
6156	8667
3192	7536
2359	11251
79659	92104
988	4999
915	29126
5437	7874
163	5878
4057	6709
6637	55505
2913	84539
6133	6147
6154	6170
1915	6130
3856	144501
1595	4047
988	23595
701	10403
5868	10890
1933	6227
701	64151
26234	79176
6518	84329
10051	259266
3055	9564
5880	26084
1329	4712
6161	6235
6924	22916
6202	6227
1822	1911
1646	8644
8729	10959
3884	100653049
9564	54518
3312	10576
29796	55967
3002	5551
5862	8548
996	9320
6175	6205
6168	6727
10133	81631
2798	10886
9787	55165
1398	3937
10155	10780
6129	6222
10618	51246
5566	7283
6201	23049
1237	5173
6154	6201
23165	51692
1856	5528
3320	10383
5071	23352
1476	10394
7184	9601
10652	11014
5241	140735
55143	56992
5318	5493
6130	6193
580	80010
9742	26146
3713	23581
377	29127
6132	140801
6224	9349
9551	84833
2207	3903
5688	25906
9933	84365
2358	6556
6633	6637
4926	9793
6142	6161
1991	6037
6175	6207
6130	6232
1983	6223
607	8945
1445	26191
6632	10465
6418	10592
7316	10920
5578	55970
27043	27340
5861	10749
6159	23521
4069	8635
6165	6207
9320	10489
6168	6234
3190	57794
6159	6202
3339	3912
23423	53407
6227	7311
3796	3799
5439	80349
945	222487
7311	154214
9343	51692
174	6694
10970	54972
5693	6500
983	9972
705	8602
4839	51202
891	55165
9700	57551
3903	84329
55703	84172
916	50852
4696	4715
10412	23517
1387	5929
7852	83737
8453	9820
174	51156
84105	347732
6059	8886
4641	10890
6185	29927
26589	29093
8945	285231
27340	55720
9212	57405
64976	90480
9601	10130
81537	259230
1290	1292
10615	56992
6164	6175
4710	4718
22872	100302736
1277	3685
9793	23244
351	9002
5432	6205
1981	6233
9892	10092
9493	23046
51382	160364
148	2922
8453	9320
6175	23521
6170	6227
6181	6206
301	2790
6167	6207
2521	27316
2623	2811
5870	10466
5157	7991
329	330
11004	64151
6175	6223
28514	54567
6793	10857
1969	2268
4599	8638
9636	23586
65055	128366
6209	6223
55125	79959
4695	4710
1969	2050
6137	7311
3688	4233
6194	25873
6272	9500
3106	3133
6137	6222
1783	5516
11127	64792
399	9411
3856	3866
1084	160364
6164	6217
7846	203068
6234	8562
5707	7316
4641	9371
6128	6229
6135	6208
26043	51122
25885	84172
2956	6117
7311	257397
10890	10971
6142	6147
4713	9551
6188	6189
4707	4712
6175	6194
6161	140801
26146	79989
7343	9013
146	148
158506	246184
5515	10776
4690	9448
3192	55749
899	56995
6231	9887
2863	7204
2913	4988
6152	8666
6209	9349
1287	8974
1933	6137
9730	84085
5693	5705
699	10592
1453	6234
10121	10844
50838	259292
187	11251
3339	7045
2784	6752
10142	26123
5747	9844
6222	27340
988	10592
886	887
5868	23011
1942	1945
3949	5868
4508	4512
5688	11047
6498	64750
79583	80184
6602	57492
338	3698
351	55970
55629	65110
10286	24148
9320	154881
3360	7253
23524	51639
336	2266
6122	6175
930	118788
53981	348995
8969	440689
6168	6173
5289	140735
6147	6205
6442	6444
10869	63891
570	23600
6156	6201
5501	9700
2934	51411
3013	440689
23327	79176
51514	64151
3181	5430
1933	6138
6601	8289
6159	51187
641	116028
9021	57674
885	3061
81696	344892
6307	51478
27252	55585
6208	6234
8570	10657
1933	6194
3434	23586
8615	100302736
5347	10112
10236	11338
5339	6189
4686	9879
5501	9126
4694	4712
10425	136371
9246	197131
2805	3242
6135	6204
2623	6886
6233	140458
4689	653361
5501	23332
4985	6752
5701	5713
6142	6152
1994	23283
5422	10714
699	1062
3549	6469
2521	51692
9648	79571
6158	6202
6453	22905
1781	7531
8189	10181
3655	3912
3109	3119
27229	54801
6176	6228
5862	57403
11224	140801
10285	55339
23291	57154
6210	6233
5204	6637
5528	55143
1365	100506658
2353	2354
813	84141
2023	2597
2002	6722
51320	200845
3122	54331
10022	56923
462	51156
51429	152503
64708	283807
1737	57546
6157	6228
9883	10898
6228	6232
344892	390326
966	100049587
5440	10286
4738	6923
3017	79101
8082	8910
2537	10964
1063	4288
5694	5715
6164	6201
10487	11344
2535	55970
6210	27340
8301	10618
6165	6201
1113	6855
10921	55746
10051	10403
23397	24137
1793	5880
4708	51650
6133	6168
7175	55746
1062	4751
338	2262
1605	5879
4298	9646
595	5708
1084	23601
3202	3203
84128	84946
1601	6453
5931	6839
2833	6346
2965	6749
2852	9283
990	5985
51465	84541
3837	10575
383	8993
6599	6605
4512	4519
160	6233
8802	8803
3491	3912
7317	9820
4976	55669
6135	23049
51426	57654
6461	10787
6189	8562
1812	10268
50615	59067
9371	24137
3895	5879
4713	4715
6157	6176
10193	26046
1452	6500
1081	10268
5000	7311
1063	5905
9716	23350
11102	23160
3157	6307
6129	6202
7514	23244
6605	57492
680	4829
84648	353145
6167	6181
11097	80145
2841	8698
2242	6237
6157	55181
2197	6157
3482	10618
1778	121441
26190	140459
5692	51686
6147	10399
3687	79895
1660	27316
1062	54821
6227	6229
4709	4710
2147	3827
1880	57413
1277	1292
963	7805
338	5948
32	2194
11338	23511
9341	10652
3903	8514
1781	11190
2033	25885
942	7525
6194	6201
6202	140801
988	6596
53615	55766
351	27242
6207	9045
6142	6229
80155	80218
222487	338339
6461	9844
79583	79600
6635	9883
6233	8295
2197	6152
2735	132884
6168	6218
2932	5711
29088	51264
6205	6207
3856	5493
8453	56995
7178	10399
5426	10714
5705	51686
6146	6206
7388	29796
29984	445328
5093	10523
4588	140453
2358	338339
1129	4543
5516	5781
6045	192669
6500	26263
1981	6164
6144	6158
5708	7316
996	25831
26146	92104
9927	55669
6224	6230
5595	7534
26173	51593
285093	391211
6122	6232
23160	25885
2099	3169
27340	56902
9655	154881
6628	220988
4736	6139
6916	80142
22948	63971
6698	147409
185	2862
7110	90196
3308	3312
9972	23511
6132	6227
2790	27334
1908	1910
6147	6208
4591	26263
6160	140801
8356	8365
778	779
1041	7062
1994	3184
28973	55168
963	1536
1915	1937
64410	142689
6189	6234
6453	29763
10285	23350
1387	4205
6202	6232
10425	84085
6124	6228
57531	90025
51650	64951
1669	10394
4710	4717
2799	5707
5023	326624
3267	10096
10613	11160
521	4724
3921	9136
1439	5568
3488	7857
9877	100381270
5822	22984
6154	6203
10671	51143
4706	4725
11102	134430
6146	6228
6182	55052
4701	10975
6144	6203
26146	64792
3921	6147
8349	387103
54620	84231
9181	171177
3185	5094
4047	6713
2625	27005
391	8503
1269	63940
3854	9119
4726	7388
6809	9341
11176	51742
5861	10540
3607	7528
2286	5479
127247	131405
274	6453
6160	6194
56923	259293
6142	6154
3188	10594
4697	27089
6138	6203
6635	51639
6152	6218
6173	6223
9793	55746
4343	84441
6418	7514
5695	5701
9793	84131
6224	6233
6122	6181
5347	5905
11275	26224
5930	26249
6156	23049
3181	10657
50835	51289
6170	6230
133	55970
23142	26190
1994	220988
1650	6122
811	813
3607	55252
8655	55839
6128	6169
6206	6210
6136	6189
8453	9666
1084	2358
5741	594857
6133	6137
11004	55143
10890	51552
983	51053
7337	26190
53339	57531
79718	80205
27095	149111
6129	6169
2784	2847
6422	7474
6125	6143
5438	6637
6125	6233
8085	9739
5688	5701
7337	10193
7343	57459
5708	51330
5330	8477
11275	136371
6169	6231
5557	23595
1315	9570
857	1956
6173	6230
4736	6223
6124	6128
6233	23049
6138	6194
164	2799
11250	83551
4172	10714
677	56915
6147	6224
6228	9349
1949	2045
4952	9562
988	11193
6790	9787
6152	6161
1121	6764
55720	56902
88	4626
39	3157
6129	6130
6129	6165
6428	220988
7840	57787
6173	25873
274	23149
4736	6232
9228	9378
3191	5725
3913	9459
1508	1514
9968	23097
2770	5599
3914	5829
5347	9918
5048	5516
6146	100529239
118430	727897
6139	6152
64386	84329
338	4036
8907	23396
9787	64151
3558	6198
4172	6118
521	7388
1302	50509
54820	146057
3444	3451
6709	8729
4867	79600
6159	10399
7311	9341
6156	6202
988	9793
2064	6233
6122	6136
9039	9246
133	79924
1121	51715
7311	23586
8970	126961
54069	79172
4216	10912
3107	3134
1495	5868
5029	5724
5701	11047
3718	7297
6194	6228
5108	22832
6137	79707
6160	6204
2185	3718
5688	5705
861	6595
6176	6218
3183	220988
5903	54821
22995	27229
2914	3350
3437	55601
6222	6234
9690	84231
4353	5657
6130	6164
1050	7124
1174	10016
9410	57819
4509	4519
3689	199675
1058	79172
29796	54539
830	10282
9039	10477
6201	6204
2840	84634
3799	10749
701	51203
1116	5199
6746	58477
1991	3240
3491	3915
6170	6171
389	30851
26235	90025
6637	51503
27042	54881
4924	5589
8337	8349
79003	81565
4715	7381
6222	51187
2537	3433
29127	54443
6136	6176
6137	6206
8560	123099
6240	10051
6155	6175
4057	56729
6234	9887
9928	259266
4853	27327
6125	6146
3119	3127
6643	58533
4700	4724
2521	5725
9816	9875
4713	4726
9869	333932
6142	6164
51692	80335
7272	9833
641	2177
25909	55746
2475	6654
335	345
3094	57649
7520	79840
3437	91543
6430	10949
163	54874
6202	7311
824	831
1394	4160
388	7409
23370	171177
6169	6209
8581	154064
7311	54874
2550	51083
4998	55183
1933	6160
5469	80205
891	9787
5705	5971
6122	6207
1861	27348
3433	4599
1933	9045
3672	6709
6193	6231
4539	4540
11193	22826
6161	6167
28981	79989
671	3240
7311	23049
8347	126961
929	7097
6229	6230
1490	7004
1062	23332
9377	54539
1387	8085
2852	57007
1605	10298
26589	28998
5179	283869
6176	6232
6142	6235
6502	136371
10660	390598
5558	23595
1981	8672
3192	11338
566	1511
3212	8338
5726	6755
329	5707
5196	6370
11004	113130
3619	54821
6206	6218
10926	63967
4288	26586
6502	200845
1329	10476
332	259266
6235	27340
2054	8673
3308	9631
259293	259295
522	539
537	10159
3071	10552
2071	10920
389	94134
5339	6194
1933	6207
3579	5515
6129	6154
10540	24137
344892	390058
23352	54850
6169	11224
6455	8673
6206	6233
6124	6230
1457	1857
5266	6707
5519	51400
6147	6189
920	9026
6160	6170
4171	5422
6159	6203
9076	137075
156	8477
5290	5970
6130	6175
23244	23279
916	940
4171	4678
55863	91942
50831	56923
1277	1291
4738	285231
1500	51474
1062	1315
8945	23014
1555	54600
7316	9929
1676	3837
6147	6156
1277	8974
1639	9371
999	4646
6124	6193
6152	6227
6870	51764
3190	10236
6925	6938
3301	3320
988	55183
2209	6688
3184	220988
3191	79869
5529	81930
1495	7082
746	1603
8638	10379
9564	10787
6229	27340
6125	6222
1495	3799
10382	91147
1347	4726
7057	83706
8329	8365
1062	3799
963	3683
3055	9844
5529	6233
6132	6224
6850	64170
988	9475
51116	92399
4709	55967
1479	10236
9378	54413
4736	6159
5725	27316
55720	79954
6159	7311
1536	8655
54951	64410
1662	84365
4724	91942
7311	8453
5592	8654
332	991
3718	50615
3274	285601
4736	6228
7314	64320
2792	391195
514	1350
522	84833
521	4713
6159	6161
1292	55214
57405	79172
6218	10952
4116	6167
6168	6207
6159	6235
26589	51264
3838	22974
6143	6202
6202	7178
6128	6173
5338	5579
7514	9972
5528	23279
9493	22974
4540	4701
1667	1668
6159	6224
5516	5598
3690	5908
3913	10298
521	7381
7327	26046
10921	10949
9295	9410
1062	259266
3713	6699
55635	259266
1268	64805
22919	79172
1857	2932
6135	6175
9276	10959
1793	3071
6209	6218
5286	7311
6636	8683
6206	6209
2861	56923
6124	6138
2359	6370
4221	11168
4176	5422
350	2266
1839	3976
22974	259266
3799	10112
6181	7311
10890	51715
54778	57542
3912	5954
9188	84172
932	57153
2975	9329
9212	79003
23028	283248
10733	132320
26224	197131
1965	1973
6154	140801
8349	85236
3105	10475
3174	6927
3673	3683
3091	7316
6625	23524
11167	84141
3190	10432
3184	51692
8139	55658
2912	3355
6133	6154
338	4973
55142	203068
915	3118
10592	259266
5903	23279
800	3672
824	7525
81930	151246
5870	57511
6790	11065
3190	27316
27334	55970
5707	84962
1129	2912
335	350
10914	53981
514	521
54575	54600
6129	6175
1292	10536
1232	338442
7305	10870
336	51156
1495	1942
3354	51764
7919	10949
4702	4724
84946	88745
332	7272
4736	23521
11014	23046
891	5516
3937	7454
9553	54998
10970	11001
6125	6135
1062	83540
8349	79019
890	7298
4736	6143
6232	27340
2197	6204
5688	5715
8698	59340
6144	6155
6157	6189
6176	23521
671	8993
26224	283807
1793	9844
259287	259295
6137	6160
2623	3674
5747	8976
8338	221830
5725	9716
4641	10552
27125	79577
6209	6231
55658	223082
6168	9887
4599	10379
8976	22905
3895	3915
199675	338339
3889	192666
2274	284119
29933	55970
6233	221687
3309	7184
4582	10331
6159	6175
9039	136371
3111	3127
1434	7514
9933	10153
8916	10425
1154	23014
6194	6234
6206	6230
5529	55055
1915	7178
6169	25873
113	9283
1478	3188
3693	5829
10540	11190
7003	10413
147	2150
2197	6146
6202	23521
1063	259266
5516	5707
2033	10847
8886	51388
2790	9138
3685	4035
23223	79039
7137	7138
3579	729230
1462	10082
6233	23014
6218	6235
8451	9730
54539	55967
2932	5526
1579	8529
9320	197131
695	5336
5438	6827
5869	8301
8329	8337
10236	10594
4725	55967
9793	22974
991	10477
4057	57554
9133	83461
746	100128731
6227	6233
6181	55181
1329	29796
2519	11098
1933	6147
5469	126382
9793	203068
259292	259293
64284	401409
213	5340
27198	63940
7316	9341
6714	10413
6124	6156
7311	64750
996	5708
6157	6202
3690	3791
7337	11275
2796	2867
2207	2212
9672	64131
8027	8301
5023	10857
111	3354
23265	50807
6170	7311
25909	57122
813	1435
4670	10949
4736	6235
999	1942
6205	6209
867	8301
9730	51514
5693	7314
79867	121441
6135	6138
2165	2244
3619	113130
1232	8843
1894	54443
797	7252
3192	10523
1634	4060
867	6654
6204	9045
51602	55759
4735	91147
51264	92259
1991	6036
79019	85236
10885	23160
699	83540
3482	22848
8243	10735
5328	5329
22878	60684
6619	10623
8351	8970
566	8635
6160	6167
10735	57551
1915	6175
727	846
5725	9128
10970	222487
1365	1366
9133	51512
6231	25873
10051	64151
55142	132320
3713	6705
6164	11224
680	3358
23160	27340
22954	23291
640	7525
3191	23283
9493	29127
2801	5862
6146	6202
2168	3158
4540	4712
80224	374291
8451	55208
3689	79895
2976	11128
2178	2189
23014	64410
8969	128312
6204	6223
932	79895
6168	6204
2966	728340
3192	51692
3833	9212
6750	6754
8976	10787
2207	3689
7704	142689
60	5879
1902	55970
6164	6222
9793	55755
26523	27327
1991	8635
6122	6160
5077	6663
332	23332
841	1281
23291	26190
2799	5834
6135	6141
6223	140801
1783	25839
6237	10371
6152	6208
23601	57153
990	55388
5199	6709
5788	6688
1120	1375
1062	79172
10943	54556
2811	2815
3673	4233
57674	151636
9793	23047
489	4853
6233	26130
1991	4332
341276	344892
3355	5179
302	3074
81567	93100
1490	25937
9276	11070
2521	3183
5552	83706
6124	6160
6160	6188
9883	51692
10324	201456
6605	9031
6727	140801
6158	6175
6146	6176
6144	6161
3685	3695
377	5861
4707	4710
6132	11224
2735	6608
91	92
6182	51081
1511	5657
890	10733
156	2121
6168	6233
2237	23649
6138	6233
5594	7533
6232	81930
5290	6667
1241	1902
4852	5179
1933	6188
50838	56923
6128	6168
2243	2244
4736	6157
6232	6249
3434	10964
57539	79659
5685	5700
1453	6193
11196	126003
4173	8914
1062	9276
1108	3094
9793	57787
6204	6230
7334	64320
2792	65055
10426	11064
3718	6777
4694	4695
6201	6218
8337	85236
8085	8945
4599	23586
5741	122876
3184	9343
10155	25888
2788	5294
2935	23049
6132	54512
5869	26130
553	6869
8945	89910
3163	5023
9212	83461
705	56919
4713	9377
624	9630
29984	55843
8600	50964
915	286749
3913	5747
6156	6167
6228	6229
351	5340
1133	9002
4724	4725
3683	3903
7314	9134
3836	22974
3799	9493
974	2213
23586	29761
9883	11218
5688	7979
1956	4837
55720	84916
6233	7098
7098	7311
301	27334
57154	89910
3921	6206
328	10038
1459	9918
940	5879
8243	23047
6209	6727
5526	7316
2968	57804
26190	57542
6144	6176
3912	10970
5795	326624
3013	8363
966	64386
10857	84329
2099	54828
1058	64151
10403	151648
9716	10921
6139	6154
5119	51652
3619	23047
8363	126961
7311	90293
5516	5520
3191	10492
10342	81562
4734	26091
8843	50834
64963	64975
9700	79172
1559	1576
1557	1559
1432	5062
57542	144699
115290	154214
6176	11224
2197	6168
10236	10713
3678	5329
6750	50837
87	3688
9700	10274
6160	6218
6159	6229
7514	9793
22905	51429
4694	4713
5872	8766
6209	6234
950	10254
5021	5332
6147	6207
2071	9014
10097	50618
9875	22984
6233	26043
9969	10499
6207	7178
5094	5725
1387	23097
1173	5868
4738	28991
3843	55705
9793	81930
6141	6193
6155	6173
1650	58477
10902	54617
6194	9045
54778	84231
6144	6159
58506	130074
4709	4725
4050	5716
11157	51690
2792	5145
4331	5436
6137	7178
3837	7175
1669	3240
6176	6235
2305	9833
2551	3054
1315	9382
80097	653784
3458	3586
113	259285
4116	6160
6233	23168
9833	11339
4514	4519
959	10673
3796	10735
6208	11224
9144	11322
1362	3482
4159	53831
595	896
6135	6161
6170	6175
2197	6193
1500	7525
6204	140801
55143	55355
6124	6194
393	11014
632	4094
6233	10110
10189	29107
87	1499
3006	8337
25885	55127
5339	6133
6156	6228
5714	6790
3909	3911
1824	1832
5657	23197
7454	10552
6160	6206
336	5948
6122	6147
1933	6189
3718	6776
5829	6461
2767	5330
23291	56929
23404	54881
7311	23521
6175	6228
6161	6165
643	9294
5708	5970
3913	3915
23149	115548
10975	126328
3909	6385
8655	60673
6222	6230
6144	6235
9320	26268
3017	8970
4436	51434
387	7094
3915	51280
1340	1350
388	257106
1365	24146
6158	6234
344	26020
6136	6142
2792	2911
3684	53831
10592	54892
6210	6223
2107	6137
5822	55127
4712	4724
1662	9136
22794	81608
1386	6605
7153	9688
2798	56923
26232	93611
2695	122876
680	846
2792	10563
6185	84061
6133	6136
6836	9276
23586	54476
627	5599
6203	7311
6189	6230
5586	5879
336	462
29927	58477
53615	85236
3850	3860
10749	11015
9150	51497
1292	8974
1659	9716
6137	6173
9133	9833
6234	9349
10250	22794
2817	6385
10193	80204
6208	22803
4116	6206
23291	56995
1956	7311
3105	3107
6128	25873
5439	51755
6156	6230
23511	55746
5702	5705
391	397
6143	9045
2197	6129
6167	6173
5528	23332
891	1783
701	9824
6217	6232
1173	9341
22948	84617
11157	51503
6147	6173
10383	84790
2912	4852
3683	8514
1062	1063
3565	3567
324	6233
81	9564
6228	7311
5439	5451
3118	3135
6209	6229
1933	6205
643	1268
6161	6202
23279	25909
6144	9045
3113	3122
22803	27340
6133	6173
6205	53918
5868	5869
5861	10959
25885	27340
55143	57082
2641	346562
29093	51023
6189	6207
197	2266
996	54778
10540	57545
6210	9349
1161	7518
719	63940
10970	326624
6137	6223
3190	220988
4116	84844
5119	9798
6387	11255
5868	51552
3852	3853
3091	51122
570	54363
6136	6201
2957	6619
335	2243
988	51645
3169	55766
6136	6207
57405	348995
6139	6223
10663	56923
6222	7311
6138	6156
6707	147409
9672	375790
2672	6688
378	11014
2535	5599
3105	3134
8886	56902
5519	79172
701	10592
387	7046
6141	6223
1129	5173
3903	10857
1364	1366
154214	221687
904	51755
695	6850
5332	55970
55066	57546
4298	23168
1981	2197
28973	64928
1453	6202
6146	6230
1499	2932
4519	4540
2792	6752
3178	10949
890	983
672	5438
8883	136371
1000	10970
4904	10465
466	1386
29889	51154
160	1213
991	2305
6138	51187
10970	338339
1191	2162
57405	79980
3912	4240
6230	6232
183	259287
6146	25873
187	5473
6160	6201
6233	54363
4670	7536
3921	6128
6189	6229
9320	22954
4998	8317
1387	9757
8976	10552
6169	6204
2683	2720
988	24137
6124	6189
6228	27340
7032	7033
7532	80097
10285	23451
7311	23600
6189	7311
6159	6170
6229	9045
1329	1351
6207	53918
1605	3915
8074	8404
6152	6229
2197	6218
10762	55143
156	301
1794	5880
6156	55272
6130	6165
6135	140801
1315	2804
10466	11014
9793	79172
377	3799
302	79026
9700	55143
4670	6434
1577	54576
6156	6168
55839	55920
140458	285231
5880	27237
886	2846
3354	4886
25929	57122
2792	5741
10959	55605
3184	10189
23046	51014
55759	84154
23608	140462
3115	3122
837	841
3222	3225
6135	6210
890	11004
2841	55970
1329	4726
9282	9611
2305	3832
2197	6209
1291	5351
10920	55884
3422	4800
2847	2918
28998	118487
51	5194
57787	146057
6678	7424
1088	6556
56919	57647
701	9700
6152	6157
6157	6230
6204	6224
5692	5701
3481	3827
6133	6152
4312	4314
8351	440689
2885	3655
4509	4536
1783	5903
7153	55746
9283	11255
6209	23049
6142	9045
988	5983
2683	84061
6147	6168
6232	23521
9341	51542
5981	10051
1783	11015
3320	9844
846	51289
1610	4843
2967	51755
10274	55055
1793	8976
699	11004
9632	22872
4998	7027
1933	6228
4116	140801
3178	6626
3178	6434
2817	4035
1394	3973
2185	5829
85476	116541
389	7409
4540	25915
6142	6143
7158	7311
1660	3190
2243	5345
1500	4646
6168	9349
55339	84271
26190	55832
2209	10152
5868	5870
55143	348995
51444	57531
3685	8514
3113	4261
2932	23291
3105	3133
1763	55388
4172	11073
383	4353
6203	9349
6517	84246
383	671
3937	7462
4173	79892
4233	8976
7311	8976
1781	121441
2932	5704
1295	55214
1956	3655
6135	6142
138805	344892
7466	51280
6133	6176
3640	387129
1004	1016
4726	4728
2740	5739
1956	5782
11051	85313
50838	259287
6159	6209
116540	219927
3106	5696
51692	55339
3837	9972
3886	54474
3178	3191
1062	10592
899	51343
8351	126961
56923	259292
831	23209
8452	200734
6152	6189
3579	57413
10197	64682
87	7525
2150	5021
6144	6181
6698	126638
79050	317781
5829	7852
1778	3831
9690	154881
10733	347240
22905	115548
8349	79101
5451	55718
8976	10254
5928	9070
54973	79664
1810	55689
6233	151636
6208	6727
3491	3913
1981	6230
9752	56141
7184	7466
1537	4722
1477	24148
335	2266
8453	65264
2197	6207
6125	6129
7318	283807
3553	11213
10576	10693
1453	6223
6159	6168
6208	6235
1230	29899
2033	10014
5777	80184
6218	6223
6227	140801
6631	84844
6122	6206
23310	64151
143279	154214
8314	171023
10885	23404
1994	10498
8881	29945
22984	23223
23304	140460
6426	7919
57521	389541
4696	4710
4519	4538
6130	9045
1981	6135
6129	6142
6164	6206
23309	79595
983	4288
79682	147841
6194	6202
11100	11338
3655	3918
344892	387748
3434	5610
6135	25873
6147	6202
719	945
9739	26523
2792	388531
4008	55236
5879	7454
56923	259287
389	29127
514	1345
57082	79172
388962	552900
5034	5479
10096	10097
54732	285643
2846	4923
861	6604
3115	3123
904	5431
3437	4940
1915	6124
1915	6139
3512	57050
6133	6231
930	5336
8976	9341
6161	23049
7415	23526
6201	6210
7057	56999
4508	4519
8453	54165
1058	55143
6189	9045
127247	148581
3071	8976
991	10726
6170	23049
1576	54600
111	1081
64131	375790
5657	56729
351	1234
10575	10693
1081	51764
6144	6201
6130	6160
6830	55677
23332	91147
3827	5005
2788	50865
5695	9232
8453	79699
3619	79172
7756	64149
6161	9045
2023	5315
8337	333932
7320	9604
102	160364
727	51289
3619	51143
6130	6159
6152	6169
6737	146330
4710	4724
5829	375790
5438	27258
5575	8826
51071	126133
6136	6160
5706	5714
5684	8312
5903	9883
988	8243
55143	57405
1347	4713
399	10144
7529	51552
332	9493
3185	51692
28981	92104
6132	6204
6206	27340
11169	79915
5430	9611
55339	55749
4677	8565
7311	8945
972	3127
6229	140801
196527	326624
1453	6189
112	1880
3093	22954
1398	9564
6229	11103
6156	6235
831	3688
6181	6194
8945	23304
9348	10082
7871	8428
5708	29979
3396	51649
3921	6232
5984	7298
23014	142689
904	9646
9739	9757
6233	26190
3133	3659
1314	9276
11004	54820
3918	4233
6288	6863
23325	387680
6122	6222
1315	9371
7472	7482
6173	6201
3685	5747
6133	6161
6133	6189
10885	27042
6233	27340
10594	23450
8341	8969
8636	11258
6556	100049587
7779	27173
3912	3915
11022	143689
3675	4233
6647	11315
2814	2815
3832	9585
11190	23332
1291	1295
1650	6184
4775	5534
324	1857
5431	23398
54820	55143
6155	6223
26043	54165
5473	11251
1236	4544
1129	4889
11130	79902
4734	22954
1981	6232
29927	100526842
208	57148
4734	9604
6749	80349
831	5747
6202	6223
9870	57542
4111	158511
3092	9146
3921	6189
6135	6222
10799	88745
6173	6218
6637	84844
8945	55832
6925	6929
6134	6228
1832	11187
2914	4988
4708	29796
391	94134
27340	84916
332	9700
4508	4536
27134	100506658
3320	85378
9716	27316
10022	259287
5529	7514
6133	6230
5436	27258
108	6750
1129	4852
2266	3827
1956	55914
6167	6727
23322	80184
5270	5329
5711	6233
51320	55175
156	7852
6130	7311
6203	6207
988	9967
10282	10652
11128	84172
695	971
399	7409
54751	83706
2912	4889
6201	6222
6130	6137
846	259292
6130	6170
6142	23521
3190	3192
991	64750
813	5954
4736	6160
2065	3691
9820	89890
6132	6170
55143	220134
6155	6165
5697	6376
344892	390063
7311	85015
672	5893
6430	8175
7184	51726
3842	10527
3797	24137
6139	6147
1062	10403
6801	7871
5516	81930
4670	10236
5451	79664
5878	7037
963	84329
5519	9183
212	2623
813	3569
6175	6203
26338	65055
9636	10561
1315	4905
6147	6170
3937	11184
51203	64151
4809	5435
3304	9531
6135	6205
1500	6714
55781	84135
3433	10561
5528	113130
811	5589
5528	9793
6136	6224
2767	5599
6154	6176
335	5948
3191	10713
57154	57674
10342	10427
9877	23279
689	4666
2197	10952
56992	64151
920	3702
2975	11128
11091	81887
6430	27316
4495	4496
28959	55365
5493	11187
111	799
1911	23028
6152	6224
54148	64928
6128	6208
3710	8826
50831	50832
5001	222229
5652	6692
6827	10302
5627	10461
11218	55746
5516	5529
1058	9133
3107	10475
9904	79050
5684	5695
5777	7409
3313	5903
6233	6235
10952	28972
197	2147
567	6890
6921	10987
1398	5829
5879	50807
830	51014
5439	6923
3105	5696
8687	54474
695	5777
9128	10594
3001	5551
3187	55696
5861	10890
891	8655
7316	22954
9604	22954
140453	192134
779	783
1329	1340
4540	4695
6135	6152
26224	84085
197	3481
4514	4535
6156	6227
5981	57804
5368	50865
55236	197131
6165	6168
1537	4728
6147	6201
6128	6228
2197	6203
4173	9126
5432	23379
6124	6222
53615	92815
1088	160364
8334	85236
2769	5330
399	5879
54856	55870
4735	23265
1994	4670
10992	79869
5438	23524
3913	54972
5547	10970
6160	6209
6500	7320
671	56729
727	50838
4751	259266
274	9322
26268	84085
8717	9530
2517	2990
6161	6188
672	84464
5707	64750
567	3659
9283	57007
6230	55272
3191	10949
6173	6208
1573	1579
6136	6161
6147	6229
3764	10060
10914	79869
1830	3713
2033	9739
116	59350
6137	6147
6138	6164
3832	6240
11190	54820
10427	11196
3886	8689
3178	6428
54821	151246
10403	79682
6122	23521
2935	6203
10403	64151
9183	113130
8723	51143
5695	11047
8976	25977
963	5023
22954	57542
551	6846
2958	5435
8356	440689
3921	6181
6147	6191
3183	6430
1292	3688
28972	90701
6432	6632
1938	6122
8560	196527
9436	259197
5660	84061
6170	10952
5868	7879
6626	51593
2243	3698
10592	51203
1969	7525
3361	3627
1022	2810
10885	25885
10236	22826
160364	170482
2147	2243
1080	2147
3856	3875
3303	3320
10436	51202
4297	6045
2207	23533
7478	7484
2099	55766
5501	79172
727	56923
120776	344892
2491	79172
83540	220134
6164	6188
890	84515
57551	79172
51429	115548
2222	4047
6142	6203
5983	56852
4736	6125
26190	65264
2207	8514
1605	3672
5684	5688
29945	84108
6426	23517
811	3309
57405	113130
3267	10618
6142	6175
6164	6235
9820	56658
248	152330
4539	4541
3685	3693
6233	8445
9739	27327
5870	8766
6164	6224
1968	8661
28987	51388
4690	10096
121504	333932
3157	4598
6637	51639
2197	27340
4116	6152
6161	6210
846	50838
2195	7124
811	5034
324	2932
53981	79869
2185	5747
6147	23521
8356	126961
86	988
9967	23097
6201	6234
4074	29993
11339	64946
6631	6635
3619	29127
56895	137964
1908	84432
4033	10970
6137	6138
6130	6169
8976	51429
7913	9015
8453	115290
1395	2848
6168	6208
6185	57171
2033	8243
5795	55754
6137	6202
821	10802
6429	8175
8881	26224
130340	152503
6139	6224
1894	5879
991	259266
9045	10399
57662	144100
6202	27340
3689	338339
23063	23122
1937	6222
6189	140801
1783	54821
6734	58477
3013	8334
10714	80010
10236	10291
988	51692
6189	6228
6144	6218
8969	85236
857	3688
6223	6227
3921	6160
6161	6169
1290	1303
6173	7311
5516	10023
890	151648
10749	29127
5424	5591
6129	6155
353142	353145
6193	6233
160	29924
6130	6223
3710	5330
3837	57122
11274	23586
1454	4751
6500	9604
251	23627
6147	9349
5981	23244
1290	5351
26716	344892
25827	115290
5829	9844
3122	11184
3903	5023
6430	22938
721	3426
8581	27076
7536	27316
4736	6176
1129	5179
6874	83860
332	5347
3675	3914
6222	9349
1277	4060
1933	6202
8243	57082
6128	6201
3357	5737
1457	10051
2033	8289
56165	136991
10592	23310
1908	6863
25926	117246
4695	4709
2962	54845
813	3371
580	10714
3304	6233
5725	9343
388	397
6139	6194
3685	7525
7311	23291
51465	140739
988	8449
6218	23049
1294	2157
6453	8976
1589	3290
6135	6233
6171	6235
83551	134860
11325	83443
10733	11190
1453	6208
10112	10749
5518	6228
80328	116372
116	94235
1639	1783
2801	11014
983	11130
6139	6165
4172	7298
4174	5424
7536	9716
7031	8202
2621	10272
1062	57551
6203	6223
5879	6249
6156	6165
1933	6133
4541	4726
6188	6204
114	259285
1911	57504
6231	6233
5335	7462
6227	6230
4697	4717
2935	6164
1994	7536
4736	6222
4735	23322
890	6502
3921	4809
10952	58505
1143	64114
4736	6207
6169	6202
1001	1500
5529	7525
1983	6234
6157	6224
6173	9349
6202	6218
10972	51128
4171	4998
3702	9402
5868	64145
567	10475
226	2597
344892	390059
2185	5879
8886	23160
6709	7430
9126	79172
4734	23327
25831	140460
2064	2065
90293	143279
2197	6137
783	2784
5725	220988
5688	7314
3832	64151
6142	9349
89910	143279
7027	7298
10841	200895
1981	6222
138803	344892
1387	5469
6714	375790
945	79895
624	51764
9462	153090
4736	6147
6144	6229
3866	144501
8329	317772
3832	7272
6169	6203
6228	6234
639	3662
8202	23389
595	4609
3200	8338
6157	6159
338	2153
516	26521
6700	353133
25942	57690
988	7919
637	4170
186	3350
6233	90678
6156	6171
10972	81876
1120	5130
7514	23039
1915	6144
336	350
6147	6181
6173	6175
3071	6461
9045	25873
7311	55008
846	5737
1793	6714
7018	9829
545	6233
9055	9493
4288	6241
55008	64750
641	7316
1462	6696
2189	80010
5199	126014
10663	51289
5433	55197
7525	11099
6790	84962
695	3710
2197	6176
3688	7424
2962	10291
6152	6232
174	3698
8661	8672
6209	9045
6208	6233
6167	6209
6160	25873
4088	23327
846	2798
996	57542
64979	219927
5708	64750
10051	23244
6146	6169
6207	25873
6122	6203
683	199675
10714	23649
85236	440689
22984	79039
4736	9045
695	5293
4707	51079
6194	6205
2207	3937
81	7057
974	1445
1129	6751
6208	6223
5599	9043
8853	11014
8340	79718
283111	344892
990	9156
1129	5733
3312	8871
55168	64928
7156	63967
5714	5718
6133	6206
6142	6230
6144	6169
147	5021
6155	6234
6170	6229
2197	6210
6189	23521
79470	344892
6128	6167
5861	5868
3482	5868
5929	10238
516	8604
6128	6152
6429	9295
991	9787
301	7852
1956	2059
6208	6218
6124	6173
4236	10291
5695	6790
1337	1347
6223	55127
3579	8766
29127	51014
6129	6208
79980	113130
11100	23524
6135	11224
5516	51400
6122	6234
1994	5725
5950	7276
6155	23049
6139	6230
10403	81930
5700	5705
2491	5903
2784	594857
3659	3660
55131	64318
8945	11059
2916	346562
6233	55666
6147	7311
5438	10302
1105	4343
6193	6222
9044	55814
2962	4298
11339	79172
6139	6205
3660	10475
5746	59350
163	51429
6133	23521
6233	257397
2071	6830
1942	1969
6383	10082
6426	10772
8301	9341
51118	84946
4508	4514
695	7454
3852	196374
636	25782
3017	6688
7037	54885
26531	344892
2803	7110
5584	56288
6143	6201
29118	63876
4173	81620
6168	6230
3091	84962
2533	3937
6122	6228
5777	7852
4738	9978
6133	6234
8243	9126
23283	55749
6170	6201
999	1487
4173	5426
4809	11325
6152	6222
26290	140453
6141	6203
657	9765
2149	2151
3609	5725
5610	23586
158506	285231
6385	375790
6169	6176
4734	65264
6155	6176
6133	6228
6160	6234
10250	58517
197	3827
1778	10577
6135	6164
1062	29127
5984	79915
2153	3481
6193	23521
10540	22930
1075	6278
54850	136371
9700	23279
890	9133
383	4942
7434	594857
5516	7525
155	6343
1656	27161
6147	6167
54845	80004
1937	6128
10250	23636
6204	6227
10403	113130
10920	150726
127385	344892
3054	3607
389	57522
10403	220134
1453	6207
2197	6175
988	10236
3214	8338
1287	80781
3685	4240
6201	6206
6156	6160
2597	5230
1829	11187
2204	160364
22974	23332
5436	5438
6141	6159
3797	29127
9727	23265
1983	23521
973	29760
6330	6340
6204	7311
5928	57649
1605	5747
378	10959
2817	375790
1398	2185
10112	29127
10489	22888
27241	166379
9700	25909
2185	2268
5094	27316
1778	4867
6133	6155
1933	6136
9716	55749
3918	9459
6059	55720
6158	6218
23533	55970
1063	81930
29093	219927
25831	143279
7409	7454
1783	6709
6189	6235
335	2153
891	9493
8189	10921
197	2243
23235	55437
10491	85301
4535	4537
6160	6233
3055	3572
1291	3688
9025	9656
3113	3123
8317	63967
351	10970
10022	51289
4736	11224
6167	9349
830	55604
112	57413
5518	6164
2266	2719
9700	29945
10193	26118
983	9631
3491	5954
659	9765
29127	55872
3624	10272
9833	259266
3978	5424
1435	1462
23332	121441
64792	92104
4588	26290
3921	9349
329	7316
5868	57403
1314	26286
4332	8635
7314	10920
7514	55746
10489	55832
5330	9002
6156	6173
1133	8477
1793	9564
990	5707
566	4353
2982	2983
6632	10907
5230	7167
6173	6227
6136	6147
3191	9987
991	64151
393	5879
26235	158506
1956	3912
4952	22905
26005	121441
6204	6206
1007	1013
8468	91646
6122	6155
6209	8562
2491	6232
10592	24137
695	5335
336	2243
1308	3918
3672	3685
351	3912
1062	7272
3695	8516
1655	11325
1915	6207
301	55970
6144	6232
2475	9821
134	6376
9341	115548
5286	55361
2841	63940
302	5707
7090	7091
6143	6175
6455	7316
55252	221937
1282	5033
6142	6155
813	3491
11015	23046
8337	653604
4288	9700
2798	4829
2266	3698
5880	171177
3619	3832
7153	55143
6194	6222
10574	22948
100	51816
641	5427
27316	84991
80321	91147
5093	5094
9069	9076
117	5741
344892	390064
5977	8289
60	2597
6218	6232
1660	3609
963	10857
9320	10193
10274	113130
60485	84962
23511	51692
79875	171019
6234	6235
2197	6229
6133	9887
9655	50813
6143	9349
1943	1949
6231	9349
836	5058
185	4922
983	6502
84676	140456
5903	23511
10112	81930
6923	140458
9246	51088
6142	6194
5685	5705
4738	5715
993	1111
3921	6203
9126	9700
6628	8683
6147	140801
9666	143279
4695	51079
122042	196883
3301	3304
6202	6207
10102	28998
6146	6160
6747	23471
8085	23067
1832	2125
155	796
988	9774
891	81930
4709	4724
973	974
1290	10536
5869	6453
8334	8365
2224	6721
8924	23030
4538	4712
5266	6699
4194	57690
1781	11015
378	9276
6146	6218
5869	9341
5004	5005
1595	3157
1232	4986
1435	3371
4131	5048
6204	6208
10952	90701
4088	7048
10193	25831
6158	6168
23014	79791
81797	344892
6135	6231
2792	343172
156	351
988	23397
2197	6234
867	5781
1462	8542
6727	7311
6993	10755
999	3728
7164	152503
4928	9688
3123	7535
1453	6229
1062	9183
6232	6235
6201	6231
6133	6143
4670	10291
6132	6165
5707	8453
5713	5715
2625	7031
7476	7483
6141	6176
6429	10250
4116	6146
2060	9829
11345	81631
4736	6141
3837	22974
6122	6159
10236	10250
9493	9833
226	2821
6181	6232
6135	7311
391	171177
9320	84231
10466	55275
3133	6890
2197	6138
274	1956
4734	7316
3915	5621
2967	51426
3836	3837
680	64106
5189	7311
6036	6037
47	1431
6188	6229
604	933
3192	27316
566	6036
9021	140462
6173	6235
6164	6165
6165	6227
5708	6790
126638	147409
79600	80184
5515	6157
10413	25937
6122	6144
7311	25831
1983	6232
712	714
5829	7430
3683	79895
972	3111
29093	51258
6142	7178
1293	1300
6160	6235
84418	100049587
6161	6234
6232	25873
916	917
6727	10952
830	10540
1081	3623
51081	51649
5518	6232
2358	160364
6233	55670
3687	441864
1306	50509
6169	6222
7454	8976
4738	5688
4172	9700
9039	283807
2255	26281
9700	23122
3689	5023
2197	23049
640	5079
3663	4281
6160	9349
23067	57690
6168	6209
9702	22995
152	11255
3178	4670
7139	7431
6202	6235
6240	11169
22894	54881
26523	192669
6836	29927
6168	6206
6135	9349
9903	221687
1660	55749
6188	6230
5879	64333
23304	56658
9700	113130
7514	23279
6218	6228
2023	5230
6601	6605
53905	90527
10403	55355
9055	22974
2033	9031
1981	6154
4116	6169
1812	51764
4952	9886
3619	51203
5347	6232
1933	6128
5286	6233
5828	5830
6158	6205
7272	64151
4852	283869
6194	6217
6427	6434
26155	84172
8347	121504
5861	11014
1088	2358
11073	63967
6175	6232
2197	6235
27125	55840
5685	5688
4969	11081
5501	80335
9283	51764
23352	136371
4288	10112
26682	344892
3689	3693
6137	6158
4543	5173
830	5048
6152	6204
6147	6194
6159	6169
1576	1577
116	5739
54994	64777
9491	200734
5594	84823
2205	5335
6137	6142
6168	6232
302	56729
6158	6176
2122	8535
3688	23209
6223	9349
335	462
54998	219927
6133	6227
4889	6751
6233	285231
6173	6228
1933	6224
2814	51206
2204	2207
22995	132320
5696	5698
3183	5094
2071	9015
5702	11047
6135	6223
4710	4726
991	9493
6319	6720
778	27091
4540	4713
3171	6927
2197	55176
2810	3918
238	943
4035	5159
3071	3320
3911	9459
6138	6193
1495	5819
3191	10921
7272	22974
26168	27043
8337	8969
6154	6167
3326	10576
6129	6173
344	6382
4343	4853
3685	375790
1058	55355
8021	79023
6240	10592
6500	10920
8666	25873
6146	6167
10071	50614
57154	65264
6375	6846
6193	6223
6133	6233
3113	3119
2843	151306
10381	84790
675	5983
5469	9444
28981	79659
6165	9045
6137	6170
641	2189
10285	10713
521	27089
5054	5329
990	51343
57152	130574
334	3915
6696	84141
5293	23533
4691	6282
3055	5747
6045	284058
3192	6625
932	966
80349	123169
8969	653604
151246	348995
11017	11051
335	338
471	441024
3183	27238
3350	4988
8924	8925
9320	26190
5829	6385
259	2266
6152	6223
51203	55143
6201	6232
6122	6193
4541	4712
10576	23526
5438	5440
4591	54850
3832	4288
84085	84261
6223	23521
259290	259294
9416	55660
4686	50628
1345	1347
10920	26263
80184	91147
6202	6209
1956	3918
8189	10523
2967	79577
6167	6208
79954	84916
3190	51692
54556	92815
1347	84833
6133	6232
719	58191
6189	6202
2125	3728
10594	11100
4986	50834
8334	79019
64761	83666
811	7184
6235	25873
6228	8662
521	1329
3882	8689
7403	23054
6233	65264
5695	10213
6124	6175
8341	440689
55726	79871
3912	5829
1991	5199
8085	25942
26589	219927
1954	23295
6133	25873
2197	6201
5529	57551
991	151246
55055	151246
134860	319100
3698	3827
6167	6222
2197	6154
3433	23586
516	10632
4172	10036
4008	144699
3270	147111
1234	4544
5870	81876
6233	6498
6139	6143
2358	23601
6141	6142
55755	146057
7516	11073
861	57332
1839	1956
1453	57787
6631	57819
25937	51421
8615	10959
248	6975
4584	50614
130	10720
3937	7305
1950	2277
1434	3838
1453	3921
2968	6882
3106	6890
2692	5745
6233	57154
6218	9349
10952	25873
1778	84902
846	50835
5954	51280
2696	53831
5330	55970
2867	51764
991	51665
2524	10331
4297	23269
6175	9045
6934	283149
1936	7407
4624	4635
4771	122786
6154	6210
1121	326624
11235	25843
6128	6154
338	2266
26268	56995
1660	10492
9742	55112
55166	348995
4735	121441
57787	261734
6203	6227
552	6866
8648	9968
5094	10236
6144	6147
3066	9014
55212	84100
1536	3685
10201	87178
55	154664
6135	6144
4738	9616
81930	113130
4867	80184
6181	6208
6233	7844
23160	27042
7311	11224
2033	23054
2197	55127
830	1604
10097	10487
336	345
23063	23244
5196	5473
6154	6193
6147	6223
5290	9208
996	5699
55279	285237
1291	1292
6167	6168
6158	6160
2107	6181
6278	6386
3437	4939
4035	6385
6203	6235
84365	84549
7531	81565
5707	5708
1462	3912
890	5519
2792	138883
3013	8351
6181	6224
4353	56729
3240	10394
383	3074
4591	6737
6233	8945
6194	6235
5241	5567
6155	6209
7514	22919
47	2799
9276	10652
6155	6202
10153	79954
10484	126003
4939	54739
2918	4985
5435	5441
5978	80012
6208	9045
3688	9564
8139	55336
26249	150684
4800	6667
9978	158506
5708	84962
3437	8638
6144	11224
16	2617
201475	326624
6207	6228
3921	6208
55832	90293
1537	4715
6128	6155
4085	10733
332	10112
1325	6373
462	2155
514	4695
9787	29127
4926	5116
5422	84515
4536	4537
993	84126
2847	594857
6157	6164
9320	57542
1241	2767
4174	10036
4736	6152
6194	6223
26019	51121
6439	653509
871	1303
8463	10413
4867	57545
5715	7314
7857	54757
9493	11015
1738	6470
2938	2939
56949	91603
187	2359
6137	6168
23601	170482
4710	4712
9221	25885
4707	27089
4297	192669
1783	10121
11004	22974
9738	10733
10885	55127
3675	7045
932	222487
54474	121391
6184	58477
10890	57403
3685	5817
1144	1146
57111	401409
4867	91147
9138	29984
9014	57504
6167	6194
2197	6208
8449	27238
1601	9341
6176	6201
6158	7311
25	5893
51088	79176
3055	5788
1908	2865
5880	94134
624	6870
23160	55720
6165	140801
7311	55366
7341	129401
1366	24146
1471	2519
54577	54578
6155	6159
1601	10618
6122	6143
26091	26190
5822	8568
4724	4728
6128	6181
5440	55726
5149	54714
6202	6203
126638	353135
5880	7409
1938	23521
6235	9887
335	2262
5829	7534
22948	84790
6144	6164
4724	27089
2935	6176
2222	51478
1660	51593
57105	94233
6138	6228
7317	22888
932	51382
4708	4725
29127	51143
6159	6208
389	9938
1604	54732
1981	6175
695	8976
6602	6605
10163	147179
8363	653604
5862	5870
726	831
6923	23198
6037	8635
4678	83879
9551	29796
6161	7311
3113	10346
4174	4678
3308	55706
8356	121504
990	5717
27005	317772
6128	6171
4718	4724
51264	64928
5476	5834
6155	140801
10250	27316
6122	6135
4584	26290
91147	121441
6138	9045
6173	6229
5286	29988
6434	27316
3192	9716
3714	4854
6155	6210
10376	150465
1337	29796
10524	10714
1555	1577
6154	6228
344892	347468
161	5286
6144	6168
719	8514
57111	64284
9611	23118
6173	140801
3952	8202
6204	6207
2081	7494
10236	23435
4237	4239
7536	10250
10250	55749
6128	9349
6154	6165
5688	5706
3008	3024
6610	7132
3184	6434
1983	6133
5394	5822
6210	6222
4088	64750
595	5694
29894	51593
4686	23511
4837	284119
146057	347240
5298	8394
6141	6154
6193	25873
87	6714
824	3688
830	11014
2920	55970
1278	1634
5707	51330
6154	6234
2922	3061
2537	3430
6129	6136
6122	6223
830	29127
10749	51014
2635	3659
6165	6231
5870	57403
6222	6231
4069	5657
5422	7027
3836	10971
53981	85313
3157	4597
9318	140461
5695	7314
6146	6227
4736	6154
7316	91445
8453	22954
3921	6164
966	11014
4988	84539
6161	10399
2740	59350
2132	2817
51132	54778
2778	5573
9787	81930
23562	53842
262	4143
5433	51362
3479	7044
1981	1982
10403	10615
6168	6201
7846	57545
6632	11157
140807	319101
10236	11100
6136	6229
6232	54820
2185	9564
6135	6159
1829	2125
6229	6232
4710	4713
6202	6204
6232	9349
999	6935
4724	29796
3619	24137
1870	4208
1783	10112
10772	27316
629	4179
4537	4539
27042	55127
1060	57082
56923	259295
5970	6667
6204	6218
1656	80153
1781	10540
161	8650
2963	11193
891	1781
6167	10952
6036	8635
3017	8969
6201	6207
1915	6222
117	594857
5879	375790
5111	6240
10189	79902
5690	5709
5501	83540
3687	53831
1605	9459
7919	10236
23279	55746
1639	9493
1118	3417
302	10577
4508	4535
1906	2150
6128	6194
3633	29984
8970	85236
6233	140459
7337	10489
27198	338442
2107	6234
999	1001
6129	6147
64781	340485
6637	23524
3914	3918
6189	6209
9662	10733
891	5526
7003	8463
6426	100526737
8905	8907
6169	6228
6144	6167
9156	84126
10749	24137
23112	84441
6136	6222
6134	6202
5878	9341
1813	6364
7337	9730
57678	253558
51382	222487
84643	93661
2832	3827
6143	6223
1337	1351
4700	4726
51234	56851
645836	100287238
6233	11059
6170	6202
988	5062
6749	7153
6156	6169
11014	22818
6147	6209
2237	5111
2788	2863
7337	8697
6189	9349
3185	5725
6801	8428
23332	57787
102	6233
2107	6176
5528	11004
963	10970
5868	11021
23309	64426
23224	23353
1291	10491
25926	51096
28998	51264
1432	6885
50832	54429
9631	55339
7082	55243
22984	26155
3339	3915
10193	53339
6692	6768
83540	259266
6233	22888
2242	5361
472	1487
1536	51382
6157	6206
3362	53831
1639	10112
6137	6208
2962	56949
8573	57669
6129	6167
3837	23511
27258	51639
6223	8562
11190	121441
8843	27198
54998	55052
10403	51203
6161	6206
988	10767
5519	5903
6157	6165
34	6256
6430	6432
6217	11103
6138	6176
5777	5806
377	51014
5529	51143
5441	5901
833	4141
6233	6234
6143	6147
90	659
87	5879
9793	23279
6122	6158
3190	10492
57551	81930
9493	51014
5469	79718
1407	7311
6426	6430
51650	64976
9793	25909
2071	55677
26005	79867
6154	6232
2177	2178
2537	8638
6193	6218
2912	5179
5048	121441
2817	3340
2962	57794
6230	6235
1476	8993
63915	84062
5717	9020
6709	6714
4033	4257
152	5580
521	1350
3434	4599
4593	57144
187	6370
23020	27316
2791	115557
4116	6632
2185	3688
5954	11167
6167	9887
6201	6224
1060	220134
7979	139285
6204	6233
5093	10594
1536	4689
1022	6929
6209	9887
9416	10949
2168	2169
4709	4712
5493	6707
9341	54874
6152	6170
7919	27316
6227	27042
6161	6164
6167	6232
3799	10540
6698	6707
2475	57521
10733	163786
7409	23533
9675	57521
3184	6427
399	257106
6235	7311
9790	22803
259292	259295
4707	4724
9126	54780
3921	6135
1738	4719
2837	84539
10618	22848
55326	137964
9776	55626
9320	151636
932	3689
6205	6234
1660	3192
64682	84085
6152	55176
5361	8829
6208	9887
6222	10399
9183	10403
1832	5493
4539	4712
4172	4173
4033	5660
4736	6189
3681	22801
6613	79902
5432	79577
10949	84991
7984	29984
1387	25942
2222	6721
1665	10291
4701	4713
302	383
411	6278
4116	5435
6049	26224
6138	6173
9133	10733
6309	6713
1062	2491
9341	22836
54881	65083
813	10618
9604	9867
1933	6176
5725	11338
2935	6229
919	3122
5435	6637
10236	220988
9350	56963
7311	10252
2204	79895
132320	146057
22954	23014
4588	56667
3320	10458
4650	171177
6201	6228
2885	6198
5336	7525
1933	6181
9276	57410
3836	3838
2197	6223
8349	29086
2847	6363
51564	79718
2888	5584
1435	401138
3183	6434
6227	55127
6147	25873
388	55160
1398	1794
6434	10236
2033	10498
51264	65003
2916	4887
10749	23046
2125	5493
7283	27175
2099	7031
6169	6227
2848	285601
3480	5770
9700	10735
11258	93661
6138	6227
4125	6037
351	5660
6249	54908
3354	6387
221	5328
5697	6750
332	3619
1738	4191
6205	6222
90293	285231
10014	57459
153	6344
2444	3728
6160	6207
6142	7311
23067	25942
10291	27316
6158	6208
4208	6929
27229	55755
701	221150
338	462
6144	6227
51465	51676
932	2358
64682	80204
10574	22803
6136	6206
1398	7525
27043	57647
983	129401
3433	4938
8450	51122
830	6711
5339	6234
29127	81930
23304	64682
22918	79895
9295	10250
3433	4939
2023	7167
400	25839
2268	9564
1173	5878
111	1812
950	22905
6160	6208
6130	6230
6709	56729
6167	7311
1894	9833
6164	6229
4641	5872
6136	6164
6137	6169
11102	84946
377	9493
146	2922
3912	84141
3655	3675
988	56852
728	6376
6208	6231
4867	79867
1933	6206
54578	54657
3912	5578
25909	79172
79473	344892
9716	10250
6230	7311
27327	80012
6128	6234
6165	7311
4736	6181
8175	10181
6146	6224
3091	5708
2784	4985
1781	9493
1634	4314
1398	10818
9887	11224
5394	55127
4361	10714
6137	6175
8467	9188
4690	10152
1559	2326
6427	10189
974	29760
2967	9014
10199	56902
945	84418
7311	9045
6138	6209
1398	5781
5948	5950
1292	5351
5067	23627
5435	11325
6161	6203
11338	27316
5725	10657
2023	3939
1387	6601
963	5795
2886	5155
1237	2917
671	5657
1356	54757
6133	6165
5338	9744
6049	23304
6154	6158
2792	122876
2799	23526
55055	348995
6137	25873
8295	8945
2317	54751
388	2064
1933	6130
2197	6156
2782	26086
219954	285093
623	5737
7514	81930
23332	25936
6189	6203
3190	11052
399	9938
3993	84612
3312	7037
1340	27089
1937	6124
9570	22872
1337	1345
6169	6223
3799	11127
6165	6170
6164	9045
1400	56896
6129	6233
8689	9119
6130	6191
6556	170482
514	4724
891	51433
1116	56729
113	10268
23279	51362
6122	6157
3660	5696
2648	25885
5711	8453
3685	9475
7110	10466
55320	401541
3172	6927
967	4033
2867	23620
966	11314
3396	51081
4924	10618
6136	9349
1471	5034
5710	51686
2064	54206
3978	4176
8087	9444
6152	6201
197	338
6429	84950
5335	7410
10153	51602
5684	5685
6228	25873
4736	6218
2792	26338
1942	2268
332	5528
226	7167
6207	6229
4734	9320
6142	6170
26224	55208
5265	7040
8648	9282
329	5717
1660	11338
54850	63891
6169	6229
26249	55521
5315	7167
4715	10476
6135	6209
5903	10735
1781	11014
7311	9856
5558	11169
3725	4088
6169	9349
54732	55738
6168	23521
6161	6173
9730	10293
9879	10949
7514	23122
11127	23095
6139	6210
9329	84265
1816	104909134
6155	9349
6133	140801
84154	84549
6233	126961
113	11255
51258	64951
6142	6169
10890	23011
27340	57647
6203	11224
6142	6223
1488	6934
3109	3127
6167	140801
1933	6209
919	3559
10285	55749
2792	26339
6272	7164
10499	55588
5528	23047
10022	339403
7514	9126
6171	6234
8607	54881
8667	26986
7082	25937
5023	5795
9556	84833
6203	6204
65003	219927
1398	10152
23327	89910
6209	10952
9585	29127
1387	2033
4985	10563
2305	10112
3646	6156
10960	10972
4691	22984
1639	10540
6776	6777
4646	23607
8570	22894
79600	121441
6142	6171
6154	6164
1793	5829
6129	6228
50831	339403
1385	1387
6363	6373
6161	6170
2177	11073
2788	27334
6136	6144
4712	4713
6154	6168
1933	6201
5528	151648
6165	6173
5434	6749
3093	6047
7204	60675
988	4436
1387	27327
23595	51053
3884	3885
79867	80184
6142	6233
4519	4541
4696	29796
4689	7409
10236	10946
6235	10952
1329	4701
332	7153
6130	6167
6455	9341
6135	6143
4542	4641
8322	22905
6147	6160
81	5829
940	3695
163	9322
2491	5048
54998	128308
996	51088
2519	3074
6138	6165
2675	220164
1781	84962
3283	6718
8128	8703
5829	10458
858	1956
1983	6176
22984	25885
6155	6164
80184	117177
2359	56670
1910	2865
990	9700
9133	81624
6164	6173
4853	6233
3921	6144
6189	6201
5693	5696
6160	6169
8945	143279
54821	57551
6167	6170
1660	1994
398	5880
388	9938
8463	25937
85236	121504
6233	8976
6208	55127
6168	6210
1783	29127
2833	83756
2521	6421
139322	374354
351	8477
1879	5079
6128	6147
3688	3914
6224	27340
6160	6181
6136	6138
2956	23028
389	23526
1660	3181
11004	24137
3799	24137
6202	6234
9716	10713
79682	387103
22938	220988
1434	3836
6124	6232
2801	5861
391	29984
3084	85440
2079	6428
7454	7456
6160	6171
3039	3048
6139	6228
121504	126961
3017	126961
2865	6288
1605	29954
1933	6165
84727	122769
5739	5746
4591	11059
9126	23279
1292	3685
10321	57554
60	1072
389	90627
6133	6146
51514	259266
1783	81930
988	58517
1287	5155
3074	23197
1233	94235
10489	197131
4993	344892
3184	10921
6625	51639
1894	9493
1398	9046
7525	9564
29127	55165
9439	23097
6168	6202
6161	11224
966	5023
25957	51747
6146	6203
79865	340205
6152	6173
6154	6202
81285	285093
6133	6138
1000	56975
7311	8290
6159	6222
2358	53829
6203	25873
2204	338339
1511	4069
7311	23032
4666	6136
7874	56655
5311	9727
3191	7536
2597	7167
10121	57545
27237	29984
1111	4361
7409	653361
79895	160364
1350	4726
3903	22918
64105	151246
643834	643847
10885	22803
26519	26521
4716	4718
8301	10096
133	2863
3422	4597
11343	57552
5528	51143
9318	54165
1915	6202
1605	6714
6124	6202
3921	6152
643	5368
163	8027
3313	9093
23160	57647
5868	51715
27161	192669
4736	6168
10022	50838
8687	8689
8886	55127
64151	83540
6136	6173
10121	80184
163	1601
3684	3687
8317	23594
1022	5887
6161	6208
8338	27005
2358	57153
6170	6233
950	25977
6167	11224
10014	54880
11255	57007
6709	126014
890	64151
5725	10236
6206	6228
6193	6230
9837	11169
51373	64951
9782	27316
131873	256076
996	5717
4701	374291
25942	57649
3312	10808
336	3827
5189	6233
3838	6790
9136	84365
1299	50509
2043	2050
122876	594857
8334	8337
6233	55669
10112	51014
4734	6047
10540	121441
60488	116540
3013	8970
6222	6228
7536	220988
6601	9031
9129	10262
10426	440145
23122	23244
50838	51289
5547	25798
4708	27089
3915	4240
990	3832
183	51289
1121	160518
10274	81930
488	4853
6206	6232
56923	339403
5933	132660
3491	11098
5179	9210
1350	7381
6133	6208
2803	5870
96459	201163
3111	3115
6154	6218
5905	23225
643	64805
5441	10980
3303	10963
23112	27327
23160	84916
6181	6203
6207	6227
3640	53831
351	1524
4706	4717
1515	3113
6136	6218
5558	8317
4696	4707
6201	9045
8648	10498
10527	55705
63967	84515
6124	23521
8356	8363
22826	57819
1794	3055
3184	3192
3881	54474
3017	8334
8351	85236
1783	6249
51602	84154
5516	151246
11137	84916
1857	6233
10713	51692
7414	8993
4736	6209
9700	23397
8365	126961
2841	7852
6556	160364
3683	5023
79867	91147
3916	5878
6130	6204
351	5443
4141	8565
344892	390066
891	1058
336	2262
8243	10274
6193	7311
8453	89910
22930	25782
3886	286887
6950	10574
6144	6152
1292	7373
896	6777
6171	25873
5872	51715
4867	121441
10298	375790
6223	23049
5440	80349
2132	375790
6224	6227
9126	9656
7272	10592
113	1812
10621	11128
1994	5440
1781	6249
2788	2864
1665	1994
3054	8314
3040	3048
6182	65008
617	26517
6161	6194
933	973
1287	3685
10425	63891
3320	10787
3111	3118
10232	154064
9978	285231
857	284119
1511	4353
813	1462
1783	9493
6223	6231
5725	51692
6146	6204
1937	6130
954	158067
55720	57647
915	3560
2207	199675
3915	10970
22954	57630
84261	154881
6130	6205
705	51602
2197	6161
6139	9887
6129	9349
6124	6203
3855	144501
9276	9371
2242	3718
4707	4726
4171	4176
6210	140801
8886	84916
6799	6817
4116	6637
6168	25873
857	4088
4736	6234
1933	6144
8351	8365
55970	63940
332	24137
2801	2804
219968	285093
701	23397
11251	56670
1981	6160
10389	84108
1854	4174
3351	346562
10193	54778
8916	54850
930	973
8665	51386
3490	6696
3848	162605
6241	55143
335	336
219965	285093
4116	6181
963	3685
1668	1669
2629	5660
7311	54363
2268	7525
344892	390067
6130	6189
2776	2788
6138	6223
6160	6202
1605	5829
6129	6235
4867	27077
6167	25873
7311	9666
6139	6201
2033	9757
6122	6189
345	350
9700	57122
11059	65264
1022	4005
3190	23435
2648	5469
6159	6164
6193	6227
8321	8322
9126	23122
689	6160
2918	6752
2033	9967
51764	57007
3655	3914
4702	27089
3371	3569
9367	201475
1660	10523
3560	8651
2912	5733
991	5347
6129	6232
5869	6233
23168	27125
9045	9349
6009	60673
2197	6169
6208	23049
4666	11224
6157	6175
8687	8688
6637	27258
1717	6307
9793	57122
1509	10159
8993	10394
6142	6144
84366	360205
2197	6158
1277	1289
3728	5493
4700	27089
3184	10181
6428	10946
6285	6288
90480	116541
4710	4728
4839	10885
2048	3055
4736	9349
6128	6232
5516	5526
9883	23511
9833	64151
4952	54874
8689	54474
1894	6790
10632	84833
79501	285093
374	2065
389	5217
6747	84061
2740	5746
5699	11059
4809	84844
6124	51187
7283	10540
4116	6135
24148	51340
8805	27044
6135	9887
6748	90701
2153	51156
6204	6235
9349	140801
7320	7322
10963	22948
6159	11224
5196	56670
2197	25873
158763	171177
1994	9343
8969	8970
4694	27089
8338	9687
6165	9349
6135	6203
5516	9989
6130	10399
9320	51132
6146	6147
6135	6229
6141	56915
5878	23011
4736	6204
6218	140801
7110	79571
3055	3702
1933	6169
1364	1365
6428	10236
151648	348995
699	55355
6137	140801
5928	10014
2266	3026
778	783
4069	4332
6142	6234
6201	9724
699	64151
51692	55746
2519	51816
7514	23332
6152	6231
2305	55355
6434	27339
6146	6208
2967	27125
6133	6170
8698	55970
28973	51069
3074	5707
6160	6189
10466	10540
1457	9918
9277	65083
332	151246
6235	55127
3854	3861
102	813
345	2262
7124	10673
4736	6173
6141	6175
10965	641371
1069	10383
3659	10475
3091	6233
114	2492
3594	7297
727	259287
3181	51593
7020	284252
6143	6168
3071	7409
10466	79571
6205	6232
26354	54475
4952	6272
7536	10236
3185	3191
6167	6223
1366	4072
6133	7458
6124	6142
3013	3017
7520	55183
1315	81930
56670	59340
6233	9887
1062	9493
7110	10618
60560	80218
5822	7109
6194	23521
2197	6230
50865	63940
9295	22794
4591	65264
9787	24137
3017	440689
4695	4708
9918	259266
160364	338339
6136	6155
6128	6165
3106	3107
6159	6189
5441	84844
6193	6234
2801	81876
3673	3675
23095	64837
5701	5715
335	4547
553	64106
2852	6387
6500	64320
6202	6222
3672	3696
3921	6204
5879	10458
9833	22974
79023	129401
7043	10916
6208	6210
6136	6230
4519	4536
1832	3728
5930	23295
10885	54881
5422	55388
9276	11014
1933	6222
1435	84141
9700	10592
2535	5516
9410	22826
3676	3691
26155	65083
9533	112495
79895	222487
4343	6233
8841	79685
6122	25873
1822	57504
2207	100049587
57122	57551
6233	27327
1364	100506658
846	3357
6772	23586
3119	3123
3185	3192
518	521
6160	6230
6160	6176
5624	10232
1315	29127
388	389
6635	23524
5516	5519
9475	9826
9133	57082
2925	9170
6165	6233
57082	220134
7415	56729
10274	57082
5829	64098
393	29984
3886	8688
3122	5641
24147	79633
23332	27229
6159	6232
10102	84545
111	51764
3594	149233
4700	29796
6133	6235
3190	9128
6227	6228
6208	6222
4087	79753
3191	9782
10458	100423062
64951	64983
4713	4728
5700	5702
6160	9887
5434	80004
7979	9978
6165	6228
4599	91543
1233	56670
1431	2747
1116	1991
4947	5716
11014	11015
10681	338557
6427	220988
9114	127124
5094	84991
8337	8365
3109	3122
5339	6157
4736	6142
8843	338442
999	8907
86	8607
6138	6189
22974	83461
3185	84991
5430	81556
2491	81930
6204	6228
813	7184
3921	200916
3949	5869
25831	197131
6426	27316
701	4288
5715	11047
3071	5829
4172	81620
6132	6136
351	3913
6500	7314
6518	10970
5594	5707
5438	51755
5519	6801
102	1499
332	81930
1937	6138
6122	6168
3837	9631
6133	9349
4686	9128
64792	79989
10949	23658
1406	4901
23322	79867
116	5746
8322	8976
164	25977
991	64105
1062	23095
2220	5648
7337	26046
3915	59277
6122	6169
4666	6202
6130	6142
3833	10615
9126	9793
23295	54620
7298	83879
353137	353139
2266	51156
4233	5795
6714	7311
3017	8351
6154	6161
11017	85313
8925	10489
3725	4772
6168	6193
993	1021
3619	9700
1017	84515
6217	84916
988	79869
1307	169044
23244	57082
6137	6234
6429	9410
6129	6193
695	2207
2521	3190
25879	117246
983	5519
6232	54821
187	56670
3354	57007
8886	79954
6385	7852
6235	6727
5439	55726
9282	9968
8655	79023
5829	7525
8871	51429
10857	326624
8729	10121
6144	6228
6144	6234
1577	29785
8365	8970
64951	64960
55755	347240
7317	51343
8453	51122
2792	3763
6142	6222
6165	6208
1944	1945
1660	10236
83666	151636
3115	10346
1660	3191
6139	6208
23412	51725
10959	22872
6223	9790
920	2533
712	713
10413	60485
6237	7525
6430	6434
6141	6161
4317	6947
9551	9556
6429	10946
3881	112802
1478	9128
23197	56729
4512	4541
399	4983
1813	4283
3312	6804
23279	51692
6176	140801
5610	6774
2885	5979
6233	22954
3134	3659
6741	9533
6218	7178
405	1387
54881	55127
6625	10236
2242	3561
8477	9002
1292	5033
372	57511
2243	3481
23352	283807
7525	10413
9742	23059
5433	10285
6188	23049
259290	259292
6138	6161
4734	89910
6222	6227
186	84539
5579	9564
5819	201633
6136	23049
6626	220988
10153	55131
3359	9177
3192	23283
6167	6230
344	9672
3886	8687
5529	79172
5422	9126
22984	23160
6233	51592
6122	6233
6667	27327
6159	9045
80184	84962
332	2305
6184	29927
6202	6224
6130	6203
6207	6223
23047	151648
25831	57154
1462	3915
6128	6144
51649	64975
641	4439
8347	8969
553	3062
6157	6207
6152	6228
1793	7525
6709	51014
5438	6633
1933	3921
3115	7535
259	3698
5433	10772
115290	143279
1121	79958
8351	653604
2633	2634
715	716
6158	6189
57413	58191
51143	55055
1981	6208
55143	113130
6155	11224
336	2153
811	2923
5422	79892
9570	10802
23322	57545
4064	9450
6135	51187
10403	10460
163	24137
6146	6164
8243	23332
1969	5879
6233	140801
6156	25873
7153	56992
9887	23381
2064	5336
22974	203068
9276	51014
2197	7178
2359	5473
3609	10236
177	351
5023	8514
6152	9349
6143	6222
6154	6208
776	786
3178	6294
6229	6233
2865	6863
53339	197131
2770	55970
351	1241
8688	54474
1213	6233
3912	54972
7335	65264
10388	25777
2537	3434
6155	6222
1329	4715
4512	4536
6203	6224
22827	24148
966	79090
1994	3191
1548	1553
11137	51388
9212	83903
1981	6189
8349	8970
10885	81887
6176	6222
1062	6249
7456	10458
10813	10885
332	7514
3192	6626
1329	55967
728	50835
1910	2147
1327	1337
988	22803
3937	5335
6205	27340
444	3091
5335	10920
553	680
2801	9276
1933	6157
6135	6176
54960	129401
4297	23309
226	5230
6168	7311
4160	104909134
3134	3660
6147	6155
1969	6714
51388	84916
3055	3684
56945	57129
3886	121391
3433	91543
3619	57082
6122	6142
1069	27077
10403	23397
24137	64837
3074	10577
1233	5473
6152	6160
6136	6208
2920	3569
338	345
350	462
4599	4939
1439	6776
351	2767
6139	6206
4172	8888
5701	7979
963	966
1062	10112
3827	5345
6207	6224
3434	10561
4508	4539
5529	6249
1291	3672
6150	116541
51234	55831
80321	121441
287	6326
830	10652
6135	6147
6154	6209
4736	6203
251	152330
2060	50618
6210	22984
6164	6203
6429	6434
3918	5829
6161	6233
1173	29763
2804	64746
2618	7298
6169	7311
8260	79903
344892	390083
6146	6189
6170	6207
5201	84617
9875	55127
6137	6209
1742	8831
6135	6165
259	2244
527	3920
3659	6737
6210	6218
5093	5434
1048	171169
65055	138883
6147	6161
9767	11143
6672	10475
1500	55740
705	9277
11118	11119
3688	7057
10236	55339
1576	2326
5347	24137
4171	11073
7536	10772
1857	5528
3157	4047
6232	6234
3984	54434
595	6777
29093	65003
1398	85440
1937	6189
2537	10561
6830	26043
3111	3123
4736	6188
3422	4047
996	115290
993	7027
10802	10959
2150	2863
3181	10236
7311	83987
1062	11004
81930	83540
6129	6152
302	5834
3491	10272
6128	6231
6175	25873
4008	79176
3376	4677
9833	10403
5335	8698
6124	6169
2932	5718
6125	6202
8453	23291
2064	9475
4088	57154
2123	2124
6168	6231
6207	6230
1435	3490
2535	8324
3354	11255
7311	64219
701	56992
55055	79172
2288	3169
8065	84259
1937	6229
3855	3866
3109	3113
6159	6218
4736	7311
2695	10266
3909	4233
6747	60559
3355	4852
6230	6233
6754	50837
2200	3678
4541	25915
5694	5701
6168	6188
5394	22894
1969	5747
2033	23774
2305	7153
4343	6714
1937	6201
6222	53918
6158	6223
6139	6146
5196	11251
7272	259266
6128	6202
3213	8338
5684	8658
6161	6168
9138	55970
5591	9656
9045	11224
6167	6175
6772	6774
6159	6210
1062	3619
3866	3880
6122	6124
6128	6161
2932	5708
4172	4176
1670	1671
2792	7434
5829	10787
6626	10523
8655	10540
727	50835
1241	55970
51081	51264
5335	6850
341152	344892
800	10398
3675	3693
9685	10618
5977	57492
4670	9343
57545	79867
2099	5241
5347	151246
6165	6206
8243	23244
6160	11224
6122	6185
6047	9320
83540	140735
640	29760
2768	2783
6202	6228
64946	79682
26271	51053
5347	9793
4116	6201
752	5217
932	3903
1645	1646
1660	6625
6714	7402
3189	9987
4208	5533
3046	3050
22905	54874
1233	5196
4537	4538
6173	6176
81930	259266
3921	6143
5707	54583
3675	3688
7155	8289
2521	6626
800	5829
1783	51014
3190	11100
9782	23435
5707	8452
945	6556
301	302
378	830
472	5429
3619	151648
4839	25885
6157	6168
160	22872
830	1781
1063	5347
7003	25937
1639	22930
2033	81857
4670	10523
84902	91147
4343	27327
1290	1291
3689	8514
6138	6206
2185	3320
26091	57154
3832	5422
6829	54623
2033	27327
23279	53981
11103	51575
83597	135946
640	3932
9887	25873
1956	3084
3181	10432
991	11004
6194	6204
1639	3326
6202	55176
6124	6139
9276	10802
64928	64979
988	5985
3190	11338
2048	5921
6207	11103
4738	5693
514	4713
6218	6234
996	6233
684	4939
59350	94235
4678	7884
4714	54539
353132	353135
3837	7514
8337	317772
9410	10250
11064	23354
10540	29127
3214	3216
6170	6176
6133	6194
3305	10963
699	890
1453	6206
1029	1030
6147	6222
10112	55635
1452	5515
1665	5439
6139	6161
1544	3620
6167	6206
1454	4867
3118	3662
5516	55055
2153	2159
7311	114987
6160	6224
6383	284217
5707	7321
6155	6167
2804	9276
29984	171177
3071	5747
5707	126374
7532	10142
2033	23112
9787	10592
2779	51764
23397	55143
6144	6224
8027	25977
4540	4541
23526	51816
6159	6181
6208	6224
2197	6144
55876	94103
23076	57696
521	4701
988	53981
3685	10857
1347	9551
6201	6203
7469	9656
5931	10664
2521	10921
3350	84539
671	10394
164	55330
2965	9646
1783	10540
11245	55970
3214	3217
9493	10540
2683	5660
220134	348995
4713	51079
3796	10274
6229	25873
2491	22919
5371	6672
4709	4726
10663	259292
5351	8985
6125	6185
8021	55746
1981	6228
10274	151648
336	4547
57129	65003
2958	79035
523	155066
4701	126328
5693	5694
5430	6601
54552	55720
6176	6727
51203	55355
6142	6176
6142	6205
9133	10615
4343	7311
1639	29127
6129	6159
695	118788
6175	7311
54821	79172
4514	4538
1495	4301
8356	653604
6175	7178
3635	80271
3882	54474
5984	23649
2782	2784
11255	51764
7328	57154
1069	10426
2865	23620
9787	10403
1576	2327
3909	375790
2519	5476
3355	5173
3066	84289
9341	10552
258	5179
56902	88745
389	57449
3619	10735
890	9787
2197	6167
60	57591
1605	375790
9787	22974
5725	23020
6222	6223
9527	84516
514	10632
5501	25936
904	5451
3909	5829
891	9833
4670	10657
3912	51280
1642	11091
6167	6218
6208	7311
701	3832
3799	55605
6137	6161
3354	9283
25929	55706
6152	6209
5687	9134
4602	5432
685	1956
109	51083
8340	55766
57599	201254
3181	51692
5832	118813
439	5694
3635	3718
6130	6194
1236	5443
683	932
6170	6189
6206	9349
6155	6170
6122	6164
5529	5699
11255	63940
2792	2918
4793	5714
6138	10399
10236	51729
3111	3119
1524	56670
5781	6774
118487	219927
5861	5878
140881	245911
5590	50848
53905	405753
3949	10552
6138	6235
23517	84135
6428	7536
6144	6205
6141	6189
1462	84141
377	11014
6118	10459
9350	148738
6208	140801
1950	3671
9363	64284
27340	55127
8698	63940
5519	5781
6130	6138
10965	55825
3837	5903
3664	23650
5869	22905
332	55055
6155	6157
683	338339
56667	140453
5747	7454
9738	55755
5433	8085
6628	55110
51129	85441
988	10574
6432	6628
3017	644186
6146	140801
6129	25873
7311	23118
7409	10787
6165	6222
8338	10526
3572	9180
55215	64858
846	56923
4436	254394
11218	25929
890	55165
10978	283989
6432	10946
51650	118487
83540	157313
6135	6167
8365	653604
3357	4829
4736	6144
3340	6385
10802	51128
4689	5880
11014	55605
7272	10403
88	4620
6144	6206
972	3123
3559	8651
940	50943
400	23041
23423	54732
6222	6235
4694	51079
3921	6201
6790	55165
6154	6229
57828	79820
955	374659
3007	3024
6159	6223
2197	6206
336	3698
2935	6169
6144	6208
116372	257194
6130	6222
64426	79595
54474	286887
6625	27316
3675	3912
23122	23279
6133	6135
9557	57804
55839	79023
5869	10254
150468	259266
1347	27089
3921	6139
6160	6168
6164	7458
1933	6168
1981	6209
9666	89910
3672	3688
338	51156
988	6601
2692	2843
23016	51010
9039	10293
4008	154881
5439	6637
332	1062
4738	55294
1495	8394
6227	25873
3675	3918
3945	197257
8533	10445
83597	403253
6228	6233
57678	256356
4171	6749
50865	64805
6385	7057
6188	6227
3364	5810
6709	6711
9493	9787
26146	79659
3433	3437
10466	57511
6863	23620
8925	54778
5430	55215
22918	53831
27	4690
6134	6175
351	83706
2864	27334
1500	1969
1282	10536
3113	3115
5684	5694
5741	7434
10930	29974
11190	55142
10528	55226
6227	6231
10092	10109
102	3915
10713	23451
6209	11224
2189	7517
6125	6164
6135	6173
51088	144699
55746	57122
6429	10291
1116	10394
2243	3026
55166	387103
641	5426
6122	51386
5422	9918
7003	7004
1981	6218
4174	5984
11190	22974
5347	51343
6207	27340
3320	84962
6170	6204
8349	8969
8807	8809
9757	26523
6169	140801
1105	23168
10574	10963
3213	3215
4992	344892
9349	9887
22974	23397
6385	10755
5296	10818
6142	6209
1781	5516
4707	29796
1829	5493
1111	54962
10458	10552
345	4036
3433	8638
8313	10297
6209	140801
4999	5000
8085	26523
996	64750
6146	6159
6164	6170
399	7984
932	199675
55703	55720
1487	5928
9320	25831
4173	4175
6169	6181
991	1062
3481	5005
23295	84231
11339	55143
6152	6235
6169	6235
10540	27175
3191	3192
6124	6129
9793	23332
6152	7311
6130	6147
23122	55746
10540	80184
5903	57551
389	64333
6189	6218
6453	51429
2194	6319
7514	57551
4519	4539
6136	6204
4585	200958
6500	9134
54617	57634
6790	29127
6232	6233
6707	126638
2790	7852
126328	374291
29974	403314
6160	9045
1387	81857
2967	9015
6175	6229
121504	440689
2207	5335
1665	9879
3685	199675
1665	23283
6921	55284
55749	79869
3115	4261
10000	55970
4116	29107
55720	84172
259287	339403
3797	79989
2268	5829
55166	79682
5585	8334
2262	2719
4254	7409
8322	54874
3015	10284
5347	22974
6189	7178
7994	9219
6207	7311
4947	5708
5528	79172
5685	5701
983	29127
1453	6210
3619	10592
226	5315
4952	6233
3437	23586
6144	6204
672	7153
5880	80728
4736	6130
4696	4718
4709	4713
25879	84294
2107	5515
187	5196
6136	6159
9968	10499
6045	8317
7409	9844
6428	7919
3921	6157
56729	124583
1551	1576
6159	6205
6132	6161
3071	10787
4710	4715
3309	6836
2444	84766
11073	84126
5699	64344
6208	27340
2079	6637
1605	5579
4736	6230
2268	4301
6142	6206
79339	344892
2255	143282
25793	140456
8349	8363
933	974
6890	6891
6208	55176
3178	220988
7314	29089
3093	27252
84154	84365
6207	6232
51096	84128
4904	9295
10112	10540
9886	84144
2197	6133
699	10403
51497	85403
6133	6144
3685	9564
6146	6194
6124	6135
5861	51014
1950	8322
1173	29924
4798	79913
288	2348
9739	80335
6165	6188
2205	2206
3017	8363
3062	6869
23223	65083
6152	10952
2788	5331
799	1081
3683	10857
4548	10768
988	1654
26470	253982
51715	326624
6193	6203
4736	6227
2767	64407
5604	23164
3181	3189
9188	25885
2959	79871
2813	55350
6181	6207
6161	6176
1269	59340
6453	9341
6125	26135
2641	10203
1303	10491
51264	51649
3352	5540
5903	6633
4695	84833
2826	84539
7316	10552
348	5360
23451	51692
389	1894
1956	5328
251	137797
6144	6207
6203	6208
8775	10618
81	1495
3918	375790
51602	84946
57405	151648
3913	51280
1387	10498
9133	56992
928	113177
6157	6181
353137	353145
6923	51755
259287	259293
25798	326624
991	9918
11314	100049587
4116	6125
1509	124583
6160	6228
1595	3156
7204	29933
6262	11069
1453	4809
2197	6202
2064	5364
9371	11127
51602	84549
6139	6233
9833	24137
2197	6189
2053	7311
1398	7409
4620	8735
1933	6233
9092	27339
6125	6194
3491	51280
6132	6218
1783	11316
701	1063
3006	85236
1991	4125
5439	10980
54998	118487
23327	29082
6427	7307
25885	55703
27089	84833
3561	5296
7507	10714
2268	2817
6181	6223
9055	10112
5347	54820
399	9828
2071	5433
6188	6207
2847	10563
6233	84749
6181	6209
5689	51371
84962	126374
6045	171023
6230	23049
7846	150465
2197	6228
1603	100128731
331	6233
6165	6230
988	5725
8452	9870
6714	8976
22974	24137
6128	6189
57122	79172
107	2775
64926	153090
6152	6207
3827	5020
8356	51592
6233	221937
8329	8334
274	8853
3017	317772
9037	23275
2962	8175
6176	6229
998	22919
7322	9867
6167	6176
1793	7409
9700	10615
6230	63931
966	2207
6132	6168
6143	6164
6147	6175
5718	339745
11127	29127
6128	6160
988	7112
11190	203068
26589	51023
5441	79035
6223	6232
5571	60673
2185	5579
4361	10635
10733	84131
1191	10916
6745	58477
6122	6176
6228	6230
7311	140801
5725	10492
3683	6518
23279	57551
10268	51764
6189	51187
1387	8289
4841	6421
399	7204
9918	10592
9126	23332
9493	64837
6209	6232
5878	51715
6128	6203
5879	6385
9320	55236
3107	3133
1994	10921
7311	57530
5610	23118
3980	6119
1329	9167
9462	64926
8829	10512
3643	9021
57545	91147
6155	6233
10382	23332
4514	4539
3054	81887
6142	6158
6158	23521
4724	4726
5590	57154
8349	126961
55832	57542
2042	2045
841	843
1337	9167
156	9002
3192	10236
963	8514
10592	157570
7164	10053
6453	54874
1537	4726
11187	64065
51399	51693
5657	6036
9410	10181
50831	51289
5611	10525
2521	57794
3157	3422
111	4886
7311	55669
6601	6602
3184	23451
23223	26155
7189	55626
6142	6181
2848	122042
1306	169044
6233	9349
2023	2026
6194	6233
6146	6234
399	9743
23327	115290
23304	23376
9349	25873
4303	5901
3133	3134
4695	9551
6152	6154
6203	11103
10767	22894
2358	57413
3895	5954
5696	6890
4712	7381
7434	122876
2957	51808
5880	9844
51069	64928
6175	6233
4322	7373
1040	79143
833	3376
5424	5426
6434	220988
990	10592
332	9787
5347	81930
6228	7178
3119	3122
3660	3662
831	5829
2911	594857
60560	80155
54778	140460
2247	2260
1453	6209
6288	84432
27042	55153
1830	5266
8615	10802
111	5573
22995	146057
2071	6873
9978	81559
6232	7514
393	399
22984	55127
6202	51187
56902	79954
4735	23332
6160	6210
6159	9349
26046	84085
24137	146909
9820	26268
2131	2132
932	338339
9133	23397
1942	2041
6135	9045
54908	151246
50838	259293
472	5884
1500	1956
1063	55746
974	3635
1956	284119
5696	5705
3860	196374
2207	79895
891	1033
1946	5294
3013	79101
9493	10121
6209	6224
23291	54165
6218	25873
6632	51503
3133	5696
3882	8688
1642	5931
4927	50628
864	3683
5707	7415
2967	9646
1495	6714
6627	10286
10199	11102
6135	6181
1665	10885
4702	4710
4713	10975
6142	6208
55872	157313
2185	6461
9787	55635
988	23435
109	2358
6147	6232
6193	6228
6136	6156
6217	27340
388	55843
6228	10399
6170	25873
4288	51203
3911	3913
8334	121504
322	333
4862	5054
570	1962
2783	6752
8816	51122
6169	6208
909	915
111	10268
1727	5707
728	5697
5547	5660
3491	11167
122042	285601
10523	11100
7153	259266
6159	6234
57082	348995
4707	55967
3937	5788
79172	151246
1981	6133
9493	11127
5829	55742
121391	286887
10075	54620
3106	10475
9793	10733
6152	6164
5335	6776
6135	6168
3619	10112
4582	6483
4725	29796
6207	6234
514	4694
3685	3915
6141	6230
11325	84844
10489	79654
6461	10458
988	9533
6240	7153
4694	29796
4670	10921
6885	23118
3376	51520
6143	6181
2790	2837
2185	3685
6142	6232
6161	23521
1387	9967
5928	192670
6147	6231
1650	7841
26589	55168
10762	84271
55781	134430
1315	8729
5903	55339
9616	28991
11004	51512
2059	10458
4700	4712
6167	6234
5970	23291
6169	6233
10928	55589
8697	8945
6209	6222
6218	6227
6206	23049
6129	6139
6146	6161
4715	4718
1794	9844
1315	9276
6128	6206
5829	10298
2801	22820
598	6774
11157	84844
6139	23521
5880	257106
1991	5657
10970	64386
197	350
6772	9021
6164	6233
25804	27258
1462	10618
6210	6228
57153	160364
8514	57153
2837	5331
6128	6133
6387	51764
6155	7311
55143	64151
111	57007
6193	6232
1457	10592
1915	6228
1103	6572
6175	6193
24137	55614
3561	5599
9833	29127
566	1991
1063	64151
4670	11052
10489	54778
6128	6157
11339	54069
351	63940
197	462
3356	6915
26046	140461
5266	5493
4538	25915
6159	6206
23521	56915
2185	375790
1000	1012
6136	6165
4332	6037
22984	55226
6193	6194
3921	4736
6147	6234
5579	55970
3437	4938
51692	51729
9330	53981
23601	199675
5241	5469
3361	9290
7412	388646
3683	3685
3192	10921
6256	80306
5347	11004
163	274
2034	3091
783	10368
2268	5747
6137	6210
5339	6164
7398	10635
3397	7057
9730	80067
6230	9349
6139	6207
8338	317772
1462	9469
8317	80174
5880	84144
4735	10540
26268	56658
23585	54741
6136	140801
84464	201254
1956	10413
5797	25945
332	3832
1933	6210
6233	7311
1292	1303
5155	7057
999	4072
156	2767
1778	6249
915	3559
3320	84131
4541	91942
1345	4695
6134	6154
7272	10615
991	54908
1329	9551
6128	6188
2064	85440
3169	5241
1022	55840
988	6602
7311	84133
7311	55914
837	79792
2625	3017
6165	6223
1062	5519
84085	154881
51206	80739
1062	151246
26268	57531
890	9824
8886	64318
6827	51755
4297	51230
891	10112
4686	8021
9690	57630
1022	5432
4332	4353
336	4036
6141	6144
10618	79571
84231	90678
2243	5005
3357	56923
3882	3886
6142	6165
4436	23028
51166	125061
6133	6141
5879	10788
672	27229
5054	7424
6189	6224
983	79959
996	5707
1398	9844
4691	8602
6168	23049
3355	4889
2912	4543
1981	6167
4709	29796
6138	11224
6165	6167
1292	10491
5725	23435
10075	54926
9181	29984
53354	60490
1956	8976
6181	9349
9585	81930
2521	10236
5310	9727
1909	2922
11339	79682
1387	6667
2801	10802
3681	8515
4952	8976
6144	6175
6202	6206
6235	7178
4513	4514
1665	3191
4116	51503
7327	8925
6161	6181
796	6344
10199	84128
6181	6222
1511	6036
54625	83666
6129	6189
4694	4710
4700	4709
3635	4233
640	974
6205	11103
1350	7388
123904	146183
672	8314
2197	6164
6189	6204
4088	5054
2935	6209
1994	51692
2205	3702
5747	7852
6279	6283
50835	50838
6135	6169
890	9833
6625	8189
6161	6201
23354	132320
7337	55175
6194	6232
57479	58506
6139	6189
7031	7033
5589	23193
920	1234
4736	6167
2147	4295
6135	6234
6228	9045
55355	64105
6133	7311
51289	259287
6168	6181
9039	11275
332	1063
6434	57794
5869	5870
567	3660
6161	6209
6176	25873
1062	22974
54148	55168
4694	4726
1062	64151
7272	10733
3054	25942
4713	27089
6128	6235
25831	26091
1303	10536
3908	10319
5693	10213
8243	10051
7456	8976
811	10130
6135	6157
324	5699
1072	5216
1857	55361
7337	54778
2353	4773
7852	55970
10489	84231
5604	7529
51	6233
6201	6230
4172	4175
6144	6223
51593	64859
2072	7158
6202	53918
4641	11127
2735	79809
11095	157869
6181	6229
2064	3320
26263	55884
6147	6164
6175	6218
3882	121391
6181	6205
6128	6175
2197	6227
1781	29127
3015	387103
2840	4986
4141	7453
6135	6146
6233	8290
6133	6205
6176	7311
4540	374291
4666	6137
6428	7307
7204	8976
26005	80184
966	326624
6136	6232
6139	6218
23304	26268
3875	3880
6122	6128
4609	7022
521	4700
4041	6422
6152	6168
699	3619
3122	55824
5149	388531
6154	6160
2064	2886
6129	6204
11222	57129
5528	9700
3183	7919
23059	26146
462	2159
4205	6938
9372	25930
9320	84085
3491	54972
23042	23420
506	3313
51693	60684
6161	6171
988	27316
2801	10972
6206	140801
401505	100188893
9700	57082
3111	3122
2033	6938
5119	27183
3191	51692
6184	6185
3267	22848
8347	8356
9246	54778
11059	55658
3619	23511
6144	6157
1345	1351
6193	6205
2521	3181
643	10803
5717	6790
6176	6210
6203	6205
983	7272
6205	6230
55142	440145
3187	7919
890	991
3054	23067
6206	6224
6154	6231
6176	6230
367	8349
3490	84141
1362	9698
2863	5332
4736	10399
1870	5928
3673	3688
26046	197131
6189	6223
6125	6189
6204	11224
57413	59340
4717	4718
23160	84128
8237	10574
6146	6181
83597	390174
9551	27089
972	3122
51514	64708
3191	23350
3687	8514
6605	29117
6997	10637
6147	6159
6700	26239
26494	344892
419	390243
1555	1576
2790	5579
6147	6204
6154	6230
7919	65109
4172	4998
10552	22905
388962	654483
4171	5984
9183	22919
6189	6210
10293	10425
6139	6164
23160	56919
8480	80145
6136	6227
2132	6385
274	9341
11127	51014
6133	6139
6125	6181
3107	6672
6208	6227
3184	10236
8883	80344
4509	4539
4543	5179
1111	2178
10403	10592
161	24137
1269	53829
6156	6206
1876	10445
6124	6205
6232	57551
5436	6631
111	2852
2266	9715
6137	6201
685	2069
212	2038
988	4173
11190	57545
9787	9833
6156	140801
6154	6159
6201	6227
10693	11328
8085	8289
50506	90527
351	5330
2521	220988
102	1495
51023	219927
2848	3274
6136	25873
2767	7204
1793	10787
6175	6202
334	3491
26267	63893
10425	84541
963	64386
5731	94235
9410	10946
2099	3017
4904	22826
6160	23049
6161	6224
1129	6572
9183	151246
10713	53981
51650	64983
84085	197131
54778	197131
5434	8349
5796	6233
4708	55967
26190	54778
5905	10762
1763	10714
1783	3799
1175	5878
3854	8689
6168	6169
671	1991
2788	55970
4700	54539
5345	7076
6601	57492
988	51362
6125	6128
2197	140801
5700	5706
6176	6194
6141	6158
7311	23607
6155	6158
64386	79895
6223	6228
6136	6233
3190	5725
5431	9879
5439	6875
4670	220988
111	6387
6155	6206
846	4829
6129	6188
6224	6229
4508	4538
6201	9887
699	259266
8697	9604
1088	23601
6154	6222
6201	7311
3569	84141
6169	6194
2197	7311
1084	138050
6147	6193
6139	6203
3091	5707
9126	25936
377	10540
9320	23291
23533	55361
1856	5869
378	51014
6130	6209
10885	65083
5747	9564
891	129401
6208	6209
6173	6222
2537	9636
3192	5725
2865	84432
1783	79659
3915	5954
1062	24137
9739	23067
3912	59277
3619	11004
3683	84329
2912	6751
25909	57551
1630	137970
3013	8349
9738	146057
7311	55670
7094	22906
1783	5529
3437	10964
10552	29763
7311	57674
51081	84545
1277	7373
1088	170482
7398	10714
9867	197131
7531	10890
6157	6203
1290	3685
3687	22918
1081	1812
6461	9564
919	3123
23322	121441
10236	51692
6128	6218
3646	26986
1398	10458
10921	51692
6132	6222
6133	6193
6164	7311
521	29796
57542	197131
4067	7409
3169	8202
6154	6235
1642	79913
6428	57819
3351	4887
1439	5777
6154	6204
10097	10618
23160	54881
55142	146057
891	6790
51728	79622
6233	9341
5516	54908
10083	257629
163	8976
6124	6224
6136	6209
27292	55781
6233	9690
3849	140807
5173	6751
1933	6218
8318	54962
2072	6233
50835	56923
2975	10621
5094	10285
23	988
9700	64682
6159	6160
6159	6228
10403	51143
9382	9570
63891	79876
1962	6233
6181	6233
5869	10552
2935	6157
57082	113130
3887	3889
1325	2847
9439	9611
7525	9844
1595	51478
6201	6209
7153	23397
9782	10949
1062	5516
4194	7316
3091	5594
4512	4540
2848	196883
5869	8027
2033	26523
1778	5861
2932	3611
117177	121441
5518	6235
1453	6235
55831	56851
6228	9887
23332	79172
6232	10952
1511	4332
9320	89910
6144	25873
399	94134
6688	7805
6164	6218
3184	7536
6133	6209
5609	9181
5861	57403
6159	6193
3183	3190
6633	84844
3017	8349
1386	6045
3048	4778
10403	348995
26589	51649
3215	3216
10112	24137
109	10681
3376	6301
10155	79943
25915	126328
2207	6556
7175	23511
79895	338339
1495	4233
10112	64837
29945	63891
89910	115290
1783	9371
3308	5903
6136	6235
6142	6168
6181	6234
3178	7536
57674	64219
672	7516
6387	9283
4666	6129
5928	10013
4717	51079
6142	6159
5717	10575
23291	51122
1453	6231
10403	11004
3304	3337
65264	89910
23291	55236
6209	27340
4736	6202
705	23560
1062	5526
3109	3111
51725	55819
9655	10489
6176	6204
26517	56993
23107	128308
905	5431
56963	148738
3458	6775
552	2847
6132	6171
9791	81490
1629	4967
6130	6176
8590	285093
117	122876
6230	7178
891	54908
701	3619
6428	6432
6164	6176
6122	6129
6128	6146
3911	5747
389	7204
10921	27316
699	220134
29127	64837
3921	9045
3685	64386
140460	197131
126006	729230
6232	7458
945	2207
57191	400720
10051	10592
391	398
4710	51079
9015	57504
4242	4854
514	4726
9972	51692
6129	9045
1665	5725
1660	2521
3433	3434
6428	348995
4701	51079
3635	5777
3394	6688
6235	140801
4069	6036
2633	117854
10980	55294
5594	10971
153	6343
6181	6201
6556	84418
6205	6223
259290	259293
171023	317772
1793	6461
51676	84541
9919	149111
10427	10484
23521	25873
1063	11004
10907	51690
6224	7311
945	100049587
3320	7415
5869	10890
1781	10383
6625	6626
6156	7178
3853	196374
1763	348654
10592	11169
4700	4717
156	5021
388	23370
5706	11047
51676	65264
3191	23435
116	4914
649	3339
3691	3918
56902	84128
5093	10236
890	1062
6158	6173
6138	6205
6233	9927
51118	80135
3797	10749
26232	55527
8915	29775
1398	6461
1994	3609
3134	6890
245937	613210
11064	22995
51143	79172
1756	284217
4171	5426
6137	6229
3491	10970
6201	6223
971	29760
8875	55350
6158	6194
11004	83540
6135	6228
7097	7124
3920	80331
1499	5795
2243	2266
1994	10285
6154	6194
2588	9798
1933	6193
4904	10946
2784	3763
5471	10606
389	117289
6208	6228
6154	6206
6124	55629
29945	64682
5601	6272
4707	4709
5869	8322
990	63967
4171	4172
9585	24137
1994	23435
3030	3032
10575	22948
6128	6224
6188	6222
5725	10594
6164	6168
1937	6207
990	10051
6491	259266
10693	55970
5048	79003
6144	51187
1660	10713
4853	6868
388	4650
1277	22801
1062	9787
29126	80380
945	2548
5747	9475
285093	390190
6171	6231
5869	25977
6139	6202
23279	81930
6128	6139
4736	6156
344892	390081
2920	3576
4697	4700
3921	6161
2521	4670
6207	23521
10236	27316
1595	6307
6637	51690
9879	58517
10458	55740
7311	10110
6133	6159
5094	9416
383	10394
5558	10926
2847	4985
1233	2359
27316	65109
286	6708
4713	55967
3833	9793
567	3106
9870	65264
79172	81930
6181	6228
1111	2177
10199	84946
6045	8338
3909	9459
6776	26228
4697	55967
388	64333
1063	5501
3685	326624
1555	1557
23011	57403
5861	11015
64318	79954
6207	6233
81794	339366
3916	3920
6189	23049
50838	259295
6130	6173
6128	6159
3301	10808
1969	9564
1499	1969
391	80728
983	10733
54577	54657
6667	8648
3685	5829
11224	23049
6165	6203
1994	55660
567	1520
1946	1969
1786	7027
6122	6133
8655	23218
3320	10598
7305	23601
9879	55660
4707	54539
5426	9126
9793	151648
8347	8365
163	6453
1981	25873
3717	4352
51602	84128
6934	83439
4736	6129
501	85007
890	1058
1650	6836
2768	5879
9793	121441
3811	3821
6233	23291
983	26005
1956	5879
6132	23049
5439	23512
3903	10970
3178	6421
5094	27238
6700	353132
4713	29796
7311	55272
890	51053
5286	6272
6132	6201
10952	11224
7200	84634
3054	4899
57153	79895
1456	7534
4540	4694
4712	55967
6130	6144
79172	151648
4641	5898
6141	6202
9221	84172
4725	7381
991	24137
4736	6136
11127	64837
5529	54821
2147	2244
5870	10890
5518	6133
7039	10652
1778	22930
966	51014
226	5768
6158	6203
10552	100526693
6201	6208
3185	23020
3185	10236
8337	8970
699	5519
285093	390191
974	100423062
2318	3688
6188	6235
813	3915
8351	8363
6224	6727
5368	64805
27257	57819
1983	6175
5878	10618
5432	11051
6223	51187
4695	4724
5694	7314
966	199675
2691	59350
6155	6232
905	79577
7311	23198
6135	6207
4998	5422
3309	9531
6714	57670
7706	57506
4540	4710
84131	203068
317	835
7936	404672
1398	11184
420	58530
3062	64106
6173	11224
6164	140801
23014	55884
3655	3688
3619	9126
7525	10298
221	5329
7311	25873
2956	9126
9742	57560
514	4708
3903	79895
55175	56995
3683	3693
57187	65109
3675	375790
324	5529
9126	23244
904	6667
6233	84231
3491	3895
1453	2197
91543	129607
1103	162466
11052	51692
3309	9601
3185	10949
2244	2266
5054	5328
6128	6142
1350	4695
150684	150726
6227	23049
6129	6168
6207	11224
7311	158506
945	10857
3543	7441
6133	6202
695	2206
4736	6138
6168	6224
10959	22818
6222	6232
1062	9585
10813	65083
6863	84432
6827	25920
6147	6154
6154	25873
23095	24137
983	203068
23560	84172
6155	6208
23517	134430
6207	6209
8334	79101
1325	10563
197	2153
7311	143279
6602	9031
9738	132320
4514	4537
6139	6168
23322	79600
1453	6228
6128	6209
6138	6232
3340	375790
7375	8717
1910	4295
2207	5338
3202	3204
9510	11096
4295	5020
6518	196527
6755	339403
5903	79172
27258	83443
2036	4646
6223	7311
5788	7852
4125	6036
1551	1555
332	10615
9793	51143
6122	6139
23014	64219
6135	6154
1018	1026
1758	56955
53637	63940
351	6370
6170	6727
671	1116
4710	9551
9793	113130
5286	9685
4542	4646
2151	3356
5094	51692
3659	5371
10155	80110
2935	6173
3685	6850
6152	6188
8570	11052
8085	55904
4712	29796
8514	11314
671	1669
5869	7316
9265	27128
3685	6385
10053	130340
5516	9183
1453	8945
28981	150737
7089	83439
4736	6205
6203	6229
8453	26043
57560	79659
4751	10133
5879	10552
6155	6161
10575	84617
5547	326624
6164	6169
6173	6224
6122	6161
2788	5368
4208	4209
4904	9410
51021	84545
6129	6206
26190	197131
3491	3685
26249	142686
6231	114987
7178	25873
6396	11316
3156	4597
4724	51079
7326	26259
174	3827
55143	151648
6872	83860
6621	79035
5880	64333
1536	3163
11103	56902
26263	51397
10250	10285
5747	10298
10693	22803
332	9833
6122	7178
4695	29796
6143	6206
11015	51014
4839	55720
6175	9349
1956	5829
7096	10333
4509	4538
1230	83756
7536	10949
4717	55967
2962	80004
51497	123169
51692	55749
2919	2920
813	3912
10733	203068
6130	6139
4763	7311
23301	30846
8905	10053
80168	346606
5048	5529
1063	24137
1778	5707
6637	83443
9371	79989
4540	4709
6144	6173
6337	7311
399	445328
6128	6222
9276	10121
9371	10749
1116	5004
23332	57551
5685	5706
6194	6203
3797	26146
6130	6154
26043	55666
7184	10130
2557	2560
10274	51143
6206	7311
3437	4599
830	1315
6137	6154
5869	8411
1398	10787
1933	7178
9343	51729
7415	10576
6218	6222
6139	6157
996	51132
1937	6142
6202	6205
2197	4736
1783	2491
6152	6194
6204	9349
6152	9045
6133	6229
1676	3836
10121	26005
3635	3667
9371	23095
55755	57787
5702	6790
5699	23198
51289	339403
6173	6204
7317	89890
6209	6210
6193	6206
55355	259266
6154	6223
4712	51079
247	3479
3135	3821
3071	7454
867	10097
6209	7311
6667	26512
1933	6203
6698	353135
8065	83737
6202	6233
6202	25873
3156	3157
5048	54821
9493	55165
3360	3375
1129	8322
6453	10552
6159	25873
9739	25942
3192	4670
10403	57082
4088	25937
1001	3728
6136	11224
570	7311
6137	6235
6228	11224
9221	23160
6160	6231
56624	259230
84078	89890
5439	8731
3675	3909
5435	84844
4171	55388
2036	116986
521	55028
11218	23511
521	84833
5519	9126
9410	84950
29945	90025
1937	6228
6233	154214
332	22974
8491	10746
10574	10575
393	11015
2033	56655
25873	55176
7538	9261
1387	8648
6168	6189
79867	84902
705	83732
5725	7536
3663	23321
6147	6203
8760	129642
1063	4751
6230	114987
2033	8085
378	55605
8337	8341
778	10369
4067	6776
6136	7311
54850	283807
932	10970
7020	7022
10901	122970
1956	115548
6224	9887
8914	11169
972	3113
2049	2050
6142	6210
9276	64837
10491	10536
25978	51652
6133	6222
5584	117583
2222	4597
2625	8349
6144	7178
6158	6193
6714	7525
6139	6229
6233	7158
6147	6230
399	57522
695	3055
1942	9564
1453	6203
1660	3184
6170	11224
6128	6130
10112	55872
514	93974
6138	6207
3915	5829
994	7534
10735	23279
156	5578
8688	121391
10693	84617
10254	10552
6745	6747
1781	51014
134	5660
377	11015
6122	9349
6133	6203
7311	10111
3304	10963
472	84142
5023	84329
6159	6165
1981	5976
1650	29927
8729	9371
1994	9782
3685	3688
5596	8202
351	7184
5985	63967
10749	11014
6168	6235
4735	151011
6427	6432
377	9371
6133	6217
23122	23332
10121	26123
3355	6751
1265	1509
966	10970
8202	9969
3156	4598
1813	5443
411	153642
5093	6625
3921	6165
3912	3918
6133	6181
10733	146057
11102	55127
6165	6204
3122	7535
2935	6235
1903	57007
9972	23165
3640	5443
1108	25942
10849	25885
905	55677
6850	9564
3190	5094
8514	10857
10283	23398
6164	6194
5438	83443
226	2023
64114	196527
6169	6234
6169	6230
10425	79876
7272	24137
6207	6222
4713	10632
6128	11224
6137	6155
9631	65250
6142	6189
54577	54658
3576	6347
3371	84141
4829	10886
3921	25873
54625	151636
1915	4736
699	6241
1303	55214
4543	6751
6222	9045
779	27091
8243	10592
7702	25896
5725	8672
2244	3827
6137	6230
24137	81930
148	2837
1291	55214
2790	2863
6491	284403
274	11252
5970	57506
6176	6227
2918	10563
11340	23016
2079	6432
383	3240
8541	64130
2804	10945
1639	10121
53831	441864
4736	6210
2768	2790
4283	6364
991	5516
6138	6222
6175	6222
391	55843
7324	79876
1950	7474
3767	6833
350	2147
1669	56729
10293	84085
6175	6210
1781	4735
5170	7249
4148	11098
153571	153572
5970	23118
6233	55366
81697	344892
9631	23279
2197	6727
197	336
111	11255
187	1233
991	1058
338	2243
701	113130
6135	6139
833	8565
5528	348995
111	113
6135	6224
9793	57551
3303	9531
3633	171177
2959	8202
3684	79895
7328	22954
3183	10949
6136	6167
3091	4088
23658	27316
695	974
3659	54739
3054	9739
1385	5594
6205	9801
3619	10403
50835	259292
6202	6208
84870	343637
2107	2935
6161	6218
10959	51014
1394	1816
23327	51088
6130	6207
3912	10272
5433	9879
6193	92856
5080	8338
8074	29106
2197	6233
3191	11338
3691	3909
7531	8655
6128	6143
2782	5082
174	2243
920	29988
23	6059
10075	84231
5427	9768
9039	10425
10403	23310
7311	57154
11252	29993
6124	6158
9798	27183
90550	91689
8329	126961
5347	9055
6363	10563
6161	6193
1911	6045
55832	80204
1915	10399
226	7057
6599	55193
7314	10980
6224	6228
26239	353132
5336	79837
3190	10657
6139	6193
3071	9564
6152	25873
3106	3659
85403	123169
6950	10575
988	3839
8972	93432
6209	6228
7132	10616
353132	353133
11190	26005
51317	57649
1859	5928
5599	6272
3355	4543
1289	7373
5777	10630
6176	6234
8916	9039
5469	9967
6774	9021
3761	3785
5034	5611
3688	5829
3267	9322
55884	115290
6136	6152
5566	5573
4088	5784
3106	6737
1291	3685
55766	128312
6118	9557
991	22974
3832	10615
389	393
3897	57698
1778	6232
3178	3609
2131	2817
6144	11340
4695	4725
675	27030
6155	6201
10466	10618
2099	11059
3107	3659
317772	440689
1327	1329
6142	25873
6142	6218
1107	23186
5878	8976
11116	79959
9128	11338
930	933
1062	81930
10022	259293
22995	163786
3326	7415
4069	6037
891	5515
6152	6206
6147	6152
10890	11021
5336	118788
9643	93621
1058	9833
1287	3673
2525	10331
5422	6240
1555	1559
377	10749
7479	7484
1329	1337
6455	23149
8477	55970
5338	11145
79600	91147
3437	10561
7311	140458
1307	50509
1315	84516
4076	55226
988	1660
890	5347
9730	10425
6205	6229
3903	11314
6157	6209
4854	5087
2792	4985
6168	6222
8514	10970
9277	51010
6189	6232
11169	23649
1816	3973
5715	7979
5720	5721
10592	22974
6635	6637
9133	55355
5747	11099
6836	22820
7321	79176
3688	3913
9219	10919
6132	6167
8337	126961
80018	80155
932	160364
6202	9045
8192	9361
6205	6233
1912	23112
1994	10250
2932	6790
8365	8969
108	797
9984	10482
1329	1347
51143	113130
55124	221400
521	9556
1237	27199
60	10095
6605	55193
6602	55193
5692	5710
90480	116540
5436	85437
710	10747
10970	84141
988	9611
6427	79902
3655	4233
966	11322
1173	10552
3185	10921
5898	5899
4736	6229
2537	3437
25929	79084
9870	64219
187	94235
2625	5241
56995	84085
836	6789
7249	7532
1294	1295
2073	8451
890	10403
5199	10394
4726	9551
1915	6206
6156	6222
1048	8434
705	84154
8356	85236
6208	6230
9968	23186
6230	11224
1793	10458
5746	94235
6138	6160
6201	25873
6168	140801
9730	200845
6203	9045
10285	23283
1173	8301
8295	57634
3356	5731
1129	3355
26270	93611
6338	6340
25984	121391
29093	92259
6157	9045
6923	29945
51429	54874
1453	6230
23586	55601
60	10093
8689	121391
5330	29933
7311	7321
23309	27327
146	84109
3833	24137
6209	7178
891	29127
488	489
5529	151246
3190	9716
776	51764
8317	84515
1500	7082
7533	10971
58	5879
335	3827
846	10022
5194	6233
54578	54658
5432	8450
5702	5706
4116	6233
5347	10592
5903	25909
3178	27316
6144	23521
9662	79441
6155	6235
3937	7409
1660	51692
6176	6208
6625	51593
84648	353139
2965	6923
351	3491
29763	51429
5739	94235
2197	6142
6232	23049
3123	3127
8615	9276
5036	10576
6453	9322
6124	6141
6169	6224
9437	259197
1871	192669
891	22974
6699	6707
23248	26512
1639	8729
9531	26353
5861	10342
6147	6210
64928	118487
2956	5422
6279	6280
9739	55904
4709	9551
26589	116540
6234	7311
9879	51362
6142	6201
6203	27340
2036	8573
7862	9219
9793	54821
3688	375790
1783	24137
10013	57649
5194	7311
6142	6193
6176	6206
567	3134
64781	123099
2788	3269
5426	5427
23291	26091
81	5868
3912	5747
891	995
9904	23160
4513	4519
8969	121504
3192	5093
514	4700
109	53829
864	64750
6129	6203
8341	85236
6636	10465
1499	23291
6227	6727
2305	11004
4361	8349
991	9133
11184	27071
966	3683
6189	11103
1213	8976
3915	5879
3915	6714
338	350
1660	23020
113130	348995
9632	10483
9020	10000
2099	6387
7311	9020
5695	51330
595	4067
7532	57521
4617	4618
2792	594857
6205	25873
112	1269
10236	11193
3185	23283
1778	24137
6168	51187
4512	4514
1559	2327
5528	8243
6135	6206
991	5905
4712	91942
9493	10112
6173	6188
79090	149111
9382	10905
2491	3619
4144	4548
4710	4725
1981	6202
640	973
5436	51755
2033	6667
8945	10075
79954	84128
2642	4922
1350	27089
7058	9507
9493	11113
1133	7200
6142	6227
2960	2967
930	29760
6146	6222
1956	10552
10094	10095
1116	5005
7919	8106
3017	653604
4008	57542
8563	23225
3107	6890
5196	94235
6152	6171
11103	84916
102	6556
6175	6235
6152	6202
1788	57332
7004	25937
6160	6164
2091	6217
6631	6636
11113	259266
5422	10592
521	10632
9329	10621
6205	23521
2197	6139
197	5005
6222	6224
9459	64098
3071	10458
3832	51203
3685	160364
7316	55669
226	2539
3479	51097
4301	7082
6223	9045
6155	6224
1060	348995
3822	8302
87	5768
8976	54874
4240	51280
4508	4509
1668	728358
9787	55872
1281	1290
2837	3358
6206	23521
2551	4899
3688	91522
1933	6155
6915	94235
117	2784
4536	4538
950	7316
6133	6158
5905	6232
6144	6209
890	5933
7311	56288
10484	11196
3512	100423062
4540	55967
887	3827
185	2642
2099	2625
4173	5422
4298	6830
50813	84727
6157	9349
10427	126003
6207	6235
6208	6229
5903	9126
6154	6155
6130	6229
988	9126
4535	4539
6165	6181
4725	9167
4641	5879
2935	25873
7041	7414
120796	344892
6125	6206
6233	80351
8673	10970
6138	6169
9126	11130
1933	6129
6142	6156
22917	57829
53407	60561
3683	3695
4512	4538
3376	8565
3240	5199
2960	4763
1116	3240
5557	54962
1058	5528
2073	4331
64151	259266
5822	10885
11091	54881
3185	27316
2305	22974
1208	5406
5880	10298
1453	6218
6138	6168
9564	10458
1314	8615
4609	7020
5529	5781
25978	92421
6167	6229
799	10268
8365	440689
23283	84271
1161	5887
5716	5718
4172	5422
5335	7305
1843	3304
3688	6709
51350	112802
4102	158511
1573	8529
1981	6206
5566	5970
972	5641
54874	115548
10802	51014
6155	6228
3184	9987
10096	10152
6281	79026
6144	6170
156	2863
301	3269
6124	6206
6128	6164
7311	285231
22984	84172
4736	6164
3183	6432
9738	203068
4948	7299
2792	219438
6169	6232
8175	56949
2521	3185
6138	6144
2131	6385
1717	3157
10733	79959
5879	9046
5707	6386
23014	143279
5179	5733
9040	10517
350	5267
595	6776
6185	7184
6155	25873
3043	3045
6130	6141
7852	8698
6218	6233
3683	5788
51692	220988
857	858
4736	6171
23076	55131
6132	6147
1662	10528
3832	10733
4738	6635
6138	6229
84131	347240
10663	259293
6155	6207
10960	51128
22954	55236
3185	55749
51088	84261
83540	151246
6154	6227
9738	54820
1915	6161
8334	440689
3113	7535
8329	653604
6175	6181
6483	118430
6204	6209
6231	140801
55920	79023
6138	6224
8329	440689
3122	3123
8349	333932
6136	6202
6688	7305
1453	6204
8886	55720
163	9341
5903	7175
695	3937
6223	6230
213	5265
3119	7535
6517	9968
64318	84128
4707	7381
174	2266
158	377841
5704	5714
991	5707
5694	5695
3921	6194
6164	9349
4887	346562
5567	9368
8085	9757
5361	7305
2239	10082
1778	6709
10733	22995
10274	79172
567	3107
4670	27316
2214	2215
3017	4609
3675	3685
4952	5286
25885	64794
23197	26043
1660	5725
6227	6232
3880	144501
9886	221472
891	55872
1435	6696
6155	6168
2359	94235
521	9551
4712	4726
6133	6210
3895	11167
1282	1292
5438	6635
4353	6036
6143	6194
5590	23286
6129	6161
6138	6141
4171	81620
6128	6138
140735	348235
2539	160287
183	3357
6222	11224
23244	55746
6869	64106
6136	6194
8337	121504
6625	10523
2863	55970
10394	56729
2521	6434
6657	57167
1329	1350
4695	4726
8542	84141
1398	3685
6164	6207
6157	6194
26525	84639
6132	6727
6146	6235
1660	23283
142	5981
1981	6235
6130	6235
2892	2903
8349	8365
10460	259266
1933	6164
6373	10563
7764	9687
9883	55746
6133	6167
996	23291
27237	171177
6164	6227
6936	51645
1509	2099
9655	84085
6045	23028
2177	2189
6224	25873
4069	5199
6136	6231
2305	4288
153	155
4726	55967
10640	23265
3692	10969
6429	22826
375	10959
6157	6232
3915	84141
4709	91942
991	23327
10285	51692
867	50618
1778	81930
5433	55660
4708	4709
6138	6142
1088	138050
720	721
8341	8970
1991	6709
399	6453
3491	7184
10733	55142
9700	146909
5111	7298
6672	79097
4695	4700
846	259295
6168	6203
2197	6222
11021	51762
3163	3725
3903	57153
9700	10051
887	4295
51645	85313
6159	6176
9322	23265
2790	55970
6122	6141
3240	4069
6193	9349
1277	5118
6144	6160
10112	54443
1314	10427
6170	6206
5597	5718
2767	9002
3953	6774
6430	57794
6136	6169
391	158763
945	3685
6233	10401
2206	5335
6636	6637
8602	84172
6222	6229
6129	6156
6125	6201
2923	3309
5701	5718
996	57674
2691	5739
10256	54845
1857	5708
6205	6208
971	974
4736	6137
5880	9138
26263	92912
3921	6228
64792	150737
4176	5111
23020	51692
197	3698
887	5020
29074	51069
10489	221687
521	4726
2033	5469
10272	11098
4717	4725
4853	9253
1116	4069
3921	6175
890	26271
3674	5829
4713	4717
3796	5519
1241	7204
9700	23332
55601	91543
6209	6235
1741	26037
6167	6233
4686	11338
92815	128312
7272	9787
4085	64151
54996	64757
6170	6223
146	886
84296	84515
26268	64682
6138	7178
3192	23350
4736	51187
6142	6202
6141	6173
2045	285220
6208	9349
6203	6218
6170	6232
332	64151
3683	3688
1816	4160
6128	6129
142	56655
79172	348995
6155	6229
1741	22941
26190	51122
9553	51650
4710	27089
8178	11267
6634	22827
6132	6156
6133	6169
9790	55127
1659	9343
8329	8349
6160	6165
1857	5699
4597	4598
9833	51203
1499	5781
29984	257106
6160	6227
1453	10427
6139	6185
3055	6503
6432	220988
156	55970
5867	5874
6133	6164
5861	10972
5879	257106
5432	84962
186	4988
5976	6167
6133	6201
29078	126328
6154	9349
1310	169044
10885	27340
55003	55299
1084	1088
695	7305
9690	221687
81	7791
1017	4999
6152	6233
2994	6005
2242	3320
6164	25873
5657	6037
6139	6181
1062	10274
7514	54821
3688	7045
1717	50814
51575	79954
23511	50628
22919	54821
23350	55749
11329	55233
1645	8644
9371	11014
7450	54756
988	60682
9282	23097
4736	6175
6233	56254
9801	28977
7321	84962
5747	23209
8453	55884
6155	6193
680	2798
6156	6218
966	10652
6168	6227
1660	51729
3725	9070
6157	6234
9133	10403
5903	22919
6204	6222
991	51088
6157	6160
24137	285643
472	51426
351	1269
6160	6232
3912	375790
351	7852
945	3689
197	51156
1233	6370
8349	653604
5290	5781
3685	6518
23122	113130
1121	81846
6790	10112
5695	5700
3135	3805
6222	7178
8394	23533
57082	151648
22984	23195
6136	6228
3921	6207
5747	10458
4173	23397
5439	55599
4726	7381
6142	140801
2935	6160
26146	150737
10324	51666
9793	84902
1717	3422
8351	121504
79600	84902
6164	6232
6237	10235
8329	8340
1793	5747
3912	6714
6233	25831
4288	7272
2099	8503
6155	6203
23223	79711
2159	2266
1116	1669
5868	8301
3921	6233
4512	4537
1017	63967
5518	6167
6141	7311
6160	6223
10153	55759
1943	2046
29796	51079
391	9743
23275	23509
3683	57153
4713	4724
6667	6670
1981	6168
1337	1340
1605	3909
6632	6636
3362	3640
6165	25873
799	51764
6128	6204
6155	6181
816	2902
117	2792
5048	11190
6132	6173
165679	171546
6147	6169
3688	7052
2635	5371
1453	126003
6138	25873
6130	6155
8347	8351
8886	9221
11224	25873
5584	55243
1043	2350
1605	3913
6143	25873
5519	54821
9611	9967
6144	6230
5460	55211
4173	5983
55003	84154
3672	3912
6201	11224
4736	6161
5707	23526
637	3002
6500	142689
10403	55143
92170	503542
6165	23049
6133	6218
6249	8826
2042	2044
7153	7298
1287	1288
6748	10952
10523	11338
5023	10970
5294	55970
6230	140801
6138	6230
1824	5493
10269	23463
6167	6227
6175	6209
1956	7039
55168	219927
8451	57804
5604	8826
10907	11157
890	259266
54960	79833
4172	5426
4736	6201
6432	6434
3434	4940
3859	125115
51203	56992
6161	6223
966	3903
3122	4261
521	4694
6139	6234
4734	8453
1991	56729
1434	3837
6133	6223
6130	23521
54939	55294
1778	5347
4172	55388
6703	6704
1058	57405
1991	4069
6204	23049
1398	5747
2617	4141
54069	79682
5868	26130
9631	9972
25885	83743
3856	3880
51023	116540
54885	152503
6130	6218
4591	283807
3320	5829
5528	10726
996	4734
6165	11224
1495	1500
54850	146330
3320	6461
8607	11091
3688	5879
1453	6227
6224	23049
3797	10112
3127	4261
54443	55165
6173	6181
6175	6208
5443	6370
1351	9377
1005	1009
1894	29127
84549	84946
6223	9887
6426	9879
4288	10051
8945	80204
8568	57696
7133	10673
54821	81930
5908	7094
83461	259266
3017	8337
23244	23332
983	3833
28998	65003
6240	7298
51099	79948
1453	6232
4538	4539
2033	23013
4014	5317
79583	79867
6773	10379
4940	10612
9690	57154
3105	3659
2971	51082
51429	54885
1937	6202
10551	27076
6165	6169
7298	10403
6152	6203
28981	57560
3693	7525
4538	91942
6155	6169
11222	56945
699	1058
1345	7381
4736	6155
6135	6171
6130	11224
377630	401447
988	203068
8503	51764
6170	6235
4928	7514
87	6385
641	6118
1915	6122
6130	6168
22984	65083
6141	23521
3685	10970
2767	29933
1665	84172
1495	1499
8697	23291
6147	6206
28998	57129
1595	5447
4736	6128
9412	9442
1524	729230
8334	8341
1915	6147
1660	5094
1826	6300
6135	6170
824	5829
50840	259295
7454	10458
10383	84962
55166	57405
6167	6169
3827	4295
6203	6217
6155	6194
3619	5501
6456	9892
5579	5583
2810	3691
8349	121504
5439	6119
3673	3918
3482	26130
3882	286887
908	9628
55252	55777
990	5422
6483	8705
8452	26091
2923	6185
5094	23020
472	64421
22954	26190
6157	6233
9371	55605
6146	9349
332	29127
566	4125
1050	2322
3017	8356
3912	3913
2623	10661
64981	116541
2197	6155
1642	8607
4543	4852
3797	28981
9652	23517
5431	5433
7311	9927
2204	199675
462	3827
6122	6202
6156	6161
1783	11014
2899	51764
6138	6218
10239	23431
8648	96764
6233	26091
4233	9564
7311	8450
1826	5058
3685	5795
2197	6147
6136	6168
11169	84296
1937	6188
1329	27089
6556	23601
26589	64928
6218	6224
23049	25873
23279	23511
3122	3662
1499	10971
2491	9793
6133	6224
10969	29997
9903	10489
1241	29933
4512	4535
301	2788
5829	9564
9826	23365
6147	6235
2920	2921
3675	3683
3017	121504
54908	55055
5753	6725
6790	22974
6125	6139
1237	8811
5684	7979
6233	440689
2099	6198
3832	9700
2790	7204
2207	338339
3111	3113
6222	23521
887	2147
1058	64105
6139	6235
1084	338339
2635	6672
1063	7153
1829	64065
6161	6222
2535	4919
9294	64805
3190	4670
3561	3635
813	11098
1349	10975
9039	84085
988	6950
6202	9349
6173	6233
3017	8341
1285	1286
4544	5443
399	9138
658	4093
8349	53615
6165	6202
2099	3480
4514	4536
6556	338339
84002	118430
377	1783
10733	79441
972	3115
84861	143279
5111	7027
58	60
23774	57459
11065	83461
6222	6233
5781	7525
23590	56997
7316	8864
89910	90293
5179	7857
6133	6157
919	7535
55658	283807
4735	79867
25	5159
3832	9833
1347	4695
353137	353142
6169	6189
6176	6181
6138	6170
1058	11004
152	719
80740	171169
6164	6204
51096	57696
6194	9349
5741	8074
2521	3192
4736	6122
9739	23112
6207	6208
118487	128308
2243	3827
6135	6201
688	5468
2852	51764
6144	6233
1337	4697
8976	55971
6128	6233
10972	51594
1291	10536
10933	55257
1111	7298
11338	23636
4830	4831
9282	9967
1340	1351
6631	51645
6135	6189
10484	51014
9055	29127
4540	4726
1069	11064
2997	6233
9493	10749
57674	64718
3659	5696
5660	63940
9320	144699
6208	6232
1515	3122
6202	23049
4171	4175
23601	338339
5887	7415
2207	7305
1455	2810
8467	79595
1653	25940
5688	5695
1937	4736
6136	53918
1230	2833
4171	10036
3009	3024
4928	55746
917	5296
6122	6205
6227	10952
3685	84329
2935	6189
7153	9824
890	157570
11004	259266
1350	10632
3055	5829
7311	151636
3673	3914
6147	11224
4584	4588
6207	23049
6122	9045
4176	5982
1327	29796
3683	7409
6185	6729
7314	26263
51649	54998
6209	6227
23160	64318
566	4332
64979	116540
6143	6157
9341	22905
6206	6227
5111	10714
3199	8338
6908	54815
5155	83706
8976	10458
6144	6154
57403	81876
3434	55601
4297	8085
6203	6233
9246	11275
5573	23209
117	2695
8340	317772
3688	3918
6156	6203
84163	389524
6138	6210
2767	8477
23149	51429
4513	4537
1495	1969
2792	128366
5747	10787
904	905
5930	54620
6235	23049
4174	4998
51	55825
2980	2984
4736	6124
4905	10905
6711	8615
3434	8638
5887	10401
5878	10552
392188	645402
5879	8976
1291	5033
113130	151648
56729	126014
9133	11065
10772	10949
6164	6208
1981	6139
6125	9045
4953	51686
3181	3190
27292	84135
3710	10235
6133	6175
163	8301
6229	6235
3688	3912
1314	8729
9412	55090
84541	140739
29093	51264
7124	8740
399	1894
11004	25936
3156	6307
6130	6202
3105	6890
27316	220988
51143	151648
4509	4537
5699	8697
3689	3903
1058	10726
8648	10499
8347	317772
891	81624
9015	284119
83551	319100
6272	11319
5347	9738
55014	126003
23014	80176
383	5657
9277	84946
344892	390084
5879	94134
6224	140801
6155	9045
7337	51132
3308	10808
1749	1750
3837	3839
6202	6229
3075	3078
3221	3222
3852	3868
25836	29072
7272	55635
84648	353142
5689	5700
8514	79895
7536	10181
6223	6234
5706	6790
983	3832
1536	84329
890	11339
5695	7979
6175	6204
891	7531
4332	6036
9276	9632
5878	8411
2788	2790
5433	129685
6428	6632
55168	64979
163	7311
5335	10818
6133	7178
5516	5711
4173	55388
6203	6232
4736	140801
3115	3127
22930	84516
6165	6229
6208	25873
4734	64750
6170	6208
411	6677
4670	5094
51503	84844
3710	6804
566	6037
10199	79954
7862	54815
886	2922
26290	56667
2125	6699
5690	8742
10022	50835
2885	3572
2157	27095
208	2475
55131	84128
3921	11224
5439	8896
2151	2791
6139	9045
3190	10594
9938	29984
7764	8202
6132	6176
6137	6167
5393	51010
8687	286887
5711	8697
4712	4728
6218	9887
2912	5173
9700	348995
1778	10112
6176	6223
6189	6193
136	2788
1854	7298
50834	338442
5696	5718
10155	284309
6868	7311
56670	94235
84648	353137
9277	10153
79600	79867
4940	10561
6169	6206
6176	9349
5903	10274
4361	63967
10540	22974
6135	6158
6203	6206
3698	51156
657	659
627	2247
4734	26190
11128	55703
4695	27089
1956	2247
6135	6235
6141	6205
1783	11127
7321	23198
186	4922
246184	285231
2847	6752
399	23526
6176	7178
6129	6160
9128	51340
799	1812
4867	8655
920	8976
623	56923
2852	3354
3619	81930
999	3691
1944	2049
4323	4811
136371	283807
2932	5529
4536	4539
1793	100423062
26091	154881
64682	90025
7328	23608
1062	10051
4670	9128
3013	8365
3937	55740
991	9491
10426	55755
9730	142686
389	257106
10920	10980
6170	140801
9493	24137
1595	4597
5657	8635
3109	3115
26005	84902
3184	9716
3074	5476
813	10130
6453	7311
4712	27089
6206	6222
6137	6228
11145	122618
51433	246184
5411	51747
8568	51096
5861	55605
10403	26271
1605	3688
8295	79595
9585	10112
1981	6234
8916	136371
8515	22801
9246	51191
5054	5327
1452	5714
7316	83752
3688	5747
6130	6133
3200	5438
81	3688
10992	27339
9371	9493
971	973
1022	91603
6514	6927
6141	6168
6138	6147
9730	63891
2695	2792
5709	29882
8883	142685
7098	10695
11014	51014
833	4677
8453	84085
10376	84617
6132	6169
2633	4938
6155	6160
6203	6209
6234	140801
65264	143279
2064	7311
1915	6138
6556	79895
6218	6229
9136	84946
7536	84950
27089	29796
2695	7434
24137	259266
2773	29899
22974	81610
7316	7328
89910	154881
999	9839
6429	10236
974	5336
25793	84676
6175	6234
302	6386
4670	11338
51497	80349
9031	221830
8243	9700
6161	6204
1121	79090
6194	6208
6218	27340
7458	8662
1048	80740
6161	6230
6147	6233
6202	8666
514	27089
9655	55832
8689	286887
10254	51652
1660	9343
11314	196527
6193	8666
7038	7173
6133	11224
6167	6204
6125	9349
1308	3655
4171	7298
6233	143279
3920	6836
26234	154881
9493	54443
6613	7341
400	57511
11176	79595
1500	5880
332	5501
6129	10399
6161	51187
8349	317772
9636	11274
5984	10403
51023	118487
5869	8976
4357	54205
10112	23095
163	6233
3214	3215
2358	2767
6709	11014
905	27125
5058	5596
9833	10112
1062	5529
6173	6234
8329	8347
4717	27089
5693	5700
10857	10970
26476	344892
11064	27077
6631	6637
6129	6194
963	6518
8329	85236
6176	51187
6139	6175
6133	6207
972	3109
6142	6157
8349	23378
6827	80349
5082	10574
23142	23291
22995	55755
3488	54757
6144	6194
4694	4724
133	2790
1069	9657
23020	51729
1660	4670
3429	8638
3909	3918
4736	6208
2178	6118
10376	203068
5869	23011
6878	8295
6233	158506
2147	5020
51069	55168
6229	23049
6206	25873
5869	11021
4591	55658
7381	29796
5529	22919
4539	374291
6158	6170
7343	9112
7516	348654
6830	9646
9306	9655
8329	121504
5928	116092
5980	56852
57332	84733
6129	6138
10458	10787
890	10460
6157	25873
5903	9631
3673	3912
6223	6233
1969	2048
3646	8667
5644	6690
8688	286887
1111	8317
3579	126006
6173	10952
4116	6202
55829	79139
1511	1991
6193	6208
8729	9570
84085	200845
11202	25818
9295	84950
6210	9887
8243	79172
3486	3569
25897	27252
6203	6231
6167	6210
3619	23332
1137	1141
9787	11339
51264	118487
5507	6233
1605	55624
6218	27042
1839	5782
6455	9322
6160	6173
3852	3860
397	398
10293	200845
5286	286451
643	50865
6209	55127
6161	6189
5717	8453
9039	54850
4161	7432
1080	4036
6147	7178
988	6599
3267	11252
8969	126961
2800	2803
2832	117579
6346	83756
1325	2784
51289	259292
6209	6230
6176	6207
57530	100506658
566	4069
1268	10803
10857	64386
3710	5575
4233	6233
11251	94235
87	7044
720	3426
1058	8655
6396	9871
3048	3050
3837	3838
9700	151648
10426	55835
6461	7409
5705	11047
9972	348995
6168	6176
7153	9700
6711	11014
111	9283
996	23327
9039	200845
3683	64386
9341	51429
9820	23304
4725	4726
6171	6173
6218	11224
6167	6189
8766	10890
2185	9475
27339	57461
9969	23389
9410	10236
9439	9967
22897	653784
6189	6205
6124	6176
701	7153
6139	9349
2099	8349
8581	10232
5528	57405
161	867
830	9371
2776	27334
9277	80135
55850	113220
5929	6872
3667	5580
2064	5747
5430	27316
6139	6222
1453	6205
996	197131
51382	338339
197	335
3312	9128
3932	29760
7044	51097
3853	3860
6124	6204
892	9477
8175	57794
9844	10787
4853	23509
10489	51343
727	10022
6122	6194
7311	65264
5695	51371
2033	4089
3797	9493
1495	84962
1495	5584
1933	4736
10945	10959
6138	6202
1337	27089
6161	6232
10657	11052
6230	23521
719	8895
23601	160364
6164	23049
5524	5531
6272	79158
6206	6234
5707	200734
1915	1933
6169	6175
3184	3191
2073	5440
3192	51729
6144	6189
705	84549
10193	197131
2491	151246
832	83547
5795	6714
6176	6224
896	6776
6708	11280
2692	2838
153	796
5434	54845
783	10369
10959	11014
23160	55127
6428	22826
51289	259293
5294	7409
6168	6205
6233	8450
1665	23350
4736	6194
9700	10403
51585	79869
567	3105
6204	6229
915	3702
10250	10291
344892	390077
1008	1013
6201	6229
8329	333932
1445	9564
1524	126006
3915	4233
6130	25873
383	56729
10952	140801
7454	10787
2064	7525
2207	11314
636	23299
1536	3683
6130	6136
23332	25909
26118	51088
1962	7311
5684	5706
1983	6205
983	9833
988	29127
6129	6135
2633	3437
5829	9459
6157	6161
2222	3422
3181	4670
10112	11127
9655	26190
4254	5777
9282	84498
8648	23097
5578	6868
8683	10569
6152	23049
6143	6160
1121	54453
3122	3127
6142	6224
6233	54677
3181	220988
5693	5695
2917	27199
2491	57551
3921	6234
5699	51684
9927	10059
353139	353142
996	9666
4175	6118
121504	653604
1994	57703
6167	23049
6430	220988
796	797
1435	8542
6189	6217
119678	344892
23582	25949
1350	29796
5699	8945
1783	6232
51421	60485
2625	3169
3912	10971
51122	56995
11004	23332
6143	6233
6173	6203
7415	10383
6708	6710
6233	83987
57545	80184
10155	201514
6632	57819
3190	10921
2033	55904
521	522
2957	51616
9371	64837
3135	3663
6167	6201
8976	29763
7409	27071
9883	23165
1088	150372
2034	84962
6872	81887
29093	118487
1650	6185
6635	83443
2185	7525
1536	653361
2537	4599
6164	6223
6206	6235
10972	11018
8243	9793
1213	10254
8334	8969
185	4988
3017	85236
6170	6188
9656	11073
5516	5903
680	6869
27316	51692
3833	56992
3619	23279
6187	10557
10112	22974
890	4288
64963	116540
2071	27125
9564	9844
57115	114771
3978	5426
6205	6228
55658	136371
55170	317772
5437	23524
5717	126374
2033	10735
9730	64682
6227	11224
23107	65993
4717	4728
10332	30835
6139	25873
6233	89910
699	9824
3875	144501
8548	64746
10921	23524
1537	54539
65083	79954
6167	6224
64106	347148
6599	6602
2151	6915
1660	9128
389	394
3921	6122
6181	6202
705	84946
3559	3560
51023	90480
26046	26268
9276	22820
185	186
6667	10499
55720	83743
4700	4708
23244	57551
915	7535
4040	8322
4734	23291
5928	51317
3833	9700
55759	84549
5500	5516
5861	10484
6157	6222
335	51156
3184	3190
6164	6234
6133	23049
705	23160
1398	5599
8329	8970
3832	54892
391	9901
1783	8729
9320	26091
391	27237
1994	10236
6432	6636
6165	6189
3880	4072
4999	23595
6161	25873
146	2846
8349	55355
6626	27316
81	55243
1058	9212
963	3903
10102	51021
338	1080
6175	6201
29763	54874
3912	4233
695	3725
6137	6233
6164	6181
5241	8202
27316	55749
351	2817
886	3061
6667	23248
2740	94235
6136	9045
4738	7979
9787	10112
1665	3192
5717	200734
2491	55055
6155	6218
79861	81027
9126	55746
55832	154881
8945	9820
2846	2922
3921	6133
6175	6176
57599	57804
1956	3688
9334	118430
383	1669
4709	10975
2159	2243
6170	6228
6160	6193
1665	55127
8881	63891
6169	23049
6152	6230
1453	6222
6135	6230
1268	50865
351	54972
988	3326
3191	55749
6206	6229
6156	6207
7272	9700
6130	6188
5565	51094
5516	10213
10499	23389
6628	6636
23620	84432
9551	55967
1822	23028
6218	6230
988	5903
6189	6222
3691	4233
83732	84946
4678	5984
6176	23049
3107	5696
1994	27316
6637	11157
2247	3685
6132	6160
3105	3135
9833	55165
9904	57647
472	84464
5519	10274
513	9377
1994	8570
4707	4713
22954	64219
8853	11015
2268	6714
6625	11338
2247	6233
3127	7535
7514	25909
2153	2243
2266	3481
11128	25885
4540	51079
2064	5599
24137	29127
6156	6204
338	3827
6218	6727
11258	11316
5236	5631
7175	10250
988	79595
25	10163
8131	64121
6176	6202
2099	8338
113	799
10075	80204
1994	9716
4125	5657
7337	9320
6170	6203
219858	344892
53829	57413
22794	23398
9702	55142
3912	11098
6146	6168
6233	11224
9869	653604
6222	25873
6432	10189
7321	54583
3853	3868
148	886
3433	9636
10949	27316
3913	11098
6160	6203
3842	54464
8514	22918
5862	10890
2957	5433
1665	4686
6232	8662
6233	10111
7153	11004
23355	27072
79685	94239
1601	8301
6139	6155
6188	6203
4584	9245
7343	10919
1340	1347
6632	6637
23028	23186
10802	100302736
5067	137797
3799	29127
23279	79172
1933	6154
302	6281
1364	24146
1500	4233
6147	6176
2475	9675
501	51166
1025	23168
22984	79707
6520	8140
991	79176
637	8626
6280	6283
1063	2305
567	3133
2359	5196
8663	728689
391	55160
10552	100423062
1991	4353
6170	6173
23283	27316
6135	6227
2799	5476
5660	55970
8329	8363
108	7252
3008	3009
9246	283807
7133	57153
6189	6208
6165	6176
3433	4940
5440	6827
10615	146909
7004	10413
1991	10394
6129	11224
6201	9349
7021	83741
3619	9972
6201	6202
4848	23019
996	5347
6156	6170
1880	3579
2206	2207
23332	80321
7042	83706
1803	59272
3191	3609
6169	6171
5737	56923
25909	54821
23304	90025
10236	10949
4050	7124
51382	79895
6142	6160
1431	4191
9793	10274
11325	51690
6135	6155
6128	6230
4085	55166
4049	115650
6154	6169
2197	6135
5880	9743
4584	140453
3183	6428
5433	6426
332	1058
940	8516
6635	6636
6156	6176
5829	23209
3655	3915
6146	6165
397	5880
9585	10749
1660	3185
11021	23011
6228	140801
672	51755
5985	83932
8514	9522
1500	84962
4736	6158
6142	6173
10907	57819
7328	9690
3240	56729
1880	196883
1281	4060
23350	79869
4867	80321
8243	55746
3903	64386
6167	55176
834	114769
462	2243
6164	6202
857	64750
6224	6232
1033	9787
6170	6218
54821	55055
6203	23521
6130	6152
6165	6224
51068	117246
3912	7184
6142	6167
6135	6156
2935	6168
2847	2911
8356	8970
367	10513
462	2147
950	8976
6167	6202
10460	64151
6133	6160
6206	6207
6138	6139
10484	81562
2204	23601
155	6344
673	57498
2197	6165
6125	6159
5529	5903
5093	27238
701	146909
3619	55143
945	5023
4839	6156
9341	10254
6146	6233
4175	81620
2767	55970
58191	63940
10403	56992
54620	80204
57154	64750
6154	6233
6223	6229
4713	4725
11190	22919
151648	220134
5985	8914
1778	57545
5431	22794
1937	6133
9738	347240
8925	53339
8729	9276
4736	6224
641	5424
6152	140801
5518	5976
8334	8349
977	5339
6455	8871
26589	64963
6232	140801
6133	6204
8655	83658
3430	8638
9126	113130
7175	51692
11103	27340
6142	51187
6233	9732
1902	2767
160	8867
6500	8697
891	991
2064	6714
3685	196527
10193	10489
1639	3797
5473	10321
23291	89910
10274	57551
899	9700
6233	9101
9564	10044
1439	3635
23218	196527
728	846
991	10112
6613	7421
50835	259287
389	399
571	11073
8412	9564
796	5745
996	8453
6181	25873
4540	4707
5885	286053
6194	6224
10084	27238
4717	4724
636	22930
1453	6233
4233	64759
10075	51132
3190	3191
1639	24137
6169	6207
22897	79598
5005	7276
917	1759
3240	5004
11102	27042
6147	9045
6224	6234
79090	90411
6176	6209
6625	11100
3105	3106
988	55770
6169	6210
846	259293
617	10469
11176	23309
6201	6235
388	391
6168	6229
9972	23279
8349	23310
8615	9570
5741	10266
5708	7415
3619	9793
6168	6223
6138	6208
116	2740
6144	6165
2322	6688
28998	64960
6158	6228
6137	6141
9436	9437
1337	1350
6170	6209
90025	158506
6160	7178
5048	23322
6128	6170
3109	3123
6146	6152
9611	23097
1915	6159
8329	8341
23378	55766
3609	4670
8914	9126
1933	6159
1314	22872
7337	84085
5928	8085
5747	7456
4862	79365
5879	9475
6189	6206
1058	81930
2597	5315
6144	6202
2197	9790
332	54821
699	9928
4049	4050
3797	79659
51510	51534
1536	23601
10525	29927
7082	100506658
2197	6160
26285	149461
2099	8340
51693	58485
4670	10594
6159	6173
623	2861
6147	6158
55759	84128
9655	57542
1161	51426
5700	10213
6128	6135
6047	9604
2197	6159
55662	80351
3433	10964
1665	4839
1783	6711
6194	6207
26173	79034
25873	140801
6210	6235
5048	55055
8363	440689
399	64333
7094	54845
10933	93621
695	7409
6138	6188
5708	5887
2197	6173
23295	140460
55125	55755
1445	7525
10803	50865
3190	55749
5331	27334
9055	10376
2800	4905
890	55355
1386	6602
945	3903
8683	9785
3422	4598
23326	79595
53615	317772
3683	326624
6129	6209
1956	4145
4512	4539
6202	11224
2792	2847
971	5336
9341	23149
4035	10082
6122	10399
3619	5528
92104	150737
671	4353
930	974
56902	84916
4694	4707
1499	128239
1455	89780
10153	84128
5872	53917
6483	727897
6205	6224
6129	6201
6224	6235
1058	151246
3685	3912
6142	6228
2767	5335
3304	3320
5707	5717
6125	6133
8687	121391
10592	64151
6288	6357
3133	3660
2206	3702
2491	5529
51079	54539
6868	11319
890	51203
6632	51690
5725	10949
10749	51479
6161	9349
3170	3651
5660	10970
10900	284069
10575	10963
6128	6227
2776	5331
1933	6230
259287	259292
11258	80097
3106	3134
7184	10970
4710	29796
3491	84141
6139	6160
5688	5702
3192	5094
3688	3915
10594	11338
6202	11103
51003	400569
6139	6167
4508	4537
6117	7156
6138	6159
4717	4726
5330	60675
51602	84365
10561	55601
800	10174
3178	6430
5929	8085
5217	55740
11275	64708
10970	11322
7153	10762
4436	7520
6230	6234
3572	3977
10376	10693
22936	64859
4535	4538
5199	124583
10482	23279
983	7321
11275	283807
1544	169355
1063	54821
6175	6230
3181	5725
6518	10857
3945	4200
1111	7486
891	2491
6164	6189
6227	114987
6171	6227
4738	54939
26091	151636
3796	5515
7316	64326
2810	4486
776	27092
6158	6222
3833	29127
203068	440145
55689	55929
6165	9887
79954	84154
1398	3071
1933	9349
6491	10733
4313	6678
8976	23149
5048	81565
701	10615
5896	5897
115106	440145
4626	8735
2125	11187
2617	8565
6173	6202
6167	6235
6158	6233
9354	23304
5501	23122
3689	84418
8974	29920
144699	154881
51645	57819
53829	59340
1136	1137
26190	54165
904	5433
3181	3185
6201	140801
6257	7068
6230	25873
1236	2841
6169	6201
2965	8731
6204	25873
2932	5516
988	64682
6147	6228
6317	6318
302	10383
4751	4867
9320	51088
6188	11224
29984	64333
3797	92104
11218	79084
10640	55770
6631	27258
2153	2244
7153	53371
50835	259293
11314	79895
5869	57403
55143	151246
1329	4713
915	919
6752	10563
6130	6135
23511	25929
3309	51726
9787	54443
4853	10046
6223	27340
9655	9903
22954	89910
400	55275
1325	6752
2243	9715
2719	3698
1915	6142
4726	27089
7311	26249
335	3698
4540	4728
2099	8202
6202	6210
51604	84720
55127	84172
6167	6228
6235	11224
6169	6218
6181	6189
6136	6203
4736	6169
50506	405753
699	57082
904	2967
1062	5903
6637	51372
3619	8243
6206	7178
26146	55112
991	55355
6426	10949
2197	4116
51264	219927
6161	6205
8826	55109
890	5516
2811	2814
6370	11251
10236	10921
4586	11226
891	6249
10574	10693
25897	55175
6137	6218
4591	136371
2993	2994
595	4602
3685	3903
1894	10112
3355	5733
2058	2617
9495	10369
4709	27089
566	5657
1655	51690
1347	10632
10316	729230
2147	3481
6152	6176
5706	5718
4707	4717
10412	79039
7305	100049587
