3017	85236
1981	1982
5878	8976
6170	6223
1116	5005
3685	5023
3895	3915
6160	6175
2197	6157
6233	10401
6207	6234
10540	91147
5516	5718
6169	6173
51592	64682
8969	653604
1236	1901
967	4033
1910	3827
332	9793
7135	7431
2072	7158
6161	6235
144699	154881
973	29760
9156	51514
2533	3937
1347	84833
1832	5493
9790	55127
258	9210
966	11014
6207	51202
5436	85437
115290	154214
54617	57634
83551	134860
6144	6202
1969	2048
6202	55176
3646	6156
7311	140801
6135	6209
6135	7311
7184	9601
2147	2244
10499	23389
1639	10121
1812	10268
23165	51692
6128	6203
1490	10413
659	4090
4800	6667
27316	55749
4116	6152
3931	4023
6047	23291
9564	10787
3240	5199
3181	10236
1738	4967
9585	51014
274	8853
6224	6227
6491	259266
29889	51154
5347	9793
119678	344892
6210	22984
990	84515
5077	6663
6152	140801
10236	10250
1783	54908
6232	9349
6235	25873
10133	80321
1462	84141
2925	9170
6160	9887
920	8976
699	259266
3685	80781
5903	8563
4695	4726
102	3895
8451	51514
155	796
1315	81930
51692	55339
6631	6636
5822	8568
23283	55749
2222	3156
988	3843
9493	29127
6129	6208
3359	9177
6233	8322
6625	23524
374	2069
8945	65264
2197	6142
6950	10575
1278	4313
8723	51143
3866	3880
1129	6572
3192	5725
4670	10432
57122	79172
4695	4713
2224	6721
11224	25873
51602	84154
1490	25937
6132	6135
28981	64792
1660	3190
3181	51692
5093	10594
891	5515
5431	10285
1387	8085
988	3839
1781	4735
8689	286887
79980	113130
983	5000
6135	6223
2792	7434
988	9416
462	2243
6206	6208
6700	353132
6139	6206
1129	3355
2197	6137
5880	6453
9277	10153
4540	55967
522	9556
6429	22826
10053	130340
64750	65264
3673	4233
335	2262
675	10111
3685	5829
920	2533
6193	6230
4715	4718
5094	27238
3921	6167
6161	6208
3915	4240
6223	140801
661	10623
2147	4295
3192	10236
5711	7311
3320	10787
6176	6727
4088	64750
9793	84902
5286	6233
4353	6036
377	5861
10236	27316
5903	7175
8322	8324
7409	27071
54821	151246
102	6556
623	2861
6491	10733
1387	6907
3122	3127
983	9631
6189	25873
7852	9564
3903	10970
197	51156
118430	727897
9128	11338
3181	3190
6233	7098
972	3119
23511	25929
2255	143282
1660	10523
6146	9349
1161	7518
1915	6130
6167	6176
4173	55388
6181	6209
534	8992
1453	3921
891	22974
7311	8976
5436	27258
9021	57674
7536	10949
4283	6364
3178	6626
996	8945
6175	6193
6168	6230
6122	6205
54821	79172
80321	91147
6142	6222
55142	146057
51289	56923
328	10038
5887	10401
2268	6714
472	84142
8329	653604
6130	6205
8351	8363
988	6605
23291	56995
322	333
4736	6133
6136	6169
2268	2817
9833	11339
699	220134
51676	115290
3849	319101
1778	5529
163	9322
4736	6165
1315	24137
351	5340
1499	10971
8570	11052
3397	7057
6133	6233
5903	6633
3903	84329
335	4036
752	5217
7005	10413
3433	8638
1601	8322
3796	151648
830	5048
5985	63967
7311	65264
607	5929
23322	80184
9410	22826
6626	10523
6209	27042
23586	29761
51071	126133
301	2790
164	25977
6224	7311
1559	2327
7317	64682
3312	10576
9967	9968
10466	10540
2642	4922
1894	10112
7311	9320
2912	4889
5054	7424
6201	6223
11091	54881
1230	83756
3693	5829
7337	57169
3178	4670
6170	6206
5347	51512
6224	11224
4008	57154
5928	51317
51143	57405
54148	64928
302	7415
6143	6176
4543	5179
4694	27089
3672	3688
26146	79659
23291	65264
6139	6222
6202	6224
3320	85378
974	29760
5432	7316
1062	23095
1435	4924
3185	84991
9138	29984
1763	55388
3054	80335
6631	51645
7311	92421
5797	25945
174	2243
6129	6206
2209	2268
1794	9844
2847	6752
916	940
6229	11103
6206	6235
7337	11275
23517	134430
4591	65264
3185	5725
1432	5062
3984	54434
6147	6207
2159	2266
6144	11224
274	11252
988	1660
695	5336
932	2204
8351	8970
6500	142689
6194	6207
100	51816
5594	10971
9879	55660
6141	6223
3655	3914
325	3015
10426	55755
4713	126328
10484	126003
983	5983
6165	6224
10714	23649
6625	11338
29074	55168
1731	23157
6175	6181
5500	5516
90025	91694
3127	4261
6160	6193
51172	84572
6204	23049
9126	23279
6790	84962
10892	257397
7756	64149
7514	55746
5438	6633
3897	284217
5928	116092
6155	6232
7110	10466
8365	333932
6128	6155
10022	259287
1499	23291
10236	11338
54820	55143
4008	55884
4539	4712
8568	25926
54850	63891
7321	84962
7486	11073
51118	80135
4536	4538
797	7252
4670	220988
6175	9349
10097	26130
6124	6141
6714	7402
988	5591
6142	6228
23291	197131
1499	5819
891	5526
9844	10458
344892	390059
1981	6154
6129	6230
57154	65264
57678	253558
8329	8337
23142	26190
4988	84539
6173	6189
6202	53918
1660	1994
6147	6230
6205	9801
991	151246
6124	6232
22905	115548
6233	140460
570	6233
51650	54998
1453	6234
26232	93611
1387	27327
6137	6230
2023	2597
9700	23122
6204	6207
9437	259197
10920	55884
10594	11338
671	1669
51143	55055
10250	23511
81930	113130
54778	140460
5970	10401
6122	6222
6209	6234
6217	27335
8317	23649
3561	5296
3949	5868
2207	3937
3157	4597
57479	58506
3111	3115
6201	6235
2071	4298
11004	22974
837	841
6160	6209
6128	6144
1062	54908
5878	10254
1084	2204
1058	9212
1639	24137
6204	6234
940	3695
6142	6156
6193	6218
6207	7311
11339	54069
54474	286887
9570	22872
6181	6207
6159	9045
1781	11014
56923	259295
10749	29127
2197	6175
6613	7421
7311	64219
6164	6176
6164	6202
9294	64805
6147	6227
988	3837
6774	7525
9055	22974
8085	8945
887	5020
1288	340267
6154	6234
6218	6235
51264	65003
7532	10142
8895	10970
393	11015
3688	6714
7158	7311
2033	10498
9349	9887
3558	3717
1660	10236
351	10970
11127	64792
6233	8976
5082	10574
10713	51692
4599	10379
10885	84172
5718	11059
9793	10274
3913	5747
6135	25873
6130	6222
5795	6518
50506	90527
3909	375790
4172	4176
51023	51649
796	5745
4690	9448
6171	6231
6181	6227
6233	154214
6193	6228
6143	7311
3115	7535
5861	10972
2847	2911
6167	10952
5451	55718
6155	6204
9903	221687
5829	23209
5368	50865
6132	6201
3673	3691
6133	6167
6155	9887
9700	64151
6631	84844
9493	22974
3683	3903
174	3698
6138	6170
5707	200734
813	6790
348	5360
25873	114987
10499	55588
4724	29796
5431	8085
831	3688
6136	6203
6136	6217
537	10159
6143	6201
54881	65083
6203	6228
6788	6801
10733	55142
4710	4717
6152	6229
9493	9787
4700	4709
7704	142689
23322	121441
3921	11224
2197	6129
5931	6839
23160	23404
940	5879
7316	9341
8243	23047
148	2922
6233	8975
6138	6189
595	5707
6133	6142
1783	2801
4586	26290
3912	54972
1781	2801
54885	152503
971	5336
8085	9757
1387	5469
6155	6176
3030	3032
6224	6232
1908	2865
5286	130340
6272	7164
8192	9361
5604	7529
6167	6173
1915	6122
6500	64320
7311	9341
5977	8289
5693	5695
5869	11021
332	29127
9126	23332
6500	9134
6156	6159
5004	5005
6202	25873
1756	284217
10693	55970
1956	284119
64946	79682
1669	10394
3685	199675
3837	3838
1236	4544
4332	56729
3040	3048
3882	121391
3355	5733
7328	9690
11021	51762
3320	84131
138050	170482
212	2623
6122	6156
3105	3660
1511	56729
2719	3698
972	5641
8337	8970
1781	6249
5829	10458
3688	7045
5516	81930
2197	6233
6233	55777
8689	9119
6130	6161
1981	6189
9181	171177
1241	29933
7200	84634
5294	55970
6633	6637
6709	126014
5879	257106
1938	23521
338339	100049587
6170	6189
1063	259266
1933	6154
3301	3320
6222	9349
890	1058
6602	6605
2206	2207
3875	3880
6152	6155
1364	137075
10193	26046
996	197131
6137	6189
3619	113130
27076	154064
721	3426
56902	84135
974	5336
5155	7057
996	5717
8687	54474
6227	6230
6167	6201
9879	10949
2962	8175
25839	55275
9875	22984
5685	5705
6201	6230
5887	7520
4694	4724
50813	84727
3949	5869
5657	8635
2935	6169
3326	10576
8065	9354
1601	9341
6130	6169
3921	25873
11338	84271
4240	51280
6714	57670
10749	11014
988	5062
8573	57669
6158	6189
187	2359
1824	1832
6233	22888
2967	51426
6703	6704
89890	90025
2197	6210
7153	55746
5347	11190
4736	9045
6234	9349
6714	10413
2243	5345
6173	9349
5747	10298
1291	10491
6233	64219
24137	81930
824	5829
6230	23049
3838	22974
6158	6228
3133	5696
6223	9790
3572	3977
1548	1553
4666	6137
10900	284069
5663	84061
64318	84128
996	9666
5861	10540
6130	6223
2491	25909
332	24137
2801	81562
9416	51692
5747	9475
9968	23097
9847	23265
8334	8349
3837	7514
57153	199675
1655	23658
6165	23049
598	6774
1315	9527
3113	10346
3811	3821
6133	6138
2125	6699
6154	6170
6176	6194
9918	54892
1398	6461
5048	79003
2222	4597
1511	4353
3054	6872
10733	79959
988	51362
999	144100
142689	154881
945	3685
6146	55176
9820	23304
6599	6601
7136	7170
6164	55176
5869	22905
51264	64928
988	29127
6146	6229
23511	50628
2033	23112
6169	6223
1116	1991
6152	6169
4736	6188
11218	79084
3635	5579
1942	9564
1783	8729
6202	7311
6137	25873
26118	51088
6194	9349
3718	50615
338	3827
4144	4548
5516	151246
5529	6233
9833	10112
5747	7204
9495	10369
6137	6233
3685	79895
6173	6175
10713	53981
5529	7514
5119	51652
6139	6168
8189	23524
9306	9655
6165	25873
5690	8742
2033	8289
6156	6227
6154	6233
705	84946
336	2262
4540	4713
9553	51650
9879	10285
163	9341
5528	9793
383	1116
3106	3133
1778	57545
5529	81930
3352	5540
2099	6387
3134	3659
6223	7311
990	55388
6147	6235
6132	6147
3181	10657
152	2916
86	57634
6189	11224
8542	84141
6156	6218
1111	2178
5547	10970
6124	23521
26268	84085
2865	84432
891	1022
5878	54885
2064	6233
3710	6804
25798	326624
2026	5315
6139	6161
1062	11004
1859	5928
5501	23122
10022	339403
4541	25915
9934	27199
51362	348995
6132	6727
6175	6176
6168	23521
9133	51512
26290	56667
1601	8301
977	3655
4116	6169
2635	5371
5702	5706
993	84126
5519	51400
1741	26037
2197	6144
1880	59340
22974	29127
3187	7536
1536	23601
5899	7852
9837	11169
3213	8338
9436	9437
1536	338339
26005	121441
5179	6751
7322	51397
5684	5688
10274	81930
3688	3913
10389	84108
2071	6830
8514	10970
2767	9002
350	2266
11190	26005
23295	90678
55720	79954
2966	728340
8807	8809
2079	6428
53829	57413
6202	6205
699	1062
4700	55967
6156	6188
7031	7033
5880	9844
1058	55839
23511	57122
6156	6171
6218	6222
10574	10693
5746	59350
5433	6619
891	1781
1991	10394
6518	196527
10772	27316
6601	8467
3178	6430
2683	54918
51343	142689
187	1233
399	9828
5071	23352
3308	10574
6426	10772
2695	122876
6233	57154
6167	9887
9343	23020
2444	84766
5290	5770
9870	57542
2817	3055
2975	10621
22948	84790
10285	10914
2549	3055
51088	55832
6136	6202
7314	9134
5685	5688
4171	4998
56624	259230
8667	26986
399	9938
9133	10403
3912	51280
6136	6208
5878	11252
64682	154881
566	56729
2790	27334
2209	6688
7857	54757
779	27091
2048	25791
1511	6036
3866	144501
10575	84617
1116	4069
3190	3609
2243	3481
6164	6188
9276	64837
5878	10890
55131	84128
4986	50834
6427	79902
1058	6790
2305	9133
6128	6160
1453	6227
11128	55703
2207	3689
1386	6602
5861	6709
6164	6218
51203	55143
6950	84617
55832	90293
3357	4829
2358	79895
6142	9349
1062	7272
23291	55236
5908	7094
8467	79595
9787	24137
521	10975
23160	84172
2222	51478
1495	1739
6124	6138
6801	7871
6164	6181
5595	8546
10561	55601
6135	55176
6146	6189
51023	219927
6678	7057
3683	3688
3091	6233
1386	6605
26173	79034
5575	23209
988	55631
54821	57551
23049	25873
22845	57171
6222	6230
50813	55884
2810	3691
1991	4069
8697	11059
388	4983
6201	6218
7316	11001
6167	6188
1314	9570
118487	219927
9320	26091
5869	8027
51692	55746
1385	5594
22919	54821
1062	5048
6036	6037
2932	5516
3683	196527
6189	23049
27237	171177
9716	23350
4700	4707
6455	10552
7337	51320
915	286749
6193	6232
8334	121504
5880	64333
891	5861
10155	201514
6709	9276
79895	100049587
55582	55614
8607	11091
389	10398
6908	8812
25926	84128
2550	51083
2801	10972
6141	6159
2359	56670
6159	6175
1739	1741
23014	64410
1832	3728
1781	10112
4584	4588
4927	50628
4537	4539
6128	6156
5430	10250
5290	5970
1282	5033
3909	4233
7110	79571
657	64750
2799	5834
683	94103
6619	10623
6133	11224
56949	57794
10693	84617
9320	10489
1325	2847
1524	6370
1857	55361
5707	8452
3619	55055
6144	6207
9972	23165
9877	23279
3190	57794
3376	51520
7507	10714
501	85007
8740	10673
156	5021
6141	6194
3689	79895
4709	10975
6175	23521
3796	3799
1062	10403
6128	6235
4709	91942
323	351
6205	51187
1778	91147
3326	7415
570	7311
9652	23517
9767	11143
5435	84844
4343	27327
10112	11113
2091	6217
65264	89910
7316	27248
5094	10285
2938	2939
2792	10563
10523	11100
4793	5704
824	7525
5439	8896
6194	6234
643	64805
3183	6430
6201	6231
4751	10133
1665	3191
6185	6729
5529	7311
400	57511
2048	7525
10663	51289
4736	6156
4513	4537
7532	10890
26224	197131
5438	84844
824	831
3619	9972
2956	6117
6161	7311
8648	10499
7311	23586
11157	51503
10112	83461
6124	6205
163	51429
2863	55970
6217	84916
5604	8826
4713	7388
1557	1576
8467	25942
1292	3688
1665	11338
9276	10112
5290	6774
6204	6206
3921	6227
9341	22836
9655	50813
8295	8945
2865	23620
22974	23397
4288	51203
1642	5983
1937	4736
6154	6204
259287	259295
671	3240
6632	57819
627	5599
3675	3685
4544	5443
890	157570
56670	59340
2801	10959
8568	57696
6203	6234
6181	6228
3043	3045
6227	10952
208	2475
2692	5745
3690	3791
3008	3024
1793	7525
302	79026
9742	57560
4854	5087
1287	80781
156	2767
624	6755
8322	8976
6173	25873
6233	7311
8074	29106
1933	6129
2123	2124
4708	27089
6160	6234
3655	375790
1656	54464
6128	6224
10857	196527
51715	326624
6125	6201
2848	196883
9700	79172
1495	8394
26043	54165
388	23526
7314	51510
10920	283899
113130	348995
1495	3801
3190	79869
1778	3831
649	3339
2782	115557
2177	2178
9320	144699
2916	346562
9700	10735
3675	7057
1783	79659
9738	347240
6181	140801
1937	6202
2197	6156
991	5905
2683	84061
2491	81930
2817	7525
4541	4726
3909	3911
2792	219438
3836	7534
1058	22974
4102	158511
4609	7022
891	8697
6164	6230
3685	5747
6209	6210
1499	7534
6155	6194
6193	8666
6154	6165
23332	27229
1717	3422
22803	27340
102	1084
1943	1949
4695	29796
6170	6181
23160	25885
1453	57787
6160	6205
7531	81565
5155	83706
2033	7994
1630	137970
23332	121441
1991	8635
1315	2801
6206	6234
1605	6714
983	3838
6228	25873
8924	23030
6143	6169
6170	7311
8688	54474
3915	5954
23160	55127
9037	23275
9782	23435
3185	4670
9282	84498
377	11015
6613	79902
6168	6207
5515	64105
9700	9793
23423	54732
6133	6169
6164	6204
6128	6133
24137	55614
6135	6207
23620	84432
2071	9015
6128	6165
2625	3169
4172	5422
10250	10949
1445	1956
4641	5872
930	933
9348	10082
963	326624
3157	4047
3301	3303
120796	344892
1495	5584
3911	3913
6643	58533
5872	201475
5528	55143
6223	6227
1495	1499
890	10403
3169	55766
1933	6144
53905	90527
988	6602
10051	23244
10022	50835
6850	23533
2197	6205
6154	6232
1233	94235
991	9491
1981	6228
79090	90411
29074	64928
7532	57521
1634	4314
3903	326624
4809	84844
6222	9887
7919	65109
9416	10949
3190	10432
8189	10921
57630	83737
3074	6386
2268	5747
10367	90550
4035	5159
6165	6230
1058	11004
7316	23014
3312	3320
6136	6230
9969	10499
26190	57542
6132	6165
1605	375790
9700	151648
705	84549
9928	259266
6130	6181
2922	3061
5595	7534
4173	9126
5708	64750
2033	7515
10285	23350
27042	55127
1062	1894
6233	54363
9320	22954
2206	5335
23059	26146
2185	5579
4536	4537
1994	11338
3178	7919
26523	192669
1981	8672
10849	25885
10097	50618
4700	4725
680	846
3619	79172
727	56923
1783	6232
4116	29107
26589	116540
1111	4361
5700	10213
6129	6139
1062	4751
1956	2247
389	394
6168	6231
966	5023
23112	23309
6129	6204
10112	22974
1364	1366
161	867
1601	8976
5119	9798
29089	197342
7133	10673
661	6619
4708	4725
50835	56923
2475	6654
5023	10970
4700	4726
5093	27238
5433	9879
6194	6222
3797	285643
6637	83443
25831	154881
6167	6229
1937	6130
9700	11004
990	9156
332	991
5023	8514
6164	25873
799	51764
79954	84154
799	1812
1277	4060
4540	126328
3843	55705
183	259287
4641	10552
5684	8658
988	9533
6161	6209
5872	23265
9875	27340
54577	54578
5199	10394
11127	23095
57674	64219
6138	6160
28981	79659
3109	3123
6130	6175
1495	4233
1058	9833
1832	2125
335	2266
6139	6234
3913	375790
6143	6159
89910	144699
2848	122042
9611	23097
4332	4353
6122	6133
6711	11014
8260	79903
9320	9604
51079	54539
9739	23112
5903	79172
3190	11100
60485	84962
5430	5985
23608	140462
1660	51729
4116	6147
1983	6157
5435	11325
3688	3914
5528	11004
9820	26268
2268	6774
9727	23265
6204	9349
501	51166
9648	10466
2641	113091
6157	6164
3685	10857
7057	7424
3001	5551
6136	6160
329	5707
1287	3673
3267	10254
6636	6637
2965	9646
23014	65264
1857	4040
1605	10298
1778	22930
4014	5317
11343	57552
1981	6230
10970	54972
6165	6232
3609	5725
6138	6141
6165	6231
8329	8347
6155	6230
1302	1306
6159	6208
397	5880
64926	153090
84549	84946
699	10274
514	4724
116	2740
213	5340
1994	3609
6135	6160
26190	56929
3619	11004
7311	8295
27	1398
11325	83443
3886	121391
54998	219927
26589	219927
6169	6208
1981	6139
6188	6202
890	9824
5062	7410
2197	6169
1278	1634
1500	7082
2178	6118
6122	29997
3192	9716
7336	7341
9493	10540
905	79577
4297	27043
3549	6469
3921	6232
522	539
6233	55669
6157	6234
5725	9343
3663	23321
516	10632
5290	259230
23160	84916
1645	1646
397	398
1660	3191
22897	27175
8477	55970
10970	64386
8467	64426
6155	6165
2359	11251
6233	9690
9551	29796
7317	140459
1983	6176
3931	5338
9439	9611
143279	201456
353132	353133
3192	11338
9343	51729
4886	4889
8329	317772
1406	4901
5707	10575
4303	5901
1291	1295
4116	6168
116540	116541
6143	6209
79867	80184
9055	10112
6167	6224
890	5933
3350	4988
3071	10552
6208	6224
3619	10592
5599	9479
6167	11224
79339	344892
11325	55749
9604	83737
5777	6850
208	57148
6147	6232
6128	6227
3832	10733
6137	6223
6154	6235
6132	6208
488	489
8514	79895
9870	65264
6230	6235
9978	285231
1909	2922
990	9491
4763	7311
1781	57511
10432	27316
5869	10254
1981	6206
2968	9656
4700	27089
22981	91147
6168	9045
514	4700
4715	7381
10412	79039
10403	57082
5795	6714
4853	23509
983	29127
9879	53981
1738	4719
6203	6230
2817	6382
6128	6188
10890	57403
6142	6193
5747	9564
8976	22905
8243	10274
6122	6169
6202	27340
9354	23304
6161	6204
5868	23011
4940	10612
5432	79923
3852	196374
1908	1910
567	3660
6167	25873
345	4036
226	5315
9382	9570
6870	56923
2767	5330
1453	6229
10618	79571
50835	259287
6205	6229
6223	6232
3856	144501
2935	6157
8341	8970
6428	220988
2623	3674
10802	81562
372	9183
127544	154881
5829	6709
5689	5700
10000	55970
6171	6228
25831	143279
10291	10949
5685	10393
6125	6133
6168	6175
9183	9585
259292	259295
2735	132884
6141	6147
1778	24137
2980	2984
6147	6155
10489	54778
1956	54206
7311	23607
2537	10964
4008	23327
6164	6228
383	1991
675	27030
966	3683
11127	51014
6135	6136
160364	196527
6155	6158
55055	348995
6222	6223
10943	54556
826	831
79895	338339
6144	6173
6128	6206
5795	326624
51289	259293
27089	84833
3921	6122
83597	390174
6138	7311
23030	51588
9276	51014
9133	55355
10022	56923
1915	6228
3192	6625
26146	150737
55755	261734
6189	6208
1601	5878
4670	27316
3611	6790
7335	55905
1499	7409
996	6233
3710	8826
6605	29117
3312	9128
6181	6189
6363	6373
3191	51692
3109	3127
55720	57647
5266	6707
9655	54165
7311	57674
9329	84265
5984	7298
6164	6208
5528	9700
9879	58517
2185	3320
102	813
6169	6204
6161	6175
26123	79600
54578	54658
9826	23365
23304	26046
6138	6202
7124	8740
1956	7311
6223	51187
719	58191
5294	7409
695	2268
6147	6175
5194	6233
5695	7314
6130	6203
11051	55660
5439	9978
6428	10236
9276	22820
988	55770
514	27089
2207	199675
4735	79867
3915	5879
389	5217
55166	57405
3920	6836
25909	79172
5518	6133
5310	9727
2222	4598
64928	64979
2965	8731
1462	9469
1557	1559
6122	6181
10121	79867
6144	6208
6461	9844
4952	9341
701	9824
5869	51715
6155	6189
26589	28998
2932	5361
5361	7305
399	445328
2262	2719
6129	6142
2841	8698
6142	7311
1946	2268
8453	8945
4513	4514
9277	80135
4887	346562
1906	6375
672	7516
1662	9136
6453	9322
3350	84539
6137	6164
988	9967
6146	6222
26476	344892
5869	9322
55755	347240
3091	4088
595	5708
4670	84991
51081	51649
1462	10082
4297	23269
6136	6235
6144	7178
3684	10970
2033	7874
1781	3797
57082	113130
904	6619
4509	4535
1605	5579
8337	8347
1991	5199
4976	55669
2107	2935
65264	90293
1303	10536
10970	338339
2912	5179
6232	7458
2918	6752
6133	6154
9045	25873
6144	6206
6143	6164
6147	6218
6432	6434
10250	27316
920	1234
3115	3123
2768	2790
6628	55110
5983	56852
51317	57649
6193	6206
5707	6386
54474	121391
3921	6152
3178	6421
2695	7434
7283	22974
2268	5783
26268	57531
6194	6233
4736	6157
154214	221687
8449	79869
1398	9844
4620	8735
6133	6158
6156	6203
6173	6235
10250	10291
10427	11196
6133	6229
23168	56254
6128	6209
643	9294
2197	55176
351	7466
1605	3913
7415	10383
6160	6165
6173	6229
4706	4725
3054	8314
9183	10403
10890	55667
6133	6234
87	7044
8905	8907
963	5795
9738	54806
23560	84172
24137	285643
5878	8301
6714	375790
9655	9903
9493	10121
1120	5130
1933	6194
1144	1146
1981	6235
3619	23332
9349	25873
3303	10963
6203	9349
5832	118813
287	6326
4538	4540
2801	6709
5594	5781
2491	5526
6143	6233
1062	79172
1981	9887
10254	25977
6227	6229
23466	23492
9341	25977
3895	11167
6193	6223
5328	10396
6135	6157
23586	83666
65055	128366
6194	6217
6124	6125
8969	8970
2243	51156
7514	57551
2695	10266
8969	126961
6203	6205
22930	84516
5981	23244
5725	10291
4735	23322
5970	6667
4709	126328
4736	6168
472	51426
55055	79172
6233	8445
146057	347240
6122	6228
6142	6189
2798	4829
3691	3918
6143	6228
2064	2886
6154	6155
7984	29984
7124	51330
1956	2059
6137	6161
3833	10112
6206	9349
1778	9493
2197	6203
10733	11190
4736	51187
2919	2920
4540	4541
9025	9656
3015	79682
6714	7525
2521	220988
864	7004
338	462
3688	5747
5872	8766
2197	55127
1555	1559
1595	3157
5515	7534
988	10767
3832	5422
1956	3655
4694	29796
6500	7314
57129	219927
5887	8450
6422	7474
55831	56851
513	9377
5714	8697
6205	53918
6132	23049
7322	9867
6036	56729
81	7057
2960	2967
187	5196
10254	51652
4512	4535
3895	5954
833	3376
197	3481
1230	29899
102	1088
1105	4343
6625	10523
409	950
8729	9570
5048	5529
5879	100423062
54577	54657
6202	6222
4582	10331
1445	26191
6210	6218
26224	55208
5701	7316
1937	6207
3903	64386
5518	6235
1781	10466
4624	4635
26091	89910
1457	1857
1062	2491
6637	11157
10112	29127
3921	6128
3882	8688
966	79090
8356	440689
6141	6168
6194	6205
3848	162605
3171	6927
163	7311
4670	10657
637	3002
2186	196528
25879	56902
177	351
10466	10618
4173	7298
5501	80335
7919	8106
6164	65008
6209	25873
6136	6227
6128	6141
11176	64426
388	57522
3797	92104
6142	6201
2185	6461
55168	219927
5781	51266
6168	6203
6201	6224
6223	23521
3339	7045
9776	55626
6188	6227
4666	11224
57674	65264
5624	10232
5688	5695
6204	140801
3046	3050
1453	1855
51	55825
57405	79172
671	4353
1302	169044
5861	5868
50831	339403
2185	5829
6428	348995
394	11015
2621	10272
3192	5093
6707	147409
3832	9585
6373	10563
6235	9349
5698	6890
5546	10262
462	51156
2935	6122
2147	3827
595	4609
11014	11015
1962	6233
4736	6164
9493	11113
4175	81620
988	5094
2033	5469
4254	7409
7321	79176
4542	4641
991	5707
8178	11267
3191	3192
1022	4005
701	10615
6885	23118
7311	115290
3113	3123
7272	10733
10274	220134
9439	9477
2993	2994
8969	121504
891	51433
2064	5336
1445	9564
8453	55832
6147	6154
6158	6230
4724	27089
5829	7852
3192	23283
6233	6234
5094	23020
1783	24137
9787	54443
6207	53918
8329	121504
2177	7398
57082	79172
10657	11052
3437	6772
6122	9045
2932	3611
7178	7311
55703	55720
4514	4537
8468	91646
988	8243
7337	84231
54960	79833
4736	6204
10992	79869
4508	4536
1062	83540
6210	6223
1783	10121
4331	404672
10236	51692
2803	90196
28977	54516
1435	1462
2197	6170
6233	285231
9791	81490
3055	3684
6147	7311
6201	6210
2153	3827
6161	6229
161	3482
595	6776
6173	6233
891	5529
6233	51592
6160	6232
6118	10459
80097	653784
11314	79895
11014	29127
695	971
6142	7178
6194	6232
7153	259266
2788	2863
22919	22974
5330	8477
6164	6235
6428	7307
7042	10490
112	1880
3320	5829
4710	4718
10907	51690
5435	6637
1062	23332
6139	7311
643	1268
3274	55970
6181	11224
7311	23118
6790	10112
1536	2204
23160	27042
9604	57630
2048	3055
5515	6249
2957	7702
4173	5422
7004	8463
6272	9500
4508	4539
10484	56681
6203	25873
1121	22930
5879	8976
9833	55165
6130	6206
3695	8516
1290	10536
5644	6690
6122	7178
4008	57542
2207	100049587
3886	8688
3017	8337
1669	3240
6181	6229
9666	23291
102	5954
6754	50837
2197	6128
9527	83452
6141	25873
1809	10371
990	5422
8976	55243
6201	23049
8976	55971
6204	7311
23774	57459
950	9341
7204	60675
1062	22974
8290	121504
6122	6142
6209	6231
285093	390190
11258	93661
7994	10499
7337	23309
5566	23332
83597	135946
4584	26290
6133	6227
8925	54778
197	2153
4538	4541
6159	7311
26263	55884
4512	4514
25909	57122
6136	6188
988	79595
5663	23317
6129	6218
10083	257629
56963	148738
6181	9045
8322	9341
1004	1016
79895	199675
566	4069
2843	151306
1290	3685
4670	9128
6230	27340
5170	7249
2837	84539
27340	55720
5880	10298
6165	6206
6233	221937
6202	6218
23244	57082
23160	27340
11169	23649
891	2491
6229	6233
999	1942
6137	79707
54657	54658
6135	6193
4509	4538
286	6708
5516	5520
3181	5725
164	10618
6128	6233
6218	6233
6139	6210
6122	6207
5954	51280
6202	11224
8688	8689
9793	23047
3635	3667
3796	10735
695	5777
54998	128308
2358	100049587
6155	6160
6138	6154
2787	10803
50838	56923
1642	11091
8615	9276
4670	11052
6208	55176
1017	10926
1299	50509
2125	11187
9363	64284
6128	6230
1365	100506658
26224	84085
65083	79954
2633	4938
7311	26046
4697	55967
2242	9855
10959	222068
22848	26130
6129	10399
1314	9276
26046	53339
3191	4670
1008	1016
3191	10492
1793	6461
9410	10946
10403	81930
4736	6144
3912	5954
5528	348995
5684	5685
3921	6209
5438	51503
9551	55967
6171	6235
6165	6201
10403	151648
4904	10465
1017	84515
3921	6194
6157	6194
5269	5337
1103	6572
6383	10082
419	390243
9493	64837
988	4999
8661	8672
1007	1013
800	10398
6173	6228
3192	4670
920	5286
6147	6204
796	797
2521	57794
64131	375790
4734	83737
5331	222545
3911	5747
3921	6204
1500	7525
3799	10749
6130	6208
3833	29127
3914	3918
8085	23067
389	57584
6167	6232
3833	9793
9133	57082
2033	81857
6129	6189
23279	25909
3202	3203
9031	221830
6136	6189
1133	7200
27241	166379
521	10632
699	9700
462	2147
6272	286451
84131	347240
3190	23020
5699	11059
4641	9371
1857	5708
6233	7844
6633	51690
1387	6602
6133	23049
6936	51645
9416	51729
2935	6181
6210	9349
5869	8411
9636	23586
22897	653784
988	23397
7311	8322
701	7153
7311	9666
3685	6714
8349	333932
5094	51692
6201	140801
701	56992
2058	4141
6672	79097
1911	23028
3309	7184
699	57082
6135	6165
6160	6201
126638	353135
57674	80176
5879	9475
25831	57542
3619	10274
6188	6229
4670	51729
26091	151636
6208	55127
6124	6161
9320	53339
1788	6045
27292	55781
3491	7184
2767	55970
23332	80321
6235	27042
6157	6235
6160	6176
8453	51122
3838	4343
57545	79867
6208	6234
6122	6194
3725	4772
643834	643847
6204	25873
4724	7381
4829	5737
2207	79895
3837	57122
1856	29763
1173	2535
219858	344892
84366	360205
5717	6790
335	51156
5599	6272
3978	5424
886	2922
3915	54972
186	4922
6139	6176
23358	84132
5660	326624
6169	6224
920	3702
29984	257106
5929	10238
6045	23028
338	345
6157	23049
1290	5351
6605	55193
6164	6227
899	51343
10576	55970
2197	6234
6135	6229
2730	2937
6157	6208
5726	6755
56923	259292
6144	6229
7311	7321
4254	5777
2832	3827
3921	6165
60	1072
996	9820
11251	94235
7454	10552
5426	8914
1452	5515
6154	6223
383	4942
10236	23435
1536	3685
6185	58477
545	6233
5519	10274
10250	84950
4707	55967
1781	10540
3192	23350
7514	79172
3178	3184
6202	6203
2197	6146
10403	220134
3267	5869
553	64106
5930	54620
6280	6283
3915	375790
9341	23149
6443	8910
1340	1347
4775	5534
4172	4175
6772	23586
2935	6189
2521	51692
3619	23279
84648	353142
11017	85313
7779	27173
9690	84231
10592	23310
1956	3084
55884	115290
156	55970
6181	6232
1902	55970
2151	6915
10693	63971
4353	8635
6136	6155
933	974
8453	9320
4646	23607
6159	6235
3921	6154
1063	9700
7414	8993
79172	151648
7204	29933
996	5347
6133	7311
23291	89910
5861	5869
57111	64284
1008	1013
26263	92912
1058	81930
2264	7311
11193	22826
6788	60485
4509	4537
3055	6503
2792	594857
6635	27258
3913	10298
1956	2268
6432	10946
26239	353132
11103	56902
148	2837
1738	4191
891	9493
6144	6194
7311	126433
113130	151648
1601	6233
8027	25977
5528	57405
336	51156
8321	8322
6241	55143
8175	10181
6201	6232
383	3240
919	3122
6223	6234
84464	201254
1302	1310
9126	57551
8329	8334
3659	6672
3055	5747
6154	6208
1174	10016
6168	6209
3837	5903
23586	54476
8351	126961
6773	10379
4839	25885
160	22872
1803	59272
6133	6157
151648	220134
79865	340205
6129	6168
64750	115290
2197	6206
5928	57690
7027	7298
3978	4172
5501	79172
9730	80067
9527	84516
2792	122876
3187	6426
8243	10735
23067	25942
6142	6233
6135	6233
7337	197131
4171	4172
1660	51692
25	5893
4736	6175
5439	6621
6518	326624
6135	6158
6228	7178
4301	7082
377	1783
1292	5033
6139	6235
8697	64219
6790	11190
641	5427
6124	6203
1876	6045
6891	6892
3673	3675
5741	8074
1605	55624
5516	5519
51514	64708
7979	9978
3685	3688
10250	55749
1829	2125
6217	6232
567	6737
8349	121504
6142	9045
2517	2990
522	84833
5529	6232
5660	10970
3320	10808
846	3357
54881	55127
51429	54874
8189	51639
6137	9349
6202	6227
5199	126014
23244	23279
2475	9821
4717	4724
2242	5361
6157	6160
567	10475
6223	6229
9320	57154
3185	3190
259293	259295
6125	6233
1676	3837
8349	126961
3619	151648
7846	57545
3832	259266
1983	6164
1500	1739
10096	10152
6426	10250
9551	27089
7536	10236
51433	246184
6139	6229
3921	6130
2207	23533
9126	348995
6154	25873
9611	23118
1132	53637
8729	10945
27252	55585
6249	81930
896	6776
6128	25873
10403	64151
5746	94235
1292	5352
10189	29107
53981	85313
8329	8341
23451	55339
1933	6168
3112	114876
2197	6194
11102	88745
5896	5897
6370	165140
990	5708
6203	6233
6157	6205
4952	6272
5718	51330
4700	9551
1347	27089
9133	23397
6232	8662
5422	55388
2788	55970
6233	65264
4691	8602
10575	10728
3921	6201
23014	143279
10163	147179
6156	6222
55055	151246
3111	3119
10749	81930
1213	8976
1173	8027
117	594857
2491	5528
51725	55819
6152	6161
64837	81930
6175	6234
7478	7479
5430	10772
6168	6202
246184	285231
27316	65109
4436	254394
81	1495
27229	54801
2782	10681
1063	24137
6170	11224
3912	3913
6129	6233
3339	3912
3663	4281
5861	51715
2033	5451
5878	10552
51382	160364
5829	9459
4862	79365
23601	170482
6147	6157
1062	9371
11014	51014
5903	23511
197	2243
28981	150737
22919	55055
813	1435
2935	6209
301	2788
705	23160
6160	11224
10250	22794
1601	8027
5695	6500
81930	151246
1665	4686
3796	5519
23582	25949
10427	10802
6428	6432
1839	5782
3007	3024
9570	10802
8452	200734
11345	81631
80184	91147
23014	154881
1453	6208
3827	4295
3181	22827
4707	4724
54998	64976
3122	54331
9690	154881
4735	91147
187	5473
1453	10427
3308	55706
8349	85236
635	29958
3437	4599
22984	79707
10022	50838
274	7316
51649	54998
705	23560
51068	117246
3133	3659
3364	5810
4718	4724
4176	5982
9564	54518
10484	90411
6206	23049
23279	51362
5699	64344
3184	10181
3852	3853
23291	55832
6160	6168
5067	137797
1173	5869
2968	6882
988	23595
3921	9136
1660	3609
1434	3837
1292	1295
2791	115557
3430	8638
3921	6207
4008	7321
3912	4240
1774	1991
3214	3216
6125	6159
7317	10489
6160	23049
377	1639
1069	27077
3895	84141
6137	6147
84962	121441
10802	10959
3491	51280
6632	11157
6157	6176
9412	55090
6160	7311
6124	51187
79019	85236
6133	6188
51382	79895
641	5426
391	26084
6193	6233
6175	9045
6159	6165
3761	3785
7311	26043
50865	63940
891	3838
6237	10371
6223	8562
7311	25873
1829	11187
1337	1347
2782	26086
4691	22984
8533	10445
23279	53981
4172	4678
3433	4940
4736	6176
5862	8548
2242	3718
2023	5315
8945	154214
4172	4173
4736	9349
6188	6207
6635	6636
8453	22954
1933	6206
6125	6161
2153	51156
23291	79176
5594	5707
3937	7305
1385	1387
6637	27258
4670	10291
22995	27229
6235	23049
1302	50509
4726	7388
3921	6234
10733	203068
6635	6637
8349	317772
2197	23049
9672	375790
6155	6175
2177	11073
5179	9210
3913	54972
123016	129880
7320	9604
6122	6173
1981	6208
5933	132660
372	57511
226	2539
6184	6185
9140	83734
5868	22848
1315	8615
7058	9507
4543	6751
2847	2918
3192	79869
7434	122876
1781	5861
25885	83743
3832	4288
9793	10403
813	84141
2197	6207
2058	2617
6201	6228
10094	10095
6147	6194
6204	6227
6156	6160
51690	83443
861	6595
332	10112
23601	199675
6173	6218
2932	23291
858	1956
2491	7514
6154	6160
4131	5048
4237	4239
6139	25873
23291	57154
8351	8365
4736	6232
113	259285
4992	344892
1830	5266
1303	55214
6249	54908
6146	6194
8322	22905
9055	51203
2242	3320
4952	5286
1639	10112
2237	5111
6233	26190
199675	338339
6168	6229
1500	6714
5879	8853
6232	54820
6227	6231
6146	6159
3937	7409
9367	201475
3921	6208
1605	5829
88	4620
9793	54821
2767	5296
6117	7156
332	81930
8341	8969
5328	5329
5528	8243
6231	9349
680	6869
4708	51650
9727	60412
3619	10735
2099	2625
2131	6385
23327	51088
3355	4543
24137	29127
2798	56923
1982	8672
5431	5433
6168	6169
9793	23244
6737	79754
4141	7453
9318	27252
1783	8615
9968	10499
920	950
6146	6170
891	6249
2912	5733
6194	6202
6144	6204
720	3426
6169	6181
10112	51014
6136	6161
4125	6036
8697	142689
1347	10632
6223	6228
6165	6173
899	22888
6208	6235
5861	10484
5725	7536
6189	6227
6175	6218
6136	6139
1452	5516
6209	6218
6189	8562
699	26586
5707	54583
3688	3693
6146	6234
5347	54908
2799	23197
6142	6175
5469	80205
10071	50614
4734	154881
916	917
932	79895
3356	94235
1511	4125
6133	6146
51639	84844
8349	8970
8453	23291
3675	7045
10975	51079
1783	25909
695	5335
5868	10254
6386	10487
1314	22872
6464	6850
8337	85236
6233	22954
1291	5352
3683	79895
4736	6234
3854	3861
988	6599
6633	25929
10890	23011
9320	10075
7520	79840
1915	6144
10425	63891
23404	54881
6164	6170
55127	79954
6453	51429
6167	6206
6146	6204
7846	10376
1062	10112
6147	6223
4041	6422
28973	64928
57678	256356
1954	23295
4016	5118
2197	6154
3192	51692
1783	25839
1981	25873
1329	1351
701	51203
79664	81556
6206	6233
112	2358
3688	3911
6633	11325
3190	10291
6139	6146
5684	5694
5347	81930
9183	51143
6138	6233
5575	8826
10112	10749
904	5451
6164	7458
641	2177
1915	6222
26235	90025
10413	60485
7337	22954
7852	55970
8453	54165
990	10592
5707	10213
6161	6206
4690	7525
1329	1350
1524	126006
29933	55970
6189	6202
3354	9283
1983	6232
6232	6249
1129	8322
3561	5599
6790	22919
5515	10776
5829	64098
6147	6176
6428	7536
1994	55660
6272	11319
4700	29796
3912	10272
5715	7979
23047	57082
3880	4072
2197	6152
813	3912
53354	60490
4736	6158
6129	6169
2243	3698
1933	6128
5591	9656
4050	7124
6156	6173
56929	123879
6175	6202
55662	80351
2932	5529
6229	27042
4736	6207
6204	6224
5970	6602
6633	84844
6154	6209
2197	6232
6157	55181
26168	88745
6714	7311
6223	27340
5870	10466
26190	54778
9636	10379
1133	8477
6193	6194
8829	10512
5023	64386
6158	23521
6161	11224
5562	5571
344892	390081
689	4666
3607	7528
8515	22801
868	5930
1778	10577
6136	6204
695	7305
6223	9045
988	9879
551	6846
6229	9045
55143	151648
6203	6206
50835	50838
6156	6209
6237	10235
1639	10540
891	29127
5869	115827
2912	5173
6921	55284
6139	6155
10383	84962
1387	9969
51690	54464
7311	121504
3683	10857
5699	8697
3054	25942
1453	6224
6181	9349
2799	6386
3911	3918
864	5708
4586	140453
54677	83752
6091	7852
1981	6223
1398	10458
6224	27340
6233	23291
7057	83706
6141	6144
1933	6135
6136	6176
6205	6209
6158	6173
6161	51187
4734	26190
26259	55585
2491	5903
56995	84085
1029	1030
6434	220988
6160	7178
6850	9564
7311	55914
3688	7424
5795	9522
6136	53918
83597	135924
8452	154881
7057	56999
102	1499
1660	23283
6872	81887
2537	4599
9221	23160
6142	23049
4694	4712
6625	6626
1495	6714
1933	6137
6667	8648
6429	9410
4905	9570
4512	4537
9133	56992
4361	10635
6868	11319
3854	9119
6233	23600
3882	8689
3178	6428
6232	6235
4208	5533
10059	55669
1136	1137
54578	54657
5584	5590
338	2266
8085	9739
6170	6207
3009	3024
5116	27229
3490	6696
1366	4072
1161	51426
4005	4602
1660	9128
285	7010
6189	6201
1022	27125
3672	9564
389	9322
391	394
4735	151011
163	6233
7305	100049587
6168	9349
5430	7072
8655	64792
2071	6878
9648	79571
3688	9564
3191	23350
51226	553115
3111	3113
6158	6160
6185	57171
27258	51503
1291	3672
5519	54821
123099	340485
695	3725
9282	23097
6135	6143
25873	140801
6133	6161
8775	10618
3635	3718
5422	7027
4713	29796
8334	8365
251	23627
4695	4709
23332	57551
699	55143
6206	27340
659	23118
871	1287
79172	151246
4593	57144
3998	10959
6130	6135
2197	6208
2792	6752
3434	11274
6144	6167
9611	10498
7175	23511
3017	8341
5516	5523
3837	348995
6141	6173
6133	6175
6168	6170
3192	10594
8243	151648
405	1387
10540	51014
1933	6201
187	6370
3184	220988
10482	23279
3685	6850
8027	8301
3192	55749
2243	2244
6189	9732
10489	22888
5565	51094
197	350
57647	84916
778	27091
26091	64750
1781	10383
5829	10787
9020	10000
1495	5795
6157	6173
3937	55740
6229	6234
8356	126961
5519	5903
9919	149111
6809	9341
9632	10483
672	7153
2692	2843
8365	8970
3685	3915
4736	6155
2935	6234
2635	6672
513	374291
2197	6224
9833	10403
6830	9646
6647	11315
10403	113130
51258	64951
3109	3122
79659	92104
6154	6218
163	26130
6167	6168
57545	121441
6203	11103
999	3728
6138	6176
29984	55843
5515	54908
5339	6157
2242	6237
3127	7535
4508	4541
64114	196527
28	2525
6128	6169
5880	80728
1859	10238
22948	55970
5476	5834
10802	51128
4986	338442
2168	2169
6924	79577
3491	3685
3178	6434
8648	23097
51289	259292
9793	203068
9556	84833
344	9672
259290	259292
6136	6138
126328	374291
11224	23049
6790	9787
387	7094
7311	10818
1915	6207
2790	2863
9821	64121
4689	7409
9730	10075
6135	9349
6137	6155
6125	6129
5094	9416
3157	6307
22954	154881
945	2207
1665	3192
378	22818
6156	6208
5347	9918
2071	2967
6430	220988
23223	64318
156	2863
6170	6175
6167	6227
6208	6227
2491	57551
1457	10592
5351	8985
57787	261734
1603	100128731
344892	390064
1268	50865
3837	23511
6429	10236
6139	9887
3054	9739
695	2206
6139	6189
3093	22954
3640	387129
10552	29763
3689	84418
864	3683
51079	374291
6453	10254
84085	144699
680	64106
1915	6206
163	24137
146	2846
5335	10920
9020	51330
6170	6230
51143	79172
51602	84128
23279	51692
3015	5438
55755	146057
4691	10528
779	783
1490	7004
6430	7536
7514	9972
6141	9045
28959	55365
1994	27316
54069	79172
3915	11098
26005	80184
821	10802
6124	6158
6698	126638
685	1956
6868	7311
6181	6218
9557	57804
6156	25873
6128	6173
57154	57674
991	29127
3913	51280
26190	51122
8301	10096
6136	6167
3123	4261
6201	6222
2932	5526
3283	6718
22995	146057
1062	10592
1956	115548
1282	1295
4867	80184
6158	6170
1291	1303
1650	6836
5094	9343
5725	10594
1956	7039
6133	9045
160364	338339
4208	4209
999	4072
6156	6230
338	2243
2071	8450
5869	7316
727	846
2186	9739
6189	6223
6428	6434
6160	6224
57511	84516
336	338
6155	6164
830	1315
2268	4301
9662	79441
1956	8976
8687	8688
5332	55970
23304	80204
657	9765
8895	150372
3190	11052
22919	79172
6133	6165
6432	6632
29945	63891
134	6376
1232	4986
3178	10523
6152	6194
4709	25915
50834	338442
10193	54778
2633	3437
1137	1141
6204	11224
472	7468
3903	8514
6173	6222
51023	54998
671	1991
22954	64219
6176	6233
1994	9416
23020	220988
6193	6231
5795	10857
988	5430
472	84464
8581	10232
5432	23379
2053	7311
6147	6210
695	974
50838	259293
2814	2815
57545	80184
23095	29127
6167	6209
6128	6129
7456	10552
1314	10427
3619	51203
1062	9793
3909	3918
1669	1991
7514	22919
83737	89910
1894	5879
54716	153201
6605	9031
7082	25937
2932	9015
6124	6156
102	160364
388	55160
25831	89910
22872	100302736
6122	6128
6170	6218
10403	51143
5905	23225
2197	6204
6161	6203
6161	6170
9354	83737
10121	10844
6141	6230
3921	6222
4924	5589
5347	259266
6132	6224
811	10130
4008	55236
6152	6176
1017	5707
6746	58477
6175	6224
6455	8871
7098	10695
3728	5493
2197	6161
6146	6235
9493	23095
1439	6776
6233	140459
3202	3204
1191	10916
7862	9219
4540	374291
9666	83737
1108	25942
6170	6188
25942	57690
4718	5284
990	996
6518	10970
332	55055
8615	8729
25978	51652
6711	8615
5862	5869
8085	57690
2209	10152
29074	219927
3093	23291
6139	6142
3119	4261
156	5578
6632	10907
6203	7311
10484	10802
6125	6160
6136	6224
5093	10236
25978	92421
23511	55746
23224	23353
3921	6160
2358	338557
6132	6218
4641	11127
6167	6170
1942	6714
2959	6883
6203	23521
5701	7979
1063	54821
570	23600
963	3683
5528	10726
6130	6218
4736	6167
1660	27316
4677	8565
9867	197131
988	22803
9716	10921
6169	6218
1994	5433
5829	9564
7536	10772
10112	64151
4736	6229
10921	55746
988	79869
6157	6202
6230	6232
3119	7535
6144	6159
6143	6223
9493	259266
6233	27340
6209	6230
174	6694
885	3061
6432	6628
55168	64928
7456	10787
9133	9493
6156	6167
1084	23601
23063	23244
23398	23517
6233	84231
1350	7381
5716	7316
890	55165
1994	79869
3185	10236
5094	5725
4736	6171
3122	5641
699	10592
7311	126961
7044	51097
111	1812
102	6233
6137	6218
6132	6171
830	9371
5361	55558
23149	51429
5657	23197
8301	10618
1937	6133
728	50835
100	4907
4736	6152
2197	6227
6165	6169
22794	81608
332	9833
6210	140801
6142	6173
1822	6045
5394	55127
1576	2327
9631	23511
2920	2921
5590	50848
3115	3127
9320	9690
6141	6203
6144	6222
2149	2151
3362	5443
174	51156
705	56919
6142	6155
6184	29927
846	50835
3937	7454
1511	5657
274	6453
5431	10914
4171	4175
6130	6194
6159	6222
920	29988
6159	6201
6709	8729
7514	23279
5717	200734
991	51665
6154	6168
6727	140801
4111	158511
4116	140801
2799	23526
999	9839
6138	6210
6776	6777
6202	6223
351	1524
9739	26523
6168	6205
1453	6233
8615	10484
9972	23279
84727	122769
4116	6635
1915	6124
11190	57545
9738	203068
27340	55127
6637	23524
5584	56288
4174	10036
4696	4718
10193	10489
7311	9927
1660	10713
1398	9046
10403	23397
5707	126374
4734	9320
25827	115290
3688	7052
8729	10959
1665	10885
6134	6154
5708	6500
8082	8910
51109	54884
1981	6209
25831	57674
5929	9757
6139	6165
915	3560
2305	4288
8886	79954
6135	6144
1778	6232
6206	6232
6205	6222
5747	10787
6161	140801
4641	10890
6193	92856
2932	5711
51444	57531
1121	26130
10426	440145
3579	53829
22974	203068
4700	51079
324	1739
6128	6139
6207	6223
60560	80155
8243	23279
1536	3163
6143	6157
10332	30835
1058	8655
712	7305
6232	23049
9318	140461
6133	9349
5861	9276
55252	55777
10539	57019
1981	6175
84154	84365
10274	23279
133	2790
55781	84135
3718	7297
1994	9716
963	3685
51023	122704
79600	80184
9666	143279
6142	6209
4297	23309
6635	11157
10193	53339
6142	6152
1660	23020
1915	1937
830	5861
1500	7409
2197	6159
5590	57154
2243	3026
4713	55967
5021	5332
4540	4710
6229	51077
23304	84085
7326	26259
2935	6136
79600	121441
4353	5657
23197	26043
6142	6208
9228	9378
29078	126328
6189	51187
6138	6144
81	5868
627	5879
6227	6727
6137	6176
4090	285704
90	4088
5707	7316
8687	286887
4332	8635
8334	8341
23168	27125
963	8514
6207	27340
9739	9757
1728	3162
1431	2747
7039	10652
6227	6234
25937	51421
4695	4700
10749	11015
3687	53831
2197	6136
7311	89910
259290	259294
6224	23049
6129	6155
23376	26235
1576	2326
6173	6181
3799	51014
1084	51382
6135	6205
1933	6138
5777	7852
966	10652
4035	10082
63891	390594
378	55605
1642	79913
6168	6222
6168	6232
332	7272
7204	10800
6170	6228
54577	54658
6728	51121
51122	56995
91147	121441
5347	5528
11245	55970
1116	3240
2033	27327
3488	7857
28972	90701
7321	65264
3842	10527
3633	29984
10432	23435
6133	6159
10075	51132
2197	25873
933	973
26589	55168
643	50865
2034	3091
9793	347240
9045	11224
2197	27340
26123	84902
51602	84549
4701	126328
351	1234
1499	6714
7311	55272
6218	9045
9320	89910
3361	3627
226	2597
2266	51156
9883	51692
1933	6164
5928	192670
84078	89890
54998	55052
6129	6173
3006	85236
10914	53981
521	7381
6176	6208
1058	55143
4695	4708
3017	8351
6129	6209
186	2914
1956	3688
6175	6223
9371	11127
8886	84172
7536	27316
1991	56729
6122	6160
5000	7311
8452	26091
3488	54757
10155	284309
1062	5347
6188	6222
6201	9887
6125	6135
1855	81839
3672	3915
158506	246184
54820	57787
778	783
8655	83658
344892	390084
7525	10298
9076	24146
3909	9459
5903	9793
1642	9730
64979	118487
2209	3055
657	659
29984	64333
617	26517
3190	51692
51264	219927
2935	23049
5433	53981
2318	54751
9655	10489
3222	3225
3683	7409
6205	6206
26146	64792
87	51097
6129	6193
4512	4541
10681	51083
6136	6229
6210	6228
10298	375790
90	657
3433	9636
1476	3240
6133	6209
1511	1991
3062	64106
3371	84141
983	7272
8329	85236
8816	79269
2740	5739
335	462
4726	55967
983	9972
6173	6176
6204	6218
6164	9349
1386	1387
6208	9349
9156	55388
5869	8976
1208	5406
3433	4599
377630	401447
6209	6223
6160	6173
2935	6176
5694	7314
6135	6139
2033	9757
4952	9886
9700	57082
5173	6751
6155	6206
5351	5352
3355	4852
3797	9493
6122	10399
64761	83666
3491	5954
9276	10652
10403	26271
990	3832
9690	89910
6141	6193
1477	6431
1737	8050
9739	23067
990	5985
9183	113130
4171	10036
5657	6036
6202	6210
10489	84231
991	54908
1477	24148
1398	9564
1121	81846
5516	5903
50831	51289
351	8477
6249	8826
109	51083
160	26130
3091	5716
783	10368
7021	83741
3685	5795
6222	51187
8087	9444
26235	158506
3832	10615
2358	3579
1488	6934
10427	10484
5528	23332
26190	197131
3875	144501
9533	64425
6176	9887
11051	23398
5747	7456
1063	79172
6155	25873
6222	7178
5201	84617
9320	55236
6142	11224
3156	4598
25847	150726
4969	11081
6233	80351
8945	90293
10291	23658
389	57522
23412	51725
4514	4538
64682	90025
3184	3185
1500	55740
5688	5706
3797	26146
29894	51593
3683	57153
26716	344892
23275	23509
886	3061
6173	6208
9320	11275
472	5884
4867	8655
6229	9349
9675	57521
5868	64145
1457	10051
6136	6168
5339	6164
1595	51478
1639	9493
112	8698
1062	259266
9212	79003
2064	7311
9738	54820
3855	3866
7311	55432
10949	27316
1111	54962
5707	64750
5983	8451
6170	10952
1063	23332
2242	3561
84128	84946
5737	56923
3833	24137
6138	6175
6637	51690
23160	64318
55166	79682
9341	10254
6363	6752
2695	594857
51088	84261
6129	6170
1741	22941
2186	23067
688	5468
6205	6228
6152	6156
1347	4713
6176	6228
55737	58533
6173	11224
2625	5241
4713	4724
8945	9870
6164	6201
5708	84962
6234	23521
3174	6927
6218	6231
84902	91147
10403	83540
4736	6193
4700	4713
1778	6249
23304	23376
727	50835
3559	3560
23326	79595
5196	11251
9522	160364
1981	6146
6128	6168
9320	65264
7311	11059
338	4547
776	786
3912	11098
6427	7307
10574	22803
2064	5364
7409	23533
3683	326624
6164	6224
3914	5829
6136	6201
899	7428
130340	152503
6047	64219
8453	26190
5707	51330
3340	6385
336	2153
6147	6203
6133	51187
4734	23327
8334	79019
9354	154881
9700	146909
22905	29763
4233	5795
2107	6229
8329	8365
6202	51187
6793	10857
675	5983
204	4508
10767	22894
5584	7124
11103	27340
6500	26263
6122	6203
6203	27340
9276	10959
699	5519
4297	192669
29763	51429
5347	9493
23244	23332
10552	23149
399	7984
2033	10847
9183	79172
51725	142685
3903	79895
51650	64951
3309	29927
4514	4536
6138	6164
6233	7178
81	87
3183	6432
6161	6173
23112	192669
7184	84141
6156	140801
3843	10527
6206	9045
1500	3799
3685	64386
6194	53918
966	6711
5870	57403
1994	51692
55850	113220
6128	6146
2521	27316
472	5433
64151	83540
5708	51330
6138	6152
23332	57787
7249	57521
1268	64805
10142	26123
6132	6204
332	5501
4670	5725
991	83461
5694	5695
1062	3796
51602	84365
10236	10921
81	3688
1933	6160
6147	6160
6455	23149
51	5194
6233	54677
2099	6198
1088	160364
891	54908
133	2863
6157	6232
10735	23332
6863	84432
6233	9320
6147	6229
2064	5747
3437	8638
1116	5004
5879	10788
5335	6850
6147	6231
10607	92856
9136	84946
5433	11017
4709	4724
2266	5345
187	56670
2132	2817
1462	3915
1933	6165
1133	9002
4008	154881
6159	23521
4317	6947
7424	8828
1314	26286
2157	27095
9787	9833
3579	55970
9787	10403
4288	9700
6207	6235
831	5747
9133	10733
22917	57829
699	24137
6164	9045
3659	54739
10403	51203
1933	6210
25879	84294
3312	10808
259	2266
8243	79172
6714	8976
11222	57129
4707	54539
5688	5705
9833	24137
988	4436
6139	6160
6228	6233
988	55681
351	54972
6129	25873
1956	9341
932	326624
399	7409
324	1495
50838	259295
2962	56949
3163	3725
87	5768
5657	6037
55829	58515
1537	4715
8615	10959
6173	23049
8881	26224
5433	51362
5515	151246
6688	7805
3833	9212
10890	11021
7337	9730
5528	9126
4985	10563
6136	6232
2197	6138
4512	4540
2935	6207
4599	4938
6430	22938
6173	6207
6210	6222
25977	286451
54856	55870
2150	55970
11235	25843
8317	84515
991	5347
2848	285601
29945	90025
988	7919
4736	6227
2935	6164
5701	11047
1058	10726
3832	10121
6175	6227
8314	23512
1058	79172
1287	55214
28981	92104
10285	55339
3895	5879
3308	3326
6133	6222
641	116028
84154	84549
5116	23354
118487	128308
5829	7525
9138	55970
4736	6141
7020	284252
699	10403
6138	6206
3190	11338
8976	29763
81537	259230
8463	10413
6133	6144
6602	55193
22954	57630
1856	1857
79869	84248
9790	22803
5981	7516
2197	6229
963	3903
4707	51079
4353	23197
6218	7178
6202	6208
10540	57545
6142	23521
6144	6223
988	5433
1870	5928
9892	10109
10618	22848
740	9801
6234	9887
9282	9611
5868	26130
6130	6137
640	974
6142	6205
6218	10952
5868	51715
10965	55825
6301	23395
10075	80204
1739	5290
6387	50837
567	3106
6165	9349
7098	7311
1398	7525
5985	8914
1291	1292
3689	8514
6130	11224
3685	375790
6714	10298
153571	153572
4087	79753
3422	4047
701	10733
4436	7520
2107	5515
1058	10112
344892	390058
1129	5733
7175	23279
6125	6189
10121	80184
4724	4728
699	988
7316	25977
9045	9349
6429	9295
301	55970
1991	6709
719	63940
990	5717
26524	126374
6129	6130
9462	153090
9354	9604
3911	9459
7311	23291
1781	11190
50832	54429
400	10564
6232	23521
6130	6139
6122	6143
11314	100049587
3181	3185
4540	4701
9904	57647
1639	11014
5438	23524
5861	5878
983	6502
2358	196527
5558	23595
10972	64837
4734	7316
6047	9320
2266	2719
6599	57492
6160	6161
274	5869
3684	3687
3191	10657
317772	440689
55055	57551
7409	653361
659	1386
6631	6635
6158	6202
5879	64333
1063	5501
115290	143279
6139	6147
53981	348995
6146	23049
6281	79026
5903	54821
8972	93432
6142	6210
2033	9739
3684	79895
2967	51755
1500	84962
1500	5795
5430	27316
3183	4670
966	199675
641	2189
10053	152503
10175	51128
6233	11224
5411	51747
4508	4535
6233	90293
1778	11014
6122	6185
4709	27089
3017	8334
5438	6637
4176	4998
9582	27350
6159	6204
6129	6161
1398	5781
51118	84946
55127	84172
8729	10121
4717	51079
6147	140801
1500	51474
3178	10949
994	7534
640	973
6143	6234
9875	55127
80184	117177
830	55604
10949	84991
640	29760
8452	51088
1453	2197
10885	23160
10618	26130
2204	338339
6227	140801
4690	10096
324	5515
6442	6444
6908	54815
9742	26146
6122	6208
2635	3659
23451	51692
5054	5328
64951	64983
163	54874
1347	1350
7153	56992
11103	22803
8450	51122
6135	6201
5529	5711
7337	54778
23279	57551
3163	222487
161	5869
6637	84844
26270	93611
6169	6176
2768	5879
6204	6229
6124	6194
4928	7514
1933	6203
6133	6194
1650	29927
10236	10946
6790	11065
3797	10749
8563	23225
6709	25839
5822	10885
8237	10574
6872	83860
5516	54908
112	57413
813	3371
2799	5476
6188	6203
1387	4205
5023	84329
6167	140801
3797	24137
2359	5196
6688	7305
26589	64963
2788	2790
830	10540
5930	80204
2065	3691
1005	1009
9883	11218
680	4829
10749	11127
5688	5701
778	779
4077	7316
6175	6209
26338	65055
55832	57542
6169	23049
8337	126961
23223	79039
6158	6206
5433	55197
1129	4852
2359	5473
6426	9782
353132	353135
1306	169044
963	84329
3491	11167
7532	80097
1915	6161
6137	6175
4904	10946
996	51132
521	84833
3433	4939
8976	147179
6159	6230
3222	3223
3718	6777
1856	27130
4172	9700
6385	7057
3221	3222
6161	6205
6144	6227
57674	151636
3912	84141
1605	8910
2064	54206
11004	54820
5739	5746
6138	6209
6132	6160
55601	91543
22954	89910
1116	1669
2194	6319
25942	57649
22995	163786
11118	11119
6189	6203
9510	11096
1910	84432
6128	6202
8128	8703
6165	6209
6204	6222
1981	6176
8453	115290
5611	10525
335	3698
3881	54474
4712	27089
10376	203068
23304	57531
5747	11099
3091	7316
317	835
6181	6206
891	55872
22984	26155
1933	4736
6801	8428
7314	26263
6194	6228
8334	85236
701	64151
55720	56902
6169	6234
4088	7316
51602	84946
6461	10787
338	2262
6154	6203
1230	2833
8687	8689
22974	83461
9055	9133
9879	51362
377	51014
3619	23244
4588	56667
3309	9531
1856	5515
56902	88745
3799	11127
6159	6194
54069	79682
1452	6500
196883	285601
5501	25936
56902	79954
1981	6222
5594	8826
1121	79958
3918	4233
51289	259287
5516	10213
7311	8945
26	10562
983	7321
830	11014
6890	6891
6156	6224
9039	10293
23076	57696
6227	7311
3702	9402
5286	8976
6827	51755
9276	9632
4057	6709
2185	2268
22954	55175
1459	9918
6233	23586
2846	2922
142	56655
350	5267
3105	5696
3356	6915
1813	6364
1161	9318
3672	3912
6164	6234
521	4726
23310	64151
1315	9382
1902	2185
6147	9045
6207	6233
1387	10498
4175	6118
4088	23327
1314	10802
3619	54821
3017	8969
5394	5822
9886	221472
1544	3620
6374	27198
7175	55746
905	27125
2811	2814
8914	11169
639	3662
867	10097
3115	10346
3710	5330
7536	23020
3190	27316
1173	5868
746	100128731
4686	23511
6181	6223
3886	54474
3921	6203
2033	6872
915	29126
9183	22919
6223	23049
2153	3481
9824	10112
658	4093
983	79172
63915	84062
1088	8895
3240	8993
5516	6500
3361	9290
9295	84950
6122	6136
6135	6202
6194	6201
6625	8189
344892	390077
701	23047
4069	6037
3066	23028
6233	56254
6133	6202
25984	121391
3185	23020
8767	23118
1395	2848
6235	27340
6157	6222
683	932
966	79895
6142	6181
623	5737
9632	22872
4726	29796
5518	23399
8976	10458
699	9824
9183	64105
6173	10952
3491	10970
684	4939
6205	51386
7327	26046
841	843
4602	5432
4998	7027
6124	6146
79600	80321
9276	11070
915	3559
1601	29924
988	3326
2792	391195
1880	3579
6128	6194
1062	9493
55876	94103
23291	26091
1793	100423062
1072	5216
2782	2833
637	4170
6142	6170
7175	51692
867	5290
3978	4176
6218	6232
5597	5718
1956	5796
3921	6230
6169	9045
29945	64682
57405	151648
23160	79954
983	26005
9793	79172
6159	6210
2837	3358
1656	27161
3017	8349
6161	23049
3594	149233
6218	6230
6159	6173
3833	55143
545	5889
54751	83706
8548	64746
329	51330
53829	59340
999	3918
6205	25873
5552	83706
6194	51187
6152	23049
3683	6518
57082	348995
1398	3055
351	63940
6156	23049
6189	6233
5515	5516
1497	23729
10663	259293
567	3140
904	9646
10199	79954
4173	79892
9277	65083
87	6714
51692	220988
1856	5869
824	3688
1781	29127
3066	6045
1936	6132
1081	3623
6189	7311
6152	6223
6234	7311
5928	25942
3635	5777
6228	11224
3191	5725
9883	10898
3673	3683
1639	3326
5718	8453
988	5985
6169	6188
728	846
623	56923
6224	6228
1431	1737
3837	22974
4513	4536
6176	140801
4736	6135
1234	1236
1650	58477
5501	9126
6189	6210
6188	6235
904	5433
9055	10376
64979	116540
25977	54885
1994	3191
138803	344892
4696	4710
4829	10886
6142	6227
9184	57405
7311	23521
4048	5199
9055	29127
6227	25873
988	53981
1398	3685
7328	51444
1778	121441
1108	3094
10427	126003
1387	23389
392188	645402
4172	8888
5286	55361
6233	23014
153	6344
8648	10498
23322	57545
1793	5747
1962	7311
6234	8666
6146	6224
4537	4538
6189	6222
389	55843
6455	9341
6165	6223
988	51692
25957	51747
5516	6249
10921	10949
351	2767
1774	56729
1876	10445
1398	3071
4736	6205
4233	64759
5707	10576
3113	3119
29127	54443
5516	5707
4709	55967
1515	3122
5501	23332
6137	6173
846	4829
1824	1825
10592	24137
1387	81857
2195	7124
1292	10536
6184	58477
7314	9212
1660	9716
5435	6875
6133	6231
6233	440689
4343	27161
3832	64151
6700	26239
5432	6205
10112	10540
9493	54443
991	10112
3066	9014
8915	29775
6147	6181
58505	200185
1062	6232
51121	79048
523	155066
5335	8394
399	7204
2099	7031
150468	259266
5566	5573
6206	7311
3693	7525
6202	6229
4343	84441
2790	22948
259	2244
9277	51010
6137	6170
1495	5770
1668	1669
324	8945
6155	6167
2286	5479
5529	22919
4540	4724
3673	3912
2792	26339
5558	11169
6161	6228
3437	4940
1237	27199
1407	7311
7337	80204
4976	9927
1387	6601
1439	5777
930	974
1315	1783
399	84144
636	23299
908	9628
6207	6229
6124	6133
6135	6137
4725	9167
3308	10808
695	6850
999	4646
131873	256076
3054	4899
29093	118487
727	50838
506	3313
988	10576
55749	79869
63967	84515
830	10466
1642	8607
6161	6188
6130	7311
1386	1822
8453	56995
90550	91689
996	5707
6128	6232
6137	6201
5048	7531
2222	6721
9020	23118
8729	9371
6223	55127
2064	3320
1894	9833
6133	6155
6233	143279
9493	51014
6132	6169
7153	11004
6138	6142
6628	6636
1937	6142
377	1781
6170	6232
6133	6206
915	7535
5529	5903
3191	9782
6122	51386
6122	6144
4867	84902
2197	6230
2071	10920
8945	64219
1595	50814
6143	6232
6635	51690
6934	8945
5706	5718
6383	284217
10262	27238
6734	58477
6139	6232
3667	5293
9879	51690
9020	10673
6009	60673
5868	51552
4724	10476
3122	3662
5879	375790
3491	11098
2935	6170
1783	6711
50848	57530
55142	440145
351	1241
3683	5788
6158	25873
6160	6164
23291	26190
6208	9887
26155	65083
6146	6169
6208	6209
5879	9046
6167	6181
1455	2810
2625	7031
6160	6170
6147	6168
90293	143279
1435	6696
4706	4717
81697	344892
3836	10971
5861	8655
2788	3269
6125	6228
1314	10945
6161	23521
2967	9646
5928	10013
968	5878
383	7415
2177	2189
1667	1668
50831	56923
3183	27238
2801	5862
6136	6181
400	25839
1129	5173
6156	9045
6168	6176
9371	51014
6155	6228
3920	5660
2769	5335
1500	1942
5880	9138
3308	3312
1894	29127
10959	26286
6169	6210
5335	7852
6176	23049
187	11251
6223	6231
25	10163
1241	7204
2033	8085
7311	8450
7337	55175
1233	5196
9867	53339
1495	5819
891	6790
6158	6208
10890	60412
1121	51715
3119	3123
1639	22919
671	4332
2045	285220
9320	84231
5330	8323
1737	57546
6122	6147
391	55843
6601	6605
5023	326624
23020	27316
1462	6696
3481	3827
6158	6205
335	336
9787	11339
8453	55884
5930	23295
7133	10970
1933	6130
4173	7153
2801	11014
1778	4867
6453	9341
4736	6233
1387	23097
2073	4331
4999	23595
259287	339403
6135	6228
945	79895
6176	6227
1327	1329
55127	57647
102	5795
5880	94134
10574	22948
1062	9276
1062	3619
1717	50814
26589	64928
4848	23019
6157	6228
8329	8349
84105	347732
27198	338442
1829	1832
391	80728
9126	11130
64976	64979
9793	51143
7003	25937
3837	10575
1062	9787
1778	2801
6233	7186
3949	10552
4701	7388
9793	57551
11065	64151
51650	64976
6130	6193
6430	7919
64792	79989
5571	60673
2962	10291
6135	6222
146	886
11100	11338
3937	7462
1499	2932
5093	51692
7913	9015
9700	10051
7516	11073
10096	10097
9879	11325
6222	27340
6128	6218
6135	6231
4670	10523
259	3698
6829	54623
1994	23283
23223	65083
4205	6938
3122	3123
3912	11167
6201	6233
6152	6173
3434	10964
7846	150465
55320	401541
4116	84844
6143	6160
10193	25831
6161	6189
7334	64320
8027	51429
288	2348
3184	10921
9276	26286
6152	6230
23014	56995
9801	64965
1062	54821
7409	10458
6122	6233
50840	259295
5199	6709
3320	10963
940	8516
6169	6194
10022	259292
26190	65264
332	9493
8655	27077
27258	51639
9276	10749
10540	24137
9738	132320
219954	285093
705	51602
10274	10403
7311	55666
6634	22827
57153	160364
6144	6155
1639	1783
55872	83540
3683	64386
9014	57504
2185	9564
990	10051
3191	27316
1435	3490
3685	3693
5266	6699
3921	6161
6144	6209
6202	6206
6146	6181
259287	259293
1937	6229
5435	5439
4736	6218
887	3827
705	83732
1793	10787
4288	7272
6136	65008
1453	23332
334	3915
8886	56902
6139	6167
56919	57647
2491	6249
22954	23014
699	83540
2243	9715
6202	55272
783	2784
9870	22954
6125	6235
2696	53831
1933	6142
6137	6208
51099	79948
890	151648
400	23041
6133	6230
6209	6233
6138	6230
10890	10971
4690	10152
1956	10413
8945	115290
4736	6138
6167	6230
2242	10371
6202	6209
3491	3912
2629	5660
5707	5708
9666	51088
1983	6175
4514	4539
79892	84515
10802	55014
5001	10926
51116	92399
4952	54874
1650	6185
23601	51382
10618	55330
25936	79172
1994	10236
5529	10274
9276	22872
6129	6201
1981	6218
3659	5696
705	8886
338	4973
8349	79101
6209	9349
9604	9867
6208	6232
3655	4233
3433	4938
6869	347148
56995	154881
5903	8243
6201	6234
1400	56896
10969	29997
1981	6160
6233	6498
3013	8351
4436	23028
163	8301
4725	55967
6202	6232
7003	7004
999	3691
8655	338339
5519	151246
6227	6235
3887	3889
6233	9045
6233	64410
6155	6193
1991	5657
56165	91646
3912	3918
3921	6175
9700	23279
3725	3939
152	5580
377	11127
1337	1340
6142	6203
7311	8290
830	51014
6169	6227
6144	6232
1398	3320
4702	4724
4736	6202
11176	23309
6144	6168
1511	4069
3074	56729
79954	84128
23279	81930
1063	23279
6158	6222
23265	50807
4708	29796
6143	9349
1069	10383
389	6453
1857	2932
6167	6234
3619	55143
1329	27089
5516	6801
5290	5781
983	129401
64976	116540
3055	5336
2521	6626
8453	9820
1050	2322
4736	6159
6230	114987
10153	51602
6631	6632
6227	9887
11128	25885
6129	6152
2691	5739
50831	50832
3181	10713
6240	10051
6133	6173
23304	140460
6181	51187
9827	55275
9133	10615
336	3827
5430	9611
7314	7334
5439	51755
10890	51715
5199	56729
1398	3937
1121	79090
9652	10767
4539	4541
6138	6169
2048	5921
9133	113130
6139	6185
1994	23435
4353	56729
5435	5451
6125	6142
6132	6170
5781	10818
9928	11113
3433	91543
6147	6173
6175	6207
5516	51143
7311	56288
673	5566
64682	80204
3106	6890
3482	10618
5880	84144
79583	79867
3375	7253
222487	338339
6233	22848
5365	8482
23011	51762
146	84109
6189	6206
10102	51021
156	351
6222	6228
6319	6720
1315	9276
5023	5795
3619	25936
4736	6189
160	1213
2197	6135
2958	79035
3354	6387
6790	29127
10051	64151
890	1062
7249	7532
6233	9927
11130	79902
9700	23332
23327	29082
226	5768
399	10144
5345	7076
1062	6790
6124	6169
695	7525
3664	23650
1495	5781
4116	6167
4301	6714
974	2213
6175	6205
2358	160364
4008	144699
5692	5710
4116	6636
5788	7852
2036	4646
4983	5880
3912	59277
5695	5706
5829	9844
1337	27089
6168	6201
22974	23332
83597	403253
830	1604
302	6386
3490	84141
5741	10266
1471	5034
1308	3655
3921	6181
2918	10563
335	345
6138	6203
1062	55055
6154	6189
2767	7204
26268	56995
3619	23047
3071	10787
6139	6173
6218	55127
332	5528
3619	51143
2185	5747
6132	6176
1994	220988
5711	8453
1778	79867
6158	9349
6193	25873
4116	5435
950	5286
2033	9968
1857	5515
990	63967
55720	84916
1778	4735
632	4094
258	5179
1856	5528
26005	79867
6233	221687
5516	5781
3184	3191
8106	29894
5433	23517
919	3123
6426	6430
3015	10284
10112	55635
6139	6156
5339	6189
3192	7536
9126	9700
3055	3572
2153	2159
6750	50837
6169	6207
4700	4717
816	4137
4707	27089
6206	6210
9212	57405
1456	7534
1000	10970
932	3903
5978	80012
377	29127
3184	6626
160364	199675
6146	140801
624	339403
6811	9117
3853	196374
2197	140801
2059	10458
2962	57794
22984	55127
6700	353133
1453	10121
8021	55746
91	92
4736	6122
1329	1340
6169	11224
3909	6385
1495	4301
1062	1639
10112	24137
2200	401138
3915	10970
9787	9928
5331	27334
1783	3799
1983	6141
6208	6210
23095	24137
3312	129401
6136	6194
3683	3693
80155	80218
6059	55720
6161	6210
6203	6207
6175	7178
25831	80204
1445	54845
11339	55143
4710	4715
23223	79711
7532	26123
6427	10189
3106	10475
10592	259266
27125	79577
1060	348995
6709	124583
5707	10577
890	10733
29127	81930
10403	348995
2641	346562
2153	2244
9133	81624
6169	6229
1022	2810
6135	6176
4288	26586
5869	5870
1642	5931
6208	6230
9371	24137
1894	6790
60	10093
5829	55742
1291	3685
9014	25885
7272	10592
9212	55355
8945	56995
6144	140801
81	55243
274	1956
1062	1783
5330	55970
6727	7311
5861	57403
1665	1994
3660	5696
302	383
896	3717
10523	27316
10403	57405
6230	9349
10236	23020
6667	27327
6233	197342
695	3937
6129	6159
22936	64859
6135	51187
6168	6233
5290	6667
378	10959
8687	121391
8655	23601
3181	4670
9892	10092
5695	5701
10199	84946
2965	6749
9738	55755
6223	25873
7004	10413
1994	10291
27257	57819
6129	6188
9833	55872
25929	57122
9793	113130
1933	6181
846	259287
399	1894
2865	6863
4116	6160
6233	9887
4713	9551
3111	3122
11004	24137
1349	10975
10142	80097
9371	23095
84085	197131
10285	11017
10250	10285
4867	121441
896	6777
26268	140461
5688	11047
6747	60559
7531	10890
6146	6203
1650	7841
871	1303
2962	10498
6201	11224
10489	25831
1894	5347
8688	286887
6146	6201
6122	6159
27042	55153
84648	353139
3133	10475
6181	23049
3437	4938
1717	6307
4734	115290
6637	55505
5515	6157
5868	7879
988	7112
23279	79172
3685	160364
64946	147841
1453	6203
388	26084
7110	90196
5422	84515
3832	51203
10193	57542
389	5586
3434	9636
996	26091
9493	11014
677	56915
6204	9045
6136	6144
1329	7381
6124	6143
5685	5706
4512	4536
377	10121
5693	10213
6139	9349
1175	5878
8454	9690
3683	3685
11196	126003
4514	4535
9793	81930
6159	10399
9416	9879
11091	81887
5578	5588
1237	9934
5604	23164
8452	9870
904	6667
3339	3915
930	118788
372	1315
1232	50834
2537	3437
5265	7040
23160	84135
10236	10291
8453	65264
1277	3685
374	2065
22888	51343
5196	56670
1839	3976
4734	89910
23521	51386
10959	100302736
55326	137964
6138	6161
4707	29796
60560	80218
4736	6124
990	9700
9341	54874
54742	80328
6430	10949
6146	6202
6230	9045
1129	5179
991	23327
4867	79600
5872	53917
11098	84141
2197	6209
4948	7299
1994	3190
55339	55749
1435	401138
2207	6556
3913	4233
10112	23095
5347	151246
9700	57122
6209	7178
6137	6229
9133	11065
4033	10970
6141	6189
7525	10413
4738	5688
389	9411
9069	9076
10949	22938
332	5347
6201	6206
1063	23244
6176	6222
7054	57016
3355	6751
6189	6205
695	3635
6201	6229
64318	79954
4736	6230
220134	348995
1084	338339
6137	6168
5695	5700
9320	25831
163	8976
2967	9318
5928	57459
2994	6005
2305	9833
8349	440689
86	8607
891	8655
6161	6164
1350	440567
4116	6632
966	3903
6165	6203
8085	55904
6150	116541
3048	4778
4116	51639
7311	54165
26268	64682
891	7316
51088	144699
6129	6136
3685	8514
1290	1303
6147	23521
11014	23046
8243	23244
6139	6159
81	5829
6170	6176
988	10574
4617	4618
6128	6130
9341	10228
8581	154064
4088	5594
6169	6235
988	9611
6147	6233
6628	220988
2268	7525
8349	8365
5335	7462
6144	6230
1783	11014
996	64750
6209	6232
3491	84141
1161	51397
9320	57674
338	350
9798	27183
3313	5903
6233	23168
60	10095
1854	7298
10250	10772
2197	6164
5869	26130
683	338339
10491	85301
5610	23118
6556	338339
116372	257194
3312	6804
813	1462
373	7322
3913	11098
89910	115290
4689	653361
2521	6434
5747	50807
6169	6201
1058	151246
2846	4923
6160	9349
1063	57551
4641	5898
23332	25936
6169	9349
51129	85441
680	2798
6159	6189
6218	25873
335	2153
1063	7153
567	6890
6125	6143
7533	10971
5725	8672
5473	11251
84261	154881
2197	6158
1933	6141
8658	80351
64386	84329
3200	5438
6188	11224
8636	11258
5529	5718
6158	6159
1295	55214
915	3702
3685	326624
64951	64960
6167	55176
2776	2837
4905	10905
345	2262
9416	23020
10250	11338
1499	5516
9283	51764
1605	3672
5438	9978
2800	2803
2521	3183
1911	57504
3687	22918
7534	10971
1292	1303
84962	126374
8655	10540
130	10720
2305	22974
3866	3875
1062	1063
6188	6189
3980	6119
6228	6232
4048	126014
10575	10693
4736	6125
1080	4036
1956	5336
5330	60675
2002	6722
7314	7415
2033	6233
6222	7311
6122	6135
4670	10236
3071	5747
1310	169044
6157	6224
5516	9183
7311	25831
27258	83443
1069	10426
5868	11021
9833	51203
22954	84231
1956	5879
28998	51264
4734	9604
1994	4670
2804	10945
8655	51098
813	3491
4707	4712
8945	26268
2222	3422
22974	64151
7454	8976
10097	10618
6158	6161
6164	6222
1511	8635
2064	85440
6176	9349
9655	90293
6249	401541
11014	50807
5519	79172
51585	79869
7283	10540
22938	220988
7311	55777
7164	10053
3491	3913
4116	6202
996	115290
9972	51362
9801	84340
857	1956
2773	29899
871	1291
10618	51246
891	9787
1500	3801
2920	3569
4736	6228
51122	54520
8945	55832
6146	6727
988	5725
6137	6209
9462	64926
4904	84950
55008	57154
10466	55275
6135	6142
6168	6173
2266	3026
1062	10274
2801	51014
1781	22974
9984	10482
3156	3157
7337	8697
6045	192669
2623	6886
3619	5528
4125	6037
27125	55840
3093	9320
6430	6432
2491	3619
9533	112495
5711	6233
5330	9002
3091	84962
983	10733
6667	23248
3303	3320
3356	5731
1033	9232
6138	10399
5903	22919
8878	55669
121504	333932
1340	27089
6850	64170
6169	6231
834	114769
3689	199675
2790	5579
1830	6699
3619	10403
7311	10252
6135	140801
10540	80184
4116	6233
1062	64151
3422	4598
9015	284119
3187	7919
87	3688
57551	79172
1291	55214
4116	6637
1108	2033
983	5519
1810	26009
7133	8740
5976	56006
6223	6233
5710	51686
6159	6228
64106	347148
5493	11187
1453	6209
1499	2064
1025	23168
22897	79598
3640	5443
10155	25799
8871	51429
659	4088
3111	3118
6142	51187
2913	4988
4509	4536
5426	9126
861	6604
5701	51330
4839	6156
6130	6164
2147	5020
6234	25873
6181	23521
6173	140801
2197	6160
846	6870
2932	5704
2841	7852
155	6343
27339	57461
53339	197131
5693	5705
1933	6175
212	2038
11338	23511
4707	7381
6202	8666
6387	57007
1937	6189
54069	64946
1281	4060
23014	142689
5093	6625
399	5879
6206	6223
991	11004
2197	6181
4116	6201
1289	5118
3181	6628
156	9002
9371	55605
950	3482
6921	79754
3184	9987
5440	10302
10921	27316
29796	54539
11137	51388
9039	10425
6206	6207
55720	84172
2966	5433
1660	10594
5929	8945
51465	51676
1956	5829
6144	6201
3915	10298
8925	10489
22954	65264
3681	22801
8907	10053
5469	6667
5434	10594
8843	27198
6241	9700
8925	197131
332	79902
1676	3836
389	117289
10427	55291
8976	23149
4116	6146
92815	128312
5872	51715
2197	6168
351	29933
1981	5725
3903	11314
57122	57551
6167	6202
6122	23521
9136	84365
3064	55660
1933	6202
4905	9827
6160	6169
139322	374354
6155	6173
1277	8974
6203	6222
2222	3157
988	6950
6233	140801
1738	8803
950	10254
7311	11224
1601	6453
3320	10458
6288	84432
988	23435
11103	51575
29127	51014
6124	6159
4535	4539
4713	4725
389	1894
6155	6161
996	89910
6160	6233
3055	5788
6144	51187
1435	8542
7164	286451
8313	10297
974	100423062
5433	55660
1500	1969
2033	23067
116	94235
56923	259293
2524	10331
4736	6222
10749	51479
10403	79172
521	4701
6210	9887
1017	63967
7311	23600
3688	7057
6128	6167
675	55215
2043	2050
6146	6165
108	5179
121504	653604
9655	55832
10970	326624
10412	10607
1781	3320
55143	348995
10959	11014
4738	7979
1001	3728
6147	6152
1435	3371
378	51014
4548	10768
1942	2268
6203	6217
10841	200895
9793	57122
6204	6209
10799	88745
4734	6500
6144	6188
11017	11051
6160	6230
9330	55814
7037	54885
6233	9349
996	57674
6164	6232
4734	6047
10575	22948
6130	6204
5747	23209
1969	6714
3312	7037
1063	3832
636	5048
3619	9126
643	5368
996	25831
996	1017
6122	6161
5869	23011
2735	79809
2784	594857
9320	64682
6142	6161
5869	10552
367	8349
6232	25873
830	1781
6138	6173
9219	10919
3320	7531
1062	5529
9672	64131
28973	51069
6157	6229
7311	84133
9282	9968
4853	6233
64410	79791
1105	23168
4867	79867
1022	91603
6170	9349
4588	192134
4736	6130
1655	11325
6135	6235
22794	23398
6434	10432
4852	283869
23160	56919
1269	53829
9793	151648
9616	150726
6136	6152
4998	5422
6223	8666
1950	7474
3181	3191
6426	7536
996	23291
3512	57050
3675	3918
3886	286887
1241	2863
5695	7979
6161	6165
1880	57413
3609	10236
5540	6755
6161	6233
6175	6204
10236	22826
9133	51203
942	7525
81	9564
3123	3127
963	6518
3716	259230
6130	6160
336	462
472	64421
996	9320
1000	1012
6601	57492
9666	89910
8334	440689
6863	23620
6171	25873
1669	8993
5516	22919
7311	440689
5179	5733
6206	6229
23014	55884
1653	25940
6117	55388
26285	149461
2197	6222
1911	4343
7936	404672
10992	27339
6143	9045
5700	5705
2247	2260
3360	10888
6164	6203
147	2150
163	25977
55168	56945
27043	27340
6772	83666
9666	115290
8729	9276
3619	10112
5194	7311
6209	55127
6224	9349
7139	7431
23332	57122
3619	9493
22803	55127
1307	169044
4519	4538
2912	4852
9787	64151
197	2266
4717	4728
53981	79869
1937	6228
164	2799
238	943
6189	6204
7137	7138
5887	7415
3396	51081
6208	6228
3833	10615
6130	6152
6830	22916
3172	6927
890	84515
6135	6155
6139	6228
26190	140459
5861	10112
6235	9045
2358	57413
26239	353133
5451	23248
10155	10780
6164	6217
6168	9887
5430	81556
6138	6218
6193	6205
1933	6228
10540	29127
6209	6229
6147	6208
9416	55660
6139	6223
1111	2177
2957	8812
566	5657
672	64682
2305	5518
6125	9045
4736	6147
5436	6631
6146	6147
9277	51118
1781	11015
6173	6206
6124	6175
6154	6158
5903	9631
6138	6229
1944	1945
3832	6240
84643	93661
7283	22897
830	10959
5693	5707
640	5079
5347	9738
4751	259266
2914	4988
6159	6218
8021	79023
9015	57504
10403	55355
1058	64105
22905	51429
54874	115548
9416	10236
6135	6147
988	8301
23562	53842
29974	403314
7409	10787
6132	140801
3054	81887
5290	9208
6128	6161
6635	9883
920	5335
391	94134
5970	7706
6133	6232
23122	23332
6667	6670
2804	9276
9787	10112
3190	9716
6144	6234
4736	6129
53339	57531
1994	7536
6139	6144
6233	51132
5048	5515
6167	6727
3850	3860
219960	285093
3267	5868
1327	1337
6132	6161
4867	23322
1063	7514
6227	6232
996	4734
54908	79172
9611	9967
10523	11338
6144	6170
5903	10735
3797	23095
353139	353142
1063	9793
23	988
6143	6158
56923	259287
7412	388646
6233	6868
10285	10713
2673	3101
58	60
988	10059
10112	81930
2963	11193
164	55330
1650	3920
10772	10949
6152	6201
595	5694
3913	10272
5347	24137
6138	6208
51206	80739
2810	4486
8976	10787
6161	6171
1670	1671
6233	26091
1906	2863
5699	23198
5903	57551
5528	5702
4697	27089
6234	6235
2935	25873
5903	23279
5335	10818
6128	9349
302	56729
79003	81565
6128	6204
55252	221937
5518	6167
813	3915
3918	9459
6176	11224
5119	27183
905	55677
9354	84085
9318	54165
23223	26155
5584	9322
10153	55759
2803	7110
10199	11102
4047	6713
6144	6160
7311	83987
996	55175
79600	84902
6156	6164
56729	126014
9793	55755
8365	85236
163	1601
1453	6204
6188	6232
6160	6218
10316	729230
471	441024
23279	23332
7337	8925
26524	84962
5928	8085
6125	6146
6874	83860
904	2967
6159	6223
10592	22974
57545	91147
1120	1375
8560	196527
4735	7532
1292	5351
3183	6426
4735	23265
6230	7178
988	10946
7082	55243
26123	79867
5204	6637
3797	10112
5469	9282
1453	2801
3887	3892
1994	5725
6218	6228
4049	115650
1500	5880
1783	9493
6230	6233
514	4694
5985	55215
1933	6218
6234	8562
5704	5714
144699	197131
4726	7381
55008	151636
5879	9181
1387	9967
1956	2274
3267	22848
6870	51764
26531	344892
245937	613210
10321	57554
7097	7124
2784	7434
6137	6235
6176	6189
1655	51690
1476	8993
3915	51280
344892	390066
6135	23521
7311	10111
3827	5345
108	7252
29118	63876
332	151246
846	339403
5870	81876
1129	4543
6207	6232
1241	2767
6130	6159
991	9055
1365	24146
6139	23521
351	8698
867	8301
1173	5878
5829	6461
3855	3880
5702	5708
1495	7082
4172	4998
3659	10475
23279	55746
5880	7409
9879	23517
11073	84126
6176	23521
3184	6434
1933	6224
5688	7979
56670	94235
10963	22948
5741	122876
857	858
4088	25937
6233	8295
4541	4712
5037	54845
399	9743
3434	10561
8329	440689
1910	2147
3973	4160
996	80012
6169	6202
566	1511
57129	65003
6158	7311
3190	10236
26519	56993
6133	23521
23063	23122
5880	257106
10970	222487
4670	11338
4172	10036
6160	6227
389	393
10291	27316
3048	3050
640	5336
28998	57129
6165	9887
1778	5347
1906	1956
6159	25873
3301	10808
5725	10492
5193	8239
6136	9349
2491	55055
8546	26258
55755	57787
1116	10394
8945	25831
5868	8301
6161	25873
6155	6209
163	5869
3659	7015
2539	3098
5717	9020
6224	6230
2204	199675
932	966
11157	51690
5700	5706
6167	6204
2186	8467
4171	4174
285093	390191
389	6242
6037	8635
3360	3375
6708	6710
51098	83658
1915	10399
7043	10916
6338	6340
3685	6518
3619	9212
3122	55824
2205	2206
23	6059
5903	25909
6152	6202
6165	6176
988	8697
4174	5424
324	8085
2537	3433
6137	6154
1783	11015
332	1062
3659	6737
10274	79172
6133	6223
6144	6169
3240	56729
3434	55601
1605	9459
996	5699
778	10369
3853	3868
1116	5199
1665	9128
3183	5094
6169	6222
3444	3451
1495	1500
6138	6193
1915	6175
4738	54939
5048	151246
127247	148581
10592	51203
3832	9700
6135	9887
4040	8322
6137	6160
324	1857
1291	5351
6152	6227
1981	6233
3624	10272
6161	7178
991	1894
10959	22818
521	1329
89910	143279
5062	7402
3710	10235
9493	11015
336	350
5516	5711
904	25896
6156	6201
3678	5329
2023	3939
23304	26268
273	8673
6154	6231
4697	4700
10199	84128
6235	140801
4585	200958
388	55843
6128	6234
5707	5717
2833	83756
6156	7178
11167	84141
6206	6218
10413	25937
3191	7536
3854	8689
1080	2147
3553	11213
7317	89890
988	9126
983	79959
833	4141
5430	9282
90	4090
567	3107
5189	6233
6601	9031
1337	1351
6207	23049
5048	81565
5438	83443
3512	100423062
6188	6206
3376	4677
11314	196527
23248	26512
701	221150
332	10615
7311	54363
6203	6232
5862	5870
6164	6175
5747	7454
1347	4726
4597	4598
932	3689
2317	54751
3157	4598
4116	6227
3240	4069
6161	6176
3849	140807
6142	6234
5515	5604
6130	6155
3912	5747
2810	3918
3689	3693
7783	11085
9183	29127
10236	11100
4696	29796
23028	23186
5597	5714
9117	81562
5347	9055
8243	9793
79583	79600
6625	51593
1315	3796
2475	9675
3190	4670
6139	9045
6159	6202
4736	6201
3882	54474
6125	6144
23332	79172
2197	6193
6168	6194
6143	6173
27077	57545
3185	55749
5718	6790
1738	6470
6189	6209
400	60592
23149	115548
4763	5699
2695	2792
6147	6169
991	55355
6049	8881
3091	5708
1303	5351
5683	139285
1269	8698
55166	387103
8189	10523
3915	7402
4758	54472
5518	7514
377	10112
1062	6249
4853	7311
3796	5903
7272	9787
375	10959
6139	6204
22839	57555
799	10268
143502	285093
54820	146057
3660	10475
6206	140801
6143	6168
2197	9349
1943	2046
2107	6173
1783	22930
84648	353137
5861	10342
22954	26190
23028	283248
6157	6169
9793	22974
3320	6461
3071	8976
963	966
1356	54757
80168	346606
2524	2525
831	23209
57105	94233
6165	6207
383	1669
1195	57396
2770	5747
3156	6307
1938	6122
1991	3240
6130	6142
617	10469
5048	11190
3953	6774
7153	57122
377	9371
6171	6234
57154	151636
5529	5699
5885	9700
251	152330
3607	55252
7311	85015
6170	6229
3838	6790
274	9341
5296	10818
6181	6205
6193	6203
7852	63940
5747	375790
6625	10236
6175	6235
1854	4174
3857	3868
53981	55660
5731	94235
5318	11187
1453	6222
3675	3915
6209	9887
79659	150737
2079	6637
6135	6154
3091	112483
891	1033
23354	132320
6206	25873
8717	9530
6139	6194
6748	90701
9655	26190
5699	8945
6233	8290
8477	9002
2896	10493
7316	64326
151648	348995
8766	10890
2358	51382
1659	51503
1337	1350
51203	64151
1285	1286
56923	339403
899	140460
6222	6232
9844	10787
81696	344892
353139	353145
6234	140801
6165	6208
720	721
955	374659
23586	55601
9739	25942
1350	29796
1915	7178
3354	51764
57403	81876
6133	6203
4713	4728
5528	151648
5430	55215
7466	51280
4541	91942
51429	152503
9371	9493
10427	55014
4725	7381
55143	57082
5717	8453
6709	10394
11015	51014
9126	79172
1991	6037
6189	6224
991	5708
6164	11224
3486	3491
6161	9045
1937	6128
5111	7298
566	4332
283111	344892
23397	55143
10920	10980
6128	6208
4707	4717
10466	57511
1478	9128
2318	3688
5700	5702
10236	10949
6208	6218
5869	10890
8581	27076
2790	7204
6157	9349
5930	26249
2957	6602
4069	5657
2962	80004
2475	57521
55832	80204
1879	5079
7272	10403
5422	10592
945	10857
6207	6218
4508	4513
6169	6189
9114	127124
88	4626
2185	5599
3185	51692
4952	22905
10466	84516
701	9700
988	11193
5931	10664
3305	9530
3937	5335
1783	5861
5741	7434
914	924
5439	6637
4541	4724
6176	6230
72	58498
1902	63940
350	462
8317	63967
9744	51454
2792	2847
6152	6171
890	26271
6426	100526737
1398	2185
3921	4736
7189	55626
8449	27238
6138	25873
11275	26224
6122	25873
6138	6232
3215	3216
7184	51726
9742	55112
332	22974
79583	80184
10499	96764
55066	57546
2244	3827
3560	8651
567	3105
5501	51692
6135	6169
5725	23435
5439	84844
10484	11196
963	64386
885	2922
23112	80012
6167	6207
11251	56670
514	1350
3850	196374
1033	9787
10413	51421
699	22919
2792	2911
10733	84131
1453	4809
5519	9183
4715	10476
8450	55832
4221	11168
3433	10964
54821	81930
6175	6230
4905	8615
338	4036
57405	113130
9341	10652
1933	6204
6272	79158
1981	6234
830	3796
6135	6206
9320	140460
4233	9564
378	830
302	6281
8945	51684
3422	4597
3301	10963
4171	5984
7272	9833
5431	79577
1902	7852
9276	9371
5436	7936
6637	51503
6233	126961
1292	7373
3799	5861
6152	6154
9631	23279
4712	55967
3074	5476
84617	84790
3689	338339
1232	338442
6135	6189
6129	6202
6160	6188
1536	4689
4588	140453
988	6596
6143	6147
890	4999
388	389
1933	7178
932	160364
6136	6164
6139	6154
7531	10971
81285	285093
6173	6202
109	2358
2214	2215
4924	10618
4312	4314
51602	55759
6152	6228
65264	115290
8945	23304
64426	79595
1994	9879
7706	51426
701	8243
6500	10920
3092	6233
6233	27327
1737	8802
6129	9349
2804	64746
54555	56915
2147	2159
5879	7454
6202	6235
920	115548
90293	221687
22856	55454
514	4695
3376	6301
9662	10733
336	345
1088	138050
2358	59340
25831	64682
3796	25936
3113	3122
4734	23291
462	2159
5868	57403
5796	7316
988	3987
2691	59350
972	3111
3191	10236
6130	6176
7158	8243
4233	8976
5529	79172
9320	9820
6232	6233
2209	10787
4436	51434
23218	196527
5451	25896
6625	51639
102	23601
9787	81930
8742	51330
3659	5371
394	7204
6133	6181
2801	2804
5595	55109
1350	10632
1434	3838
353142	353145
336	2243
2071	5887
6707	126638
6309	6713
3309	51726
6203	6218
3920	55754
5111	5434
9150	79577
2782	5290
521	9551
22919	57551
5725	9879
26268	53339
3908	10319
6142	6167
6235	7178
6233	10618
5861	55605
23160	23560
108	283869
1981	6202
632	3381
1660	4670
867	6654
1937	6175
4993	344892
26589	29093
1294	2157
51421	60485
6159	6164
10274	57082
5335	8698
10952	25873
1605	5879
51023	116541
79867	121441
3842	54464
3184	4670
891	991
6130	6232
2935	6168
1499	5708
6122	6141
4736	6203
1445	7525
1471	2519
9117	90411
7337	9320
338	1080
51382	338339
6375	6846
6169	6209
4171	7298
221	5328
6136	6165
6428	7919
9212	83461
336	5948
28998	64960
1292	3672
1281	1290
1937	6125
1306	50509
324	5519
7311	79577
659	9765
6138	6167
6176	6206
5903	10526
5518	5976
4050	5716
6231	6233
89122	154881
7328	22954
9322	23265
6224	9887
3912	10970
50615	59067
1983	6122
3978	4171
695	2207
4926	5116
5196	6370
5725	27316
6189	6230
26249	142686
4736	6137
5566	57787
1524	729230
6135	6168
701	4288
6155	6222
6632	6636
4726	27089
83666	151636
727	10022
3993	84612
25897	55175
10075	23304
3191	23435
23309	51742
121391	286887
9126	113130
10949	79869
4867	57545
2767	5998
6605	57492
6133	7458
9320	51132
8648	96764
23304	64682
3915	84141
945	84418
6699	6707
3187	10181
28987	51388
10857	84329
3434	55008
3123	54331
7402	10298
197	5005
1956	5328
9276	10427
4508	4514
5526	6249
26682	344892
6137	6181
5435	6633
152	11255
3921	6229
332	64151
10285	55749
1662	10528
6156	6189
9700	64682
2916	4887
3672	3696
6139	6207
6194	6204
6218	6727
4176	5111
388	51291
4736	23521
3267	10618
3685	84329
6185	7184
6456	9892
398	5880
3543	7441
6228	10399
5590	7311
1793	3071
3074	10577
8365	126961
1329	4712
134	5660
1495	9043
699	9928
247	3479
9055	24137
1453	6205
27175	653784
1063	4288
11145	122618
2920	55970
6122	6223
8689	54474
4712	4713
991	10726
6122	6209
6234	9045
3361	4283
3187	55696
6141	6161
4736	25873
90025	158506
6141	6158
274	9322
566	6037
6188	6204
3304	3337
203068	440145
6129	6203
274	51411
5861	51014
6556	100049587
3115	4261
9700	10615
23511	51692
5435	5441
7311	115548
1287	5155
6142	140801
1347	9551
23295	84231
6129	6160
7317	9820
7320	7322
55212	84100
55249	55870
1778	2491
5601	6272
1642	56852
4736	6170
6133	6137
6133	6208
6135	6171
3191	23283
6133	55176
7311	9349
10484	79090
11103	84916
5708	5716
6170	23049
335	4547
111	3354
2048	5998
11190	54820
5861	81562
2956	23028
1452	5718
5599	9043
2274	284119
6125	6169
6189	6218
10425	84085
6234	23049
10714	80010
9700	10592
2099	9687
1063	2305
570	54363
4689	5880
2197	6147
8453	83737
3122	4261
1362	3482
4116	6222
3190	6434
4714	54539
1499	1969
7516	348654
9585	29127
5868	9341
966	2207
10382	91147
10890	23265
4332	6036
10540	121441
6133	6152
1933	6189
991	24137
353137	353139
2197	6727
7305	23601
10197	64682
6233	83987
23431	27131
6137	6143
11222	56945
5441	79035
6137	140801
2535	2790
7184	10970
1857	6233
3339	6385
2033	8243
988	8449
6173	6230
1763	348654
51122	55884
6790	9493
5149	54714
1445	2213
3113	3115
6232	54821
400	90196
6147	6202
25909	57551
57187	65109
5688	8312
335	338
8243	23332
6124	6160
2165	2244
8317	80174
8648	84498
1994	10594
7316	9929
9700	23244
6159	9349
3833	64837
389	29127
3192	23020
9757	26523
6430	27316
3884	3885
332	259266
10272	11098
1902	9002
2535	5599
10133	10540
2197	10952
6122	6155
375	1314
6130	6133
6165	6202
3303	9531
1774	5199
10489	197131
3360	7253
1292	10491
6209	10952
9967	84498
2740	5746
1499	84962
6160	6231
2197	6139
2358	57153
9221	25885
5361	8829
5862	10890
567	3659
4985	6752
23332	146057
8086	84271
26146	28981
6193	6208
5777	10630
6168	6193
6169	6233
57674	140460
6173	7311
4712	29796
4939	10379
2788	2864
54552	55720
6233	158506
6657	63978
1537	54539
6122	6176
2833	6346
1315	11127
3274	285601
1315	9585
4853	27327
6154	11224
966	64386
5822	7109
1655	25804
6405	23654
4343	6714
5869	6453
324	2932
50835	259292
1499	5781
7538	9261
3105	3133
79895	160364
9727	55770
8976	9341
991	9133
6170	6234
1783	84342
7472	7482
489	4853
5714	6790
5437	7874
5029	5724
783	10369
6157	6159
6201	9349
4173	84296
6137	7311
3340	375790
259292	259293
86	1642
5868	10618
3107	10475
1933	6193
871	1290
4736	6223
6556	196527
7316	54677
3799	24137
2521	3185
6136	6231
4710	4728
972	3109
6708	11280
6161	6232
9330	53981
1398	10818
8655	23218
7874	56655
341276	344892
197	335
1946	1969
7531	10540
3796	23095
1994	10492
4670	6434
2519	51816
1783	5529
10121	26123
6171	6227
6159	6227
2072	6233
8590	285093
11073	63967
6154	6161
1983	6133
6205	6232
87	7791
685	2069
5898	5899
6205	9045
9793	23279
6170	6727
57129	63875
991	64750
1981	6210
10749	23046
2792	128366
10250	23636
1062	23279
6139	6224
9666	22954
1062	10051
383	5657
9818	23511
3135	3663
641	4439
138050	160364
1856	2535
4584	4586
6156	6161
6156	6229
1668	728358
6709	51014
2071	5433
9870	26091
996	9491
109	53829
22794	348995
6207	9349
4116	6235
6125	6181
2099	5241
6224	6229
699	1058
7155	8289
57154	154881
8337	653604
23332	91147
6208	25873
3433	10561
6141	6222
2537	4940
6138	6165
932	57153
27042	84135
7852	8698
6154	6194
10394	124583
1499	5868
6601	8289
5318	5493
3071	9844
80176	142689
6233	6714
23376	84085
5869	25977
5599	6714
5347	6232
1058	55355
274	51429
25929	79084
4738	9616
5441	5901
5557	54962
6605	11198
4125	8635
1495	51474
6934	283149
226	5230
6205	8562
8337	8365
5768	11167
6181	6202
8365	440689
9126	9793
6599	55193
55003	55299
7316	22954
3836	22974
3797	10540
3357	56923
1739	4646
1781	9493
6602	57492
6218	140801
1660	2130
10663	56923
3184	9343
6142	6229
595	4602
285093	391211
27134	100506658
57154	89910
833	4677
6698	353135
6161	6207
974	1445
2023	7167
972	3122
9493	10749
5048	5519
399	4983
6130	6144
891	995
10540	23332
3039	3048
988	6601
6235	11224
1937	6222
3376	8565
645836	100287238
140881	245911
4713	4717
51234	55831
6934	83439
8453	79699
8925	53339
6635	51639
4939	54739
26146	55112
27252	140461
389	57449
1908	23620
3909	59277
10193	26118
1983	6223
3725	4088
5657	56729
9126	25936
7311	55670
3190	7536
6152	6206
391	9743
6138	6222
8600	50964
6227	23049
23047	151648
9188	25885
3054	23067
6146	6228
1958	4665
56995	144699
3913	11167
1398	5599
7314	10980
126638	147409
6227	114987
10236	220988
6155	6159
86	5977
3579	57413
7456	10458
6146	6176
3394	6688
8453	9870
3479	7044
3659	7706
6154	6169
7184	7466
3688	7430
2617	8565
2178	2189
3688	6709
23160	55720
6613	7341
6235	55127
830	5870
1394	1816
5469	10498
6128	6222
6155	6231
1462	8542
1315	9570
10458	10552
6181	6201
1994	10250
6161	6227
3157	3422
5725	9716
6135	6167
1660	3181
3017	8329
8760	129642
4708	4709
6307	50814
29093	51258
64951	64976
1499	128239
990	5707
2817	6385
2519	3074
10693	22803
6124	6135
1665	5725
5970	23118
890	7272
11064	27077
1781	121441
6128	6135
4586	4588
8875	55350
1933	6188
1595	6307
9493	11127
996	5708
4508	4512
51593	64859
10395	23371
185	2641
6170	6201
6128	6138
7409	7454
2033	8467
10681	53829
1511	4332
10075	54620
928	3688
7919	348995
932	23601
4641	23607
3579	8766
6175	6203
146	2922
80184	121441
6173	6188
1084	2358
8541	64130
5699	5711
7328	23608
680	3358
3190	5093
8729	24137
6218	6224
3921	6138
3437	10379
7514	25909
127247	131405
5872	6764
5898	57148
6161	6169
9341	51429
7003	8463
111	51764
10713	26121
3619	24137
6279	6280
4171	55388
6232	11224
813	7184
9371	64792
4540	4709
51650	64983
1576	54600
6146	100529239
6152	11224
5529	54821
3184	6427
4724	4726
10274	151648
3688	23209
6232	10952
331	6233
4691	9136
3916	5878
6194	6223
988	3191
6143	6181
905	5433
3675	3914
23122	113130
1022	9150
23067	57690
6204	6223
1650	6184
9790	54881
2776	27334
846	2798
4712	4728
7514	81930
5829	375790
6144	6154
9585	10112
1880	8698
10283	23398
2072	51426
8243	57551
4707	4710
6233	653604
7317	8945
1660	1665
10885	27340
1778	5707
719	945
6152	8666
1462	3912
1783	29127
1476	10394
7272	9700
1385	64784
8945	9320
811	2923
5469	9968
988	10592
5747	9844
5048	5526
2204	57153
6610	7132
6144	6164
1956	2064
1062	51143
3178	3609
6209	9045
3903	22918
344892	390067
389	64333
6737	146330
351	27242
29922	80321
4323	4811
11176	79595
2886	5155
26091	65264
890	4288
57787	84902
5347	29127
6156	6170
1639	29127
163	274
11190	121441
904	23248
7337	57542
7536	10250
9643	93621
3799	55605
5708	29979
23014	80176
3856	3880
9978	81559
6136	6142
7317	51343
6142	6224
6160	9045
1062	26586
3914	4233
6147	6165
9411	29984
954	158067
6130	6141
6827	80349
1453	6189
2359	94235
4738	5715
3796	57082
51234	56851
6164	6194
891	81930
102	1495
56658	84085
6142	6169
2107	25873
6142	6143
6129	6164
3188	10594
4670	9343
10269	23463
6453	29763
10540	84962
5720	5721
5439	6119
4116	9349
4712	7381
160364	170482
5970	57506
2359	6370
6185	84061
6142	6160
5930	140460
4540	25915
3267	10097
9126	23244
64219	65264
3915	10130
9564	9844
2266	3827
50628	129401
9320	151636
6233	8239
10121	84902
4702	4710
1816	4160
7316	55669
3691	3909
9730	63891
6147	6170
6228	7311
388	397
87	7525
58191	59340
6790	8697
2683	2720
1062	5516
1050	7124
16	2617
6625	23450
6418	10592
6427	220988
3191	55749
3008	3009
5708	5970
8698	63940
10458	55740
8341	85236
6157	6207
1908	6863
6228	6230
6128	6159
715	716
2957	51616
185	4922
864	64750
3889	3892
3717	4352
945	338339
1870	4208
64284	401409
4666	6129
2033	9967
29927	58477
23112	27327
6138	6224
983	51053
28514	54567
4172	81620
7311	10952
302	10383
1660	6625
8697	9604
4171	4678
3689	7305
5433	129685
6233	11059
6520	8140
728	5697
3619	5501
9816	9875
10133	121441
6428	6632
2888	5584
6160	6207
6143	6171
1329	4726
3113	3127
2923	6185
6218	11224
10885	55127
6426	7919
393	29984
552	6866
5878	8411
4332	6037
3685	7525
2792	2918
1994	10498
8924	10489
10274	57551
4793	5714
9700	23047
344892	390061
8514	9522
6453	7311
1933	6136
405	6667
58508	84661
79090	149111
1793	5829
3192	10492
4738	9978
399	57449
3491	3895
22948	84617
846	259295
10403	10615
1454	4867
3491	54972
8452	57542
2935	6202
5048	6249
3856	3866
1783	6709
10403	11004
10713	23451
3267	9341
10664	22976
6168	6208
6146	6173
8648	9967
996	26190
6133	6210
393	399
8412	9564
6232	57551
4841	6421
8976	10552
6159	6160
9322	22905
3856	5493
114	1814
6133	6201
29093	219927
197	336
377	9493
6203	23049
10803	50865
1665	84172
2788	5331
9886	84144
5590	6714
9320	57542
6167	9349
4599	4939
3191	9128
6165	6170
3119	3122
9416	53981
8301	25977
5713	5715
6317	6318
521	4694
5954	10970
643	10803
6207	6227
6189	6217
9459	29984
5695	9232
3183	27316
2813	55350
7314	93343
6141	6232
1793	7409
10885	25885
5429	51426
3655	3918
9967	10432
5441	10980
8301	9341
6164	6173
4709	4710
5707	10383
6168	6223
4738	5693
143279	154214
6139	6181
335	3827
1048	8434
3312	8871
5111	10535
6222	23049
4736	6224
56929	79176
1856	5529
6152	6231
6132	6173
8662	9669
23142	23291
5699	51684
2204	160364
6790	10383
23590	56997
996	8453
10155	90233
2792	5145
6249	10540
10576	10693
6130	6170
3836	3838
4591	55658
345	350
5652	6692
163	6453
50616	116379
3799	10540
6152	6218
3713	23581
3434	8638
6233	8450
51350	112802
6147	6234
8356	653604
891	24137
4709	51079
6155	6223
2840	4986
5725	9128
1088	51382
7337	25831
6142	6207
6830	79577
3685	196527
1081	7252
7283	22919
6232	81930
3240	5005
10014	54880
7529	51552
6755	339403
6143	6161
10813	10885
3921	6155
4353	7415
3362	3640
10285	53981
6138	6223
6139	6201
7531	10383
6187	10557
6232	27340
389	399
988	9793
79867	84902
29093	51264
3713	6705
6224	6234
6439	653509
6128	6189
1062	29127
3655	3688
6453	10552
6159	6207
26043	55666
4947	5716
10324	51666
5037	10256
6632	10465
6616	8673
5970	51343
6202	11103
10576	23526
6181	7311
1058	5528
6168	6224
1088	23601
9793	121441
22905	54874
6923	23198
5111	7027
1315	9371
5872	10971
10155	80110
5430	10949
9829	26052
6170	25873
10921	51692
160364	100049587
521	4724
5347	11004
50865	64805
9739	27327
2220	5648
4116	6173
1048	171169
55872	157313
1291	8985
9493	9585
5194	23600
6189	6193
4542	4646
6217	11103
6124	6230
722	725
11004	51512
79473	344892
1933	6222
1453	6228
4343	23309
1105	27161
57521	389541
3183	3190
6556	170482
6217	27340
932	199675
10857	326624
1499	5707
5747	7409
2274	6281
3190	9128
5438	85437
1269	2358
3685	6385
4584	50614
6152	6233
11190	22919
705	9277
6229	140801
6181	6224
1129	6751
10802	100302736
971	29760
5861	10959
3685	3897
6144	6152
2317	3688
3190	220988
27316	84991
6224	25873
6176	9045
10964	55601
1062	81930
6709	6711
3688	375790
1060	57082
344	6382
6428	22826
47	1431
4670	23435
6137	6169
6189	6232
64682	84085
5519	22919
10014	57459
3913	5829
6135	6194
10952	90701
7089	83439
6601	6602
4172	6118
999	1001
29127	51143
6157	6165
377	10749
8175	10523
79738	166379
10681	338557
140453	192134
25793	84676
1629	4967
10274	51143
9076	100506658
23601	138050
1457	25942
6672	10475
47	2799
4694	4726
8853	11014
39	3157
1536	10857
1937	6201
1981	2197
6208	140801
1915	6139
2918	4985
51715	57403
671	23197
57405	348995
9730	79269
5335	7410
6168	6188
10193	80204
521	4700
5725	84991
7398	56852
1315	29127
6138	11224
4172	5426
966	11322
6136	11224
5431	23398
55832	80067
950	7316
3183	10949
23585	54741
1910	6863
6139	6164
3133	6890
8970	85236
4116	6218
4686	50628
9320	80204
1783	51014
5516	5708
92170	503542
6129	6222
3915	5829
6168	140801
8881	63891
5704	5718
6461	6714
1634	4060
9126	9656
1269	59340
1277	5118
2151	3356
84085	89910
1965	1973
6152	9045
1894	9493
4686	8021
4161	7432
51264	118487
6137	6206
80321	84902
6133	9887
7520	55183
55759	84549
1793	6714
6154	6222
1933	6227
4736	140801
301	302
5347	10112
904	905
920	9026
22954	23291
11059	23291
1048	80740
6139	6143
22954	23327
7456	8976
185	2642
6142	6176
8074	8404
9412	9442
2358	170482
156	2121
23244	57551
3185	3191
1453	6223
27340	84916
905	25896
9967	23097
3672	3685
6136	6147
262	4143
64979	219927
9700	348995
5880	171177
5880	8324
185	4988
64981	116541
6205	6223
6152	7311
6138	6201
5707	6790
857	4088
3685	4240
2784	6752
10254	22848
2197	11224
2033	25942
29088	51264
10013	57649
84085	84261
3105	3659
3827	5020
111	10268
10466	11014
10885	55720
3422	4800
8027	29763
6142	6164
6429	6434
9752	56141
1088	150372
4709	4713
2207	11314
567	3133
945	3689
10949	23517
8945	285231
7525	9564
1022	9015
1783	81930
153	155
9793	146057
6135	6227
55759	84128
53637	63940
9655	57542
6138	6188
6164	6209
23014	55832
3688	83660
2597	5315
60488	116540
8451	9730
57413	58191
10802	22872
1824	5493
2623	2811
1595	4047
23122	55746
26589	51649
9730	23304
566	6036
2033	9031
991	9493
2537	10561
6165	6222
2207	3903
160	29924
29127	55165
963	7805
3185	27316
10112	55872
344892	390083
1956	55914
6133	6164
1994	51729
8697	65264
6709	56729
3203	3204
3640	53831
10949	220988
6418	7514
4194	57690
1536	3683
338	3698
55901	170692
1830	3713
988	10640
6139	6218
1727	5707
6146	6164
6160	6171
2801	8615
9742	28981
6128	6171
1665	3190
6206	7178
6176	6205
6233	55366
5584	55243
712	11326
1933	9349
9700	29945
2197	6228
9883	23165
1933	6152
8349	653604
1902	2767
8085	8289
2935	6203
1595	3156
4508	4519
2790	9138
5433	7072
7311	90293
9246	11275
6128	6228
51023	118487
5493	6707
3200	8338
7466	10970
1277	1292
5054	5329
6157	25873
7272	259266
2847	4985
988	4173
6164	6205
8638	10379
5903	7514
2975	9329
6142	6230
7453	8565
6128	6229
64151	157570
4734	8453
4638	4659
23095	55614
4926	9793
8907	23396
7514	9126
514	521
8945	143279
6138	6159
6208	6223
9636	11274
2633	2634
8175	56949
5880	27237
5898	9371
54998	118487
3689	5023
5528	23047
7706	57506
6168	7311
3178	3183
4088	6233
6207	11224
2617	4141
6139	6208
23095	64837
3913	9459
6144	6165
11017	22826
3619	23511
55003	84154
7454	10458
332	9787
3897	57698
11022	143689
972	3127
1783	6249
3915	5747
156	1902
6139	6203
6155	6208
999	1500
6165	6204
4712	4726
3921	9349
2491	5516
6164	23049
6137	6204
23517	84135
5725	220988
80740	171169
6142	6206
892	9477
9604	22954
26005	26123
3482	4905
1315	23095
1487	5928
4713	9377
9904	79050
4332	5657
6203	6223
9354	140461
8666	25873
2960	9412
1660	5094
4734	26091
5566	7283
4495	4496
4361	63967
6169	6230
3560	3718
6181	6222
25909	55746
3576	6347
5707	8453
6128	6231
2033	4089
4670	23020
9793	10733
5717	126374
23601	160364
6147	6209
2817	3340
54620	84231
1453	6232
5108	22832
2189	80010
5516	55055
8514	57153
1233	11251
9883	55746
1665	10291
11340	23016
84418	100049587
7450	54756
6141	6175
6144	9045
1280	84570
996	51088
2892	2903
1234	4544
6168	6181
3212	8338
10075	84231
3675	3683
163	5878
6136	6222
11169	84296
4710	27089
2071	55677
9700	10274
8347	126961
6135	6173
51132	54778
4686	9879
4288	10051
89910	154881
6155	7311
10945	10959
6142	6218
1325	6752
5829	7430
57115	114771
4069	4332
6194	25873
6159	6181
7994	9219
11059	65264
4538	91942
5528	79172
1894	54443
183	51289
3119	3127
6133	6228
22984	65083
4713	10632
10161	257313
917	1759
23160	57647
34	6256
5788	6688
5869	9341
1329	55967
9322	9341
1660	10492
1495	84962
10552	54874
5557	23595
8243	9126
4361	10714
4172	11073
58191	63940
23279	27161
6159	6161
3912	3915
399	23526
1595	5447
2023	2026
3093	6047
5594	6667
553	3062
5036	10576
3698	51156
115290	126433
891	9183
671	8993
23279	23511
23014	64219
6202	23049
9968	23186
3482	29978
10749	24137
332	23332
10153	55131
10528	55226
29093	92259
55165	259266
6222	6233
3635	4233
7919	10236
6147	7178
3190	10594
56667	140453
1277	1289
25831	53339
988	58517
3945	4200
6205	6224
1994	3192
3688	6774
4297	6874
890	10460
6122	6232
6122	9349
4540	4726
112	3579
3664	11074
5347	5905
2801	10427
932	51382
3685	4035
4736	6139
6667	7402
1453	6207
1933	6176
9730	10425
8945	89910
6125	6204
3015	5436
10533	26091
11258	11316
6135	6232
6157	6203
963	10857
2535	55970
11004	259266
6635	23524
6194	27340
10618	23431
9055	11113
2790	2837
1452	5714
6175	6208
6175	6222
389	257106
11127	24137
29127	55872
55125	55755
1292	8974
3660	3662
1983	6234
6426	6428
6132	6136
5439	5451
6138	6207
51166	125061
1107	23028
11004	113130
6130	6154
7320	8697
4683	5599
6228	9045
5878	23011
23020	51692
9113	154810
9436	259197
3101	64841
6128	6170
1994	8570
6657	57167
528	155066
6133	6170
6146	6227
4736	6169
10919	53615
4242	4853
4641	5879
4173	5426
945	6556
6205	11103
6173	6201
890	9833
1329	10476
2358	2767
6160	6222
4288	6241
399	64333
1605	5747
6164	6165
9820	56658
84231	140460
891	9833
25885	55720
9887	11224
9117	10484
6455	29763
1933	6230
6227	6233
1241	1902
6209	140801
2801	9276
1088	5663
25915	126328
26146	92104
79600	91147
6830	55677
1230	55970
9076	137075
983	7514
695	3055
580	10635
6500	8697
6169	6171
9870	64219
9685	10618
4116	6206
3620	169355
5747	10458
6193	6234
80321	121441
7311	285231
26168	27043
8826	128239
140460	197131
6142	6235
65003	118487
6141	6205
6923	140458
10762	84271
6203	6209
3183	6428
6128	6157
3111	3127
2197	6165
2197	6235
518	521
640	3932
6194	23521
991	2305
3071	9564
2826	84539
3921	200916
4701	10975
9730	10293
930	973
4626	8735
7175	57122
6202	7178
6160	6181
891	7531
2623	10661
1942	2041
1812	51764
1981	6201
6426	6432
23011	57403
1933	3921
5529	57551
6169	140801
5529	6249
4609	7020
710	10747
353137	353145
9787	55872
6205	6207
6173	6232
4171	6749
4735	80184
3055	5829
6207	6228
1237	5173
6133	6136
1739	3996
727	259287
5684	8312
3799	81930
2790	55970
1455	89780
3611	3987
988	1654
746	1603
6136	6233
4999	84515
332	57551
7337	9867
6233	9341
6139	6205
9133	83461
4535	4536
6176	6181
4513	4519
5707	7415
10236	10594
9002	55970
6130	9349
9724	27042
55339	84271
6500	55884
6146	6230
6201	6203
142	5981
8886	23560
1084	1088
3903	10857
4735	23332
10403	10592
29984	54509
1991	4332
5111	10714
6122	6175
3832	9833
811	5034
3106	3107
1983	6181
341152	344892
6159	6232
444	3091
6155	6156
5528	113130
26234	154881
92104	150737
595	11186
25885	55127
3178	220988
4116	6132
2803	5870
1431	4191
1213	10254
890	9787
64928	219927
6146	6160
9604	89910
6125	6175
5034	5479
163	8027
1457	23411
10342	10427
4088	5054
553	6869
6155	6207
6157	6209
7175	9877
10022	51289
3859	125115
699	6241
2197	4736
1763	10714
60488	64963
7316	91445
2036	8573
6173	6234
6137	6202
6194	6224
6142	6154
6208	6231
4670	10949
389	2064
1293	1300
6175	7311
6130	6229
344892	390275
8337	440689
1499	4233
1435	84141
3619	8243
3191	10921
9320	64219
1956	5782
6135	23049
26525	84639
4736	6128
8453	89910
6176	6232
4171	4173
185	2862
2912	3355
2633	10561
7343	9112
5573	23209
6136	6173
1605	3912
2960	4763
51122	84085
5885	9793
2692	2838
6136	6207
6125	6168
5286	7311
7153	23397
6169	6175
25804	27258
719	8895
4736	6143
26046	197131
6130	6147
6158	6176
983	3833
1000	7184
2597	7167
2033	23013
6201	6209
6231	25873
1956	4145
10121	26005
6205	6230
301	7852
11113	259266
4686	10302
54778	84231
5879	50807
6453	54874
6164	6169
126006	729230
4713	4726
1062	64837
1559	1576
23279	113130
6154	6193
966	51014
6142	25873
6229	23049
10274	10735
51429	115548
6189	7178
1453	8945
64425	65083
5529	151246
6146	51187
6158	6233
6122	6157
5368	64805
9354	89910
3190	55749
6746	28972
9700	113130
2588	9798
56929	142689
8945	55031
8688	121391
403	84747
6154	6210
5829	6385
6155	9349
6130	10399
6175	6228
6132	11224
56165	136991
6169	6228
4700	54539
351	9002
1398	7409
6135	6204
2358	6556
3355	4889
7320	9867
6202	23521
2207	338339
1783	10540
65993	124995
695	118788
336	4547
6156	9349
2788	27334
1387	5929
2251	8823
6146	6218
5696	6890
10189	79902
699	23332
4599	91543
1573	8529
6136	6206
4047	6309
3913	6714
10540	11190
6128	6175
4088	5778
983	3832
6170	6233
6125	6139
9918	259266
6517	84246
10652	11014
514	10632
2491	151246
8826	55109
672	84464
3357	5737
6229	6232
9318	11275
8698	57413
6147	6205
1965	8892
7311	55366
5515	54820
3915	59277
324	1499
3673	3688
6168	11224
5094	10262
6189	6229
10425	79876
2107	6234
4116	6170
1315	4905
1956	5579
1173	5962
5330	29933
3071	10458
5878	10618
108	50837
2811	2815
6223	6235
114	259285
830	3799
6137	6141
23350	79869
8843	50834
3956	7076
2099	54828
1269	63940
8365	653604
604	933
1813	4283
3170	3651
10802	51014
2733	23511
2071	5985
1345	7381
51069	55168
9787	10592
2036	116986
6133	6168
6218	23049
683	199675
10250	79869
23197	56729
8886	84916
2147	2243
10540	22930
6168	6235
6152	6235
3569	84141
23325	387680
23327	79176
6144	6157
5590	23286
353137	353142
10092	10109
23244	25909
891	54821
1665	9879
521	1350
6122	6137
6209	11224
8945	23014
80184	84962
29093	51023
1453	6206
6370	11251
6173	6223
102	3915
2550	3579
3655	3912
7272	22974
7311	9045
3122	7535
8463	25937
3611	8826
6133	6207
6125	6164
302	3074
6158	6223
1981	6232
6207	9045
7311	55669
6207	6209
6790	55165
5516	5598
1544	169355
983	11130
2491	79172
9927	55669
1857	27130
6138	6147
3799	23095
6156	6235
4700	4712
5516	5714
6752	10563
9055	10592
399	94134
6241	10403
9329	10621
6189	11103
6147	6164
2923	3309
833	2617
388	4952
50838	259292
10489	55832
6144	6235
9320	51088
4343	6233
4599	8638
3181	10594
6772	9021
22974	24137
3181	5430
1084	160364
22836	55275
836	6789
6142	6159
55212	79738
472	5429
6164	6223
23295	54620
6185	29927
22984	84172
6154	6228
2537	10379
6232	7514
57413	59340
813	10970
6157	6168
1327	29796
972	3113
26091	57154
990	9134
320	5864
5528	81930
84231	90678
3921	6142
2036	57669
7322	26234
26123	57545
9820	90293
5515	5718
861	57332
5747	7852
6147	6193
10283	23517
332	79172
3673	3914
6461	9564
6233	26043
8976	54874
10236	55339
116541	219927
1991	4125
868	200845
6165	6218
3181	11338
5868	10890
5093	23020
8301	10097
3199	8338
3113	7535
26005	84902
6158	6203
3703	6185
5430	6878
1398	1793
6202	6234
4297	6045
8175	84811
9879	10250
932	338339
5605	84292
6667	10499
7311	23049
7398	10714
1499	1500
6156	6175
488	4853
5516	5529
3190	23435
65264	143279
6152	6207
1233	56670
6750	6754
6142	6157
5094	84991
1315	10959
6146	6168
1088	2204
3313	23511
1537	6390
10713	11325
54820	54908
3074	23197
10920	26263
6144	6158
1315	23303
5977	57492
87	6385
79470	344892
6170	6203
6181	6233
6160	6194
6167	6189
4540	4712
302	23197
80224	374291
3190	10657
3837	3839
6234	27340
6156	6228
10552	10787
5610	23586
891	81624
6156	6206
10640	55770
3921	6206
916	50852
3006	8337
8337	333932
6714	9564
23291	23327
6141	6142
79050	317781
6830	85403
2769	5330
2071	9014
4736	6194
6176	51187
6136	23049
3084	85440
800	5829
54996	64757
2209	5335
6170	6235
7862	54815
2784	2792
51692	51729
4695	51079
2792	138883
9040	10517
5048	9183
3185	5094
2776	2788
7311	143279
5711	8650
7283	27175
54625	83666
5093	10523
56729	124583
1129	4889
330	637
51649	64928
9793	23122
3681	8515
2535	4919
4724	91942
1315	64837
7428	26259
6147	6158
6201	9045
57551	81930
3710	5575
8351	121504
11339	79682
4343	7311
23047	55143
1857	5528
813	3569
5094	10236
3796	5516
8451	55208
9690	221687
8661	728689
4033	4257
3304	9531
2519	11098
4074	6456
1650	6122
6128	6154
6136	6170
1969	5747
6137	22916
695	7409
5179	7857
7272	64151
6154	6206
5435	6634
7428	10425
5438	51755
4735	57545
988	55660
26268	80204
2633	5371
6229	7311
10960	51128
6139	6152
6193	6202
6678	7424
9276	24137
6173	6204
9700	57551
7454	9322
4713	51079
4695	9551
6205	27340
1314	9527
27340	56902
6147	6224
25885	64794
10540	22974
6222	53918
4512	4538
6233	140458
51388	84916
1933	6147
6233	151636
2634	3659
6950	10376
3714	4854
6925	6938
8338	10526
3320	10598
2597	5230
2957	5433
5747	6714
5338	11145
3882	8687
1832	11187
2033	26523
4695	84833
5890	5985
6168	6727
5558	10926
58506	130074
2956	5422
6122	6193
9666	64219
6124	6228
1662	84365
1495	1969
56902	84916
102	2358
3429	8638
4809	6231
7469	9656
127385	344892
23291	55175
4172	10714
9933	84365
705	8602
6194	6203
6154	6159
1241	56413
8945	80204
90293	285231
6714	10818
26224	283807
2197	6125
5432	8450
8697	8945
155	6344
3437	10964
55215	64858
26539	344892
8615	51014
2131	2132
9126	23122
941	942
699	3619
3015	8290
1478	9879
6181	6203
909	915
23291	51122
122876	594857
2305	10112
23112	23466
4751	4867
25	5159
6173	6194
3921	7311
5928	7343
25831	57154
26589	51069
2935	6229
55635	259266
1069	9657
26249	140460
6165	140801
2147	3481
3845	4763
2535	7525
388	391
2792	26338
5861	11014
6130	6207
64792	92104
712	714
4952	6233
389	23526
8775	388552
6122	6138
1063	55746
6165	6234
1639	22930
4700	4708
4313	4325
6159	51187
8861	90780
7311	57530
6363	10563
1555	54600
1937	6188
1387	2033
29074	51069
1793	9564
23014	89910
1495	1942
4670	7536
1314	8729
983	4288
6129	6235
8924	8925
4298	23168
6161	6230
3688	10298
4852	5179
3689	3903
57542	65264
4686	25920
4174	7298
5433	6426
64105	151246
1290	1292
9371	10112
6208	7311
9787	55165
4540	4707
7416	55669
6156	6233
2847	594857
6230	6234
29126	80380
1933	6157
3683	84329
6209	6222
5695	10213
5432	79577
1062	5903
3799	9493
1910	2865
5708	7316
6745	23471
54908	55055
1981	6167
11176	51742
2266	3481
3213	3215
4736	6154
1794	5777
6173	6224
3912	10971
4726	9551
7327	8925
4751	24137
3184	9716
1994	10949
6210	25873
9801	23521
6147	6159
55970	63940
3270	147111
6194	6206
1969	2050
919	3559
23291	83737
2197	6173
6143	6193
1994	23020
197	3827
1291	5033
2205	3702
10022	259293
51604	84720
6455	9322
472	4361
388	23370
11004	64151
11102	134430
3688	3915
983	9793
6774	9021
383	5199
6385	375790
388	7409
5501	9700
2956	4436
2864	27334
89910	90293
6133	6205
6223	9349
1950	3671
3646	26986
6135	6156
87	1499
6152	6208
23627	137797
5529	51143
23283	27316
6155	9045
636	25782
2197	6201
4069	5199
26519	26521
6167	6208
8175	57794
9341	115548
10285	23283
4717	84833
6176	6235
51429	54885
6921	10987
393	11014
6122	6164
6159	6233
29127	64837
10324	201456
6194	6230
6556	84418
3071	6461
9221	84172
8065	84259
701	1063
10921	23524
25885	55703
570	1962
332	3619
2537	3430
9820	89910
6144	9349
6154	6227
5422	9126
990	51343
6203	11224
5717	10575
1237	8811
5516	7525
4298	9646
831	5829
5528	23279
117	2792
9126	10592
27	10486
3107	5696
932	945
3675	375790
6122	6234
2810	3655
9655	55884
5431	9879
1524	56670
6130	6235
5878	9341
3320	9844
29796	51079
5715	7314
1022	55840
23122	23279
5501	25909
3458	3586
6159	6168
3684	53831
983	219771
5795	55754
6165	6188
6147	9349
4726	4728
5981	57599
29984	445328
3832	10592
3685	10970
6144	6176
6159	6167
6631	27258
5702	6790
6133	140801
3320	10383
9833	29127
3304	10963
64963	116540
6159	6176
3458	6775
6175	6189
966	11314
22984	23195
9212	83903
1857	5699
26046	140461
6915	94235
1063	3619
8655	10133
393	5879
6125	6222
3897	3912
6157	6201
11187	64065
3062	6869
1289	7373
2792	5741
55920	79023
6161	6234
10749	51014
671	56729
905	2967
79023	129401
10615	146909
6170	6202
945	2548
7458	8672
79600	79867
3105	3106
6161	6181
891	10112
891	10592
6049	26224
891	5516
6128	6136
1453	6193
6142	6165
9341	10552
5861	10890
629	4179
5660	55970
6130	6230
6189	9349
6279	6283
8720	51360
991	1058
6132	6227
3675	3693
120776	344892
9350	148738
1933	6205
1778	10112
7317	22888
6137	6234
5707	84962
6160	6223
6136	6209
1385	5290
2782	2784
6233	25831
6157	6161
3683	5795
6138	9349
10524	10714
8698	59340
6222	6227
7316	27183
6142	6158
6426	10949
3091	26043
641	5424
79954	84916
9493	10112
6157	11224
607	8945
11224	140801
2848	3274
1660	55749
140807	319101
6203	6235
6205	6234
5903	51362
6146	6233
3362	53831
60	57591
11250	83551
5432	23543
117	5741
1956	54874
3240	5004
6141	6176
1063	25909
6711	10466
5093	5094
8243	51143
6135	6164
6137	6228
4599	10964
699	3796
3559	8651
383	8993
6165	6235
1453	6218
3190	5725
1950	2277
4171	5422
841	1281
6156	6207
2255	26281
6167	6194
9371	79989
1781	7531
6136	25873
6167	6210
1303	10491
7204	55970
6193	9349
4666	6202
1129	2912
10540	11127
4509	4539
116	5739
111	799
3093	27252
9969	23389
5433	23398
4710	4726
112	1269
6124	6147
1908	84432
344892	387748
580	10714
10735	23279
3921	6189
5311	9727
2935	6235
90	659
10112	54443
9787	55635
3434	3437
9092	27339
3903	5023
8841	79685
8453	9666
2185	9475
3304	3320
1022	5432
991	1781
6138	6228
3181	3189
5048	5870
4116	6161
65055	219438
117	2784
9055	9928
6176	6223
6518	84329
23107	65993
1282	1292
8969	440689
4033	5660
7057	79875
10733	163786
6159	11224
84231	197131
890	51203
6453	8301
891	1783
26091	57542
6155	6233
6233	257397
1337	4697
5870	10890
9183	57405
5438	27258
6146	6161
1088	2548
2048	8976
2633	117854
6235	9724
1758	8404
6181	6208
1062	1315
3609	4670
5627	10461
29093	65003
3685	3912
1398	85440
2305	5347
6152	6189
5984	23649
891	55839
9276	10484
6156	6165
6776	26228
4736	6210
6142	6223
3667	9564
3214	3217
3685	5817
22974	259266
2203	5213
1793	10458
2967	9015
2197	6176
1364	1365
3912	375790
996	7337
6235	7311
6461	10458
23160	56902
4695	27089
84946	88745
5440	80349
8450	79913
6874	51230
7272	10615
6202	9732
8689	121391
5422	9918
7314	10920
1398	5747
10869	63891
8243	9700
6139	6233
2932	6790
6144	6233
1794	5880
5741	594857
4713	10975
6624	51411
10592	54892
4771	122786
2197	7311
516	51287
6602	9031
3191	10713
122042	285601
6147	6201
5887	9318
5725	10523
400	55275
4830	4831
3185	23283
6201	114987
3267	3949
1394	4160
4710	4713
8871	9341
117	7434
6233	55252
5001	222229
6429	10250
2837	5331
3796	10274
4057	56729
1236	2841
6181	6230
6330	6340
5547	5660
991	51088
23350	55749
8394	23533
54821	55055
8243	10592
6228	140801
6130	6228
813	10130
2962	27238
1434	3836
10577	56729
904	5431
1669	56729
3698	3827
399	257106
1508	1514
1981	6135
51373	64951
7316	8323
6135	6138
23122	23244
10381	84790
6155	6224
8514	10857
6207	140801
9820	115290
6232	140801
7525	9844
6171	6173
1639	3797
6152	6165
6631	6637
3267	8301
8356	8365
9820	22954
6124	6176
6181	7178
208	51230
23601	57153
3852	3868
6134	6228
9793	25909
2767	5599
3190	22938
4867	27077
6453	8027
6202	6207
6203	6229
5526	81565
4853	10046
6138	51187
3482	26130
1062	3833
1453	653784
6136	6218
6636	84844
6168	6189
10097	10487
27327	80012
9700	55143
6169	6206
5473	10321
27095	149111
8337	121504
411	153642
55839	55920
11218	23511
846	56923
996	54778
5469	9967
5441	84844
1387	25942
26268	56658
6176	6229
6193	7311
9690	26091
5869	6233
3688	5829
84418	160364
2798	10886
6160	6203
90480	116541
6206	6230
5929	284058
9320	9666
3921	6233
5520	6132
3054	3607
1213	6233
891	1058
6233	57674
26091	84231
566	1991
2922	4923
6138	7178
9655	84085
6132	6235
5777	80184
6165	6233
5347	22974
6152	6203
9918	10592
2971	51082
2266	9715
6201	25873
332	2305
2197	9790
6139	6202
3998	6745
338	5948
1291	3688
86	55193
259290	259293
932	8514
1946	5294
6130	6209
3565	3567
3881	112802
5898	10890
5230	7167
4233	6233
2185	375790
9276	10121
6222	9045
161	24137
3313	9093
121504	126961
983	9833
6155	6227
8085	25942
6233	7874
6168	6218
8514	11314
9833	22974
1303	5352
4736	10399
846	5737
59350	94235
6155	6203
29796	55967
996	57542
6830	26043
6165	10952
6124	6129
351	5330
7337	26190
332	9700
1937	6138
388	257106
5460	55211
2521	3181
1915	6204
6189	9045
22954	55236
8655	79023
6218	6227
1329	4701
6164	6207
6203	6227
6168	23049
5684	5706
7337	51132
4540	51079
9276	23095
374	2153
4069	4353
23309	27327
6147	6191
3105	3107
6804	6813
6152	6160
2956	9126
5507	6233
5202	10471
9585	24137
6182	55052
153	796
1439	3635
3998	22872
2197	3921
3091	51122
83540	157313
8289	57492
351	2817
9793	57787
2537	3434
53339	140460
1499	6233
4088	5784
7004	25937
8802	8803
3148	8125
6125	6167
51322	79577
3161	9787
79172	348995
6210	27340
6426	220988
6160	6210
27316	220988
6208	11224
7311	54874
2537	8638
3135	3821
3017	6688
5515	6500
344892	390326
6130	23521
8916	9039
6194	6218
4886	5733
156	8477
3163	5023
1783	5903
7532	653784
6139	6169
9700	259266
6157	6175
6159	6229
6632	6637
1659	9343
6181	6194
4171	11073
3912	6714
6709	7430
6701	6704
4798	79913
6155	11224
5501	9793
7178	25873
1665	23350
11014	55605
6237	7525
351	3913
5196	94235
55832	154881
10592	64151
8394	55361
1742	8831
6206	6209
6133	25873
6201	7311
6135	6210
2967	9014
3437	23586
8697	23291
6944	81611
117177	121441
1536	8655
6142	6202
1292	55214
9636	10561
5879	10552
4957	55755
6142	6147
5929	23067
6455	7316
6167	6218
51021	84545
4297	8085
3183	6434
1453	6202
6208	6233
6223	6224
3619	9055
23309	79595
5179	283869
58	5879
1822	23028
3190	3191
1116	56729
2034	84962
2305	55165
8356	121504
9739	55904
26043	51122
2683	5660
6160	6189
4090	9765
3240	10394
3190	5094
1237	2917
5433	8085
96459	201163
6233	10110
6130	9045
4512	4519
1398	1794
9320	54778
3433	3437
6152	6181
3799	9585
6165	7311
226	6678
2107	6181
3309	10049
9371	10749
6135	6208
7536	9716
287	10121
23327	89910
9341	51542
9690	22954
3181	9128
3882	286887
22984	23223
3189	9987
10282	10652
6159	6170
6141	7311
6453	8976
5985	10635
9793	84131
5694	5715
2519	5476
6631	51639
6836	9276
3619	9793
2551	3054
4709	29796
890	983
2159	2243
9371	29127
6138	6235
5901	729857
2244	2266
6206	11224
8295	57634
10970	11322
2125	3728
332	54821
899	56995
890	29127
3437	10561
699	79172
6233	6235
1915	1933
8131	64121
1499	9314
1387	9757
7337	26046
4829	56923
1669	5199
1043	2350
4717	55967
6155	6235
4519	4541
23398	85313
7434	594857
4940	10964
1576	1577
2033	8648
4736	6235
2353	4773
10403	23310
64951	64979
6164	6233
3913	10970
5725	10949
6144	25873
6128	6181
8295	79595
9631	9972
10394	56729
2957	51808
5879	6249
4008	22954
3071	7454
4678	83879
6165	9045
6924	22916
2962	4298
1282	1284
887	4295
988	3190
5054	5327
8816	51122
332	2491
6205	6208
10540	80321
4173	23397
6124	6142
1915	6142
6202	6233
2913	84539
11004	23332
7314	29763
6159	6203
1610	4843
5880	9743
4582	10164
8615	10802
1084	138050
9410	57819
1915	4736
5862	57403
6772	6774
5094	27316
4893	27006
3832	3833
6208	6727
6167	6203
2788	50865
4171	81620
6059	8886
998	22919
984	23332
1062	5526
779	10369
23327	115290
945	100049587
28973	55173
6157	9045
32	2194
2064	5599
5516	64105
1495	128239
6170	6171
7311	154214
3853	3860
963	5023
6133	6204
79172	113130
5869	7311
6129	6165
3183	7919
219965	285093
3836	3837
11202	25818
2207	5335
3015	387103
6152	6204
988	9782
5526	5708
6154	6175
26173	51593
4171	5426
9377	54539
1329	29796
9972	23511
4710	4712
3185	10949
3837	9631
5432	84962
60	5879
6836	22820
3921	6147
7514	23332
10975	126328
10153	84128
5432	27125
1315	8729
2847	10563
5707	23526
5048	54821
2914	3350
5870	8766
4712	4724
383	671
5829	7534
3190	27238
5286	9685
1303	5033
699	151246
1291	10536
338	51156
6129	6175
8993	56729
5739	94235
726	831
6599	6605
3916	3920
3561	6464
10403	55143
2150	2863
6161	6168
10376	84617
7124	8491
830	29127
197	3698
389	4659
4670	51692
3912	4233
7871	8428
2873	8607
6144	7311
6209	114987
2792	388531
2551	4899
7311	114987
6223	6230
23658	27316
6144	6175
8673	10970
6827	10302
3437	55601
6160	25873
378	11014
22981	57545
4725	4726
10540	57511
27097	79595
6157	6223
6168	6206
5589	23193
6154	140801
5438	5440
2125	5493
1660	2521
1173	6455
1454	4751
890	55355
6175	6229
3437	4939
54960	129401
9372	25930
3486	3569
2695	5741
51692	80335
4172	7298
115106	440145
4709	4712
3134	3660
6160	6228
23291	54165
3185	3192
51003	400569
27340	57647
161	6233
24148	51340
80018	80155
1277	7373
7311	57154
10574	10963
1577	54576
6135	6224
830	10652
28981	79989
2935	6160
5562	9821
10232	154064
6175	25873
344892	390079
1268	10803
7311	9020
6208	6222
6556	23601
79172	81930
6222	6224
4298	6830
6175	6194
6729	23471
3109	3119
3074	5707
6698	6707
5777	7409
6222	10399
988	9631
3688	3912
4659	5515
10193	197131
514	4713
84861	143279
10274	113130
1783	5516
4535	4538
1906	2150
2197	6167
5558	8317
6135	6141
4514	4519
6156	6232
4735	7283
996	1912
6667	57508
5347	51343
2054	8673
6165	6181
23225	79833
10592	157570
7311	158506
11190	23332
6173	6227
5093	5434
27	4690
915	919
3915	6714
6207	6224
6231	140801
79132	91543
9927	10059
2817	375790
3190	10921
1555	1577
3017	126961
695	5293
389	9938
1173	29924
6152	6188
10857	10970
5347	57551
28998	219927
3113	4261
316	4837
5872	53916
5725	8661
9551	84833
11339	79172
6170	140801
2817	4035
6142	10399
6222	6234
55143	113130
971	973
4543	4889
6233	25873
10970	196527
4116	6633
6233	23049
9972	51692
4725	27089
2521	3192
857	3688
10254	10552
10575	10963
2147	2153
6232	6234
6122	6168
117	122876
4148	10272
5705	5718
133	55970
2204	23601
10155	79943
6125	6202
6176	6202
10051	10403
10621	11128
51096	57696
251	137797
121504	440689
6122	6206
2185	7525
10972	51128
6142	6204
6233	8334
6143	6194
10427	22872
3880	144501
6164	140801
990	64151
87	5879
28998	65003
5711	8697
1103	162466
7514	23244
3191	79869
641	7316
79895	222487
1783	54821
8243	57082
719	8514
6152	55176
6170	6208
1387	8289
146	148
84870	343637
1639	8729
2150	5021
23014	79791
23309	64426
226	7057
1476	5199
6170	6173
5928	57649
6161	6218
3921	6133
813	10618
10970	84141
1911	6045
26091	26190
4173	8914
506	8802
10426	11064
6124	6128
6632	51690
10552	22905
5829	10298
335	350
4947	5708
6133	7178
8453	84085
5286	6272
10574	84617
905	23168
5430	11338
6133	6176
553	680
5929	6872
2243	3827
7272	24137
1287	8974
25926	51096
1350	4726
3646	8667
695	7454
5928	9070
6176	6218
10592	11169
56902	84128
513	517
57154	64750
1233	5473
55055	81930
116	4914
26267	63893
6152	6222
3619	81930
5929	8816
6181	6235
2491	22919
23304	56658
3192	10921
974	3635
6161	6193
7514	23039
6227	55127
6161	9349
10112	11127
4905	9527
1559	2326
26091	154881
8853	11015
81	6709
3676	3691
9318	51122
6137	6210
2767	64407
2740	59350
3912	7184
4540	4695
3190	84991
1793	5880
521	4713
1398	11184
1432	6885
1088	2358
2155	2159
6141	23521
4707	4713
4952	286451
6663	27022
11100	23524
1314	10959
302	23526
23304	53339
2071	6873
3767	6833
338	2153
5347	10592
4736	6136
197	2147
6202	9045
64410	80176
6176	6204
3796	5515
25831	65264
2131	2817
1665	55127
3619	3832
6147	6161
1500	4646
8655	60673
6633	6635
4591	11059
552	2847
3619	5515
6233	26523
8607	54881
5697	6750
5695	11047
388	64333
388	117289
6741	9533
6141	6154
111	9283
1315	84516
521	522
108	6750
6152	6159
6134	6202
6222	25873
6175	6210
57403	115827
6231	114987
3093	83737
6434	27316
388	9938
11329	55233
3692	10969
6139	6209
2912	6751
6176	7311
9793	23332
6144	6181
4519	4536
4057	57554
983	203068
8329	333932
5796	6233
6625	11100
6601	55193
108	797
5970	23291
5706	6790
3920	80331
6169	7311
160	10802
675	1017
24147	79633
3827	51156
1788	57332
1236	5443
83540	259266
1287	3685
7335	8453
7133	57153
5433	10772
6128	6164
10959	55605
917	29993
6157	6181
7388	29796
4584	192134
3071	7456
6169	25873
7919	27316
6206	23521
6207	11103
4709	9551
1781	51014
2916	3351
1350	7388
1121	326624
6139	11224
6143	6206
7156	63967
4116	6125
7018	9829
324	5529
26046	84085
6157	6204
4734	55236
25827	126433
84902	121441
7328	57154
10594	11100
6146	25873
274	8976
1452	5711
3690	5908
2207	7305
3190	10492
6455	7525
81930	83540
4710	29796
26290	140453
1387	6667
6130	25873
6202	6228
6233	55666
2023	5230
26523	27327
1778	81930
4627	5898
27229	55755
8976	25977
5048	55055
6175	140801
4538	25915
1398	10152
54620	80204
9371	10540
1314	8615
3669	4939
2222	2224
1394	3973
6203	6224
904	27125
1793	8976
84296	84515
7311	55008
1088	6556
6154	6173
3799	10112
6156	6169
701	57082
4718	4728
9631	65250
9757	23067
197	462
7110	10618
5339	6133
9716	10713
890	11339
10733	132320
2222	4047
4837	284119
2525	10331
55124	221400
7311	23198
1062	22919
6223	9887
55	154664
830	11127
81567	93100
377	11014
10153	79954
6160	6229
5435	9978
2784	4985
2740	94235
248	6975
6688	8334
1933	6209
389	7409
4085	79682
6175	6206
56949	91603
3181	220988
6491	284403
6429	84950
6129	6154
7311	10110
905	6667
9126	55746
6205	23521
377	24137
6144	6147
5870	7110
9276	57410
84085	140460
6135	6170
23511	84271
3107	3659
9126	54780
6175	6201
6155	6169
4513	4538
55970	126006
6993	10755
10885	27042
335	5948
9887	25873
6158	6234
4088	57154
6667	25896
9700	25909
637	8626
3921	6157
6176	6207
6430	57794
1173	8301
6133	6143
6233	9732
1991	4353
5695	51330
10013	51317
6249	54820
9730	84085
6203	9045
1307	50509
4069	6036
26190	54165
51023	64976
6201	6202
6210	6235
2358	138050
6709	7077
10382	23332
915	3118
3915	5621
54625	151636
800	3672
329	5708
9564	10458
904	51755
6233	10111
156	7852
399	9411
55142	203068
6923	285231
6168	25873
10959	50999
6548	11261
1994	9782
4736	11224
51510	51534
6124	6206
5361	9855
6222	23521
2841	55970
6385	10755
6636	10465
2521	3190
54908	151246
6747	23471
6233	7158
1315	160364
23309	57169
51203	55355
3688	5879
6165	11224
8349	387103
1107	23186
7314	64320
701	113130
6160	6208
963	10970
945	1536
3320	57545
5528	51143
6133	6147
2268	5829
6434	27339
9265	27128
2107	6176
2695	2784
10574	10576
6144	6203
6228	6234
26494	344892
3178	27316
6158	6175
6133	6217
5609	9181
51575	79954
3579	5515
4535	4537
5336	7525
3822	8302
6158	6193
6500	51433
6210	6233
1781	84962
566	4353
1453	55127
5879	10458
3094	57649
107	2775
186	4988
6224	140801
86	54617
6147	6222
7316	55777
5432	11051
699	11004
6164	7311
5426	8317
2790	5294
9716	10236
811	5589
3107	6890
6155	23049
6621	79035
7175	10250
701	4173
2633	4940
5610	6774
1161	5887
6130	6167
4862	5054
1856	7314
55781	134430
51088	51122
3184	3190
1933	6207
10112	55165
55125	79959
123904	146183
6130	6165
6133	6218
6165	6168
6160	6235
5903	9972
27237	29984
867	5781
2967	79577
932	10970
2207	2212
54908	91272
8322	54874
1495	5868
7298	10403
4508	4509
6631	57819
10885	22803
988	27316
8976	51429
6138	6139
5443	6370
6194	9045
6203	6231
2197	6223
996	6790
9978	140458
891	7314
4889	6751
2773	5594
6202	6230
81	7791
7846	203068
8886	51388
6158	6168
6122	6129
1778	84902
6155	6157
4736	7311
79501	285093
10075	54926
391	8503
6152	6164
50838	259287
81794	339366
8697	25831
6144	6228
4067	6776
6430	8175
1398	6714
4904	22826
10285	51692
3190	3192
1933	6133
9183	151246
1062	5515
6157	7311
5903	9126
65055	138883
22984	79039
213	5265
3912	5829
1315	2804
673	57498
2932	5707
7316	7328
1829	64065
4536	4539
51096	84128
8993	10394
1536	51382
2353	2354
7476	7477
10236	51729
811	7184
302	5834
1478	3188
4700	4724
1645	8644
6133	6189
4736	6181
10084	27238
3055	9844
3191	5094
10102	28998
54575	54600
10383	84790
10970	11001
6204	6232
2132	375790
4791	5711
6133	6139
4713	4715
5430	6602
7478	7484
971	974
3764	10060
6218	27340
351	3491
332	1063
11052	51692
1062	9585
2792	65055
1843	3304
6135	6152
3833	56992
9648	9827
2641	10203
54845	80004
3837	7175
6181	25873
351	55970
6385	7852
51728	79622
5929	55832
4085	55166
990	8697
2168	3158
1642	26094
6810	6814
5469	9444
84085	154881
2033	5929
1555	1557
6160	9732
4543	4852
1659	9716
6229	65008
6799	6817
4738	6923
1605	3915
6790	121441
988	55215
6142	6144
6155	6229
2958	5435
2042	2044
1969	7525
1994	10921
3918	5829
6159	6234
1154	23014
6189	6194
54480	55790
891	55165
6206	6227
6877	51593
7316	83752
26354	54475
466	1386
2664	80006
1062	24137
6161	10399
302	2799
8697	89910
6157	6233
9439	23097
54939	55294
5867	5874
8945	64682
6132	6168
988	5983
9700	23397
7343	9013
5290	26127
26470	253982
2491	6232
3091	5707
7124	7316
7311	80351
1749	1750
23014	23291
4288	9787
6168	6210
1605	3909
6125	6206
9666	23014
8881	29945
6154	6164
6139	6157
9320	84085
6128	6147
136	2788
6130	6189
4088	7048
928	113177
6453	22905
135228	266727
8697	22954
1778	1783
6129	6133
8638	10964
671	5657
3918	375790
988	3066
54778	57542
2178	7398
9690	10489
8945	10075
6222	6231
4717	4725
2150	10800
6133	6224
1933	6233
1902	8477
1604	54732
6152	9349
8568	22984
10254	10617
26146	79989
9350	56963
1287	1288
23533	55361
1453	6230
3434	23586
55720	64318
1949	2045
6146	6206
351	6370
54443	55165
9320	197131
22930	25782
3978	4174
6125	6203
6993	8655
5437	23524
701	3619
4125	5657
57082	151648
27327	84441
5697	6376
7003	7005
6227	9349
6132	7311
55582	89953
10527	55705
6138	6181
5950	7276
963	1536
23521	56915
867	26130
1269	56670
2982	2983
3855	144501
22826	85313
1994	5094
6709	11014
991	6232
22954	26091
10484	81562
9833	259266
6790	9833
5580	7525
5660	7852
3921	6164
7337	23291
4751	10112
51	6233
5594	84823
6204	6233
7415	10576
7852	83737
3055	9564
389	9475
6138	6204
8337	8349
6209	6227
6143	25873
6158	6194
6143	6155
1063	9833
3832	54892
6240	10592
6209	27340
3685	9564
9782	27316
2081	7494
57191	400720
3619	9700
9493	55165
25897	27252
6430	6434
5471	10606
6138	6168
5518	6164
10193	140460
26190	57154
6152	6157
84135	134430
1551	1576
7343	57459
3796	64105
4288	259266
671	1116
2911	594857
640	7525
3655	7057
5694	7979
10952	11224
51	7311
7454	10787
11190	22974
1453	6231
6130	6188
4738	59286
7042	83706
6164	6167
88	2890
8655	55839
4694	4701
401505	100188893
5526	5716
891	151246
10051	10592
25885	84172
6144	6205
919	7535
1329	1337
5879	5898
3267	26130
383	56729
11015	23046
1774	4069
55629	65110
23332	25909
11339	51203
6138	6205
350	2147
6155	6234
7514	23122
7311	9856
6637	51639
7322	7428
712	713
9045	10399
3301	3304
1277	22801
6500	7320
4670	5094
23160	84128
10959	51014
6138	9045
1069	4867
334	3491
6209	23049
5516	5526
197	338
10489	79654
6141	6234
377	10540
6155	140801
50835	51289
6455	8673
23322	79600
6143	6222
11218	25929
3178	7536
7337	10489
64792	150737
55279	285237
3122	11184
6047	26190
983	9126
3192	10523
22954	83737
796	6344
3685	6461
5199	124583
3183	10236
3191	10523
1387	8648
248	152330
2033	25885
6233	26130
6142	6171
23097	81857
6154	6230
3675	3909
4999	5558
4952	8976
2917	27199
55175	56995
10802	10960
4717	29796
9144	11322
8663	728689
4343	4853
9382	9827
5433	27161
1786	7027
4295	5020
4694	4710
5592	8654
3921	6139
10458	10787
3091	5594
1950	8322
8450	54165
329	7316
6201	6207
8976	10254
6230	23521
6128	6207
23291	154881
999	8907
6453	8322
1315	3799
2648	5469
2968	57804
2935	6133
2197	4116
10426	55835
776	51764
1387	3064
627	2247
6124	6202
3075	3078
4709	4726
4538	4539
2305	7153
3106	5696
4735	23176
9604	23291
389	90627
9382	10905
5424	5426
2207	8514
6122	6202
1942	1969
10890	51552
1814	259285
3071	3320
5869	57403
4999	5000
1499	3611
2207	5338
2917	9934
6709	8615
6500	9604
3683	8514
1062	151246
420	58530
6152	6175
3178	8175
887	2147
324	5699
6218	9887
336	4036
6147	6228
846	50838
4735	11190
4171	4176
6167	6222
22981	27077
6136	140801
3178	3192
3437	91543
6168	51187
6152	6224
3017	8365
3486	84141
6206	6222
7153	9700
3491	10272
6160	6204
945	222487
6346	83756
387	7046
8329	126961
29763	54874
11004	25936
3882	3886
6176	6224
6229	6230
3190	10949
6426	79869
1665	23658
6156	6168
5393	51010
23601	79895
1453	7532
6426	9879
4539	374291
7311	26249
2243	2266
6155	6168
1781	5516
3106	3134
1173	9341
3687	8514
1969	2268
4697	4708
6181	6204
3184	3192
1660	5725
945	5023
3884	100653049
9666	65264
377	830
6517	9968
1555	1576
9493	23046
4172	55388
51143	151648
4734	65264
6189	27340
4725	29796
54973	79664
2799	5707
8334	8970
1499	283149
6997	10637
9527	55014
8729	23095
8697	9320
148	886
1314	9632
5422	10714
2535	8324
3355	5173
10946	22826
156	301
3105	6890
6208	22803
54148	55168
4734	64750
1329	9551
2064	6714
6432	220988
3320	84962
6156	6204
5338	9744
389	94134
3579	126006
6209	6224
6204	6208
1058	11339
5529	55055
9716	11325
2932	5515
1793	10152
1816	104909134
8886	23160
5438	6827
5781	7525
1062	3799
5199	5777
2197	6202
6222	11224
6428	6430
846	259293
3181	10432
6207	6230
6159	6206
6125	6194
4695	4707
10133	81631
8886	9221
11190	203068
2800	4905
3133	3134
1325	10563
9188	23560
6233	8945
9978	158506
11014	22818
6233	23112
5516	79172
6950	10574
6426	27316
5338	5579
4297	51230
51382	222487
1292	3685
26190	83737
6204	6230
988	10403
389	114793
23042	23420
351	5660
9371	11014
5725	11338
4176	5422
64963	92399
1646	8644
332	1058
4735	10540
5516	51400
6207	23521
6129	6228
79685	94239
1233	6370
5422	5983
988	1994
988	996
8648	9282
1453	6235
4670	6421
9295	9410
5725	51692
4734	51088
8886	55720
3921	9045
1500	1956
161	8650
3619	25909
4064	9450
22974	81610
10640	23265
10735	57551
2197	6133
7289	9742
7316	80176
6165	6228
3184	51692
6208	6229
3156	4597
6626	51593
10120	89953
7316	10552
344892	390063
988	9774
9320	9870
6218	9349
6202	9349
2153	2243
158506	285231
3685	9475
5872	5878
10199	56902
23304	154881
3491	3915
3091	8453
6168	6234
988	9475
2033	23309
4519	4540
6157	6206
3921	6231
6747	84061
5336	79837
6790	10133
3433	3434
3909	5829
1398	2209
324	6233
2266	3698
259287	259292
1783	2491
3433	23586
9782	10949
25909	54821
6206	6228
4173	5983
51320	55175
932	2358
5529	23279
2239	10082
6632	6635
6426	23517
5436	5438
6157	23521
6132	6156
6241	64151
6161	6194
6135	6175
11339	64946
2535	64750
1793	9844
10540	27175
10181	10523
57539	79659
4599	23586
6201	6208
5529	54908
6137	6139
5868	5869
6161	6201
6045	171023
5869	8322
51426	57654
7132	10616
996	22954
2247	3685
3351	346562
10902	54617
1456	10971
25885	27340
1968	8661
9128	55234
5701	5715
4539	4540
4709	4725
1364	100506658
351	3912
6189	140801
51645	57819
1434	7514
3191	3609
3123	7535
5427	9768
25873	55176
6698	147409
23304	29945
2675	220164
2865	6288
11274	23586
55112	150737
91543	129607
6146	6167
9493	24137
57530	100506658
10465	57819
25929	55706
6518	10857
2247	6233
160	8867
1915	6138
2042	2045
4695	4725
10155	25888
3486	11098
950	5868
54165	57542
5048	5516
2932	5714
3619	3796
6169	6232
2491	5048
1778	6709
3191	9716
3619	29127
996	65264
2976	11128
6599	6602
6628	8683
5294	7852
2521	10236
6193	23521
6788	26524
6228	6235
3191	10949
29927	100526842
3486	11167
1290	1291
1783	10112
1856	6453
6207	25873
1861	27348
3105	3134
3267	10096
7321	23198
4173	81620
57153	79895
5685	5700
988	24137
9295	25957
6224	9045
3305	10963
5000	5558
891	129401
6193	6222
8886	64318
10274	55055
28	2524
5439	80349
6617	79035
966	100049587
4508	4537
1058	57405
6790	22974
3066	84289
521	27089
11065	83461
54778	197131
4540	4694
3017	8970
6144	6224
1983	23521
1111	8317
23283	84271
1915	6147
6218	6234
891	994
3856	3875
705	84154
10733	79441
6228	8662
6194	6235
6170	6209
6154	6202
3687	441864
6142	6232
6923	9978
566	8635
1859	132660
1173	24137
10949	23658
10236	11193
1536	10970
6426	53981
1933	6169
1981	6133
2934	51411
9459	64098
2521	4670
1660	3184
10930	29974
10262	10992
5048	121441
6498	64750
399	57522
6133	6156
8491	10746
1994	55339
6144	11340
3659	3660
6230	7311
2034	9314
1829	5493
6427	6434
6156	8667
6125	6128
5718	339745
1277	1291
4839	55720
23524	51639
257313	387129
1499	5777
6170	6204
2861	56923
6156	6223
6160	6167
905	5431
2784	2847
1656	80153
6434	8175
3921	6228
1933	9045
4069	56729
57405	79682
7375	8717
7536	10181
3675	3688
6122	6124
10613	11160
117	2695
9475	9826
9801	28977
6189	6207
6165	6229
6229	11224
2521	6421
988	10540
10959	22872
6144	6189
9887	23381
11236	79139
3482	5868
2792	343172
5547	326624
6137	6158
727	51289
1894	259266
6139	6141
5879	94134
4048	6709
7316	10920
1329	4713
904	79577
11316	55850
3837	9972
6135	6218
636	22930
8467	11176
5708	8453
150684	150726
11103	88745
950	22848
2071	7314
53905	405753
4738	28991
28981	57560
186	2913
6168	6204
4509	4519
5441	7314
6130	6173
6136	7311
5868	10096
10193	26268
2206	3702
6159	6193
4069	8635
4701	4713
3932	29760
6745	6747
10965	641371
8570	22894
26046	26268
6125	6185
6790	7283
6146	6175
6147	6206
23521	25873
6137	6167
51692	55749
5217	55740
6128	7311
57111	401409
7381	29796
8065	83737
4141	8565
11051	85313
7041	7414
6144	23521
51510	51652
23355	27072
440	2617
9320	23291
6167	6233
1956	3675
6175	6232
6635	10465
3017	440689
51079	126328
11338	27316
7479	7484
5695	51371
1950	6678
8450	10401
335	2243
6156	6176
5430	6601
1981	6168
1783	11316
6128	6143
6167	6223
3797	29127
3903	57153
1173	10552
9493	9833
5586	5879
3308	9631
6201	9724
9793	26005
8843	338442
4736	6208
9341	22905
80328	116372
4735	80321
6159	6205
6827	25920
1337	29796
9585	81930
5929	79269
2237	23649
988	60682
6203	6204
201475	326624
23397	56992
344892	347468
23112	84441
5469	8295
1453	6210
3973	104909134
9320	26046
5870	57511
23160	134430
5660	84061
4584	9245
988	56852
6147	6156
5708	6790
23122	57551
1062	10540
226	7167
6141	6202
9276	11014
86	988
26190	55236
5501	57551
3619	57082
988	10236
8301	9322
6133	6235
5519	6801
7311	140458
3673	3909
3799	29127
6208	9045
5706	5714
9349	11224
9320	26190
6156	6202
160	6233
7458	8662
3635	5294
7311	27327
6235	6727
5430	9879
7316	8864
6227	6228
2957	6619
161	26130
1942	1945
10857	64386
9927	54708
10250	58517
2767	5335
6222	140801
1439	5568
6227	11224
51264	51649
5880	7454
2784	3763
5439	10980
2064	7525
7082	100506658
10885	54881
11021	23011
2185	5879
2967	27125
950	8976
23533	55970
3191	11338
6136	6159
7184	10130
5149	388531
7337	84085
6173	6209
2071	27125
2358	23601
6202	140801
4116	6135
9320	154881
183	3357
6147	6189
9564	10044
1660	9343
1595	4597
4281	4940
3134	6890
9787	29127
301	27334
6130	6202
2358	53829
9793	11190
51465	84447
2792	3763
6228	6229
22954	142689
7311	8453
6122	6158
6173	6203
6155	6201
11095	157869
3921	6168
57332	84733
9883	23511
864	10413
2079	6432
6222	6229
6230	55272
5878	6455
9439	9967
6836	29927
9349	140801
6135	6161
4301	7525
6164	6189
10293	200845
27161	192669
6218	7311
830	9276
462	2155
940	50943
6189	23521
51023	116540
6207	7178
4519	4539
2847	6363
3672	6709
6129	6156
8568	51096
79861	81027
10970	79895
2832	117579
6168	6227
9790	27340
83551	319100
6227	27042
10663	259292
3996	5584
6230	63931
4736	6173
6047	9604
3178	6294
1579	8529
7410	63916
1287	3688
23112	26523
8467	9188
945	3903
5023	10857
521	7388
6218	6223
55014	126003
3354	11255
5948	5950
867	50618
2672	6688
5747	6237
6209	8562
10298	80018
9656	11073
186	3350
6143	6231
1232	8843
3107	3133
9738	146057
9972	348995
2770	5599
6234	11224
8349	79019
10285	79869
6208	27340
4809	11325
5529	7525
6228	27340
377	9276
5469	7182
55735	139322
6125	6158
147	5021
846	51289
1365	1366
2147	2266
23291	57630
51289	339403
6222	6235
6161	6222
6233	90678
378	5861
109	59340
1058	54908
55759	84154
6157	6189
55143	220134
51465	140739
950	22905
514	4726
6230	140801
4288	10403
4666	6136
10574	10575
4288	10112
6136	6228
5439	6923
4160	104909134
4670	10594
4538	4712
7311	64750
8453	26043
1994	51362
3912	5578
10376	10693
8365	8969
8351	653604
6233	9101
1088	170482
9055	9493
3017	121504
4853	6868
6139	6175
6135	6230
3913	3915
1956	3918
1453	126003
336	2266
55746	57122
55236	197131
5008	7297
967	25798
6158	6218
991	9787
6209	6228
3046	3048
1601	10618
2491	54821
9833	64151
3838	5903
174	3827
2867	23620
6869	64106
5879	9564
10635	146956
25839	84342
102	1315
6189	6228
3308	5903
11137	84916
11116	79959
6147	11224
4343	6045
4867	80321
26284	64965
51645	85313
1822	1911
1511	6037
28998	118487
1660	3185
8976	115548
2207	160364
1991	6036
2107	6137
4735	4867
383	4353
79867	91147
6635	83443
3619	57551
2204	79895
3886	8689
4588	26290
2491	5529
6152	6209
1994	10285
4707	4709
1495	8826
5189	7311
6176	6234
983	2491
6288	6357
8697	9354
23028	57504
6122	6189
4734	22954
27089	29796
2033	2072
695	3710
116	59350
9128	10594
2358	338339
57542	197131
1063	22974
6176	6203
2817	5673
10201	87178
23646	147746
7272	55635
5714	5718
5660	63940
10952	58505
50838	51289
3434	4599
1022	5887
6128	11224
5878	51715
7204	8976
5725	23020
6164	6168
3827	5005
55703	84172
6133	6141
10905	23193
5861	10802
2348	11316
1001	1500
813	11098
10256	54845
5443	53831
388	2064
6141	56915
5286	286451
4702	27089
3978	5426
10885	57647
4736	6161
8334	8337
1325	6373
2767	29933
5266	5493
3192	6434
4035	6385
1915	6159
5336	118788
9044	55814
6230	11224
1241	55970
6229	6235
830	6709
3667	5580
11004	81930
7178	10399
988	55183
9585	23095
10885	23404
2801	5861
8816	54165
9655	154881
55275	55610
4240	5954
5981	10051
9553	51264
6124	6222
6167	6175
7979	139285
1269	3579
23011	51715
1499	5795
7311	23032
3695	5747
891	1062
332	7514
1350	4695
5338	5898
6161	6224
4701	374291
6249	151246
1933	6159
6709	6714
6233	55008
3685	3903
9277	84946
4599	51191
6181	6234
27242	85441
891	4751
301	9002
7415	83932
1350	27089
830	57511
6416	50488
5708	7415
6146	6156
6135	6203
8085	26523
2801	10802
10013	25942
1398	10787
9320	10193
6128	9045
5861	11015
10376	150465
2557	2560
683	2204
6144	6218
1536	653361
3655	5339
1063	81930
163	1173
5689	51371
6137	6138
1063	5347
187	94235
8334	8347
54663	84365
6176	6209
186	84539
3191	9987
9493	81930
6129	9045
7153	7298
6161	6202
1340	1351
6129	6147
595	896
6138	6156
3683	3695
5339	6194
6165	6227
9282	9967
24137	146909
5587	112476
7525	11099
9820	143279
4867	91147
5903	23332
6241	9833
6170	6227
7421	11198
3579	729230
2197	7178
983	121441
9553	64928
3071	7409
2548	6556
3921	6159
151246	348995
6125	9349
6047	26234
5048	23322
84648	353145
4736	6160
9246	197131
5529	5781
6036	8635
90480	116540
10952	28972
51081	51264
4712	91942
988	203068
8969	85236
5660	6376
10383	84617
932	222487
6146	6152
9126	23063
22954	57542
6142	6168
6182	65008
1816	3973
920	29763
6152	6234
5879	6385
6142	6194
5980	56852
57531	90025
3688	4233
6428	10946
996	23327
932	3685
6176	6201
1113	6855
7536	220988
10733	347240
377	1315
6429	10946
6637	51372
5707	7321
5067	23627
10933	93621
383	3074
3133	3660
2788	5368
6152	10952
6224	6235
1500	4233
6133	6135
7322	8697
8914	9126
672	8314
6155	6202
23244	55746
3921	6136
8648	9968
1282	10536
51023	90480
1460	23397
6201	6204
1778	5861
6916	80142
5781	6774
60	2597
4710	4724
6207	6208
5426	10714
10112	64837
64410	142689
5438	6635
8349	8969
5725	10236
4839	10885
3655	3675
55863	91942
6128	6142
9700	10403
6165	6189
6136	6156
3190	7919
57405	79980
3909	10298
6139	6230
25836	29072
10907	57819
6229	27340
6130	6136
23404	23517
9188	84172
5286	29988
2912	4543
4357	54205
81930	259266
6288	6863
8347	8365
23601	338339
8615	100302736
10403	56992
6878	8295
6167	7311
3304	6233
5604	7316
6128	6152
6203	6208
671	5199
6235	9887
783	27091
5985	83932
3191	10432
4738	285231
5725	10432
5438	51639
8243	10051
5579	9564
2060	50618
389	7204
6159	6188
84676	140456
3118	3662
183	846
6434	57794
1783	79172
972	3123
7311	257397
8453	8697
6152	6167
5315	7167
950	25977
6137	6232
890	11065
4512	4539
27316	51692
6161	6223
8648	23389
3091	55662
8945	11059
5861	10749
1822	57504
3611	3688
4952	9562
55832	115290
5080	8338
5929	8085
4736	6206
6160	6206
9585	10749
11102	84946
991	9918
50835	259293
4584	140453
521	9556
5903	10274
26232	55527
2782	11245
274	23149
5777	5806
1956	3691
1387	10499
6132	6209
83540	220134
23014	115290
6135	6234
2788	5294
6500	22954
10926	63967
2491	9793
833	8565
6137	7178
886	2846
10236	10492
1173	29763
6130	6138
27292	84135
6154	6176
10484	51014
2782	5082
5977	6601
6147	10399
7032	7033
7531	8655
351	7184
2197	6155
991	4734
3561	3635
2768	2783
5170	6197
6202	6204
2770	55970
988	5903
811	3309
9551	9556
5196	5473
5928	10014
5547	25798
6159	6169
6144	6161
55872	64151
3312	29763
23295	140460
1781	6993
3688	91522
1073	54434
991	22974
6667	26512
153	6343
830	6711
302	10577
5518	6228
2033	6667
5422	79892
6137	6222
5571	8655
6231	9887
7514	54821
516	26521
3675	4233
5880	91614
972	3115
11004	55143
1147	2475
6790	24137
830	10282
2873	8945
6188	6230
2185	3685
60560	80018
6169	6203
2268	9564
6124	6139
51143	348995
6337	7311
9730	64682
3797	79989
6122	6130
7305	10870
8334	8969
6748	10952
9738	10733
6159	6209
378	9276
988	64682
6135	6146
1121	5869
11338	23636
6129	6232
3937	5788
3915	4233
5157	7991
1956	4837
23304	90025
10121	57545
6209	6727
2932	5708
4738	6635
22918	53831
2975	11128
344	26020
2932	5718
6189	6235
1329	1347
3797	28981
23595	51053
2151	2791
7164	152503
1981	6164
728	6376
226	2023
5898	10640
6154	6201
5905	6232
5526	7316
24137	259266
5329	11322
6233	84749
6737	283807
9877	100381270
6556	160364
6168	6228
9716	10250
6167	6235
6461	7409
3422	6721
2064	2065
50506	405753
4543	5173
5339	6234
3309	6836
6167	6169
2185	3688
1345	4695
9690	57154
4236	10291
2064	9475
683	79895
5822	55127
2792	4985
7124	10673
6387	6754
27043	57647
6164	6206
846	10022
6427	6432
8886	55127
6233	10818
7415	56729
6176	25873
5747	8976
6135	9045
2243	5005
988	10657
899	9700
3931	23659
6194	6208
6175	6233
8945	9666
3111	3123
1268	9294
5515	55181
57674	64718
5725	10657
6142	8666
930	29760
5566	5970
1062	4288
928	3655
673	152559
1660	3192
580	80010
10652	51014
25831	26091
9320	26268
3183	220988
5293	23533
3109	3115
1490	7003
6229	25873
3320	7415
4708	55967
9246	54778
8683	9785
3109	3113
11127	55605
6143	6202
10949	23020
7038	7173
11128	84172
161	5286
701	3832
993	1111
3832	29127
10952	140801
23322	79867
1983	6205
1457	7153
5426	5427
3833	146909
51069	64928
3725	9070
6692	6768
7337	10193
6205	7311
2784	5741
4710	4725
1969	9564
6169	6170
2863	5332
8318	54962
351	5443
6152	6232
8638	9636
3309	9601
7994	27154
3635	80271
5347	54820
25942	51317
6152	6168
3115	3119
1994	6418
65003	219927
22974	121441
3135	3805
6167	23049
3320	121441
1362	9698
6241	51203
5518	6222
2197	6189
11325	51690
5435	23524
219968	285093
6157	6230
3002	5551
3921	6144
1453	6201
2521	5725
3913	5954
5869	8301
27334	55970
389	30851
6135	6181
10525	29927
399	9138
1395	79924
1062	5528
4322	7373
2197	6218
6130	6168
1314	4905
7094	22906
1781	57545
55143	57405
886	887
521	55028
8945	9820
1088	338339
29984	171177
6208	23049
57542	144699
226	2821
5528	10403
9295	10250
6132	6222
24137	64837
5878	7037
1017	4999
5594	51316
2033	9282
109	10681
1660	11338
5696	5698
9716	27316
6205	6233
11127	64837
6129	6194
27248	79139
4008	9870
9491	200734
3860	196374
5753	6725
1717	3157
8704	55624
6155	6170
6047	9867
6158	9045
3355	5179
3683	5023
2935	6173
5579	55970
9793	11004
4508	4538
54509	445328
5781	259230
9276	10802
53831	441864
51122	54165
6152	6170
6117	10635
857	284119
1605	29954
2033	10499
3434	4940
10342	81562
26271	51053
185	186
6146	6208
1457	9918
6165	55176
1191	2162
2132	6385
813	5954
51143	113130
3185	10921
1810	55689
11127	29127
566	4125
8337	317772
8544	10787
79682	387103
26190	55832
2059	5294
3394	3430
4735	121441
6122	6139
6136	6157
6132	54512
5515	5526
138805	344892
23301	30846
10615	56992
929	7097
57381	57514
8347	8969
6152	25873
11275	54778
6189	6234
22948	63971
10489	51343
383	10394
6143	6175
2491	5519
4853	9253
6138	6227
10749	64837
6209	7311
6129	6138
1956	10552
6204	6228
6230	25873
3921	6135
3115	3122
671	10394
5885	286053
5705	10213
6135	11224
7514	9793
23291	56929
7454	7456
6233	54778
966	326624
163	164
51280	54972
3192	51729
6136	9045
116	5746
3921	6223
5693	5700
9371	64837
1813	5443
671	6709
3482	22848
1783	9371
57787	146057
84131	203068
2537	9636
9021	140462
5711	7321
8615	9570
3852	3860
9742	23059
5094	53981
64981	116540
6128	6201
10671	51143
5868	5870
10914	79869
80321	85302
377	3799
1233	2359
701	9793
3833	9700
2033	10735
6137	6142
246	11283
1347	4695
6233	89910
6159	6224
2521	10921
9378	54413
6167	6228
6164	6229
3691	4233
2060	9829
23160	27043
6224	6727
2863	7204
1589	3290
6118	9557
4519	4537
8698	55970
6204	6235
79682	147841
6049	23304
7919	10949
3713	6699
5433	10285
6233	7189
7003	10413
4313	4323
991	6790
3672	3913
9877	10250
6147	25873
1605	84892
6160	140801
1058	9133
1639	9371
1551	1555
7096	10333
9690	57630
9295	22794
6124	6193
3192	27316
6170	6222
5429	56852
3109	3111
84163	389524
991	1062
55839	79023
9787	22974
462	3827
6206	6224
10236	10432
7476	7483
1794	3055
4048	4056
1605	3688
2790	7852
3643	9021
5695	6790
1062	57551
3673	3918
5518	6232
8805	27044
672	51755
1495	3799
6262	11069
10250	11100
2805	3242
5739	59350
388962	654483
6228	9349
988	5394
9551	10476
81797	344892
6193	6227
8452	57154
3688	3918
1969	5879
1495	55740
57662	144100
6132	6167
6155	6218
6160	6202
890	64151
10466	79571
27316	79869
25926	117246
55008	64750
857	64750
378	10282
1121	54453
4701	51079
10491	10536
1822	1912
4940	10561
4736	6142
1778	2799
83540	151246
1969	3055
8638	91543
3683	10970
6232	7311
324	5516
3071	5829
6138	6194
3434	5610
2997	6233
2204	2207
5566	84902
55720	83743
1445	5829
4940	85363
157	2869
5610	11274
6154	9349
3675	3912
6209	6235
4809	5435
5584	117583
7311	151636
1453	80097
1000	56975
6129	6167
25831	140460
6201	6227
7531	121441
9601	10130
4717	4718
522	4713
6307	51478
1398	5829
2800	9827
4437	5395
973	974
890	5347
6514	6927
2322	6688
5335	7305
6147	6167
5519	5781
521	29796
6133	6193
351	83706
6218	6229
6233	55670
51203	56992
3351	4887
134860	319100
695	8976
2814	51206
336	3698
6129	6143
25831	197131
160	1601
6154	6167
1933	6155
6135	6159
6155	6181
5579	5583
4620	4626
6515	144195
1783	11127
65083	84172
3192	5094
959	10673
140458	285231
3886	8687
1956	22905
6207	6222
2033	55904
966	10970
174	2266
3797	79659
1956	3912
5706	51053
3214	3215
6165	6167
701	10403
351	7852
4736	6209
890	9133
302	5707
10412	23517
5708	5887
6556	79895
5298	8394
6224	6233
846	259292
891	2801
6161	6167
23107	128308
288	6712
6124	55629
3594	7297
23020	51729
9128	9879
7398	10635
6133	6160
114	2492
5584	6714
1462	10618
977	5339
2131	375790
6129	6135
4686	9128
