29796	51079
8742	51330
11314	100049587
1294	2157
11190	57545
3853	196374
8500	55327
6136	6232
701	113130
6160	6171
11343	57552
1856	27130
6155	6204
6167	6207
2286	5479
6262	11069
6147	6230
6207	7178
7514	55746
4436	23028
4298	6830
5880	91614
9436	259197
5929	8085
4343	4853
23586	55601
6146	6156
3309	9531
6154	6210
4160	104909134
3797	150737
3673	3918
983	121441
9276	51014
4736	6152
5610	23118
10285	23451
6132	6135
6711	10466
4678	5984
4102	158511
9229	50944
9371	23095
6135	6142
7272	9787
4171	81620
9616	150726
9690	154881
7486	11073
3685	5829
4670	7536
4738	5695
4809	84844
5430	10236
4666	6129
222487	338339
6161	6204
701	9133
257313	387129
5903	7175
8467	25942
7783	11085
9491	200734
4540	51079
6137	6230
4116	6636
9295	84950
2769	5330
6125	6228
10025	23091
5290	5781
283111	344892
1991	4332
5515	6157
4725	9167
7337	10489
5795	9522
274	11252
7984	29984
6176	23521
8687	8689
7919	65109
4069	4332
6122	25873
27327	80012
60	1072
4736	6230
6165	6228
57545	80184
1111	7486
887	5020
966	11014
10236	79869
988	85313
932	222487
6135	6209
3543	7441
9934	27199
9700	23279
5290	5970
6144	6173
3107	5696
84154	84549
2932	5718
55125	55755
6152	6188
10681	51083
1991	5199
3491	11167
6635	51690
3609	5725
57191	400720
6173	6234
6135	6222
1069	10383
64976	64979
6202	55176
6229	23049
1050	7124
4734	22954
6232	9349
8717	9530
6167	6223
8886	84172
1981	6233
4538	91942
5338	11145
116	5746
6233	8976
5707	84962
6429	10250
10112	81930
5688	7979
1277	4060
108	6344
1589	3290
11339	79682
9493	11014
6128	6194
1956	10413
22984	55127
2064	5364
7311	114987
2197	6175
11100	23524
6776	26228
3693	7525
1933	6128
10394	56729
10133	10540
5753	6725
5725	9343
2033	27327
4952	6272
27340	55127
51264	51649
4691	8602
2348	11316
344	6382
6129	6204
10575	84617
80184	121441
8337	126961
10592	54892
1062	79172
6132	6176
1062	57551
332	2491
55127	65083
6144	6222
1133	7200
2675	220164
7317	10489
144699	154881
5594	84823
5707	5717
9730	10425
1665	3191
22984	23223
6235	9724
246	11283
4237	4239
6222	6230
226	6678
10713	51692
197	350
522	539
5880	257106
9126	57551
10885	54881
1129	6857
383	671
8349	653604
378	10959
6122	6136
999	1001
10425	84541
996	5699
472	7468
3664	23650
9877	23279
1915	6138
2207	7305
2811	2815
1290	5351
399	4983
23059	28981
3918	9459
51023	64976
932	338339
6128	6230
5868	23011
9632	22872
972	3127
6167	6233
990	996
5699	11059
5737	56923
4751	4867
6667	25896
6130	9349
10992	79869
9295	25957
10250	10285
8334	8969
5905	23225
6189	6207
6135	6203
1793	9844
23244	23332
9844	10787
6182	55052
383	3240
6130	6209
6181	11224
10952	11224
833	4677
1121	5869
1950	6678
6173	6175
4713	51079
3119	3127
3185	3190
6167	6188
9738	132320
3883	147183
183	51289
5777	10630
2695	594857
338	1080
7089	83439
1894	29127
127385	344892
5829	6709
1488	6934
3240	56729
79895	338339
57542	65264
8807	8809
1457	10592
57381	201176
1676	3836
9877	10250
10857	326624
6147	6176
3912	10272
4317	6947
22794	348995
9883	10898
26146	150737
5725	9128
3716	3977
285093	391211
6201	23049
846	51289
2197	23049
54778	140460
2792	10563
3675	5328
4593	57144
8365	440689
9564	10458
4736	140801
9833	51203
6373	10563
8021	79023
9126	9656
9611	9967
710	10747
4738	5688
335	336
29127	64837
2790	2837
816	4137
3054	23067
890	1062
9126	11130
25929	55706
64151	83540
9820	90293
64426	79595
6159	6233
8648	9439
5950	7276
1969	9564
6233	9341
6144	6189
1230	2833
6207	23521
2635	3659
6229	9349
9972	23279
4708	55967
6234	27340
6204	6230
3190	9716
6167	6234
2847	2911
302	3074
537	10159
6138	6205
783	27091
904	79577
3683	326624
111	51764
53339	197131
7289	9742
6189	6204
1022	55840
6628	22827
8349	79101
11202	25818
3433	23586
6237	10235
2064	6233
6141	6147
1994	10949
8775	10618
10613	11160
226	2597
4710	4725
695	974
25873	55176
9126	348995
885	4923
6629	10189
1781	81930
8976	25977
8914	11169
867	5290
2033	25885
6129	6139
26290	140453
3308	9631
10236	27316
102	3915
6142	6157
3190	5725
6206	6232
3376	6301
90293	143279
6772	6774
3880	4072
27043	57647
9188	84172
53905	405753
6164	6169
3156	3157
55143	348995
6207	11103
2197	6133
10121	57545
22954	23291
5707	8452
6210	6228
6500	55884
5501	79172
3094	57649
5439	80349
3491	51280
6146	6173
2197	6157
6144	6205
988	8539
2623	2811
10840	200895
388	55843
9126	9700
2197	55176
5594	6667
1536	2204
4709	55967
123099	340485
5879	10458
2617	4141
6154	6176
8976	23149
55876	94103
9972	23165
4924	10618
6161	6188
6169	6234
4008	154881
27340	56902
2792	3763
226	2023
6156	23049
10840	10841
1937	6207
4904	22826
5315	7167
1173	8301
6124	6125
10592	23310
3659	6672
3921	6144
10969	29997
4172	4176
891	6249
3055	5747
3799	11127
1062	11004
6125	9349
4710	4724
643	1268
6231	6233
6173	6208
64682	80204
6218	6233
1781	9493
6181	140801
3017	8337
6139	7311
10885	22803
8314	23512
6133	6205
336	51156
10920	55884
56923	259295
932	51382
9276	11014
2033	55904
6132	6201
26268	84085
51692	55746
4288	10112
5660	10970
6572	127833
830	1604
659	23118
1717	50814
2033	23774
9787	9833
6772	83666
983	11130
988	5094
335	2266
2767	64407
5111	7027
5194	23600
7003	8463
7133	8740
1234	4544
2551	3054
10749	51014
8453	79699
6173	9349
3672	3685
393	5879
9055	9133
6625	6626
152	3355
397	5880
6434	8175
6632	57819
9410	10236
1291	1292
2268	4301
90	4088
6135	6141
6124	6128
5984	7298
55529	93492
727	50838
3066	84289
3429	8638
846	259287
6146	100529239
3190	3191
353132	353133
5985	63967
6125	6201
6138	6188
6137	6167
6279	6280
3434	10561
6208	6228
5518	5976
5627	10461
25915	126328
3909	3911
8453	55884
2597	5315
9700	259266
4538	4712
6222	6235
7280	10693
11322	326624
6160	6228
3688	6774
6173	6189
6129	6209
1915	7178
1956	2059
1337	1347
3675	3918
6137	6228
3619	9793
1291	3688
6125	6175
2537	4599
64951	64960
7414	8993
5515	10776
1839	5782
3178	6434
1981	6234
6122	10399
26155	84172
1605	375790
4700	4712
5699	8697
891	9833
87	5879
4708	4725
6207	7311
1173	29924
2185	7525
8570	10657
54480	55790
6144	140801
5286	286451
1479	2521
8450	55832
1306	50509
324	8945
108	1129
5067	137797
3912	59277
9055	9493
84946	88745
9833	10112
27258	51503
6144	6207
57122	57551
9246	54778
1000	56975
10489	55832
7311	9045
23218	196527
5438	6635
3214	3215
4736	6222
8804	203068
4588	140453
988	1660
3912	4240
2197	6160
5868	5869
108	283869
10491	85301
6132	6222
23421	64946
2935	6173
5528	9126
84541	93611
23011	57403
9655	84085
6160	25873
1642	5931
10155	80110
4540	4701
9787	55635
338	345
5868	7879
1524	56670
135228	266727
7328	51444
7311	9341
7054	57016
3181	10657
55388	90381
4131	5048
338	5948
6714	375790
54908	151246
6224	6233
1292	3688
2186	23067
3362	3640
3689	7409
4076	55226
10193	197131
55703	55720
55568	56913
1084	338339
6176	6189
6434	220988
3837	7514
857	284119
6152	8666
1660	10594
9564	10787
1292	1295
705	23560
9322	23265
22974	203068
5903	22919
5711	8453
7919	10949
1660	3192
22917	57829
6167	6206
8661	8672
4713	7388
6161	6175
4538	4539
5694	5715
6187	10557
9212	55355
6232	8662
3015	10284
2935	6234
9055	10592
1329	1337
2956	6117
988	5983
800	5829
8886	51388
3945	4200
6160	6210
4709	10975
4713	4726
6375	6846
3921	6133
4735	91147
6164	6189
1269	8698
4543	6751
5747	10787
26091	154881
2125	3728
7919	10236
26523	27327
10412	10607
5516	51400
2799	5707
988	6599
6141	6142
5330	55970
6240	29127
5980	56852
2897	2898
6139	6228
10427	55291
3434	55601
8334	440689
9295	10250
10236	220988
10890	51552
1213	10254
6173	6227
3908	10319
6160	6168
2957	5433
10970	11322
388	64333
5708	6790
10975	51079
2792	65055
25909	57551
3852	3860
6142	6229
6124	6141
5339	6234
2932	5714
9371	11127
2239	9348
9348	10082
4514	4538
55737	58533
6139	6152
623	5737
6515	144195
29945	84108
552	6866
6209	9045
7311	8450
6141	6232
4867	80321
6165	6230
3437	10561
7311	9349
641	2177
4867	27077
3434	4599
6636	84844
4670	11052
6128	6136
988	9782
9787	81930
351	7466
226	7167
905	27125
3848	162605
9126	79677
6173	6204
6129	6160
6872	83860
51069	55168
4670	10432
566	1511
10975	126328
6130	6176
1329	27089
1555	1576
332	1058
2243	2244
4736	6136
7316	9341
6160	6173
9744	51454
6122	6139
274	8976
3579	8766
5008	7297
5725	10291
776	786
54577	54658
1915	1937
6637	84844
5579	5583
6194	6203
324	6233
701	23397
3619	83540
1350	7388
6227	6233
3736	9196
4173	6118
2913	4988
5696	5698
6156	6218
6426	10949
4171	4176
23646	147746
3437	6772
2793	257313
1062	29127
57154	57674
5869	7316
6233	23049
2633	3437
55832	154881
4116	6218
3646	26986
274	51429
643834	643847
983	79959
4174	81620
90480	116540
108	3355
6222	9349
2800	2803
2810	4486
1499	9314
1942	2041
8337	85236
1794	3055
119678	344892
7082	100506658
3689	79895
7283	22897
6234	23049
11339	64946
351	5660
6455	10552
6230	23521
9757	26523
58	5879
6203	6228
6130	6154
580	10635
4239	10516
5430	10250
6188	6202
3937	7305
6128	6157
617	10469
3030	3032
2519	3074
6160	23049
344892	390083
1933	6176
6206	140801
6147	6207
4513	4514
10324	51666
2157	27095
51122	54165
6139	6232
9883	23511
5335	10920
5119	51652
9320	84085
3190	4670
991	22974
6117	7156
84131	347240
2968	9656
6141	23521
56995	84085
55124	221400
351	63940
6136	6168
23511	51692
28973	55173
133	55970
83597	403253
23521	25873
6434	27339
2804	10945
1453	6234
9055	29127
6132	11224
6209	6230
6699	6707
5605	84292
521	10632
857	1950
3184	9987
6175	6193
2642	4922
9138	55970
353139	353145
705	51602
8655	64792
10615	56992
6159	6208
5829	9564
5529	5718
3301	3320
3054	25942
50838	56923
5048	121441
160	8867
148	2922
10749	51479
2788	10575
351	5330
29093	92259
4725	29796
5685	5705
151246	348995
6152	6227
7311	23032
64410	79791
6997	10637
988	1654
3619	5501
6175	6210
779	27091
5707	10213
3911	9459
886	2922
5720	5721
6128	6207
3178	220988
695	3937
3856	3880
1981	6206
991	1781
10489	25831
6139	6207
6139	6142
4691	10528
1605	9459
6129	6154
4686	8021
7311	56288
6164	6234
6122	6202
51388	84916
2956	23028
3685	7525
2189	7517
3433	3437
1291	10536
10663	259293
7057	56999
7037	54885
6152	6229
6124	6139
3339	6385
79895	222487
1291	3685
28981	79659
54778	197131
23011	51762
3071	8976
55166	57405
6122	6142
23601	338339
553	6869
6453	7311
51258	64951
6204	9045
3797	9493
84648	353139
6170	6233
57129	63875
91543	129607
53905	90527
4736	6229
6124	6230
9847	23265
2968	6882
6158	6170
6464	6850
23160	57647
1398	10152
10084	27238
1290	1291
701	51203
4125	5657
6155	6206
6138	6175
4712	27089
286	6708
553	3062
11250	83551
5580	7525
4736	10399
23291	57154
79050	317781
163	9341
9341	54874
9666	65264
1981	6209
2197	6128
57479	58506
472	5884
152	8484
1111	54962
9904	57647
6453	9341
915	3560
6176	6210
26046	140461
10283	23398
712	713
8334	8349
10250	10772
6165	6235
26589	116540
9752	56141
6152	6175
377	5861
6205	6222
2817	4035
1956	115548
1783	10112
891	5526
1445	2213
6167	6210
57545	121441
4852	5179
7311	55008
28998	57129
6193	23521
9833	10403
23327	79176
23112	84441
3185	5725
6128	6228
2865	6863
259290	259292
9700	10403
6173	23049
9969	23389
4174	10036
2274	284119
4852	5173
8729	10945
841	843
6602	6605
6157	9349
2817	375790
10574	22803
6233	80351
705	84946
7515	10714
301	2788
4738	7979
23063	23244
988	10592
10575	10693
6636	6637
6144	6228
324	5529
6209	11224
6426	6428
6878	8295
3434	55008
27316	79869
6167	11224
5747	9844
54856	55870
6228	9045
4508	4541
9787	24137
11190	22919
891	8697
5861	10959
5093	27238
10199	56902
1832	3728
4543	5179
6146	6169
5879	9046
6155	6158
5054	7424
23122	55746
1459	9918
5518	23399
521	10975
983	9833
1500	1739
8453	56995
55252	55777
6159	25873
4736	6169
887	4295
699	220134
4542	4646
4144	4548
1084	138050
5437	7874
4537	4539
4176	5982
23322	80184
3394	6688
25831	53339
3054	4899
5339	6189
5695	9232
11224	23049
6491	259266
201475	326624
1329	9551
51289	259287
3842	54464
567	10475
6135	6139
643	64805
79003	81565
6233	56254
5868	10890
5868	51552
2932	5704
1500	5880
6233	8322
8687	286887
7317	89890
3688	10298
9277	65083
7321	84962
2197	6207
3112	114876
26525	84639
6135	6218
351	83706
1994	23283
2792	26339
3698	3827
1347	4695
8655	55839
4116	6222
3633	29984
10250	27316
6144	6161
4584	50614
3685	9564
6154	6230
6135	6175
81930	151246
5265	7040
2993	2994
2125	6699
5747	7204
23291	23327
1915	6130
6136	6188
6233	154214
23350	55749
102	813
5335	6776
9318	27252
4297	23269
6790	84962
8689	121391
2107	2935
6429	8175
219960	285093
57413	59340
4694	27089
3619	23332
3133	10475
6453	22905
6142	6193
84085	154881
1778	24137
6428	10946
2837	84539
79172	151246
5439	51755
6709	6714
6133	6152
6500	7314
6152	6157
4175	6118
6176	6205
3479	54863
1445	7525
108	796
5684	7979
9700	113130
5931	10664
6193	6227
6428	7307
9793	23279
5111	6240
6165	6223
302	79026
10943	54556
3640	387129
51203	55143
140807	319101
1639	10121
127247	131405
23122	23332
6193	6205
8925	54778
2491	5903
6159	6232
9367	201475
4736	6141
6139	6202
4707	4710
1915	6228
23160	27042
6159	6175
27248	79139
4713	10975
5796	7316
3191	51692
50835	50838
1460	23397
1991	4125
6141	6144
2153	3827
25831	197131
1944	1945
3693	5829
6233	8945
10885	27340
56670	94235
6146	6161
6138	6152
886	3061
6129	6130
10236	11193
9133	57082
2099	6198
1981	6232
5701	5715
4436	254394
7204	60675
3172	6927
1991	5657
2185	5829
1277	1289
3832	51203
51264	64928
3192	10236
9787	64151
164	10618
9824	10112
9833	29127
7409	7454
56945	57129
5747	8976
6233	27340
60488	64963
988	8449
988	24137
983	5000
1856	5869
3320	84962
972	3111
26091	57542
988	5903
6122	6141
4848	23019
8615	100302736
6230	6232
55143	220134
9793	26005
890	4288
1291	1303
7057	7424
6189	23521
2833	6346
4709	9551
6924	22916
6155	6194
6128	6130
25885	84172
6141	6205
2672	6688
3837	10575
699	259266
1793	5829
3283	6718
1908	23620
6157	25873
64682	84085
6142	6230
3579	57413
7514	79172
2197	4116
6158	6193
10250	79869
9643	93621
6189	6230
4540	4709
890	64151
5094	10285
9700	57082
5173	5179
6158	25873
945	79895
7454	10458
3106	3134
1387	27327
2621	83706
10949	84991
8243	113130
6233	26523
8295	57634
6176	6223
2033	6872
1933	6159
6122	6194
5293	23533
6201	6203
6158	23521
10022	259287
8329	8334
6135	6233
51099	79948
643	50865
344892	390084
6229	65008
8655	51098
3185	10949
3655	3688
6129	6194
351	1234
4240	5954
6130	6202
161	24137
1120	1375
6129	6206
3978	5424
5880	94134
3308	55706
3320	10458
522	9556
5869	8411
3672	9564
8514	10970
991	9493
1655	25804
56963	148738
11236	79139
2935	6209
1230	83756
2767	9002
6135	6230
3643	9021
9276	9371
1894	6790
3619	9055
3191	3192
6122	6206
8192	9361
1329	1347
6158	6161
1268	10803
153	797
7514	9126
9354	89910
4125	6036
3799	10540
988	203068
5519	10274
4969	11081
247	3479
1809	10371
5879	64333
6154	6233
22948	63971
3797	79659
8533	10445
8085	8945
5528	151648
6167	9349
4519	4537
1650	29927
8128	8703
2197	6181
8341	85236
23376	26235
3312	129401
636	5048
24137	64837
2197	6189
3685	6385
9133	55355
5194	7311
2912	283869
10484	81562
3619	25936
1956	3688
6159	6169
6168	6209
5393	51010
4694	4701
54778	57542
699	3619
3312	6804
4670	6421
1058	5528
3360	10888
6667	57508
6144	6232
966	79895
3978	4173
2033	56655
107	2775
1303	55214
8905	10053
10713	53981
6128	6233
6158	6168
6161	6207
3134	3659
6157	6222
8021	55746
6170	11224
1778	6709
6130	6204
26263	55884
959	10673
5692	5710
5439	6621
23291	26091
51510	51534
4171	11073
6155	11224
6144	6235
11176	23309
4736	51187
6616	64130
920	5335
2799	5476
4288	9787
641	5424
2264	7311
1062	5516
6130	6170
1915	6159
57545	79867
197	2266
10112	64837
9887	51065
1281	4060
6160	6231
9790	22803
701	4173
6161	7178
285093	390190
56902	84916
2695	5741
5829	7525
2847	10563
2224	6721
2519	51816
6204	9349
5540	6755
6599	6602
1991	6036
3683	5023
9320	22954
3156	4598
4736	6206
4999	5558
6635	23524
3305	10963
6217	84916
701	10592
1004	1016
4173	6240
1938	6122
3123	3127
990	5717
1434	3838
867	10097
8027	25977
28998	65003
6139	6160
51088	144699
1116	10394
800	3672
23533	55361
5928	25942
699	1062
332	5347
3837	5903
5861	57403
3689	5023
6229	7311
7311	57674
4700	4702
6132	6160
10413	25937
5868	10096
28	2524
5518	6222
134860	319100
988	3843
10403	11004
6135	6155
7874	56655
7311	140458
6698	353135
2242	3561
7311	8945
890	9824
4706	4725
6194	9045
3071	10552
6152	6222
6147	6160
720	3426
1595	4047
2572	84890
1650	6122
6631	84844
4670	5725
6165	6170
990	9700
219858	344892
6147	6210
6161	140801
7311	55432
4240	51280
27161	192669
6233	7158
8945	64682
10274	10403
10291	10949
999	9839
6223	6233
262	4143
6152	6176
9371	79989
6159	6176
4088	57154
5869	10890
6427	79902
6136	23049
9585	24137
6134	6154
108	155
1933	6137
988	3066
6776	6777
7317	84078
1668	1669
6232	10952
6135	6167
5515	6500
6146	6206
6122	6181
6205	23521
2801	5861
5347	51512
156	5021
6133	6235
2059	10458
2209	6688
10193	54778
1453	6202
22974	64151
988	23397
489	4853
7335	55905
1933	6154
3619	9972
6170	6176
988	10946
9181	171177
6201	6231
50838	259292
2048	3055
6142	6204
990	64151
1495	5584
26	10562
26091	64750
146	3061
109	53829
23279	113130
3178	10523
4069	5199
4175	4998
3921	6165
3683	8514
3619	151648
983	5519
1154	23014
462	2159
5878	7037
8924	10489
84261	154881
4069	8635
1639	8729
5604	7529
58505	200185
123016	129880
6154	6193
4940	10561
567	3105
9276	10427
6152	6156
4331	404672
6160	6222
6625	51593
4939	10379
4889	5179
6175	6204
5878	8411
11245	55970
5984	23649
3191	23283
79600	79867
6830	85403
1315	29127
9787	29127
2557	2560
6139	6154
4717	4725
8321	8322
2189	80010
1601	29924
3091	5594
153	6343
9183	10403
1434	7514
3659	7015
991	9491
3190	51692
4700	4708
4694	4713
6137	6229
4069	6037
1129	4543
6161	6230
9183	57405
2072	7158
51081	51649
1062	5528
5879	9181
6170	6232
5707	23526
3185	55749
8317	84515
1829	64065
9493	9585
6222	27340
2150	2863
10236	23020
116	94235
971	29760
983	9793
344892	390081
6385	7852
1400	56896
10403	220134
1232	50834
1017	84515
10970	84141
50831	56923
5111	10714
3458	6775
1854	7298
1605	5829
6165	6222
3123	4261
6137	6233
6139	6147
11103	84916
372	9183
1499	2932
25885	55720
2064	6714
10425	79876
4173	84296
5865	5869
7311	23198
977	5339
6518	10857
5695	51371
10618	22848
6222	140801
929	7097
4725	55967
6189	11103
1314	10945
4724	91942
1232	4986
27076	154064
6147	6175
720	721
846	50835
2932	6790
1063	259266
3882	121391
7175	23279
5438	51755
5111	7298
1994	8570
388	117289
6160	6230
6173	11224
2938	2939
51068	117246
8329	333932
197	5005
1915	6175
1812	10268
6210	9349
9738	10733
6165	6208
3123	5641
7311	83987
1129	112574
988	56852
6124	6135
1991	10394
1308	3655
1069	9657
90933	148581
5515	5526
50813	55884
3122	3123
1060	57082
54577	54578
3301	10808
389	114793
86	8607
64951	64983
3015	387103
4352	5335
6201	6218
5697	6376
1910	3827
5699	8945
3660	5696
4695	4708
1499	128239
7316	10920
5725	23435
6201	6230
1058	10112
405	1387
6159	11224
1289	7373
6175	6176
102	1499
6206	6235
8881	29945
4233	64759
10232	154064
6128	6222
6122	6176
378	5861
7409	10787
996	9491
5573	23209
81930	285643
1511	6037
3133	3660
9045	9349
6135	140801
6157	6203
6605	11198
892	9477
6233	54677
226	7057
10075	54620
4332	8635
1660	11338
1915	10399
6130	6232
1292	7373
3912	7184
974	1445
9320	10075
1453	6228
3672	3915
23397	56992
996	23327
4736	6218
5977	8289
1495	128239
6047	26234
9636	10379
3184	51692
1364	137075
9410	57819
6203	6207
11021	51762
54625	151636
1088	6556
10713	26121
6125	6181
152	283869
4726	9551
6142	8666
3688	3912
1058	9212
10466	57511
2197	6142
6135	6232
25909	54821
5684	5706
6428	10236
6147	6206
4904	10946
3764	10060
53354	60490
9968	23097
6804	6813
388	23370
10592	51203
3853	3868
6164	6228
8452	200734
5435	6634
7314	10920
1983	6223
2917	9934
112	1880
891	51433
23020	27316
2975	11128
6235	140801
9700	10592
10153	51602
344892	390067
3799	24137
6343	6344
6189	6233
1233	5473
1781	84962
3797	92104
5149	388531
55143	113130
2160	2812
1856	29763
1910	2147
6154	6223
6434	27316
991	2305
10885	25885
5700	5702
22984	84172
10189	29107
51692	220988
6632	10465
197	462
27134	100506658
6152	6155
3549	6469
5829	375790
1385	1387
4512	4535
332	23332
6233	57674
891	1783
10403	57082
983	203068
22872	100302736
7320	7322
7415	23526
2784	6752
6141	6175
57405	64946
9585	29127
51203	64151
6155	6235
6133	6181
7450	54756
3350	4988
7041	7414
5501	9793
54716	153201
1108	2033
514	10632
5868	57403
974	3635
6637	55505
9527	84516
891	55165
6206	6207
6453	10552
10890	57403
6185	7184
9655	50813
2521	5725
5311	9727
6136	65008
1894	10112
1981	6133
514	4695
701	221150
55252	221937
5861	10972
81794	339366
6160	9732
332	55055
83540	259266
3437	4599
1994	55660
1511	4069
3055	3572
10022	259293
6164	6203
6155	6231
10236	23435
8697	8945
472	5429
22974	259266
383	56729
26531	344892
23142	23291
5685	5700
6233	6868
6133	6234
4710	29796
890	1058
10527	55705
2932	5516
6160	6232
84643	93661
1879	5079
1728	3162
1062	5903
1479	79869
5708	51330
1457	7153
4508	4539
3683	196527
3921	6207
1669	8993
6142	10399
999	8907
5725	10594
928	3655
9787	9928
8243	23047
1576	1577
673	57498
5878	10618
5693	5700
8085	23067
3688	3918
5579	9564
5929	284058
26046	84085
6223	55127
2222	2224
2535	7525
2247	6233
6556	79895
57551	81930
5685	5706
8453	9870
3191	79869
5296	5336
10236	10921
6157	6169
57115	114771
146	84109
29074	51069
10112	55635
11190	55142
9126	25936
1830	6699
5023	8514
7042	83706
521	4700
83551	134860
23601	170482
6746	58477
972	3122
5869	8301
6141	6222
332	29127
23332	57122
6160	6202
27258	51639
6142	6232
2537	3430
23160	56919
351	8477
513	9377
57662	144100
5435	23524
6173	6206
5903	23332
4064	9450
1665	4686
55884	115290
55066	57546
1981	2197
4539	4712
11190	121441
4689	5880
3008	3009
6138	6139
6548	11261
8289	57492
5430	11338
6643	58533
5725	27316
2131	375790
10970	222487
9716	10250
6138	6181
2197	6152
4734	64750
2197	6202
8027	51429
2242	3718
9690	84231
332	9493
988	9475
23586	29761
6136	6206
4508	4513
3355	5733
7311	23291
8317	63967
6241	10403
9439	9611
1455	89780
6161	6167
5000	7311
6138	6201
7311	10252
6222	23521
1063	9793
9927	10059
7507	10714
1062	113130
1660	5094
7381	29796
25885	27340
3797	79989
6429	10291
1063	2305
3915	5954
5440	10302
6175	23521
6139	6143
9700	9793
22794	81608
2843	151306
6224	6234
1107	23028
1063	55746
2519	11098
7536	9716
1639	1778
57542	197131
2197	6138
3181	3191
1742	50944
23283	79869
9655	9903
3190	10291
6700	353133
5034	5479
4839	6156
3909	4233
891	2801
6189	6208
6189	11224
51330	115650
6189	9045
2033	9967
4249	25834
6234	8562
3055	5336
9475	9826
1329	55967
5519	79172
689	6160
4926	55755
4736	6170
671	8993
57678	256356
932	945
6233	22954
705	8602
1129	127833
25831	65264
6233	221937
22995	146057
3683	3688
58506	130074
8881	26224
899	51343
6209	10952
7852	9564
2204	79895
6201	140801
2767	5296
2033	8085
2491	54821
9700	10274
1325	2784
55759	84154
7474	8321
2521	6421
27292	55781
988	79869
5708	5970
54821	79172
6189	6224
8318	54962
9282	9967
7316	10552
10236	11338
10607	92856
1129	4889
4736	6205
6217	27335
6122	6233
57129	219927
4171	4172
4591	55658
9727	55770
6138	6206
388	55160
6202	11103
6136	6147
6518	196527
6208	6230
64792	79989
4926	79959
6202	6232
7316	64326
6159	6234
6233	10818
6125	6185
10022	50838
1435	1462
6635	83443
7153	9700
2801	51014
51069	64928
6164	7311
8451	55208
1956	10552
6157	6168
6667	8648
6631	27258
645836	100287238
23283	55749
301	27334
920	9026
983	3832
4690	9448
23059	26146
7043	10916
7514	54821
6159	6223
4736	6155
11017	85313
11102	134430
4999	84515
4535	4536
10959	55605
1173	5868
6229	6233
7314	64320
890	51203
3115	3127
3178	10949
6234	7178
8131	64121
4948	7299
3854	8689
6169	6209
57542	144699
6168	6193
6204	6208
2067	91442
212	2038
64976	116540
22856	55454
1499	23291
6201	6202
891	991
6176	6224
3833	9212
6155	6156
6125	6144
4509	4537
3998	6745
4514	4539
4172	5426
3914	3918
715	716
6160	6189
6201	6208
8945	90293
1062	54821
3340	6385
890	84515
1307	169044
9055	51203
4736	6135
115290	143279
1665	5725
4641	5872
3688	3914
6185	29927
6161	6208
1062	9276
1063	24137
5436	7936
8453	89910
521	84833
3184	3192
7434	122876
84078	90025
1133	9002
3655	3918
8976	10458
988	9774
6173	6223
4696	4718
1783	10121
10102	28998
5048	5516
3921	25873
2960	4763
6632	51690
6155	6161
6387	6754
7133	10970
8065	9354
160	1213
1856	5528
6209	6228
988	10640
5928	9112
8886	9221
1387	8085
2079	6428
4297	192669
2274	6281
6128	6156
1116	5199
6136	6229
9700	23397
5699	23198
6635	51639
213	5265
9553	51264
1337	1351
2147	2153
4889	283869
29127	55165
9730	10293
332	81930
26190	54778
7403	10664
7305	100049587
1756	284217
3054	9739
6156	6204
6205	25873
3048	3050
10640	55770
919	7535
8560	196527
5439	84844
10813	10885
6227	6234
9892	10109
377	830
6136	6228
28	2525
6175	6194
389	7204
6224	6235
8334	8337
5796	6233
6207	6230
1241	56413
1111	2178
6144	23521
830	5048
685	1956
6152	6164
2197	6161
2197	25873
3109	3122
3850	196374
51068	55153
23309	79595
3937	55740
966	79090
23122	57551
7311	8295
7840	57787
4713	9551
5578	5588
8301	9322
6160	6205
10083	257629
6217	11103
6135	6205
6152	6168
6129	6147
2237	4171
6158	9045
26046	26268
1062	5347
6144	6223
6125	6133
274	9341
1497	23729
1956	3912
1573	8529
344892	390077
1364	1366
350	462
6175	6203
1292	10536
3122	55824
2919	2920
8775	388552
3013	8334
58191	63940
1103	6572
6667	27327
1816	4160
7156	63967
10097	10487
3675	7057
9246	11275
4927	50628
3192	51692
699	3796
3320	84131
3912	10970
1495	5795
1902	2185
1395	79924
6709	6711
6160	6201
6208	6209
6161	6193
6455	7316
2788	5331
4709	126328
1639	9493
11004	64151
4047	6309
5985	10635
7316	26986
1173	2535
6135	23521
983	7272
5707	51330
688	5468
890	10403
6138	51187
6164	6167
7311	143279
6790	22919
4353	56729
6224	25873
88	2890
3921	9349
6049	23304
637	4170
335	51156
5706	5714
1933	6155
5725	7536
6138	9045
3882	54474
5473	11251
6124	6173
6147	6209
885	3061
7514	23039
81	7057
10142	26123
6737	79754
152	11255
4288	259266
54885	152503
6156	6224
1058	57405
1063	54821
4709	4724
4666	11224
4508	4538
55166	387103
5747	7852
6169	6173
5885	286053
51676	65264
3921	6159
55629	65110
5547	10970
86	6599
3838	6790
5347	24137
846	4829
6223	9790
972	5641
332	5528
6173	6230
699	83540
2833	83756
1161	5887
991	11004
5558	8317
10155	201514
8453	26043
641	6118
6142	6227
6160	6169
1129	1950
3827	5005
331	6233
6418	7514
8658	80351
6171	6173
25929	57122
6133	6208
11127	51014
695	7454
161	867
4712	91942
378	11014
10885	23160
10952	58505
1478	9128
185	2862
6231	25873
2197	6147
6161	23521
2623	3674
2200	3678
1969	2268
1880	3579
3434	3437
6138	6161
5865	23011
6461	9564
891	29127
3903	22918
6129	6233
2242	9855
389	9938
8673	10970
5861	10540
10395	23371
9793	84902
10693	11328
8976	55243
6157	6176
3672	3913
4983	5880
51575	79954
28973	51069
9126	10592
1824	5266
6175	6201
6249	81930
5880	8324
1737	57546
6154	6155
11059	23291
6207	6223
6170	6206
5339	6157
639	3662
5394	5822
4288	51203
11339	100526739
4093	56963
6161	9349
6188	6203
80155	80218
335	5948
6169	6223
3054	81887
57504	333929
4540	4713
6147	6170
2695	10266
6222	6231
55143	57405
3921	6164
4709	4710
55720	84172
5528	23047
6154	6160
4544	5443
3192	10523
1915	6144
7428	26259
5930	80204
3683	84329
963	5795
11127	23095
9793	55755
5725	8672
5970	6667
1781	4735
5903	54821
84135	134430
2033	7874
8463	25937
5741	7434
1387	5469
8607	54881
57678	253558
2197	6234
26267	63893
6128	25873
9844	10458
3184	9343
51692	55749
2491	57551
9816	9875
2305	9833
2917	27199
6863	84432
4172	5422
3178	6294
3909	3918
2863	7204
6202	6235
4707	4717
5529	5781
8085	25942
7164	152503
2197	27340
102	1495
2197	6169
1933	6218
56902	79954
3006	8337
55872	83540
1434	3837
2222	4598
5977	6602
60	10093
5695	6500
5286	6272
8085	26523
1121	79090
6235	9887
51023	122704
6168	6218
6137	6154
8976	10552
9212	79003
84163	389524
5048	81565
2692	2843
2197	6230
4695	4725
726	831
988	9879
2242	3320
8337	317772
3178	4670
6137	6141
6155	6222
580	1111
51203	56992
4710	4715
6136	11224
5111	7329
6175	6181
6143	6201
5196	5473
23325	387680
219968	285093
5733	6751
9662	10733
5361	7305
7311	158506
1058	151246
11316	55850
6218	25873
51023	116541
6130	6169
3609	4670
6141	6228
163	8027
8655	10671
2065	3691
11167	84141
988	55631
1062	9493
11004	22974
10733	347240
990	84515
23223	64318
2588	9798
10403	51143
1981	6139
259290	259293
988	5985
6175	6218
51645	85313
6117	10714
2177	2189
8638	10379
6218	6228
6142	7311
57111	64284
6167	9887
383	8993
885	2846
1856	8673
4952	6233
9967	10432
6613	7421
6169	6171
3183	6628
4736	9349
2197	6168
7311	57530
4050	7124
2033	81857
6128	11224
8704	55624
4540	25915
10013	57649
22854	57689
54732	285643
462	2155
3921	6136
9184	57405
9363	64284
701	56992
51234	55831
2153	2243
2266	5345
4886	6751
1453	6227
6224	6227
3481	5005
6159	9045
6203	9045
9820	115290
5707	6790
1111	2177
1994	10291
6157	7311
6133	6136
11100	11338
1398	3055
8976	10787
335	2243
2207	100049587
2064	5336
6434	10432
6233	9101
10250	11338
163	274
1857	2932
2648	9013
23047	113130
3422	4597
10376	203068
55055	348995
4712	51079
813	6790
6157	6164
26043	54165
6168	6230
6157	6189
2801	9276
2107	5515
2801	5862
6125	6168
6160	9887
287	10121
4736	6235
466	1386
4939	54739
6157	6228
10413	60485
6132	6167
6147	6222
5861	10890
9138	29984
332	79172
4707	51079
6168	6231
4670	23020
4172	4678
6210	6233
6128	6146
5706	51053
890	55355
1956	5796
51639	84844
2521	57794
3482	26130
701	9824
11052	51692
6188	6204
3491	3913
6165	6206
3921	6232
6385	10755
6426	220988
6209	9349
11102	84946
4998	5422
3619	23279
6202	11224
1634	4060
1933	6228
6188	6229
274	8853
2912	4886
140456	148581
10484	126003
5439	6119
6170	6202
6139	6189
1062	7272
6176	6227
6232	81930
719	63940
10096	10097
3837	7175
4141	7453
1793	100423062
102	6556
6801	7871
4670	11338
4702	27089
6125	6222
2811	2814
7057	83706
3015	5436
378	51014
2268	6774
2247	3685
26005	84902
5822	22984
4069	6036
1981	6175
7316	22954
6206	6218
8924	22888
4735	79867
10094	10095
79869	84248
689	4666
11091	81887
1902	9002
3178	27316
1062	10592
9493	9787
51650	64951
6138	6168
6136	6233
1551	1576
9636	23586
51382	160364
6133	6188
8349	121504
3882	3886
6159	6165
6747	84061
64792	92104
701	9700
9875	27340
6152	6161
5516	10213
6317	6318
914	924
7204	29933
9493	24137
3827	4295
6133	6232
5870	10890
7326	26259
4725	4726
2132	2817
64928	64979
6223	6235
50506	90527
26235	158506
10121	79867
2814	2815
9738	203068
1457	10051
6233	7178
3909	5829
4540	4541
116372	257194
6418	10592
11190	54820
4599	10964
2641	346562
9277	51010
6161	6206
521	522
5557	54962
3932	29760
2322	6688
6429	84950
3912	5747
2617	8565
6147	6234
6632	6637
10403	10615
4620	8735
1452	5515
566	4069
29126	80380
10640	23265
6165	6207
6147	6205
6169	6222
324	5699
8189	10921
57154	65264
2846	84109
991	83461
9883	23165
6714	8976
6635	6637
4331	5436
2793	283869
8662	9669
5717	6790
1329	10476
6159	6229
6168	6205
1058	81930
1432	6885
23168	27125
54820	146057
1902	2767
8453	9666
6138	6156
830	1315
3921	6208
6218	9887
6189	6222
7249	7532
6156	8667
10285	51692
10403	64151
2792	2911
1291	3672
824	5829
5707	200734
6210	6222
26173	79034
5898	5899
5829	10787
7272	9833
6124	6202
2832	3827
1824	1825
891	55839
320	5864
701	4288
328	10038
4343	6233
2635	5371
6129	6235
23332	25936
7536	27316
2491	22919
3921	6194
2149	2151
2197	7178
6136	6181
2197	6176
752	5217
4700	29796
6428	22826
377630	401447
25	5893
63967	84515
4670	10657
322	333
6129	6189
6234	9349
8365	653604
6164	6227
6944	81611
27089	29796
3685	5023
2207	338339
5693	5702
6144	6229
26123	79600
2537	10561
5698	6890
1453	57787
3688	4233
6146	6203
79867	84902
6923	285231
2537	10964
4540	4726
891	9183
6175	6230
6203	11103
2695	7434
56165	91646
6204	6224
6122	29997
6139	6203
1387	10498
7311	23118
4869	55706
3565	3567
2073	8451
9276	9632
51725	142685
514	4713
4853	9253
27334	55970
9212	26271
51143	57405
6143	6169
7316	7328
6147	25873
2965	6749
64981	116541
6130	6218
26091	151636
23279	81930
344892	390063
9655	55832
6209	6210
6159	6235
9439	23091
6173	6232
1577	54576
4288	7272
8969	440689
5928	51317
204	4508
1233	5196
4694	4710
1660	2130
6203	7311
6134	6228
4713	9377
6223	7311
7311	89910
6157	6232
6204	6234
6229	140801
399	7204
118487	128308
6132	6171
302	5834
6601	55193
79473	344892
1314	10959
722	725
595	891
23212	65083
6157	6234
2491	9793
26589	219927
6133	6222
5368	64805
3921	6201
55755	347240
5586	5879
6169	6194
2957	51616
6194	6228
6233	6234
64781	340485
6129	6175
3683	3693
6164	25873
8085	9739
1933	3921
6850	9564
996	8453
6386	10487
6155	6167
4736	23521
6189	7178
332	2305
3183	6432
3921	6209
6160	6165
5430	5985
6161	6223
6155	6228
3061	84109
5439	8896
1241	29933
3913	5829
3685	84329
8243	9126
6426	6434
2185	6461
9875	22984
55142	203068
6161	9045
3646	8667
6160	6229
4172	10714
6152	6204
1537	4728
6233	9690
3376	51520
701	3619
6144	51187
3192	6625
6208	6223
6160	6234
3274	55970
4173	4175
1962	7311
5519	9126
8329	8341
4208	4209
1439	5568
6169	6170
9867	53339
51021	84545
3683	7409
7994	9219
23122	113130
6429	10236
5438	27258
6135	6229
7341	129401
6130	6222
7184	7466
635	29958
54620	80204
1824	1832
1144	1146
1062	9700
8329	8349
1439	3635
10949	23658
389	257106
2846	3061
1660	23283
6173	6224
6135	6176
3688	3693
146	885
4999	23595
3437	23586
9439	9967
7840	84902
7027	7298
4841	6421
3688	375790
55388	81620
6138	6141
1121	51715
799	1812
3091	6233
54998	128308
2222	3422
1902	7852
4736	6194
2071	8450
1515	3122
6157	11224
8349	126961
3312	8871
9700	57551
891	1033
6709	11014
3091	7316
5518	6235
6133	9349
5335	8698
4957	55755
5432	11051
6636	10465
3422	4598
6207	6232
8451	9730
6142	6155
1406	4901
10749	29127
86	57634
514	4724
6136	6138
5438	6633
1933	6202
138805	344892
6134	6175
11130	79172
393	11015
3695	5747
6161	6171
6139	6161
3683	10857
891	5515
6136	9349
6132	140801
10376	10693
4543	5733
6155	6208
672	84464
332	1063
3133	3134
7178	25873
5426	23594
9493	51014
26589	64928
6158	6228
6430	27316
9320	65264
6129	6133
8766	10890
1829	2125
11218	55746
940	5879
6688	7305
6430	7919
393	29984
1969	5747
1741	26037
6161	6165
636	22930
4620	4626
6500	9604
9833	259266
6628	55110
51203	55355
5741	8074
10432	23435
54998	118487
3594	149233
29093	118487
6167	10952
3558	3717
2799	5834
1969	7525
51585	79869
6189	6227
6232	6235
861	57332
8945	65264
27252	55585
24137	259266
22974	29127
400	57511
4736	6165
824	3688
996	51088
50838	259293
332	1062
1981	6135
6161	6224
6144	7178
10274	79172
6890	6891
6170	10952
3627	6751
2730	2937
23326	79595
90025	221687
10921	27316
1660	3181
813	3371
6188	23049
3192	5093
3655	7057
10484	56681
10890	51715
3685	4240
7317	140459
6194	6223
5296	10818
6790	55165
10403	113130
1327	1337
5204	6637
5196	6370
5739	59350
51079	54539
6156	6233
5179	6751
84231	90678
4695	4713
4626	8735
64284	401409
8544	10787
25836	29072
6143	6181
514	1350
8945	154214
55720	57647
185	2641
9675	57521
6142	6171
891	10592
1937	6125
26043	55666
3437	91543
9320	89910
10153	55131
23014	79791
6143	6233
5660	326624
26190	54165
23291	54165
23160	84172
5928	10014
5928	192670
108	4543
10733	163786
6144	6165
11130	79902
3673	3912
4713	29796
3170	3651
6138	6189
2792	2918
890	11339
506	8802
8452	26091
6161	6203
9133	10403
3017	8365
11338	23511
2740	5739
1660	27316
6176	6208
6461	6714
1282	1284
6146	6727
26271	51053
3688	6709
1462	3915
6169	6228
5451	55718
5869	11021
57405	113130
1894	9493
6124	6160
4538	25915
6128	6208
65083	84172
890	4999
10388	25777
9933	84365
6233	653604
6233	89910
6207	9045
1902	8477
54620	84231
5566	23332
1439	5777
2912	5173
2064	3320
6233	7098
4627	5898
2962	8175
1387	8289
23291	26190
8886	55127
4048	126014
6138	6229
6161	6222
6176	6206
6155	6169
6330	6340
6144	25873
1908	1910
6201	6206
6830	55677
6155	140801
9493	11113
6204	25873
23160	84916
3832	10615
152	2912
7311	55669
1660	3191
6169	9349
930	974
2798	10886
983	7514
1727	5594
23412	51725
11098	84141
4538	4541
6135	6146
5519	9183
6338	6340
1287	1288
3015	8290
7155	8289
1495	8394
84648	353145
6363	6373
6233	27327
9382	9827
2992	8908
2033	5929
351	9002
3909	6385
1959	2146
57082	79172
3881	54474
4171	10036
4670	23435
8843	27198
6173	6235
6132	6170
3886	54474
1942	2268
1340	27089
55114	89941
6209	6227
6164	7458
3913	10970
5528	79172
4542	4641
6309	6713
27125	55840
6202	6228
174	2243
2521	10236
6164	6206
9655	10489
3185	5094
1395	2848
6139	6208
6133	7458
5695	5700
3433	10561
387	7046
6146	6160
338	51156
6152	6234
29089	197342
26589	28998
64963	92399
3190	11052
1906	6375
6170	6173
945	84418
3832	10592
23160	25885
6124	6133
1660	10492
899	22888
5433	51362
6430	220988
6135	6169
116540	116541
9020	10673
1002	1006
1933	6233
6142	6167
6141	6154
6168	6203
6205	7311
6138	6232
4736	6203
6189	8562
10592	11169
9585	81930
4707	4709
3619	10403
6155	9045
79600	84902
1233	6370
963	3685
7329	197370
7328	57154
3191	3609
344892	390058
1511	1991
10657	11052
6159	6189
1347	4713
6155	6168
6138	25873
2197	6227
114	259285
1741	22941
3681	8515
6164	6208
6135	6144
3866	3875
5868	8301
8945	55031
11222	56945
1660	2521
5518	6232
6147	6154
9972	348995
4889	5733
5202	10471
7317	9820
905	79577
3689	7305
3304	10963
4712	29796
23095	24137
10466	79571
5903	57551
4713	4724
57551	79172
6169	6203
5887	8450
3973	4160
3350	84539
891	24137
991	64750
143279	154214
3376	8565
23355	27072
6181	6209
4707	4713
6170	6227
55008	64750
6202	6209
6157	6175
84366	360205
10112	54443
5695	11047
8301	10096
5529	6233
3918	4233
5929	23067
6161	6201
684	4939
3725	4772
8688	286887
9349	9887
1058	11004
3191	7536
9551	27089
2863	55970
811	3309
6171	6235
3685	10970
6170	6175
10489	79654
10112	51014
6122	9349
1001	3728
1173	6455
680	4829
6165	140801
1062	24137
23160	55720
4436	5426
1601	8027
10426	440145
1660	5725
6204	6229
6138	6173
3091	84962
712	7305
5347	6232
1793	8976
6518	326624
7328	23608
1717	3157
6189	27340
7337	8697
399	5879
1282	1292
155	6344
1453	6232
6173	7311
6176	6229
1241	1902
7343	9013
7311	151636
332	79902
1173	9341
88	4626
10254	51652
1511	4332
1398	3685
6556	84418
6181	6208
10272	11098
2801	81562
7421	10036
4176	8914
3240	10394
29894	51593
3190	11338
6234	23521
643	10803
6152	6233
6188	6222
595	4602
80321	91147
514	4694
80097	653784
10802	10959
8687	8688
9833	64151
55872	64151
1778	6232
9283	51764
54734	339122
4829	5737
1524	6370
1269	63940
5451	25896
5435	6637
4172	9700
566	5657
2207	5338
152	1129
2239	10082
1291	10491
2131	6385
6206	6209
7311	23521
6130	6205
6164	6201
6152	6189
5529	57551
1894	259266
344892	390064
1656	80153
3561	3635
5519	5781
8886	84916
4297	27043
8356	440689
4853	6868
6827	80349
830	55604
1291	5033
6790	7283
5528	23332
7311	140801
8570	11052
389	399
7453	8565
2846	4923
1453	6231
6209	27340
26043	51122
6139	6204
8347	8365
945	100049587
6631	22826
9918	259266
1557	1559
1116	1991
1778	91147
9133	9493
6227	25873
7474	8325
6130	6139
6147	6165
7018	9829
6625	11338
6156	6222
1452	6500
1994	9416
6167	6204
6171	25873
163	1601
1315	8729
274	6453
7175	57122
3767	6833
65264	115290
4904	9410
6156	6189
55212	84100
3683	3695
109	59340
6168	6204
867	5781
23160	56902
6637	23524
6142	6224
1933	6133
950	8976
5111	6117
1364	100506658
983	29127
3685	3688
6138	6210
10714	23649
2222	3157
156	8477
8334	8970
3635	5777
9757	23067
1876	10445
2033	10498
10283	23517
399	9411
6164	55176
64386	84329
1500	7082
51382	222487
60560	80018
3111	3119
3362	5443
8615	9276
6498	64750
2975	9329
10733	203068
160	1601
1559	2326
11275	283807
1660	51692
9886	84144
2521	3185
891	7316
10540	57545
3882	8688
6122	7178
51264	118487
567	6890
11339	79172
7415	10383
5717	8453
6774	9021
7311	121504
4718	5284
140458	285231
6129	6167
6176	6235
55781	134430
9437	259197
65264	90293
6207	6235
3190	10492
5708	84962
152	4543
2769	5335
2912	5733
6165	11224
2147	2266
6165	25873
205	513
1824	5493
10540	121441
336	5948
988	55183
197	338
5516	6500
800	10398
3673	3914
5516	55055
259	3698
6164	6188
7124	7316
1894	5347
389	5217
1857	27130
904	5451
3192	10921
3856	5493
6147	6193
5711	6233
22954	64219
26476	344892
7204	55970
3660	10475
830	10466
6169	6227
126638	353135
2150	10800
4686	9128
26118	51088
8243	9793
4045	7070
988	1994
6147	6201
6136	6157
1058	10726
6203	6230
4904	84950
5584	56288
10959	22818
10540	24137
335	3698
5519	6801
226	2539
2268	5829
9655	26190
5422	5983
5704	5718
6233	57154
5048	11190
727	846
116	2740
3895	5954
6207	6233
4738	9978
5422	10592
1008	1013
7132	10616
3710	5575
2597	7167
6137	7178
9493	10540
81537	259230
6233	7311
1116	3240
6152	6231
27241	166379
640	3932
6202	6229
58	60
10403	55143
9037	23275
796	6343
6129	6173
4008	144699
2960	2967
2305	4288
6222	6223
330	8887
3640	53831
6155	6181
11103	56902
23197	26043
9277	10153
3921	6189
3838	22974
2036	8573
28959	55365
6159	6170
3111	3127
4641	5898
6168	6222
6157	6173
6158	6208
7311	10818
6249	10540
991	51088
6383	10082
4725	7381
5976	56006
7936	404672
6223	6230
6142	6234
5094	9416
2033	4089
3437	10964
6168	23049
3659	10475
2782	26086
5093	10236
6714	10298
1400	10570
5493	11187
2359	5196
972	3119
1902	55970
3071	10458
3895	5879
6165	9349
6161	6168
1793	9564
1667	1668
1605	5747
6146	6201
26224	84085
11014	22818
1479	84271
6518	10970
6790	10112
1605	29954
685	2069
1660	1665
6427	220988
5516	5903
23332	80321
1277	22801
522	4713
6170	6235
1500	6714
6135	6138
1308	3918
1937	6133
3937	7462
3434	8638
55720	56902
6222	10399
6144	6209
9114	127124
51649	54998
7204	8976
3683	57153
7337	26046
4715	4718
4758	54472
3921	6155
6139	6210
3915	10298
4014	5317
1121	22930
988	55705
3799	9585
6036	6037
6047	9320
6129	6228
3111	3118
4670	10291
6157	6159
4738	6923
966	5023
1630	137970
7514	9972
1778	4867
6135	6189
1783	9371
2197	6204
6827	51755
1062	1778
4736	7311
6155	6218
11022	143689
6146	6204
6809	9341
10121	80184
8452	9870
6136	53918
917	1759
1983	6175
90293	285231
2788	2863
9700	81930
26046	197131
302	56729
9341	51429
11073	63967
9739	23112
6222	7311
4710	4726
5694	7979
57787	146057
1191	10916
675	27030
1639	10112
6129	6138
3912	4233
5880	27237
6136	6167
6138	6224
7096	10333
1933	6130
6159	6202
84902	121441
7516	56655
3685	8514
988	10403
8568	22984
6137	6222
51649	64976
3267	5868
6137	6176
945	2207
2305	5518
54552	55720
6156	6203
2896	10493
9655	57542
6136	6139
5869	8027
1282	10536
51510	51652
1595	4597
1639	22919
801	6263
6155	6176
6222	6233
3123	7535
2696	53831
940	3695
344892	387748
10539	57019
8290	121504
9972	51692
6288	6863
3192	9716
9219	10919
5981	23244
930	973
2243	3827
29984	171177
1937	6222
5335	7305
60	57591
2537	3433
1595	6307
26091	26190
6453	54874
6209	6233
824	7525
8648	96764
6430	6432
1933	6138
6181	6224
4512	4539
993	1111
3921	6143
4584	140453
11051	55660
9585	51014
891	9493
1435	8542
6222	6224
6146	6202
6241	9700
2059	5294
6427	6434
1329	4726
1129	6572
4830	4831
6189	6193
6139	6141
1650	3920
1062	3833
3274	285601
7324	79876
695	2207
23047	57082
121391	286887
259293	259295
3482	5868
6147	6181
705	84154
4886	4889
79664	92105
10900	284069
699	9824
4641	11127
6202	25873
5427	9768
6143	6173
3178	6430
5928	57690
26190	65264
4297	23309
1022	5887
8816	51122
4695	4726
6202	6233
891	5861
3009	3024
1938	23521
4069	5657
1398	10458
5048	9183
26190	55832
6137	6160
4735	7283
7316	9929
2792	7434
6428	57819
6155	6203
3685	3903
9969	10499
6201	114987
8329	653604
1495	51474
2810	3918
5518	6167
51172	84572
9031	221830
1856	7314
2932	5711
5880	10298
5589	23193
6144	11340
11103	51575
1017	5707
2967	9014
6129	6202
348	5360
8871	9341
3184	9716
5566	7283
6613	7341
8648	10498
4666	6137
6923	9978
6168	7311
22854	50863
1062	9787
29093	51258
6161	23049
890	5347
945	10857
7454	7456
3017	440689
25831	143279
6233	221687
7474	8324
6047	9867
55131	64318
3105	3107
1950	2277
5290	6667
23562	53842
6138	7178
389	1894
830	10652
7979	139285
8655	83658
50835	56923
26249	150684
6141	6202
6130	6228
1788	6045
10574	10963
197	3698
6432	10189
6207	11224
1665	9879
6202	6204
566	6036
51433	246184
153	155
391	394
3015	79682
6122	6208
1778	2491
5433	6426
4332	6037
9972	55339
1453	3921
3978	5426
8514	79895
9055	10112
8106	9410
3881	112802
6169	6181
2305	5347
5330	8477
23283	27316
25926	51096
1933	6144
6830	26043
623	2861
56624	259230
9015	284119
890	9787
8760	129642
8334	8365
5501	57551
6154	6164
1453	6218
11338	23636
6159	10399
79682	113130
2922	84109
3903	10857
5981	10051
10733	79441
7514	23279
3434	4940
837	841
3663	23321
9984	23279
2817	6385
999	3728
2033	7515
1088	170482
811	10130
932	966
6234	140801
5660	84061
10250	58517
6135	6136
1329	4701
4736	6188
5424	5426
55746	57551
3978	4172
5528	57405
64761	83666
23197	56729
1398	5829
6156	6159
1495	4301
2770	55970
5023	10970
570	7311
1660	1994
5426	9126
10236	51729
1950	5159
6205	53918
1487	5928
9371	64837
7175	51692
10466	10618
148	2869
1495	6714
6152	6207
6137	7311
146	1909
6141	6159
2799	23526
6152	6228
9371	51014
6176	6209
6137	140801
84128	84946
57413	58191
5903	10274
9354	83737
6147	23521
151648	348995
7311	64750
5861	11015
8467	9188
1794	5880
79682	387103
6194	23521
332	7272
50865	64805
8886	55720
6154	6165
5896	5897
9967	9968
10635	146956
10403	348995
841	1281
3486	3491
640	973
6202	6234
1991	4069
6155	10399
2641	10203
6206	6230
87	1499
6319	6720
10427	126003
7514	23332
5869	22905
3157	4597
2956	9126
3191	9716
7321	65264
6181	6189
813	7184
1345	4695
4700	4726
3978	4174
640	29760
2186	9739
338	2262
3320	9844
9700	51434
6227	6229
23014	64410
3054	6872
6869	64106
6138	6227
10256	54845
1398	1793
23304	57531
6144	6154
6868	11319
1268	9294
966	10652
1950	6572
10869	63891
6457	6572
6209	140801
6227	6727
11325	83443
5179	7857
2099	8202
1559	2327
27097	79595
285093	390191
6181	6205
3326	10576
5869	8976
3192	11338
904	6667
6228	11224
5111	5434
1315	9371
4736	6202
6164	11224
60	5879
26239	353132
2790	9138
6176	140801
3692	10969
472	84464
10540	57511
4599	10379
3797	285643
7311	54874
1129	6751
3430	8638
6164	9045
10112	23095
8688	8689
10693	55970
5868	64145
2023	5230
9972	23511
6161	6173
2033	2072
6752	10563
3190	23435
186	2913
9892	10092
846	50838
25	5159
3320	6461
5879	8976
1499	7534
3163	3725
3875	3880
3675	3688
1783	51014
3912	10971
4738	9616
988	7112
6137	6235
4174	7298
9055	22974
1727	5707
7311	25873
6175	6208
7039	10652
22995	23332
3512	100423062
9690	57630
7175	9877
5829	23209
1394	4160
3915	11098
1537	4722
1029	1030
1991	8635
6637	11157
3183	27238
6167	6181
123904	146183
7520	55183
1233	56670
2155	2159
6152	6235
4513	4519
9045	25873
6208	9887
53981	85313
9787	10615
212	2623
5347	29127
9978	140458
6205	6223
22984	79039
6168	6224
2801	2804
6159	6167
251	23627
10733	55142
10250	11100
351	3912
5708	7316
4695	4709
4539	374291
7280	347733
2788	5368
3183	7919
9320	55236
5699	51684
991	6232
5660	55970
51650	54998
3691	3909
3181	10594
5501	23122
23295	84231
1000	1012
1822	57504
6165	6168
1933	6224
7311	55914
999	144100
3190	3192
4173	5426
8987	199675
4297	51230
6136	6165
2491	5528
4237	10516
9787	259266
2204	160364
1290	1292
10112	22974
383	1669
8334	79019
1830	5266
6173	25873
1062	9585
5294	55970
1936	6132
6227	23049
6203	6231
9928	259266
9870	64219
3685	6518
5870	8766
4297	8085
7454	10787
6754	50837
6202	6210
6708	6710
6194	6206
996	23291
6129	6143
3105	6890
6709	56729
3309	29927
6049	8881
1994	10594
118487	219927
846	339403
6168	9045
55	154664
8581	154064
9551	9556
8945	25831
2914	4988
389	90627
5705	5718
4116	140801
4535	4539
4952	8976
6208	6234
6426	6430
2268	5747
1778	2801
6125	6167
10161	257313
6144	6158
6133	6194
915	3702
10291	27316
9700	10051
3267	10618
1063	3619
967	25798
6156	6171
3687	22918
79583	79867
2793	4852
22974	83461
1462	9469
11325	51690
940	8516
6189	6223
6128	6203
4726	7388
351	10970
51003	400569
6428	6434
3837	57122
7337	9320
1453	6204
6205	6206
6146	6227
6147	11224
607	8945
108	797
4735	11190
4718	4724
890	151648
595	6777
8945	23014
51320	55175
6218	10952
1062	6249
5001	10926
22930	84516
3695	8516
991	54908
6137	6201
11339	55143
2204	338339
8655	79023
325	3015
146	886
6229	27340
5869	51715
4174	5424
9875	55127
471	441024
6138	6147
4536	4537
6233	25873
3109	3123
10022	339403
4694	7388
5725	11338
8573	57669
1277	8974
5199	10394
3913	375790
2207	8514
1366	4072
8615	10959
335	2262
595	6776
226	2821
6137	6147
4763	7311
10014	57459
6160	6206
79600	121441
6129	6232
332	9700
727	50835
3491	3895
6132	54512
1230	29899
6137	6138
6130	6168
1822	6045
4992	344892
6168	6173
9553	51650
3190	27238
79682	147841
991	9918
846	259292
64837	81930
2033	26523
675	5983
23291	83737
23	6059
53829	57413
6170	25873
1956	2064
6141	25873
4735	151011
23423	54732
332	9787
2058	4141
6159	6164
6155	6223
6993	8655
695	5335
5707	126374
3832	54892
6142	6205
6171	6231
57674	64718
6203	6224
10193	25831
6202	6227
1236	5443
5422	10714
6206	6223
3702	9402
2197	6203
10458	55740
1781	11015
6168	6207
6128	6170
5725	10236
6129	9349
8347	8969
10533	26091
6616	23218
4540	126328
5978	80012
6224	6230
26235	90025
1781	5516
6233	6235
5829	10298
8365	85236
6207	6209
6233	23291
3673	3675
5861	11014
6128	6142
6147	6224
5432	6205
5441	84844
51602	84128
3157	4598
6141	56915
6461	9844
6165	6176
2251	8823
29974	403314
6232	23049
6160	6233
4686	23511
6133	7311
3842	10527
1656	54464
4116	9349
3135	3821
9318	11275
146	2869
3856	144501
8356	653604
3017	8969
6159	6181
6125	6128
25957	51747
1387	8648
6229	25873
6168	6210
25879	56902
156	2767
5707	7321
6793	8673
64386	79895
7175	10250
3619	11004
6201	6210
23224	23353
9833	11065
6144	6206
996	5717
6194	6222
3203	3204
4686	11338
8976	55971
23279	55746
146	2922
6222	6228
6128	6232
2767	5599
6128	6201
10652	11014
6133	6207
6144	6175
4736	6173
6194	6205
3921	6138
776	51764
6154	6203
1105	4343
6233	440689
10285	11017
3240	5004
6626	10523
4509	4539
6204	6235
2521	27316
23301	30846
64979	116540
778	10369
514	521
2788	27334
23279	23332
6143	6147
6231	114987
10920	10980
2207	3689
4171	5984
719	8895
6202	7311
1778	81930
6208	6727
57530	100506658
3833	81930
10051	64151
996	5708
6129	6230
8915	29775
1387	9757
54677	83752
2537	3434
1946	5294
5706	5718
521	9551
941	942
56929	79176
1479	51362
2033	23309
4793	5714
1287	3685
6139	6155
5707	10576
10652	51014
6206	6233
6138	6176
11329	55233
5868	9341
208	51230
6158	6223
4724	4726
22995	27229
10481	360205
3133	3659
409	950
6202	9045
377	10540
259290	259294
891	7531
5501	9126
23112	26523
1793	5880
6136	6203
3669	4939
2633	117854
3837	55706
1103	162466
2197	9790
1981	6228
6631	57819
5528	5702
7458	8662
2932	23291
3978	4176
4174	5111
6128	6175
1387	5929
6132	6168
7272	259266
4736	6144
10274	151648
22995	163786
6181	6235
3860	196374
2159	2266
6165	6232
57187	65109
9320	10193
6228	7178
6173	6176
6209	9887
4540	4710
1340	1351
2033	23067
3691	3918
1315	23303
6154	6169
3849	319101
6210	6218
6229	11224
5347	81930
1783	5861
6144	6167
886	1909
534	7037
389	9322
121504	440689
2197	6193
1793	7525
1994	79869
6194	6201
29984	64333
11251	56670
6142	6202
6146	6164
10383	84962
55970	126006
5591	9656
54820	55143
81	9564
891	9787
3675	3909
399	257106
1302	50509
3055	5788
3113	7535
1477	24148
4700	126328
23223	79711
8356	126961
1337	1350
6207	6222
121504	333932
7298	10403
6208	6210
399	9938
3921	4736
5905	6232
4088	64750
2958	5435
3887	3892
2317	54751
7305	10870
5558	23595
5430	55215
6156	6235
154214	221687
220134	348995
6202	6224
6159	6194
1062	64151
8648	10499
1656	27161
3071	5829
4540	55967
4694	4724
6167	6235
2491	3619
6147	6168
57129	65003
4670	27316
4736	6176
8329	126961
4837	284119
6154	6168
2521	6434
971	5336
6125	6194
9320	25831
3921	200916
6230	25873
6175	6207
6426	10250
1665	9128
22954	23014
120796	344892
6128	9349
1829	5493
6235	55127
26123	57545
54960	79833
378	55605
2358	338339
4543	5173
4887	346562
54998	64976
5347	51343
2848	285601
6139	9349
6171	6234
1956	5328
51	6233
6189	6232
6139	6168
4707	4724
5726	6755
2359	11251
10914	53981
4751	259266
9277	80135
3683	64386
11073	84126
2965	8731
6227	6232
9790	55127
54657	54658
54821	81930
2168	2169
8347	126961
11113	259266
332	991
932	2358
2792	138883
7398	10714
6142	6207
84962	126374
6637	27258
4116	6160
6135	6227
9493	51143
8826	55109
6233	10401
55839	55920
6139	6176
23049	25873
4724	7381
10427	10484
373	7322
81696	344892
6233	11059
1668	728358
4536	4539
1536	338339
1665	3192
1660	3185
8886	23560
6124	6169
4116	29107
8563	23225
8886	56902
10112	10749
2572	6857
6224	6727
680	2798
160364	338339
1212	134829
5868	22848
6159	6193
3710	10235
3156	6307
3683	79895
9113	154810
695	7525
5739	5746
1909	3061
8924	23030
6133	6169
5528	10403
6181	6207
2165	2244
4738	6635
55142	440145
7316	91445
88	3479
5717	126374
1499	5708
6129	6136
10155	79943
6307	51478
2064	7525
8924	8925
148	2837
988	55660
8905	8907
1088	23601
6129	6156
6181	6233
3491	10970
302	10577
4736	6156
6142	6203
727	259287
4678	83879
1645	1646
55125	79959
2197	6137
51289	259293
1453	653784
963	10857
6184	29927
4700	27089
3685	80781
1069	27077
3683	6518
148	1909
3827	5020
1022	6929
721	3426
3357	56923
28981	79809
6453	29763
10403	55355
6201	6204
10930	29974
6209	6232
523	155066
2197	10952
10799	88745
657	9765
6138	6218
3190	10949
1386	6602
3192	5725
1933	6169
6139	6193
9493	29127
2266	3026
6156	6170
1601	9341
3913	10298
8925	53339
983	7321
988	9611
2107	6173
8295	79595
6208	9349
6135	6210
6159	6207
1299	50509
8329	8363
9341	51542
3491	3915
87	7791
6223	51187
9870	57542
10484	90411
6427	6432
8329	85236
3691	4233
4233	8976
6201	6222
2131	2132
963	7805
1915	6142
566	4353
7525	10298
6129	6152
6122	6129
6167	6224
1933	6209
259292	259295
10376	150465
10592	22974
9045	10399
47	1431
5001	222229
5829	6461
3659	6737
8688	121391
51421	60485
65264	143279
2832	117579
4734	89910
5196	94235
867	26130
10664	22976
7289	23432
6167	23049
6206	7311
1933	6181
6923	23198
2873	8945
6142	6156
6138	6165
1062	151246
916	50852
398	5880
3717	4352
4035	5159
6708	11280
8329	8337
7919	27316
203068	440145
7328	9690
79659	150737
1398	5599
6185	84061
84231	197131
3832	9700
4171	6749
4709	27089
4332	6036
3852	196374
1676	3837
2911	594857
2243	3698
332	24137
7479	7484
55635	259266
23122	23279
5708	5887
1062	259266
3192	27316
7311	257397
84105	347732
55142	146057
6152	6194
6170	6204
57381	57569
87	3688
1994	9879
905	25896
57153	160364
4057	56729
6230	7311
6133	6139
6128	6165
60	10095
4735	23265
6130	6230
7175	55746
11014	51014
1315	81930
10992	27339
3444	3451
9133	51512
2033	25942
5708	7415
1161	51397
6169	6204
4738	59286
23332	27229
6160	6176
6700	353132
6138	6194
79895	199675
7316	11001
3685	5795
3183	5094
891	1781
9128	55234
1983	6133
5590	50848
6130	6181
6139	6194
6136	6194
6130	6191
3355	5179
5173	5733
5516	151246
8349	440689
2792	219438
3949	5869
8322	8673
5201	84617
8477	55970
4173	7298
3074	5707
778	779
6169	6224
27095	149111
4691	22984
51602	84154
10952	25873
6118	10459
335	462
522	84833
7871	8428
3364	5810
988	10236
6921	55284
4738	5693
2869	2922
57521	389541
3301	3304
2197	6218
8615	10802
6189	9349
1325	283869
983	79172
7272	10733
6869	347148
727	56923
5599	6272
971	974
4867	79600
8875	55350
6175	6224
705	51154
6139	6224
1062	1063
2535	8324
3915	59277
89910	154881
1557	1576
6154	6229
28987	51388
2071	9015
389	10398
81930	83540
9782	23435
397	398
6181	9349
3903	64386
5562	5571
6152	6224
891	6790
9183	79980
51289	259292
6144	6152
6157	6233
6234	6235
161	5869
3354	6387
11339	54069
5347	5528
6601	9031
1778	84902
3185	10921
11004	259266
23327	89910
10112	29127
5425	6117
1277	5118
377	1783
6233	8445
351	78991
891	1058
3856	3875
8453	9320
2814	51206
56165	136991
10112	64151
84231	140460
338	3827
10236	10291
846	5737
6428	220988
6870	51764
6124	6228
3183	27316
6224	9887
1058	55355
6218	6222
185	4922
2197	6158
2305	55165
6154	6227
1981	6167
1136	1137
2803	90196
27340	57647
8655	27077
302	6281
57405	79980
514	4700
2132	6385
6173	140801
6230	6235
53637	63940
3913	51280
1453	6223
4736	9045
6135	6206
7314	29763
24137	146909
10236	55339
1269	56670
3627	4543
966	3683
10592	259266
9015	57504
5347	9738
8945	115290
27089	84833
5365	8482
9648	79571
6139	6165
6156	9045
830	6711
6176	6222
4172	6118
2920	2921
226	5223
6142	6210
1911	57504
51602	84365
1665	84172
5781	10818
83551	319100
5930	23295
7110	10618
5433	129685
6161	6209
4709	4726
8655	60673
1981	6202
2792	6752
55872	157313
1788	57332
100	4907
6203	23521
9793	51143
4709	4713
6747	23471
1660	3184
6626	10236
344	26020
6233	9732
5977	57492
1950	26469
29945	90025
6173	6229
9700	10615
5336	7525
4689	7409
7456	10787
2064	5747
6790	29127
10236	10432
1105	23168
9742	23059
6129	6159
54821	55055
3797	26146
6154	6208
5438	6637
1933	6222
6146	6176
5441	79035
6227	114987
2107	6234
96459	201163
345	4036
2197	6201
10914	79869
516	26521
3156	4597
4298	9646
6206	6228
5023	64386
1058	64105
3046	3050
11095	157869
2848	122042
6279	6283
2222	4597
6137	6234
6142	11224
64318	84128
6637	51503
10905	23193
11004	55143
11196	126003
2064	9475
6175	7178
3619	9493
1933	6136
1949	2044
991	5347
10426	55755
6129	6193
2209	2268
4670	84991
813	3491
7004	25937
53339	57531
990	55388
6631	6632
966	11314
6169	6208
5693	5705
26224	55208
7514	57551
3710	6804
6189	23049
3434	23586
9787	22974
945	3685
5516	5707
29984	445328
3320	5829
25897	27252
353132	353135
5438	83443
1822	1912
1043	2350
1639	29127
6152	6208
1778	79867
1778	9493
1129	5179
7456	10458
1639	3797
6181	9045
55320	401541
6714	7525
9349	11224
1915	4736
86	1642
3921	6160
6176	6204
5529	6232
3627	5179
695	7305
2237	23649
6208	6222
917	5296
6165	6229
1843	3304
5526	7316
5422	6240
7979	9978
5000	5558
23451	55339
6161	10399
55168	219927
701	23047
6154	6204
6173	6207
6453	51429
84131	203068
7525	10413
185	4988
5879	5898
23030	51588
1212	28964
1455	2810
3192	6626
1815	2912
5880	84144
9410	10946
2132	375790
8450	10401
6147	6208
6157	6202
6164	6223
1738	4967
3837	9631
5565	51094
26470	253982
23020	51729
3836	3837
3718	50615
5095	55902
55166	79682
23332	25909
5111	10535
886	887
6173	6218
1287	55214
161	8650
6167	6202
9700	29945
8886	64318
891	11065
3913	5954
5880	6453
3192	55749
1500	51474
10963	22948
6429	6434
10013	51317
9787	55165
6202	6223
6124	6222
7337	84085
1292	3685
6233	84231
9318	54165
2203	5213
1727	23526
351	29933
5347	259266
6155	9887
6136	6155
5328	5329
4508	4536
1576	2326
5145	8322
5528	55143
5739	94235
1347	84833
23511	55339
57405	79172
2099	2625
1969	3055
301	55970
9371	10749
3178	6626
3856	3866
3703	6185
6138	6193
11004	54820
29093	90480
4736	6138
3106	3133
1063	23332
6142	6233
6144	6159
6175	6189
2033	23013
6455	23149
8329	440689
2735	6608
7032	7033
26338	65055
383	10394
10413	51421
23322	79867
6698	147409
56729	126014
6836	22820
2073	4331
636	23299
9793	23047
56670	59340
5347	10112
219965	285093
6218	6223
4254	5777
2205	5335
92170	503542
9493	259266
197	2243
5741	594857
4173	8914
885	6343
3111	3113
54751	83706
4597	4598
6137	6170
6193	6218
9133	9787
29933	55970
6168	6235
6122	6234
990	10592
966	51014
9196	27133
11157	51690
11190	26005
5868	5870
10552	100526693
5868	26130
158506	246184
6426	27316
4116	84844
10193	80204
6208	6232
10767	22894
7412	388646
3066	9014
3214	3217
6203	6205
5516	5526
26270	93611
6130	6138
6154	6222
163	5878
10733	79959
6157	6207
3183	3190
1291	5351
6165	6167
9767	11143
6625	11100
24137	55614
4088	25937
80184	117177
336	462
6224	140801
6235	27042
4050	5716
6159	6224
890	10733
5435	55718
2841	55970
6155	7311
1062	5529
138803	344892
6139	6164
4713	4725
26239	353133
2792	2847
6165	6209
6188	6227
6128	6235
5795	55754
338	462
996	65264
8243	23332
6170	6181
6159	6209
1665	10885
2521	10921
6130	9045
6339	65267
1537	6390
1783	11014
5777	7409
9787	55872
1314	9632
2036	4646
3109	3127
899	9700
7520	79840
79867	121441
6128	6159
6141	7311
1350	4726
3183	4670
6751	283869
84085	89910
5432	79577
6146	6152
1129	2912
8907	10053
4734	9604
9276	10652
521	1329
2033	6667
26290	56667
2147	4295
10592	157570
54998	219927
5094	5725
3687	53831
367	8349
6130	6193
3055	9844
6173	6181
6155	6234
521	4724
890	9833
5528	11004
6891	6892
1062	10051
10489	22888
6143	6222
5869	9341
6150	116541
51692	80335
1314	9527
8365	8970
1783	6232
1969	5879
83666	151636
1387	6601
8871	51429
1601	8976
55832	80204
6154	6194
4171	4175
6222	9045
51429	54885
3191	10657
3113	4261
2847	6752
3190	9128
1062	4288
6137	6202
3832	64151
8615	9570
699	55143
6836	9276
6227	11224
9341	23149
4537	4538
6176	7178
5476	5834
4736	6143
6207	6229
1832	5493
153571	153572
3673	4233
10890	11021
8648	84498
518	521
6155	23049
4088	7316
3833	9793
6159	6227
8689	286887
23168	56254
6156	6165
11314	79895
831	23209
116	59350
5903	9126
3361	3627
63915	84062
9210	255738
389	30851
7862	9219
3667	5580
783	2784
6500	142689
4617	4618
10236	51692
1906	2863
9133	56992
7311	154214
6152	6171
6208	6229
6132	6235
2147	3481
6218	9349
5829	9844
4088	7048
5547	5660
6209	7311
8945	143279
54577	54657
29074	219927
6132	6173
641	116028
2916	3351
54575	54600
6141	6234
6209	114987
6147	6161
3635	3718
5361	8829
1007	1013
87	5768
6146	6189
6175	6209
2776	27334
108	6750
6223	140801
6143	6168
6155	6170
1329	4712
6122	6169
8925	197131
6202	6218
2358	170482
6799	6817
1062	3799
5433	55197
10885	23404
5688	5701
4586	26290
5590	23286
7532	80097
1453	6233
8667	26986
51118	51154
886	2846
6155	6232
1933	7178
336	350
1387	9967
8648	9282
6142	6152
5684	5685
6147	6152
1500	4233
3854	9119
2099	9687
6156	6207
6193	9349
9716	10236
29984	54509
391	94134
3106	10475
118430	727897
6135	6194
1994	6418
5714	6790
84962	121441
4343	6714
6203	11224
54148	55168
79583	79600
6133	11224
3915	4240
11190	22974
10907	51690
11258	11316
155	796
1857	5708
6124	6158
4709	4725
2079	6432
6427	10189
5516	5714
890	29127
7153	56992
3884	100653049
27339	57461
6601	6602
3192	79869
9570	10802
2798	4829
1495	5868
3836	3838
3105	5696
50616	116379
10466	55275
813	1435
8514	57153
4033	10970
6155	6227
920	5286
6141	6223
10540	91147
1910	6863
9984	10482
6206	6222
6160	7311
6129	6161
51071	126133
521	7388
904	51755
5604	8826
1060	348995
2625	3169
988	51645
5436	27258
6135	6173
3355	283869
6209	6218
90025	285231
6143	6231
8600	50964
3008	3024
9690	57154
991	4734
6194	6234
5657	6037
9021	140462
886	4923
10097	50618
6128	6143
1058	79172
2633	10561
6168	6229
501	85007
1063	9700
59	93408
904	905
1175	5878
6160	6161
5868	10618
7476	7477
4853	6233
5048	23322
5054	5327
6161	6205
53981	79869
6136	6218
26682	344892
6285	6288
4239	30008
1909	2846
6133	6161
813	84141
891	151246
6556	338339
10199	11102
891	995
6599	57492
388	9938
25926	117246
5711	7321
8189	10523
6129	6169
23582	25949
846	259293
6158	6194
4495	4496
26232	93611
5788	6688
5694	7314
4540	374291
3181	6628
6124	6189
10458	10787
1954	23295
391	55843
10458	100423062
514	4726
5519	51400
7337	9867
6168	6202
9354	84085
25831	154881
4867	79867
6272	11319
1778	1781
389	6453
23354	132320
4735	10540
1956	2274
9212	83461
7704	23142
6139	6181
6181	51187
174	3698
6138	6142
3659	54739
6139	6206
117177	121441
23332	79172
5196	56670
6233	26043
7204	10800
122876	594857
3921	6206
5004	5005
6173	6233
8976	22905
1269	59340
11137	84916
8514	11314
5331	27334
3360	3375
9040	10517
84418	100049587
2886	5155
57082	151648
2537	3437
6181	6202
1062	81930
5438	85437
9833	11339
56949	57794
1111	10524
4116	6125
6135	6159
5516	5711
2767	29933
6201	6233
1994	11338
6133	6223
10970	326624
5718	6790
51088	84261
1642	5983
4724	4728
5071	23352
6168	25873
10112	11127
28998	64960
5879	6385
6146	6218
1289	5118
9984	79869
6203	6218
6142	6208
10403	23397
5880	80728
8467	79595
10885	27042
53981	348995
5869	23011
7398	10635
23304	84085
10675	11285
6908	8812
332	64151
4736	6122
51434	143279
2207	2212
833	8565
6709	51014
2266	51156
4926	9793
1601	8301
5093	6625
6139	6167
3855	144501
3640	5443
5094	10236
65055	138883
3181	4670
7919	8106
3122	11184
5879	375790
5435	84844
1660	6625
9611	23097
2206	5335
1994	4670
988	4999
54625	83666
11014	50807
6169	6175
9829	26052
2801	10427
3569	84141
11345	81631
5430	9611
9790	27340
6601	57492
54443	55165
11339	51203
6189	51187
6363	6752
6155	6165
894	3065
6233	140801
5286	55361
10552	23149
2957	7702
2967	79577
2053	7311
5516	6249
11157	51503
1462	84141
22984	23195
5111	23649
6147	6233
2776	5331
9739	26523
23225	79833
1933	6157
23279	51692
10693	22803
6209	25873
643	5368
113	259285
10735	23279
891	129401
2692	2838
23295	54620
3854	3861
991	9787
10075	80204
6233	64410
1398	10818
1595	51478
2151	6915
1118	3417
864	64750
6206	6229
1362	3482
4288	26586
6210	27340
6257	7068
29796	54539
4736	6142
6142	6235
9055	11113
4588	56667
1933	6210
51280	54972
9341	10652
399	57449
10383	84790
5493	6707
3184	220988
1536	23601
5034	5611
3673	3683
1453	6203
23304	90025
23774	57459
3984	54434
1387	3064
1783	81930
11017	11051
2867	23620
983	3833
7031	7033
6193	6206
1778	10112
983	4288
1445	9564
3157	6307
4172	55388
10693	84617
5529	55055
26494	344892
6233	8290
6204	6228
5983	7415
6133	6206
4171	4998
3119	3122
6222	9887
6173	6209
54148	64928
9416	55660
6866	8997
6204	6233
81930	259266
3062	64106
5080	8338
1933	4736
5422	9126
5179	5733
332	5501
3921	6204
4736	6201
3185	23020
6194	53918
6147	6167
1325	2847
84154	84365
6130	6208
1994	5725
3437	4938
22984	64318
3978	4171
9967	84498
3619	81930
3833	10615
916	940
6164	6230
5119	9798
6133	6233
521	27089
2633	4938
23304	56658
728	5697
7337	54778
25885	83743
11014	11015
6147	6169
153	6344
2358	2767
9903	10489
1816	104909134
1058	11339
2768	2783
6133	6193
27258	83443
3921	6130
3371	7857
6170	6234
80184	91147
1398	10787
6133	6175
26249	55521
344	9672
695	3725
800	3693
7003	10413
3619	23047
983	129401
6130	6223
3190	55749
6201	6227
10236	10946
1453	6207
163	6233
22794	23398
6168	11224
2358	23601
2788	50865
1660	3609
5528	8243
5879	94134
1398	2185
6194	6235
10236	10594
988	10576
5547	326624
2197	6144
2740	5746
11051	85313
140881	245911
336	4036
23310	64151
9371	10112
3320	85378
5981	7516
8729	9371
6157	6235
5116	23354
148	885
29074	64928
344892	390066
5501	51692
3672	3696
5873	53917
4736	25873
4116	6135
1303	10491
3619	113130
1350	27089
51715	57403
53831	441864
6633	25929
6176	6203
1959	9935
10489	54778
2841	7852
6434	10236
4738	28991
23279	23511
6161	6232
833	2617
5023	84329
7249	57521
1994	55339
1173	10552
87	7044
3183	6428
6133	6230
991	151246
5432	8450
950	3482
1471	2519
22954	57630
2197	6159
3354	9283
208	2475
2817	3340
4952	9562
991	10112
3832	5422
2197	6232
9133	23397
6128	6189
1495	5770
1062	23332
54778	84231
1081	7252
10574	10693
4736	6125
983	26005
1933	9349
672	7153
9716	27316
1956	3691
5347	9055
3833	24137
23283	55339
7311	10952
259287	259295
999	3918
641	5427
2782	115557
6169	6233
51350	112802
6950	84617
4591	11059
92815	128312
79954	84916
10576	10693
9666	89910
22974	81610
3190	7536
2967	51426
6908	54815
7314	10980
1278	4313
6157	6230
1950	7474
1933	6168
6232	57551
4008	7321
2204	2207
2147	3827
5878	11252
4695	4707
3912	3913
2719	135152
7334	64320
10523	11338
5828	5830
10735	57551
2784	2847
2064	2065
6122	6130
1915	6202
3512	57050
3192	23283
6154	6173
27316	51692
2197	4736
174	3827
3482	22848
2197	6170
1933	6165
6432	6636
6176	25873
4694	4726
5713	5715
4726	55967
7124	8740
4701	51079
6136	6208
6428	348995
9887	11224
6132	6147
6141	6193
1778	4735
1783	79659
1943	2046
11103	27340
4993	344892
3488	7857
5434	10594
6240	10592
5433	9879
6128	6229
6556	196527
1555	1559
117	122876
3559	3560
6142	140801
4436	51434
1398	6714
4116	6132
29074	65003
930	933
8189	51639
1453	6205
6129	25873
6059	55720
1087	152330
22919	22974
3811	3821
10885	84172
1069	4867
5683	139285
55175	56995
8463	10413
1121	79958
1634	4314
4116	6632
8541	64130
6346	83756
27316	84991
6601	6605
4174	4998
23601	79895
623	56923
24137	81930
6167	6209
5879	50807
963	84329
22905	51429
6218	6230
4171	4678
4700	4709
9879	55660
6124	23521
6233	55669
8356	8365
4736	6159
3673	3691
2923	6185
6167	7311
109	10681
5473	10321
156	7852
1084	160364
3688	7052
2792	391195
51143	81930
7337	197131
3433	3434
23028	23186
374	2065
6160	6209
158506	285231
3183	10236
4116	6170
8698	59340
6637	83443
3921	6152
5500	5516
6202	23521
332	10615
4867	80184
6363	10563
6159	23521
8515	22801
4947	5716
2064	7311
6159	6204
2071	27125
3062	6869
6231	9349
3190	27316
197	336
3433	4599
51650	64976
6152	6209
5332	55970
5528	81930
3619	51143
4734	9320
1911	4343
6201	6229
6146	6168
6167	6232
23327	29082
7779	27173
1237	9934
8976	51429
796	5745
26589	64963
10749	11015
1340	1347
2042	2045
2782	2784
6147	6229
196527	326624
377	3799
6625	27316
908	9628
5657	23197
885	4852
3017	8341
6157	6181
1781	57511
2846	2869
4734	23327
25873	140801
1815	5179
6157	6229
6144	6164
51143	348995
8365	333932
25942	57690
10285	10713
251	137797
6132	6218
3222	3225
1870	5928
6133	140801
55839	79023
3066	6045
6167	6169
4842	7137
6233	11224
1983	6122
2935	6189
6170	6222
10484	79090
6138	6159
8698	55970
26190	197131
3200	8338
8243	10592
6203	6204
3725	9070
6130	6147
186	2914
55720	83743
10675	50515
6605	57492
5339	6164
5501	9700
940	50943
1740	50944
65055	219438
6165	6173
2197	6156
54821	57551
6125	6202
4543	283869
9320	197131
29945	64682
2800	9827
5604	23164
4116	6161
3071	7454
11021	23011
5861	51715
6165	6202
3105	3106
988	5062
4176	4998
5781	6774
9782	10949
6500	8697
2810	3655
5438	9978
399	1894
4700	4707
6233	90678
10885	55127
1933	6204
2848	196883
6773	10379
6128	6154
80740	171169
8301	25977
6136	6209
6230	23049
335	345
5286	6233
5528	113130
6135	6235
23431	27131
53829	59340
9927	55669
83597	390174
6203	6229
55279	285237
3191	10492
9219	23186
1793	7409
344892	390326
4641	10890
6136	6227
6156	9349
2935	6203
6142	6222
9887	23381
891	81624
6130	6229
9282	23097
6176	9349
3912	5829
3312	10576
2517	2990
111	799
2475	57521
1495	5781
6193	6233
3309	6836
3488	54757
6205	6209
6908	10498
5439	9978
3371	84141
353139	353142
6139	6156
6152	6170
2932	3611
10733	84131
6160	6207
813	3912
6146	51187
3075	3078
4670	10594
55339	79869
8976	9341
27	10486
1983	6176
6169	140801
1062	3619
1111	4361
6130	7311
932	3903
5048	79003
4670	51692
5931	6839
4717	29796
4696	29796
51	7311
4288	10615
1453	6193
8453	9820
6168	6175
3190	11100
22974	23397
6430	8175
6233	9045
5335	6850
2935	6170
6747	9789
2633	2634
6130	6164
3434	9636
10484	11196
10075	54926
1665	11338
1933	6227
5329	11322
23149	51429
6160	6227
5594	7533
5879	10788
1783	25839
6233	151636
6229	6235
6157	9045
26523	192669
10193	26046
8636	11258
6130	25873
6154	6234
3074	5476
5710	51686
25942	51317
6122	6124
4288	6241
23244	57082
7311	55670
83540	157313
3433	10964
6709	126014
6625	51639
7189	55626
5861	10484
3185	4670
5797	25945
6146	6224
8065	84259
4161	7432
6139	6144
6122	6189
6122	6193
1490	7004
6128	6152
22897	653784
4852	6751
1813	5443
6144	6201
6136	6235
2935	6157
4670	10236
6152	6206
6142	9045
1081	3623
6173	10952
3183	6430
6137	6206
2242	6237
4087	79753
2801	10802
345	2262
5695	7314
6130	6175
1453	8636
5610	23586
7766	10155
5747	7456
783	10368
641	5426
2803	7110
4726	7381
5861	10342
4538	4540
2533	3937
7311	23600
10615	51203
5433	8085
1108	3094
9793	23244
10426	55835
9320	154881
4047	6713
3433	8638
1398	85440
65264	89910
23601	57153
6218	7178
3797	10749
87	6385
9918	10592
988	6601
161	5286
5516	5520
3594	7297
51382	79895
3799	29127
10574	22948
6430	10949
2042	2044
3109	3113
5644	6690
1793	10152
2792	594857
4624	4635
10675	90070
6189	6229
1740	9229
9879	58517
5518	6164
6208	6233
1994	7536
81697	344892
9039	10293
143279	201456
10250	84950
2237	5111
10342	81562
11314	196527
5566	57787
29118	63876
6130	6135
27316	220988
6189	6218
1880	57413
56923	259293
148	84109
6227	6230
6165	6188
23517	84135
5518	6133
285	7010
6128	6206
3308	5903
1660	3190
4313	4323
6144	6224
1991	56729
64963	116540
1453	6224
5433	10285
55127	79954
5725	10492
23014	64219
9919	149111
341276	344892
6169	6210
108	7252
25978	51652
6147	6228
6136	6159
6169	6231
6626	220988
6164	6202
10552	10787
4543	4852
9341	10254
23014	142689
6237	7525
51465	84447
1660	51729
22948	84617
6240	7298
84727	122769
8969	126961
5347	9918
6132	6161
7846	150465
6156	6164
4734	65264
950	5286
8914	9126
185	2642
6159	6222
2788	3269
6138	6154
7311	9666
1908	2865
6870	56923
10484	51014
57153	79895
6159	6160
5048	5529
6772	23586
6124	6129
9739	25942
9967	23097
3133	6890
6175	7311
10964	55601
9183	22919
5879	257106
6210	6234
6152	6169
6206	11224
3084	85440
59350	94235
9039	10425
6144	6169
6625	23450
4707	7381
5708	64750
4707	29796
3109	3111
5426	10714
983	6502
3655	3914
6169	6230
1431	1737
9666	143279
4057	57554
1894	9833
2735	79809
6429	10946
1306	169044
6201	6223
3635	3667
6136	6144
6206	6234
4725	27089
6209	55127
1603	58505
1453	6229
6138	6208
5347	54908
727	10022
163	7311
3627	5173
6169	9045
55755	261734
2792	343172
8853	11015
4736	6167
54996	64757
6141	6203
3181	220988
1659	9716
5422	7027
2243	9715
886	6866
351	54972
9133	51203
7516	348654
10189	79902
6143	6164
1495	1969
6152	6173
3113	3115
1084	23601
4952	54874
4016	5118
1778	5861
6205	6230
3853	3860
2770	5599
3127	7535
2048	8976
2695	2784
316	4837
6133	6227
2790	55970
567	3106
1394	1816
9133	11065
3619	57082
3359	9177
6209	6224
9793	11004
5368	50865
54509	445328
4700	51079
10403	83540
6233	23168
6135	23049
671	1116
7158	7311
6218	6234
3396	51081
6135	6223
6181	6201
55215	64858
2960	9412
705	9277
6135	6208
3107	3133
1062	10274
534	8992
6631	6635
1236	2841
1315	9382
22930	25782
7110	90196
1933	6129
6793	10857
488	4853
11004	81930
6232	23521
4952	286451
6122	6157
3055	5829
6157	6206
6135	6165
130	10720
6337	7311
6193	6194
6128	6161
1116	5005
3620	169355
6158	6234
4159	53831
8853	11014
55901	170692
5869	25977
5529	10274
51129	85441
2932	5526
6165	6201
9320	26091
10594	11338
5437	23524
5822	8568
3796	10735
1659	9343
6146	6167
6138	11224
570	23600
672	8314
6616	23250
6156	6167
5708	29979
671	3240
6160	7178
6129	6203
23	988
3433	4940
6143	9045
344892	390275
9128	51340
6147	6235
55746	57122
5529	151246
6152	10952
6202	7178
22984	65083
7178	7311
7021	83741
47	2799
6235	7178
10970	54972
830	9371
6194	6208
3560	8651
3687	8514
2935	6168
6748	10952
1559	1576
6233	51592
6137	79707
1084	2358
6164	6229
2623	10661
3799	9493
63891	390594
6154	6189
1453	55127
5528	9793
1778	11014
7311	57154
1536	8655
2491	55055
974	2213
27316	65109
4514	4519
2358	57153
57539	79659
1536	3685
6133	6204
6204	6232
3093	27252
5980	10714
3190	10921
6136	6164
6189	6206
91147	121441
7846	10376
6155	6229
5036	10576
51317	57649
567	3660
10892	257397
4738	285231
187	94235
6158	7311
1660	51593
2635	6672
695	5336
6698	6707
11065	64151
1476	8993
183	3357
83597	135924
6207	25873
996	25831
6161	6227
6657	57167
10274	220134
2847	2918
3320	10808
5685	5688
4174	5984
963	5023
8178	11267
1233	2359
4734	8453
6133	6141
1063	57551
8970	85236
10291	23658
7343	9112
6154	9349
6170	7311
6152	6230
6224	7311
6790	22974
1994	3192
1080	4036
5516	5529
2788	2790
9136	84365
6132	6204
4736	6227
3921	6122
5093	10594
4548	10768
1048	171169
64682	90025
1793	10787
701	57082
6209	6222
22981	57545
338	4547
10254	22848
996	80012
996	6790
1778	10577
4736	6154
5518	6228
1639	11014
846	2798
114	1814
6210	22984
1778	3831
996	64750
6124	6203
7311	8453
8082	8910
3912	84141
2006	10516
4508	4512
50615	59067
23112	23466
6175	9045
5426	8914
1063	25909
6161	6229
7846	57545
6157	6204
2572	8659
332	22974
25885	64794
9738	347240
7336	7341
51023	219927
26190	51122
1783	2491
6224	27340
1208	5406
6173	6201
3797	28981
109	2358
6921	10987
1655	11325
1499	4233
3921	6233
6154	6228
6170	6171
5351	8985
649	3339
6141	6158
6205	6233
6169	6232
3725	3939
3113	3122
2197	6222
6514	6927
5737	59345
3836	10971
4033	5660
932	79895
6164	6168
8085	9757
7311	8290
6439	653509
10949	27316
79895	100049587
7337	23309
6164	6222
1937	6138
197	3827
11004	24137
1763	10714
51079	374291
2177	2178
6206	6224
1645	8644
886	84109
2197	55127
9793	57551
1670	1671
1478	3188
5652	6692
152	5179
4535	4538
1329	7381
3796	3799
6714	7402
1058	55839
4710	4713
1431	2747
6161	6228
8976	54874
6663	27022
2358	160364
6164	6165
6139	6175
51096	84128
2358	57413
988	9533
1453	6209
2813	55350
580	80010
3437	8638
6157	23049
6633	6637
1477	6431
10382	347733
830	51014
6138	6233
6133	6157
6222	7178
4116	6235
3017	6688
6428	10949
6205	8562
5157	7991
3659	5371
6175	6228
4700	4717
6143	6157
1639	1781
6203	6209
11258	93661
6147	6189
9818	23511
1315	3799
6138	6170
1385	5594
9700	23047
401505	100188893
6142	23521
8581	10232
2033	10735
273	8673
8453	8945
1048	8434
6167	6175
55749	79869
3422	6721
57545	91147
2197	6224
6222	23049
2537	9636
51444	57531
6144	6202
85476	90480
6701	6704
4712	4724
11065	83461
5335	10818
8689	9119
2185	5879
988	5725
2641	113091
1315	84516
3718	6777
6160	6224
9412	55090
1063	79172
6139	25873
9833	55165
595	5694
988	58517
6204	6218
6134	6202
375	1314
887	2147
3183	220988
6125	6139
57332	84733
6201	6234
8729	9276
1241	55970
3619	3832
1859	10238
51692	51729
6160	6175
8976	29763
7272	10615
6141	6230
6850	64170
4713	55967
22984	26155
8301	9341
2197	6165
9730	63891
391	80728
444	3091
64979	118487
151648	220134
64151	157570
7200	84634
3915	84141
1292	3672
197	2147
54820	57787
5093	5434
3071	3320
5693	7314
9700	79172
10298	375790
108	4889
3921	6228
5067	23627
90025	91694
2358	53829
4717	4724
1937	6189
131873	256076
4085	79682
6165	6181
29074	55168
6136	6224
5443	53831
988	5394
3039	3048
10970	11001
3685	64386
29984	257106
6137	6173
8467	64426
705	83732
6125	6158
6142	6194
6176	6233
1603	100128731
6230	55272
4695	51079
891	2491
3685	326624
4708	27089
4172	4173
6830	9646
1116	4069
6168	6201
932	3689
153	796
5435	6875
6143	6158
9126	23279
10293	10425
1280	84570
3434	10964
7536	220988
6175	25873
6157	6223
988	51362
161	6233
11187	64065
617	26517
1293	1300
4736	6157
4514	4537
4736	6189
6169	6201
183	259287
4701	10975
833	4141
6432	6434
6194	6204
8027	8301
26146	28981
2034	9314
6161	6234
4514	4536
6169	6229
4512	4541
6158	6206
2207	199675
1062	51143
6688	7805
9128	11338
6147	6156
2692	5745
8683	10569
8805	27044
6154	6235
6155	6201
8453	54165
3190	220988
988	9967
3664	11074
5347	22974
5929	8945
4357	54205
4736	6193
3351	4887
5718	8453
2305	3832
6165	6189
10489	221687
2633	5371
1937	6228
1956	4837
26168	27043
6232	7311
197	3481
8453	55832
6143	6160
3607	7528
1287	8974
5822	7109
6146	6235
4736	6124
5119	27183
3191	11338
6167	6176
26589	51649
3066	10919
552	2784
6130	6203
9700	11004
6167	6228
1129	5733
90480	116541
57381	57514
9221	84172
10458	10552
8243	57082
6204	6222
65055	128366
6790	10133
1295	55214
2675	5909
5434	54845
5829	9459
6165	23049
6203	6232
4116	6206
4717	55967
1062	2491
5436	6631
2865	6288
4049	4050
4509	4538
3191	10523
7272	10592
4116	6152
5082	10574
6142	6175
9320	51132
51264	219927
6156	6208
3213	3215
6233	285231
1910	84432
6124	6205
5338	9744
796	797
988	29127
8661	728689
2784	3763
5310	9727
4116	6165
1236	4544
1387	6667
6160	6181
1933	6193
6147	6203
5725	23020
1161	51426
399	9138
672	51755
983	51053
22948	84790
26146	79989
1233	94235
2178	6118
89890	90025
871	1303
10618	79571
152	6751
3619	23511
5880	9743
332	9833
5584	55243
3355	6751
8945	51684
55832	115290
2932	5529
389	64333
7311	54363
6135	25873
5439	6637
1739	5290
1033	9787
3886	8689
6167	6208
81	5868
3833	29127
6189	6210
6208	6224
9793	57787
64131	375790
3017	8351
84296	84515
5435	5441
6233	257397
999	4646
22919	54821
6122	6158
136	2788
1642	79913
988	79595
55832	90293
121504	653604
140460	197131
5599	9043
3191	9128
5605	10256
6428	6632
3181	51692
6141	6168
868	5930
29078	126328
389	394
9700	64682
4670	51729
8349	333932
4116	51639
9055	9928
2071	7314
6165	7311
1495	3799
5029	5724
336	3827
338	3698
4591	65264
2863	5332
6203	6227
6128	6209
7097	7124
389	9411
108	153
1830	3713
2864	27334
10250	10291
22984	57696
338	2153
11004	23332
3181	5725
3725	4088
4670	5094
5688	25906
6170	6218
5872	6764
6635	9883
6692	6768
5347	11004
55127	84172
6203	23049
10403	23310
7532	653784
2897	2901
1116	56729
2521	4670
9276	11070
3998	10959
6556	100049587
79659	92104
799	51764
4724	51079
9867	197131
23112	27327
6135	6204
6194	6202
399	10144
868	200845
3267	8301
6916	80142
1548	1553
3192	6434
79172	113130
6209	6727
6135	6137
10920	26263
3897	57698
9188	25885
1445	1956
1933	6189
6154	6175
22974	121441
1937	6188
3007	3024
8351	121504
1555	1557
990	63967
6203	6235
4713	4728
4710	27089
6923	51755
6139	6159
6173	6194
6158	6202
7153	55746
7337	10193
5023	5795
6135	6164
1062	23095
6154	6232
8334	8347
10153	55759
1329	4713
3796	10274
4839	10885
2810	3691
983	80184
122042	285601
6169	25873
1063	5501
10946	22826
10367	90550
632	3381
378	830
6613	79902
680	6869
10403	51203
8074	29106
10274	81930
5985	55215
2923	3309
6170	6201
56902	84128
5829	10458
712	714
1292	5033
1356	54757
133	2790
6133	6173
23014	55832
6128	6138
259292	259293
5872	53917
1660	55749
813	5954
6203	6217
2209	10787
1717	6307
7337	55175
3191	23435
126006	729230
930	29760
10274	113130
9716	11325
4708	4709
3797	10112
3921	6227
6228	6233
6175	6223
7272	24137
6193	6230
51121	79048
6205	6229
1365	1366
23042	23420
383	4353
2207	23533
5663	23317
6155	6164
57405	348995
5433	55660
3481	3827
3187	7919
10970	64386
6657	63978
4999	5000
399	94134
336	2243
301	302
472	84142
6387	50837
3915	4233
5872	51715
4670	9343
10919	29945
186	4988
79954	84154
4736	6228
8542	84141
9282	84498
6139	6205
831	5829
6154	6206
6059	8886
399	7409
4172	81620
6147	6159
60	2597
4091	4093
28998	51264
3895	11167
988	10657
5501	7159
2222	6307
9320	26190
5023	10857
4512	4537
6141	6189
6237	10371
6138	6169
54939	55294
8570	22894
89910	90293
4952	9341
6233	9887
1508	1514
3912	11167
1350	10632
6709	7430
6432	220988
6167	6173
7311	8976
871	1290
9968	10499
2491	5529
23309	27327
4205	6938
1511	8635
2768	2790
6223	6224
6572	30011
1398	7525
2358	6556
11014	29127
4509	4536
6129	6170
3107	6890
5339	6194
7421	11198
891	8655
6224	6228
6181	6232
5347	10592
7153	57122
3688	23209
6124	6161
23601	160364
2932	5708
8698	63940
10772	27316
23586	83666
79090	90411
55582	89953
8334	121504
6223	23521
6159	6210
2237	6240
6442	6444
197	51156
6143	6161
4436	7520
6132	6727
3109	3115
6130	6161
6155	6160
2935	6122
6229	9045
6141	6161
55970	63940
3184	3185
9793	10733
23095	64837
915	3118
23160	55127
6156	6160
10663	51289
8945	285231
1084	1088
6234	9045
999	1942
3191	5725
4508	4509
7536	10250
5872	326624
5529	5903
2550	3579
1292	10491
11091	54881
23047	151648
7311	65264
3192	51729
5903	9631
1937	6202
9716	23350
4343	7311
3192	7536
5699	64344
3915	6714
6222	11224
51645	57819
7337	51132
7343	57459
403	84747
9551	55967
117	594857
4322	7373
56995	154881
1129	3627
187	5196
8697	23291
4588	192134
23063	23122
6138	6207
3689	84418
1595	5447
8886	79954
6218	6231
4141	8565
10949	220988
521	7381
6130	6133
6207	6208
6193	6234
3849	140807
3320	10598
2535	4919
7846	203068
705	23160
657	659
6154	11224
1579	8529
3914	4233
4940	10612
10155	25799
6456	9892
7536	10236
1398	6461
22919	79172
55850	113220
7531	8655
6142	6206
10802	51128
4057	10321
6144	6233
6208	6227
6235	6727
5519	5903
6133	6231
259287	259293
6160	6204
23014	55884
4512	4514
83597	135946
23223	26155
6133	51187
695	5777
3190	10432
5933	132660
6426	10772
6175	6235
58508	84661
1738	4719
2962	6618
1605	3913
55143	151648
3718	7297
4233	5795
8491	10746
5440	80349
50838	51289
566	4125
1653	25940
1453	2197
27340	84916
3913	3915
9631	23511
6159	6173
3685	3693
59	140465
55759	84128
9320	144699
7466	51280
604	933
57154	151636
6122	6164
1349	10975
1731	23157
11137	51388
335	350
6175	6202
6201	9887
23186	51317
2209	3055
9656	11073
79867	80184
10121	10844
5702	5706
6605	55193
6157	6209
2918	10563
79867	91147
1965	8892
10153	79954
920	29988
6136	6189
1717	3422
9870	22954
3192	4670
23291	56929
350	2147
2957	51808
2912	6751
6139	6157
2023	5315
2916	4887
54069	79682
1116	1669
2956	4436
10316	729230
4172	11073
6635	6636
5460	55211
34	6256
10236	11100
2185	9475
9183	64105
5021	5332
6167	6168
5983	8451
6168	9349
6188	11224
6142	6158
7137	7138
6230	7178
3184	3191
23160	64318
6235	11224
4829	10886
5695	10213
9188	23560
3017	8349
5347	54820
595	5693
9126	113130
5717	10575
6122	6207
3918	5829
163	24137
1783	6711
2206	2207
6204	6209
6125	6160
4283	6364
27316	55749
4040	8322
10714	80010
1062	1894
10425	63891
8337	8365
6156	6232
5695	5706
2153	2244
64951	64979
102	6233
991	10726
4709	91942
983	3838
6135	6152
9782	27316
963	1536
2197	6135
6222	51187
10332	30835
6133	6146
23291	55236
1364	24146
11251	94235
6138	6160
8341	8970
4952	9886
6144	6208
8349	85236
8394	23533
521	4701
351	8698
4040	8324
1956	3675
377	51014
3913	54972
6156	6161
1983	6234
10489	197131
7175	23511
6427	7307
5023	326624
6207	6228
6626	8175
2197	7311
80184	84962
156	2121
51362	79869
50835	259287
7514	23122
6124	6232
6144	6157
6136	140801
1915	6207
8322	8976
344892	390059
1500	7525
338	4036
6827	25920
351	6370
6181	6203
7415	10576
9793	22974
3071	9564
26524	84962
6233	8334
6241	55143
2131	2817
10403	56992
2186	196528
351	7852
6143	6175
6173	6202
833	3376
1937	6128
25937	51421
701	10615
3163	5023
4736	6223
7153	259266
6455	29763
8969	121504
6124	55629
831	5747
4852	5733
351	5443
3799	10112
932	57153
10121	26005
23309	64426
699	10592
29127	51014
23020	51692
6139	6218
4540	4694
6426	6432
4512	4519
11222	57129
1950	3671
996	9320
116	5739
567	3837
111	1812
6222	6229
5747	9564
23127	81578
9652	23517
10575	22948
5501	23332
10466	10540
54850	63891
64946	79682
1347	9551
6142	6165
8568	25926
3619	57551
6233	10110
6137	6218
1394	3973
2242	5361
6208	27340
6160	9045
4924	5589
3106	6890
9341	10552
1129	5173
6152	6203
5715	11047
23011	51715
10921	23293
6175	9349
10920	150726
6154	6209
1237	8811
963	10970
830	11127
4361	10635
51514	64708
988	6602
89910	144699
3202	3203
3921	6142
155	2695
7532	10142
4852	4889
4008	57542
6142	7178
695	971
8687	121391
6122	6232
6223	6229
6637	51372
57531	90025
6218	27340
6139	6223
2719	3698
695	3635
4116	6635
3903	11314
1268	64805
25885	55703
22981	27077
6137	6158
1605	6714
2788	5294
6147	6223
6160	6223
1810	55689
6161	6176
8453	23291
393	399
8729	10959
5516	5781
521	1350
1213	8976
9069	9076
3187	55696
5451	23248
6228	6229
226	5315
3320	10383
6233	55666
7852	55970
7840	347240
6168	6233
1642	8607
4710	4712
6133	6189
6124	6194
6605	29117
6125	6206
699	6241
2934	51411
830	10540
3561	5599
3355	4886
6138	6167
10574	10576
6202	51187
6144	6218
3912	6714
999	3691
29927	58477
4116	6201
6169	6189
5435	9978
521	9556
890	55165
2266	3827
23014	56995
8452	57154
4512	4540
701	5528
5093	51692
9002	55970
4695	9551
5345	7076
1387	25942
3799	81930
9133	81624
3675	3914
3921	9045
3184	10921
3627	5733
6147	140801
10965	55825
10592	24137
5331	222545
1650	6184
6223	27340
3071	10787
6193	6222
3866	3880
9837	11169
570	54363
1350	29796
1994	10492
3833	55143
5746	59350
4519	4536
6124	6156
6160	11224
6227	6235
2099	5241
9666	115290
4697	27089
64219	140691
6156	6230
3375	7253
3091	4088
2153	51156
5861	81562
3837	3838
1938	1975
1660	10713
8945	56995
9738	84131
9636	10561
55168	64928
9742	55112
1398	1794
51	5194
301	9002
1329	1340
10772	10949
580	2177
3115	3122
6146	9349
6144	9045
1763	55388
6227	6228
6232	6249
9126	9793
3184	6434
4540	4695
163	25977
23275	23509
916	917
11004	113130
3852	3868
23322	79600
1908	84432
6130	6207
2788	2864
6147	6158
335	4547
3233	5080
6164	6181
6142	6176
2195	7124
1453	6222
4041	6422
954	158067
5725	8661
5929	6872
8907	23396
6161	6181
5861	10749
161	3482
1453	6206
6142	6159
8412	9564
7272	55635
7003	25937
6122	6133
9330	53981
3113	3119
81	3688
811	7184
5435	5439
11128	55703
1857	55361
23560	84172
4540	4707
4904	10465
3074	23197
6188	6189
6209	6234
3356	94235
2475	6654
3486	11098
3913	9459
5094	27316
846	259295
3886	121391
6128	6139
4259	8836
302	6386
389	57522
100	51816
23327	51088
6169	6218
3185	3191
2159	2243
8723	51143
51649	64928
3688	5829
6155	6233
1195	57396
26146	64792
2072	51426
1738	6470
3422	4800
2962	10291
10749	11014
6233	126961
6160	6208
10199	79954
7704	91694
890	9133
10097	10618
9793	113130
6161	6189
5777	80184
10489	84231
6207	51202
336	2153
5426	8317
1630	90249
7139	7431
4695	27089
6136	6231
23160	27340
6142	9349
6137	6139
6122	6205
5347	11190
1287	5155
1783	22930
1742	8831
6129	6234
4686	50628
2237	10714
6135	6181
8074	8404
23332	146057
6167	6227
50835	51289
3832	10733
2535	55970
3681	22801
6500	10920
6130	6188
6874	51230
6168	9887
10540	80184
10890	10971
11176	64426
513	374291
5879	100423062
3115	4261
2549	3055
7316	83752
3267	10254
6175	6222
7525	9564
51143	113130
7536	10949
3837	22974
1639	10540
3304	3337
400	23041
28514	54567
5558	11169
1915	6206
10285	23350
3113	3127
4236	10291
6128	9045
1933	6203
3106	3107
9739	23067
3437	10379
5526	6249
811	5589
6235	23049
6154	6161
6128	6227
10112	55872
79172	151648
3799	10749
4208	5533
5878	54885
4809	5435
6228	8662
6874	83860
3912	375790
336	345
51692	55339
3855	3880
2255	26281
1453	80097
6520	8140
2524	2525
26005	80184
6176	6202
6128	6188
11014	23046
6152	6202
5426	5427
3185	10236
5684	5694
148	4923
2185	375790
6230	9349
6201	6209
146	2846
9968	23186
351	27242
2826	84539
3191	10949
5028	6866
699	9928
1956	5879
336	338
5689	5700
2956	23186
3309	51726
6168	6181
6128	6144
4706	4717
5093	6626
332	9793
4584	192134
81	7791
6165	6204
6137	6181
6233	65264
6205	6234
5347	151246
5731	94235
11340	23016
9886	221472
6204	6227
120776	344892
4588	26290
4171	5883
5862	57403
26610	51268
1956	54206
6667	23248
891	5516
2243	5005
10945	10959
5432	84962
1350	7381
904	5433
1453	1855
1981	6230
6210	6235
7525	11099
6129	6218
1981	1982
6135	6234
6227	10952
126638	147409
3017	8970
3737	9196
6170	6189
301	7852
1237	2917
2968	57804
23585	54741
6241	51203
6156	6175
6934	283149
6430	7536
1650	58477
6647	11315
867	8301
1778	6249
2994	6005
2918	6752
4585	200958
9276	22872
1288	340267
8351	653604
4701	4713
885	886
51593	64859
156	55970
4508	4535
1933	6135
3115	3119
2976	11128
5441	5901
945	5023
9126	23122
6272	79158
4695	84833
6164	6204
6626	51593
81930	113130
2491	79172
6167	6229
87	7525
4809	51065
5426	55388
6124	6224
6176	6727
351	7184
1290	10536
4707	27089
9730	84085
6233	22848
3937	5788
9044	55814
3678	5329
4332	5657
6160	6235
2178	2189
7311	9856
117	2695
6152	9349
1347	10632
6201	6224
1452	5714
6133	6201
2801	6709
1278	5118
219954	285093
1303	10536
4670	6434
7305	23601
1933	6175
9978	81559
2971	51082
2551	4899
966	100049587
10274	57082
22981	91147
983	84515
2962	57794
23304	23376
9025	9656
1471	5034
3921	6161
10051	10592
10965	641371
27257	57819
10403	57405
3340	375790
6232	7514
6206	23049
6737	283807
8349	79019
988	10059
7184	10130
6137	6161
2206	3702
3619	24137
3191	10236
6130	6165
11127	64837
16	2617
9570	22872
6205	6207
8673	23557
6175	6227
4709	51079
9879	10949
79600	80184
4541	4726
79339	344892
3040	3048
5725	9716
108	50837
9564	9844
6233	22888
25	10163
4641	9371
6159	6230
3270	147111
1639	2697
1453	6210
26524	126374
9128	9879
3303	10963
1536	653361
54474	286887
3833	9700
8697	9604
1639	1783
56658	84085
4736	6224
108	2912
6628	220988
2475	9675
377	9371
1983	6205
5529	81930
6138	6209
23521	51386
1994	3609
1783	6709
25942	57649
11169	23649
6714	10413
6160	6194
1088	338339
2966	728340
983	2491
8349	8970
6218	6227
3101	64841
2784	4985
6136	25873
3713	6705
2733	23511
6218	11224
10112	10540
6175	6232
51081	51264
1277	3685
2064	54206
6288	6357
1499	1969
5903	25909
2935	6176
9349	140801
6167	6170
3646	6156
5298	8394
83540	220134
6233	90293
6430	57794
1915	6230
3937	5335
5054	5328
2962	56949
6164	6170
3093	22954
6885	23118
6136	6173
8993	10394
1783	11127
8607	11091
4867	57545
2935	6164
6755	339403
1781	121441
1277	7373
6128	6202
7862	54815
3221	3222
111	3354
988	9219
2521	220988
4298	23168
8720	51360
4852	283869
6194	51187
2946	2948
8663	728689
1495	84962
6135	6160
6136	6222
6201	6228
6207	23049
963	6518
2798	56923
8337	440689
6142	6170
377	11014
4088	5784
9928	11113
1072	5216
54908	55055
2792	122876
6228	6232
4736	6128
4701	374291
51098	83658
6142	6143
6208	11224
5879	9475
2932	5707
56902	88745
1500	1942
3920	80331
2359	6370
6233	158506
10681	338557
1786	7027
3685	10857
3422	4047
5578	9564
65083	79954
1605	3912
6129	6222
966	2207
1933	6201
2840	4986
9183	51143
6229	6232
29127	51143
5516	54908
6152	6223
6125	6159
1453	126003
1794	9844
3061	4923
8337	121504
22954	26190
3043	3045
3017	85236
2185	5747
488	489
5062	7402
6164	6232
1642	7507
3850	3860
891	54821
9801	28977
3458	3586
4736	6210
3886	286887
6453	8976
6135	6147
991	9133
1861	27348
9820	143279
51362	84271
4116	6633
6125	6146
6836	29927
4998	7027
5199	56729
905	2967
1740	2890
5336	118788
3921	6203
6122	6229
6746	28972
5746	94235
23322	121441
966	11001
2621	10272
8329	121504
3491	10272
10540	29127
8468	91646
6138	6222
6147	6194
9793	55746
9493	64837
4710	4728
6206	6208
6128	6129
3119	3123
51289	339403
4726	27089
4171	5426
5430	81556
6164	6193
6207	27340
1783	2801
1915	6124
6143	6155
29984	55843
6170	6207
7478	7479
4736	6209
6176	6228
50838	259287
5707	10575
6139	6233
186	3350
988	53981
6455	9341
55720	79954
1398	7409
2081	7494
3921	6128
890	51053
1292	1303
4734	23291
10426	11064
3267	26130
3909	9459
6133	6229
8687	54474
695	3710
6202	53918
8568	51096
54069	64946
23304	29945
2033	9757
1291	5352
1500	1969
890	11065
6202	9349
6434	57794
1870	4208
6164	140801
3048	4778
6165	6203
4998	55183
3882	8687
6432	84324
6205	27340
7316	8864
6133	6159
50831	339403
10022	259292
2847	4985
1933	6147
5435	6633
4297	6045
84078	89890
10432	27316
4724	10476
10403	26271
55720	84916
3683	10970
2890	10368
79895	160364
5529	7311
2841	8698
830	11014
9820	90025
5082	10693
1950	8322
3490	84141
6229	11103
1815	3355
10236	27238
521	4694
2525	10331
1783	5516
824	831
8945	11059
6157	6201
4176	5111
79019	85236
10575	10963
23122	25936
9014	57504
1669	10394
3091	5708
26589	51069
4736	6171
6139	9045
10525	29927
208	57148
6122	6185
1453	10427
9144	11322
6204	7311
9700	23122
11176	79595
3713	23581
6156	6206
3171	6927
5707	6386
10663	56923
5737	6865
6950	10574
6142	6169
10155	25888
7130	51646
2965	9646
972	3123
6613	10038
8590	285093
6224	23049
3993	84612
2222	4047
966	3903
10919	53615
10749	23046
6189	25873
6156	6228
22936	64859
79892	84515
6847	644186
9221	23160
2197	6210
3921	6222
1536	51382
8688	54474
1063	23279
462	2243
719	58191
9700	151648
6009	60673
1933	6160
9870	65264
6233	23112
3191	27316
6631	51639
6189	6228
5584	117583
2790	5294
9126	23332
23165	51692
9978	158506
6556	23601
3491	7184
5725	84991
6185	6729
6142	6228
9276	57410
4582	10331
3178	6428
6240	11169
9789	90701
1398	5781
10574	84617
2519	5476
3191	5094
3213	8338
5411	51747
6173	6203
6158	6160
64792	150737
6154	6201
974	29760
64410	142689
1058	55143
5862	5870
1113	6855
6147	6202
7531	10383
3619	51203
797	6344
1981	6189
6168	6232
10857	10970
1387	10499
332	57551
1669	56729
4867	121441
6156	6202
1495	1499
1909	2922
4853	10046
988	64682
8365	8969
1783	54821
1050	2322
5433	10772
6143	6232
4889	5173
1778	57545
6237	10507
26285	149461
4695	4724
26284	64965
983	219771
6637	51690
5694	5695
377	29127
1088	138050
5795	6714
1365	100506658
4677	8565
65003	118487
6209	6229
5970	57506
9133	10615
79600	91147
9724	27042
4171	4173
1285	1286
6432	6632
9020	10000
2776	2788
6175	6205
7004	10413
6129	6164
566	6037
64837	81876
2255	143282
335	2153
972	3113
3191	10713
23223	65083
23620	84432
6133	6217
6307	50814
28973	64928
4514	4535
51676	115290
1783	8729
3191	9987
6161	25873
7852	8698
5928	9070
5430	6601
2071	5985
3688	5747
3913	5747
1327	1329
945	3903
7110	79571
6159	6188
6142	6173
5928	116092
6124	6146
9790	54881
55339	84271
335	4036
4509	4535
1822	1911
6628	6636
57674	151636
4902	5909
6138	6223
6224	6232
9631	65250
1933	6205
389	2064
521	29796
6181	23049
84648	353137
6154	6202
10813	65083
4584	9245
6128	6133
5199	126014
6176	23049
6124	6147
6201	6207
4540	4712
3921	6181
5869	10552
2099	7031
4173	5422
6233	55366
890	983
813	10618
891	22974
4172	4998
472	64421
6160	6170
6133	6135
4947	5708
57154	154881
10425	84085
2177	7398
7415	56729
6152	6167
3675	375790
10713	11325
2997	6233
5422	79892
1479	10236
6189	7311
3111	3115
6233	25831
891	7314
4738	54939
7164	10053
2033	9031
1781	29127
1453	6201
6923	140458
7283	22919
6208	23049
3761	3785
6201	7311
6915	94235
8329	8347
1435	4924
2767	8477
9727	23265
4173	23397
8295	8945
55829	58515
2197	6139
988	6950
9493	22974
701	23279
249	1087
3797	29127
336	2266
6155	6157
6146	6222
4713	4715
10890	23011
2861	56923
3903	57153
10540	11190
4670	10949
5529	54821
335	338
400	25839
2634	3659
22897	79598
3690	3791
4697	55967
1327	29796
7057	9070
6165	6231
6091	7852
29127	54443
5179	283869
2521	3181
8243	10735
197	335
6203	6208
6135	11224
7320	9604
25909	57122
4254	7409
6210	6223
1387	4205
6136	6176
4736	6129
4666	6202
1292	8974
2784	5741
317772	440689
6129	6155
640	5079
5879	7454
3688	3913
3065	4221
2207	6556
11339	378708
4116	6173
9787	11339
11064	27077
26005	121441
5439	5451
1605	3915
3672	3912
6170	140801
4599	8638
1781	10112
3054	8314
1511	6036
3304	3320
3921	6157
2912	5179
6209	6223
1268	50865
3190	10236
3301	10963
23279	51362
861	84733
6711	8615
846	3357
6233	26190
671	1991
988	4173
6857	30011
891	55872
389	57449
1062	10112
6143	6234
9604	23291
9636	11274
5706	6790
905	55677
2787	10803
3017	8334
1933	6142
2197	6229
134	6376
157	2869
8243	55746
928	113177
1307	50509
2962	4298
10389	84108
1129	1815
6143	6202
8351	8363
1991	6709
2266	3698
10153	84128
6142	51187
51079	126328
3921	6147
259	2244
6204	6206
372	57511
6138	6203
344892	390061
5529	22919
2002	6722
973	29760
4670	9128
23014	65264
10112	24137
6233	10111
4539	4541
6137	6175
10285	55749
3619	5528
6207	6234
4690	10152
9055	10376
9493	11015
5725	10657
6453	9322
79470	344892
6139	6169
332	10112
7311	27327
3355	4852
1781	11014
890	157570
7098	7311
867	6654
9462	64926
6128	6155
2064	5599
3106	3659
6135	6168
6158	6159
4323	4811
705	56919
3397	7057
391	9743
57405	151648
8453	115290
1981	8672
55662	80351
3490	6696
857	4088
4538	374291
2848	3274
9533	64425
1610	4843
10022	56923
4710	4718
163	8301
7311	25831
2200	7076
6158	6218
8453	51122
4116	6227
23014	115290
2801	11014
4088	5054
4116	6146
3309	10049
6135	6207
51023	51649
5558	10926
9320	151636
6181	6218
813	10130
388	23526
6135	6231
9793	81930
9604	9867
6147	9045
6136	6152
5707	64750
3687	79895
5707	10383
4586	4588
6125	6189
65993	124995
2197	6233
3188	10594
2033	9968
6159	6201
6193	25873
683	199675
4708	29796
598	6774
55326	137964
6128	6204
5862	10890
6461	10458
3115	3123
5529	7525
10285	23283
4700	4724
2962	10498
9459	29984
2791	115557
3912	51280
3309	9601
4641	5879
6168	6194
8945	64219
6133	6155
6146	25873
25885	55127
1983	23521
374	2153
10885	81887
51429	152503
1062	64837
1387	81857
22803	27340
6135	6193
26091	57154
3189	9987
5684	5688
1453	6208
2359	5473
1107	23186
1287	80781
274	23149
2790	5579
29927	100526842
338	350
930	118788
6164	6205
10491	10536
3635	4233
6169	6235
2243	3026
26190	57542
2197	6235
6741	9533
6709	8729
400	90196
5829	55742
2804	9276
462	2147
6135	6228
6128	6234
7472	7482
6152	6159
1490	25937
9883	51692
7454	8976
6201	9724
23112	192669
6170	23049
6130	6173
3122	7535
3001	5551
1857	5699
6208	55127
4509	4519
6430	22938
1362	9698
6176	7311
3915	375790
6385	375790
5880	9844
2268	6714
4111	158511
5436	85437
90293	221687
5984	10403
5869	8322
6135	51187
6194	9349
9341	25977
1048	80740
6233	51132
966	64386
4508	4519
5954	10970
3122	54331
80018	80155
813	11098
6144	6181
5714	5718
389	94134
6130	6206
6133	6143
3014	79682
4584	4588
2597	5230
23067	25942
9631	9972
4853	23509
10236	10949
7456	8976
60560	80218
6133	6160
25897	55175
2740	94235
516	10632
6154	6158
2683	54918
6218	6229
29763	51429
10075	51132
2048	25791
6167	25873
3889	3892
6143	6194
6124	6142
1781	10383
5347	5905
25827	115290
6132	6169
7283	22974
701	64151
2033	8648
1314	8729
23533	55970
6229	6234
3832	7272
9820	201456
351	5340
7532	26123
6426	9879
6429	9295
6139	23521
6750	50837
302	23526
6141	6173
2318	3688
6125	6161
3921	9136
7135	7431
9883	55746
6157	6160
26716	344892
160	6233
5516	9183
1994	3190
1302	169044
3006	85236
174	6694
2185	9564
983	9631
7283	27175
4724	27089
183	846
3832	3833
988	10574
521	4726
1022	2810
5795	326624
3915	5621
6130	6235
3832	9585
6125	6203
4718	4728
1132	53637
6152	11224
3109	3119
351	1269
6142	6181
6135	6170
5693	5695
9493	81930
6136	6204
54742	80328
671	56729
3937	7454
1457	9918
2629	5660
1991	3240
1956	8976
6657	7547
2197	6727
6184	58477
6146	6228
3355	4889
399	143872
1137	1141
3491	84141
1981	6146
1778	5347
6170	9349
10121	26123
3339	3915
23028	283248
23291	65264
2305	9133
1981	6222
671	10394
9320	51088
963	3903
6133	23521
10885	65083
1006	1010
4085	55166
701	9055
152	5580
4116	6169
846	56923
5294	7409
1894	5879
9793	347240
2305	10112
6230	63931
7403	23054
3673	3909
288	2348
1063	5347
5861	51014
5747	11099
8189	23524
79172	348995
10594	23450
6218	55127
9739	27327
7456	10552
4713	126328
23511	25929
3886	8687
3118	3662
6128	6160
6142	6189
8329	317772
6152	6201
5438	51503
2790	27334
55863	91942
1063	9126
5795	6518
6556	160364
3356	6915
988	55770
6168	6727
4712	4726
3911	3918
6632	51503
11128	84172
23451	51692
2773	5594
10193	26118
6790	121441
1129	6457
1576	54600
6130	6160
389	393
2922	3061
22826	57819
3134	6890
3559	8651
50840	259295
22918	53831
6164	9349
5529	5699
6217	27340
3887	3889
50838	259295
5518	9793
3183	10949
25909	79172
6181	6222
6790	11065
115290	154214
6165	10952
2207	11314
5869	5870
26019	51121
624	6755
6734	58477
10960	51128
3832	6241
64946	147841
890	10460
821	10802
23332	57551
6137	6223
1495	1500
545	6233
6385	7057
6147	6227
55755	146057
23517	134430
5094	9343
55014	126003
5528	51143
1909	4923
6208	55176
6139	6222
6202	140801
5436	51755
4541	4724
6155	6173
950	25977
920	1234
10013	25942
5199	6709
226	5230
6155	6202
3491	54972
6164	6207
3091	51122
5954	51280
640	7525
1524	126006
2491	151246
4670	220988
6157	6161
388	257106
3688	5879
7184	9601
1933	6207
2147	2243
2197	6206
3624	10272
3434	5610
6207	9349
1511	5657
5108	22832
661	10623
8334	85236
2036	116986
2023	7167
5696	6890
846	6870
1958	4665
6133	6176
8337	8347
108	5179
5528	9700
3105	3660
7044	51097
8655	23218
6169	6206
2197	6164
2185	3688
10053	152503
6152	23049
60488	116540
3305	9530
53981	55660
8329	8365
6223	9887
8453	22954
5725	51692
6167	6203
6128	6173
1365	24146
6137	6168
4303	5901
991	29127
6141	6176
2962	27238
9493	81876
1314	26286
22845	57171
6165	6224
50506	405753
1781	3797
1829	11187
8886	23160
6950	10575
6133	6154
5948	5950
5469	9967
2767	5330
3688	9564
3107	3659
9738	54820
2873	8607
5868	51715
7919	348995
6130	6159
1537	54539
6128	6171
5707	7415
2735	132884
1278	1634
640	5336
6370	11251
50832	54429
6147	7178
5587	112476
6154	6170
4735	57545
3174	6927
1783	9493
3181	22827
4686	10594
8243	79172
1062	22974
6203	6234
6233	9927
8945	80204
10576	23526
7852	63940
3685	5817
5688	5695
2222	6721
221	5328
4905	10905
6631	6637
4853	27327
861	8013
2197	6208
5690	8742
5594	10971
108	5733
3913	11098
8365	126961
392188	645402
5584	6714
3015	5438
2197	6173
6133	6165
336	3698
10970	338339
3190	10594
8175	10523
6138	6228
102	160364
79865	340205
6231	9724
10949	23020
3187	10181
6426	100526737
23291	79176
6142	6147
566	4332
595	5707
1278	81578
6133	6170
6128	6169
5701	7316
963	966
1009	64403
6129	10399
28981	92104
5870	81876
90550	91689
23322	57545
9742	26146
1121	81846
2980	2984
5777	7852
25909	55746
6184	6185
8453	65264
5471	10606
5286	29988
4717	4728
6204	6223
9557	57804
1500	84962
4543	4889
4839	25885
6161	11224
79861	81027
2153	2159
4862	79365
88	7043
23332	57787
23112	80012
8969	653604
10403	79172
6500	7320
6556	170482
3157	4047
10803	50865
6233	9349
3240	5005
6130	6194
4646	23607
2865	84432
9883	11218
5525	9978
6572	112574
6218	23049
6170	6228
54874	115548
1230	55970
1111	23595
5093	5094
7434	594857
60485	84962
8337	333932
6160	6218
4734	7316
1962	6233
6164	65008
4700	4713
9136	84946
9904	79050
6232	54821
6790	9493
2683	84061
677	56915
1994	220988
830	10282
5985	83932
2792	26338
1793	6714
25831	80204
10540	27175
6208	6231
2975	10621
6635	11157
6170	6208
3200	5438
23279	51143
388	397
6829	54623
6128	6141
1310	169044
51592	64682
6152	6218
8729	10121
2237	10535
6429	22826
966	6711
9276	64837
1500	1956
1829	1832
6138	6204
26005	79867
112	57413
10342	10427
3852	3853
988	55215
142	56655
5903	7514
6122	6159
6202	6230
6144	6170
6698	126638
6232	6233
6625	10523
811	2923
4715	10476
6207	53918
1813	6364
9879	23517
7516	11073
6790	9833
3437	4940
1669	3240
10427	11196
899	56995
3685	9475
55781	84135
10155	10780
5903	79172
3915	7402
9436	9437
6517	9968
2023	2026
25831	26091
9493	10749
6128	6168
9793	84131
890	26271
1347	1350
920	3702
2072	6233
27042	55153
6173	6228
1665	1994
6811	81876
9439	23097
1660	7536
3055	3684
1509	124583
9716	10713
27292	84135
3921	6154
6135	6157
8243	51143
2914	3350
1337	27089
8453	8697
9294	64805
917	29993
6176	6234
2535	5599
5981	56655
8175	84811
6194	6232
2197	6125
9371	24137
10381	84790
4609	7022
22984	79707
10524	10714
3183	6434
2071	10920
9265	27128
904	5431
6133	9045
6231	9887
6711	11014
6170	6230
3822	8302
4171	55388
1642	11091
915	3559
5880	7454
928	3688
6133	6218
3698	51156
351	2767
84085	197131
51234	56851
126328	374291
6182	65008
54069	79172
3017	8329
3312	29763
891	81930
8666	25873
54732	55738
3486	84141
56923	259287
4067	6776
6164	6224
3882	8689
6631	6636
1087	22854
419	390243
2268	7525
3304	6233
3619	29127
595	11186
27237	29984
695	2206
6164	6175
4707	54539
6233	84749
4707	55967
6142	6154
6280	6283
1325	6373
3106	5696
4829	56923
1364	1365
9738	146057
23076	57696
6232	25873
9787	10592
9350	148738
156	351
6124	6143
6124	6206
1398	9564
1387	23097
6164	6218
28977	54516
9700	348995
6156	6168
9585	10112
23097	81857
6130	6141
2935	25873
3673	3688
6872	81887
3688	7057
4926	5116
10250	55749
4854	5087
25847	150726
29763	54874
1062	9793
5868	11021
2125	11187
1793	6461
6156	6173
6146	6181
1981	6208
55249	55870
2982	2983
6147	9349
10321	57554
6139	6235
5339	6133
6138	6202
5832	118813
1544	3620
1909	84109
56923	339403
1088	160364
8945	89910
6049	26224
999	4072
6147	7311
27327	84441
1329	1350
3437	55601
81797	344892
6863	23620
2147	2244
6135	6201
6152	25873
9322	22905
9820	23304
88	1950
4736	6158
332	151246
719	945
10523	11100
4343	6045
1908	6863
22905	54874
79583	80184
6138	6164
5529	79172
8829	10512
4712	4713
3916	5878
28981	79989
567	3107
10499	23389
112	3579
9212	57405
9632	10483
6130	6167
6218	140801
5725	220988
1017	4999
1737	8050
6189	6235
2197	9349
3619	79172
945	6556
6144	6194
8237	10574
1660	10523
8351	8970
2305	55355
4986	50834
6136	9045
156	9002
6189	6205
5516	81930
4116	6233
9700	10735
9133	51143
6128	6218
2091	6217
26190	55236
6202	23049
7082	55243
919	3122
2034	3091
353142	353145
1174	10016
1063	5518
6205	6224
5660	7852
6159	6206
885	2922
3838	4343
6156	6227
1511	4353
2220	5648
6168	6206
6129	6208
1906	2150
3833	64837
6193	6208
6222	6234
915	919
7317	22888
6158	9349
990	5985
8916	9039
974	5336
643	9294
86	988
6167	6727
6045	23028
3357	4829
4736	6175
2792	4985
4582	10164
991	55355
2535	2790
641	7316
4599	23586
5048	151246
4707	4712
3921	6175
7314	9134
4736	6130
9493	23046
350	2266
5657	56729
1595	50814
5286	9685
5597	5718
55165	259266
2790	2863
2048	5998
2691	59350
5443	6370
3191	4670
4171	7298
4736	6181
6159	6168
29088	51264
6161	6194
7704	148581
990	3832
7337	11275
4839	55720
89890	221687
26354	54475
991	1058
23521	56915
6428	7919
7514	23244
10269	23463
10926	63967
26519	56993
1605	10298
353137	353142
6170	6209
1605	55624
6137	6209
6194	25873
25804	27258
5903	6633
6181	25873
50848	57530
5862	8548
701	10733
10075	84231
3192	10594
10403	79682
6208	22803
624	339403
57105	94233
3832	29127
186	4922
1994	10921
9295	9410
5611	10525
10199	84946
115106	440145
932	326624
3688	7424
22984	25885
5528	348995
1287	3673
5516	7525
5610	6774
9382	10905
2804	64746
2197	140801
4736	6233
6157	6224
950	22848
2550	51083
6206	7178
983	9972
8945	9820
1292	5351
6160	6193
1435	401138
3486	3569
6202	6222
1337	29796
6206	27340
6750	6754
420	58530
7321	23198
9493	55165
87	6714
6165	9887
4736	6232
2963	11193
6164	23049
2071	9014
160364	170482
6232	11224
2967	27125
1017	63967
6156	6201
3148	8971
6249	54908
4288	9700
4353	6036
1108	25942
2243	3481
1915	1933
27229	54801
2846	2922
6137	6142
1536	3683
5441	10980
83540	113130
6154	6159
3915	5879
4541	25915
6222	6232
23398	23517
8337	653604
5347	9493
1457	1857
6137	6208
6457	30011
213	5340
1665	23350
3619	10274
1281	1290
3619	10592
6125	6164
6128	6147
3914	5829
2185	3685
5657	8635
4519	4540
147	5021
5566	5970
108	6751
7003	7004
5695	7979
6672	8086
3884	3885
6233	55670
5284	55004
4599	51191
3308	10808
1781	51014
6143	25873
1116	5004
3190	5093
54474	121391
6235	7311
6155	25873
3921	6168
23279	53981
3119	4261
6135	6158
3915	10130
51465	51676
23160	51602
963	8514
2186	8467
1453	6189
11184	27071
29093	65003
23304	26268
3185	84991
3619	9700
2204	23601
4736	6147
3659	5696
6193	6228
909	915
2691	5739
4700	54539
23020	220988
4049	115650
3880	144501
6130	11224
29796	55967
5528	23279
6194	6207
6234	9887
6142	6223
3055	6503
51023	54998
1088	2358
6491	284403
3579	55970
6667	6670
5693	5707
3675	4233
2197	6209
3953	6774
2521	3192
3998	22872
4176	5422
6155	6175
680	3358
1991	4353
9739	55904
5189	7311
9553	54998
2683	5660
6168	51187
3119	7535
1269	53829
1983	6232
991	5905
6602	7421
3017	126961
1946	2268
6122	6147
2740	59350
351	3913
57787	261734
3303	3320
26268	56995
112	1269
187	2359
2491	5516
3795	6652
6207	6218
3912	11098
3351	346562
6167	6194
5711	8697
3148	8125
6993	10755
6921	79754
3190	5094
1665	55127
3181	51593
6143	6228
2153	3481
3684	79895
3688	3915
6602	57492
1783	11015
10155	284309
91694	148581
514	27089
5870	57511
155	797
23376	84085
10902	54617
3240	4069
187	56670
2197	6146
6161	6169
3192	23020
5436	51503
6143	6206
377	10749
25839	84342
4233	9564
2222	3156
6206	6210
1650	6185
1062	6232
920	8976
6210	9887
64318	79954
1646	8644
4694	4712
6202	6208
4686	10302
1129	1814
1213	6233
567	3659
6222	53918
1810	26009
6228	7311
4985	6752
6142	6164
1933	6141
899	140460
81	1495
6518	84329
1536	4689
7098	10695
26123	84902
6616	11322
54998	55052
8514	22918
160	29924
3190	10657
6146	6147
1287	3688
4535	4537
89910	115290
10762	84271
8317	23649
7311	55366
26146	55112
55003	84154
7038	7173
9126	23063
6128	6135
3619	54821
6387	57007
1121	326624
6136	6161
6161	7311
6139	6146
3309	7184
6228	9349
4712	55967
6155	6189
9793	10274
3553	11213
1398	9844
7317	51343
6228	6230
9533	112495
3674	5829
6228	27340
9277	84946
933	974
388962	654483
336	2262
6201	11224
2071	55677
5432	27125
3832	10121
3105	3659
6202	6207
8972	93432
991	1062
6167	6201
2185	2268
140453	192134
6161	6218
1445	26191
4686	9879
51132	54778
1783	5529
6161	6202
6136	6160
55055	151246
966	326624
6129	6168
6176	6230
1604	54732
23304	64682
996	4734
1639	22930
1937	6130
353137	353145
156	2863
3491	3912
5435	5451
23397	24137
351	55970
6125	6135
5286	7311
6233	140459
51465	140739
6047	64219
6228	6235
3915	5829
3921	6231
3882	286887
8969	8970
1778	121441
3199	5438
28981	150737
4116	6147
6132	23049
2892	2903
6203	6233
3357	5737
2790	7204
6171	6228
861	6604
1479	56903
6432	10946
2865	23620
51264	65003
8514	10857
2788	55970
5685	10393
6181	6230
1062	83540
27077	57545
51118	80135
3713	6699
988	23435
5516	5519
966	11322
6233	54363
6426	7536
6616	8673
2805	3242
51650	64983
6203	6223
256933	283869
55703	84172
5155	7057
4702	4724
8243	9700
1495	3801
6136	6169
3685	160364
6193	8666
11218	23511
4519	4539
3122	5641
2266	2719
4512	4536
6222	6227
6155	9349
6168	6169
6159	6205
6634	22827
3886	8688
1915	6189
6159	6218
5747	10458
5869	10254
10802	100302736
6158	6176
23265	50807
6159	6228
10133	81631
3214	3216
91	92
6161	6210
6133	23049
1544	169355
9493	9833
6209	23049
24148	51340
174	2266
4057	6709
1906	1956
6223	8562
7314	26263
8351	126961
1660	9716
5351	5352
6122	51386
3184	4670
990	9156
2207	160364
6122	9045
1088	150372
3190	57794
2123	2124
4168	57381
10285	53981
6164	6233
1314	22872
1956	3918
6202	6203
595	896
8243	23279
1121	54453
3312	10808
332	3619
1595	3156
5170	7249
3191	9782
1981	6210
10574	10575
196883	285601
3912	3915
4701	126328
11015	23046
1308	3691
26005	26123
1017	10926
1822	23028
3683	3685
9820	56658
1933	6194
6181	6223
9604	22954
3619	10735
3921	6167
7311	23586
23608	140462
1933	9045
6667	10499
6233	83987
695	6850
6117	10635
6202	9732
5869	57403
5717	9020
5985	8914
1783	3799
2033	23112
4599	4939
3181	10432
728	6376
9820	57531
1783	24137
9510	11096
7327	26046
1778	22930
10952	140801
2177	11073
4543	4886
1956	5579
915	286749
6144	11224
6209	6235
11325	55749
6170	6223
2125	5493
9776	55626
8086	84271
5528	10726
6631	51645
1233	11251
6605	9031
1439	6776
1033	9232
5928	57459
163	54874
57630	83737
55127	57647
3157	3422
6610	7132
3313	9093
5592	8654
6877	51593
54845	80004
1398	11184
5347	9793
23291	51122
26190	140459
4641	10552
80168	346606
1994	27316
6152	6160
1476	10394
4713	10632
8581	27076
2767	5335
374	2069
6122	6222
2197	11224
6164	6194
6229	6230
1981	25873
3113	10346
51308	255725
728	846
4584	4586
1981	6223
799	10268
3690	5908
6158	6175
963	3683
5829	7852
389	23526
5422	55388
23658	27316
1902	63940
5318	5493
2064	2886
330	637
6144	6203
80328	116372
6203	9349
1994	9716
1956	55914
6626	27316
6635	27258
4116	6167
8881	63891
81285	285093
6139	6234
9133	10733
6189	6202
1129	3355
4717	51079
388	389
6122	6156
26268	57531
5179	9210
553	64106
4318	51646
4173	5983
4171	4174
3655	3675
6950	10376
6208	140801
4771	122786
10285	10914
6130	6189
1832	11187
150468	259266
6167	6230
834	114769
5689	51371
24137	29127
1063	4288
6152	140801
10481	84366
8648	80205
79954	84128
2268	2817
1933	6152
4295	5020
3857	3868
6208	25873
3913	11167
2491	6249
6455	8871
7536	10772
341152	344892
4541	4712
6228	6234
3202	3204
2803	5870
23524	51639
7314	7415
3054	3607
22954	57542
7476	7483
1347	4726
6135	7311
5715	7979
1062	10403
640	974
5501	25936
5594	51316
3655	4233
81	5829
10693	63971
25793	84676
9700	57122
988	9793
57787	84902
4540	4724
6139	6229
3181	5430
336	4547
3301	3303
23586	54476
7272	64151
632	4094
4221	11168
6154	25873
22918	79895
4666	6136
988	4436
1555	1577
6218	6232
5688	5705
683	94103
3066	23028
3609	10236
3832	259266
4717	4718
7514	22919
4116	6168
338	4973
1749	1750
6147	6218
570	1962
111	10268
23304	26046
3071	7409
1191	2162
2058	2617
3832	285643
6182	51081
4736	6207
6234	7311
1738	4191
4709	4712
22905	29763
9495	10369
287	6326
259287	339403
9493	10121
6124	6159
338	2266
1956	5782
3607	55252
2918	4985
6156	25873
8106	29894
3579	126006
1453	6235
6133	6210
6130	10399
10618	51246
6868	7311
3352	5540
5822	10885
5725	10523
51429	54874
623	2357
10274	57551
3396	51649
197	2153
6161	6235
9320	26268
6164	6209
6625	10236
6135	9045
6233	54778
3796	5519
6707	147409
6210	140801
896	6776
64105	151246
4736	6133
3875	144501
6228	10399
3181	3190
23332	91147
7756	64149
1949	2045
2801	10972
4536	4538
4173	79892
3833	56992
6206	6227
51382	338339
6137	6204
6223	9349
6133	6209
8341	8969
1956	3084
5149	54714
3685	375790
1445	5829
9378	54413
187	1233
1453	8945
4513	4537
1942	9564
1981	6154
5657	6036
164	2799
1495	5819
57670	283455
6156	6176
6208	7311
10254	10552
6223	25873
10285	55339
10671	51143
302	10383
6168	23521
6601	8289
1329	29796
5546	10262
6204	140801
3046	3048
1462	8542
6128	6167
6168	140801
2837	5331
9020	51330
2912	4889
1956	3655
3920	55754
2214	2215
4670	10523
113130	151648
9341	22836
55831	56851
10071	50614
6158	6205
4702	4710
746	1603
55920	79023
156	5578
142	5981
8356	121504
8243	23244
9877	100381270
1660	9343
6751	256933
1058	9833
7311	23607
27237	171177
5702	7314
1639	24137
1969	2050
10199	84128
4332	4353
27229	55755
3672	6709
5872	53916
857	858
6158	6173
2847	6363
6136	7311
3627	4889
988	51692
3980	6119
3185	51692
6133	6167
891	10112
3355	3627
3832	10403
7311	11059
2243	51156
2773	29899
2244	2266
6142	6168
1062	1315
22888	51343
9585	10749
89910	143279
108	4852
2537	8638
6936	51645
5880	64333
26146	92104
915	29126
4867	23322
10489	51343
6193	6232
9833	24137
4976	55669
3635	5294
26123	79867
10274	55055
7327	8925
5439	6923
4508	4514
23014	143279
8945	10075
6632	11157
10921	23524
27340	55720
317	835
2792	5741
155	6343
3913	6714
8453	84085
6181	6204
1956	284119
3689	199675
51206	80739
26268	64682
963	64386
25831	57542
6209	7178
3433	9636
1857	6233
9787	10112
1398	5747
3111	3122
6157	6165
4540	4728
6230	140801
6625	23524
4008	22954
23028	57504
5516	5708
6160	6203
4714	54539
22826	85313
6599	55193
10014	54880
6133	6156
11224	25873
6233	26091
2205	3702
6037	8635
6158	6222
10376	84617
6146	6233
11274	23586
8976	10254
88	4620
10236	10250
6223	6232
4694	29796
3190	79869
51715	326624
2048	5921
1956	4145
6156	6229
2491	81930
2197	6223
1495	7082
1350	440567
6165	6234
6152	55176
6122	6160
2537	10379
1435	84141
3675	3685
6205	6228
9133	83461
671	4353
6745	6747
3190	6434
23295	140460
391	8503
6206	9349
6801	8428
1659	51503
8189	11100
4985	10563
10193	53339
6202	27340
6147	6173
4700	4725
6125	6233
4928	7514
5094	27238
9887	25873
6429	9410
11224	140801
4736	6161
5880	171177
6171	6227
9371	11014
3361	9290
25798	326624
3728	5493
3683	5788
5829	64098
51429	115548
5704	5714
6164	6217
9730	64682
6168	6208
1781	80184
1290	1303
2767	55970
1969	6714
1329	1351
6165	6218
3978	7874
3313	5903
9793	10403
26091	65264
6160	6167
1969	2048
10051	23244
2792	128366
6233	7844
1915	6139
6234	25873
5869	6233
813	10970
8969	85236
117	7434
1933	6206
65003	219927
988	3839
2305	22974
50831	51289
6181	23521
6160	6188
72	58498
2071	6878
891	54908
3949	5868
6249	8826
6152	9045
11169	84296
1793	10458
1237	27199
54617	57634
6517	84246
9700	64151
1431	4191
4174	4678
302	2799
1994	10236
10460	64151
6176	51187
2204	199675
51343	142689
57122	79172
24147	79633
111	9283
10959	22872
134	5660
3184	10181
3181	10713
6204	6207
6228	9887
6144	6227
6181	6228
4172	4175
148	2846
6161	51187
10482	23279
9556	84833
6130	6137
1453	6230
9685	10618
10403	151648
695	3055
6176	6218
9377	54539
6217	6232
932	10970
4343	84441
6167	6218
3797	57539
1385	64784
5430	6602
1946	1969
3796	5515
672	5438
148	3061
3797	24137
1062	1783
187	11251
4736	6208
4171	5422
6223	6228
6139	11224
6164	6173
675	55215
117	2792
1783	5903
6272	9500
160	26130
10629	51616
2792	388531
1994	10285
813	3569
5507	6233
6143	9349
11128	25885
2168	3158
5872	8766
6122	6168
4712	4728
9045	11224
6142	6160
2625	7031
7415	203068
3684	53831
7184	10970
8349	317772
2912	3627
10577	56729
6165	6233
3064	55660
23014	80176
4318	7130
54973	79664
3576	6347
5781	7525
11218	25929
51023	116540
1813	4283
1058	9133
146	4923
1576	2327
641	2178
2444	84766
942	7525
4659	5515
28981	64792
3184	3190
4734	26091
6223	6234
462	3827
1605	3672
8087	9444
3105	3134
3303	9531
26232	55527
10523	27316
566	8635
6227	9349
10102	51021
102	1088
6170	6229
2956	5422
6827	10302
1774	5199
7525	9844
3133	5696
3909	375790
6602	9031
11338	27316
6227	7311
39	3157
9493	54443
10282	10652
10403	81930
6218	6727
1933	6230
164	55330
636	25782
8349	8365
10885	55720
2107	6181
659	9765
1241	2767
6130	6152
6142	6218
6176	6194
29093	219927
8313	10297
25984	121391
26224	283807
7840	55755
891	3838
5436	5438
6624	51411
64981	116540
8548	64746
51289	56923
90249	137970
2967	9015
5435	11325
680	846
4353	5657
6218	7311
3111	3123
8925	10489
886	2869
8826	128239
633	10675
6672	10475
10952	28972
8655	10540
23511	55746
4735	23332
4539	4540
8351	8365
9611	23118
6122	6135
6137	6210
3122	4261
3866	144501
6142	6161
5430	9282
6202	6206
6146	140801
345	350
6233	23014
472	51426
6147	6232
988	22803
5519	22919
5094	84991
5747	9475
6667	26512
116541	219927
2888	5584
6227	140801
6136	6142
4543	50835
6124	6176
10250	23636
3843	55705
1398	9046
4700	55967
6422	7474
3074	10577
146	148
462	51156
1524	729230
2521	3183
9350	56963
259287	259292
1432	5062
1291	8985
5693	10213
2207	3937
3920	6836
26155	117246
4775	5534
5819	201633
1292	55214
10121	84902
26146	79659
10970	79895
4508	4537
5094	23020
117	2784
1063	10615
5217	55740
6205	51187
6147	6164
2222	51478
7478	7484
2633	4940
6135	9887
1387	2033
9341	22905
3178	3192
51143	151648
1629	4967
3684	3687
3832	6240
4726	4728
2958	79035
3267	22848
4736	6160
6185	58477
1781	7531
6206	9045
891	1062
6135	9349
3683	3903
2550	6363
5707	7316
5037	10256
6133	6168
6036	8635
2262	2719
5430	27316
8085	55904
121504	126961
5439	10980
1781	10540
3579	729230
6772	9021
6135	6202
3832	4288
6133	6164
6168	6188
10959	11014
983	10733
60560	80155
1062	4751
113130	348995
6168	6170
4724	29796
2817	5673
4343	27327
2521	3190
2207	79895
6714	7311
5422	84515
6632	6635
6230	6234
6132	6224
301	2790
5970	23118
1910	2865
3667	5293
919	3559
3912	5954
1315	9276
2533	7408
6136	6143
6170	6188
84870	343637
6122	6223
5788	7852
9716	10921
5879	10552
1595	3157
2916	346562
9126	79172
50831	50832
6167	6222
6181	6234
3002	5551
567	3133
1783	29127
1994	10250
6426	23517
5116	55125
5526	81565
84648	353142
6161	6170
394	7204
6222	25873
4288	10403
1315	3796
932	199675
23279	57551
23279	55339
3836	22974
7316	55669
6235	9349
4926	10733
993	84126
9228	9378
778	27091
988	23595
4035	10082
3107	10475
2207	5335
6188	6235
3659	7706
22974	23332
163	8976
1063	9833
10802	22872
5725	10432
6164	6176
54821	151246
4736	6168
551	1392
9276	10959
6233	26130
932	160364
991	9055
6152	6165
9320	57154
2185	5599
1981	6235
10022	51289
4735	23322
6232	6234
9318	140461
2790	7852
2912	4852
7335	8453
4736	11224
9493	10112
2244	3827
3827	51156
5330	9002
23595	51053
6602	55193
3122	3127
6136	6170
6136	6202
695	5293
6193	6231
57082	348995
9648	10466
6672	79097
6135	6156
6138	6230
351	1241
51602	84549
2197	6167
2147	2159
324	5519
5781	259230
389	117289
6700	26239
8678	55062
6633	84844
2054	8673
6122	23521
6233	140458
6147	6157
8450	51122
11118	11119
25926	84128
6201	6232
7311	285231
1894	54443
2207	3903
226	5768
5725	10949
5903	23511
4696	4710
5594	5781
973	974
3672	3688
7857	9210
10201	87178
6159	6203
6165	9045
57405	79682
4697	4700
5695	5701
6176	11224
6144	6230
23047	57405
6223	6227
1314	9276
26268	56658
6233	7189
811	813
3619	10112
1956	5829
671	1669
6124	6138
9282	9611
9601	10130
695	8976
6193	6223
1660	9128
143502	285093
2033	8289
4738	5715
10112	83461
890	7272
2491	5048
9564	10044
7311	10110
26173	51593
1129	8673
1555	54600
2197	6129
11017	22826
6189	6203
1291	55214
1933	6188
1062	1639
1911	6045
1277	1292
6135	6161
6167	6189
915	7535
302	383
2353	2354
3320	10787
2147	5020
84861	143279
51088	51122
6188	6206
3339	3912
6136	6207
6175	6206
2962	80004
5294	7852
23160	84128
7533	10971
332	54821
6165	6169
1660	10236
324	1857
6461	7409
23223	79039
6156	140801
84549	84946
6790	11190
1462	6696
10849	25885
8349	8969
6714	57670
4697	4717
8683	9785
6203	25873
5745	6344
10561	55601
1062	23279
55832	57542
64979	219927
1063	3832
6233	8295
10193	10489
10749	24137
991	24137
1292	5352
1022	4005
6218	6224
3178	7536
1499	7409
9306	9655
6168	6189
990	5422
6228	140801
1314	10802
5516	5598
344892	390079
10749	11127
9742	57560
6167	140801
6203	27340
4710	4717
6168	6234
3127	4261
3267	3949
4176	6240
7375	8717
6176	6181
4800	6667
9092	27339
1781	5861
6227	6231
3915	10970
9183	113130
1781	6993
9329	10621
1942	1969
6636	8683
6138	6144
966	10970
22954	89910
1981	6137
9320	57542
4867	91147
4088	23327
2071	6830
2197	6154
7538	9261
6188	6207
5688	11047
6133	6224
701	10403
6181	7311
1500	55740
6124	51187
3827	5345
7311	84133
55003	55299
701	9793
5872	23265
10240	78988
6128	6164
983	5983
6428	7536
87	51097
701	8243
7184	51726
701	1063
6189	6217
161	26130
7532	57521
6169	7311
6159	7311
6144	6234
6204	23049
988	11193
3178	3184
6169	6176
6169	23049
9133	113130
6234	8666
6235	27340
6133	6203
6207	6224
6230	27340
1234	1236
4173	55388
140691	201456
6455	8673
1781	57545
6164	6235
10155	90233
641	2189
6224	6229
6169	6207
6146	6208
6426	9782
5037	54845
1642	56852
258	9210
6194	6217
3055	9564
163	6453
6426	7919
10053	130340
6181	6194
1063	81930
11218	79084
187	5473
11015	51014
6194	6233
6619	10623
5516	79172
4889	6751
1063	7153
335	3827
3178	3183
6232	54820
6193	6202
6122	6143
1120	5130
23244	23279
2079	6637
1994	9782
4173	81620
813	3915
4724	4725
6168	6223
1981	6218
10618	23431
6288	84432
1021	1051
10921	51692
10907	57819
6139	6209
50628	129401
6158	6233
6233	8450
4088	5594
9870	26091
6147	6204
796	6344
51109	54884
147	2150
6128	6193
6137	25873
329	7316
9221	25885
9126	55746
3181	10236
5529	5711
2784	594857
1345	7381
51728	79622
1783	6249
4734	26190
6136	6201
6141	6194
10274	51143
10857	196527
2033	10847
6129	6135
5829	6385
3685	3915
580	10714
411	153642
4116	6202
3912	5578
4735	121441
4116	6637
9276	22820
5700	10213
102	84141
6139	6185
5879	6249
6189	6201
10236	22826
3619	8243
950	7316
857	3688
55055	79172
81567	93100
890	7298
3895	3915
8945	55832
5700	5705
394263	442117
64114	196527
2935	6229
6133	6147
2935	6181
10382	23332
1994	23435
6168	6227
9320	23291
5707	5708
6124	6175
3937	11184
6189	140801
3916	3920
7322	9867
5529	7514
1933	6124
2043	2050
5707	8453
5747	10298
9820	89890
6233	143279
79090	149111
6133	6142
84890	339896
9793	203068
6122	6173
1129	4852
5898	10890
6925	6938
6230	6233
2524	10331
3191	55749
988	7919
2146	22976
55755	57787
3903	10970
6122	6209
10663	259292
6223	23049
117	5741
2242	10371
3685	6850
6130	23521
8337	8349
108	152
3710	8826
5048	7531
6118	9557
887	3827
5290	259230
566	1991
6159	9349
1909	2869
7424	8828
6204	11224
2521	6626
6135	6143
302	5707
5867	5874
988	10767
8175	57794
4726	29796
3215	3216
1462	10618
6152	6181
6133	6158
955	374659
6621	79035
2782	5082
553	680
967	4033
6232	140801
1434	3836
896	6777
4297	26523
27198	338442
1605	3688
6209	8562
8697	65264
23279	79172
6129	6201
699	151246
1080	2147
1063	22974
6133	6202
9833	22974
79980	113130
2099	54828
637	3002
56919	57647
148	886
5976	6167
1605	5879
6129	6142
5701	7979
904	2967
6133	7178
57111	401409
2064	85440
5715	7314
6203	6222
6207	6227
4695	4700
29889	51154
6430	6434
1660	23020
5870	57403
5624	10232
80321	121441
6144	6168
9564	54518
1435	6696
1832	2125
4194	7316
25879	84294
6152	6232
6156	6169
90	659
25978	92421
6181	6206
7514	25909
2194	6319
5093	10523
6233	7874
6228	25873
2625	5241
641	4439
3921	6139
6155	6159
3915	51280
2205	2206
2266	9715
6193	7311
3376	4677
5575	8826
6572	6857
4172	10036
10540	22930
1991	6037
1937	4736
570	6233
6235	25873
8648	23097
6135	6154
2683	2720
701	3832
6125	6129
23332	121441
6135	6224
23244	57551
8243	10274
10802	51014
5516	51143
2922	4923
7311	55272
9798	27183
2925	9170
7311	10111
23511	50628
4519	4538
6201	9349
1915	6222
64926	153090
3491	11098
4736	6204
2353	4773
6142	6201
6154	6218
6728	51121
3190	3609
5928	8085
5155	83706
1129	4886
4867	8655
6161	6233
6461	10787
891	4751
4689	653361
6218	6235
246184	285231
3859	125115
4886	5733
5741	122876
1133	8477
6727	140801
1314	8615
8843	338442
3122	3662
2491	5519
3183	6426
10466	11014
6133	6228
7314	93343
3113	3123
2023	2597
6176	6207
629	4179
5869	6453
6205	9045
11127	64792
22954	55236
3676	3691
5438	51639
332	3832
3687	441864
440	2617
6202	6205
2268	9564
439	5694
2623	6886
6139	6201
6155	6209
10921	55746
9410	22826
6136	6156
6128	6181
1994	10498
671	5657
9128	10594
5330	60675
3685	4035
1435	3490
10382	91147
6133	6137
55131	84128
1669	1991
2160	2161
9126	23244
5005	7276
7388	29796
1315	2804
6188	6230
6193	6203
3688	91522
6176	6201
51122	56995
6137	6189
6130	6144
988	3326
3312	9128
3135	3663
334	3915
2935	6207
3212	8338
10403	10592
351	1524
5700	7415
6633	11325
5861	5878
5928	57649
7311	11224
6628	8683
6203	6206
9793	121441
1793	5747
6124	6193
6181	6229
6208	6235
23627	137797
6142	6144
2185	3320
344892	347468
6158	6189
5048	54821
25929	79084
10857	64386
350	5267
351	2817
2912	3355
6133	25873
1915	6147
3192	5094
1956	7039
2107	6176
1816	3973
5711	7311
9295	22794
501	51166
4175	81620
92104	150737
338	2243
6176	6232
5048	5515
10621	11128
6147	6191
4952	5286
1129	8322
2178	7398
80224	374291
133	2863
890	5933
3921	6135
8175	56949
4172	7298
22938	220988
6205	11103
5609	9181
2912	4543
51684	80199
6154	6231
5983	56852
6146	6230
5266	6699
84541	122416
3362	53831
5660	63940
3185	23283
5048	55055
6432	6628
10594	11100
2358	3579
1515	3113
5434	6749
6169	11224
9126	54780
4952	22905
10592	64151
6625	8189
8861	90780
1781	6249
9282	9968
6170	6203
3619	9126
6175	6234
5700	5706
8648	9968
55759	84549
3903	79895
991	51665
4541	91942
4541	374291
5196	11251
6132	6209
27042	55127
2359	56670
400	55275
4708	51650
1915	6161
10959	51014
6208	9045
2033	8243
3491	3685
7337	26190
4926	84131
2359	94235
3092	6233
6139	6230
4697	4708
6443	8910
6173	6222
6143	6159
1600	30011
6147	6155
3903	5023
6144	6160
988	6596
1063	7514
6428	6430
4033	4257
11004	51512
4700	9551
2962	54845
9820	26268
4709	29796
4736	6164
258	5179
1857	5528
6144	7311
983	9126
10713	23451
746	100128731
10540	22974
334	3491
10857	84329
54578	54657
779	10369
719	8514
1783	10540
1915	6204
7531	81565
23122	23244
2521	51692
6158	6203
10552	22905
5880	9138
6173	6188
2243	5345
57154	64750
51143	79172
10841	200895
6146	6234
332	259266
6152	7311
4736	6234
846	10022
6232	7458
5557	23595
351	2841
988	9126
3918	375790
5954	7184
695	118788
6169	6202
1859	5928
1000	10970
9349	25873
114	2492
64928	219927
5928	10013
9276	10802
6165	55176
1457	23411
11127	29127
1129	283869
6241	64151
51373	64951
3105	3133
6168	6176
2920	3569
6201	25873
6117	55388
5266	5493
6154	6167
2317	3688
9551	84833
6201	9045
1994	3191
6139	6173
3185	3192
3178	3609
6175	6233
248	6975
2033	9739
26539	344892
6427	8106
2847	594857
974	100423062
6428	6432
3355	4543
56667	140453
9322	9341
10921	10949
6925	6929
6135	6171
6142	25873
9700	23332
4998	5426
56949	91603
4713	27089
5733	283869
521	4713
2243	2266
6136	6217
2209	10152
8568	57696
51602	55759
6129	6165
7454	10552
6160	6164
3855	3866
6210	25873
9793	79172
1453	4809
6122	6161
10552	100423062
3921	11224
9055	11339
8334	8341
2197	6228
8337	8970
5747	7454
245937	613210
2266	3481
6144	6188
6637	51639
963	326624
3903	326624
4736	6137
1660	4670
5903	10735
6703	6704
6133	6138
3178	7919
121278	200895
3973	104909134
6161	6164
991	5707
1650	6836
6122	6128
7469	9656
3304	9531
5266	6707
5094	51692
1337	1340
3897	284217
6122	6175
4512	4538
6144	6204
351	3491
9133	9833
1062	5526
6707	126638
185	186
1457	25942
375	10959
3360	7253
1058	8655
1911	23028
1500	3801
3185	27316
259	2266
5684	5695
9354	23304
891	1022
26249	142686
6168	6228
6160	9349
513	517
8477	9002
3911	5747
6181	7178
6206	25873
5290	9208
3178	8175
4905	9570
9212	83903
5336	79837
11193	22826
5173	6751
3355	5173
871	1291
996	6233
4602	5432
6144	6147
6205	6208
23160	79954
6206	23521
945	222487
1665	3190
9738	55755
5725	9879
9320	84231
55008	151636
6132	6227
6144	6176
5571	60673
1350	4695
6122	6228
7272	10403
6233	84133
6155	6207
1277	1291
4695	29796
393	11014
5701	11047
6189	6194
7082	25937
6138	6235
2491	6232
6146	6165
5230	7167
2099	6387
2768	5879
143471	161742
2648	5469
1803	59272
3054	80335
6122	6203
9459	64098
3832	9833
1933	6164
1601	6453
54578	54658
1639	3326
22974	24137
7311	23049
2935	23049
3579	5515
6205	6232
3135	3805
516	51287
988	8243
1551	1555
1111	8317
6572	8322
7153	23397
3013	8351
4713	4717
4173	9126
4927	9212
86	5977
1398	3937
3433	4938
1937	6229
26984	81876
6167	55176
6152	6154
1650	7841
84902	91147
3903	8514
10383	84617
4519	4541
1854	4174
9927	54708
6175	6229
51602	84946
6157	6194
6122	6155
6201	6235
9742	28981
472	4361
6133	6144
10022	50835
919	3123
6160	140801
10970	196527
1994	51692
3071	6461
6142	6209
991	5708
1778	5707
6122	6144
3091	5707
831	3688
9739	9757
7325	7704
27125	79577
1347	27089
3181	3189
29127	81930
55832	80067
4736	6139
6147	6231
378	9276
3685	196527
3912	54972
1662	10528
6189	6209
174	51156
6189	6234
7311	7321
6128	6231
26519	26521
9787	10403
23404	54881
3191	10921
4171	5111
9551	29796
1968	8661
29127	55872
258	7857
2107	6137
5829	7430
1793	3071
9320	26046
6165	6227
55143	57082
3685	3912
6138	7311
7272	9700
6129	11224
6159	6161
3191	10432
353137	353139
2318	54751
2071	5433
4586	140453
9156	55388
5861	5868
8085	8289
23244	55746
9320	54778
50813	84727
6130	6142
56923	259292
6208	6218
6130	6136
55008	57154
6632	10907
6632	6636
988	27316
156	301
187	6370
9793	23332
6129	9045
