6128	9349
1337	4697
26270	93611
6136	53918
4033	5660
7336	7341
3071	9844
3123	56244
6632	6635
1933	6144
4670	23020
6426	10250
1398	6714
3915	4240
3673	3912
813	3371
3659	5371
150684	150726
388	399
10885	81887
5879	9475
351	2767
25831	143279
988	55631
54732	55738
891	5515
5869	8976
3683	84329
695	3635
6193	6232
5880	80728
3953	6774
6222	7311
3340	375790
5435	6875
7334	64320
6176	6194
6625	10236
4738	6635
6133	6232
6146	9349
673	57498
1457	1857
6189	6218
5829	23209
8289	57492
64386	84329
4173	84296
2792	388531
7272	10592
10489	22888
6203	6217
8687	8688
23620	84432
8886	79954
6132	6218
3683	57153
6122	6129
5869	5870
112	1880
7311	54874
4677	8565
116	5739
959	10673
4709	29796
6132	6135
4736	6233
6210	6223
54620	80204
3921	6230
64151	83540
23160	84172
2946	2948
6203	6206
905	25896
10970	84141
53339	57531
462	3827
9787	55635
5777	7409
1854	7298
10022	259293
3187	55696
51429	54874
8662	9669
8969	85236
26494	344892
10952	28972
7852	8698
3659	10475
5516	54908
8337	85236
6155	6207
79954	84154
23244	23332
5000	7311
5023	5795
7272	10403
5985	8914
5898	5899
891	10112
6202	7311
329	51330
26589	55168
6208	27340
1058	55839
7846	57545
640	973
7316	64326
4513	4514
79954	84916
8689	54474
1017	84515
25926	51096
6130	6222
4686	11338
5093	10523
1660	9343
1981	6218
64792	79989
6228	6233
64976	116540
4709	27089
5426	8914
6201	6218
9820	23304
6146	6228
4712	91942
9727	55770
24137	64837
2305	22974
3713	23581
57332	84733
6158	6202
6189	6233
3191	7536
54657	54658
6165	6203
6625	27316
6167	6189
336	338
5331	222545
25879	56902
29984	445328
50506	405753
831	23209
4641	11127
10540	91147
9883	23165
3921	6154
2672	6688
23160	79954
3683	5023
4512	4514
302	79026
891	5516
80184	121441
6135	6201
488	4853
23332	25936
3178	6294
5516	10213
6173	9349
6176	6207
399	9828
6142	6229
3855	144501
5501	9793
891	7316
3320	84962
7311	65264
1605	3909
10427	22872
1630	137970
5435	5441
920	3702
6135	6207
6164	6234
377	29127
2801	81562
796	5745
1794	9844
10841	200895
28977	54516
5970	23291
84727	122769
6232	23049
1349	10975
4174	7298
3482	10618
4175	81620
6209	6223
8329	8349
64979	219927
1981	6209
796	6344
156	7852
6168	6230
57111	401409
990	5985
64410	79791
393	11014
9276	22872
6139	6144
5584	55243
2865	6863
963	84329
4736	6224
4998	5422
1289	5118
6154	6234
1398	9046
5688	7979
9739	27327
2692	5745
6128	6229
6167	6170
8805	27044
1495	84962
2798	56923
1901	4544
60	10095
4707	27089
988	23435
9553	51264
9826	23365
5584	6714
6223	6231
1277	7373
2803	90196
6235	9045
7514	23039
3855	3880
79583	79867
11190	57545
8106	29894
27229	54801
1634	4314
800	5829
6141	6193
5439	5451
1292	55214
1004	1016
6159	6206
8568	57696
2767	7204
3685	326624
3184	6427
6157	6201
10813	65083
9867	197131
6158	6160
8337	121504
6135	6228
6135	6160
3675	3688
6234	9349
56923	339403
10163	147179
116	94235
2799	5476
259292	259295
783	10368
10376	84617
8648	9968
2841	55970
83597	135946
6202	6223
2058	4141
6167	6175
3433	3437
55872	83540
22954	23327
6165	6227
567	6890
9320	197131
6229	6235
23160	55127
2185	6461
197	462
6222	11224
23354	132320
6175	6207
55872	64151
6160	6210
388	55843
6426	6432
9716	23350
2967	9646
51079	126328
3113	10346
9113	154810
1133	7200
10890	23011
5880	257106
4736	6234
6232	6235
5880	7454
5529	81930
4584	4588
2932	5718
6168	6234
11127	64837
9002	55970
4599	23586
2810	3691
1880	57413
6203	6235
3579	8766
971	974
514	4726
1783	51014
11190	121441
4736	25873
6160	6201
2914	4988
1855	81839
3609	5725
1933	6224
6141	23521
274	51429
1292	3688
10749	51014
1398	10818
2962	4298
3848	162605
120776	344892
51143	113130
6233	23168
9295	84950
9833	10112
8453	51122
4738	7979
3683	64386
1063	25909
6233	22848
6122	6232
9551	27089
9282	9968
9690	84231
1669	10394
4087	79753
896	3717
156	8477
11224	25873
2186	23067
1650	6184
2840	4986
3646	6156
3913	51280
2197	6167
8969	121504
5516	55055
516	10632
5434	8349
2099	5241
1639	22930
87	3688
8969	440689
6133	6175
11325	55749
28998	219927
6206	6230
23291	54165
3156	4598
3849	140807
10693	84617
10000	55970
6122	6223
7533	10971
6139	6175
867	26130
1906	2863
1665	5725
10250	10772
6208	6233
9371	79989
1292	3672
10236	10250
783	27091
3882	121391
8453	55884
373	7322
3071	5829
10291	10949
54577	54658
8843	27198
9793	57122
399	445328
6233	140459
6157	6228
1195	57396
988	55770
9611	9967
9700	29945
96459	201163
6189	6205
3911	5747
7316	54677
6206	7178
6188	6227
1387	5437
6144	6235
4509	4536
836	6789
5796	6233
9435	50515
1969	5747
9636	10561
29984	257106
8351	8970
338	462
932	10970
6142	6227
6418	7514
4172	4176
6222	10399
26091	57154
6223	6234
160	29924
6139	6229
1108	2033
6182	11222
3689	3903
4998	7027
7328	57154
3728	5493
7204	10316
5702	5708
3673	3914
6203	6227
5695	51330
6189	7311
34	6256
5266	5493
6155	6235
2207	8514
58	5879
5443	53831
3113	3119
2790	5579
6223	23521
752	5217
6165	6206
727	259287
7311	7321
7311	9020
6144	6218
1605	3672
1302	1310
9416	10236
6152	7311
6428	10236
2033	10735
4952	5286
2242	10371
23327	79176
6141	6232
1308	3918
1387	8648
84085	154881
996	5708
932	945
3178	3609
5440	80349
56729	126014
1793	9564
389	29127
3664	23650
1329	1347
813	10618
9824	10112
6158	6176
1994	55660
3357	56923
6167	6210
6950	10575
6124	6203
3084	85440
2475	6654
6152	6155
1660	51593
6908	8812
5747	10298
80168	346606
10802	51014
6175	6193
6626	51593
6138	6147
23521	56915
6135	6230
3054	6872
27292	84135
22948	84617
6167	6203
3579	5515
3913	10970
6139	6176
174	2266
2932	23291
6128	6164
3903	326624
152	11255
6203	11103
472	5884
64951	64976
325	3015
1088	170482
6427	220988
53339	197131
6142	6206
488	489
23309	27327
8074	8404
10112	81930
928	3688
26523	192669
7098	7311
4540	4707
23423	54732
9416	55660
6155	6209
6227	10952
5880	94134
2348	11316
6136	140801
6233	154214
2239	10082
335	3827
2491	5529
10092	10109
26046	26268
10487	11344
6231	114987
2099	7031
83551	134860
8175	84811
27089	84833
7283	22919
2517	2990
29127	51014
117	2784
6189	6232
324	6233
701	57082
51258	64951
6227	140801
87	7525
6157	6173
3091	6233
3486	84141
1937	6207
248	6975
25831	154881
3718	9046
4171	5984
3189	9987
5294	55970
6173	6188
6135	6144
3915	5621
1499	23291
6711	10466
6146	6235
7453	8565
1173	9341
5434	10594
57531	90025
1933	6218
2935	6168
3017	6688
6194	6203
4514	4519
1942	1969
9875	22984
867	50618
6173	6230
2792	3763
4848	23019
6160	6230
3685	3912
5351	8985
9700	57122
10013	57649
5880	64333
338	51156
3046	3048
2551	3054
51514	64708
4700	55967
6129	10399
2222	6721
1981	1982
6204	6227
6142	6171
3689	84418
2071	2967
6921	79754
7398	10714
3354	51764
9377	54539
3685	9475
6173	6194
6285	6288
8648	9282
8638	9636
56165	91646
1062	9585
988	3837
3691	4233
8087	9444
3687	8514
6128	6156
966	3903
6173	6208
8581	154064
1938	1975
6132	6173
3832	4288
1942	2041
6146	6206
4540	4713
6427	10189
9138	29984
4999	84515
102	84141
6727	140801
672	7516
5519	10274
6625	11338
5430	55215
332	64151
10618	55330
5905	23225
1062	54821
6161	6193
2107	6181
7003	25937
6207	6223
23020	51729
1763	348654
1213	8976
23295	90678
72	58498
6136	6203
6175	6235
10427	10484
6138	6170
1129	5733
1605	3915
821	10802
84902	91147
990	5717
2150	2863
9371	55605
7311	55366
672	7153
905	5431
25885	55703
5266	6699
6201	6204
1856	5869
1289	7373
1511	6037
2189	80010
4057	10321
3921	6164
4738	5695
915	9026
10952	11224
9329	84265
5330	8477
332	10615
5339	6133
286	6708
6204	23049
5518	7514
9282	23097
3192	10523
4867	27077
64979	116540
3837	5903
6136	25873
891	29127
9793	23332
6152	6208
4852	5179
6204	9349
2784	3763
53831	387129
996	115290
5861	11015
9246	51191
9371	64837
3106	3133
3655	3675
6228	9045
2359	5196
336	5948
813	7184
932	338339
10772	27316
6165	6209
9744	51454
5879	64333
5657	8635
6233	90293
514	4724
6122	6185
2648	9013
11339	51203
4088	5784
152	5580
1813	6364
335	336
1291	10536
3488	54757
3921	9349
23431	27131
393	5879
2833	6346
890	151648
6161	6194
4514	4536
6152	6224
1933	6164
6157	9045
4736	6209
1000	56975
6157	6206
6241	55143
5473	11251
4331	5436
6135	23521
6049	8881
29945	63891
9883	11218
2318	54751
6152	6209
5777	5806
5699	23198
6130	7311
3713	6705
332	1062
8925	197131
6144	6157
4233	5795
6135	6173
22974	259266
930	933
9276	64837
1915	6189
5903	7514
6158	6206
81	9564
3635	5579
26190	140459
1994	55339
6637	51690
393	29984
3185	10949
6133	7178
55749	79869
259287	259292
945	3689
6309	6713
1956	5796
6144	11224
6176	6228
3422	6721
4686	9879
920	5286
6184	29927
5493	6707
65264	115290
5878	11252
1981	6202
797	7252
6233	10110
219965	285093
161	8650
1857	5528
727	846
3909	9459
26539	344892
2242	3320
813	3569
4695	9551
6124	6193
1345	4695
3015	79682
51122	56995
9246	11275
641	5424
7536	10250
4591	65264
6124	23521
3191	10657
6387	6754
1434	7514
5501	9126
2799	5834
26091	57542
9133	55355
4736	6136
9833	55165
4512	4539
6135	6156
1299	50509
5438	5440
8843	338442
595	5694
5903	22919
23168	27125
344892	390063
351	7184
6133	9045
57413	58191
7311	83987
5714	5718
3491	11167
10403	10615
25839	84342
54617	57634
2521	6434
4171	11073
6139	6223
3191	11338
208	2475
64284	401409
6133	6228
1829	2125
4599	10379
4171	6749
9040	10517
26235	158506
1994	10594
54577	54657
6135	6170
10693	63971
8976	55971
1981	2197
6139	6208
6165	6170
302	2799
6625	23450
1994	9416
2197	6727
1435	4924
2787	10803
6135	6204
830	57511
6147	6157
50835	50838
6152	6189
102	6233
4584	140453
1994	10949
29093	51258
6430	57794
1778	79867
4067	5788
988	10767
3184	3185
636	5048
886	3061
8655	10540
6156	6229
3799	24137
6189	6201
185	186
140807	319101
7316	91445
187	6370
84154	84549
861	6604
335	338
377	10749
9793	51143
56902	84135
6203	6218
6135	6141
6132	54512
6185	84061
1291	3672
3488	7857
57674	64718
6133	6155
79685	94239
6208	6235
6135	6154
6189	23521
26239	353133
1937	4736
2177	2178
6169	6224
9716	10250
5093	27238
2912	4852
5469	9282
2209	2268
9742	57560
9276	10802
657	9765
701	7153
5694	5695
2149	2151
5704	5718
9320	144699
1950	3671
1058	9133
56923	259293
6709	11014
399	57522
6636	8683
383	3240
2197	6146
378	10282
7525	10413
10575	84617
226	2023
641	2177
9320	154881
3693	5829
6714	375790
1933	6227
28981	150737
1793	10787
383	8993
9655	90293
50840	259295
1445	1956
6210	140801
6183	84545
3703	6185
6128	6129
1781	11190
8945	11059
6203	6207
9887	11224
1832	3728
7783	11085
6129	6189
108	283869
7520	79840
111	10268
23332	146057
9276	10652
6272	11319
1230	2833
9742	55112
2923	6185
50838	56923
83551	319100
4736	6170
6223	9790
9700	57551
8881	63891
521	4713
6137	6181
1933	6142
983	9126
7124	10673
6158	9349
23047	55143
10575	10728
24137	259266
8689	121391
6154	6223
51649	64976
2968	57804
10097	10487
6616	8673
6189	6193
3560	8651
3148	8125
1870	4208
7139	7431
6133	6144
3071	10458
9350	148738
332	23332
6157	6208
4736	6144
5609	9181
5684	8658
2071	5985
2243	3026
10949	23020
6135	6155
1213	10254
6159	6175
56945	57129
2064	2886
3663	23321
9793	26005
5688	5695
567	3105
6136	6209
1453	6235
2740	5746
23014	142689
2204	23601
5501	25936
6169	6208
4144	4548
988	64682
6229	25873
991	151246
1854	4174
64946	79682
1778	10577
6147	6229
6432	6628
259	3698
4695	51079
6556	160364
6173	6181
988	10657
6122	6164
5693	5700
3619	10274
6631	51645
8697	23291
904	25896
336	2262
1969	2048
719	8514
1398	5747
3698	51156
5795	55754
6152	6202
1364	100506658
2197	6157
8907	10053
7096	10333
658	4093
7317	89890
9306	9655
9793	84902
701	4288
701	221150
9129	10262
6165	6229
6146	6224
54885	152503
4999	23595
6209	6210
6233	8290
983	9972
11065	83461
55720	84916
5829	64098
8974	29920
5725	7536
983	11130
3685	196527
3619	9793
9371	51014
2200	7076
7204	10800
6234	25873
4540	4694
10133	10540
10813	10885
5443	6370
3491	3912
6130	6160
4543	4852
1001	1500
988	6599
1499	5708
1642	9730
5507	6233
3433	23586
4691	6282
2920	2921
2222	4047
7388	29796
1983	6133
10890	11021
6210	6228
6208	9887
2491	6249
6176	9045
7532	80097
1794	3055
2803	5870
6168	51187
7311	8945
5004	5005
6159	6218
2065	3691
2207	199675
6206	9045
6139	6205
5347	9793
5905	6232
972	3119
4707	4713
2776	5331
6144	11340
10613	11160
5368	50865
9551	9556
51069	55168
963	3683
5580	7525
3672	9564
4172	9700
3921	6160
1665	11338
2792	5741
1022	5432
4313	4323
3267	22848
4288	9700
5430	6601
623	2357
79895	160364
521	4726
1431	2747
919	3123
3669	4939
2197	7178
1830	5266
351	3491
10121	26123
1778	22930
378	830
830	11127
6137	6170
3725	3939
861	6595
4670	10949
2792	65055
6152	6160
826	831
3434	9636
3308	10808
3118	3660
25	5893
27257	57819
8807	8809
6160	6234
5347	11004
6517	9968
8351	8363
6155	6229
1910	84432
26338	65055
2305	5518
11222	57129
22954	23014
6206	6234
226	6678
595	5708
115290	143279
378	51014
7283	27175
6133	6156
5438	6827
3074	5707
6169	6206
387	7046
1237	2917
5048	23322
6280	6283
6138	6224
996	23291
3797	26146
6218	6233
6827	25920
4641	5872
1783	10121
3619	9972
701	10733
57674	151636
6181	6202
6453	51429
22984	64318
3313	5903
4736	6202
5861	57403
55279	285237
6184	6185
11095	157869
6194	6223
680	64106
4171	4176
1933	6159
1915	6122
29984	54509
7316	10552
1950	7474
6124	51187
6637	51372
3675	3909
3619	29127
4691	10528
23223	79711
1727	5707
9787	10112
10960	51128
7919	10236
9757	23067
5520	6132
3123	3127
1233	11251
100	51816
4690	10152
1280	84570
8720	51360
2888	5584
2801	5861
988	79869
9700	10615
963	7805
6139	7311
6227	25873
887	2147
5328	5329
1315	9570
4540	4710
7175	10250
6137	6210
9349	25873
400	25839
2033	2072
7298	10403
1738	4967
23322	121441
3434	3437
6139	6203
9378	54413
966	64386
4725	7381
6137	6206
4713	4715
6164	6233
3181	3189
831	3688
8514	79895
6232	7458
6133	6227
9416	51729
2617	4141
8945	65264
389	9322
1660	3190
1956	2064
7311	56288
5529	5903
570	7311
983	5000
57153	160364
2197	6147
6161	6173
10282	10652
991	9787
3837	10575
3912	10971
3190	5725
5347	81930
6134	6175
5707	7415
6453	8322
117	5741
10959	22818
401505	100188893
4332	6036
5879	50807
5981	10051
9787	81930
2186	8467
23304	56658
26091	65264
389	10398
3017	8334
6714	10298
6173	6229
891	54908
7175	51692
53831	441864
909	915
9585	51014
10970	79895
1910	2865
3833	9700
5725	8672
1933	6169
2843	151306
1292	8974
5431	9879
6152	6170
8243	10735
6167	6201
6128	9045
2863	9002
6125	6233
6193	6223
6233	56254
6223	51187
3685	6714
60	1072
857	64750
1781	6249
8514	9522
23042	23420
9585	29127
6136	6161
891	10592
5310	9727
1453	6233
146	886
6429	10236
3660	5696
6161	6235
2730	2937
5688	5701
4353	6036
2197	25873
2197	6203
5700	5705
10236	11338
1029	1030
54821	81930
6194	6233
1291	55214
51320	55175
1894	54443
23376	26235
3434	10964
6137	6202
6157	6207
1103	6572
6233	8976
3543	7441
4141	6301
6129	6188
1500	1739
5707	51330
79583	79600
1281	1290
9787	10403
3655	5339
226	7057
1282	1295
988	4999
7204	60675
1337	1347
1291	1295
3174	6927
56923	259287
5529	10274
567	3106
6230	9349
3178	220988
9564	10787
1857	6233
3355	4889
1933	6129
1161	5887
4700	29796
6157	6229
23310	64151
8560	196527
4171	4678
4829	56923
3659	7015
5777	10630
1717	50814
6205	53918
3619	5528
4116	6169
391	80728
64219	65264
6202	6227
84861	143279
6455	8673
6139	6189
1660	3185
6139	6160
2262	2719
1829	11187
50865	64805
1058	11004
4986	50834
6159	6227
2002	6722
5717	6790
2918	10563
6175	7311
6135	6231
2535	55970
1962	7311
10714	80010
6169	6203
389	94134
5199	6709
695	6850
9700	23397
23332	57551
4689	5880
6129	6135
1471	2519
2805	3242
712	714
3135	3805
2059	5294
57630	83737
5516	6249
3688	7424
3912	10272
6152	10952
7327	8925
399	80728
1656	80153
6152	6201
3912	3918
3192	6626
1660	51729
259	2266
4176	5111
2072	6233
6230	23049
2268	9564
6155	6158
3832	10121
22974	83461
2776	27334
4985	10563
6429	22826
6155	6160
4357	54205
8729	9276
6139	6185
1933	6128
6142	6203
3852	3853
899	140460
3912	5747
1173	5962
7311	114987
4708	4709
391	94134
6160	6222
552	2847
4116	6168
472	64421
332	9493
6156	6169
10857	84329
11190	55142
10575	22948
1268	50865
1639	3326
8329	8365
4297	23309
899	51343
23122	113130
3106	5696
1915	1933
26589	116540
2197	6229
8243	55746
55901	170692
4709	91942
378	55605
6129	6167
2131	375790
3797	24137
6170	6176
6167	6207
10607	92856
4904	10946
6637	23524
9904	79050
23014	65264
1062	51143
10489	84231
4686	9128
5832	118813
974	3635
4111	158511
701	51203
302	5707
3433	10964
1431	1737
4869	55706
6161	7178
685	2069
5054	5327
7272	10615
699	3796
3119	3662
6143	6222
988	7112
10907	51690
2923	3309
23397	55143
1208	5406
6165	25873
1459	9918
6143	6228
10733	84131
6921	55284
6125	6206
3866	144501
9672	375790
9527	84516
8648	84498
5879	9181
29796	54539
23601	199675
6168	6223
3178	3184
3672	3912
6125	6128
3491	84141
54939	55294
2197	6232
8295	57634
3305	10963
220134	348995
3640	53831
57542	65264
6155	6227
3903	79895
6133	6189
57545	79867
26589	219927
8365	126961
4708	29796
2934	51411
7184	51726
6152	6231
1050	2322
11184	27071
10524	10714
1511	1991
5436	6631
8085	23067
3685	10970
23076	57696
2157	27095
2204	160364
1457	25942
6124	6202
917	5296
3895	11167
6138	6208
1536	653361
462	2147
6189	6202
6164	6201
1605	3913
9133	10615
4436	254394
4088	64750
6230	25873
6132	6165
11251	56670
6137	6189
988	51362
6500	7320
154214	221687
6461	9564
6208	6210
1717	6307
3202	3204
3339	6385
7316	7328
4540	4701
6201	6233
3852	3860
672	84464
11130	79902
7032	7033
2695	594857
1783	11127
4173	4175
833	4677
6144	6233
4725	29796
6207	6230
11052	51692
6637	51503
5427	9768
23160	27043
57187	65109
3937	11184
3113	3122
7311	10111
6138	6202
6165	6181
3133	6737
6159	6181
5861	5869
830	6709
1783	5516
5529	54821
6142	6165
3619	8243
25831	57154
7097	7124
65264	89910
3797	28981
689	6160
2197	6173
643	64805
6146	6168
9636	11274
23279	113130
5652	6692
81930	83540
1665	10885
1981	6164
156	1902
472	84142
5660	10970
10250	84950
22856	55454
6790	10133
4952	9886
4116	6632
1665	4686
6138	6205
55252	221937
7189	55626
7476	7477
23142	26190
6602	57492
1453	6230
6667	25896
64837	81930
6125	6160
6632	10907
6142	6170
4538	4540
4519	4536
6181	6224
5579	55970
3921	6157
399	94134
6144	6228
10949	27316
1676	3837
3007	3024
11224	23049
1781	51014
6141	6175
9585	81930
9020	51330
5433	55660
999	1001
9493	81930
6737	283807
6156	6188
6699	6707
6133	6217
6129	9349
54856	55870
4868	84063
641	5426
8341	8970
830	1781
5747	7454
643	9294
1793	7525
55759	84128
1292	5351
2358	53829
5368	64805
4495	4496
3688	5829
6181	7178
54778	84231
2912	5173
6160	6189
8655	23218
6152	6235
5725	51692
1783	6711
831	5747
2863	55970
6146	6173
25	10163
4313	4325
23332	57787
3688	9564
7328	23608
598	6774
3106	3659
3092	9146
3998	22872
4736	6228
5707	84962
8243	10274
8412	9564
2535	8324
11004	23332
3796	3799
6049	23304
57107	116150
9276	10427
6176	6205
4599	51191
3188	10594
9330	53981
9700	146909
4361	10714
23404	54881
3718	6777
10274	220134
4508	4535
3283	6718
55872	157313
251	152330
5422	7027
1981	5976
6164	6189
2197	6189
3304	10963
5747	7409
27042	55127
5829	10458
8853	11014
963	10857
6136	6164
1069	10426
6385	10755
6164	6193
1813	5443
677	56915
197	3481
6194	25873
2197	4736
6159	6202
1103	162466
1824	1832
1453	2197
6168	9045
3725	9070
2935	6164
3685	5829
6133	6202
3123	7535
1340	27089
2197	7311
4513	4519
6122	6203
8573	57669
1822	1911
50616	116379
1434	3838
6207	6208
1490	10413
6185	57171
3105	3660
2837	84539
9126	79172
6139	6224
1290	5351
7058	9507
1062	6790
1477	24148
2033	10847
3071	6461
3842	10527
3270	147111
6776	6777
23160	56902
3115	3123
1108	25942
6125	6129
6829	54623
6205	7311
4736	6229
6138	6194
3624	10272
51023	219927
1642	5931
7311	140458
10767	22894
684	4939
84085	197131
10885	27042
2197	6160
6144	6164
2185	3688
6136	6157
4726	9551
350	2147
6233	257397
11339	54069
9816	9875
1983	6223
3675	3914
6430	22938
3184	220988
2696	53831
3184	9716
1659	51503
10849	25885
23014	115290
6139	6218
1965	8892
6135	6168
1894	6790
629	3426
6170	140801
4125	6037
1236	2841
2042	2045
356	8743
6159	6229
51234	55831
6232	9349
1116	4069
6137	6164
4540	4724
2837	5331
4008	7321
6133	6233
81794	339366
6189	6230
6133	6146
134860	319100
7409	653361
983	7321
9277	84154
4160	104909134
695	5293
2151	6915
3191	5094
6158	6189
988	55183
2799	5707
9655	9903
3683	10857
1548	1553
8717	9530
2107	6137
1969	6714
6160	6188
521	9551
24137	29127
6147	6233
2200	3678
90	4088
8655	60673
6133	6222
6233	9045
51575	79954
3185	3192
10592	22974
23218	196527
91147	121441
1069	9657
23350	79869
5739	94235
5094	23020
1642	8607
3915	6714
5528	10726
671	10394
4586	26290
890	7298
5528	151648
1290	3685
6137	6176
6161	6230
4088	5594
3071	5747
1909	2922
51650	64976
6146	6222
10885	55127
3909	375790
6160	7311
710	10747
4088	57154
7311	158506
3767	6833
6146	6161
1902	9002
8349	85236
89910	154881
6130	6191
108	7252
3949	5869
6129	6139
3479	7044
2521	3185
6144	6155
1365	1366
1933	6206
6129	6222
55215	64858
5441	79035
6122	9045
6201	6210
1385	1387
163	24137
4809	84844
23511	25929
6234	8562
6144	6207
6130	6206
6173	6201
5688	5705
1783	6709
1824	5493
3659	5696
51676	115290
4540	4712
6233	23049
675	1017
10293	200845
6207	6227
351	54972
6124	55629
2956	5422
81930	259266
6201	6232
6129	6175
3113	7535
636	25782
10193	26118
3672	3696
6223	6235
9136	84365
50831	50832
4067	6776
5048	55055
5862	8548
102	813
6156	6203
83743	84172
29127	81930
1062	6232
6154	25873
6170	6204
4514	4538
6133	9349
3356	6915
3267	10254
3713	6699
4735	10540
3993	84612
1915	6124
3685	5817
8886	84916
6135	6152
7454	7456
54996	64757
3357	5737
2767	5599
6147	6209
9787	64151
6223	8562
5878	10552
5699	11059
6605	29117
6135	6137
338	1080
6173	25873
4691	22984
7311	10818
186	4988
6222	7178
3921	6128
5699	8945
5439	9978
6241	64151
27316	55749
521	55028
3836	22974
6136	6159
6139	6201
6228	6230
1121	326624
695	3710
6141	6142
65993	124995
6152	55176
9616	150726
2197	6223
5432	84962
4312	4314
8698	55970
5546	9129
4069	5657
5557	54962
6139	6168
5347	9738
3106	3107
5701	11047
4710	4724
1453	4809
6201	6207
6747	60559
6430	8175
891	24137
2207	11314
1062	2491
9133	56992
7164	10053
2197	3921
138803	344892
1329	4701
3945	4200
2168	2169
88	4626
5336	80271
988	10236
6164	9349
25793	84676
4736	6201
9883	51692
2125	3728
10482	23279
2792	219438
1457	10592
6176	6209
84643	93661
915	920
3133	3660
8334	8969
4116	84844
2197	6125
6130	6141
3119	7535
60	57591
6231	6232
7862	9219
84648	353139
566	4353
10681	51083
6181	6233
2147	2244
6135	6222
3685	5795
84163	389524
4343	7311
23223	79039
389	2064
4696	29796
6130	6223
55755	347240
6130	6152
2864	27334
996	57542
4940	10561
1121	51715
988	4173
10762	55143
9898	121536
2533	7408
4539	4540
23304	90025
4712	27089
6152	6175
7110	10466
695	974
10466	79571
2197	6208
641	6118
4548	10768
468	57761
1453	6231
6233	7844
6147	6152
966	79090
22984	57696
3838	22974
6125	6185
10857	326624
212	2038
6203	6232
57405	79172
1347	4726
6231	9887
2792	594857
8881	26224
2048	5921
1856	27130
4599	4939
55320	401541
6461	10787
1001	3728
6160	6167
6152	8666
1329	4713
3111	3118
274	6453
3714	4854
7525	9564
824	831
1551	1576
7536	10949
988	3839
3684	10970
3880	144501
1453	55127
51122	54165
3833	10615
905	5433
1495	5795
6156	6161
4695	4713
6157	6202
4512	4538
139322	374354
9126	23244
3122	5788
1933	7178
1983	23521
9183	22919
79954	84128
6228	6229
6181	25873
27327	80012
7516	348654
3075	3078
462	2159
2537	10964
80224	374291
6613	7421
7272	9700
2071	10920
29093	51023
1398	6461
51203	55143
3181	220988
274	23149
9564	10044
1062	9787
4736	10399
3921	6227
489	4853
4736	6169
1660	55749
8541	64130
6170	6227
114	1814
3921	6233
9412	9442
6181	140801
5594	7533
10920	10980
6161	140801
6772	9021
6181	6229
6633	11157
4508	4537
2597	7167
11176	64426
3912	4233
389	393
4171	10036
6173	6232
5437	7874
338	3698
3115	4261
118430	727897
2034	3091
8301	9341
7343	57459
1894	5879
6193	23521
4436	23028
29074	64928
4233	64759
23322	57545
8467	9188
10975	126328
5519	79172
6635	6637
3560	3574
11059	23291
1956	284119
6130	6181
5394	5822
6790	29127
9631	65250
6169	6181
6429	10946
9020	10000
10232	154064
4116	6235
3932	29760
26524	126374
6176	6234
23014	79791
377630	401447
5878	51715
2792	26338
2642	4922
2359	56670
9833	22974
3212	8338
7458	8662
3685	9564
6234	7178
22984	23195
10592	11169
6224	9045
6155	6168
55920	79023
6138	6160
6161	23049
727	51289
2635	5371
6164	25873
29945	90025
9933	84365
51264	64976
79867	121441
2935	6160
6189	23049
257313	387129
1237	5173
2932	3611
6181	11224
3178	6626
24137	146909
7311	10952
6428	10946
11102	134430
6426	7919
1778	10112
991	9491
6157	6189
9128	9879
3913	375790
6125	9349
1857	27130
186	4922
11218	23511
10250	27316
10749	51479
1956	9341
54474	121391
11196	126003
3683	3685
1915	6144
5747	10787
699	9824
6206	6218
389	64333
6137	6209
6218	140801
1981	6234
6168	6189
1072	5216
4116	6135
9462	64926
1994	4670
9475	9826
4172	4175
7317	51343
6161	11224
2617	3376
624	6755
830	9371
1453	3921
5725	9879
3681	22801
5094	51692
4725	4726
1269	56670
10236	27316
3921	6181
6774	9021
1946	2268
9126	9656
7456	10552
9320	26091
3339	7045
8463	25937
63915	84062
11015	51014
10890	51715
3837	7514
11004	54820
988	10574
3184	10181
6202	6222
6139	6141
6155	6175
988	9533
8924	10489
5795	6714
2197	6168
4830	4831
11014	51014
10921	23524
6169	6202
2071	8450
6428	7536
3903	11314
25909	55746
2918	6752
4617	4618
6207	6222
1008	1013
6160	6209
5861	10749
932	51382
11325	51690
3191	5725
6175	6176
6159	9045
6137	6229
51692	55749
26235	90025
3433	4938
6141	6205
6129	6203
187	5196
6235	7178
5347	54908
8243	79172
4194	7316
6157	6161
81	3688
22948	63971
4700	4712
6176	7311
6176	6201
6147	6193
121504	333932
3433	10561
10533	26091
6194	6201
389	117289
10274	51143
1462	10082
9564	10458
51143	55055
6133	6160
153	796
5725	10594
2962	56949
6154	6167
6142	6157
6189	6203
126638	353135
6209	10952
6160	6231
4233	6233
10489	25831
55127	84172
81697	344892
9181	171177
6230	114987
3692	10969
9631	23279
51289	56923
5717	8453
10403	83540
1084	138050
811	10130
6135	23049
7132	10616
1398	3055
1660	3184
7316	10920
10921	23293
5930	54620
4535	4538
4712	7381
2675	220164
23279	55746
6128	6165
2801	10802
1062	10592
4695	4709
2125	6699
4939	10379
336	3698
6152	6229
8449	79869
7184	10970
27237	171177
7003	7004
1292	10491
6159	6233
5438	83443
23279	81930
4670	51692
6790	121441
6208	6218
8655	83658
5519	9183
10539	57019
3191	4670
9690	221687
4713	9377
3827	51156
6633	11325
7531	10383
6605	11198
79090	149111
3914	5829
552	6866
6144	6206
4715	4718
4686	10594
10484	81562
3683	3688
567	3140
6141	56915
6128	6147
29984	55843
6915	94235
7031	7033
1515	3113
3675	3918
6209	6234
5981	23244
1778	6232
57678	253558
830	1315
991	10112
4867	79867
6129	6164
6143	6159
9551	84833
4886	4889
6233	83987
4713	4724
6210	9887
8347	8365
6136	6201
29927	58477
9277	51010
2994	6005
10285	55749
4726	27089
3048	4778
8945	10075
6442	6444
5970	23118
6133	6208
6168	6231
5093	10594
6147	9349
6164	6173
7311	23521
10395	23371
1994	9879
1230	83756
3683	79895
1659	9716
3684	3687
9967	84498
4725	9167
2197	6210
8861	90780
6632	6636
79869	84248
1665	84172
6194	6206
1783	24137
1956	10413
3312	10576
6156	6168
2147	2159
6146	6147
6160	6173
6165	9349
9972	23511
1233	5473
2099	8202
79172	151246
6430	6434
4714	54539
3362	3640
2033	9967
4541	4712
2358	57153
9371	9493
3187	7919
6678	7057
8688	286887
3937	55740
64761	83666
51650	64951
338	2262
9493	11015
930	973
29127	54443
6173	6206
1386	6602
5347	9055
3937	5788
6346	83756
10051	64151
23279	51362
1956	3688
1763	55388
1495	6714
4159	53831
6009	60673
6159	9349
1129	6572
8027	29763
6233	55666
701	113130
351	1236
6128	6169
2177	2189
6161	6175
6176	25873
4509	4537
26123	79867
6188	23049
383	4353
6218	25873
6194	6217
3118	4261
10096	10097
11059	65264
4538	4539
4512	4541
79600	91147
6709	6714
9320	51088
3183	220988
4809	5435
6143	6206
23291	55236
2186	9739
6227	6229
6170	6234
7311	8450
5194	7311
2932	5529
2817	6382
6745	6747
6202	6233
23517	134430
23160	23560
5077	6663
25885	64794
6599	57492
624	339403
113130	348995
1453	6222
7536	10181
3017	8351
11051	55660
57542	144699
7110	90196
2886	5155
3183	6432
891	5526
287	6326
1524	126006
1445	9564
5516	5708
29945	64682
57662	144100
522	539
6205	6223
3921	9045
23160	27042
8312	53944
10199	11102
5822	7109
9604	9867
2197	6164
9730	10293
6135	6209
23020	220988
7421	11198
6171	6173
3118	3119
6625	23524
3123	55824
6633	25929
6146	6227
5660	84061
6165	6167
6428	6632
6227	6235
3673	3918
4713	7388
3320	7415
1398	7409
9700	64682
2782	2784
6202	11103
3111	3123
28998	51264
6159	6161
26155	117246
3301	3304
2079	6428
5558	8317
25978	51652
6138	6168
6049	26224
27340	55127
7272	24137
5708	7415
6202	6204
6208	6234
5868	51552
988	27316
9439	9967
3437	10964
1758	8404
6202	9349
6155	6193
1906	2150
6156	9349
6139	6235
3133	5696
2804	10945
996	25831
6850	9564
5471	10606
5071	23352
1287	8974
23291	57154
3356	5731
6613	79902
6383	284217
8648	23097
623	5737
5694	7314
5695	5700
54069	79682
1662	10528
5286	55361
51081	51649
11102	84946
4543	6751
988	9774
23521	51386
23332	25909
302	2519
6203	6222
25926	117246
6631	27258
4735	23332
3664	11074
4707	4712
6175	6229
22984	23223
6176	6233
7979	9978
302	5834
81567	93100
4738	5693
23291	79176
4713	9551
3190	11338
8875	55350
9700	151648
22794	23398
5880	27237
6161	6228
5702	5706
6204	25873
6168	6222
4125	5657
6193	6233
2792	6752
6124	6156
963	3685
974	2213
3688	7052
9410	22826
6147	6210
5928	192670
5315	7167
627	5599
1063	57551
8453	9820
1956	2247
10959	55605
4535	4539
2957	51808
1915	6139
3371	84141
6209	27340
6155	6159
1495	128239
617	10469
6204	6223
5519	5781
6207	6232
6144	6165
117	2792
6122	6124
57647	79954
1950	2277
6137	25873
25831	57542
988	7919
6143	6234
6139	6234
9349	9887
5696	5698
1943	1949
2147	3481
9219	10919
5286	6272
6809	9341
6701	6704
55055	79172
5709	29882
8976	9341
4726	7381
338	350
251	137797
1315	3799
8356	440689
1788	57332
51	6233
10199	79954
6210	25873
9767	11143
3055	6503
6128	6175
399	143872
3002	5551
4538	25915
6128	6167
2305	5347
22984	26155
9126	57551
8365	653604
3185	3191
6160	6224
6128	6170
6233	55366
8925	54778
51649	54998
56729	124583
3192	55749
22794	348995
10121	80184
9793	203068
4343	6714
9533	64425
966	100049587
1452	6500
1573	8529
6232	23521
8945	80204
57154	151636
830	9276
6122	6147
351	27242
3122	4261
6155	6230
3607	55252
3267	10096
595	6777
6160	6193
1991	6036
6154	6228
4297	51230
57599	201254
699	10592
317	835
1237	27199
3937	7409
6184	58477
6176	6202
5528	23047
5094	10285
10121	26005
26224	283807
9879	51362
5432	6205
377	9493
1445	7525
5433	51362
4171	4998
3444	3451
9833	24137
1956	5336
6222	6233
2788	5331
824	5829
133	55970
6944	81611
6146	6204
6133	6203
2147	2243
9410	57819
1991	4332
9055	10112
6141	6168
3921	6206
102	1495
3183	5094
25798	326624
595	896
6161	6223
22826	85313
2960	2967
1793	5747
11103	84916
1398	9564
5903	54821
1605	3688
8243	23332
8021	79023
6157	6160
4050	7124
26716	344892
1994	7536
10466	10618
6132	6167
5111	5434
830	10466
2788	55970
1910	2147
1457	9918
5023	64386
23047	57082
6139	6143
1116	1669
3375	7253
6222	6224
6233	9349
7874	56655
4116	6218
54578	54657
932	966
142	56655
4538	4712
6707	147409
3190	9128
6130	25873
26268	84085
1063	55746
7311	57530
2322	6688
6130	6167
8976	25977
6205	11103
3903	10857
6169	6189
1394	4160
6426	100526737
10022	50835
6194	6207
351	55970
6208	140801
10155	90233
7454	10552
79600	84902
1495	5770
161	5869
4734	22954
6317	6318
2912	4889
2695	122876
6218	6727
919	5788
2197	6158
5928	116092
23376	84085
513	9377
5861	10540
140453	192134
1983	6234
846	5737
6189	9045
4008	144699
351	7466
9700	10592
904	2967
6203	9045
657	659
3912	6714
1894	10112
5713	5715
3312	9128
400	55275
813	84141
3725	4772
2634	3659
6203	6228
5528	9793
3191	23350
4317	6947
6626	220988
3055	9564
6233	8945
6201	6228
6159	6207
3006	85236
6175	6203
4057	56729
9752	56141
1783	29127
6167	6727
3192	7536
5529	55055
2475	9675
6137	6235
6993	8655
6171	25873
5347	51343
3192	23020
7133	10970
9879	55660
4700	4707
22984	79707
6154	6232
10713	53981
3921	6155
3320	10598
6135	6142
6137	6154
2444	84766
990	8697
111	1812
6193	6234
8945	25831
23095	64837
9055	9493
8636	11258
6164	6227
23011	51762
4646	23607
6850	64170
23223	26155
10403	64151
990	3832
8515	22801
6125	6159
2800	2803
1933	6202
695	7454
9739	23067
1062	151246
4735	7283
54480	55790
3054	8314
2222	3422
7110	10618
4735	11190
6147	6191
6189	11224
1230	55970
126328	374291
2810	3655
351	1241
4738	285231
7311	9349
6129	6228
6144	6230
1894	9833
11064	27077
7409	27071
8027	8301
6218	6232
51122	84085
8365	440689
2023	5230
197	338
57403	81876
5347	259266
1062	23332
201475	326624
23067	57690
3685	5023
4736	6181
3115	3122
6154	6218
1824	3728
2519	51816
6387	57007
6209	6229
2788	3269
4718	4728
11345	81631
6161	6206
9978	285231
2692	2838
55142	203068
6152	6168
6138	10399
680	6869
6144	6152
6128	6224
2801	51014
8886	64318
11190	22974
29127	64837
29127	55165
1902	63940
6125	6203
6133	6234
251	23627
388	23370
1084	2358
6168	7311
6144	6201
6185	6729
1670	1671
6206	25873
3134	3659
6747	84061
10250	11100
6138	6189
8673	10970
5928	8085
389	7204
84366	360205
161	5286
9183	79980
10427	55291
6142	6159
3481	3827
6144	6159
22995	146057
3119	4261
8452	9870
988	10640
6169	7311
3214	3215
23197	56729
890	9133
534	8992
4008	154881
5708	51330
332	55055
6240	10592
1933	6222
4541	25915
23107	65993
4889	6751
1325	6373
6156	140801
3937	7462
2935	6173
9282	9967
2535	64750
6363	6373
1329	27089
186	2914
991	22974
4116	6201
3062	64106
6128	6171
6222	9349
4599	54739
6129	6168
115290	126433
4697	27089
4049	115650
11339	79682
988	5725
54821	79172
10466	57511
6188	6230
5685	10393
864	10413
29074	51069
5928	57690
23063	23244
6167	9349
9371	10112
56902	57647
5516	5707
3308	5903
6204	6207
3190	11052
8334	440689
6224	7311
9015	57504
5201	84617
9343	23020
9138	55970
1495	5819
6207	6234
3561	3635
23063	23122
10262	27238
3105	3107
6156	6171
51690	54464
4985	6752
7082	100506658
1956	10552
26519	56993
1302	50509
6181	6234
84870	343637
4694	27089
6338	6340
9126	9793
3156	3157
6235	27340
6206	6233
10618	51246
4544	5443
8914	11169
6434	8175
25909	79172
7311	9666
6228	8662
6125	6235
6152	6161
1453	8945
1387	9967
6602	9031
1906	1956
8337	317772
6144	6169
3433	4940
6201	6203
8871	51429
6204	140801
6161	6233
9493	10749
1432	5062
7994	9219
6194	6234
6167	6204
2358	3579
5328	10396
5660	6376
5708	5970
2073	4331
6556	84418
6181	6207
10574	22948
53637	63940
10155	25888
4736	6161
83666	151636
4736	6154
2153	3481
7919	10949
6235	6727
1356	54757
6139	6152
1282	1292
1793	6714
6234	23049
6124	6160
891	5861
6643	58533
356	637
8321	8322
6181	6206
5868	10618
4508	4539
7311	23198
187	56670
4303	5901
1601	9341
9320	10193
6165	6234
79682	147841
24137	55614
28981	92104
1432	6885
1230	2770
999	144100
6175	6209
8243	23279
6827	80349
51116	92399
4736	6129
6158	6173
10713	11325
6428	6432
6175	6210
6159	6203
6168	6170
3482	22848
5879	375790
51264	64928
9044	55814
10075	54926
6161	6167
3675	4233
26589	28998
80155	80218
6135	6727
1603	58505
705	55720
3437	23586
29127	51143
2932	5707
6891	6892
8334	8337
6135	9045
6154	6194
5822	8568
5781	10818
9416	10949
1639	1783
6201	6230
1763	64210
1933	6133
4694	29796
4707	4709
5610	11274
9875	55127
274	11252
2920	3569
57674	140460
10970	64386
226	2539
2244	3827
5887	8450
64682	90025
10250	79869
7936	404672
10382	23332
2524	10331
259290	259293
1969	2050
4717	29796
5293	23533
6147	6158
5868	8301
4641	5879
3190	10594
3688	5879
22845	57171
1495	8394
1315	84516
377	5861
7434	594857
7311	55432
6169	6227
87	6714
6233	8334
6144	51187
83597	403253
5424	5426
6122	6173
1981	6189
6169	9349
722	725
51234	56851
6386	10487
640	3932
3362	387129
6138	7178
5879	8976
116540	116541
2848	285601
7200	84634
6135	6194
26290	140453
4584	4586
25984	121391
972	3123
6175	9349
7415	10383
3171	6927
2064	2065
6146	6201
9570	22872
2204	338339
6205	6229
3191	10713
6167	6228
22905	54874
5586	5879
699	55143
4736	6206
1781	57545
6233	10818
6132	6209
2784	7434
23160	25885
6158	6161
3918	4233
6136	6160
3837	55706
4853	23509
6167	6227
3190	10432
8351	653604
55839	55920
50831	56923
1781	10112
1915	7178
64682	84085
10540	57545
6193	92856
23122	57551
9631	23511
10298	375790
6453	9341
7178	10399
3015	121536
6233	158506
338	4547
55832	115290
10121	10844
6122	6205
8976	55243
6209	7311
4116	6167
1994	23435
23590	56997
3106	3134
1857	2932
4707	7381
3320	5829
6164	140801
8451	51514
1983	6175
6165	6232
1347	1350
10112	51014
6168	6181
6152	6167
26005	26123
990	10592
23112	26523
6187	10557
353137	353145
5433	55197
51096	84128
22897	653784
332	9793
10274	23279
6234	8666
6133	7458
2922	3061
55008	57154
4710	4715
25873	140801
3633	29984
6124	6159
1434	3836
8329	8341
6160	25873
6091	7852
6139	6146
1088	2358
683	932
5422	55388
5500	5516
1111	8317
111	799
6152	6173
9277	80135
6241	51203
6170	6181
59350	94235
6118	10459
7003	8463
6138	7311
1981	6228
4736	6204
10890	51552
6518	326624
6136	6194
6176	9349
4691	8602
3396	51081
6122	9349
25831	80204
9690	57154
6147	6232
6206	6228
89910	115290
10071	50614
6130	6169
6122	6130
837	841
5950	7276
6159	6169
6176	6235
3797	29127
919	3559
51079	374291
302	23526
259287	259293
25937	51421
6227	7311
6164	6175
57082	151648
6158	6168
6181	6228
2197	55127
50835	51289
3106	10475
28	2524
7514	25909
3309	6836
1937	6138
1362	3482
10236	51692
6144	6176
246184	285231
891	1033
1660	10236
9934	27199
23325	387680
444	3091
6194	6232
3918	375790
10458	10552
5590	50848
2537	3430
219960	285093
3185	10921
3881	112802
6155	9887
5335	8698
6138	6229
1915	6147
659	9765
5725	10432
514	4700
6137	6160
867	5290
29093	51264
6167	7311
1350	7381
1398	9844
4709	126328
10250	58517
9969	10499
1387	81857
1933	6176
6173	11224
6132	6222
5286	286451
701	9793
778	27091
6155	25873
3915	7402
1033	9787
1462	6696
6175	6181
10083	257629
3884	3885
671	1669
10484	90411
3362	53831
4924	5589
705	51602
391	8503
2247	3685
2767	5296
378	5861
7082	25937
51289	259292
23332	121441
3655	7057
10094	10095
5928	10013
6135	6189
521	27089
920	9026
1063	23279
3355	5179
10236	11193
6138	6228
7153	259266
5879	6249
10193	54778
6142	6152
3491	11098
2185	3320
317772	440689
727	50835
905	79577
5692	51686
3913	11167
990	63967
6167	6176
5862	5870
1660	9128
3156	6307
57122	57551
7311	8453
8329	8337
3017	8969
3611	6790
6156	6204
6138	6156
79003	81565
6714	7525
164	55330
6144	9045
248	152330
10321	57554
274	8853
10022	259287
3055	9844
3998	6745
9730	63891
3376	4141
2817	6385
151648	220134
6164	6209
6136	23049
6923	285231
3107	6890
9738	132320
5868	57403
6160	6168
6138	25873
9564	9844
3832	54892
1783	79659
2792	128366
7919	27316
6189	6228
26589	51069
6159	6167
25885	27340
6202	6208
3921	6139
3949	5868
988	4436
51491	55651
332	1058
6188	6222
6045	192669
701	10615
64928	118487
26249	140460
6136	6165
10561	55601
3017	121504
5985	63967
83540	259266
6222	6227
2997	6233
26155	65083
6132	6224
6147	6176
4738	9978
4713	4717
3619	55143
112	8698
4736	6193
5903	9126
776	51764
858	1956
3156	4597
3688	7045
9700	10403
88	4620
7514	57551
9776	55626
156	5578
3827	5345
1662	84365
7409	9844
3360	7253
3054	25942
6230	6233
972	3111
1983	6122
701	9824
4620	4626
514	521
6135	6205
1650	7841
6147	6167
671	56729
6222	27340
2042	2044
51429	54885
3921	6161
3301	3320
2358	170482
6130	23521
3190	7536
3092	6233
6224	6235
6125	6169
7536	9716
9553	54998
84962	121441
6155	6224
915	29126
6156	6233
51602	55759
7328	9690
4361	54962
1933	6203
174	51156
5887	7415
6155	6165
7316	8864
3433	3434
3886	8689
6128	6203
7090	7091
3635	80271
10155	284309
3183	10949
26268	56995
10236	220988
1629	4967
399	84144
3797	79989
1781	5861
9126	23279
3192	10921
6157	6235
9793	81930
10491	10536
857	858
1956	55914
6204	6235
2847	6363
6877	51593
5868	64145
3761	3785
3434	23586
90550	91689
9787	9833
4322	7373
904	5431
2784	5741
351	719
4670	23435
7514	54821
928	3655
54509	445328
1121	81846
10403	220134
2873	8945
1435	3490
6137	7311
4724	10476
5829	6385
4710	4728
5094	84991
5928	51317
5335	7305
2804	9276
904	79577
915	3560
3685	6385
10285	10713
891	6249
273	8673
8468	91646
5594	10971
6128	6155
3437	10379
23160	84135
3903	5023
6161	6210
55662	80351
10735	23279
1058	10112
5426	9126
4854	5087
1991	6709
29093	219927
9892	10092
2521	3183
6155	6189
6707	126638
89910	144699
2740	5739
1781	84962
4709	4725
3854	8689
6233	23112
6520	8140
9277	84946
2912	3355
3685	84329
3856	3875
3687	441864
3163	5023
5903	23511
6155	6204
1329	1340
972	3113
1981	6210
3912	3915
6155	6203
3909	3918
6237	7525
5119	9798
63967	84515
999	4646
3837	23511
6130	6170
6201	25873
6122	6137
6156	9045
388	7409
4734	23291
1956	54206
1325	10563
6602	6605
4718	4724
4343	84441
127247	148581
3190	51692
174	6694
10466	10540
2519	3074
1778	5347
6133	6224
5082	10574
6830	9646
9188	23560
54820	57787
6160	6176
10153	79954
3619	51203
1236	6373
9793	55746
4666	11224
6159	6232
1315	8729
1783	2491
5579	5583
10523	11338
2132	375790
10576	23526
399	57449
336	350
2060	9829
4713	29796
316	4837
338	2153
1133	8477
4736	9349
3222	3223
144699	154881
3655	3914
57545	91147
57787	146057
3113	3115
23295	84231
3240	56729
6625	10523
5878	10890
3559	8651
1287	3688
5695	11047
3685	10857
701	4173
6125	6135
1241	1902
351	11167
3301	10963
3660	4261
4332	4353
9437	259197
3822	8302
6168	6194
6167	23049
6161	6171
10324	201456
4288	10112
6156	6201
51429	115548
5435	6634
6161	6208
6790	9833
23160	56919
2932	5526
3312	10808
7862	54815
3203	3204
1292	1303
857	284119
7919	8106
6209	6228
80097	653784
10749	11014
6139	6232
6635	51639
1287	3673
6146	6202
6748	10952
6118	9557
3921	11224
10403	79682
56923	259295
6223	6228
2625	7031
8853	11015
6173	6228
6136	6155
1497	23729
1894	29127
51715	57403
3561	5296
6165	6173
6429	9295
9462	153090
10236	51729
57787	261734
6045	23028
4710	4718
7479	7484
4867	121441
3320	84131
9133	11065
2524	2525
11004	24137
7311	10110
6223	25873
4288	51203
4904	84950
56949	57794
5196	5473
9349	11224
6133	6159
9672	64131
57154	89910
1763	10714
5516	5529
6136	6235
25831	65264
9787	22974
4717	4718
2059	10458
3866	3875
6146	6175
1021	1051
5948	5950
3191	51692
4695	27089
6144	6234
1969	9564
5347	11190
988	8243
5529	5711
57153	79895
988	29127
50813	55884
2079	6432
334	3915
2971	51082
7057	56999
996	26190
5747	9844
6337	7311
4670	10657
6249	401541
5338	11145
6136	6142
23244	57082
1781	29127
1783	10112
899	56995
10575	10693
1062	5529
1173	6455
5861	55605
728	50835
1398	5829
3122	7535
3797	79659
84078	89890
89890	90025
3001	5551
187	11251
6175	9045
991	1058
8925	10489
6229	9045
6164	6230
2962	80004
9276	10959
10236	55339
6170	6235
6207	9045
6233	7158
712	713
4538	91942
3267	5868
5930	7334
2935	6235
11021	23011
5970	6667
56902	84128
3178	8175
6152	6233
10022	51289
816	4137
2537	4599
11187	64065
846	259293
5707	23526
1500	1942
23533	55361
2965	9646
10959	51014
51068	117246
1937	6175
3170	3651
8698	57413
3619	10112
1477	6431
10013	25942
861	57332
8301	10096
9738	55755
6138	6203
5149	388531
1991	4353
6874	83860
4620	8735
26224	55208
2792	122876
3921	6207
6133	6158
9690	154881
5265	7040
6700	26239
6228	27340
5347	5905
472	7468
501	51166
6135	6147
157	2869
399	7204
3827	4295
1478	3188
25942	51317
9282	84498
7175	23279
5725	23020
1645	1646
996	80012
4867	57545
4702	4724
5903	9631
8086	84271
857	1956
22917	57829
1994	3609
5048	7531
155	796
160364	170482
8871	9341
5725	10236
6218	6234
2551	4899
11314	79895
2683	84061
5111	10535
6188	6202
6138	11224
80740	171169
1595	3157
4040	8322
6133	6176
1063	24137
1314	9276
6124	6228
5347	29127
1933	6193
988	9126
4670	11338
57122	79172
6139	11224
10376	10693
5371	6672
5361	7305
9844	10787
6139	9349
6144	6167
6168	6227
5878	10618
1366	4072
6206	9349
1938	23521
6203	23049
932	79895
1933	3921
6133	6152
2519	5476
5155	7057
779	27091
695	2206
27127	256126
2537	3434
301	55970
2935	6203
6233	140458
830	55604
6430	220988
28998	57129
1329	1337
5469	9968
8085	8289
4689	7409
8945	9820
9793	55755
5879	10788
9730	84085
394	7204
10640	23265
6156	8667
6128	25873
7473	7478
2800	9827
2832	3827
6139	6159
5604	8826
2914	3350
6122	23521
10735	57551
388	9938
5094	9416
1660	3181
81	5868
4141	8565
259290	259294
4540	4695
831	5829
2197	9349
9348	10082
6170	6233
963	64386
121504	440689
7520	55183
5438	85437
6206	6207
2916	3351
9918	259266
4707	29796
4736	6235
3857	3868
9341	51429
6165	10952
3434	10561
3915	10130
5657	23197
4713	51079
10236	23435
6128	6168
2266	3698
1876	10445
8329	85236
23279	79172
3190	57794
6138	6206
6231	6233
1387	27327
1499	1969
2177	11073
1445	5829
9716	10713
4712	29796
6130	6230
22954	26190
5547	10970
288	2348
1911	57504
16	2617
6223	8666
5529	5699
10900	284069
6129	6138
1364	1365
6141	7311
6772	6774
9787	55165
3920	6836
4700	4713
1942	9564
4088	23327
6703	6704
5339	6164
2358	160364
1058	5528
8243	23244
8816	51122
6138	6164
6159	6164
6455	7316
51121	79048
6667	23248
1105	23168
6160	6175
345	2262
6175	6202
3190	5094
6124	6129
6154	6165
118487	128308
8450	10401
5529	5781
7343	9013
344892	390067
1161	51426
9967	10432
6168	9349
6133	6201
6125	6146
9787	24137
6790	24137
7919	348995
3030	3032
5699	64344
10383	84790
1778	4867
6688	7805
6430	10949
2767	64407
2242	3561
27237	29984
6209	140801
1933	6209
6165	6201
8969	8970
891	81930
80328	116372
645836	100287238
6218	6229
6137	6139
2207	79895
6168	9887
5870	57403
6233	143279
8452	57154
966	79895
5869	7316
10615	56992
6169	6201
5437	23524
695	5777
695	118788
890	1062
1915	6159
3111	3127
570	6233
5725	10657
6202	11224
51021	84545
6427	6434
4172	4998
9927	10059
2521	10921
6137	6173
6146	6169
4829	5737
1981	6139
6209	9887
10425	84085
3903	22918
6181	9349
26019	51121
1063	9793
905	27125
27327	84441
3672	6709
705	9277
6156	25873
1062	3799
4537	4538
6142	6173
1230	29899
6827	10302
55125	79959
5286	9685
6125	6133
6059	8886
6138	6204
51465	84447
3122	3127
79172	348995
9491	200734
6167	6233
7043	10916
6185	7184
9886	221472
6152	6164
11004	51512
10426	55755
6130	6218
9092	27339
6147	11224
3640	387129
10540	27175
6135	6218
9221	25885
1994	51692
705	8602
3856	5493
26190	55832
705	23160
6137	6201
1291	5351
9493	29127
1088	338339
1669	8993
6201	11224
6432	6434
117	7434
6181	6201
10274	151648
9436	259197
4986	338442
3909	3911
1364	24146
1062	10274
940	50943
7311	23607
1829	5493
6137	140801
701	3619
6117	7156
972	3122
4125	6036
2623	3674
3074	23197
2537	3437
7156	63967
23212	65083
9341	25977
6128	6228
7327	26046
1062	1063
6130	6229
27042	55153
5436	7936
7514	23279
1781	9493
514	1350
1944	1945
6370	11251
1669	1991
513	374291
1778	5861
6850	23533
3355	4543
6129	6159
11100	23524
6164	6165
335	5948
335	51156
5684	5706
2153	2243
344	26020
9055	10376
2935	6170
3832	10592
383	56729
6235	55127
6164	6235
6836	8775
5067	137797
6158	6205
6130	6205
2767	9002
6218	9887
4173	23397
9371	11127
64410	142689
6176	6224
288	6712
208	51230
7272	9787
1173	5878
6167	55176
1062	10403
56165	136991
1084	1088
8317	84515
1129	5179
2848	196883
22984	55127
3832	9700
6229	23049
11176	79595
719	63940
672	8314
9126	113130
9343	51729
1645	8644
6667	6670
9039	10293
4736	6122
6125	6158
3663	4281
156	2767
6133	23049
1576	2327
6167	6235
27	4690
1511	6036
2242	3718
29088	51264
9341	22836
55759	84154
1551	1555
6165	6207
6138	6222
2243	9715
1398	3937
4588	26290
51650	64983
6160	7178
6790	22919
5726	6755
643	10803
6208	9349
10890	10971
55168	64928
6137	6158
2195	7124
185	4988
5501	25909
6143	6161
643	1268
11339	79172
6169	6230
10905	23193
2358	338339
5528	348995
1778	121441
9126	23122
1937	6201
4353	5657
6222	9045
4734	6047
5529	79172
890	11339
3717	4352
3181	51593
8085	9757
4809	51065
23	6059
6165	6208
3122	3123
6836	22820
6130	6135
2993	2994
991	1062
5546	10262
51602	84365
2197	6152
6193	6194
51143	348995
6144	6189
2266	9715
57545	121441
9320	10075
2071	9014
983	4288
3437	4599
6204	6228
2204	79895
6202	6230
2099	54828
6709	6711
5438	51639
23304	57531
6146	140801
3662	4261
813	11098
6143	6171
8826	55109
7004	10413
6601	55193
3619	51143
9700	57082
4738	6923
27258	51639
3187	7536
4738	5715
6142	7178
6657	57167
5685	5700
1129	6751
996	4734
4536	4538
11218	25929
5829	10787
1453	6189
3973	4160
6122	6155
6453	29763
4736	51187
344	9672
29984	171177
2185	5579
2125	11187
23122	23244
55055	81930
6146	6152
1994	5725
6160	6203
3191	3192
51023	122704
3921	6204
3422	4047
3491	3915
353139	353145
3660	10475
6133	6188
5879	257106
10274	113130
54850	63891
974	100423062
5880	9743
4726	7388
3931	4023
10285	23283
930	118788
26091	154881
3301	10808
983	6502
2691	5739
5879	9046
6170	6171
1308	3655
6138	6167
6157	23049
6453	10552
6142	11224
4670	5725
1915	6175
6189	6227
336	345
6161	6202
1060	348995
4993	344892
846	51289
5001	222229
6169	140801
11250	83551
4670	10236
64951	64983
10652	11014
10022	50838
2491	3619
6129	6142
55755	146057
890	10403
226	5230
388	397
3886	8687
4734	9604
6138	9349
6152	6159
3320	10787
6144	6208
4976	9927
24137	81930
9055	51203
919	3122
891	1058
1946	5294
6152	6207
10890	55667
6160	6232
6141	6161
6176	6223
55970	63940
10112	10749
6129	6202
3832	6240
5715	7314
10713	51692
5347	10592
1933	6138
945	3685
6175	6234
23160	84916
6868	7311
23112	27327
6193	6205
9984	79869
344892	390064
4172	81620
6189	6206
4690	9448
6160	6170
6170	6218
4544	6373
5562	5571
1285	1286
6169	23049
5747	7456
896	6776
6169	6176
90025	91694
4172	10036
5610	23118
3655	4233
5093	5094
29074	55168
26173	79034
28	2525
259287	339403
5435	9978
9371	11014
153	6343
9341	115548
3240	5005
4069	8635
5954	51280
9126	9700
147	2150
3185	27316
8687	286887
2776	2788
2767	29933
567	6737
6142	6228
2932	5714
152	2916
4837	284119
4686	10302
9045	9349
2980	2984
2197	11224
54821	57551
6124	6169
1937	6130
11127	51014
6189	6217
187	94235
1933	6152
26267	63893
6128	6218
6222	6232
3118	3135
5704	5714
3074	6386
6142	51187
7766	10155
6139	6156
6155	6228
4751	10133
1129	4889
3579	57413
8337	8365
2826	84539
9045	25873
4050	5716
3190	7919
8322	22905
1108	3094
2071	9015
2792	26339
991	9918
6385	375790
6426	23517
6429	84950
11091	81887
10142	80097
4957	55755
6204	6229
2359	6370
6210	6235
1650	3920
2491	81930
1742	8831
3433	4599
81	7057
9212	83461
966	11314
4512	4519
9833	51203
6491	259266
10097	50618
27161	192669
915	3113
6637	84844
7311	90293
8329	440689
746	1603
3091	51122
4904	10465
1325	6752
5695	6790
9354	83737
2617	8565
6156	6222
3956	7076
10112	83461
6122	6234
51264	51649
3619	23279
6133	6136
720	721
6173	6233
7329	197370
2305	10112
5929	6872
7337	9730
846	3357
6157	7311
999	1500
10274	55055
1453	6234
4940	10612
8451	9730
7311	55670
9892	10109
29127	55872
6161	6164
2521	6421
23562	53842
5336	7525
57154	65264
9367	201475
11145	122618
25827	115290
6667	26512
5869	26130
4514	4537
6189	6209
10236	10949
285	7010
1069	4867
2740	59350
637	3002
1308	3691
3921	6144
9631	9972
1287	5155
1994	8570
4736	6135
522	84833
1969	5879
2197	6135
1291	3685
566	4332
4710	4712
57111	64284
4700	4708
5872	53917
7337	11275
5697	6376
2848	122042
6164	6167
3579	729230
2185	7525
6272	9026
6202	6234
6746	28972
2916	346562
51129	85441
7398	10635
51388	84916
2925	9170
55175	56995
1088	150372
3903	57153
1981	6168
6135	6202
6139	6142
10713	23451
6122	6181
6147	6227
22905	51429
1435	84141
6175	6189
7153	11004
3107	3134
2962	10291
10733	55142
9493	54443
6136	6229
1577	54576
10193	10489
1655	11325
6137	6138
6204	6232
830	10540
6135	6232
5296	10818
1667	1668
1234	4544
1445	2213
6147	6169
4541	91942
3688	4233
6161	6176
55142	146057
2623	6886
9656	11073
6202	6232
6194	23521
8924	8925
6164	6204
4540	25915
3672	3915
23586	83666
7314	26263
6122	6189
1387	2033
377	51014
6129	6206
4171	4172
2197	6175
5660	63940
10112	10540
10920	150726
6193	6202
3191	10492
3191	10432
8615	10802
23304	64682
6139	9045
199675	338339
1453	6203
3437	6772
1639	22919
51399	51693
6633	55706
302	3074
1453	80097
51433	246184
22974	81610
156	5021
134	5660
338	2266
6170	6206
891	55165
6233	55008
6152	25873
56670	59340
7525	10298
9320	57542
3416	7417
23020	27316
7536	10236
920	4952
9533	112495
409	950
5708	64750
1080	2147
3856	3880
138805	344892
1234	1880
932	160364
81	7791
5747	10458
6205	23521
4116	140801
10112	64837
3111	3122
130340	152503
4584	26290
5516	151246
3685	3695
988	5394
1994	27316
3107	5696
6124	6222
79583	80184
6229	7311
6224	27340
1829	1832
4298	23168
3118	3134
6202	25873
5868	10890
142	5981
10403	51143
1347	9551
246	11283
6161	6201
6154	6173
6916	80142
6152	6228
399	5879
6188	6235
10324	51666
23279	57551
6147	6224
6128	6232
51444	57531
6155	6156
6636	10465
4707	4717
7311	27327
4734	8453
516	51287
988	9475
11190	203068
6159	6223
26525	84639
3698	3827
7469	9656
5870	10890
6133	6139
1981	6154
4641	9371
5695	51371
3833	24137
136	2788
5469	10498
57479	58506
6167	6209
8704	55624
1937	6222
3394	3430
10367	90550
26284	64965
57129	219927
163	274
351	2841
6209	23049
6233	22888
6128	6202
9833	11339
6498	64750
3909	6385
6152	6206
2967	51755
1942	2268
51602	84128
1660	3192
3710	5575
9341	10552
6135	6158
5566	57787
6923	140458
1154	23014
6210	6218
5710	51686
1660	51692
6790	10112
5170	6197
7412	388646
22905	115548
1639	29127
6637	27258
4988	84539
6173	6204
23774	57459
4939	54739
6129	6136
4609	7022
111	9283
6923	9978
2197	6181
7409	7454
5411	51747
4893	27006
1364	137075
3192	23350
6234	27340
3123	4261
10749	23046
212	2623
7317	140459
6233	9887
6137	6208
259287	259295
6154	11224
6188	6232
25929	50628
521	4700
332	54821
597	637
940	5879
1439	6776
2521	57794
10491	85301
6122	6159
6146	6165
2177	7398
54751	83706
6204	6218
1741	22941
6201	6208
2788	27334
6161	6218
3490	6696
5340	54676
2967	27125
2817	3340
6176	51187
10749	24137
6142	6209
9967	23097
5516	5598
4008	57542
7311	151636
932	3689
6801	7871
50831	339403
6201	6202
1937	6142
9493	259266
3921	6203
11339	64946
2197	6129
10664	22976
88	2890
1350	4695
1908	84432
5708	6790
6827	51755
4057	57554
6139	6161
7018	9829
6194	6205
6143	6147
6426	220988
1291	3688
156	9002
9363	64284
4839	10885
6165	6204
4116	6637
3185	23283
26232	93611
3113	3127
4709	4726
3185	55749
2788	5294
3673	3683
2935	6181
79600	80184
283111	344892
4947	5708
5437	23248
6233	27340
9636	10379
988	22803
3127	4261
7314	10920
5345	7076
3565	3567
6709	51014
6201	9349
10403	81930
4033	10970
8976	147179
2811	2815
28981	64792
161	24137
6228	25873
5528	51143
10285	55339
57082	79172
3437	4940
1453	23332
7536	27316
6170	6201
28998	64960
87	5879
813	1462
86	8607
3191	23283
6168	6202
6144	6209
6160	6227
153	6344
54517	142940
4952	54874
6133	6170
695	2207
6144	6154
6130	6235
2247	2260
3491	10970
6132	6156
2358	23601
10484	56681
6176	6181
6176	6232
864	3683
55759	84549
3340	6385
2197	6156
2206	2207
6154	6233
990	996
1781	10383
350	462
6138	6210
5501	23332
3422	4597
6135	6224
302	56729
5701	5715
1902	8477
6169	6207
919	942
8514	10857
23014	55832
23511	55746
6204	7311
6128	6208
6201	114987
23627	137797
10693	22803
54443	55165
3183	27238
1387	10499
51264	219927
4952	22905
699	259266
1981	25873
6173	6207
2521	51692
23355	27072
6632	10465
1968	8661
11015	23046
8945	90293
11021	51762
2197	6155
1453	6210
983	3832
830	11014
904	5451
6232	6234
3221	3222
6233	653604
846	50838
6133	6143
9306	90864
649	3339
6202	6229
1241	2767
5290	5781
5869	8301
1933	9349
1603	100128731
6233	285231
6173	6203
3875	144501
1738	6470
6224	9887
4536	4539
332	9787
6206	11224
4686	50628
3687	5788
3008	3009
9493	11127
56624	259230
967	25798
3351	4887
3192	51692
9276	57410
3191	9128
3684	22918
4708	27089
2861	56923
26354	54475
9700	113130
2784	2847
6137	6222
399	27237
186	3350
6207	11224
1783	54821
988	9879
51023	116540
9730	10425
6147	6203
841	843
1022	55840
4116	6173
3093	22954
5931	10664
904	6667
2935	6207
1810	26009
1524	56670
6601	8289
112	3579
5725	84991
1310	169044
6129	6156
1783	8729
3339	3915
3134	4261
6137	9349
24137	285643
1490	7003
4141	7453
6160	9732
3559	3560
5023	10857
3684	441864
3055	5336
1937	6229
5660	7852
3017	8970
121504	653604
79895	222487
87	6385
400	23041
1471	5034
1778	6249
3881	54474
988	9967
3895	3915
344	6382
1347	4695
1133	9002
25879	84294
1453	6223
7531	81565
6155	6181
2197	4116
23304	26268
6169	6204
5093	51692
6208	23049
8688	8689
8570	11052
6135	9349
6155	6233
6144	6194
6133	6231
22995	23332
23160	84128
7314	10980
3350	4988
4734	26190
6176	7178
1660	23283
22919	54821
6375	6846
8683	10569
891	6790
153571	153572
64792	92104
5711	7311
6156	6164
57405	151648
8615	9570
6130	6208
3430	10379
9844	10458
4706	4717
990	9700
3015	8290
1783	2801
6227	6234
8301	25977
2197	6176
2695	2784
1559	2327
4641	10552
4713	10632
7311	8290
2767	8477
4352	5335
6227	6233
6128	6207
988	6950
846	259292
55755	57787
5781	7525
2865	23620
6201	140801
5346	400569
6628	55110
6128	6233
6601	57492
64318	84128
6189	6207
2847	10563
2634	10475
1783	5529
3437	4938
1236	1880
6139	6209
8648	10499
2521	27316
4712	51079
3199	8338
3043	3045
6233	54363
1116	10394
2197	6204
2197	6230
10540	29127
351	63940
10250	11338
23224	23353
156	2121
5599	6272
6235	11224
1173	29924
4069	4332
3191	10236
6142	6168
2107	6176
6152	6194
57115	114771
50838	51289
1314	10959
54820	146057
55143	220134
471	441024
2185	5879
6176	140801
10592	54892
6222	23049
1387	6601
83597	135924
6745	58477
6210	9349
6235	25873
389	57522
1398	5781
5441	10980
6136	6170
11137	51388
23291	197131
3685	6461
10525	29927
4700	51079
3491	3685
9493	9787
51434	143279
5685	5706
6122	6208
6223	6230
6218	11224
1387	25942
2197	6138
6556	170482
6203	11224
2353	2354
3491	3913
6128	6135
10952	25873
3048	3050
50835	259287
701	3832
8356	126961
1365	24146
51088	144699
705	5822
6176	6727
5707	126374
3799	10112
6158	6230
79019	85236
4734	9320
8881	29945
2932	5704
6188	6203
1605	9459
9459	64098
991	24137
1314	10802
5294	7409
6138	6227
2153	3827
4041	6422
6139	6165
4940	10964
3222	3225
6207	6228
1116	1991
973	29760
51692	51729
23451	51692
10022	259292
6125	6168
5627	10461
8317	23649
6122	6194
7311	9045
3054	3607
6203	9349
6129	6234
857	3688
8337	8347
6233	22954
148	2922
2817	4035
4976	55669
3685	3693
988	23595
6147	6208
5747	11099
1277	1291
11004	55143
6249	81930
87	7791
11017	85313
10574	10576
23586	29761
108	5179
6157	6181
3687	22918
6228	55127
5529	22919
10902	54617
7153	23397
2165	2244
3838	4343
3491	51280
91	92
3913	3915
6129	6208
3181	5725
6135	6227
163	8976
51109	54884
6222	6234
6133	6141
8976	115548
6161	6224
6233	23291
4736	6223
890	9833
3184	3190
10427	126003
813	3491
6137	79707
4297	23269
6708	6710
5518	5976
4736	6207
5610	6774
1933	6228
1050	7124
6428	7307
9055	9928
6181	6223
8477	55970
2207	23533
1915	6207
6122	6141
5361	55558
2792	7434
51079	54539
6790	11065
1290	1291
177	351
9144	11322
1462	3915
4712	4713
988	53981
399	9743
3837	57122
1232	338442
988	10403
6461	7409
1453	6232
6188	6229
6165	6202
2912	6751
8334	8341
399	4983
6222	9887
4712	4726
1949	2045
5529	151246
3836	7534
389	30851
5689	51371
7057	7424
671	5657
6204	11224
3921	6147
203068	440145
3915	10298
58508	84661
10112	55872
8723	51143
6167	6223
811	2923
6218	10952
3437	10561
2935	6189
6232	25873
4853	6233
2784	594857
4513	4537
3192	5093
9666	89910
2491	54821
6229	140801
4436	51434
8453	9320
1314	22872
8453	26043
10892	257397
1783	6232
3921	6234
10484	51014
3192	51729
6143	6209
1956	5879
6772	83666
351	6370
7454	10458
5930	26249
4735	91147
6154	23521
332	1063
3797	9493
1902	7852
8192	9361
3118	29126
6157	6224
10274	10403
5868	5870
6224	9349
54625	83666
10970	11322
6429	9410
23304	23376
3690	3791
10890	57403
2153	2244
6154	6175
570	1962
9133	57082
3579	55970
7133	8740
2178	2189
6146	6208
9276	11014
6181	7311
2243	5345
1062	23279
26263	92912
846	259287
6202	9732
4708	55967
1132	53637
9870	26091
3843	10527
4715	7381
6156	6206
6157	6175
6129	6155
55832	80067
1576	1577
6217	11103
3684	3929
4194	57690
6635	9883
972	3115
4116	6206
1915	6206
4736	140801
1144	1146
8519	10581
3646	8667
5880	10298
3430	4599
6136	6167
915	919
6235	9349
1043	2350
6133	6137
988	5094
6874	51230
23244	57551
10663	259292
6122	6206
3157	4597
6233	6234
6203	25873
10413	25937
9655	26190
397	5880
3101	64841
388962	654483
3685	64386
7004	25937
5204	6637
7337	197131
6164	6181
6157	6194
5199	10394
6173	6218
5438	27258
6204	6230
7311	9341
6223	6227
5284	55004
6233	11059
51081	51264
26146	28981
990	5422
3191	27316
5023	8514
6233	9341
4701	51079
6142	6158
65055	219438
566	6037
6164	6194
9318	140461
9133	51203
5546	8189
10885	23404
1129	2912
5037	10256
8976	10552
1915	6222
3434	4940
3350	84539
6164	6207
7852	9564
4689	653361
4508	4536
5885	286053
10749	11127
9055	22974
5023	326624
4952	51429
6133	6138
4172	11073
9833	259266
345	4036
11251	94235
813	1435
56919	57647
6128	6222
5708	7316
1315	9276
1589	3290
4707	51079
6170	6188
3267	9322
6161	10399
6138	6188
8615	100302736
3191	3609
219968	285093
2064	6233
6157	6223
5880	7409
23149	29763
6165	6235
11236	79139
896	6777
6173	6223
6164	6170
1499	10971
9716	10236
23322	79600
5330	9002
54821	151246
6168	6193
10403	10592
6182	55052
778	783
917	1759
55876	94103
4116	6146
7538	9261
58505	200185
6135	6208
2782	5082
2811	2814
1969	3055
3911	3913
57154	154881
928	113177
6142	6233
54625	151636
11338	23511
8243	9793
3913	11098
3884	100653049
23451	55339
6152	6171
1933	6165
699	83540
885	2922
5660	55970
5777	7852
6169	6170
80321	121441
6135	6169
5048	121441
60	10093
5436	85437
161	6233
2935	23049
11202	25818
1655	25804
6158	6170
2036	116986
6167	10952
4713	126328
1453	653784
5693	5705
6158	6234
7311	23049
6147	6170
3309	9531
6193	6227
4540	51079
8775	10618
2810	3918
64981	116540
3071	7454
6232	6233
57542	197131
2966	728340
6129	6133
6168	6235
440	2617
6155	23049
915	286749
50834	338442
11190	23332
3122	3662
833	4141
6209	6233
1398	11184
65055	128366
1453	126003
3683	10970
10574	84617
6165	140801
2207	2212
6156	6167
1129	3355
50831	51289
896	1032
6146	6156
3134	6890
332	2305
6124	6194
4709	4724
28514	54567
3062	6869
4172	5422
940	3695
10189	29107
1956	2274
5558	11169
9738	54806
54960	79833
3190	10236
9879	58517
64951	64960
64114	196527
6218	6223
3921	6194
6152	6203
6799	6817
1490	25937
3091	7316
6301	7453
51382	222487
9870	57542
5861	51715
3357	4829
5439	10980
3190	6434
11128	55703
1292	5033
2537	10379
1933	6168
2204	2207
391	55843
10885	26155
23511	51692
890	7272
5880	9138
23095	24137
3433	91543
4717	4724
8189	10921
5725	11338
5822	22984
10112	64151
79682	387103
899	5930
6157	6165
719	58191
2205	2206
51650	54998
29796	55967
3882	3886
6133	6206
55143	113130
60485	84962
6160	6218
54820	55143
3912	7184
6207	9349
623	56923
4691	23160
3118	5133
5528	81930
55746	57122
3921	6228
22974	64151
6175	6227
6193	7311
4116	6161
830	10282
6125	6164
2918	4985
991	5347
285093	390191
6164	6188
2079	6637
6168	6228
6993	10755
3190	3192
3683	7133
867	8301
9320	26190
1277	5118
5439	6119
332	5501
51690	83443
8349	8969
6752	10563
6160	9349
1268	64805
51143	151648
2635	3659
79023	129401
10885	55720
54998	55052
9493	51014
9655	50813
5714	6790
1991	3240
1660	10492
4116	51639
6142	6202
4763	7311
2147	2153
5696	6890
1660	10594
90025	246184
55720	56902
332	5528
2159	2266
9666	143279
983	219771
1476	10394
2537	8638
336	4547
705	8886
6142	6222
1933	6137
54069	64946
3109	3115
25836	29072
1956	3912
6176	6229
5695	7314
2641	346562
23291	56995
6428	7919
23332	27229
4697	4708
857	4088
996	9320
3921	9136
9700	23332
4736	6167
9738	146057
4171	5426
64963	92399
9439	23097
2767	55970
23014	143279
3549	6469
1605	6714
2185	2268
6155	6208
6165	6223
6156	6228
2197	6136
26091	64750
6146	6233
3191	23435
8329	126961
1495	3799
6233	65264
26005	80184
6122	6222
9887	23381
10112	55635
6201	9724
51585	79869
23244	55746
7311	64219
6135	6176
1555	54600
57647	84916
3912	5954
2847	4985
4584	192134
1956	22905
2023	2026
11314	196527
6181	6222
5829	7534
1069	10383
3691	3918
9662	79441
6224	23049
1277	1292
9879	23517
983	79172
4288	10051
6171	6235
6426	10949
6205	25873
389	114793
3850	196374
1327	1329
1650	6185
6152	11224
9927	55669
9212	79003
2963	11193
6218	7178
4736	6137
3799	11127
5473	10321
6133	6235
6734	58477
6135	6229
274	1956
1910	3827
6207	53918
51429	152503
3903	10970
6231	9724
55127	79954
3433	8638
3339	3912
6159	6188
996	6233
131873	256076
617	26517
285093	391211
5675	7040
904	905
1933	6160
945	2207
10254	10552
7321	65264
6133	6154
6134	6154
4717	4728
351	1524
2525	10331
2033	9739
6240	10051
3093	27252
6141	6202
2533	3937
23165	51692
6170	6208
890	10733
6154	6170
5116	55125
643834	643847
8698	63940
9833	64151
1063	22974
930	974
259293	259295
5706	51053
8318	54962
1956	7039
6830	85403
7164	152503
51649	64928
5879	5898
2793	257313
3683	326624
3886	8688
6128	6234
6167	25873
5747	9475
60488	64963
6224	6230
10394	56729
4221	11168
54578	54658
1398	5599
6430	27316
2958	79035
2801	10427
6500	8697
87	1499
6152	6169
5741	122876
10540	11190
26589	64963
11004	113130
6201	6223
990	9156
6156	6208
966	326624
9184	57405
1043	7512
1555	1577
9493	10540
22954	23291
915	3118
6161	6168
222487	338339
10592	23310
9833	10403
3183	3190
301	302
8453	9666
6142	6161
1660	1665
4361	10635
2205	5335
3320	10383
5438	51755
3688	375790
377	1783
9739	55904
6218	6227
6672	10475
6175	6230
213	7040
8905	10053
4726	29796
11314	100049587
8349	79101
3017	126961
1943	2046
23327	51088
779	783
8969	126961
1969	2268
5868	11021
22938	220988
3827	5020
84231	90678
3183	6428
4543	4889
6128	6181
5519	5903
10733	347240
6156	6165
661	10623
9493	11113
6175	6201
9188	25885
3689	7305
6130	6155
3837	22974
25831	26091
6747	23471
6158	6208
6129	6230
1116	5199
6714	8976
183	259287
8453	84085
3192	27316
2521	5094
10489	55832
6307	51478
6141	6194
3122	54331
6168	6203
353132	353135
2064	7525
6207	23521
6135	6171
2521	4670
397	398
3659	3660
3912	11167
1991	56729
9246	54778
1062	81930
6605	55193
6203	6223
2962	57794
5701	51330
2865	84432
8111	257313
6133	6193
6152	6223
3178	4670
367	8349
6363	6752
6138	6201
6147	6206
5663	23317
1062	4751
6218	9349
963	6518
3190	23435
2266	5345
8655	79023
1908	1910
6147	6234
389	9938
10201	87178
7135	7431
4537	4539
5928	10014
3921	6142
10540	22974
389	5217
4736	6159
8477	9002
2621	83706
4736	6189
10920	26263
64682	80204
1385	5594
5731	94235
3673	3688
4539	374291
2048	25791
5870	57511
4670	9128
3491	3895
120796	344892
7153	9688
8189	11100
6155	9349
2033	26523
1282	10536
6152	6232
6155	7311
26005	121441
4736	6143
1665	3192
7409	10458
5706	6790
9730	64682
6137	6228
3683	3693
867	6654
6135	6139
2353	4773
9700	23279
3071	9564
26290	56667
3915	5829
950	22905
9655	55832
388	55160
2151	2791
22984	65083
2863	5332
26190	55236
9700	79172
332	10112
2975	11128
3683	7409
3859	125115
1910	6863
3921	6232
830	6711
259290	259292
6176	6206
6157	25873
6235	140801
9493	64837
3797	92104
1908	6863
6138	9045
23076	55131
4332	5657
4736	6130
378	11014
336	4036
3178	6430
53905	90527
55055	151246
2803	7110
5707	5717
6202	6218
1350	7388
1174	10016
23279	23332
84418	100049587
1111	54962
3921	6159
3685	3903
6188	6189
55165	259266
60560	80155
6173	6235
5048	81565
3685	6518
5515	6500
1994	220988
1173	8301
10053	130340
3148	8971
6173	6224
6132	140801
3912	375790
10713	26121
6130	6203
9867	53339
3304	3337
64105	151246
6122	6207
6203	6208
9493	9833
9700	23122
134	6376
6737	79754
5708	5887
4953	51686
6218	55127
351	5330
7311	57154
3308	9631
4713	4726
3685	199675
1933	6201
6171	6227
6181	23049
6181	9045
2790	27334
1536	23601
11100	11338
5547	326624
3579	126006
22974	24137
1462	84141
6428	6434
3071	7456
2153	51156
10577	56729
4670	7536
116	59350
8131	64121
9643	93621
7153	55746
84648	353142
5739	59350
6229	11224
55003	84154
890	9824
55601	91543
10155	10780
378	10959
4173	7153
6130	6139
6222	51187
10332	30835
6224	6232
9727	23265
746	100128731
6133	6142
1555	1559
3913	5747
9787	55872
7311	54363
4512	4537
323	351
6139	6204
411	153642
6132	6171
1778	81930
65083	84172
1453	6209
3797	10749
1937	6188
3915	10970
6636	6637
3017	440689
2935	25873
79867	84902
7337	84085
1287	3685
1435	8542
4738	9616
1783	11014
3675	3693
4088	7048
6154	6176
2801	11014
933	973
6194	9349
8729	10121
1281	4060
23067	25942
1605	8910
161	3482
2625	5241
7184	9601
6385	7057
4709	51079
988	23397
1337	1350
2962	54845
6223	27340
6227	6228
10389	84108
6161	6209
8453	56995
23595	51053
553	680
55339	84271
6147	10399
6155	140801
56667	140453
6047	9604
3912	51280
5694	7979
6142	23521
11014	11015
27316	65109
8453	23291
6453	7311
5822	55127
23291	23327
6217	84916
1983	6232
6136	6188
4261	5993
6137	22916
2268	2817
185	2862
5725	9343
7516	11073
56995	84085
6201	9887
163	6233
3071	3320
6428	22826
6223	6224
915	3559
837	79792
80321	91147
5422	5983
695	7305
3320	57545
3111	3115
6122	6142
1062	79172
6167	6173
6698	6707
3512	100423062
1307	169044
2960	9412
8615	9276
2922	4923
1994	9343
2197	10952
2197	6128
3133	3659
8351	8365
6189	25873
7414	8993
6233	440689
2623	10661
9738	10733
7316	22954
6139	6233
833	3376
5869	8322
1783	5903
4542	4646
4709	4710
3359	9177
1453	10427
916	940
1315	9371
3796	5515
4999	5558
6631	84844
6164	6229
10193	80204
3659	54739
6201	6222
6934	283149
3913	10298
6139	6164
9069	9076
5436	5438
6122	6168
25885	83743
5108	22832
6138	6144
945	2548
23244	23279
3695	8516
4736	6232
5438	9978
6124	6205
6193	6231
6129	9045
6154	6161
6139	6206
23011	51715
23309	79595
1981	6160
2033	25942
187	5473
133	2863
64928	64979
6206	6210
26046	197131
8581	10232
3688	23209
6500	7314
1911	6045
3213	3215
3190	4670
6146	6234
11004	151648
6170	6189
1063	79172
7204	29933
1783	5861
2633	117854
6426	6428
4626	8735
8337	8349
6152	6165
1870	5928
7311	257397
118487	219927
332	81930
6428	6430
6156	6218
3308	55706
6143	6233
23304	84085
6128	6201
5701	7979
9820	56658
6136	6181
6165	9045
3017	8349
3163	3725
4670	11052
6129	6232
2147	2266
3191	10949
6170	6209
55143	348995
1268	9294
25847	150726
22936	64859
6387	50837
6678	7424
3569	84141
5880	84144
6430	7919
8993	10394
6124	6232
6142	6193
388	64333
2913	84539
6227	9349
26168	27043
351	29933
26190	197131
3190	3191
1116	56729
6228	10399
5516	5526
6129	6170
3799	10540
2912	4543
567	3134
5435	5439
4926	9793
6772	23586
7478	7484
891	81624
892	9477
332	24137
991	51665
10274	79172
521	1329
6194	6218
10540	22930
3320	10458
4707	4710
2847	6752
54716	153201
6137	6169
4666	6137
1213	6233
9636	23586
8351	126961
7003	10413
7311	154214
9493	24137
151648	348995
2768	2783
2767	5330
3240	5004
23582	25949
3091	5594
6556	100049587
1783	81930
5829	9564
5094	5725
121504	126961
1488	6934
1813	6373
51134	80184
27340	84916
7044	51097
3718	6776
4700	4724
1453	6229
79895	199675
5861	10959
867	10097
6208	6231
84962	126374
26249	55521
6181	6189
5529	6232
23160	27340
2648	5469
4436	7520
3106	6890
1241	29933
5705	5718
6158	7311
6228	7178
6160	6206
6128	6141
2537	10561
10930	29974
6201	6224
5707	5708
4839	25885
3619	23511
351	8698
9787	29127
9510	11096
5741	594857
6625	51593
5558	10926
6224	6233
10383	84962
1857	55361
6155	6206
6836	9276
516	8604
5155	83706
3105	5696
4709	9551
3360	10888
9972	23165
6189	6222
6237	10371
1956	3084
26118	51088
353132	353133
1315	23303
833	6301
4708	51650
6137	6142
399	7984
5819	201633
5516	81930
6461	9844
3055	5747
5441	5901
1118	3417
6139	6194
3107	10475
991	9133
689	4666
6202	6205
47	1431
1937	6228
1981	6167
999	4072
10914	79869
7314	9134
4584	50614
22974	203068
516	26521
6159	6210
27316	51692
1756	284217
920	2533
1537	54539
3921	6130
1455	89780
4670	220988
1237	9934
990	55388
344892	390077
990	84515
4695	4700
3181	3190
890	26271
3915	51280
57551	79172
348	5360
641	7316
10272	11098
7321	23198
6161	6227
4686	8021
983	5519
3836	10971
8514	57153
6156	6170
7434	122876
1656	27161
950	25977
9870	22954
2305	4288
10970	326624
6155	6164
160364	199675
10772	10949
6233	10111
9820	89890
920	29988
1337	1340
2131	2817
3684	53831
2633	4938
891	9232
2801	10972
2962	27238
4736	6222
5430	11338
302	6281
5286	6233
9968	23097
29927	100526842
675	5983
3118	3122
6229	6230
344892	390059
10576	55970
2635	6672
988	9793
6793	10857
9870	65264
10885	65083
1915	6142
5217	55740
1749	1750
6154	6164
122876	594857
3118	3662
353142	353145
6169	6175
1398	10787
4508	4513
10155	90075
6491	284403
10489	54778
9320	22954
6137	6167
1387	4205
2091	6217
6599	55193
7110	79571
6223	55127
2081	7494
988	56852
8767	23118
2033	23112
10615	146909
6233	8450
23142	23291
3915	375790
5868	26130
6628	8683
6159	10399
23291	26091
1000	10970
6130	6232
6124	6147
3066	6045
23322	79867
567	3133
9495	10369
1991	4069
6130	6188
9793	10403
1660	27316
58191	63940
5286	7311
7311	11059
6144	6188
3039	3048
5879	6385
813	10130
8945	55031
100	4907
27	10486
3675	375790
3434	55601
23149	51429
695	5336
6631	6632
1499	4233
8365	85236
174	2243
6168	140801
8972	93432
3017	8337
1994	10492
23586	55601
5657	6036
6133	6169
1595	5447
4736	6142
301	9002
54845	80004
6142	6235
2814	2815
7320	7322
932	3903
6208	25873
1555	1557
4519	4540
6830	55677
80184	91147
830	5048
3852	3868
26190	65264
991	4734
1062	24137
6164	6205
374	2153
9128	10594
9133	10403
6188	65008
64981	116541
10733	79959
56670	94235
10396	25798
6164	6208
6210	22984
1500	7082
4841	6421
6773	10379
6635	23524
102	1499
50835	56923
3181	10657
6142	6156
6810	6814
26190	57542
1291	8985
5725	10492
4602	5432
6136	6139
6167	6234
6175	6222
3655	3688
247	3479
2892	2903
9648	79571
79867	91147
1499	2932
4735	121441
55014	126003
6136	6156
3635	5777
1908	23620
6788	6801
1665	23350
3619	3796
6556	338339
4586	140453
6176	6222
2072	51426
10489	79654
108	50837
6147	6161
7311	140801
6194	9045
10575	10963
5518	6235
1439	3635
6136	6218
1063	259266
891	22974
6141	6230
5048	151246
6201	6227
1398	2185
10112	29127
90480	116541
6122	6136
23291	26190
6890	6892
6133	6181
6155	6202
6168	6232
991	5905
1717	3157
3619	3832
8655	55839
1278	1634
1453	6204
11274	23586
6142	10399
5439	8896
2633	5371
8976	54874
6206	6227
3105	3135
2792	138883
920	1234
6279	6280
10714	23649
1435	401138
4709	10975
51592	64682
5976	56006
6632	11157
64951	64979
1398	3071
6234	9045
22974	121441
6147	6231
6132	6168
23160	84154
4708	4725
2521	6626
6194	53918
9411	29984
9582	27350
2147	4295
27248	79139
2788	2864
6144	6204
3091	5708
6122	6161
6156	6207
27043	57647
4736	23521
8688	54474
331	6233
353137	353139
84261	154881
2255	26281
9343	27316
8349	8365
23279	51692
5432	79577
9276	51014
6206	7311
2768	5879
3303	3320
27134	100506658
1236	1901
6741	9533
991	6232
158506	246184
3181	10713
800	10398
3105	3133
117	594857
1915	10399
6045	171023
10632	84833
226	5315
2550	3579
3490	84141
10945	10959
595	6776
5928	9070
10970	22918
6152	6204
1292	7373
6161	6232
10084	27238
643	5368
2033	6872
5880	6453
6122	6157
10920	55884
9320	57154
6194	6235
351	5340
400	90196
5023	84329
7041	7414
6152	23049
4069	6037
3178	6421
10153	84128
7311	11224
6124	6125
887	4295
9294	64805
988	58517
90293	285231
9700	9793
6143	6160
5592	8654
6160	6207
2913	4988
8740	10673
3185	23020
57674	64219
3109	3119
1116	5005
10733	79441
4116	6202
11222	56945
680	4829
55703	55720
5347	54820
6122	6135
1268	10803
5435	11325
1136	1137
9793	10274
388	4952
3191	9716
1062	9276
6155	6231
1794	5880
1456	7534
58	60
6176	11224
6154	6222
3312	129401
10618	79571
996	6790
1452	5714
3921	200916
886	887
5023	10970
8886	56902
5438	6637
6159	6235
3688	3693
6158	6233
1660	6625
10657	11052
1292	1295
9367	55275
6158	6228
2960	4763
9349	140801
51373	64951
3157	6307
3433	9636
6159	25873
2982	2983
4540	55967
51692	80335
11103	56902
2220	5648
6610	7132
3908	10319
6132	6227
51264	65003
6193	9349
6124	6128
3635	3718
6167	6206
6170	6230
336	462
4116	9349
6223	7311
5552	83706
1329	7381
2036	4646
87	5768
54881	65083
916	50852
2957	7702
6132	6136
26	10562
5777	80184
6626	27316
6132	6727
51154	84154
983	3833
6133	6207
2535	5599
5869	6233
6161	6170
6136	6227
6154	6227
6144	7311
945	6556
4176	5982
9320	84085
351	7042
890	9787
4208	4209
164	10618
377	3799
4591	11059
4983	5880
6136	6233
6175	23521
5439	51755
887	5020
25831	197131
375	10959
9318	11275
55124	221400
5861	10972
7153	57122
6500	55884
6176	6230
6159	6201
6124	6175
7871	8428
54998	64976
567	1520
9820	90293
6556	196527
1665	3190
6429	6434
8697	65264
607	8945
6168	6207
6142	6143
5430	9611
6188	6204
4624	4635
84296	84515
6207	6229
6154	6155
57413	59340
4509	4538
6139	6228
10618	22848
1063	7514
10283	23398
3553	11213
6138	6152
1337	27089
5339	6194
64928	219927
4735	151011
6228	9887
51003	400569
6143	6164
6146	6159
1233	2359
3685	3688
8243	23047
6193	6228
3561	5599
4261	4939
7779	27173
6167	6229
930	29760
5896	5897
9055	29127
9341	10254
26285	149461
6288	6863
885	3061
6209	6222
7472	7482
3921	6208
3676	3691
824	3688
5869	9341
51023	90480
5093	6625
6167	11224
6432	220988
6143	6155
6194	6208
5119	51652
3619	11004
57405	79682
55249	55870
22918	441864
3181	10236
6130	6164
6136	6169
6161	6207
51	55825
10552	100526693
991	2305
6233	57674
2197	6144
6147	6164
3683	6518
8334	85236
2071	6878
6233	9101
3133	6890
6230	7311
5422	79892
6118	116028
7514	23122
462	2155
23160	57647
6128	6194
4952	6272
302	10577
213	5265
6130	6176
204	4508
9604	22954
5439	6621
1933	6188
9793	22974
6158	6203
6137	6232
174	3827
3017	8365
6134	6228
51725	142685
3200	8338
2935	6229
963	22918
3185	5094
1398	85440
680	3358
10189	79902
2790	2837
6165	9887
4116	6233
3655	375790
2064	6714
4736	6139
11128	25885
1062	23095
945	5023
65003	219927
3921	6175
4927	50628
6135	6161
6132	6147
9156	55388
119678	344892
3685	375790
5519	22919
27229	55755
6135	6223
1290	10536
2048	3055
8886	55127
50832	54429
1812	10268
1639	24137
6249	10540
3190	10921
399	4952
1022	91603
996	8453
1537	4715
521	522
3361	4283
5476	5834
4839	55720
6143	6176
3918	9459
4543	5179
140460	197131
9410	10946
3920	55754
29796	51079
9382	10905
4074	6456
6147	6223
2064	5364
1937	6202
6667	57508
1933	4736
2938	2939
4588	192134
51692	55746
6161	6189
5439	6637
10112	54443
5867	5874
3134	115361
9700	10274
5599	9479
6130	6161
3486	11098
7337	10193
1088	23601
6128	6138
1880	8698
8453	115290
4069	6036
3361	3627
3312	29763
2206	5335
6138	6154
6136	6204
23301	30846
3875	3880
6208	6227
5501	9700
1991	5657
954	158067
8976	10787
6170	6203
6147	6165
7057	83706
6181	6204
2286	5479
6136	6207
3635	4233
4853	6868
8329	333932
4331	404672
2975	9329
6161	9349
891	3838
51465	140739
10803	50865
332	79902
2197	6224
54778	197131
4736	6205
5644	6690
23197	26043
7337	9320
721	3426
6164	6169
3912	54972
1277	3685
3619	57082
6135	6210
580	10714
10885	54881
7178	7311
890	4288
1969	7525
8337	653604
2268	6714
1595	3156
3619	54821
51593	64859
6142	6144
2932	5516
6142	6147
6147	6205
2242	6237
4125	8635
6233	6868
6142	9349
3672	3685
1933	6207
5978	80012
1906	6375
11176	23309
6165	6169
27340	56902
55832	90293
1435	6696
51166	125061
6167	6232
2023	2597
399	85360
6288	6357
55863	91942
9968	10499
1559	2326
3364	5810
9978	140458
2197	140801
891	9787
3796	10274
6209	6218
4343	6233
9791	81490
632	4094
3718	7297
5861	5878
514	4713
6208	6727
23412	51725
3978	5424
1337	29796
6228	9349
23327	89910
10802	10960
5707	7321
6144	9349
9632	22872
1129	8322
1495	5868
675	27030
393	399
640	5079
2792	10563
2185	5829
1639	8729
2491	57551
1287	55214
1634	4060
55131	64318
10153	51602
4670	6434
1812	51764
1269	59340
2132	6385
54908	55055
3181	4670
6201	7311
23291	89910
10142	26123
6161	6188
6301	23395
6159	11224
9320	55236
332	9700
5725	9128
7317	22888
6189	6235
5336	118788
6158	6175
57521	389541
6232	7514
6227	114987
10075	84231
8648	96764
391	9743
5433	129685
3912	3913
6164	11224
285093	402135
3071	10552
353137	353142
6135	6175
1660	23185
65264	90293
10285	10914
553	6869
6165	6189
10693	55970
5425	6117
6138	6139
3178	6434
6159	23521
6137	7178
6122	25873
6207	6233
23049	25873
5529	7311
4261	10346
4597	4598
3109	3123
3921	6138
6168	6201
712	7305
9700	10735
1639	9371
4064	9450
23014	64219
6203	23521
22930	84516
799	10268
23279	23511
6204	6224
3267	3949
891	7531
23295	54620
5708	29979
8976	51429
8658	80351
102	3915
6155	6157
3184	51692
6147	9045
6159	6204
2033	5929
8349	333932
3897	284217
1062	22974
351	5660
377	11014
3009	3024
891	9833
245937	613210
7514	79172
1062	10112
23122	55746
6160	6181
9128	11338
8648	10498
399	1894
1329	1350
3481	5005
2801	6709
3303	9531
5707	7316
1462	3912
639	3662
6208	55127
10618	26130
5111	10714
2207	160364
6667	27327
4508	4509
6143	6173
10250	10291
553	64106
10316	729230
2917	9934
6921	10987
1650	6122
5036	10576
5547	5660
3309	10049
7178	25873
4700	4726
2247	6233
6168	6233
7027	7298
2197	6234
6129	6161
6755	339403
2896	10493
163	5878
6229	65008
6133	23521
23658	27316
4033	4257
6146	100529239
1832	2125
2159	2243
6170	25873
301	7852
26146	64792
6223	140801
5869	8411
6672	79097
9742	23059
1994	10250
10965	641371
1803	59272
3921	6168
2841	8698
6130	6204
1048	8434
335	2266
4116	29107
2648	25885
6207	23049
6202	55176
671	1991
6159	6194
6125	6194
11338	23636
6601	6602
6203	6229
3855	3866
10075	80204
3190	10657
6500	64320
301	2790
3458	6775
2200	5045
25942	57649
8667	26986
226	7167
287	10121
6202	6228
3594	149233
5094	9343
6170	6202
6193	6222
6133	6204
4724	29796
29763	51429
3192	4670
2099	2625
7337	54778
3675	3912
3920	80331
6117	55388
23533	55970
5435	6637
3978	4176
2197	6154
3685	80781
890	51203
3115	3119
6161	51187
55143	151648
6152	6176
8615	10959
4172	4678
55143	57082
11329	55233
10970	11167
3017	8341
6138	6233
353139	353142
4697	55967
6193	6203
6159	6170
374	2065
683	94103
2801	9276
6136	6168
915	3119
4173	9126
1778	84902
4736	6210
87	51097
6155	6170
1839	5782
4738	28991
8243	57082
23149	115548
5290	6667
2773	29899
8082	8910
977	3655
4141	80222
6637	55505
6142	6230
1129	4543
6169	6173
26173	51593
966	2207
1277	1289
7321	84962
3912	10970
6175	6218
55066	57546
1731	23157
1738	4719
6141	6158
285093	390072
5339	6189
9978	158506
1080	4036
10540	80184
3887	3892
8085	26523
5054	5329
6165	6188
3837	3839
2967	9015
6169	6235
6599	6602
1843	3304
1445	26191
2033	9757
890	55355
6205	8562
9493	22974
1495	1969
3688	3912
8945	143279
7456	10458
6168	6208
1439	5777
22897	79598
7337	10489
3191	9987
1500	51474
983	51053
4736	6160
5338	9744
3882	8688
5725	220988
1315	2804
3710	8826
109	10681
389	257106
7133	57153
3191	10921
3886	286887
2867	23620
6231	25873
6157	6232
1665	3191
6181	6232
4707	54539
1861	27348
3655	3912
10949	220988
3980	6119
3640	4159
6161	6229
1435	1462
9133	51512
1478	9128
8260	79903
1646	8644
6319	6720
332	22974
6128	6230
1232	8843
5928	57649
8976	10254
5869	8027
6137	6168
6223	23049
3799	81930
6714	10413
2683	54918
4696	4710
3683	8514
6427	6432
9439	9611
6125	6144
1601	8301
1601	8322
6418	10592
6160	6233
1236	5443
6141	6173
6160	6169
1956	5829
3903	64386
6234	9887
55252	55777
2491	9793
6130	6144
6168	6176
891	1022
6210	27340
54620	84231
640	974
3351	346562
5202	10471
3915	11098
197	3827
6154	6202
23332	80321
55142	440145
5737	56923
6138	6142
3889	3892
727	50838
55168	219927
6750	6754
23601	57153
28972	90701
5335	10818
1793	9844
26190	54165
6130	6147
5878	54885
6202	23049
3911	9459
5149	54714
8843	50834
6125	6222
6167	6169
8689	9119
6138	6207
1639	10121
5529	6233
6129	6165
1915	6161
6222	6229
90025	158506
10926	63967
5080	8338
4261	115361
6164	6224
5516	79172
6142	140801
6129	25873
9556	84833
661	6619
9557	57804
7272	259266
8178	11267
6137	6234
4736	6125
3055	5788
6129	6154
3397	7057
9493	55165
2935	6169
8452	26091
1832	11187
399	9459
10540	121441
29933	55970
891	4751
2243	3827
8329	8334
10802	51128
186	84539
6136	6230
811	5034
5707	10383
10552	23149
2178	6118
6207	51202
9493	23046
6129	6130
28973	55173
9014	57504
1894	9493
6194	6224
25929	55706
1781	11014
5199	126014
2207	5338
4298	6830
6432	6632
6167	6208
6204	6206
391	394
3183	6430
4666	6202
9320	10489
6233	151636
1555	1576
9904	57647
7476	7483
8590	285093
5771	6464
545	6233
1058	8655
23160	55720
6160	6161
6159	6208
23028	57504
338	4973
11169	23649
160364	338339
6133	6165
1994	3190
10426	11064
6128	6130
6135	6165
344892	347468
79711	84172
6631	6637
4670	6421
57154	64750
9787	10592
6206	6223
967	4033
54874	115548
3362	5443
1902	2185
5870	8766
3921	6222
1315	4905
3091	4088
3105	3134
4736	6218
5529	7514
6629	10189
6181	6230
6227	6727
302	383
6144	6147
6159	7311
3688	7057
3561	3718
160	1213
3619	79172
671	1116
6233	140801
3915	5954
23112	84441
2242	5361
5528	113130
1937	6124
1783	9493
6209	6224
9632	10483
399	9411
3684	79895
991	54908
324	5519
6159	6234
6872	81887
92170	503542
3853	196374
1936	6132
7311	10252
3109	3111
5094	27316
6129	6235
2798	10886
5930	140460
6626	10523
148	886
2935	6133
374	2069
3921	25873
996	5707
2033	23013
8970	85236
174	3698
6207	6218
2058	2617
6870	51764
4069	5199
6160	9887
51143	57405
8027	25977
6128	6157
51317	57649
6156	23049
4691	9136
4694	4710
23248	26512
4702	4710
10592	51203
6790	9787
5829	10298
84128	84946
6754	50837
6237	10235
6147	6222
2131	6385
867	5781
5119	27183
1662	84154
3309	29927
146	84109
5347	22974
5869	10552
9604	23291
4771	122786
6164	23049
4171	5422
983	9631
7311	55272
3115	7535
2147	5020
6167	6181
1793	3071
5605	84292
81696	344892
2634	4599
3984	54434
966	11014
6170	6223
4171	4173
29889	51154
58191	59340
2071	27125
6233	26091
1981	6135
988	55215
695	8976
1500	7525
1981	6133
3619	24137
10733	203068
91543	129607
80018	80155
344892	390079
6202	23521
2792	343172
29093	65003
9886	84144
8687	54474
566	4125
963	5795
6139	6181
329	5707
6139	6155
197	2243
7536	220988
51088	51122
344892	390326
6164	6228
3912	5829
8450	51122
23291	51122
6133	6135
6181	6209
5294	7852
10762	84271
991	55355
1191	2162
3643	9021
6142	6154
4905	10905
2023	7167
23223	65083
1452	5515
4659	5515
3309	7184
3659	7706
3921	6152
1508	1514
22954	57542
7322	9867
351	5443
4171	81620
54663	84365
6159	6205
1058	9212
6249	54908
2932	6790
1500	84962
5725	10291
5516	5711
3853	3860
8295	8945
6181	6235
9972	348995
8775	388552
6135	6193
3685	4035
5684	8312
1500	6714
3313	9093
6208	6230
6135	6233
6233	26043
5829	7525
22888	51343
6152	6218
259292	259293
7283	22897
27097	79595
2968	6882
6223	6232
9037	23275
344892	387748
3105	6737
705	56919
891	991
4725	55967
56902	88745
51264	118487
6047	9320
5029	5724
6130	6133
344892	390061
566	1991
868	200845
51	5194
1058	9833
6168	6727
6175	6206
8128	8703
8175	56949
10403	26271
6193	6230
6164	9045
3914	4233
55629	65110
6227	6230
6144	6160
2033	8085
388	257106
4599	4938
8566	10855
4694	4726
6182	65008
2958	5435
10621	11128
8915	29775
5929	23067
1329	10476
6157	6176
6207	11103
6135	6234
1116	3240
10952	58505
5695	10213
258	9210
8334	8349
345	350
9793	151648
11065	64151
10075	54620
5903	10735
4839	6156
4867	80321
6232	7311
1137	1141
6429	10250
6222	6228
5931	6839
5266	6707
1173	10552
6209	7178
920	54874
5700	10213
3710	10235
701	56992
3135	3663
1000	7184
3799	9585
302	6386
3320	85378
6934	83439
5861	10484
163	5869
988	6596
6154	6204
10970	222487
1605	5747
727	10022
5347	6232
6233	54778
6923	23198
3178	7536
6709	7430
9026	286749
9128	55234
2814	51206
6138	6235
1234	1236
1062	3619
4116	6222
5599	9043
221	5328
8666	25873
3190	9716
4509	4519
5868	7879
7153	7298
10112	11127
1062	259266
116372	257194
5558	23595
6222	140801
932	222487
9787	11339
846	259295
64386	79895
5861	81562
3913	9459
197	2153
10014	54880
29997	56902
3918	5829
3897	57698
5980	56852
197	3698
392188	645402
11245	55970
6129	6233
3491	54972
4736	6227
9739	9757
5829	6709
3607	7528
3482	5868
6124	6143
6170	6175
6173	6227
3882	286887
9055	11113
5597	5718
1981	6232
813	10970
23601	338339
580	80010
28973	64928
6160	140801
9276	11070
6169	6233
811	7184
8347	126961
1314	8615
6147	140801
6169	6222
60	5879
4237	4239
10914	53981
4852	283869
8337	440689
988	79595
23309	64426
5435	84844
8322	54874
9972	51692
25909	54821
1601	6453
1511	4332
9793	57787
335	2262
1314	10945
991	5707
4734	7316
1822	23028
6144	6224
2790	7204
7098	10695
7311	57674
1315	29127
988	1994
8175	57794
6144	6203
9611	23097
5707	8452
1822	1912
915	80380
6155	6173
9276	9632
5093	10236
6155	6201
183	51289
1398	3685
521	10975
8568	22984
6218	23049
6167	6194
84131	347240
6147	6189
3354	11255
6141	6223
6155	6218
26146	92104
7532	57521
8065	9354
824	7525
8607	54881
2641	10203
4717	51079
2967	51426
5725	27316
6205	6206
2521	5725
10919	29945
3832	3833
701	64151
6229	6232
1937	6189
10250	23636
55781	134430
22919	22974
4926	5116
701	10403
6138	6181
2848	3274
4536	4537
6176	6204
3127	5641
988	6601
11316	55850
25915	126328
7057	79875
3886	54474
6157	6209
26190	54778
55850	113220
5879	10458
57129	65003
813	3912
2131	2132
6233	26130
3998	10959
6281	79026
4725	27089
5717	9020
5528	55143
991	5708
9188	84172
5725	10949
5869	11021
950	8976
8329	121504
3688	3913
161	26130
6135	6181
1406	4901
6154	6168
3181	51692
1062	57551
6170	10952
640	5336
891	2491
6132	6176
7532	10142
8365	8970
6628	6636
7846	203068
1033	9232
695	5335
5869	57403
3304	9531
6136	6222
4734	23327
3897	3912
1856	5528
6208	6222
6205	6222
6233	9927
6129	6152
6233	26190
4734	65264
10197	64682
9716	27316
3915	4233
8334	79019
6142	6232
637	8626
5861	51014
5034	5611
2557	2560
1062	5903
56902	84916
1088	138050
111	51764
2956	6117
1536	8655
5788	7852
942	7525
6159	51187
8886	51388
6434	220988
4116	6636
5578	5588
2550	51083
846	4829
8544	10787
6647	11315
1063	4288
775	9254
2222	3157
9793	57551
2792	391195
23014	64410
5528	9700
2521	10236
6144	25873
5611	10525
4297	8085
2633	3437
10403	23310
3913	54972
9126	348995
47	2799
7089	83439
10885	57647
5347	5528
8356	8365
4707	55967
5194	23600
988	5591
3172	6927
3107	3659
6147	6228
1793	7409
7979	139285
8945	285231
3434	55008
2623	2811
8021	55746
1234	57413
57539	79659
109	2358
3710	6804
25929	79084
351	3912
4173	7298
2185	5599
389	394
51023	116541
3185	3190
23291	65264
6272	9500
6157	11224
6631	6636
2185	3685
6136	6232
4542	4641
5432	27125
10161	257313
6208	6229
908	9628
1121	79958
6128	6227
4701	4713
6169	9045
6161	6222
9076	24146
8924	23030
6209	55127
10403	51203
1781	7531
6170	9349
7454	10787
9790	55127
1453	57787
1453	6193
6230	6231
2691	59350
55884	115290
5753	6725
4700	4717
4176	5422
6152	6181
1859	10238
3837	7175
6157	6203
5501	23122
597	10018
1642	11091
9350	56963
1291	10491
1981	6222
933	974
1327	1337
9919	149111
6632	6637
10484	126003
6235	23049
988	9611
6279	6283
6144	6156
996	23327
2792	4985
1933	6230
680	2798
1291	1292
54575	54600
996	5717
983	2491
2243	3481
4700	27089
3619	10592
1347	27089
226	2597
6136	6202
1232	4986
2207	338339
51206	80739
6202	53918
3672	3688
1499	128239
9221	84172
7311	285231
4666	6136
2695	7434
6185	29927
10527	55705
6160	6202
56963	148738
3689	5023
39	3157
57530	100506658
1605	10298
1457	10051
6203	6205
7984	29984
1511	4353
5746	59350
1894	259266
2521	3192
399	9138
5441	8189
25	5159
1669	56729
23332	57122
988	3066
5438	6633
1915	4736
2033	9031
4952	6233
6128	6193
4853	10046
10425	79876
6207	27340
1088	160364
2197	27340
4514	4535
1659	9343
9021	57674
7124	8740
11224	140801
6230	11224
3394	6688
50838	259292
5684	5694
3134	3135
156	351
6161	7311
3913	10272
6136	6231
8463	10413
6205	9045
966	6711
6164	6176
6208	11224
988	5903
3882	8689
672	51755
6160	6228
1394	1816
1191	10916
699	6241
7326	26259
10869	63891
5529	23279
2222	4597
64750	65264
1314	9527
55582	89953
11073	63967
6209	6230
5451	25896
6156	6202
25804	27258
1236	2793
10432	27316
4173	81620
9341	54874
5872	8766
11102	23160
6146	6160
9883	55746
6156	6223
3635	3667
6218	6231
23014	80176
6143	6181
9212	57405
905	2967
6139	6222
10885	25885
6233	27327
51143	79172
9021	140462
6168	11224
6160	6235
393	11015
10022	56923
6233	51132
8976	10458
5048	54821
1668	728358
1439	5568
6136	11224
7039	10652
1915	6130
6136	6152
7473	7484
6625	6626
6181	6194
2099	6387
10946	22826
1915	6228
135228	266727
6122	6228
6165	6233
3123	54331
6142	7311
3911	3918
3183	6434
6138	6159
6426	9782
9126	55746
3267	10618
10254	51652
6223	9887
6426	27316
1576	54600
1062	5526
84231	197131
6227	11224
23059	26146
6788	60485
5829	55742
7756	64149
1000	1012
1277	8974
3560	9021
9918	10592
2810	4486
1063	3619
695	7525
5868	22848
54778	57542
6168	6173
983	203068
7204	8976
8449	27238
10652	51014
3978	4171
3066	9014
974	1445
3685	7525
9493	11014
6230	6232
6138	6223
7375	8717
4887	346562
6170	6207
6133	6168
6202	9045
8175	10181
3674	5829
5688	11047
950	22848
320	5864
56929	123879
7311	23600
3185	5725
720	3426
1350	4726
6667	8648
9685	10618
9675	57521
6130	6193
9276	22820
5565	51094
643	50865
4736	6165
6146	6189
79132	91543
6129	6143
6036	6037
890	64151
26476	344892
25897	55175
1778	2801
3921	6189
1398	7525
6142	9045
4939	6773
5438	6635
685	1956
3903	8514
2733	23511
1387	10498
4734	26091
5684	5685
6122	6209
164	2799
9716	11325
10155	80110
6138	6173
6135	6164
6165	6231
1933	6189
10952	90701
1121	5869
115106	440145
10153	55759
3921	6136
6142	6201
388	23526
1329	9551
6152	6222
2123	2124
5393	51010
1660	5094
1022	4005
8334	8970
9648	10466
8314	23512
2801	5862
10885	84172
56923	259292
25885	55127
1933	6155
6229	11103
4233	9564
3912	5578
4131	5048
5529	57551
2185	5747
871	1291
904	5433
1081	7252
1911	23028
5347	51512
5829	375790
60560	80218
8945	55832
9739	26523
3192	5725
1329	1351
4694	4701
6455	23149
1234	3586
3240	4069
156	2863
6168	6206
55703	84172
4717	4725
5439	6923
5339	6234
84131	203068
6164	65008
5516	5714
1544	169355
126638	147409
5717	200734
701	1063
1524	729230
5290	5970
332	3619
6159	6165
8607	11091
3433	4939
6156	6175
727	56923
3326	7415
4323	4811
705	23560
6206	6222
5332	55970
9585	10112
4582	10331
3685	8514
5518	6228
196527	326624
10802	22872
1347	4713
55839	79023
5469	9967
3119	3127
6205	6232
4048	126014
6133	25873
5693	10213
6181	51187
4254	5777
6218	7311
1350	440567
1063	3832
324	1857
10236	22826
6203	6209
6171	6234
28998	65003
5286	29988
6169	6231
197	336
3921	7311
5908	7094
7913	9015
6135	51187
351	58191
2932	5708
8394	23533
5711	8697
7311	126433
1933	6154
4512	4535
160	8867
9039	136371
3066	23028
7337	26190
3912	84141
51382	338339
1350	27089
972	1520
113130	151648
6181	6203
22954	89910
3355	5733
6164	6206
6135	140801
6156	6230
8661	728689
4928	7514
5347	24137
5878	23011
55	154664
6154	6229
1665	9879
932	2358
3113	5641
1954	23295
1058	55143
1983	6205
1329	4712
6602	55193
2033	8243
6234	23521
4734	89910
55127	84128
6217	27335
5869	10890
6122	10399
6136	6189
6143	25873
4297	6045
6160	6164
4710	4726
6233	8322
6124	6133
65083	79954
871	1287
5179	9210
3799	29127
6229	9349
86	988
389	90627
4715	10476
130	10720
5872	51715
6709	56729
92815	128312
1595	51478
779	10369
1595	4047
6241	10403
3118	3663
1277	4060
6158	23521
6233	221937
6908	10498
1120	1375
23295	140460
3119	3122
10963	22948
5566	7283
54677	83752
1880	196883
5540	6755
3854	3861
6128	6139
7155	8289
1950	8322
4288	6241
3799	9493
6189	9349
10097	10618
6209	9045
1981	6223
3609	10236
3361	9290
51023	54998
4736	6128
1058	55355
4695	4707
1445	54845
800	3672
6207	6209
336	51156
701	9700
1173	2535
10412	23517
6146	6727
6059	55720
8349	79019
5903	25909
4512	4540
2916	4887
6134	6202
9666	115290
2197	6161
8322	8976
6234	6235
6232	10952
1287	1288
51645	85313
6159	6224
2214	2215
7249	7532
55832	57542
6142	25873
9045	11224
5869	22905
1241	55970
9972	23279
6135	6143
10458	55740
9114	127124
2054	8673
6171	6231
4593	57144
23279	25909
890	4999
1994	3191
140458	285231
3190	27316
6142	6224
3860	196374
1738	4191
6209	6227
4701	374291
6133	6164
387	7094
56929	79176
108	797
383	10394
338	3827
51172	84572
51	7311
81285	285093
6132	6170
6233	8295
6133	6167
51350	112802
6125	6175
79473	344892
6518	84329
4116	6152
2185	9475
8568	51096
9739	25942
2268	5783
11235	25843
1303	55214
79470	344892
2359	11251
846	2798
54742	80328
6173	6176
3833	29127
3115	10346
2967	9014
1956	54874
7305	23601
3797	10112
351	59340
1781	121441
10403	57082
2841	63940
2957	5433
7020	284252
6049	140460
26271	51053
6453	22905
640	29760
51099	79948
1062	9493
3071	10787
6132	6204
6165	6168
9793	121441
4538	4541
9793	23279
514	4695
3685	3915
258	5179
6122	6128
566	1511
10199	84946
10425	63891
6143	6194
5747	7204
887	3827
640	7535
7337	8697
5718	6790
4535	4537
6146	6203
8085	57690
1269	8698
4161	7432
4159	54331
4172	55388
63891	79876
890	1058
1329	4726
1520	3122
3486	11167
2204	199675
640	7525
891	151246
1994	9716
4710	27089
79501	285093
4710	29796
3619	5501
6124	6158
6146	6230
4735	57545
715	716
6194	6222
1660	1994
1062	64151
10857	64386
5984	23649
6698	353135
50838	259295
988	1654
999	8907
163	8027
80184	117177
6144	6205
3833	55143
10514	65083
5929	8945
6159	6222
2207	3689
3183	4670
383	671
6169	6218
4519	4541
6136	9349
11137	84916
10102	51021
2197	6209
8065	84259
350	2266
6130	6165
28981	79989
5529	7525
51602	84549
3725	4088
55829	58515
84648	353145
8322	8324
6154	6208
6146	25873
1536	51382
10236	11100
6147	6181
6548	11261
971	29760
2359	94235
4586	4588
6997	10637
7852	55970
6138	6209
3191	79869
6208	6209
1303	10536
6136	6147
5977	8289
155	6344
6138	6218
54881	55127
3267	10097
3190	5093
197	2147
567	3659
6232	11224
6222	6235
5829	9459
1781	10540
8189	23524
6167	6222
7175	57122
6231	9349
50813	84727
5430	81556
6143	6169
6124	6206
891	1062
332	29127
1981	6235
6139	6173
6223	9349
7514	9126
2197	6169
3122	26191
4736	6175
6170	6229
5903	79172
2107	2935
6201	6209
50838	259293
6128	6204
117	2695
54148	64928
6714	57670
2244	2266
10236	10946
1605	84892
2107	5515
146	2922
811	5589
891	7314
2243	3698
3185	4670
5700	5706
6790	9493
27241	166379
3184	3192
6426	10772
2767	5335
6230	9045
4736	6147
6189	11103
3837	3838
7175	23511
79659	92104
2043	2050
1511	5657
7311	55669
10155	201514
6228	140801
3118	7535
864	7004
9601	10130
4709	4712
338	2243
864	64750
6130	11224
3111	3113
28987	51388
9212	55355
6124	6224
126006	729230
163	25977
2625	3169
1783	11015
5795	326624
2222	51478
3178	3192
285093	390190
3849	319101
5930	84961
6173	6189
1809	10371
6160	6165
6709	126014
570	23600
3437	55601
3921	6201
527	3920
6235	9887
23223	64318
4670	10432
9126	54780
6155	9045
10965	55825
23608	140462
1859	5928
6193	6206
6711	11014
55832	154881
11338	27316
1398	1794
2197	6228
6156	6173
1544	3620
6133	6173
4736	6138
6169	6223
4519	4537
6426	6430
11176	51742
6136	6228
4540	374291
11258	93661
7466	51280
6205	6234
6159	6209
6159	6176
9875	27340
56902	79954
7137	7138
6227	6231
1605	375790
991	9055
9212	83903
11128	84172
988	3326
6142	6207
6233	221687
55720	84172
7311	121504
6147	6204
506	8802
301	27334
5501	79172
4297	192669
5741	8074
4173	5983
11127	64792
1660	4686
6176	6218
54552	55720
2770	55970
6432	10189
7324	79876
3646	26986
9793	54821
23304	29945
4519	4538
891	8697
6130	10399
6202	6203
971	5336
10885	27340
1237	8811
890	5347
4724	4728
4712	4728
6234	140801
10436	51202
10022	339403
9031	221830
6635	27258
1161	7518
2791	115557
22984	25885
3683	3695
2251	8823
4233	8976
2475	57521
6155	6232
6128	6173
6709	124583
7305	100049587
83597	390174
5021	5332
112	57413
6173	7311
2099	9687
3054	9739
6147	6154
1062	7272
6194	51187
4736	6203
6156	6160
695	971
6152	6156
6173	140801
6141	6189
23020	51692
6144	6222
3685	6850
2358	6556
846	339403
6124	6176
1007	1013
915	3702
4724	91942
3214	3216
10857	10970
6129	6194
6157	6222
7514	9793
4148	10272
5422	84515
22995	163786
5604	23164
6165	11224
6133	6223
6189	8562
26589	29093
3921	6122
6132	11224
1793	6461
4585	200958
10540	24137
6202	6206
1956	8976
5575	8826
6138	6161
6155	6169
5422	9126
6201	23049
1499	7534
10574	22803
55720	83743
4283	6364
5034	5479
4508	4514
6122	6144
9126	25936
6202	27340
1653	25940
197	5005
8356	121504
8341	85236
914	924
1956	5328
4588	140453
27076	154064
567	10475
23160	23404
2033	8648
813	3915
389	57449
8356	653604
6209	114987
2209	6688
11340	23016
2359	5473
595	4602
328	10038
1063	5501
6171	6228
6129	6147
705	84946
1793	5880
208	57148
28981	79659
6206	6209
6037	8635
699	151246
6125	6202
5189	7311
50506	90527
146	2846
1857	5699
2956	4436
6139	6157
6128	6231
4174	5424
9739	23112
26232	55527
6130	6138
972	5641
7184	7466
55720	64318
5579	9564
2033	55904
2873	8607
344892	390083
23601	79895
6232	54820
4718	5284
1398	10458
79659	150737
6158	6194
1915	6202
6137	6155
6144	6175
9363	9367
84549	84946
6632	51690
1306	50509
5970	57506
9459	29984
2064	5747
23014	55884
5695	5701
10992	79869
4332	8635
6727	7311
8687	8689
5868	5869
4694	4713
6175	6228
6218	27340
3178	10949
3683	3903
6232	140801
10499	23389
1387	8085
3308	3312
92104	150737
6143	6157
3123	5641
6128	6136
5868	51715
26190	51122
963	966
3157	4598
2197	6227
10193	26046
6155	6234
6223	6229
6135	9887
6143	9045
3308	10574
1062	5528
335	462
6232	6249
1499	5795
58506	130074
377	9371
6128	6188
5690	8742
6141	6203
1500	1969
966	5023
1278	4313
8563	23225
3921	4736
1329	55967
6181	6218
6202	6210
9887	25873
9320	51132
830	1604
5711	6233
9371	10749
84154	84365
6233	7311
8453	89910
5985	83932
5196	56670
701	8243
6124	6230
6128	6142
2790	2863
6169	6209
6748	90701
5589	23193
1340	1347
10285	53981
377	10540
6194	6228
3054	81887
351	83706
1994	10498
8514	10970
7514	9972
6159	6230
6210	6233
3655	3915
6223	9045
9295	10250
5516	51400
6139	6147
1490	7004
8349	440689
23560	84172
185	4922
8514	11314
7320	9604
1058	57405
1063	2305
51692	220988
6790	55165
3866	3880
3586	7850
56949	91603
6173	23049
6167	6230
6222	25873
6142	6155
3796	10735
6128	6189
26043	55666
6222	53918
3619	81930
7305	10870
9793	25909
23275	23509
372	9183
6208	55176
57191	400720
6601	6605
890	157570
9221	23160
6122	6202
8337	333932
5516	5903
341276	344892
3190	3609
163	9341
6434	27316
1500	4646
4599	91543
9793	79172
6173	6234
1676	3836
1816	104909134
2060	50618
160	6233
29074	65003
29763	54874
6173	6209
6165	6222
567	3660
1956	5782
1781	11015
399	26084
7514	55746
3127	7535
55755	261734
81930	113130
8581	27076
2125	5493
3921	6133
23350	55749
5094	10236
6207	7178
10403	151648
3673	3675
6235	7311
2255	143282
7415	10576
6159	6193
1778	4735
2197	6206
1058	64105
4695	4726
3105	3659
4686	23511
6233	7178
7311	55914
4035	5159
9341	10652
841	1281
10342	81562
8351	121504
3074	10577
1933	6204
55003	55299
3187	10181
1981	6175
5286	8976
5516	5520
4171	4175
8290	121504
6155	6222
84231	140460
1398	10152
399	64333
6142	6167
10155	10520
2358	57413
2695	10266
5433	8085
22954	64219
1832	5493
351	10970
6141	6154
65264	143279
344892	390275
8533	10445
26524	84962
6169	6194
6142	8666
2935	6157
566	4069
9820	26268
1395	79924
6132	23049
886	2846
1387	5929
6130	6168
988	51692
4726	4728
6122	6156
3107	3660
2683	2720
8905	8907
2798	4829
6157	6233
351	9002
6136	6138
6230	55272
1048	80740
90293	221687
3013	8334
1288	340267
2633	2634
23332	79172
945	100049587
3133	3134
55143	57405
8661	8672
5717	10575
6156	6159
6130	6137
6129	6201
8687	121391
64106	347148
5526	7316
2064	5599
10919	53615
1991	5199
10051	10592
1810	55689
5822	10885
1292	10536
4694	4724
7409	10787
344892	390058
5878	7037
3973	104909134
4172	7298
2153	2159
8349	126961
1515	3122
64410	80176
6144	6232
6801	8428
5977	57492
5657	56729
983	7514
6189	6223
6133	6157
79600	121441
6637	51639
999	3918
27258	83443
6233	25873
6143	6223
6155	6176
3921	6167
10236	10594
10075	51132
336	2153
915	3135
1048	171169
54778	140460
84085	84261
891	995
4700	4725
2920	55970
4509	4539
4599	8638
6235	27042
4116	6633
6128	6146
1017	9133
6189	6210
147	5021
22954	55236
1394	3973
6136	7311
2237	5111
1293	1300
57545	80184
23	988
23322	80184
988	8449
999	3691
6144	6158
1232	50834
920	3937
2784	4985
338	345
3214	3217
6168	23049
1956	2059
5928	57459
9076	137075
10376	150465
64318	79954
5493	11187
1111	4361
5694	5715
1981	6233
1946	1969
7153	9700
108	6750
2266	3481
23332	91147
4343	27327
6150	116541
4724	27089
10552	10787
8600	50964
23028	23186
3895	5954
5689	5700
29118	63876
3320	9844
1601	8027
1642	56852
8453	22954
6135	25873
84946	88745
8729	10959
51421	60485
9793	23244
7153	9824
566	5657
6136	6206
324	5699
6206	23049
6233	7098
6158	6193
6223	6233
4172	8888
6201	6231
8697	9604
23327	29082
627	5879
8027	51429
7343	9112
10574	10575
3017	85236
2268	5829
915	7535
2185	375790
3178	27316
4924	10618
3192	6625
6176	6203
160	22872
3437	8638
2197	6218
9700	55143
3008	3024
6168	6175
6147	6235
8329	8347
116541	219927
1500	5880
6890	6891
11169	84296
2266	51156
890	11065
6143	6168
916	917
51465	51676
3688	6709
5179	7857
5584	117583
6152	9045
8329	317772
10236	23020
1453	6205
338	4036
26531	344892
6208	6223
330	637
1981	8672
3184	3191
6173	10952
472	5429
7316	83752
2633	10561
3360	3375
5179	283869
4014	5317
399	23526
8742	51330
2740	94235
6132	6201
1291	5033
1857	5708
117177	121441
8945	89910
1902	2767
9820	115290
3055	3684
6139	23521
5526	6249
5501	57551
148	2837
2107	6234
6633	84844
6144	6161
9318	54165
5330	55970
9793	113130
1499	5819
2064	85440
6272	79158
6208	6228
2792	2918
6635	83443
23397	56992
5436	27258
941	942
3376	51520
6137	6233
5430	27316
27095	149111
10523	11100
641	2189
6204	6233
6230	23521
22948	84790
7536	10772
6170	23049
945	10857
64750	115290
996	9491
1650	29927
1453	6227
6224	25873
6218	6228
5929	284058
5707	6790
945	84418
6142	6181
6209	11224
521	10632
7038	7173
10291	27316
6500	9604
3895	5879
6160	6204
6133	6161
6136	6173
8945	23014
336	2243
8467	79595
6139	6167
6515	144195
3109	3122
963	5023
4512	4536
332	7272
2957	51616
9128	51340
8349	121504
1956	3675
5878	9341
6619	10623
3309	9601
2957	6619
5768	11167
4736	6124
1816	4160
5351	5352
64131	375790
27198	338442
1665	55127
6165	7311
3184	4670
776	786
4736	6141
6128	6161
9793	84131
5571	60673
6125	6143
8829	10512
4076	55226
6133	6230
5725	9716
5862	10890
4724	4726
2535	2790
3119	3123
389	23526
5747	7852
3685	4240
6141	6144
55737	58533
514	4694
4952	9562
8568	25926
966	10970
6160	6229
5868	10096
5157	7991
11004	259266
9666	65264
5828	5830
6146	6218
6203	6231
3362	4159
6141	6159
671	3240
6130	6189
4173	8914
7514	22919
2804	64746
9918	54892
1500	1956
990	64151
6154	6231
22974	29127
4067	4254
6170	11224
6137	6204
1058	79172
4540	4726
4713	27089
5747	8976
521	1350
6210	10885
6500	142689
6218	9045
4905	9527
3055	3572
1783	3799
10959	11014
6189	6224
6950	10376
1783	6249
5699	51684
3695	5747
537	10159
988	11193
1933	6181
1915	6204
3118	3127
3184	6434
6132	6160
11127	29127
60	2597
26519	26521
6230	140801
5528	11004
6165	23049
5604	7529
6222	6231
891	9493
6135	6146
7021	83741
5587	112476
6137	6218
9877	100381270
7311	23586
7272	10733
6164	6203
10693	11328
6206	6235
977	5339
6147	6201
4712	4724
6165	6176
9493	10112
1830	3713
4702	27089
2197	6194
8914	9126
830	10652
1610	4843
3274	285601
64979	118487
6152	6188
6637	83443
28959	55365
3486	3569
1453	1855
4670	9343
811	3309
2155	2159
9371	24137
102	1088
83540	220134
6605	57492
5179	6751
1398	1793
11091	54881
4343	4853
5746	94235
187	1233
2813	55350
2782	26086
6700	353132
6144	140801
2132	2817
6122	6169
6189	140801
6143	6201
9416	23451
4666	6129
4670	5094
2168	3158
2935	6234
2537	3433
4862	79365
55166	79682
51715	326624
2956	23028
2769	5330
7531	8655
4700	4709
1234	5443
1345	7381
5591	9656
3355	6751
705	51154
4736	11224
6217	27340
5624	10232
4174	10036
1062	6249
778	779
5706	5718
915	3123
23585	54741
5903	57551
6203	6230
6228	6232
2071	6830
10199	56902
116	2740
6161	6165
57381	57514
1933	6130
1269	53829
6164	6222
6169	6234
6208	7311
6161	6234
8907	23396
6133	6210
51645	57819
6233	126961
3856	144501
5983	8451
3074	5476
3853	3868
4172	5426
6159	6228
10523	27316
1495	5781
988	60682
6170	6727
6130	6159
3185	10236
9551	55967
595	11186
1060	57082
6189	6208
6142	6164
57129	63875
2023	5315
991	29127
2033	25885
1084	338339
6160	9045
6139	6207
1453	6218
9738	347240
3055	3702
996	51132
6160	6208
6233	11224
3619	9126
55236	197131
5439	80349
929	7097
90	659
9265	27128
53981	85313
3937	5336
6692	6768
9782	27316
2932	5711
10102	64928
57678	256356
6130	6154
6146	6164
5298	8394
6455	10552
6161	9045
8347	8969
2549	3055
51639	84844
920	29763
26146	79989
3655	3918
8565	80222
5528	23332
10592	64151
9798	27183
1233	94235
6142	6205
1017	4999
3594	7297
5339	6157
1315	81930
3184	6626
6169	6171
7316	9929
1499	5781
51118	80135
5707	10575
6146	6176
9655	10489
4809	6231
64426	79595
3880	4072
636	23299
22984	84172
4736	6164
8074	29106
1956	5579
991	83461
3015	10284
4008	22954
2771	3708
65055	138883
11103	27340
521	84833
5898	10890
10970	11001
7424	8828
1783	9371
1314	9632
6175	25873
728	846
7450	54756
2064	3320
336	2266
3916	3920
23524	51639
6156	6176
107	2775
4736	6158
6869	347148
1500	7409
9320	65264
545	5889
6430	6432
10291	23658
10274	57551
4751	259266
8349	653604
399	10144
5330	29933
10014	57459
1303	10491
871	1290
4670	27316
10681	338557
1062	1315
6129	6209
6124	6173
6203	6233
1063	9700
7311	89910
2597	5230
4582	10164
963	3903
2237	23649
64976	64979
988	24137
6147	6202
6164	6223
5879	100423062
4236	10291
6631	57819
6625	11100
9156	84126
6165	55176
963	10970
84676	140456
6144	6202
11051	85313
4641	5898
4519	4539
6124	6189
5872	23265
11017	11051
1908	2865
3178	6428
6137	6147
3356	94235
566	6036
29974	403314
2841	7852
26046	140461
6122	6133
5657	6037
2197	6170
54998	128308
3852	196374
1579	8529
6206	6229
213	5340
54555	56915
3015	5438
8697	11059
4254	7409
6746	58477
6698	147409
3430	8638
3192	10236
5529	6249
6138	6169
398	5880
10432	23435
6231	23049
6128	6143
81	1495
1329	29796
351	8477
7532	653784
3619	113130
1233	56670
3213	8338
8313	10297
2197	9790
84135	134430
7311	23291
80176	142689
2771	58191
6144	7178
830	51014
185	2641
899	7428
2911	594857
27292	55781
3837	9972
6122	51386
2207	100049587
1956	3691
5426	10714
5590	23286
7316	9341
3320	6461
4088	7316
57153	199675
7272	55635
3688	3918
3191	10523
10250	55749
3105	6890
6133	140801
4736	6176
2629	5660
3850	3860
1500	3801
1938	6122
5422	10592
6175	6194
5528	5702
1294	2157
2185	9564
3836	3838
23586	54476
7337	26046
637	4170
4736	6168
4952	8976
9295	9410
2833	83756
3912	59277
10112	24137
6218	6230
6202	51187
11103	51575
27340	57647
699	3619
197	51156
54998	118487
10274	57082
6230	63931
5880	10458
6193	6208
8349	387103
6210	8662
6152	6154
7486	11073
6124	6146
2863	7204
6164	7311
1062	10051
10254	22848
121391	286887
6157	6159
6203	7311
6249	8826
3181	3191
9716	10921
6152	6230
10236	10291
1236	4544
5868	23011
9493	9585
6885	23118
5048	11190
2588	9798
26091	26190
632	3381
9585	24137
6135	6235
8334	8347
6241	9700
996	54778
335	350
1774	5199
6189	27340
6142	6175
8514	22918
3912	11098
1557	1559
3303	10963
51289	339403
6143	6175
6330	6340
9055	9133
5001	10926
8365	8969
1595	4597
4508	4512
846	56923
6159	6168
7456	10787
1022	6929
2817	5673
1933	9045
6130	6202
6144	6181
991	11004
10121	57545
7054	57016
3437	91543
6204	6209
4736	6152
5290	259230
8065	83737
1933	6147
4540	4709
22930	25782
1650	58477
5331	27334
993	1111
4116	5435
6152	140801
2317	3688
3354	9283
4173	5422
6830	26043
6373	10563
1983	6176
5880	9844
1660	5725
1660	10523
1783	22930
636	22930
4709	55967
5584	56288
8683	9785
57405	113130
8334	8365
2197	6165
5861	9276
4295	5020
6176	23521
2491	5519
846	50835
9320	89910
23225	79833
9877	23279
1781	3797
1337	1351
6152	9349
3305	9530
3185	51692
6218	6235
996	65264
1062	5516
4736	6188
3882	54474
5718	8453
2197	6142
1314	8729
6518	196527
6169	6229
10236	10921
3183	7919
8663	728689
6631	51639
51692	55339
5720	5721
523	155066
23028	283248
83732	84946
6202	6235
5336	79837
868	5930
6923	51755
81797	344892
5869	51715
7381	29796
7158	7311
4288	26586
10427	11196
3837	9631
6133	6205
2064	5336
8491	10746
2788	50865
51510	51652
7314	64320
6209	6235
988	5062
988	203068
4793	5714
28973	51069
6434	57794
1081	3623
846	6870
6228	11224
2788	2790
27043	27340
3903	84329
1824	1825
3619	10735
6222	6223
160	1601
6125	6167
8841	79685
9870	64219
6136	6176
89910	143279
25873	55176
4736	6230
22984	23160
4738	5688
6168	6229
2099	6198
6124	6138
1956	115548
6142	6223
833	8565
10403	23397
64926	153090
6152	6227
22984	79039
79090	90411
6138	51187
5861	10890
5433	10285
1660	9716
6152	6157
2683	5660
6136	6144
54998	219927
9320	54778
2197	6235
6209	9349
5516	5781
2268	5747
2968	9656
5426	8317
6165	6218
6138	6230
5829	6461
11218	79084
9133	23397
920	5788
6164	6218
6147	6168
2965	8731
4717	55967
6130	6207
10250	10285
2151	3356
728	5697
10274	81930
51289	259287
9928	259266
719	8895
335	4036
6142	6169
2064	7311
10857	196527
400	57511
6227	23049
641	4439
5695	9232
4591	55658
1994	3192
1668	1669
4947	5716
332	79172
6129	6173
1739	4646
3921	6209
6154	6201
680	846
8916	9039
6125	6228
53917	64284
1981	6206
3122	55824
80184	84962
10799	88745
6517	84246
6637	11157
26589	64928
11098	84141
6168	25873
163	8301
6209	6232
7311	9856
1022	2810
1107	23028
4057	6709
3192	5094
640	1969
79339	344892
7311	25831
26224	84085
27316	84991
23122	23279
6173	6202
6176	6208
26470	253982
6130	6209
3178	3183
196883	285601
10285	23350
1062	11004
6181	6205
57405	348995
996	5699
1665	9128
226	2821
351	2817
4116	6132
3827	5005
5861	5868
1350	10632
4332	6037
9883	23511
3672	3913
301	2788
1453	6228
991	9493
2537	9636
5708	84962
472	4361
10193	197131
1327	29796
1022	5887
5872	53916
1495	4301
5426	5427
3066	84289
54069	79172
1933	6194
4710	4717
6170	6228
351	7852
6176	23049
2695	2792
6201	6229
6137	6161
3978	4174
6135	6138
7525	9844
891	51433
3833	9793
2317	54751
7311	23118
7184	10130
3184	9987
9320	151636
9329	10621
8349	8970
55166	387103
10594	23450
1431	4191
6128	11224
7311	55008
2491	79172
2268	7525
399	9938
2243	2244
9551	29796
1604	54732
57154	57674
6224	6228
7335	8453
6210	6222
9320	84231
133	79924
1500	4233
920	8976
567	3107
54577	54578
8514	53831
3576	6347
50835	259292
7335	55905
6790	11190
2695	5741
4088	5054
629	4179
6201	9045
6202	6209
890	10460
1063	81930
302	23197
4627	5898
8689	286887
988	6602
8337	8970
332	151246
2209	10152
6130	6136
7311	143279
335	2243
6230	6235
726	831
2071	5887
9277	26155
6155	11224
9730	23304
3689	79895
1879	5079
5067	23627
4172	6118
1113	6855
6613	7341
3190	11100
6135	6203
9493	10121
6439	653509
51069	64928
23517	84135
4173	55388
2266	2719
4712	55967
5880	8324
1660	2130
6158	6223
6230	6234
3301	3303
5700	5702
399	257106
23011	57403
2840	84634
7184	84141
10112	11113
4948	7299
4694	4712
5692	5710
7857	54757
6189	51187
6601	9031
6714	7402
6157	9349
25909	57122
183	846
3111	3119
3909	5829
9277	65083
6175	6208
6133	6218
2318	3688
10403	113130
322	333
5460	55211
6156	6227
11118	11119
1822	57504
399	6453
8886	84172
6142	6194
3764	10060
5269	5337
9553	64928
6141	55272
2491	55055
5698	6890
1062	9793
6750	50837
10749	29127
5048	5516
6143	9349
3688	10298
11116	79959
6133	6209
1576	2326
1062	29127
6233	10401
6176	6189
4853	9253
3916	5878
1536	2204
972	3127
4736	6157
9076	100506658
999	9839
2071	6873
2521	220988
23160	51602
6203	6204
1347	84833
6175	6223
6556	23601
29984	64333
3157	4047
2912	5179
6122	6143
9320	26268
6144	6227
3856	3866
6233	55669
2197	6133
3560	3718
5880	171177
1950	6678
89910	90293
6453	8976
259	2244
388	4983
3833	56992
9738	54820
1536	3163
1962	6233
3619	151648
570	54363
9801	28977
1462	9469
6165	6228
886	2922
197	2266
3660	4939
3190	10949
3685	160364
146	148
9742	26146
5878	8411
6233	55252
6133	6194
932	326624
6137	6143
6924	22916
113	259285
4102	158511
1605	29954
6224	6229
2033	6667
6233	23014
9969	23389
1605	55624
2150	55970
7919	65109
3312	8871
2033	7874
377	1781
932	199675
3320	10808
6135	7311
6154	6189
521	7388
10970	53831
5230	7167
1282	1284
51728	79622
6188	6207
950	7316
920	115548
10133	81631
5715	7979
963	8514
5196	11251
6147	6175
6209	8562
5928	25942
6122	6176
27252	55585
2491	151246
522	4713
6202	7178
155	6343
6138	6175
6142	6218
334	3491
6714	7311
6217	6232
6164	7458
4678	83879
6156	6224
5433	10772
10466	11014
5518	23399
7283	22974
79895	338339
8886	23560
7311	25873
26155	84172
1814	259285
3017	8329
695	3937
84105	347732
699	1062
991	51088
6208	6232
4543	5173
55008	151636
6137	6175
388	117289
3191	55749
1453	6207
1495	4233
6164	6168
890	84515
4700	54539
6167	6224
1665	1994
1111	2178
22872	100302736
466	1386
1991	8635
6157	6168
10102	28998
6188	11224
6130	6194
3921	6135
3202	3203
11113	259266
6456	9892
1111	2177
55168	56945
3811	3821
1453	6208
6142	6208
6139	6169
102	6556
23047	151648
6128	6206
4513	4538
6207	6235
9341	22905
4116	6160
6147	6207
3313	23511
1639	3797
6161	6204
6232	81930
50615	59067
6122	7178
5431	5433
3687	79895
6950	10574
6432	6636
10970	54972
521	4724
1495	1499
3190	220988
6518	10857
8886	55720
999	1942
185	2642
274	9341
5869	6453
5469	80205
6228	6235
1830	6699
8334	121504
4701	126328
8548	64746
3718	50615
4541	4726
10592	259266
341152	344892
972	3109
6233	26523
3659	6737
6144	6223
4205	6938
5440	10302
6169	11224
521	9556
6427	79902
11014	22818
950	3482
6233	84749
23283	27316
688	5468
27	1398
2521	3190
8886	9221
6122	6139
57551	81930
6288	84432
54908	79172
2071	55677
143502	285093
671	8993
4116	6227
6363	10563
153	155
6154	6160
1008	1016
26268	57531
2817	375790
81930	151246
156	55970
55781	84135
2197	6201
3181	10432
399	7409
4829	10886
86	55193
9833	29127
377	830
1601	8976
6122	6138
6154	6193
966	199675
778	10369
6142	6204
5433	6426
24148	51340
6158	6159
518	521
623	2861
26682	344892
9133	113130
11014	23046
1956	4837
150468	259266
111	3354
10193	25831
4713	4725
6230	7178
6132	6161
7478	7479
2784	6752
9700	10051
1495	5584
6634	22827
6168	6210
6135	11224
6189	6234
833	2617
5871	8717
8945	51684
3978	4172
6154	6169
1669	3240
7704	142689
3619	10403
5829	7430
8301	10618
6663	27022
6143	6202
4867	79600
6175	6224
27125	79577
6160	6205
335	4547
799	1812
3094	57649
64151	157570
2865	6288
5741	7434
8453	54165
6122	6175
6210	55127
6667	10499
3491	10272
1500	55740
2033	23774
7337	23309
6132	6169
25926	84128
5528	79172
1453	6224
10733	163786
163	26130
6147	6155
53905	405753
5311	9727
2527	8704
2207	6556
4706	4725
6708	11280
4298	9646
2107	6173
10403	348995
1233	6370
27089	29796
1107	23186
29126	80380
1303	5033
2207	7305
6128	6160
6170	6232
6155	6167
1233	5196
813	6790
6147	25873
899	9700
6202	6224
1991	6037
1277	22801
4695	29796
3886	121391
10053	152503
5688	25906
55166	57405
915	5133
1642	79913
54908	151246
1639	10540
6170	6222
6207	7311
1063	54821
6147	6194
23601	160364
783	10369
3559	3718
6128	6154
7337	51132
699	220134
4713	55967
6301	8565
6142	6234
6047	23291
8085	8945
1994	10236
3673	3691
3673	3909
6157	6169
5879	7454
6159	6173
6160	6171
6144	6173
4709	4713
4508	4519
6154	6159
2535	4919
4700	9551
2194	6319
5741	10266
5983	56852
968	5878
6144	6170
6154	6209
11167	84141
6144	6168
988	51645
25885	55720
1120	5130
6157	6234
6125	6161
2975	10621
3006	8337
974	29760
8329	653604
7311	23032
10594	11338
22918	53831
23326	79595
7328	22954
9126	23063
10574	10963
1173	29763
5048	9183
6125	6181
6222	6230
10969	29997
4736	6171
595	5707
6164	6202
8976	29763
6129	6218
6142	6160
9283	51764
5695	6500
112	1269
6208	9045
6146	6181
55720	57647
4088	25937
1660	10713
8638	10379
1536	338339
1816	3973
1282	5033
566	8635
1793	8976
3105	3106
3015	5436
6160	6194
336	3827
6572	8322
10618	23431
5861	10342
3122	5641
5347	151648
6159	6160
5707	64750
966	10652
705	84154
3091	84962
2207	3903
10592	24137
1105	4343
5005	7276
8729	10945
6201	6206
23112	80012
6207	25873
5361	8829
6156	6209
6233	8445
3673	4233
4541	4724
5573	23209
1129	5173
23265	50807
683	199675
1958	4665
10112	22974
1994	10291
1781	4735
10051	23244
2033	4089
6138	6176
51203	56992
1364	1366
1350	29796
5335	10920
6175	7178
79861	81027
6165	6230
26043	51122
51289	259293
1347	10632
5451	55718
4540	4541
3355	4852
7337	9867
5048	5529
9276	9371
7456	8976
3046	3050
2769	5335
27340	55720
4599	10964
1291	1303
6133	11224
988	5985
22919	79172
55131	84128
10885	23160
6863	23620
163	7311
64425	65083
11193	22826
23398	23517
3054	23067
6385	7852
6130	9045
1559	1576
6262	11069
1778	3831
156	301
2243	5005
830	29127
5829	7852
22836	55275
2770	5747
6124	6139
53981	79869
4695	4708
2033	27327
5872	6764
3054	80335
6168	6209
6170	7311
226	5768
1778	24137
6129	6169
4353	56729
2792	5145
3683	5788
6688	7305
8450	55832
2268	4301
3107	3133
1453	6201
1660	4670
1781	6993
6863	84432
2846	4923
140881	245911
9570	10802
3240	10394
26263	55884
6233	84231
6204	6208
3190	55749
3619	23047
3091	5707
4085	55166
8337	126961
2064	9475
6175	6204
4508	4538
7846	150465
9133	81624
55125	55755
6175	6232
4175	6118
6167	6218
9928	11113
57082	113130
2965	6749
6157	6204
6152	6234
1994	10285
22826	57819
3882	8687
6132	6235
6189	6194
351	3913
2207	3937
6209	25873
9662	10733
1660	3191
29093	92259
6136	6217
6167	6168
6556	79895
1084	160364
9295	22794
2792	2847
27316	220988
6129	6204
6169	6232
116	5746
2935	6176
6154	6205
1129	4852
973	974
8349	317772
1933	6175
3326	10576
9903	221687
84464	201254
1434	3837
6147	7178
4713	4728
10153	55131
7272	9833
6870	56923
8365	333932
5528	8243
7153	56992
5290	9208
6233	57154
55720	79954
5869	10254
6164	6217
3691	3909
1933	6210
23279	53981
3376	4677
6428	220988
6209	6727
6189	6204
2197	6137
4035	6385
1241	56413
123904	146183
3122	11184
4736	6194
4736	6155
26589	51649
2784	2792
1017	63967
1981	9887
10671	51143
1058	151246
4867	9657
6160	11224
1956	3655
90480	116540
6156	6189
26239	353132
55832	80204
2788	2863
6775	9466
6133	6147
79050	317781
2790	9138
3718	8651
6164	6232
6205	6233
10155	25799
10592	157570
4738	59286
10458	10787
4710	4725
2959	6883
6146	6167
64946	147841
2033	5469
64963	116540
641	5427
25909	57551
4713	10975
9700	348995
2801	2804
378	9276
26146	55112
2268	6774
5929	8085
22974	23332
1783	25839
6136	6208
5173	6751
2197	6202
25897	27252
6204	6222
905	55677
6233	80351
9793	10733
6124	6135
5196	94235
9725	84443
2846	2922
6229	23521
163	1601
5170	7249
102	160364
6168	6204
6605	9031
5529	5718
187	2359
6233	6235
3913	5829
10256	54845
80346	402135
3376	8565
4670	10523
6147	6160
6160	6223
2491	5048
27258	51503
9045	10399
2197	6207
6208	22803
6193	6218
6167	140801
27125	55840
5903	23279
1781	5516
1387	5469
4172	4173
6133	7311
3688	5747
158506	285231
6233	6498
10285	23451
1991	4125
6635	51690
9564	54518
5335	6850
11343	57552
6204	6234
6631	6635
7454	8976
641	116028
983	79959
1175	5878
6227	6232
904	51755
143279	154214
6233	7189
5695	5706
915	11037
2033	81857
5519	51400
2773	5594
6203	6224
6139	25873
1457	7153
5788	6688
1994	10921
6147	6173
5903	55339
3040	3048
6168	6205
6455	9341
671	4353
6224	140801
6155	6161
3689	338339
1365	100506658
8453	65264
971	973
1069	27077
1981	6208
6189	6229
6185	58477
5879	94134
5684	7979
2521	3181
3609	4670
1536	3685
420	58530
871	1303
5701	7316
7204	55970
2788	5368
6142	6189
3434	5610
1956	3918
10660	390598
6139	6230
23646	147746
3572	3977
1315	9382
5879	10552
335	345
338	5948
2036	8573
6698	126638
8341	8969
5441	84844
7317	10489
5711	8453
9277	10153
7428	10425
8243	10051
3071	8976
1062	5347
9341	23149
51203	64151
344892	390081
51602	84154
1937	6125
5433	9879
54148	55168
6205	6207
6175	6233
9652	23517
163	6453
6224	6227
1605	5829
6129	6193
966	3683
6147	7311
1639	10112
11017	22826
1937	6128
6728	51121
53354	60490
521	4694
6168	6224
1395	2848
10540	57511
10376	203068
966	51014
2045	285220
6124	6141
796	797
6136	9045
3838	6790
635	29958
2266	3827
10921	51692
5829	9844
50838	259287
6122	6158
527	6836
3191	9782
6147	6159
4736	6173
1295	55214
1290	1292
6206	6232
6181	6208
2048	5998
6139	6154
6434	27339
79867	80184
1116	5004
940	8516
5432	8450
8602	84172
383	1669
5438	84844
7249	57521
9126	11130
5717	126374
7004	8463
7272	64151
9782	23435
9553	51650
728	6376
2976	11128
4695	4725
6790	22974
3109	3127
602	5971
6206	6224
1511	8635
7514	23244
4514	4539
1662	9136
6129	6160
3937	7454
23327	115290
6139	6202
945	222487
6374	27198
2072	7158
983	10733
3619	9700
514	10632
3836	3837
5557	23595
10574	10693
683	338339
3309	51726
4240	51280
1660	23020
1793	10458
2917	27199
6130	6142
1121	79090
6205	6208
5516	7525
3054	4899
6165	6224
6157	6164
5048	79003
891	1781
81537	259230
1241	8477
10663	51289
9320	25831
3635	5294
3688	91522
3192	11338
5903	7175
6175	6205
1933	6136
1387	6667
6233	54677
4173	5426
9410	10236
5566	23332
5439	84844
1660	11338
10921	10949
551	6846
3561	6464
5318	5493
4736	6208
51676	64750
6189	7178
2274	284119
6635	6636
9341	51542
983	26005
55008	64750
57674	80176
5933	132660
6138	6232
2197	6233
4775	5534
8698	59340
23291	56929
6202	140801
10382	91147
92	4086
9757	26523
11102	55127
1063	7153
3013	8351
3354	6387
2962	8175
186	2913
2768	2790
9585	10749
8969	653604
1453	6202
2911	257313
219858	344892
2597	5315
5347	9918
122042	285601
6173	6175
6144	6229
5515	10776
5870	81876
5880	91614
5432	11051
6461	6714
5984	7298
6233	90678
6138	6141
783	2784
3482	26130
3619	9493
23304	26046
3915	5879
6176	6227
8085	25942
10403	57405
6233	9732
6161	6169
2847	594857
6202	6207
6132	6208
811	813
3843	55705
109	53829
9738	57787
6422	7474
3015	387103
114	2492
6636	84844
3184	10921
2197	6139
2186	196528
10552	22905
51604	84720
988	5983
4171	7298
3833	9212
6228	6234
6125	6201
51602	84946
6169	6228
3687	53831
10342	10427
81	5829
10749	11015
3113	3123
3157	3422
3660	3662
1455	2810
6925	6938
6125	6139
23601	170482
3832	9585
988	10592
11190	22919
6233	9690
11339	55143
6135	6167
405	1387
5684	5688
3355	5173
919	3560
1340	1351
60488	116540
10426	440145
6205	6224
1902	55970
3620	169355
6142	6176
10489	51343
5610	23586
3799	55605
7415	56729
6138	6193
3376	6301
3133	10475
6155	6194
6500	10920
6233	55670
6234	7311
55212	84100
6154	6230
9790	22803
197	335
90293	143279
53981	348995
7311	8976
10413	51421
5435	23524
4297	27043
29089	197342
6628	220988
11275	283807
6157	6230
6137	6223
3215	3216
4952	286451
6426	9879
10964	55601
6161	25873
7082	55243
10992	27339
6205	6228
4724	7381
6950	84617
55055	348995
2967	79577
84648	353137
2832	117579
993	84126
4208	5533
6156	6235
2033	8289
3113	4261
1088	6556
5900	22800
919	7535
55831	56851
3689	199675
6632	57819
6128	6235
4735	79867
3200	5438
9371	23095
11127	23095
1605	5579
8688	121391
8322	9341
6147	6218
9320	23291
3837	348995
6128	6144
10528	55226
966	11322
6169	25873
6272	7164
219954	285093
9883	10898
522	9556
3184	9343
7337	55175
9412	55090
6142	6210
6124	6142
26043	54165
4736	7311
5199	56729
2847	2911
6136	6224
2197	55176
6936	51645
4588	56667
2491	5903
4695	4724
9228	9378
25885	84172
6130	6173
1829	3728
8085	9739
51071	126133
8570	22894
834	114769
1287	80781
991	10726
4736	6156
1453	6206
6204	9045
6135	6136
6514	6927
7507	10714
890	55165
3486	3491
6143	6158
2491	22919
3640	5443
1937	6133
8976	22905
813	5954
64792	150737
6878	8295
2207	5335
4584	9245
2243	2266
6228	7311
1292	3685
3134	3660
5706	5714
4969	11081
8697	8945
6170	6173
3921	6165
3909	4233
6218	6222
6205	6230
7317	9820
2147	3827
2735	79809
6168	6218
955	374659
10381	84790
3135	3821
3832	10733
1915	1937
1595	6307
8542	84141
6908	54815
11258	11316
6154	6158
6804	6813
86	1642
2491	7514
3558	3717
9793	23047
6137	6230
23304	53339
4751	4867
1495	3801
9655	57542
5111	7027
54960	129401
1290	1303
9968	23186
6188	6206
5869	23011
238	943
127247	131405
1325	2847
2621	10272
4710	4713
2519	11098
9320	26046
1933	6233
6224	6234
4171	4174
54821	55055
7852	63940
5869	25977
335	2153
6208	6224
891	55872
5519	6801
127385	344892
3659	6672
6125	6189
11073	84126
8243	10592
388	389
6160	23049
1933	6135
6194	6202
5528	23279
351	1234
1476	8993
5347	10112
695	3725
344892	390084
6233	89910
5330	60675
6154	6203
3109	3113
5739	5746
2919	2920
6461	10458
9604	83737
8451	55208
983	129401
3675	7057
553	3062
4853	27327
699	9928
2053	7311
6130	6175
6453	54874
8638	91543
6167	6202
5338	5579
1915	6138
2770	5599
3688	3915
79600	79867
1639	9493
1778	6709
3115	3127
6154	9349
6147	6230
11325	83443
6168	6169
6206	27340
1933	6157
7525	11099
87	7044
10403	55143
5725	8661
5529	51143
2150	5021
1783	10540
22918	79895
5795	6518
1400	56896
1786	7027
501	85007
6159	6189
6036	8635
659	23118
3422	4800
1660	3609
3887	3889
6130	6228
6233	51592
350	5267
3667	5580
6155	6223
10403	56992
54474	286887
1062	83540
6194	27340
4540	126328
1601	29924
6124	6161
2847	2918
5781	259230
4508	4541
6128	6209
891	8655
29078	126328
114	259285
6130	9349
79895	100049587
3693	7525
1302	169044
5861	11014
51096	57696
2048	8976
332	9833
324	2932
197	350
5435	5451
514	27089
1133	2796
1500	3728
6128	6133
7529	51552
6201	6235
2956	9126
9136	84946
6154	6206
1005	1009
83540	157313
123099	340485
9978	81559
9700	259266
2197	6222
344892	390066
521	29796
996	51088
7175	55746
1991	10394
25957	51747
462	51156
3678	5329
1783	11316
2935	6122
521	7381
51098	83658
6146	6194
9025	9656
6135	6206
10576	10693
3181	5430
6206	6208
9436	9437
6138	6165
4539	4541
6161	6203
22848	26130
3914	3918
23160	64318
151246	348995
5594	5781
6147	6156
6194	6204
5528	57405
4696	4718
23283	55749
3304	3320
4707	4724
4736	9045
6621	79035
3915	59277
5725	23435
10193	53339
3071	7409
2641	113091
3854	9119
3112	114876
4736	6133
6154	6235
9887	51065
6133	6229
3978	7874
51343	142689
10112	23095
6122	6160
6207	6224
6173	6222
1856	7314
6161	6205
2197	23049
8295	79595
10959	22872
3491	7184
6135	6157
4176	4998
3512	57050
846	10022
6128	6159
8243	9700
8729	9570
2064	54206
5930	23295
2033	10498
4670	10594
2266	3026
5707	6386
4535	4536
6128	6152
5566	5970
79172	113130
9837	11169
5903	23332
335	3698
6700	353133
9782	10949
4085	79682
2197	6159
25929	57122
3091	8453
3192	23283
10489	197131
6383	10082
9724	27042
6167	9887
6139	6210
6182	51081
9847	23265
6206	23521
3458	3586
2243	51156
6218	6224
8976	23149
1605	3912
10952	140801
79865	340205
462	2243
1933	6205
6206	140801
6427	7307
29093	118487
302	10383
6201	6234
57082	348995
10199	84128
9984	10482
999	3728
3352	5540
1084	23601
3107	6672
10484	11196
6161	6181
3675	3685
8886	23160
915	3127
1460	23397
4867	91147
7042	83706
705	83732
2719	3698
6224	6727
51088	84261
24147	79633
329	7316
10426	55835
1511	4069
4539	4712
6233	25831
10272	84141
6869	64106
6135	6159
8729	9371
6229	6233
1499	283149
9039	10425
