553	3062
1004	1016
116	94235
6209	140801
6138	6227
6133	6135
6205	6229
3856	3866
7316	91445
4666	6137
51234	56851
6146	6206
727	259287
6128	6233
904	5431
6613	79902
2042	2044
2268	4301
891	1033
3106	10475
83597	135924
2034	84962
6189	6202
6165	6173
6233	8945
83540	259266
988	10574
6156	6228
7316	10552
6745	23471
3913	5954
1302	1306
830	5048
54677	83752
6374	27198
54778	84231
1994	10498
6194	6209
102	1495
25909	57122
6175	23521
4035	5159
1933	6227
6234	23521
6144	6161
51645	57819
6132	7311
6122	6136
391	394
138803	344892
3320	10787
29763	54874
197	462
6426	6432
10890	51552
6154	6155
2207	199675
3611	6790
6233	51592
6636	6637
9700	23122
3055	6503
1902	63940
5082	10574
345	4036
5684	5687
6155	11224
5781	7525
5880	7454
6167	6233
10236	11193
2788	2863
5000	7311
4992	344892
1062	10112
55252	55777
3062	64106
54620	84231
3181	5725
2695	2784
6122	6207
64928	219927
4709	51079
6154	6201
3185	3192
4700	4708
890	55165
8453	9320
6210	6222
9354	84085
23291	26091
5438	27258
1340	1347
1605	55624
399	1894
4725	29796
10663	56923
9295	10250
7421	11198
6118	10459
6152	6235
6788	60485
5872	23265
6387	50837
57545	121441
9188	84172
9793	23279
1495	8394
6130	6234
9801	64965
2740	5746
1933	7178
6135	6230
6175	6230
6601	6605
6138	51187
6155	6203
3683	10857
5266	6707
1605	5829
4519	4540
3915	10130
3685	5795
1829	2125
5566	23332
5718	6790
6194	23521
5795	9522
6181	6208
10112	10540
6130	10399
6176	7311
11137	51388
1551	1555
6233	56254
23524	51639
393	11015
6143	6158
6160	6173
338	5948
4953	51686
3512	100423062
3690	3791
5528	79172
2197	6133
2197	3921
6631	27258
64963	64976
3921	9136
251	137797
6134	6202
6176	23521
8544	10787
3921	6136
1121	5869
6160	6223
701	9793
51264	65003
6156	8667
6130	6133
11176	64426
2359	94235
2048	3055
830	6711
6128	6218
3434	5610
4172	4175
6169	6235
7298	10403
6169	140801
1314	9527
6124	6161
9601	10130
6157	6169
5347	9493
6147	6157
7175	10250
23511	55746
720	721
1230	83756
6222	53918
3838	4343
6122	6234
7283	22897
6224	6727
3912	54972
1088	338339
23014	56995
11014	55605
53354	60490
4540	374291
4734	83737
3105	6890
10189	79902
10413	60485
945	3903
7536	27316
1435	4924
2740	59350
81	7791
3192	11338
3688	375790
9604	23291
2072	7158
6635	6636
1642	79913
1350	7381
3685	7525
8969	8970
3921	6130
3669	4939
3635	3718
10552	100526693
1781	5861
1058	5528
54575	54600
3055	9844
8334	85236
6181	6232
10250	11338
5706	6790
6224	9887
5526	6249
1933	6155
2243	2266
6204	25873
3512	57050
4809	11325
6218	6222
871	1303
4736	6161
1445	5829
2800	4905
6160	11224
6827	51755
3304	9531
695	5777
1108	3094
286	6708
6430	27316
1915	6122
1981	6234
6156	6170
2197	6135
1660	3192
3909	4233
8673	10970
1717	6307
6147	6230
6206	7311
3054	4899
1810	26009
6233	83987
7375	8717
186	84539
6159	6202
2790	7204
116	5739
2946	2948
9277	51010
813	3491
6129	6189
6556	196527
1908	2865
3688	5829
6175	6210
9793	84131
6169	23049
2197	6152
2197	6139
2833	83756
8087	9444
695	3055
3122	3123
7994	9219
5872	53917
1933	6201
2916	346562
3105	5696
10970	338339
6249	81930
4988	84539
6157	6164
4541	91942
6755	339403
4715	4718
6137	6233
51098	83658
3112	114876
22905	51429
2788	55970
2623	2811
389	7204
4254	5777
6143	6201
6237	10235
1337	1347
2923	7184
566	4353
6890	6891
64318	79954
8365	653604
10640	23265
6169	6209
5451	23248
375	1314
4952	9562
6643	58533
6207	9045
50835	56923
988	5062
6207	6224
1241	56413
3646	26986
5731	94235
334	3915
6144	11224
6130	6161
84261	154881
6233	9341
2841	64805
50831	56923
11218	55746
2131	2817
8453	22954
6272	11319
7153	56992
3192	10921
3084	5781
1906	1956
6176	6201
6128	6207
5725	220988
10022	259292
11102	55127
22918	53831
7454	10787
9690	154881
156	301
6181	6227
1195	57396
6144	6157
4736	6205
6422	7474
5217	55740
114	1814
64928	64979
2358	53829
917	1759
5501	25936
8356	440689
4008	22954
90	659
64781	340485
1118	3417
6429	84950
1676	3836
2243	9715
9793	84902
1395	79924
6146	140801
5660	55970
8697	65264
10112	24137
1315	29127
5694	5695
1431	4191
1048	171169
6155	140801
4057	6709
11167	84141
1435	3490
2189	7517
2912	4852
1994	10949
6232	23521
64284	401409
6233	27327
5741	122876
974	1445
6169	6173
4738	5715
6500	142689
6208	23049
5589	23193
6194	6235
6230	6232
10959	50999
6346	83756
10236	10949
5155	83706
9700	10403
974	3635
830	29127
1855	81839
5693	10213
4710	4724
6165	6218
3178	6434
23275	23509
9870	26091
972	3127
1453	8945
6222	9349
2197	6160
9611	23097
6631	6635
22981	57545
6124	6133
5528	81930
399	26084
3013	8334
5928	192670
3619	51143
4736	5339
6135	6165
5179	283869
23279	55746
6132	6727
6139	6167
3191	9128
2792	388531
8688	54474
5528	23279
3916	5660
7514	23279
5725	10594
351	6370
8453	84085
8074	29106
1233	5473
2185	3685
991	64750
5862	10890
5529	6249
719	8895
680	64106
400	57511
2071	8450
4171	4172
1991	6709
336	2266
6203	6229
2993	2994
6230	23049
5441	6629
10902	54617
4695	4725
4069	8635
996	51088
9277	51118
6168	11224
966	79090
6147	6193
6154	9349
2770	55970
6428	7307
6189	6232
7756	64149
51503	84844
108	283869
2922	4923
6124	6139
4173	81620
3921	6201
3920	55754
55127	79954
6181	51187
6709	51014
521	29796
6635	11157
11235	25843
6144	6209
6432	6632
174	51156
6170	140801
3017	8349
595	891
2036	57669
10155	90233
55014	126003
7412	388646
4839	6156
10293	200845
8329	317772
6155	6201
1435	3371
3190	27316
1783	24137
6500	10920
10274	10403
3320	57545
3187	55696
4033	5547
22897	653784
3113	7535
891	1062
9585	29127
29974	403314
2064	6233
727	50838
100	4907
5584	56288
5880	7409
388962	654483
6144	6181
2956	6117
377	830
6194	9349
1793	9844
3157	4598
1022	55840
5984	23649
2635	5371
5330	60675
6155	6168
1349	10975
26284	64965
3635	5579
699	6241
8349	653604
5170	7249
64963	92399
28959	55365
1058	9833
6168	6228
51023	51649
5435	5439
338	2153
3882	8687
3655	3688
5869	10254
1477	24148
23658	27316
2054	8673
196883	285601
5330	55970
23122	57551
7272	10733
813	6790
462	2243
6224	25873
5048	151246
2833	6346
7311	84133
4540	4694
51388	84916
4125	5657
6147	6223
10523	11100
5438	51503
2776	27334
6233	221937
1281	4060
5694	7979
11245	55970
1347	1350
3921	6189
391	55843
3921	6160
5054	7424
9752	56141
10841	200895
2064	3320
24137	81930
3376	4677
10403	55143
4999	23595
25978	51652
121504	126961
5094	9416
1398	3320
23601	160364
1781	10112
1129	4852
1816	4160
6138	9045
55832	90293
6129	6193
84464	201254
6154	6235
6202	9349
6147	6164
163	1601
6206	6233
25879	56902
26118	51088
2197	9045
183	846
3181	10594
8729	9276
90025	91694
6434	220988
6203	6207
4867	80184
3687	22918
9867	53339
4694	4701
1857	27130
9611	23118
3836	3838
6142	6230
10254	51652
2318	54751
3619	9793
6144	6204
1129	4543
3122	7535
6207	7178
6173	6208
1161	5887
4712	4724
991	151246
3007	3024
25897	55175
1660	5725
9276	57410
26263	92912
5571	8655
4343	27327
6170	6202
174	3827
4519	4539
23160	25885
6194	6204
6133	6202
6207	6218
372	1315
2768	2790
1946	1969
6205	25873
6176	51187
3181	220988
6231	25873
26268	57531
6169	6181
1398	6461
114	259285
2888	5584
6125	6202
996	4734
3190	10657
394	11015
353139	353142
1956	54206
4040	8322
6161	7178
2769	5335
867	5290
7525	9844
26224	283807
56995	84085
11127	29127
7311	23521
6194	27340
2865	6863
1639	10112
6921	55284
3866	144501
983	29127
5660	326624
966	11322
8881	63891
4171	5426
5879	10458
9045	11224
2803	90196
6233	9045
7272	64151
1050	7124
1956	55914
3854	9119
102	813
3921	25873
87	6714
2132	2817
892	9477
6142	6234
25909	55746
3111	3119
8661	728689
719	945
6157	6207
1965	1973
2623	3674
51079	126328
945	100049587
6135	6204
2864	9002
109	2358
695	5336
9493	55165
1398	3685
2207	3903
1793	7525
10236	10291
316	4837
187	94235
3313	5903
833	4677
6157	6229
1062	6232
2353	2354
1969	6714
6144	6164
1314	8729
1938	6142
5699	23198
2222	6721
1121	51715
8329	653604
9716	10921
4701	7388
6206	6232
1933	6128
51728	79622
2865	6288
259	3698
4694	27089
891	9183
5433	55197
3071	5829
9978	285231
5335	10920
940	50943
6206	6228
2185	3320
6205	6209
8329	8341
6836	29927
2519	11098
6159	6168
6202	9045
302	383
595	4609
7204	8976
3937	7454
3903	79895
7532	653784
4298	6830
23122	23279
3852	3868
8683	10569
54998	64979
5660	7852
9604	83737
55055	151246
983	7272
6235	11224
7204	10316
2305	5518
9585	10112
5652	6692
131873	256076
5717	10575
6161	6167
351	5340
5879	100423062
8976	51429
8615	10959
988	5985
23279	57551
10849	25885
6206	6218
6206	6227
5111	10535
1933	6230
6175	6194
10523	11338
6138	6164
54821	81930
64106	347148
830	51014
10926	63967
8648	9282
988	10592
6124	6158
26190	140459
6709	6711
7415	23526
6133	6169
10772	10949
1107	23186
351	63940
1453	6235
26146	28981
4694	4713
1000	56975
6161	6223
6137	6223
163	8027
6133	6224
55143	57405
9557	57804
6518	84329
5693	5705
161	6233
57545	80184
27229	55755
11338	84271
9021	140462
1291	10491
3309	10130
7058	9507
991	5347
6147	6156
1880	57413
5747	8976
8356	653604
1937	6189
6181	140801
9491	200734
6138	6167
25831	57154
83540	220134
11190	203068
6135	6229
3913	10970
6181	6204
1660	51692
3850	3860
5869	8411
6144	6193
11190	121441
6173	7311
4713	4715
5566	57787
3921	6133
6139	6144
7520	79840
3192	5093
8453	9820
27125	79577
5862	57403
6790	55165
53981	348995
6138	6193
3123	55824
84962	126374
11275	283807
6234	9349
6232	7178
399	257106
5861	10484
1551	1576
121504	653604
833	2617
6138	6141
8351	121504
6144	11340
521	4694
6164	7458
5516	151246
7153	23397
830	9371
10342	10427
1660	1994
1911	23028
699	3619
5861	10540
5868	57403
377	1781
6632	11157
6741	9533
3184	6427
5739	94235
1453	10121
5707	10213
8945	90293
6189	6229
864	64750
6672	10475
988	8243
142	56655
3832	51203
6144	9349
51639	84844
4712	4713
3191	9987
9636	11274
26043	51122
6233	51132
1956	2064
6170	9349
6194	6223
23291	197131
3717	4352
2914	3350
6133	6155
81697	344892
640	974
9662	10733
1933	6124
5610	11274
6228	6235
966	9276
3688	7424
6132	6218
55166	57405
6135	7311
26224	84085
6500	9604
3685	3688
1660	51729
890	9787
3619	9700
6202	6227
11218	79084
5725	9128
5685	5705
6698	6707
3127	7535
2239	10082
9493	81930
1915	6147
335	4036
9533	112495
1933	4736
1329	1350
8698	55970
5119	51652
22984	26155
140460	197131
3945	4200
1660	3609
6136	6218
4436	23028
55720	84172
2935	6164
3672	3688
378	830
2177	2178
29093	92259
4288	26586
3199	8338
399	9411
6185	57171
285093	390191
3915	375790
6628	55110
2197	6224
6135	6171
7089	83439
8969	85236
6233	55252
10907	51690
28998	29093
1937	6133
4734	23291
4736	6155
1453	80097
183	259287
7514	55055
8976	10552
8347	8969
988	51692
1294	2157
891	29127
6176	6181
7409	10787
6122	6206
4116	6636
394	7204
50865	64805
6158	51386
6176	7178
2521	27316
6428	6434
51021	84545
89910	115290
10652	11014
6136	6181
5869	8976
8237	10574
5880	94134
2185	375790
6147	9349
4738	59286
57530	100506658
3178	8175
10594	11100
6132	6169
2735	79809
1453	6227
6207	11224
5199	6709
4116	6173
639	3662
1058	151246
65993	124995
3609	10236
722	725
6218	6235
4067	5788
3191	23435
2033	26523
5411	51747
6262	11069
6181	6218
163	51429
2153	2244
9133	10403
3725	4208
64750	65264
3357	4829
6637	55505
2958	79035
6385	10755
645836	100287238
55901	170692
4116	6637
25885	27340
100	51816
6159	6218
6165	6228
5460	55211
2197	6189
8290	121504
689	6160
8334	440689
56902	84916
1910	3827
551	6846
6125	6142
2932	6790
10201	87178
6631	6636
399	23526
6167	11224
4735	4867
10540	29127
3320	10383
990	10592
6161	11224
5311	9727
521	522
963	8514
10489	197131
3339	6385
6176	6207
8192	9361
332	9793
1398	3055
916	50852
9329	10621
1306	50509
10970	11001
6514	6927
824	3688
6227	6229
6208	6233
6430	22938
4736	6189
6161	6205
3071	7456
8450	51122
6201	6204
3017	8969
3921	6164
3192	55749
6176	6204
51465	140739
79895	199675
378	51014
983	26005
5879	94134
527	10159
6136	6170
377	11014
1969	7525
8295	79595
6138	7311
566	8635
8720	51360
1994	9879
1121	22930
8945	143279
6233	90678
6181	6207
514	4724
6209	9349
6173	6202
5093	10236
7004	25937
2099	6198
6181	6229
6207	7311
1944	1945
3178	7536
6168	6193
5433	10285
9416	10949
187	6370
2125	3728
6181	23521
57332	84733
4540	25915
3320	84962
2597	7167
9320	51132
10213	143471
800	5829
6138	6218
6152	6157
335	2266
6138	6203
10959	51014
6143	6194
51676	65264
54908	79172
4116	6167
10714	80010
11004	51512
988	23435
64151	83540
1350	29796
1933	6210
6193	6231
2147	2159
8568	51096
6203	6208
6168	6170
701	56992
7516	348654
399	7984
1942	1969
28998	57129
7862	54815
57154	57674
3685	326624
2923	3309
6137	6230
6233	55008
11103	56902
10992	27339
8351	8363
156	351
1946	5294
6133	6234
4584	9245
57545	79867
778	779
920	2533
90293	143279
1536	5023
4069	5199
6429	10946
6128	6142
3836	10971
7175	23511
1116	10394
3491	7184
90480	116541
2177	11073
1315	9371
6142	6210
5528	55143
1327	1337
5347	24137
338	4547
1069	10426
11190	22974
6124	6224
23586	29761
6144	7178
60	10093
5694	5715
6754	50837
2064	7525
197	3827
6233	6868
5336	79837
5714	5718
3799	24137
6144	6176
2935	6232
197	3481
7311	23607
6152	6167
6159	23521
53831	441864
345	350
6168	6189
4712	29796
6167	25873
945	3685
6790	9833
6144	6165
3897	284217
6223	55127
2197	9349
3178	10523
6122	6141
3191	79869
6157	6160
102	160364
4677	8565
10949	23658
6209	6727
4509	4537
6142	6202
1116	5004
50616	116379
6144	6167
1387	3064
9411	29984
5747	7454
6138	6229
3921	6175
4738	28991
2935	23049
10749	51014
6124	6232
6137	6208
1991	5657
6128	6167
1452	5515
2788	5368
3091	5707
5599	6272
5528	5702
2932	5711
1062	23095
10890	11021
6155	6218
2071	5887
886	3061
1665	9128
50838	259293
2801	8615
6176	9349
3054	81887
23295	140460
930	933
6188	6189
6122	6155
2695	122876
2242	3320
3688	3914
274	11252
11218	25929
3486	84141
6128	6133
11222	57129
10484	79090
2132	6385
3308	9631
6201	6210
56670	94235
6139	25873
7110	10466
9341	22836
5529	7514
4717	29796
6194	25873
1314	26286
9793	57551
2799	6386
9037	23275
3921	9045
830	11014
688	5468
4542	4646
1650	3920
6208	6234
1337	1340
6210	9887
7003	25937
990	9700
117	594857
3002	5551
954	158067
3183	7919
391	80728
3094	57649
3921	6152
6209	11224
567	3140
4853	10046
1445	9564
64426	79595
1232	338442
8243	23047
3394	6688
127544	154881
6189	6194
84366	360205
259287	259293
891	10592
1291	10536
22954	57542
833	3376
5518	6222
3838	22974
3133	10475
2918	10563
187	5473
7454	9322
11339	79172
5439	84844
26190	51122
102	1499
6168	6209
23517	134430
4670	11338
891	5515
5870	8766
3683	5795
58191	63940
1894	9493
2222	4598
1121	6764
1813	4283
6204	23049
5868	10096
5879	6249
3660	5696
83551	319100
3054	9739
389	393
2873	8607
6128	6171
2683	84061
5443	6370
6222	9887
776	51764
55339	84271
5898	10890
891	8697
2782	26086
57153	199675
151648	348995
6203	6223
4686	10302
81285	285093
6130	23521
9276	9632
399	4952
2935	25873
4700	4726
1894	259266
2197	55127
6176	6222
649	3339
6229	25873
7454	7456
6202	55176
4509	4535
2837	5331
2792	26338
1933	6205
2537	4599
2810	4486
6125	6139
905	79577
6205	6232
6233	22848
1445	2213
6241	51203
9371	64837
972	3123
9188	23560
351	78991
6159	9349
3725	3939
10885	27042
826	831
5867	5874
1983	6232
84541	122416
1738	4967
5829	7534
5753	6725
5725	10236
6218	6228
2537	10964
4734	23327
53637	63940
2683	5660
23160	84916
8189	10921
2222	4597
388	64333
1642	8607
26539	344892
4726	7388
1634	4314
5436	5438
857	1956
3672	3913
27	4690
4709	55967
3055	5829
23295	84231
2803	5870
1434	3837
7098	7311
2769	5330
6160	6188
7311	115548
5605	84292
6997	10637
6429	10250
2064	6714
6204	6228
1268	5368
6165	140801
5688	7979
6230	6235
8334	8347
6206	9349
5878	54885
4041	6422
8467	9188
1915	6175
746	100128731
6426	6428
9276	10112
29984	171177
7305	10870
3109	3127
5336	118788
4689	5880
1778	10577
6430	6432
7272	24137
8548	64746
657	9765
117177	121441
9493	54443
6164	6227
6154	7311
6175	6235
23223	79039
1634	4060
1365	1366
22905	29763
6147	6170
51429	54885
932	966
3913	51280
5706	11047
5708	6790
4173	23397
2803	7110
1500	84962
1499	128239
4174	7298
6141	6176
891	1781
545	6233
6155	6232
3718	6777
2079	6637
2792	26339
8742	51330
6182	55052
5928	57459
1794	3055
5562	5571
26123	79600
6209	25873
156	2863
6626	27316
2222	4047
6209	8562
4734	7316
23585	54741
4726	7381
29796	51079
1660	3185
6152	6175
6185	6194
336	3698
4829	5737
1956	5579
5880	8324
917	29993
4926	5116
6156	6208
6222	7311
6206	140801
7337	11275
6202	6204
7919	10236
4999	5000
1435	84141
6207	6235
11128	25885
3433	4599
1981	6137
2847	10563
6139	6222
11169	23649
6129	6130
915	29126
50832	54429
11017	85313
695	7409
26589	64963
6176	6210
2222	51478
6173	6229
4734	8453
2623	6886
160	6233
6923	23198
6194	9045
27125	55840
81930	83540
9648	10466
6747	60559
6228	9887
6610	7132
351	51280
1778	84902
6147	7178
9318	11275
3181	3190
6752	10563
9787	10403
51203	56992
11329	55233
6700	353132
5928	7343
996	9491
891	3838
126328	374291
9655	57542
1983	6205
821	10802
2197	9790
6169	6234
6143	6208
54960	79023
6144	6232
3071	10787
968	3916
23014	115290
9700	9793
57787	84902
2185	5579
1793	10787
7311	64750
3134	3660
1490	7003
6130	6175
983	4288
6165	25873
1915	10399
6165	6224
6156	6159
10540	22974
6428	6632
6152	6169
3655	3912
6169	6232
6233	126961
695	5293
11103	27340
1033	9232
3122	4261
1950	8322
23279	81930
6632	51690
23225	79833
2071	10920
5199	56729
6727	140801
4713	51079
6280	6283
1132	53637
3799	10749
6386	10487
3397	7057
259290	259294
1604	54732
6188	6204
1783	10540
3189	9987
9246	51191
1292	3672
10321	57554
886	887
4541	25915
2790	5579
4717	55967
6202	6203
5599	9479
6137	6206
813	2519
4712	55967
6137	23521
87	6385
6175	6203
3832	9700
4867	84902
3178	10949
87	7044
6133	140801
3437	10964
4735	121441
6208	6222
566	1511
1781	5516
1933	6130
50813	55884
1915	6159
111	799
7316	64326
1983	6133
1495	84962
4736	6227
6201	7311
5777	80184
6189	9045
5981	10051
3832	54892
5707	23526
6133	9045
6135	6143
50838	259295
57082	151648
890	983
134860	319100
9556	84833
6130	6194
6189	6223
2064	85440
891	51433
6202	6206
3202	3204
57678	256356
6223	6228
6129	6169
971	5336
10274	220134
1233	6370
6224	6227
1774	5199
3267	3949
7316	26986
25873	114987
5286	55361
1906	2863
9833	259266
5440	80349
2519	5476
6160	9349
7476	7477
813	3371
2071	5433
55008	57154
2847	2918
1230	55970
23327	79176
6232	7458
23332	57787
988	23595
6234	7178
1048	8434
1314	9276
23059	26146
2053	7311
23028	283248
1731	23157
80097	653784
2911	594857
1062	3799
6138	6234
6208	6727
2767	8477
890	11339
6158	6194
3921	6157
1933	6129
7538	9261
6209	114987
6208	9349
9616	150726
516	51287
5516	6249
1387	23097
23309	27327
57674	151636
6230	6233
3105	3134
2960	9412
6194	6205
1981	6146
84231	197131
909	915
1983	6234
3017	126961
57154	89910
6142	6206
5878	10254
1495	7082
3071	5747
4867	9657
6428	10236
813	10970
1063	24137
9039	10425
891	81930
1314	10802
3921	6222
28981	79659
10376	84617
5879	257106
2923	23193
917	5296
6228	6232
1783	8729
2147	3827
8243	10735
6059	8886
7311	23049
6204	6209
6170	6218
6204	6233
3688	3918
11218	23511
4548	10768
1601	6453
2242	3561
10574	22948
1337	1351
3170	3651
7057	7424
5430	27316
2186	9739
1173	5868
1936	6132
6128	6161
344892	390081
1008	1013
54998	118487
5797	25945
7175	55746
2691	5739
999	3691
1639	9493
988	10403
2147	4295
5929	6872
332	10615
6218	9887
6201	6234
1337	29796
79473	344892
338	350
1511	4332
6122	29997
567	3133
6232	81930
6176	6727
6233	151636
6141	6230
6233	80351
9276	10749
4508	4513
9276	22872
3071	7409
3849	319101
5111	7027
3921	4736
3185	10236
4695	4726
2242	3718
6232	7311
7874	56655
146	2922
9727	23265
440	2617
7082	25937
6165	6209
6157	6175
1956	3688
2935	6173
2151	6915
2206	5335
102	84141
705	23160
9493	11113
4298	23168
6385	7852
4509	4538
1783	6709
5493	6707
5870	7110
332	79172
1548	1553
26589	51069
6130	6167
2064	7311
1233	5196
7336	7341
1495	1942
1347	10632
6176	9045
3191	7536
81	5829
2521	10236
1191	10916
353137	353139
1282	1292
115290	126433
930	29760
5704	5714
3105	3135
84105	347732
51650	64976
846	56923
6688	8334
8449	27238
1665	3190
3192	10523
3135	3663
9666	65264
6129	6159
5196	56670
963	326624
966	11014
3886	8689
6167	55176
6139	23521
4116	6632
2965	9646
2535	55970
2792	2918
60	5879
23350	79869
2767	55970
6138	6173
152	11255
389	30851
9928	259266
1303	5352
4171	5422
4543	5173
4690	9448
54821	79172
23304	26268
1942	6714
5747	7456
6142	9349
6232	6233
8683	9785
6147	6210
6142	6233
604	29760
23	988
64682	90025
6128	6181
9475	9826
3921	6231
9330	53981
6147	9045
5157	7991
6160	6170
3093	27252
7409	27071
10920	150726
4735	11190
2967	9014
6228	9045
9787	22974
7311	25873
1763	348654
8581	27076
1544	169355
6207	27340
65264	143279
259287	339403
5707	10493
10097	50618
890	5933
10489	84231
4700	91942
3903	57153
5422	9126
1287	3685
6453	23149
6136	6235
51143	79172
6432	6636
5433	10772
1536	10857
29984	257106
1956	22905
6157	23049
6601	9031
6428	6432
857	64750
6139	7311
971	973
51099	79948
55876	94103
6135	6146
4712	91942
6160	6189
933	973
1783	22930
50835	259287
800	10398
3797	57539
1536	6518
1497	23729
51465	84541
6430	7919
2023	3939
3619	9972
4301	7082
90	4088
6207	6223
1915	3921
5711	8453
1880	3579
595	4602
2800	9827
6159	6235
1655	25804
6154	6223
10043	25798
7272	259266
57122	79172
1350	27089
9320	26190
3267	10254
3115	3119
7514	23244
10965	55825
10533	26091
6133	9349
5693	5695
10592	24137
6138	6189
23042	23420
1069	10383
1793	10458
4331	5436
972	3122
5684	8658
6208	55176
2695	7434
6170	6229
1857	5528
64151	157570
6234	25873
3178	4670
6146	6156
10193	80204
1956	54874
3912	84141
23028	57504
51143	57405
701	10733
7005	10413
1962	6233
399	9828
10959	22818
988	203068
23197	56729
6154	6218
8972	93432
23279	51692
6161	9349
10112	22974
6156	6224
9716	10250
5194	7311
6136	6203
1956	4837
4535	4536
6923	140458
4194	9099
3895	3915
22863	51422
1793	3071
6160	6164
3009	3024
2837	3358
332	991
5368	5660
112	8698
4538	4712
2033	5469
11128	55703
60	57591
28981	79989
7984	29984
10112	29127
3352	5540
1956	115548
9616	28991
2023	2597
3853	3860
4035	6385
3619	8243
8243	55746
2790	2837
6137	25873
6159	6194
4514	4535
6138	6224
6154	6228
6158	6160
1058	10112
5557	23595
7311	126961
7110	79571
1969	2268
6167	6201
6152	6209
5657	6036
988	5094
4725	4726
7311	25831
5430	11338
6167	6169
6136	6139
3133	5696
185	4988
10618	79571
890	1062
6152	9045
5339	6217
226	6678
391	94134
6141	6228
6147	6229
9967	23097
3836	22974
2935	6170
6205	6234
6233	9887
5981	57599
274	9322
5435	6633
54778	197131
677	56915
6147	6169
4297	6045
846	4829
4738	285231
6130	6158
2932	5526
6157	6230
4736	6125
3183	10949
6209	9887
4033	10970
5501	9700
6218	6224
640	1445
11339	54069
50831	339403
6154	6159
9341	22905
6168	6188
3055	3572
1407	7311
1434	7514
80346	390197
5347	9738
4171	4176
2200	401138
150468	259266
6667	25896
161	26130
5529	5699
7004	8463
6667	26512
570	54363
6207	23049
7272	10615
3675	3685
1299	50509
1969	2050
6167	6209
6161	6170
4709	10975
6122	6157
3887	3889
4670	10594
9416	23451
1829	64065
7337	55175
338	3827
9730	64682
23398	23517
3313	9093
9793	121441
4736	6232
521	4726
2817	6714
1282	5033
6241	55143
6139	6155
988	6599
5546	10262
51081	84545
5547	326624
10092	10109
6142	6218
3908	10319
5869	22905
6136	6233
6141	6158
5930	23295
5705	5706
5432	11051
351	10970
3799	9493
54716	153201
6142	6173
1439	5777
996	9320
89910	143279
3309	29927
6133	6143
25957	51747
332	5501
950	3482
3685	6850
2147	5020
6154	6170
5690	8742
8945	89910
5695	5700
6189	6217
10102	51021
5950	7276
2099	7031
2847	594857
6142	25873
6161	10399
22974	23332
8689	286887
1329	9551
1285	1286
3240	4069
2205	2206
1088	138050
1232	4986
6317	6318
10153	79954
988	10657
1854	7298
55142	203068
112	5368
6136	6231
9221	25885
83666	151636
7343	57459
988	27316
1956	8976
919	5788
2617	8565
1983	6223
6130	7311
6167	6208
5029	5724
5435	9978
1902	9002
6793	10857
5861	5868
5977	57492
1455	89780
1063	55746
7532	80097
6167	6173
6135	23521
2535	5599
3921	6168
9887	23381
1950	3671
5284	55004
472	5884
5529	5903
4125	6036
966	199675
9133	51203
904	5433
9341	115548
1366	4072
11073	84126
6602	6605
10432	27316
553	680
6222	6232
4736	6129
3852	3860
2207	3689
6218	6231
2150	2863
1062	7272
11187	64065
3356	94235
23310	64151
7004	10413
3685	3693
6193	6230
1478	3188
6158	9349
7272	9787
999	8907
6135	140801
2533	3937
522	539
9055	9928
156	5021
1088	2358
1639	24137
6228	25873
6141	6223
6631	6637
5878	8411
5684	5706
988	22803
26470	253982
10425	79876
64951	64976
6125	6158
51	6233
1910	84432
23327	51088
152	5580
8648	84498
516	10632
9126	54780
8924	10489
4853	6233
6122	6138
5720	5721
1650	6184
6189	6209
950	22905
6636	10465
797	7252
3191	27316
6141	6144
6161	6194
6233	11224
1432	6885
624	339403
1457	10592
996	65264
3683	196527
3071	10552
9739	55904
3482	22848
5861	11015
23521	56915
6135	6209
6144	6201
813	5954
6147	6228
3437	4599
890	4288
3113	3115
8453	55884
10236	10594
6708	6710
10285	55749
2801	10972
7311	55914
841	843
274	23149
7532	10142
4710	4718
3921	6206
11004	81930
5822	8568
6165	6201
9553	54998
1062	29127
6138	6235
5529	55055
1062	9493
2255	143282
4008	144699
5093	10523
148	2837
8515	22801
6455	23149
5725	7536
1121	79090
10102	84545
7316	22954
6122	6176
6152	6203
5435	5451
9320	10075
2695	10266
6134	6175
1500	5795
972	5641
472	84464
23601	79895
377	10112
6128	6138
988	79595
3918	375790
7324	79876
3351	346562
6428	6430
8925	54778
6133	6137
23521	51386
5885	286053
6161	6210
84549	84946
5663	84061
6747	84061
6229	27340
6137	6169
5528	51143
3113	3127
6133	6207
5695	5701
109	59340
64682	80204
10236	55339
1763	55388
5469	9968
6146	25873
553	6869
5747	7204
9320	25831
6632	57819
1778	24137
81537	259230
3190	3191
6155	6159
2788	3269
4343	6714
6130	6228
1839	5782
6202	51187
1983	23521
8463	25937
57381	57514
6233	84231
6203	6235
6130	6165
963	10970
640	5336
7311	54874
2207	8514
1291	1303
9126	23332
917	5795
8329	85236
3692	10969
9730	10293
56949	91603
3607	55252
10274	151648
1778	81930
54998	55052
1453	6223
963	6518
3909	10298
6169	6188
4332	6036
1983	6141
1289	7373
388	397
1515	3113
3895	5954
521	10975
3886	286887
998	22919
8976	54874
6169	6202
2938	2939
3015	79682
6059	55720
3127	4261
2962	54845
6139	6173
9439	23097
55	154664
4735	80184
10813	10885
1642	11091
3191	9716
1669	1991
9212	83903
51081	51649
1991	4125
9844	10787
3895	11167
51096	84128
9820	90293
399	64333
7311	55432
4171	5984
1857	5699
1457	7153
2625	5241
3092	9146
3912	10971
4867	121441
1557	1559
813	3569
8914	11169
8945	51684
6164	6205
6204	6235
7536	10181
5519	5781
64951	64960
5725	10432
6159	6223
1175	5878
890	7298
1088	6556
5196	11251
3320	10808
55884	150726
623	5737
251	23627
7311	440689
60488	116540
4543	5179
1909	2922
51510	51534
6950	10376
6144	6223
4734	9320
2305	22974
56929	79176
6138	10399
2692	2838
22974	23397
7032	7033
6169	6229
5518	6167
163	6233
932	2358
84541	140739
10403	26271
5048	121441
2286	5479
1022	5887
6201	9724
5433	8085
6156	6189
3920	6836
2773	29899
2147	2153
6188	6235
2767	5335
27248	79139
51429	115548
3915	51280
5476	10493
9820	56658
5706	51053
6160	6230
5365	8482
26190	57542
9903	221687
57082	348995
163	1173
8453	54165
6175	6229
1062	10403
1445	5577
6129	6233
988	8449
2788	64805
5196	94235
55142	440145
9927	10059
4927	50628
4736	6169
10155	10780
6193	23521
3882	8688
6181	6230
5707	84962
990	64151
1499	283149
3202	3203
1915	6138
10749	51479
9320	57154
990	55388
24148	51340
5879	50807
54069	79172
6168	6181
3685	10970
22919	79172
4701	374291
10022	259287
5708	84962
6136	6173
6049	26224
4709	9551
6154	6189
5829	7430
1778	4735
3921	9349
7184	51280
8945	115290
6233	55669
377	10540
2033	10847
5711	7311
5093	51692
6434	27339
4702	27089
2784	2792
3886	8688
7514	79172
8189	51639
9493	10121
1063	3619
54908	151246
6202	6205
6155	23049
3491	11167
932	57153
3912	6714
6156	6167
5714	8697
2792	2911
1601	10618
6160	6224
1665	23350
3619	24137
3689	5023
4736	6158
6155	6227
4208	6929
4763	7311
6132	6168
10075	84231
4172	7298
3635	3667
6167	6727
4707	4724
945	5023
389	399
3434	4940
1659	9343
4519	4541
6137	6222
891	2801
22984	79707
29933	55970
1290	10536
8826	128239
23160	51602
3184	9716
904	79577
10484	56681
6165	6170
55601	91543
1933	9349
10594	23450
627	5599
3685	4240
6228	23521
10427	10484
54552	55720
6141	6205
640	973
2491	54821
3655	7057
3691	4233
3882	286887
6122	6158
111	9283
10403	51203
6709	56729
2918	6752
5034	5479
1277	4060
7317	51343
6122	6222
9879	58517
4172	10036
4709	29796
7329	197370
2491	81930
1856	27130
399	9743
26190	54165
8600	50964
3911	3918
2197	6169
3664	11074
64976	64979
6631	57819
4734	64750
727	51289
9014	25885
4709	4724
335	462
2185	5747
113	259285
2790	7852
10890	51715
1033	9787
8945	9820
3857	3868
9870	57542
5781	10818
9276	64837
6601	8289
54443	55165
2841	63940
6142	6152
9076	100506658
5571	60673
1605	29954
5528	9793
1781	2801
344892	390061
388	4650
6207	6227
10802	22872
6827	80349
7381	29796
9968	10499
6176	6208
3685	3903
4867	80321
301	27334
3183	6432
7852	8698
5695	5706
6168	6234
4540	4701
28973	55168
1994	3190
6453	10552
6233	23112
570	1962
6233	9927
8514	79895
963	966
7204	10800
3921	6208
5473	11251
2913	84539
29927	100526842
6193	6206
6176	6218
6132	23049
6136	6232
5328	10396
2801	11014
904	27125
6154	6161
3191	4670
1173	5878
4171	7298
6233	23586
5021	5332
1601	9341
11274	23586
4436	51434
5199	10394
1084	2358
8829	10512
56919	57647
6147	6218
5699	11059
9276	9371
6453	29763
8570	11052
6193	6232
6164	6189
5747	9844
5347	9918
10540	22930
6209	6227
4734	9604
11314	196527
26091	57154
10232	154064
377	24137
1292	3688
5861	10749
27316	220988
6201	6233
9675	57521
23291	79176
5707	51330
2099	5241
3183	6434
3921	6147
10575	10693
1933	6137
51118	80135
3490	6696
5879	10788
2150	5021
6205	51187
3918	9459
919	3123
6233	6714
51289	259293
3354	9283
521	55028
6139	6230
4322	7373
4700	9551
5347	22974
23142	26190
3437	55601
1994	5725
6135	6224
2153	51156
6235	9887
6210	6218
988	24137
5290	5970
344892	390066
6133	6223
7531	10383
4174	10036
10403	23310
5426	9126
6498	64750
6453	22905
10193	10489
1001	3728
10920	26263
79600	91147
6167	6194
140453	192134
10540	121441
64114	196527
1241	1902
344892	390063
4172	9700
6222	23521
6628	22827
6173	6224
51068	117246
3304	6233
57539	79659
84962	121441
26190	55236
6159	6175
1307	169044
1781	11015
79867	91147
3109	3123
111	10268
2204	160364
6218	27340
1536	653361
7175	51692
6152	11224
1956	3655
6135	6189
3685	80781
5878	11252
9978	158506
6160	6234
10484	11196
6133	6154
6233	84133
1287	1288
127247	131405
393	399
2847	4985
5443	53831
2962	80004
23244	23279
6128	6156
3881	54474
6209	6234
65264	89910
2932	5714
26146	79659
5715	7314
3157	4047
6159	25873
1500	3801
6144	6175
9436	259197
23112	27327
140881	245911
10121	10844
991	51088
871	10491
905	25896
9371	10749
813	10130
9382	10905
10133	81631
5700	5702
56667	140453
6207	6209
11322	55754
7516	11073
29127	55165
6208	7311
51289	259287
2222	2224
11224	23049
9320	10489
996	115290
6233	8334
6160	6169
51023	116541
212	2038
79659	92104
9690	221687
2788	5294
3312	6804
3339	3912
155	796
3688	9564
3430	8638
50813	84727
6217	6232
699	10592
10236	23435
60	2597
8607	54881
6227	6235
6139	6224
81797	344892
5094	10236
8337	653604
54539	55967
324	2932
6205	6206
9700	57082
8349	8969
3688	3693
1794	5880
1605	3915
5438	6633
3221	3222
6136	11224
2064	2886
7337	54778
56165	91646
1839	3976
3822	8302
57082	113130
1962	7311
988	29127
10970	54972
1665	10885
6188	6228
23332	57122
3689	3903
23354	132320
6202	10399
226	7057
1173	5962
4543	6751
2491	5903
9716	23350
1116	1669
6155	6165
388	55160
2064	2065
6125	6129
3190	9128
3214	3215
4905	9527
999	4072
7321	23198
3309	7184
10576	55970
1453	6210
6122	6147
1398	10787
6128	6209
1894	29127
1487	5928
6152	6188
3192	5094
4736	6164
6169	6227
9265	27128
9844	10458
351	54972
3860	196374
10920	55884
7041	7414
6171	25873
54881	65083
4736	9045
6667	23248
846	50835
6202	6218
6635	83443
6233	9690
4588	56667
6729	23471
4735	23332
6207	6222
23295	54620
6363	6752
3635	5286
26190	65264
6137	6170
6625	8189
552	2847
6147	6160
1660	3191
1084	23601
983	3833
6157	9045
5741	10266
26589	51649
383	4942
2091	6217
23160	27042
5437	23524
5519	10274
57551	81930
6205	11103
6164	6232
51514	64708
6663	27022
1350	4695
11157	51503
16	2617
1915	6230
5290	6667
6124	51187
6135	6167
5707	126374
10112	64837
11314	79895
6637	11157
1870	4208
2358	338339
197	2153
6160	6194
9040	10517
6202	6232
1500	7082
6173	6230
1088	23601
4599	4939
5604	8826
2935	6168
7178	10399
2790	5294
51023	122704
966	11314
196527	326624
138805	344892
7272	9700
4297	8085
857	858
5861	81562
6170	6188
595	896
5981	23244
991	6232
22803	27340
3921	6203
2792	6752
10121	26005
7328	57154
197	2266
5976	6167
5438	9978
9493	22974
5469	9967
6159	6201
84617	84790
7311	27327
4171	4173
9655	9903
6157	23521
6165	9887
6272	79158
514	521
6500	7320
6122	6169
950	4952
6619	10623
51465	51676
4694	4724
7096	10333
10552	22905
6169	6171
1783	9493
6872	81887
5516	5707
3913	4233
3178	6430
7311	143279
6233	9732
6152	6171
1857	2932
4886	4889
6204	6229
6135	6157
10112	83461
2207	5335
5829	6385
6218	6234
3017	8337
1063	25909
5879	9181
1500	4233
3046	3048
27258	51639
1394	1816
4713	29796
1824	5493
53829	57413
1398	9046
3184	220988
920	29988
6461	9844
6205	6207
6130	9349
6152	6164
1495	4233
5298	8394
5431	9879
1665	1994
23063	23122
28998	51264
3312	9128
8945	80204
567	3106
5880	80728
973	974
3481	3827
6152	6234
5829	6461
6133	6175
5001	10926
6222	6235
1406	4901
10952	90701
84154	84549
6137	6139
5558	23595
3913	10298
950	5286
9820	26268
5529	54821
10014	57459
1398	7409
9972	51692
10574	10576
779	10369
2268	6774
3355	5179
9793	57122
1956	7039
4543	4852
6136	53918
472	4361
6160	6235
285093	390190
3913	375790
1174	10016
1460	23397
5869	7316
392188	645402
6227	55127
6159	6193
5518	6164
6230	25873
51592	64682
830	57511
80155	80218
1113	6855
3659	10475
5080	8338
57630	83737
338	2243
10621	11128
6128	6129
4599	10379
26523	192669
6161	6234
1639	10121
163	8301
2848	285601
302	23197
10155	80110
51715	57403
6774	7525
6227	6230
5516	5717
1717	3157
643834	643847
1601	8976
1783	11014
6164	6175
6122	6168
6189	6204
6169	9349
389	57449
10489	25831
6836	22820
6129	6173
699	1062
6122	25873
51650	54998
7919	8106
25827	115290
4343	84441
2768	2783
5328	5329
9790	27340
8687	54474
6139	6229
4736	6173
2787	10803
3660	10475
9918	10592
7337	9320
6130	6160
6169	6210
2203	5213
9820	23304
1656	80153
4528	28973
6206	6224
23590	56997
799	10268
1894	54443
6129	9349
6168	6231
8317	84515
4050	5716
6164	55176
6141	25873
4535	4538
8189	23524
6152	6231
1291	8985
2177	2189
2358	2767
9739	27327
1350	10632
3685	6714
3301	10808
393	5879
1956	5328
6455	7525
2642	4922
1136	1137
963	5023
6637	51639
50838	259292
6156	9349
8843	338442
6128	6155
8085	9757
5796	6233
10970	222487
6138	9349
11190	55142
11222	56945
6635	51639
8775	10618
3797	29127
9136	84946
8301	10096
6208	6227
6165	6223
2920	55970
5868	23011
2159	2266
4172	4678
6122	23521
3978	4171
1650	6203
186	4988
3362	53831
4539	4712
977	5339
7525	9564
10857	64386
8412	9564
6234	27340
80224	374291
6167	10952
6130	6169
6139	6147
23291	56995
643	1269
1490	25937
1329	1340
351	3913
10022	259293
8969	440689
6137	6158
11014	29127
6159	6164
6625	51593
5094	5725
1103	162466
3797	26146
6159	6173
1288	340267
5347	9793
10713	23451
6137	6143
3683	3695
6137	6147
142	5981
1495	1499
6133	6146
6135	6208
990	51343
6158	9045
6176	6232
5930	80204
1601	8322
5547	25798
4700	4724
23279	79172
6202	6209
1915	6205
9133	10733
891	7314
6147	23521
29127	81930
8976	55971
4999	5558
2305	10112
6202	6224
329	51330
4853	9253
1536	8655
6125	6206
6210	6228
6164	6203
846	339403
23112	84441
521	4724
51373	64951
3619	29127
7311	8453
10342	81562
6194	6232
3728	5493
4736	6233
695	7305
2864	27334
705	84154
5869	51715
3920	5660
25	10163
29927	58477
7335	8453
3320	7415
5345	7076
966	64386
3111	3127
58506	130074
3062	6869
1786	7027
6233	27340
6128	6232
3119	3127
6160	7178
8655	10540
4736	6137
51143	348995
9276	23095
6142	10399
6165	6229
5094	10285
6233	65264
8131	64121
1783	81930
25885	83743
6229	23049
51023	118487
6173	6203
8189	10523
3664	23650
636	23299
8334	8969
4738	6635
2521	10921
4736	6188
2197	6129
5708	7415
6830	22916
6147	6231
6923	285231
4353	56729
9014	57504
10274	57551
336	3827
6168	6203
8365	85236
10175	26984
6517	84246
7316	11001
9666	89910
1857	6233
1910	2147
6129	6204
5627	10461
6159	6206
2491	5048
6218	6229
1063	81930
3071	7454
2178	6118
26270	93611
301	9002
5747	10458
5878	51715
1981	1982
6170	23049
9133	57082
6189	6230
4709	4725
7536	220988
2912	5733
3833	9212
3797	10749
5335	7305
6636	84844
6189	6203
54148	64928
2957	51808
6125	6222
3675	3688
58	5879
6194	6230
1062	1894
9984	79869
7317	9820
27327	84441
3698	51156
1500	7525
6144	6203
22905	115548
3486	3569
221	5328
988	4173
55781	84135
3797	79989
84296	84515
9824	10112
10489	55832
6169	6175
6700	353133
6122	6124
1111	4361
4670	10657
6233	9101
2359	56670
5984	7298
344892	390083
5713	5715
7037	54885
8767	23118
2177	7398
2912	5179
185	2642
6152	6159
26091	57542
988	6602
1659	9716
6128	6147
6128	6229
6144	6155
9416	55660
1387	10498
3918	5829
4697	55967
56923	259293
153	796
6122	7311
55720	57647
160364	199675
51676	115290
6136	6201
5928	10013
701	221150
2521	6434
6210	7311
3833	10615
1232	8843
3376	8565
2043	2050
27334	55970
9045	25873
4717	84833
7321	65264
6147	6168
8568	22984
156	2121
3071	10458
6157	6235
4512	4536
2305	5347
990	9156
6194	6228
8243	9126
6136	6165
1315	9382
4541	374291
6625	11100
336	4547
51118	84946
6165	11224
2801	10427
6714	10413
1287	8974
6124	6189
2788	2864
6122	6133
3725	4088
64951	64983
5315	7167
143279	154214
5438	83443
887	4295
197	338
635	29958
4116	6165
4690	10152
6161	6206
6208	55127
27161	192669
1398	5829
388	389
2965	8731
1462	6696
23223	79711
8452	26091
8729	10945
4707	4717
6187	10557
4694	7388
6139	6168
6155	6202
11014	11015
3017	8351
6181	9349
6272	9500
1793	6461
3837	348995
4519	4536
5438	5440
2537	3434
1938	23521
657	64750
5777	10630
2792	122876
7704	142689
6143	7311
1280	84570
5829	7525
3725	4772
351	7042
4707	4713
2801	9276
79867	80184
899	51343
55143	220134
6137	6161
1832	3728
6202	6233
5879	7454
1173	29763
1981	6218
9672	64131
6137	9349
3832	10121
8925	53339
2358	23601
6138	6188
974	5788
108	50837
6205	6233
9875	27340
3301	10963
60	1072
10552	23149
389	7409
1303	5351
988	60682
9972	23279
6870	56923
9354	89910
7316	10920
153571	153572
23582	25949
5318	5493
6169	7311
4609	7022
399	85360
5173	6751
527	3920
1062	9793
1453	6222
6152	6222
1991	10394
973	2213
6141	23521
996	64750
1337	388753
1058	9133
2966	728340
5339	6133
3122	26191
6130	6141
55850	113220
6701	6704
6158	6228
1793	7409
6228	6233
257313	387129
6193	6223
9133	83461
302	10577
1161	7518
6152	6208
5878	7037
950	9341
57154	151636
1129	3355
3689	79895
2153	3481
4172	4998
3796	5519
6169	6231
60560	80155
54625	83666
6924	79577
2920	3569
26249	55521
7184	7466
6130	6147
3055	5788
3109	3111
3796	10274
2207	100049587
5718	8453
6135	6141
6144	6234
3837	3838
6167	6207
7525	10298
6201	6206
4714	54539
5196	5473
5433	6426
6207	6230
5339	6164
25897	27252
5347	81930
10575	10728
6170	6222
4033	5660
1933	6164
5878	10890
6160	9887
197	336
8334	8337
3579	57413
867	10097
102	5954
5714	6790
5426	8914
8581	10232
3921	11224
6173	11224
6169	9045
6993	8655
6138	6176
6167	6176
6160	9045
641	4439
6202	6210
5660	84061
51289	339403
6633	25929
89122	154881
6146	6147
4171	6749
1595	51478
79339	344892
6193	6233
10403	220134
6167	6232
857	3688
81	7057
3113	10346
1956	284119
4736	6194
4957	55755
2194	6319
6631	11157
1937	6222
6165	6227
4085	79682
6154	6204
174	3698
1287	3688
10236	10250
10236	22826
6442	6444
4670	5725
4173	8914
2197	6157
930	5336
9350	56963
344892	390064
2932	5708
57105	94233
920	5286
7454	8976
5739	5746
6205	7311
3491	11098
6207	51202
10803	64805
332	1062
1453	10427
9128	10594
10193	197131
4670	5094
1778	57545
54617	57634
6144	6194
4726	27089
6133	7178
3422	6721
963	196527
111	51764
6194	6218
51510	51652
905	27125
3675	375790
9700	113130
3113	3123
6141	6159
9738	10733
3040	3048
890	10460
6152	6227
6235	27042
2832	3827
1778	121441
5516	5718
5430	81556
3434	10561
9126	23279
7311	9666
3912	4233
2817	6385
6461	7409
221	5329
5347	10592
5093	5094
1081	7252
1499	2064
6142	6227
6203	6218
2262	2719
3192	51692
1477	6431
6168	6227
115650	143471
3683	3685
302	79026
1981	6139
6154	6231
537	10159
26589	29093
2107	6173
6129	6147
5879	5898
7421	10036
3685	64386
6233	26091
4700	4713
4088	64750
1241	2863
26232	55527
1603	100128731
8243	10274
6185	7184
23322	121441
3903	10857
7328	51444
55110	57703
3178	3183
1088	160364
6169	6176
29796	54539
6170	6189
6203	23049
1676	3837
6147	6224
4514	4519
6152	6232
6161	25873
7514	9793
332	1063
6165	6167
7852	9564
6124	6141
1942	2268
4288	10051
1595	4597
27198	338442
983	11130
6176	6234
2197	6154
4519	4538
2912	4889
9363	9367
23020	27316
57187	65109
27042	55153
1639	22930
1327	1329
973	29760
988	9879
5439	6119
10970	64386
57129	65003
1956	5796
226	5315
51317	57649
2932	5516
6189	6193
776	786
672	84464
1062	57551
26235	158506
6139	6204
6181	23049
88	4620
55143	57082
6189	6207
5930	140460
3133	3134
991	55355
4713	55967
1043	2350
2537	3437
7337	51132
1994	10285
6143	6222
301	55970
10013	57649
4707	51079
39	3157
991	9055
8907	10053
4736	6234
23495	115650
1063	7153
2811	2814
3105	3659
9133	113130
8568	57696
6137	6157
9553	51649
521	7381
26043	54165
1462	8542
3799	9585
4116	140801
9341	51542
659	9765
3921	6122
3833	56992
999	3918
3361	4283
10890	23011
3191	51692
705	23560
4670	10523
6167	6230
3361	3627
6224	9045
8337	8365
285	7010
4775	5534
10652	51014
705	83732
6130	6181
9320	55236
23291	89910
5290	259230
6156	6230
8607	11091
1387	5469
64928	118487
161	5286
6135	6147
1315	23095
197	51156
10250	23636
2197	6207
1642	56852
6430	8175
1557	1576
4172	11073
1991	6036
23350	55749
9793	23332
317	835
521	4700
57542	144699
10733	79959
3619	5528
4985	10563
9837	11169
6133	6208
4035	375790
1781	6249
6923	51755
3921	6165
367	8349
7316	7328
6146	6160
4952	22905
6279	6283
55008	151636
53829	59340
388	117289
23291	83737
4867	8655
332	22974
1277	7373
2811	2815
6170	6209
10112	23095
4670	11052
9870	22954
6432	6628
1994	51692
3833	9700
10274	55055
5516	5523
5880	84144
55003	55299
1650	84061
8648	96764
5698	6890
388	399
51	55825
1062	4751
6189	6224
6181	6189
3184	51692
721	3426
5432	6205
1605	3672
5294	55970
6201	6228
5516	5520
4707	4712
8805	27044
3685	3915
7158	7311
6208	9887
3579	8766
6130	6202
2740	5739
6128	6231
6157	6161
122042	285601
4540	4713
5829	10787
5869	6233
6455	7316
130340	152503
1994	10492
6159	6224
1173	24137
891	54908
2767	5330
3619	23511
6122	6129
988	23397
81930	259266
6158	6175
6203	23521
226	5230
3267	5868
846	3357
1915	6222
5903	9126
6233	23291
2359	11251
3017	6688
991	10726
54069	79682
353139	353145
462	2159
6135	6156
1981	6175
6139	11224
1843	3304
2197	6175
6132	6176
81696	344892
2491	6249
9564	9844
2033	8243
3181	10713
5706	5714
988	5725
1108	2033
3214	3217
695	8976
3832	5422
2817	6382
10153	84128
6156	9045
6133	6229
9551	29796
6201	140801
5707	7316
6129	6164
81930	151246
3183	5094
351	1241
2521	3185
988	3326
3356	5731
9742	57560
6146	6167
8916	9039
4793	5714
6427	220988
10250	79869
967	3916
3921	6233
6137	6201
988	51362
112	643
90293	221687
5688	5695
50506	90527
1749	1750
472	84142
6129	6201
7478	7484
1783	10112
22954	55236
55055	81930
8341	8970
1639	1783
50835	259293
336	4036
2683	2720
9320	51088
1292	10536
55166	387103
3178	6428
3191	10949
6208	6232
116	2740
57129	219927
928	3655
4298	9646
1605	5747
6124	6203
6122	6137
5557	54962
1933	6209
6175	6227
23586	54476
6616	8673
112	3579
4538	4541
6234	140801
1783	3799
58	60
6154	25873
5435	55718
6157	6173
6227	6234
6135	6207
2683	54918
1022	4005
4713	4725
996	6790
10324	51666
3156	4597
5439	51755
3937	7305
5868	8301
3113	4261
6133	6170
56729	126014
10491	10536
891	4751
274	6453
4116	6218
1981	6208
258	9210
7311	57530
1277	8974
2967	79577
4049	4050
10663	259293
6208	27340
161	8650
6233	154214
5880	91614
330	637
643	26086
10959	100302736
5829	55742
4867	57545
6143	6161
5597	5718
4111	158511
1062	3619
58505	200185
4715	10476
344892	390067
3109	3115
6130	6203
6122	6181
122876	594857
51129	85441
6453	8976
6201	9349
5788	7852
2243	2244
966	3683
5335	10818
23332	91147
1650	58477
6385	7057
8976	10787
9585	24137
5286	8976
23107	65993
119678	344892
2147	2266
2733	23511
64981	116541
3683	3688
53905	90527
1610	4843
6144	140801
3673	3909
2185	7525
4116	84844
420	58530
1650	6836
6170	6203
6776	26228
2801	5862
6130	6135
1981	6154
3579	729230
23049	25873
4724	4726
9318	79754
1499	5795
6135	6222
51088	144699
389	57522
5693	5707
27237	29984
6385	375790
6175	6233
3832	3833
6229	9349
1362	9698
9551	84833
2625	3169
1781	9493
6224	9349
4641	9371
4839	25885
8667	26986
1524	6370
6158	6222
338	2262
28998	118487
5519	6801
6132	6170
6167	23049
1445	6714
9126	25936
1062	10592
988	51645
6139	6175
3681	8515
6714	7525
161	24137
11325	83443
6205	8562
3434	10964
6170	6230
9372	25930
3006	8337
1783	2491
25885	55703
6129	6168
8491	10746
2524	2525
10885	84172
8886	84172
6647	11315
79600	121441
9439	9967
3192	27316
5879	64333
9700	57122
1933	6138
1933	6152
10905	23193
26019	51121
4541	4712
3672	3696
2521	6421
351	11167
26290	140453
10975	126328
23586	55601
2064	5747
5985	8914
9126	9700
5868	22848
4288	9700
4627	5898
2817	5673
2491	6232
9055	11113
1237	2917
23160	84172
6189	11103
5931	10664
10000	55970
1499	23291
932	222487
9295	22794
377	3799
3559	3560
6160	6201
5430	55215
4736	7311
10262	27238
7003	7005
388	221472
1062	5516
259290	259292
3667	5580
4904	10946
6167	6210
6159	11224
4867	23322
54939	55294
617	10469
2266	2719
916	940
2788	9002
55755	261734
8976	10458
6747	23471
932	199675
6383	284217
6176	6233
3685	5023
4724	4728
3799	55605
6142	6209
1268	10803
2524	10331
6636	8683
6426	23517
6418	10592
6170	6171
8688	121391
1500	51474
2064	5336
5644	6690
7472	7482
7178	7311
1902	2767
55720	84916
1605	3913
22984	57696
868	200845
8843	50834
6147	6175
5427	9768
5439	80349
6136	140801
1783	5861
9493	29127
6189	6206
2197	6203
4686	9128
3838	6790
9276	51014
3837	22974
5700	5705
8365	333932
1665	5725
2033	5929
8729	9371
26268	56658
3884	3885
1910	6863
8514	57153
10250	27316
57405	79682
1129	4889
904	905
522	4713
9585	10749
6429	22826
25942	51317
109	53829
336	462
5829	7852
6181	6209
6150	116541
1783	6249
1495	128239
3433	91543
2967	9015
4172	5422
7189	55626
3222	3223
5599	6714
1453	6218
65264	115290
3843	55705
4798	79913
9295	84950
27340	55720
3685	3912
963	84329
3191	10523
2071	9015
5868	9341
274	51429
11190	22919
9716	10236
1933	6160
4666	11224
25926	84128
6165	6188
6234	8666
3837	7175
595	6776
1933	6165
2491	57551
6132	140801
2935	6133
993	1111
3797	92104
4641	11127
23020	220988
1398	10818
23322	57545
1060	57082
57674	65264
1994	10291
6146	6164
3071	9564
6169	6201
1894	10112
6143	6189
6125	6128
10972	51128
627	2247
10959	26286
6453	7311
3913	5747
383	8993
3913	54972
2692	2843
6154	6203
54069	64946
10112	54443
23511	51692
6456	9892
996	5699
6167	9887
3482	5868
514	4694
3973	4160
6204	9349
6130	6189
1315	23303
25873	55176
1471	7184
1894	5880
830	6709
2033	9739
23404	54881
6218	9349
6137	6155
9320	84085
4736	6235
5711	7321
6142	6169
6209	6218
4809	5435
8301	9322
2197	6229
6135	6233
9757	26523
2965	6749
6206	27340
9002	55970
9493	23046
6124	6156
8175	10181
6170	6181
5438	85437
10693	63971
1933	6144
2695	2792
23397	56992
966	2207
10413	25937
55829	58515
3055	9564
3681	22801
23160	84128
6159	10399
389	29127
6201	6224
6714	375790
1325	2847
51676	64750
783	27091
6790	10383
6223	8562
1277	1289
8301	10618
6135	6218
81	9564
26091	26190
329	7316
1738	4191
377	29127
9276	10652
4323	4811
3105	3107
6171	6231
6156	140801
2322	6688
2519	3074
3797	28981
5699	8945
5265	7040
6122	6189
6137	6160
219965	285093
1915	6228
26525	84639
6337	7311
4710	4713
5230	7167
350	2266
6194	6222
6154	6175
6161	6173
4976	55669
9690	84231
5878	9341
2197	6208
23774	57459
637	3002
4702	4710
7857	54757
6233	55366
8243	23279
4852	283869
10155	284309
1069	4867
3912	7184
1949	2045
1655	11325
1662	9136
6164	6230
160	26130
23511	50628
6128	6189
9133	23397
8945	10075
1902	2185
378	22818
1605	5879
6142	6181
51676	55819
2792	138883
6168	9887
5693	5700
1120	5130
6135	6139
5930	54620
1234	4544
9277	80135
4538	4539
6233	8322
4701	51079
991	11004
25	5893
6128	6227
5048	5515
1660	5094
1668	1669
4584	4588
988	55183
9700	348995
401505	100188893
3912	51280
699	83540
6201	6231
6224	23049
8976	9341
727	846
996	57542
3915	59277
7536	10949
6133	6222
2848	196883
1398	3071
6157	6222
1337	9167
6157	6209
6155	6173
9877	23279
1080	4036
6210	6233
5928	57649
4734	26091
701	51203
6122	6233
84648	353145
1133	8477
6129	6170
79172	348995
53981	85313
4508	4512
5725	9343
3190	9716
2792	5145
3481	5005
10952	140801
4519	4537
6129	6222
3355	4543
1499	4233
1292	55214
4708	55967
6171	6228
6135	6176
351	64805
3354	51764
3594	7297
1728	3162
9833	22974
7311	23586
29984	445328
6160	6168
4008	55236
6230	9045
117	2792
10885	23160
4947	5716
4711	84833
25879	84294
6168	6207
397	398
3932	7525
6160	7311
1387	8648
5869	10890
4678	83879
10914	79869
8945	55031
8688	8689
6235	27340
1937	6228
5869	10552
6129	6235
126006	729230
1879	5079
6136	6222
6139	6158
6707	126638
8334	79019
4172	6118
4637	103910
6830	79577
991	83461
6223	6233
1476	10394
1660	9128
6161	6171
3799	11127
4352	5335
6338	6340
6228	6230
56165	136991
1646	8644
6164	6223
3559	8651
5870	57511
3148	8971
23526	51816
9133	11065
7272	22974
6185	6729
1981	6135
683	338339
5684	5688
3921	6194
4088	5594
9055	29127
2243	5345
3190	10236
56624	259230
9126	9793
4584	192134
9787	55872
1915	6144
680	846
919	3122
5439	6637
2002	6722
350	2147
6632	6636
338	462
988	5394
3619	51203
51079	54539
6161	6235
6139	6189
831	3688
966	326624
9725	84443
1500	1956
5829	9564
6237	7525
9787	55165
2994	6005
10540	91147
1933	6135
9787	24137
6147	10399
140458	285231
7175	23279
4297	23309
1739	5290
3115	3123
10484	81562
7456	8976
65055	138883
891	9833
9790	55127
6204	6232
7469	9656
10112	64151
3200	5438
6152	6154
400	25839
2209	6688
6204	9045
671	5657
6135	6205
3359	9177
114	2492
6128	6193
5290	9208
6157	6205
11338	23511
1577	54576
6210	140801
1291	5033
9371	23095
6228	11224
6134	6154
10285	10713
6175	7178
6167	6234
4599	8638
6181	6201
2444	84766
6203	6230
302	5707
56923	259287
146	148
6227	114987
26235	90025
2197	6156
7311	10818
974	5336
64981	116540
23304	57531
6156	6229
8729	9570
5928	9112
6142	6159
8924	23030
6128	6164
10681	338557
9039	136371
11339	79682
57678	253558
6193	7311
6125	6133
6222	6230
3105	3660
4713	9551
22974	259266
1062	5347
350	5267
6164	25873
8573	57669
6157	6202
6141	6194
891	55165
5660	63940
51585	79869
29760	118788
26046	26268
6279	6280
2962	8175
29889	51154
945	2207
3688	3913
988	7919
9282	84498
1994	3191
1950	2277
2197	6142
6158	23521
9969	10499
2691	59350
514	4726
10618	51246
6142	6157
3013	8351
990	84515
1329	1347
4952	54874
1994	10250
6233	9320
1062	10274
1495	3801
3675	7057
6217	84916
6772	6774
566	5657
4172	4176
5119	27183
9276	10959
6130	6230
6173	6206
1398	11184
5898	5899
22984	64318
6233	7158
3921	6209
6142	6147
27089	84833
3921	6227
2597	5315
5688	5701
6154	6176
9553	51264
3184	3190
51264	51649
6155	6210
6189	6228
399	7409
9724	27042
5970	23118
9416	51729
3932	29760
3178	220988
3191	10921
1660	55749
1453	6205
3685	10857
6158	6230
3619	3832
3434	23586
5954	10130
1230	2833
885	3061
10285	23451
3915	5621
3683	10970
22848	26130
3109	3119
813	3912
4361	10714
10403	64151
3433	8638
1991	4332
2036	116986
3192	51729
488	4853
6241	9700
6426	100526737
2197	7178
55131	84128
8477	9002
197	3698
3843	10527
1933	6141
7311	23032
51593	64859
3640	53831
5977	8289
6133	6194
10592	157570
1981	6223
6427	6432
6155	6234
5747	10298
841	1281
1781	51014
80328	116372
890	5347
3949	5868
8453	115290
8615	10802
1915	6161
9883	11218
9833	29127
1063	2305
1670	1671
25831	80204
5469	80205
332	54821
595	5708
5529	79172
846	10022
4830	4831
6201	6218
7314	10920
127385	344892
9031	221830
23291	57154
3048	4778
6233	90293
2935	6209
2197	6209
5832	118813
5828	5830
10427	126003
4144	4548
6223	6230
6233	6235
5529	57551
336	2262
988	79869
9133	51512
6790	7283
6136	6157
55055	348995
983	10733
7321	79176
1329	10975
116	4914
102	3915
5868	5869
9666	143279
3437	4938
3191	10492
3672	3915
9378	54413
3635	4233
335	5948
5093	10594
8514	10970
988	10576
8450	10401
3912	5747
1453	6207
26005	80184
6772	83666
3827	5345
6224	6234
1347	27089
344892	390326
5983	8451
6142	6161
5339	6194
3054	6872
9322	9341
3921	6223
5516	5903
6241	64151
5347	6232
6430	220988
9631	9972
6141	6203
6430	6434
6132	6227
695	3725
3797	10112
2804	64746
4862	5054
6159	6204
6237	10371
1956	5782
10189	29107
1063	54821
6631	84844
1954	23295
5436	7936
6130	6201
552	6866
6208	25873
8636	11258
4088	5054
3091	5594
6157	7178
5430	9611
7337	26046
4712	4726
9126	23122
4701	10975
6223	9045
6175	6204
595	6777
160	1213
4670	10949
5903	22919
6164	9045
5439	6621
4125	8635
344892	390079
7862	9219
6602	55193
301	2790
1308	3691
6599	6602
1387	8289
3837	7514
5954	7184
400	90196
4670	10291
6155	6204
6159	6169
4599	91543
8349	440689
23291	65264
6136	6152
10592	11169
5426	5427
6159	6167
9793	11004
2317	54751
6181	11224
6309	6713
6205	6230
10735	57551
7003	7004
4495	4496
1576	2326
6142	6189
6602	9031
9295	9410
1499	5819
2107	6176
6156	6164
4718	5284
4538	4540
6159	6210
10970	79895
8945	285231
999	1500
6194	6217
23279	53981
9276	10121
6130	6138
6233	23049
9025	9656
4829	56923
1994	9716
203068	440145
919	942
3689	199675
5685	5688
23332	25936
164	10618
23279	23332
10199	56902
399	117289
4736	11224
3174	6927
920	1234
10890	10971
5476	5834
1302	50509
2071	5985
9739	23067
890	10733
7057	83706
8816	79269
23327	115290
6202	6228
3856	3875
3190	11100
5435	23524
5432	23379
56670	59340
6161	51187
2033	4089
6203	6209
9967	10432
6137	6175
1783	54821
1500	4646
4940	9636
3190	3192
7184	10970
4297	51230
6159	6230
387	7094
890	26271
5880	27237
5071	23352
2892	2903
1478	9128
6207	6233
3619	113130
102	6233
1933	6194
87	3688
3015	10284
6146	6203
6125	6135
9020	51330
7514	23332
2033	25885
6176	6209
1452	6500
6135	6227
26524	84962
54820	57787
1022	6929
8329	8347
6164	6218
4707	4709
1778	4867
3859	125115
1536	3685
4074	6456
7456	10787
6605	55193
84128	84946
4717	4718
8243	10051
1880	196883
23304	23376
1642	5931
1062	9276
1933	23521
2168	3158
6122	6223
212	2623
5981	56655
1116	1991
7316	83752
28977	54516
2220	5648
9183	10403
1208	5406
9493	10112
3880	144501
6155	6207
50835	50838
5861	10972
6173	6223
6227	140801
79895	160364
1576	1577
23279	23511
4085	55166
8329	440689
891	9493
6626	10523
4713	4717
4726	9551
6122	6205
4904	22826
6181	6205
9886	221472
3619	10735
6124	6169
5747	10787
5331	222545
2798	10886
3267	22848
6637	51690
4171	81620
6154	6234
1937	6175
4512	4538
2790	27334
9212	83461
3915	5829
6154	6165
79954	84916
6426	10250
890	7272
6168	6202
6155	6209
10693	11328
1453	6232
79895	100049587
5432	84962
10618	26130
6628	220988
5005	7276
1364	24146
6208	6209
27241	166379
351	7466
643	50865
3921	6139
1453	6202
4173	5983
54908	55055
9156	84126
6185	29927
400	60592
1329	4713
2521	6626
2186	23067
2935	6235
6773	10379
3687	8514
6155	6235
6156	6209
2131	6385
91	92
1983	6176
1579	8529
11236	79139
5441	5901
1000	1012
6517	9968
10250	84950
3673	3688
4736	6223
1956	3912
10155	201514
1471	5034
2533	7408
351	5660
6129	6135
9978	81559
6205	51386
2847	6752
2197	6164
3178	6294
1062	151246
2841	8698
4237	4239
5501	57551
153	6344
831	5747
10155	79943
2976	11128
6133	23049
332	9700
6426	27316
4638	4659
4588	192134
22826	57819
6155	6167
6208	6235
9341	10552
5108	22832
6135	6231
6288	6357
11253	23193
7398	10714
2784	3763
10376	10693
988	6596
394	9138
6158	6233
10713	53981
1994	27316
3576	6347
8086	84271
6672	79097
29089	197342
4233	9564
6737	79754
6133	6159
5725	51692
6168	6233
6128	6159
5528	23047
274	9341
3437	23586
6173	6235
1129	5733
3921	6232
8453	55832
2033	81857
29796	55967
6138	6208
6737	283807
5516	10213
6133	6217
4332	4353
22826	85313
163	54874
813	1462
5747	23209
23160	64318
64219	65264
1793	6714
3491	5954
6173	6233
6139	6164
9320	26268
8945	26268
6144	6189
6132	6204
6134	6228
374	2069
6222	23049
1933	6142
5880	64333
6605	9031
4736	6128
5438	84844
3848	162605
55832	80204
6137	6167
701	57082
6205	27340
988	10236
6176	6230
6144	6152
80184	91147
259290	259293
7311	11059
388	10144
5711	6233
5887	7415
7200	84634
6152	10952
6139	6141
3683	6518
5048	5516
6156	6176
6168	6222
84154	84365
26589	51264
4707	54539
8886	79954
377	11015
5695	10213
2521	5094
11004	22974
4176	5982
9787	11339
23112	80012
64979	116540
6206	7178
6125	6136
6137	6204
84231	90678
4670	6421
7175	57122
3350	4988
1555	54600
6176	25873
6709	7430
81	5868
6170	7311
6122	6130
988	9126
5781	259230
5869	25977
27077	57545
6175	6189
27	10486
26005	84902
2975	9329
1398	6714
5869	57403
1981	6235
1763	10714
2634	3659
2863	9002
1387	10499
6160	6228
4736	6170
4928	7514
6233	26130
8881	26224
640	1969
7919	348995
1981	6160
5869	9341
4539	374291
10274	81930
22919	54821
29093	51023
6201	6222
5393	51010
6165	6207
84676	140456
26046	140461
1781	10383
1453	6209
5590	7311
5094	9343
3594	149233
2197	6727
2790	2863
10857	10970
4853	6868
5430	9282
336	345
1347	4726
26005	26123
6139	6234
5501	23122
6164	6165
2207	5338
1329	4715
4254	7409
2814	2815
6143	6176
8313	10297
2776	5331
4725	27089
1816	104909134
11190	26005
22974	81610
942	7525
5707	8453
2185	9564
6130	6235
1956	3675
3690	5908
4736	6218
5528	8243
9793	57787
2918	4985
285093	391211
6218	23049
5529	23279
50838	56923
8945	55832
6135	6235
472	64421
6146	6228
2033	10498
11073	63967
79869	84248
4736	6204
1660	11338
8065	83737
891	5516
2197	6235
6122	6209
6737	146330
4541	4726
5201	84617
1398	9564
10527	55705
350	462
4240	51280
6168	6205
7325	7704
6138	6158
6129	6188
1783	2801
811	2923
92104	150737
6227	6232
11015	23046
4172	10714
6136	6204
3619	23279
3084	85440
335	3827
963	3685
1462	10618
7337	10193
2865	23620
1639	9371
1991	3240
8243	10592
2071	2967
2935	6207
6139	6161
8337	8349
6147	6233
6230	27340
6124	6143
1937	6128
1499	1969
5697	6376
3054	80335
28	2525
6147	6194
6124	6128
7311	8322
1956	9341
6201	6207
2099	6387
6160	6218
4695	4708
3171	6927
4736	6135
3190	10492
3836	7534
2817	7525
2197	6232
4536	4537
4288	51203
3185	10949
966	79895
6124	6175
501	85007
6160	6161
7514	25909
6129	6138
6207	25873
1908	23620
5903	7175
6132	6156
6144	6202
3185	51692
5725	10492
6222	6231
2491	5529
3655	4233
9793	203068
6203	6217
8689	9119
7466	51280
990	8697
3486	11098
9793	151648
6136	6159
991	1058
1340	27089
1536	84329
830	10282
3569	84141
3190	10432
6157	6159
846	259293
226	2821
4695	4707
1435	8542
23149	51429
1537	54539
1589	3290
4736	6138
87	7525
6443	8910
1062	9585
351	1269
5861	10890
9879	23517
6169	6170
2621	10272
6632	51503
84135	134430
1536	4689
11116	79959
2625	7031
27089	29796
1398	3937
6934	83439
6233	55670
1933	3921
695	5335
991	54908
6176	11224
6203	11103
3491	3685
10733	163786
23304	140460
7135	7431
6136	6207
4695	4700
65003	219927
55143	113130
3185	5094
5929	8945
1111	8317
185	186
5878	23011
5528	23332
7283	27175
6157	6232
5558	10926
1956	3084
3881	112802
10236	10946
23601	338339
51444	57531
6137	6159
10964	55601
10671	51143
246184	285231
11338	27316
6155	6170
2799	23197
5048	11190
2149	2151
8295	8945
6137	6228
4736	6208
56949	57794
6204	6224
3980	6119
26168	27043
60488	64963
6147	6159
87	78991
6222	6233
5868	26130
22984	23223
915	3559
6189	9732
10285	11017
8365	8970
6143	9349
2790	55970
5747	9475
8648	23097
9875	22984
10193	26118
5179	5733
5695	6500
6139	6157
353132	353133
3185	84991
6157	6188
4194	7316
5684	5685
5336	80271
1233	11251
10802	51128
6124	6129
9967	84498
6146	9349
351	29933
6217	27335
5710	51686
4171	4998
2934	51411
2491	7514
4641	10552
7272	10403
1108	25942
9604	22954
23332	80321
51122	54165
1991	6037
8334	8365
672	51755
5725	23020
1816	3973
11325	55749
5529	6232
7532	57521
10733	84131
506	3313
4736	6165
123016	129880
2197	6125
6223	6227
6147	6235
1994	55339
274	8976
3832	10733
4172	4173
2730	2937
8243	79172
3953	6774
419	390243
6206	23521
891	151246
8546	26258
3212	8338
10075	80204
11004	24137
10075	54926
9294	50865
23011	57403
1981	6233
8907	23396
988	9793
6122	6191
6231	9887
6129	6136
3913	3915
6230	6234
375	10959
8886	23560
5880	9138
2251	8823
2036	8573
344	26020
6137	6176
6139	6207
10919	29945
6155	6228
5023	10857
2537	10561
2071	6830
6631	51639
6125	6161
988	1654
3491	3912
64386	84329
6146	6202
6202	25873
4708	4709
4540	4712
3123	3127
1524	126006
3689	7305
23332	79172
6135	6137
1794	9844
10484	90411
322	333
25929	79084
3133	3659
2178	2189
6133	6232
6147	6232
4809	84844
885	2922
2914	4988
1385	1387
4701	4713
1994	11338
332	24137
7311	158506
3912	3913
1268	64805
3192	10236
4986	50834
6036	6037
79501	285093
10523	27316
5351	5352
2968	57804
1277	3685
1456	7534
120796	344892
6175	25873
10269	23463
8243	57082
388	23370
7311	23118
5266	5493
51676	140739
50865	63940
6155	6158
6229	9045
4512	4541
29074	64928
5422	10592
6139	6165
3978	5426
6142	6170
6143	25873
55055	79172
6165	6222
3691	3918
6164	6201
2962	57794
6129	6202
1062	83540
1983	6175
23112	192669
988	9631
5717	126374
7316	8864
3301	3303
4993	344892
1062	5526
6453	9322
2205	3702
108	6750
5023	10970
6207	6228
10181	10523
4620	4626
2023	5230
400	23041
5528	151648
1981	2197
54856	55870
26173	79034
6218	25873
4952	51429
5518	6228
3183	220988
6164	6228
2107	6137
6137	7311
126638	353135
6173	9349
2491	9793
7311	64219
983	51053
6152	6189
1793	8976
389	394
6125	6235
983	129401
24137	259266
6142	9045
5684	5695
1121	326624
6137	6154
351	8477
6809	9341
3437	6772
10193	54778
2358	57413
6167	6203
5330	8477
891	2491
5610	23118
6613	7421
10382	91147
2268	6714
5580	7525
928	113177
813	84141
6161	6203
1347	84833
5293	23533
5516	5598
6228	27340
4088	57154
27042	55127
752	5217
112	57413
29127	51014
3921	6144
1088	150372
2826	84539
1062	6249
6168	6169
6156	6188
514	27089
983	203068
9742	55112
6203	7311
6158	6159
10250	10291
3444	3451
680	3358
7311	154214
864	3683
3184	10181
3185	3190
51264	64928
643	1268
2099	54828
6160	6203
55839	79023
6207	9349
1956	2274
9341	10228
6426	9782
3827	4295
1824	1825
29093	219927
10969	29997
1062	6790
8356	121504
1431	1737
6621	79035
3267	8301
3181	3189
3921	200916
9354	23304
7124	8740
4713	9377
6146	6222
3309	10049
27242	85441
5529	5711
3543	7441
187	1233
6122	6128
10236	11338
8453	79699
1303	10491
1499	7409
4582	10331
570	7311
1453	4809
1956	3918
4295	5020
3491	54972
6164	6229
4535	4539
1511	1991
9294	64805
1302	1310
3797	23095
6159	51187
3827	5005
3190	51692
3842	54464
1364	137075
10663	259292
6164	6173
701	23047
117	2784
5516	5708
26268	64682
55249	55870
2073	4331
112	5660
1063	3832
7317	140459
4508	4509
1778	2801
6161	6229
6143	6232
5441	79035
6130	6137
3837	57122
3683	3903
728	5697
83597	403253
10749	11015
10949	220988
4008	57542
6128	6208
3827	5020
8365	126961
9318	54165
51692	55749
6217	27340
51650	64983
10733	203068
1783	25839
2861	56923
8453	9870
3921	6138
64946	147841
9320	84231
1069	9657
6133	6189
3091	84962
643	9294
87	7791
2204	199675
2648	5469
54474	286887
23327	89910
5034	5611
1861	27348
7852	55970
7328	23608
9972	23511
6136	7311
521	7388
1933	6218
25839	84342
1062	11004
10802	100302736
3688	91522
6128	9349
3978	4174
2968	6882
2963	11193
6635	9883
6132	11224
6122	6203
3688	83660
945	84418
1915	6124
990	3832
1453	23332
6176	6189
983	219771
3320	84131
6138	6232
6734	58477
7305	100049587
8337	121504
317772	440689
4057	57554
6218	6230
988	10640
1783	9371
6142	6207
9246	54778
4736	6230
720	3426
22919	22974
6500	55884
248	6975
9348	10082
6133	6167
4602	5432
6154	6169
7514	23122
2107	6234
4343	4853
1783	6232
566	1991
10199	79954
3240	5004
6143	6169
3560	8651
4724	29796
2517	2990
5903	57551
6790	11190
25929	57122
10403	57082
1601	6233
6125	6201
2967	9646
6161	6208
377	51014
5869	11021
9437	259197
7311	8945
4726	4728
1991	5199
4035	10082
1060	348995
10681	51083
6189	8562
7919	65109
4701	126328
55737	58533
259287	259292
10921	27316
671	4353
701	3619
6160	6207
6159	6189
7311	126433
2266	9715
8452	57154
6142	7311
6232	23049
6233	7311
102	5795
2962	4298
4509	4519
5817	6714
1462	9469
55003	84154
4696	4718
2048	7525
8322	22905
6164	6169
1667	1668
6168	25873
186	3350
7283	22974
6160	6176
6167	9349
6204	6208
11091	54881
3491	51280
5529	5781
3659	7706
3912	10272
1956	7311
5023	8514
6427	79902
2197	6194
6233	7178
3949	10552
2242	6237
332	81930
6218	55127
1605	84892
3355	6751
10274	51143
6164	6235
84418	100049587
10274	113130
2023	5315
5861	5878
9666	115290
6169	6207
6167	6222
9276	11070
680	2798
23279	25909
399	7204
3685	4035
6133	6218
29093	51264
5709	29882
9787	10112
1084	138050
1294	1295
26005	121441
5903	9631
6160	6227
1329	1351
9320	54778
5697	6750
51226	553115
2521	57794
2197	6222
3921	6167
2168	2169
6229	11103
332	55055
2912	3355
2099	9687
1943	2046
10552	10787
6788	26524
1315	10959
4854	5087
117	122876
56995	154881
834	114769
1290	1303
9787	54443
7979	139285
7871	8428
1314	8615
1601	8027
1290	1292
2162	3688
8175	10523
4172	55388
3761	3785
55165	259266
351	7852
80168	346606
8468	91646
1365	100506658
1778	5861
6363	6373
8351	8365
5318	11187
7320	7322
4508	4535
824	3932
6161	6176
351	3491
1129	6751
567	3660
6434	57794
9656	11073
10890	57403
2935	6229
6144	6227
2200	3678
187	11251
9439	9611
9382	9570
3915	5954
7520	55183
6185	84061
1314	22872
6147	6167
6157	6224
7415	56729
10552	29763
108	797
4724	91942
6128	7311
127247	148581
4512	4535
11224	25873
10489	51343
9570	10802
8337	8970
5868	5870
1063	22974
9787	29127
890	4999
1121	81846
6870	51764
6154	6229
5529	7311
8085	23067
5701	7316
6135	25873
1292	8974
1981	6168
6233	55777
1063	79172
1981	6206
9126	11130
3433	9636
4952	8976
6170	6233
4725	7381
6138	25873
3683	5023
2197	6233
6129	6152
996	25831
1500	5880
4708	27089
226	5768
6169	6223
2817	375790
51343	142689
7434	594857
10250	22794
974	2213
2817	3340
3921	6128
5869	8301
2155	2159
25942	57690
383	56729
5500	5516
6434	27316
10657	11052
6206	6230
57153	160364
904	51755
4717	4726
871	1287
3675	3912
10083	257629
6427	6434
10199	84946
1938	6122
10071	50614
10592	64151
3267	10618
932	338339
1293	1300
9585	81930
6209	6230
4736	6181
6147	6191
6144	6156
3998	22872
966	3903
6223	7311
9055	9133
701	10615
2975	11128
26046	84085
5872	8766
2623	10661
51143	113130
6202	6208
7311	92421
6158	25873
6453	8322
51	5194
6750	6754
9879	51362
4694	4712
5439	10980
9883	23511
6748	90701
9318	27252
1781	9657
6128	6206
886	2846
3921	6155
5202	10471
2122	8535
8337	8347
6175	6207
6667	6670
399	5879
6157	6203
6625	10236
6135	11224
23327	29082
6208	6223
462	51156
9636	10561
4125	6037
22974	24137
6138	6142
5660	64805
79861	81027
4998	5422
3678	5329
2207	11314
4436	7520
1794	5777
3303	10963
222487	338339
6869	64106
4829	10886
6175	6205
7536	9716
1969	5747
6164	7311
671	1116
10367	90550
1129	8322
6156	6175
2243	3481
6136	6155
830	1315
26494	344892
6129	6230
84231	140460
58508	84661
5695	51330
11127	64792
6130	6207
6161	6230
5048	7531
932	326624
2222	3422
57787	146057
701	9700
5880	9743
9183	64105
940	5879
6157	6223
28	2524
87	5768
55749	79869
6228	6234
6229	6232
6235	9045
8337	126961
3853	3868
637	4170
6426	10772
6152	6165
6158	6176
9126	113130
6164	6204
3685	160364
6429	9295
389	114793
6047	23291
24137	29127
9706	22863
1832	11187
6233	7098
29984	64333
1347	4713
6138	6165
6118	9557
9700	57551
4940	10612
3283	6718
2675	220164
6189	6233
5696	6890
3673	3912
6201	6209
9655	10489
6122	6144
3123	4261
6154	6210
1915	6204
6164	6222
963	64386
4736	6160
56923	339403
1783	54908
332	1058
4725	55967
27340	57647
79172	113130
344892	390084
6461	9564
6142	6222
6129	6165
9742	23059
84447	91319
6130	6144
1665	3191
5516	5714
51289	259292
6168	6223
8886	55127
3178	27316
6152	6218
377	10749
84648	353142
6224	6228
3685	5829
3429	8638
351	55970
11102	134430
1665	3192
6207	6232
1315	9570
999	1001
11004	64151
9551	9556
4584	50614
8175	56949
10885	54881
6139	6193
6208	6224
675	27030
6144	9045
4176	5422
1022	91603
1605	9459
2197	6170
9879	55660
226	2539
8886	64318
641	116028
6141	6147
6135	6136
344892	390275
4734	6047
4758	54472
6224	6232
10051	10592
6202	6234
6137	79707
6154	6168
9462	64926
1994	3609
6146	6218
6133	6205
3607	7528
8463	10413
6143	6157
9648	79571
84643	93661
5611	10525
6143	6147
2033	27327
274	1956
6233	158506
991	2305
4591	11059
6194	6224
6229	6234
4512	4514
8337	440689
9277	65083
516	26521
25873	140801
3903	11314
4236	10291
26716	344892
2935	6160
26155	84172
2913	4988
5599	9043
6223	9349
9276	10484
23304	64682
3304	3337
6122	6160
3107	10475
695	971
695	2207
3355	4889
8349	8365
6168	6175
7536	10236
140807	319101
22974	64151
6188	6217
11004	113130
1576	2327
3320	9844
377	1783
6142	6158
3183	6430
8453	56995
3017	8329
983	2491
8314	23512
7311	9349
118487	219927
6950	84617
1387	6667
29127	51143
684	4939
4734	65264
6144	7311
6124	6176
1933	6193
3909	3911
5048	81565
6387	57007
3133	6890
8106	29894
2519	7184
399	27237
5347	259266
377	1315
5518	6133
1741	22941
2048	25791
9972	348995
4985	6752
6152	6223
699	9824
3714	4854
55320	401541
932	10970
6203	6232
7456	10552
3833	24137
53905	405753
1856	5528
6136	6224
2033	25942
9156	51514
4116	6132
4067	6776
1471	2519
9320	26091
2214	2215
5970	23291
23020	51729
5781	6774
9493	259266
3978	5424
26531	344892
6125	6189
4641	5898
351	8698
115106	440145
7316	150726
2033	55904
2801	10959
29127	55872
55582	89953
8945	154214
6745	58477
1398	5747
3672	6709
6144	6224
6160	23049
9631	65250
2079	6428
7311	55366
6748	10952
8394	23533
55168	64928
6829	54623
6227	7311
9984	10482
84078	89890
55142	146057
6176	6203
9969	23389
1511	4353
6193	25873
680	6869
4712	51079
3093	6047
1310	169044
695	974
10102	28998
9133	81624
5332	55970
4597	4598
867	6654
372	9183
79867	84902
3655	5339
6152	6155
54885	152503
51433	246184
57545	91147
23244	57082
2848	122042
389	2064
6370	165140
393	29984
6146	6181
1048	80740
1121	26130
10900	284069
2798	56923
3799	81930
6125	6169
4148	10272
513	9377
26682	344892
5023	6518
10425	84085
6491	259266
8886	56902
8334	8970
6206	11224
4313	4325
2535	2790
11258	11316
64410	79791
6147	6155
7334	64320
54845	80004
57111	401409
636	22930
5519	5903
830	10466
10618	22848
3190	3609
6139	6142
4233	8976
9636	23586
6125	6208
5861	5869
2071	9014
7311	23600
4709	91942
861	6595
5296	10818
6164	6194
1857	55361
9883	51692
51649	64976
671	1669
6223	27340
328	10038
3836	3837
1287	55214
6599	55193
6184	6185
6169	6222
3882	8689
6194	6206
641	7316
489	4853
6159	6227
2197	6147
6124	6159
9320	197131
399	143872
6171	6234
283111	344892
6625	23524
2147	2243
6175	6208
7311	55670
23244	23332
6160	6165
1129	5173
9349	11224
6176	6202
9553	219927
84163	389524
2784	2847
796	797
10949	27316
6130	6191
7479	7484
6790	84962
4670	9343
3915	10298
9133	10615
6790	11065
2268	5783
967	5878
344	9672
10466	55275
3135	3821
4983	5880
6625	23450
5433	9879
8322	8324
6165	6176
6193	6203
11059	65264
7003	8463
1832	5493
2237	5111
6169	25873
1439	6776
112	7852
335	2262
4862	79365
10022	56923
53339	57531
1915	6130
1499	6714
8688	286887
7337	26190
55236	197131
6152	6173
6155	6176
6122	6194
890	10403
10749	24137
6189	23521
1509	124583
107	2775
6461	10787
1058	11339
25836	29072
2696	53831
6132	6224
55131	64318
3122	3127
988	58517
5861	51014
7305	23601
6159	6181
6223	6229
10256	54845
5425	6117
6161	6201
9700	23332
5516	51400
11098	51280
5896	5897
3309	9601
10291	27316
8451	55208
689	4666
6142	6155
80184	84962
3655	375790
1398	5781
5501	23332
1314	9632
6124	6230
6168	9349
6878	8295
1062	5529
6137	6141
972	3115
4697	4708
3214	3216
988	9533
26	10562
4508	4539
3312	8871
1356	54757
6455	10552
3998	6745
7316	54677
22984	25885
623	2861
4736	6222
4620	8735
6209	27340
4175	6118
5573	23209
6136	6169
22995	27229
10427	11196
4584	4586
3191	10432
6189	10399
570	6233
1058	79172
1908	6863
9738	203068
5657	8635
1347	9551
8175	84811
4700	29796
6714	10298
133	55970
6228	6229
3123	7535
11051	55660
5829	375790
55832	115290
6170	6223
10489	22888
3842	10527
4303	5901
5439	9978
8322	9341
2922	3061
10574	84617
3163	3725
10254	25977
4738	5688
3852	196374
1555	1576
3811	3821
378	11014
5696	5698
1287	80781
6714	10818
2197	7311
1062	1315
6230	55272
3075	3078
57542	65264
4736	6156
1462	84141
4535	4537
640	5079
399	9938
1445	7525
29074	51069
7314	64320
6159	6222
10155	25888
1937	6229
6233	54677
3565	3567
5689	5700
983	7321
6129	6175
6129	6133
6141	6202
3134	3659
5347	10112
50615	59067
79132	91543
8085	8945
701	9824
4709	27089
79470	344892
6678	7057
3437	8638
3799	10540
6872	83860
10592	54892
5338	9744
658	4093
9341	25977
23046	51014
4893	27006
6135	6158
6139	6169
991	9133
57521	389541
23627	137797
27327	80012
118487	128308
2058	4141
6133	6141
6202	11224
151648	220134
471	441024
7153	9688
22984	55127
6169	6204
3909	3918
6124	23521
197	5005
9553	64928
2740	94235
6170	10952
6233	22954
9700	79172
10885	25885
55703	84172
351	1524
9371	79989
112	1880
9184	57405
28987	51388
344892	390058
6128	6135
87	83706
5347	54908
6156	6207
23063	23244
1103	6572
1933	6224
9553	51650
51382	222487
3362	3640
2359	5196
134	6376
54874	115548
3912	4240
6156	6222
6194	53918
22872	100302736
1639	3326
4904	10465
6157	6233
10324	201456
5196	6370
6193	6218
1495	5770
3913	6714
1933	6202
2244	3827
6418	7514
3308	5903
5351	8985
335	2153
1308	3655
5591	9656
6637	23524
3619	54821
29984	54509
6142	6154
11103	22803
7311	79577
389	117289
1495	5868
81	226
9793	79172
3107	3134
2048	8976
2197	6168
23601	57153
6194	6233
727	10022
11176	51742
6210	6235
6128	6144
51071	126133
6205	23521
6152	6156
8976	115548
1994	9782
6152	6160
5516	5711
3192	4670
6129	10399
79865	340205
2846	4923
26589	64928
1499	5868
1398	1793
9879	51690
950	22848
2633	2634
6633	6637
9738	55755
5829	10458
2810	3691
4005	4602
6189	7311
2535	4919
1778	10112
7178	25873
6241	10403
1660	10523
6168	6194
374	2065
1822	23028
3350	84539
259	2266
10153	51602
4867	79600
3001	5551
6202	6229
5930	7334
5903	6633
11004	54820
904	25896
4508	4536
4736	6202
6135	6228
6139	6194
7311	11224
397	5880
6667	27327
9652	23517
6601	55193
6152	7311
9655	55884
23332	25909
6168	6176
9700	10592
26146	92104
6232	6235
6233	54778
353142	353145
8317	23649
6155	6189
5023	84329
1439	6850
6201	114987
6129	9045
6383	10082
8322	54874
2551	3054
5879	375790
1398	6850
5579	5583
8881	29945
3183	4670
920	3702
6135	6168
3106	5696
27229	54801
466	1386
3055	5747
4584	26290
23283	27316
8349	8970
7311	7321
6908	8812
4905	10905
51079	374291
4713	4724
55582	55614
10489	54778
1536	51382
9371	10112
3796	5515
7409	23533
118430	727897
6132	6209
1933	6168
116540	116541
7314	9134
6142	7178
51715	326624
1495	5795
84085	197131
1457	25942
891	5861
8723	51143
6139	6208
5194	6233
1303	10536
8322	8976
2790	10575
55970	63940
55066	57546
10197	64682
5590	50848
10403	348995
4509	4539
3685	84329
6160	6202
5795	6518
6122	10399
683	199675
1291	55214
57154	64750
472	5429
1453	126003
3673	4233
1937	6147
1495	1969
6228	140801
6157	6165
6143	6233
6194	6229
3937	5335
6129	6234
6128	6137
6434	8175
4734	26190
6143	6168
54821	55055
6128	6130
6155	6206
6165	6189
6152	8666
26043	55666
983	3832
2071	55677
7311	257397
567	3659
6218	7178
1499	2932
10285	53981
8349	317772
23223	64318
1453	3921
5822	10885
6202	7178
6229	6235
6161	6232
5708	5887
2033	8085
7317	22888
5529	7525
27316	84991
6130	6152
3889	3892
6143	23521
2799	5834
6204	7311
6231	9724
54751	83706
5501	9793
8301	9341
8976	147179
10616	51465
56902	79954
5701	7979
6233	25831
26338	65055
10436	51202
2804	9276
6124	6207
10121	79867
3914	3918
779	783
1911	57504
3422	4597
9790	54881
8453	26043
915	7535
3689	84418
219968	285093
1665	11338
79090	149111
2243	51156
2537	4940
5501	9126
6128	6139
5747	9564
10382	23332
659	23118
932	3903
133	2790
5868	11021
3683	7409
6227	6228
1453	6193
2064	5364
10458	10552
1291	8974
3066	6045
1665	4686
6202	6230
332	7514
2491	151246
6156	6169
10112	11113
2997	6233
4540	4541
29074	55168
6168	6206
50834	338442
24137	64837
1499	10971
940	8516
4969	11081
4174	5424
3183	6428
6169	6208
6605	29117
6133	6158
3113	3119
6122	6143
9320	144699
3685	3695
919	7535
156	8477
5868	10890
55755	146057
6161	9045
6707	147409
8477	55970
3187	7536
5985	83932
55759	84549
4713	10632
6154	6230
2125	5493
219954	285093
90025	158506
6167	6228
2843	151306
9801	23521
514	4700
5872	51715
6135	9045
6218	6727
5529	5718
1969	3055
891	7531
6204	6227
26146	55112
5868	7879
5861	51715
4736	6130
6181	25873
5707	7415
4734	115290
2197	6130
6147	6152
1236	5443
6124	6202
50831	51289
1630	137970
22938	220988
1476	8993
2788	10575
388	4983
6159	6207
81794	339366
5594	7533
4724	27089
1639	29127
2521	4670
92170	503542
6139	6156
79895	222487
47	2799
2810	3918
1508	1509
4904	84950
26190	54778
3685	5817
6168	6230
6548	11261
54663	84365
9700	10274
2185	6461
10427	55291
3157	3422
6130	6204
9739	26523
22888	51343
8329	8337
3675	3683
1650	55754
1515	3122
983	9631
6147	6227
4736	23521
8329	8349
3659	54739
6158	6193
5880	6453
6189	6234
1499	5708
5516	79172
6129	6155
6461	10458
3660	3662
7311	10252
87	5879
10592	22974
3683	3693
6138	6210
56902	84128
1778	5347
6129	6154
4173	9126
11176	23309
6203	9349
2957	5433
3866	3875
10283	23398
6128	6228
4508	4537
6130	6208
3619	11004
6232	140801
1398	9844
27292	55781
4736	6193
6125	6164
9183	79980
4793	5704
6233	23600
9918	54892
351	7184
1956	2059
51014	54732
914	924
3115	4261
701	64151
399	84144
57542	197131
8541	64130
1937	6125
9700	10051
1329	55967
617	26517
10857	196527
8687	8688
6801	7871
5189	7311
6138	6233
123904	146183
6500	7314
54620	80204
680	4829
6152	6224
7454	10552
6201	6232
6188	6222
23160	79954
10921	51692
23107	128308
9276	10427
1434	3838
7272	55635
6158	6203
5566	5970
10163	147179
1605	3909
10946	22826
4116	6152
643	5368
10053	152503
88	4626
6157	6206
23014	64219
6168	6727
6714	8976
1537	6390
6189	6222
8467	25942
6128	6173
6155	9045
1129	5179
6218	27042
325	3015
153	155
2123	2124
2971	51082
6152	6228
4712	27089
1994	10594
6160	6205
3837	9972
6632	6635
6208	6230
2770	5599
6141	6189
5436	27258
4700	55967
10802	51014
11100	23524
896	6777
5870	10890
81	55243
6176	6229
411	153642
10618	23431
6160	6193
3309	6836
4540	126328
79583	79600
7936	404672
9782	27316
6154	6167
5338	5579
783	10368
7042	10490
4712	7381
5746	94235
6233	8976
3437	4940
3684	53831
6428	7536
2801	51014
5605	10256
4695	9551
332	23332
10396	25798
6169	6233
6129	6167
6850	23533
2195	7124
6201	6208
6135	6223
86	988
6144	6206
2274	6281
6925	6938
10575	84617
5432	8450
64410	80176
6144	6230
6133	6152
6230	114987
7525	10413
5529	151246
9371	11127
6161	6202
55166	348995
7311	121504
6232	7514
4313	4323
22917	57829
1829	11187
5700	10213
8452	9870
9277	84946
5694	7314
6232	54820
3911	9459
6143	6206
4666	6202
4033	4257
1116	56729
51121	79048
1005	1009
51645	85313
10482	23279
10291	23658
3185	3191
57405	151648
4867	27077
1933	6228
3181	10657
3903	10970
2107	5515
6829	55726
3915	7402
6193	6194
3832	4288
11095	157869
3305	10963
6227	6233
121391	286887
6776	6777
2064	54206
4952	286451
5903	10735
5970	6667
2782	2784
695	7456
6455	9322
4695	4709
51602	84365
7840	57787
55143	151648
4317	6947
6130	6232
10112	81930
6206	6235
4736	6207
521	84833
160	29924
6204	140801
672	8314
2792	5741
6156	6223
10869	63891
22954	64219
4736	6154
6128	6234
11251	56670
163	8976
890	9133
3119	4261
11338	23636
7458	8662
8826	55109
1933	6133
9126	55746
4736	6147
6167	140801
6161	6204
3190	10594
9655	84085
2358	170482
6181	6228
26263	55884
7204	60675
6921	150726
8945	64219
83597	135946
2197	6165
158506	246184
2935	6202
6161	6165
3903	22918
2814	51206
6173	23049
1915	9045
6207	6208
4508	4541
10540	27175
2920	2921
4297	192669
6222	25873
6156	6201
6206	6222
6464	6850
1832	2125
7532	26123
6156	6202
1453	6229
4008	7321
1345	4695
8655	27077
4537	4539
7153	259266
6143	6155
7706	51426
1778	5707
1854	4174
5795	6714
10153	55131
6159	6234
1639	22919
6138	6175
1915	6142
991	1781
6141	6175
64105	151246
6168	6232
344892	347468
5516	6500
2967	51755
23295	90678
1669	3240
4586	4588
51069	55168
5929	8085
6240	10592
23014	142689
1398	2185
6189	25873
2242	9855
23095	64837
3921	6204
6206	6208
4173	7298
891	129401
6132	6135
521	1329
393	11014
4691	9136
4540	51079
1500	1739
5441	10980
10285	23350
6233	140458
6137	6168
5657	6037
988	5903
23376	26235
1063	5501
6152	23049
6129	6137
8321	8322
4288	6241
3184	3191
23223	65083
117	7434
10142	26123
1645	8644
1500	6714
1062	10051
6156	6204
3832	6240
3909	9459
4706	4717
1213	6233
11021	51762
6432	220988
6625	10523
6209	6233
996	8453
50831	50832
5718	51330
1981	6222
8698	59340
6138	6154
6160	6222
6125	6181
2266	5345
7414	8993
4353	6036
3797	79659
6202	53918
3320	5829
643	10803
57403	81876
54778	140460
3853	196374
9564	10458
2551	4899
377630	401447
6203	6224
9320	23291
27316	55749
6159	6232
25804	27258
6161	6227
2935	6157
6161	7311
3635	5777
9776	55626
10316	729230
3688	7057
5604	23164
6235	23049
3921	6142
712	714
2034	3091
705	84946
1536	3163
3695	5747
6156	6203
6633	11325
251	152330
6165	6203
1937	4736
2788	27334
4940	10561
134	5660
6164	11224
133	2863
5339	6234
6500	64320
102	6556
4809	6231
6249	151246
9493	11015
5684	5694
6133	6235
3672	3685
6146	6204
3832	10592
5768	11167
6161	6231
2967	51426
9212	57405
6160	6167
9341	23149
6222	6223
6885	23118
5872	326624
2719	3698
695	2268
6154	6209
383	10394
34	6256
2916	4887
966	51014
3184	9343
4116	6233
23511	25929
3998	10959
1915	1937
9183	22919
5438	6635
6429	9410
7706	57506
55832	80067
1173	2535
1329	1337
1660	2130
25831	143279
637	8626
6157	25873
388	4952
2197	6161
3655	3914
4588	140453
5422	84515
11137	84916
4312	4314
10943	54556
8976	10254
3558	3717
6850	118788
3092	6233
64318	84128
2207	160364
27340	56902
824	5829
4706	4725
6222	6234
6231	6233
2243	3827
6132	6161
3192	23020
4172	8888
186	2913
6152	55176
10733	55142
7846	10376
64837	81930
163	25977
54820	55143
6129	6160
9883	23165
378	10959
4736	25873
2935	6189
3360	3375
6181	6222
6601	6602
1232	50834
4952	5286
4724	7381
7311	140801
3685	6518
5725	10657
6208	9045
7317	10489
1307	50509
1605	6714
8365	440689
2197	6159
3312	7037
6133	6233
8337	333932
2268	5829
1072	5216
10022	339403
9510	11096
705	84549
1084	338339
3685	375790
1315	8729
6209	6228
6155	9887
2197	6137
51069	64928
7311	10111
5516	81930
4141	8565
1387	5929
2633	10561
6714	9564
6169	6224
23168	27125
389	6242
3886	121391
54480	55790
3684	79895
29078	126328
2788	50865
54998	219927
6193	6222
65083	84172
4690	10096
991	5708
26249	142686
988	3837
6206	9045
7018	9829
11127	64837
2917	27199
8334	8349
55166	79682
1278	4313
3115	3122
9716	27316
1906	6375
6138	23521
988	6950
9636	10379
55759	84154
7322	9867
712	713
8802	8803
25926	51096
6249	54908
6194	6208
7311	9856
102	1315
1268	50865
6146	6227
6201	6229
1669	10394
353132	353135
6626	51593
7434	122876
9092	27339
1660	3184
3119	7535
6790	10112
3764	10060
6161	6169
5707	5717
701	4173
2641	346562
932	3689
7311	23198
10236	51729
8027	8301
23122	23244
3355	4852
3663	23321
6165	6202
9968	23186
23309	79595
3609	5725
778	27091
4540	4695
521	9556
11004	259266
11314	100049587
3913	11167
7514	54821
6142	6204
6556	160364
5868	51715
8914	9126
3688	6774
6227	23049
4175	81620
1081	3623
4718	4728
671	3240
5529	6233
23279	51362
3433	10561
5094	84991
988	55215
4205	6938
345	2262
174	2266
8655	79023
6168	23049
8451	9730
4736	6124
6143	6209
6128	6169
11127	51014
126638	147409
699	55143
5507	6233
933	974
6176	140801
27316	51692
51690	54464
3396	6182
4736	6175
9320	154881
4331	404672
699	259266
5718	11059
8318	54962
4695	27089
2222	3156
813	3915
6801	8428
1291	1295
55124	221400
51602	55759
1144	1146
26476	344892
727	56923
10921	23524
10594	11338
9972	23165
6206	6207
1453	6230
1781	84962
1783	79659
4102	158511
6152	6161
6146	51187
9350	148738
10155	25799
6144	6168
1329	4712
6637	51503
9412	9442
830	5870
8453	83737
5705	11047
7328	22954
3912	3915
3687	79895
6233	25873
22974	83461
6235	140801
1981	6189
29984	55843
8329	333932
399	4983
22995	146057
6138	6152
8875	55350
1452	5718
5928	51317
1362	3482
7164	286451
288	2348
324	1857
288	6712
5869	26130
3433	10964
1555	1577
607	8945
3181	3185
5708	51330
1981	6209
5978	80012
6132	6136
55284	79754
6155	25873
1605	3688
51676	84541
6152	6170
983	5519
1933	6206
2048	5921
1062	5903
6209	6224
387	7046
1933	6157
9904	79050
6218	11224
2237	23649
335	336
1915	6202
3921	7311
10892	257397
3491	3895
11064	27077
3713	6705
9730	63891
6208	6229
5528	10726
6138	6170
3683	64386
595	5707
3903	5023
890	9824
2957	6619
10250	11100
6168	140801
891	81624
6208	140801
2197	6173
6137	6142
2206	2207
3973	104909134
6137	6234
800	3672
6170	6173
1991	8635
11316	55850
1660	3190
7409	7454
1453	6208
6165	7311
6373	10563
6193	92856
6142	6201
3362	5443
3880	4072
6175	6218
2840	4986
187	2359
1121	54453
23160	27340
4952	6233
9793	51143
915	286749
11014	50807
6009	60673
8351	8970
8450	55832
6556	84418
23291	51122
672	7516
55781	134430
6161	23521
5903	23332
6233	9349
4700	51079
3437	10561
1669	56729
3921	6135
6156	7178
6699	6707
2266	51156
2197	6206
6146	6230
3113	3122
2185	5879
5928	57690
9113	154810
2079	6432
22984	84172
6165	55176
5440	10302
64979	118487
6147	11224
701	4288
8740	10673
3688	4233
388	23526
1783	11015
7343	9112
6138	6161
302	6386
5829	9844
6428	220988
6135	6194
3043	3045
5747	11099
23047	57082
1269	5660
932	160364
6175	9045
5516	7525
6160	6208
29945	64682
4171	11073
5609	9181
5880	9844
388	257106
641	6118
5901	729857
6227	11224
7514	9126
336	51156
3856	3880
9738	54820
2491	79172
5422	7027
57153	79895
6128	25873
890	157570
4208	4209
7311	140458
3609	4670
6154	6173
5347	29127
10403	113130
55755	57787
5558	11169
6232	54821
5094	27238
65083	79954
3122	54331
10236	10432
6138	11224
6229	11224
6692	6768
6233	653604
6632	6637
54509	445328
9341	51429
3482	4905
5432	27125
6556	79895
6142	6156
2359	5473
22948	63971
8853	11015
1490	7004
2197	6230
5739	59350
7311	8976
6144	6229
8453	51122
5788	6688
1398	7525
3837	9631
11130	79902
2204	23601
891	7316
963	10857
136	2788
335	350
919	11184
6045	23028
8886	51388
5286	7311
2033	23774
1981	6133
643	64805
4708	29796
1292	7373
629	4179
6128	6141
6136	6202
5970	57506
6124	6125
2935	6169
8661	8672
3799	29127
6160	6233
23423	54732
6188	6206
9887	25873
6135	6234
5707	6386
10199	84128
6159	6228
6175	6206
6122	6135
389	23526
9493	9787
2641	10203
1650	6185
9632	22872
3619	5501
3106	6890
57551	79172
5199	126014
6227	25873
1783	11127
6125	6233
2782	5082
4116	6169
6233	257397
3619	55143
2784	594857
9126	79172
5868	51552
1234	1236
6703	6704
5426	8317
197	2243
23011	51762
2153	3827
10970	84141
23301	30846
5179	6751
10383	84790
8243	9700
6128	6170
27257	57819
8289	57492
3178	3609
636	25782
6135	6202
8976	25977
5711	8697
6709	8729
6202	6222
8976	29763
972	3113
3054	23067
6143	9045
4710	4712
6222	10399
904	2967
6147	6189
6175	6234
10193	25831
6136	6168
5048	55055
3190	4670
1173	29924
4712	4728
6136	6188
3659	6672
1665	9879
6223	6235
6144	6170
8453	8945
10112	51014
6175	6181
6146	6169
2557	2560
6144	6222
1062	55055
5438	51639
6202	11103
1453	6234
6637	27258
5931	6839
8976	23149
6188	6202
388	57522
55125	55755
116	59350
161	3482
6171	6235
799	51764
1453	6233
6688	7305
9716	11325
8085	8289
3856	5493
7311	285231
6233	7186
6453	54874
6222	6224
1859	10238
950	7316
6430	7536
10885	65083
9887	11224
598	6774
3123	5641
701	3832
6229	6233
6613	7341
5705	10213
5094	27316
3433	4938
6158	6181
6164	6217
6141	6161
624	6755
3619	57082
26519	26521
1537	4726
6133	6160
2247	6233
25942	57649
6175	9349
155	6344
51166	125061
3619	10274
1660	9343
3553	11213
6147	7311
6169	6203
5438	23524
462	3827
6155	9349
90550	91689
3320	10598
6790	22919
1660	10236
9462	153090
26146	150737
1281	1290
5861	55605
10813	65083
837	841
4116	6227
64761	83666
1824	1832
6138	6139
6137	6229
6628	6636
3115	3127
6165	6233
6625	6626
1291	3672
2033	56655
5431	5433
57405	348995
9655	55832
1088	170482
56658	84085
9076	24146
5928	116092
6159	6161
4709	4712
1457	9918
1161	51397
6124	6135
11113	259266
4141	7453
6233	10401
2147	3481
9322	22905
23451	51692
7314	26263
6124	6193
10803	50865
6455	29763
160	8867
6155	6231
51264	118487
4670	6434
84946	88745
9493	64837
6154	6222
3135	3805
988	64682
5689	51371
778	783
5438	51755
908	9628
10121	26123
6158	6202
6122	6161
4641	5872
3091	4088
3797	24137
6188	6229
51649	54998
2204	79895
23168	56254
3673	3691
6188	6232
1387	25942
109	10681
988	3839
6233	8450
2525	10331
2475	57521
6136	6208
302	2799
6455	8673
6827	25920
23291	26190
9700	146909
80184	121441
963	3903
1669	8993
8349	121504
6235	25873
10274	79172
1781	10540
29945	90025
6142	23521
6249	10540
4172	81620
567	10475
2033	9967
6128	6222
8638	91543
3685	6461
7326	26259
887	3827
50840	259295
8663	728689
3203	3204
6137	6235
6122	6139
6164	140801
1756	284217
6139	6223
4952	9886
6203	25873
6188	6201
6128	6175
6208	11224
10802	10960
1000	10970
3106	3133
6233	221687
8638	9636
3066	84289
324	5529
148	886
51602	84154
2912	5173
4508	4538
522	84833
6133	6144
5519	79172
6233	7844
28998	64960
4514	4537
695	7525
1937	6201
2207	2212
351	2841
6176	6235
54960	129401
5290	5781
945	10857
22995	163786
1233	94235
9318	140461
846	6870
3912	59277
9188	25885
51023	116540
6128	6203
5795	55754
4735	91147
5905	23225
10236	51692
6142	6193
6143	6223
1983	6122
6130	6170
259287	259295
8648	10498
1063	23279
28998	65003
6136	6230
5329	11322
5725	23435
6125	6194
6157	6176
6790	9493
891	10112
22918	79895
1387	27327
6142	6194
7204	55970
1662	10528
287	6326
1933	6159
3191	23283
1645	1646
5741	7434
51109	54884
6049	8881
2064	9475
389	55843
6175	7311
6154	6227
79172	151246
4717	4724
1453	57787
6173	140801
915	3118
3093	22954
29763	51429
9322	23265
3921	6154
148	2922
10274	57082
2863	5332
7311	8450
8924	8925
3579	5515
6142	6167
6232	11224
27076	154064
54821	151246
6202	23521
3796	10735
10713	11325
3074	6386
23304	26046
2305	4288
6218	6223
25	5159
3071	8976
10013	25942
7388	29796
3107	3659
6222	7178
2957	7702
6233	26043
8085	25942
8514	22918
389	9322
113130	348995
1329	388753
6165	6208
2317	3688
6155	6222
6129	6209
10561	55601
6142	6229
29127	54443
3190	55749
1894	5879
51206	80739
6144	6188
6136	6138
3394	3430
4853	23509
8356	126961
10097	10618
11014	22818
9927	55669
4738	7979
156	5578
2521	51692
6222	6229
6142	6228
3191	9782
1937	6124
3915	84141
3693	5829
991	10112
6124	6146
701	7153
9343	51729
258	5179
3185	55749
8976	55243
6206	6223
5879	10552
6635	27258
3312	10576
4700	27089
9219	23186
6146	6201
6122	6175
6143	6164
6934	283149
553	64106
3912	5578
1434	3836
6147	6222
1462	3912
6193	6202
301	2776
1314	10427
719	8514
5903	7514
7514	55746
1994	7536
4717	4728
28973	51069
6137	6224
4713	10975
54148	55168
6189	6235
695	3635
1453	6201
1105	4343
6037	8635
2023	7167
4736	6171
23431	27131
3852	3853
2799	5476
3676	3691
6657	57167
9045	9349
6144	6233
1453	2801
57154	65264
10499	23389
1350	440567
6138	6168
23244	55746
6233	89910
1813	6364
9320	26046
5095	55902
1137	1141
65055	219438
6143	6160
3101	64841
23142	23291
6125	6146
6156	6173
6156	6168
27292	84135
4536	4538
1007	1013
2801	10802
1269	63940
11015	51014
86	1642
6950	10574
83597	390174
1453	55127
5701	11047
6232	57551
10920	10980
23404	81887
6233	8295
51203	64151
7311	23291
26190	55832
1783	5516
4707	4710
9069	9076
3111	3115
3355	5733
2197	6205
84131	347240
2072	6233
5048	5529
25937	51421
6201	6230
2917	9934
79659	150737
6233	143279
3422	4800
6124	9349
4088	5784
2197	6227
335	2243
86	8607
6158	6206
4751	259266
6921	10987
332	10112
23326	79595
3572	3977
2247	3685
5872	6764
25847	150726
6370	11251
955	374659
6993	10755
988	4999
7153	57122
3458	3586
3688	23209
3396	51081
3685	9475
9816	9875
4700	4707
6223	140801
5584	55243
4887	346562
4736	6203
6173	6228
833	8565
9527	55014
699	151246
11340	23016
4259	8836
488	489
3688	3695
23224	23353
301	302
1154	23014
84902	91147
28973	64928
6158	6223
9294	10672
2153	2243
22974	121441
11102	84946
5928	10014
6233	8290
4708	51650
338	345
1291	5351
5439	5451
6209	7178
1063	9700
4686	50628
6147	6208
7335	55905
10466	57511
6209	23049
6167	6202
1778	91147
695	973
1365	24146
7311	90293
6133	6142
5707	10577
6135	6161
6144	6218
6175	6222
1956	5336
9643	93621
5872	201475
389	1894
5438	6827
3685	196527
2767	5599
5540	6755
2197	6176
8945	23304
23223	26155
7533	10971
963	5795
1660	3181
4736	6201
6426	10949
3619	151648
7153	9824
6170	11224
6288	6863
6133	6173
163	9322
1781	121441
1495	4301
6139	6203
6142	6231
3111	3123
945	222487
8976	22905
6133	6136
6206	6209
26091	65264
1894	5347
23291	54165
6772	23586
5688	5706
799	1812
4710	4715
3156	4598
6218	6232
3688	7052
10014	54880
9564	54518
10963	22948
10112	10749
10613	11160
1859	5928
7846	57545
54998	64976
3913	5829
6203	6228
79583	80184
6141	6173
4539	4541
6230	7311
988	9611
6164	6193
2207	6556
6128	6165
640	3932
6124	6173
55127	84172
5516	54908
6175	6209
3163	5023
5685	5700
9320	22954
4848	23019
6204	6206
10574	22803
3909	375790
1500	7409
4694	4710
338	1080
444	3725
4171	10036
25831	65264
1282	1295
6137	6232
10250	10285
9833	24137
5339	6157
79003	81565
55629	65110
57479	58506
9690	57154
26146	64792
3433	3434
1001	1500
726	831
514	10632
811	813
9934	27199
5695	6790
3672	9564
6128	6157
3190	5093
26046	197131
51264	64976
3181	4670
7311	83987
8662	9669
640	7525
22856	55454
6161	6228
6155	6169
10075	51132
6139	6176
3482	26130
2197	6128
4116	6201
3887	3892
23517	84135
6142	6224
6181	6194
9219	10919
388	51291
2266	3026
6130	6209
6168	6229
156	9002
6223	23049
25977	54885
5717	8453
351	10130
9128	9879
5701	5715
54742	80328
11021	23011
3854	8689
8655	60673
6130	6168
54577	54657
4512	4540
996	5717
351	10272
6235	55127
5908	7094
6874	51230
3008	3024
3710	6804
8453	8697
6142	11224
55720	56902
378	55605
6133	6157
727	50835
9791	81490
9349	9887
3066	23028
1241	7204
11102	88745
3797	9493
3856	144501
3912	5829
26589	116540
1291	1292
1315	3799
174	2243
398	5880
4697	4700
1008	1016
2358	57153
26091	64750
1337	1350
22948	55970
6169	6194
197	335
1778	22930
6142	6175
10540	57511
983	9126
996	23291
6136	6167
4736	6167
3673	3675
988	10540
6228	10399
672	7153
6231	9349
5707	6790
10885	55720
6141	7311
6168	23521
2863	7204
220134	348995
899	56995
1981	8672
6139	6201
1650	5660
2967	27125
6165	6204
4738	9616
6130	6205
1781	10466
3320	10458
6144	6159
521	27089
1601	5878
8945	25831
3305	9530
1314	10945
7311	9927
4509	4536
5725	10291
10426	440145
10094	10095
10576	23526
719	58191
1937	6130
5610	23586
23014	64410
3918	4233
6176	6224
472	7468
6208	6218
950	8976
1111	2177
6774	9021
1738	6470
22974	29127
3491	10970
4176	5111
566	4125
891	24137
158506	285231
5688	7314
4288	10112
4586	140453
1969	5879
641	5427
991	9493
8689	54474
5702	5706
6155	6157
1665	84172
9493	23095
6175	6176
3683	5788
3017	440689
3357	5737
23332	146057
5868	64145
6125	6228
1994	23435
5707	10576
6204	6223
10383	84962
1908	84432
10403	81930
2801	6709
10121	84902
6218	6227
6147	6201
1062	23279
2932	5707
6181	6233
3071	9844
886	2922
705	9277
5717	6790
5347	11004
7507	10714
4736	6224
1329	10476
9533	64425
3183	27238
1213	8976
5796	7316
1809	10371
23014	79791
6139	6160
915	3560
6125	9045
6176	6228
6154	23521
64979	219927
11014	51014
2962	56949
1121	79958
2197	6202
7153	11004
1499	9314
996	9820
7311	54363
5435	6634
8648	10499
6139	9349
6169	6230
6176	6194
3119	3123
10193	53339
2197	140801
2033	10735
383	3240
6233	57154
23	6059
9611	9967
51234	55831
1717	50814
3355	5173
1650	29927
8453	23291
6152	6204
8969	126961
6165	9349
2042	2045
23562	53842
26589	55168
2131	2132
6161	140801
5707	10575
10466	11014
6161	6218
3122	11184
6233	23014
6165	6230
5430	6601
6155	6194
6136	9349
3914	4233
10250	10772
1943	1949
7311	55008
8841	79685
6432	10189
2935	6122
26239	353133
6132	6167
6208	6228
6228	55127
51	7311
3921	6234
2475	9675
7164	152503
3133	3660
29093	65003
6158	6168
6130	9045
1812	10268
3376	51520
6173	6181
6224	7311
10885	22803
8243	9793
7054	57016
6170	25873
857	1950
5861	57403
10799	88745
164	55330
6330	6340
5869	8322
5725	8672
968	5878
3017	8341
6205	9045
9739	23112
705	51602
6203	11224
6154	6164
5905	6232
7453	8565
50835	51289
6427	10189
6128	6188
871	1290
966	5023
3190	10949
55759	84128
6125	6175
1778	5529
1398	85440
5526	7316
967	4033
10254	10552
57191	400720
4738	9978
3190	5094
996	5708
54657	54658
7039	10652
6202	6223
344892	390059
10121	11070
4924	10618
7525	11099
2521	5725
55726	79871
3039	3048
6142	6208
4700	4712
873	6697
3301	3304
60	10095
2792	343172
6790	22974
4069	5657
6700	26239
9282	9968
1327	29796
5584	117583
6125	6144
6936	51645
2491	22919
5861	10342
1133	7200
905	5431
1269	50865
1555	1559
25984	121391
6138	6209
23095	24137
5155	7057
6209	55127
9793	113130
6714	7311
6136	6194
1398	10458
6232	27340
25915	126328
51081	51264
9343	23020
3685	3897
3833	29127
3909	6385
6139	6159
3895	84141
685	2069
1495	5819
5928	8085
2243	3026
6232	6249
2071	27125
9367	201475
5347	5905
6128	6202
3688	3915
8658	80351
26146	79989
6453	10254
5868	10618
6173	25873
121504	333932
155	6343
3698	3827
8638	10379
259292	259293
55127	84128
1781	7531
4116	6168
9700	64682
9793	54821
3185	27316
6218	6233
5903	54821
186	4922
5865	23011
7466	10970
7852	83737
1017	63967
353137	353142
56923	259295
26267	63893
988	56852
26589	219927
80321	91147
1902	8477
4735	23322
6168	51187
3718	7297
9495	10369
8843	27198
9968	23097
10524	10714
3688	7045
185	2862
1315	81930
25831	197131
4242	4853
8085	26523
1129	6572
891	6249
23332	121441
1629	4967
11128	84172
6173	6227
7042	83706
988	7112
26190	197131
6130	6155
9918	259266
4221	11168
84648	353139
4586	26290
23376	84085
811	5034
5441	84844
163	26130
6155	6160
6132	6235
699	220134
966	10652
11103	51575
51725	142685
5518	6235
1058	57405
25885	55720
351	813
2491	3619
6124	6205
7486	11073
6515	144195
8467	79595
991	5707
2197	6144
6944	81611
6165	23049
25885	64794
1829	1832
9212	79003
6167	6224
1937	6202
3434	4599
3620	169355
2206	3702
4735	10540
4998	7027
6189	6201
84727	122769
6146	6234
1981	6232
9700	10735
6203	7178
4736	6141
6170	6234
336	2153
7320	9604
779	27091
3659	5696
23197	26043
462	2147
5451	55718
6233	11059
2519	51816
29074	65003
6152	25873
3882	3886
4512	4537
3837	5903
6628	8683
6142	140801
983	9972
7311	57674
6182	65008
4171	4174
1933	6154
1269	8698
4513	4537
6637	51372
6144	23521
6193	6234
5347	11190
23412	51725
6189	6227
3949	5869
6223	9887
25831	26091
9672	375790
5869	5870
3688	6709
3109	3122
3183	6426
226	2597
4691	8602
623	56923
1490	10413
51116	92399
6136	6142
4513	4514
3903	8514
1395	2848
6164	6224
2798	4829
996	5707
5584	6714
8243	23332
1829	5493
3434	11274
3181	5430
963	7805
6136	6217
27	1398
10575	22948
871	1291
10395	23371
7184	10130
23560	84172
890	1058
2107	2935
6128	6146
4689	653361
3123	54331
56902	88745
57787	261734
3091	7316
3190	220988
6143	6175
6518	10970
3673	3914
6129	6143
7314	10980
6170	6201
1537	4715
7311	151636
1559	2326
185	2641
8915	29775
10389	84108
6155	6229
2792	594857
6139	6154
3213	3215
6146	6152
23521	25873
5590	23286
6136	6209
336	338
3190	6434
1439	3635
7514	57551
891	995
6227	10952
6678	7424
54778	57542
8925	197131
1500	55740
7476	7483
2813	55350
8886	9221
3684	3687
130	10720
1453	6228
351	5330
5933	132660
11224	140801
5707	54583
2629	5660
1933	6176
4048	126014
9787	64151
56945	57129
259293	259295
5286	6272
6122	6193
2033	6667
595	11186
1788	57332
5976	56006
5862	8548
6170	6235
4710	29796
6167	6188
6138	6204
6210	55127
57531	90025
3683	84329
54578	54658
8666	25873
1511	6036
1902	55970
6161	6222
1499	5707
8974	29920
3855	3880
3875	3880
5879	8976
5954	51280
996	80012
5435	11325
4691	10528
5685	10393
4283	6364
6227	9349
705	56919
51650	64951
6427	7307
1812	51764
351	3912
1908	1910
5586	5879
6144	6228
6375	6846
6167	6170
9553	29074
2980	2984
3191	3192
6139	6233
3913	11098
545	5889
4088	7316
51575	79954
81567	93100
338	3698
3308	10808
63967	84515
6202	7311
2224	6721
5948	5950
2792	2847
4952	6272
6147	6204
6139	6152
2185	2268
1269	59340
25909	54821
3491	3913
5869	23011
7415	10383
6139	6206
3055	5336
26155	117246
3017	8334
10412	79039
55008	64750
6218	9045
399	9459
991	24137
10112	11127
1950	7474
6228	7178
6152	6181
5515	10776
3240	10394
1933	6143
6144	6169
6203	6222
6167	6223
6143	6205
6156	6161
2197	6146
4736	6142
705	8602
5094	23020
5516	5529
6161	6164
695	7454
4710	4726
7311	9341
6637	84844
26268	84085
1946	2268
2521	220988
6711	10466
10885	23404
990	5422
6144	6147
7531	81565
50506	405753
6156	23049
1058	10726
5822	55127
10394	56729
5702	6790
4514	4539
7327	26046
6210	9349
3434	8638
2521	3190
6202	6235
3875	144501
10713	51692
10615	56992
1933	6222
10693	55970
163	7311
2916	3351
6209	6223
1345	7381
4540	55967
6133	6193
6173	6234
6141	6142
1981	6202
64131	375790
64792	92104
2197	10952
6184	58477
10022	50838
6201	6227
830	10652
6233	8445
6224	140801
940	3695
10051	64151
4736	51187
26005	79867
5725	27316
11251	94235
1937	6207
3340	6385
9128	11338
996	6233
4116	6206
6128	6143
7531	8655
6122	6184
25885	55127
6133	6230
6790	121441
2537	8638
3646	6156
4173	7153
23265	50807
5330	9002
10484	51014
23332	57551
6125	6203
1445	4000
6249	8826
399	10144
6128	6204
6173	6201
55755	347240
1347	4695
2058	2617
5737	56923
3655	3675
5435	6637
1173	6455
2641	113091
6173	6189
84131	203068
7132	10616
4585	200958
23332	27229
10484	126003
22905	54874
3157	6307
9886	84144
2071	6878
9282	9611
6210	25873
163	24137
6152	6230
1457	23411
920	9026
3855	3866
967	25798
6130	6193
5054	5329
1968	8661
3071	3320
3172	6927
22974	203068
6155	6223
8697	11059
695	930
4670	27316
5870	81876
6181	6223
4297	23269
3191	10657
6147	6203
55703	55720
23165	51692
51003	400569
1241	2767
4694	29796
6175	6223
1511	4069
6124	6222
1781	6993
9039	10293
3192	9716
2305	9133
1308	3918
9126	23063
6599	57492
9493	24137
6556	100049587
8027	25977
2153	2159
4726	29796
695	6850
7283	22919
7326	55819
988	4436
7852	63940
6142	6171
800	3693
92815	128312
6235	9349
4508	4519
89890	90025
2863	55970
3074	10577
10540	11190
3185	23020
6139	6218
6156	6206
54474	121391
3339	7045
2801	5861
6836	9276
988	6601
991	9787
5899	7852
1783	10121
163	6453
6830	26043
8349	126961
6144	51187
6205	53918
54578	54657
2189	80010
6139	6235
4736	6206
2535	7525
208	57148
51289	56923
5594	10971
2784	4985
6230	6231
6182	51081
3635	80271
6125	6168
999	9839
6708	11280
10952	28972
3675	7045
6156	6235
8065	9354
2197	6155
941	942
11065	83461
5862	5870
3376	6301
6165	9045
6142	6143
336	350
6230	7178
6223	6231
6176	23049
4233	5795
831	23209
3006	85236
4141	4677
3091	51122
8365	8969
1786	3017
6169	11224
51203	55143
4539	4540
274	8853
6133	6161
8329	8334
929	7097
10053	130340
2207	3937
332	79902
3185	23283
7855	84133
2151	3356
2023	2026
887	2147
7317	89890
6152	6168
3267	26130
6137	22916
1233	2359
6453	9341
7110	10618
55720	83743
2033	23067
5903	79172
9820	89890
1605	3912
4724	10476
374	2153
10413	51421
4512	4519
1783	6711
5519	22919
905	2967
2784	7434
1650	7841
7846	203068
945	3689
9044	55814
6157	9349
1595	6307
399	6453
5547	5660
5067	137797
4726	55967
302	3074
5528	11004
4670	10236
7919	27316
4088	25937
11190	57545
1524	56670
6152	6202
6147	6209
7155	8289
2792	4985
1559	1576
6133	6201
6159	6205
1639	8729
6164	6176
6233	10110
4261	10346
991	22974
3912	10970
336	2243
991	5905
1555	1557
1500	1942
5338	11145
9744	51454
3046	3050
830	10540
6203	6233
9221	84172
51692	55746
6142	6232
6201	6203
4050	7124
4734	22954
7424	8828
6135	6170
9700	10615
8687	8689
57405	79172
6122	7178
867	5781
5878	10552
3181	51692
3107	6890
10959	22872
6143	6202
2932	3611
10576	10693
4853	27327
3091	6233
26232	93611
3351	4887
64750	115290
6142	6160
1983	6181
4710	4725
3354	11255
6133	6156
6124	6228
6631	51645
23291	23327
6137	6164
6130	6154
6129	6156
10749	11127
338	4973
4161	7432
6176	6223
335	4547
8655	83658
6133	11224
7337	23291
6164	6208
9604	9867
9738	54806
111	3354
10403	51143
1933	6136
6189	6218
2197	6136
2801	2804
54960	79833
185	4922
6133	25873
4361	10635
811	3309
7311	10110
6047	9604
335	345
6125	6159
3675	3909
4691	22984
10274	23279
2159	2243
6714	7402
6136	6160
4599	10964
9055	10112
657	659
8925	10489
4735	7283
6139	6205
6165	6234
8329	8365
6165	6206
6135	6175
5887	8450
2617	4141
3909	59277
1022	5432
3897	57698
7164	10053
1387	9757
6144	6207
5433	55660
891	9787
9742	28981
1994	55660
891	1783
5597	5714
3913	10272
1495	5781
1994	220988
6129	6206
9787	9833
64682	84085
2268	5747
6232	6234
1511	6037
26268	56995
9341	54874
8871	51429
4173	55388
4734	89910
521	4713
10914	53981
5861	326624
3915	11098
566	6037
79090	90411
2197	11224
7133	8740
3434	55601
3718	50615
2767	7204
1277	22801
6181	6224
6154	6160
1660	1665
1116	3240
5726	6755
6147	25873
6146	100529239
6633	84844
6874	83860
8775	388552
833	4141
10121	80184
3833	9793
1778	79867
1287	5155
6428	10946
8449	79869
6133	51187
3301	3320
1453	6194
6222	27340
2165	2244
25909	57551
6135	9349
3184	10921
11339	51203
1902	7852
24137	55614
4173	5426
2157	27095
983	7514
51258	64951
2125	11187
1937	6142
9126	23244
5684	51371
990	63967
6135	6138
4709	126328
6223	25873
6141	9045
2197	25873
10885	55127
7057	79875
332	5528
6133	6228
7057	23275
7031	7033
5433	129685
6189	9349
6176	6206
6147	6207
7514	81930
3340	375790
6204	6230
932	79895
7097	7124
3916	5878
6133	6188
2243	3698
4512	4539
3619	23047
6128	6230
4353	5657
2792	10563
9833	55165
640	29760
146	84109
6923	9978
1605	375790
10735	23279
2935	6203
6209	6235
3915	5879
6189	6210
87	1499
3655	3918
6222	6227
2817	4035
201475	326624
5471	10606
2968	9656
4702	4724
920	5335
91147	121441
9801	28977
6155	6156
10236	23020
6129	6232
6167	6229
23014	65264
6137	6209
6160	6175
7311	9045
4172	5426
1029	1030
23595	51053
6130	6173
1455	2810
10540	57545
6430	10949
4736	6144
5361	7305
9742	26146
4999	84515
1742	8831
5394	55127
6750	50837
10714	23649
64951	64979
63891	390594
6155	6164
79738	166379
1642	9730
163	5869
4695	29796
813	1000
3074	5707
353137	353145
2274	284119
6144	6208
147	5021
1302	169044
6155	6161
22984	23195
6230	9349
6167	6168
2071	6873
1994	3192
6173	6204
4713	4726
388	9938
332	57551
1315	9276
64792	150737
6136	25873
2805	3242
1906	2150
11325	51690
123099	340485
6173	6209
9632	10483
6194	51187
4176	4998
51382	338339
6171	6227
55326	137964
8334	8341
1289	5118
3240	5005
84085	89910
1576	54600
5435	6875
9341	10254
383	671
5983	56852
3549	6469
8347	8365
6155	7311
1933	6188
6141	6168
5519	9183
5436	85437
6169	6218
4700	4725
3921	6159
5870	57403
6233	22888
3725	9070
2197	6223
6205	9801
3354	6387
6129	6218
7110	90196
2125	6699
701	8243
6136	6164
8317	80174
3683	57153
51023	55052
6130	6188
28981	92104
6125	6160
6625	27316
4513	4519
6698	147409
5516	55055
9883	10898
6139	9045
6204	11224
890	9833
891	55872
3916	7879
2197	6188
9551	55967
90480	116540
1459	9918
6201	9045
4700	4717
5093	27238
2848	3274
5746	59350
830	11127
983	79959
9833	64151
50838	51289
4736	6229
6206	23049
6154	6233
377	9493
4694	4726
10693	84617
3190	11338
1282	10536
8189	11100
6156	6160
632	3381
1058	8655
6194	6202
5725	9879
7846	150465
6165	6169
846	51289
9410	10236
9277	10153
8687	121391
9730	10425
1660	27316
6209	6229
23014	55832
9459	29984
6728	51121
5520	6132
988	55631
27043	57647
1287	3673
9820	115290
6164	6234
9045	10399
891	22974
2982	2983
6158	7311
6173	6207
5706	5718
1116	4069
2767	29933
9892	10092
5657	56729
1956	3691
10713	26121
9021	57674
6319	6720
3937	7409
1062	5528
10592	51203
147	2150
11052	51692
8341	85236
1062	22974
10592	23310
51264	219927
151246	348995
6556	23601
9700	25909
5695	51371
6137	6202
3488	54757
988	5983
6128	6168
22976	58508
1544	3620
50848	57530
3309	9531
9904	57647
1738	4719
10342	10959
1559	2327
2073	8451
6173	6222
3091	5708
8347	126961
6147	6154
2197	6204
3914	5829
348	5360
351	83706
5707	64750
6146	6168
3215	3216
1915	7178
9870	64219
2695	5741
144699	154881
6144	6235
116541	219927
4736	6143
9126	57551
4738	5693
22954	26190
6122	6142
2060	50618
6193	6205
7175	9877
1337	27089
65003	118487
51429	54874
7184	9601
1495	5584
6455	9341
6863	23620
7082	100506658
2912	4543
50835	259292
4736	6168
6142	6144
641	5424
1933	6204
1062	1783
1063	259266
26155	65083
4537	4538
6160	6232
1660	23283
6427	8106
5604	7529
6202	9732
6518	10857
5518	5976
332	29127
3017	8970
2197	6210
9793	25909
4116	6160
8655	23218
3190	5725
6745	6747
6154	11224
6157	6181
389	90627
351	9002
6138	6144
3619	9126
1803	59272
56963	148738
846	259295
3659	5371
6142	6223
2491	5519
3911	5747
6124	6147
273	8673
7311	56288
796	6344
9738	347240
6147	6202
9564	10044
6210	9045
1398	5599
6136	23049
2784	5741
3111	3122
816	4137
2735	132884
10640	55770
5286	6233
6189	51187
6130	6218
6159	7311
6152	6194
6635	6637
6207	11103
6891	6892
2841	7852
351	27242
6185	58477
79682	147841
3912	5954
389	10398
1778	11014
5093	6625
3693	7525
4171	55388
4751	4867
3915	4811
6181	7178
728	846
3895	5879
6138	6159
6170	6204
9833	11339
26224	55208
3107	3133
10285	23283
6167	6206
4736	9349
64425	65083
51320	55175
6128	6152
28973	55173
4710	27089
6157	6194
4839	10885
10075	54620
4591	55658
2185	5829
2792	3763
6164	6209
3713	23581
332	9787
6160	140801
6206	6210
3646	8667
399	94134
23020	51692
6635	51690
4717	4725
5887	7520
6234	9887
7402	10298
3486	3491
6500	8697
6156	6233
890	151648
29074	219927
728	50835
3109	3113
6205	6224
6161	6207
51692	55339
5861	10959
3482	10618
10051	23244
5515	6500
335	3698
4624	4635
383	4353
378	5861
2800	2803
2767	64407
238	943
928	3688
54820	146057
22981	91147
10921	10949
3672	3912
6136	6228
4725	9167
11100	11338
9870	65264
858	1956
1994	10921
6746	58477
9371	51014
3633	29984
6156	6218
6207	6234
3855	144501
7311	55669
6128	6194
1605	5579
6128	6201
27237	171177
3837	3839
3434	9636
8021	55746
3191	3609
3187	7919
6133	6204
7057	56999
5435	84844
9493	9585
2305	7153
9739	25942
9128	55234
6136	6161
53981	79869
5269	5337
6229	6230
830	55604
1236	4544
219858	344892
287	10121
6154	6205
1536	2204
5335	8698
999	4646
988	10767
79583	79867
6233	57674
990	996
6426	7919
6208	6210
6133	6164
3675	4233
226	5223
22948	84617
3422	4598
3915	4233
1161	51426
567	3107
783	2784
332	7272
6205	6223
116372	257194
5149	388531
23304	84085
4886	5733
10857	326624
11184	27071
25793	84676
3017	8365
1290	1291
10332	30835
5795	326624
51330	115650
135228	266727
51143	151648
10945	10959
3191	5725
51602	84549
6201	9887
22984	79039
3184	6626
6167	6175
4736	6209
6141	6154
3183	27316
988	10059
10022	51289
1268	9294
5610	6774
6135	6160
156	55970
6631	6632
2204	338339
2695	594857
2059	5294
1495	1500
1915	6189
9181	171177
9377	54539
1303	55214
8351	653604
6228	9349
7337	9730
6146	6165
3619	79172
6210	6234
79682	387103
9114	127124
9126	348995
6137	6218
4087	79753
9847	23265
2036	4646
6698	126638
2209	10152
2935	6136
164	2799
6146	6189
4582	10164
9790	9904
23291	56929
9793	26005
6144	6160
11176	79595
3157	4597
6439	653509
695	3937
6143	6228
8697	8945
9133	56992
6137	6210
1956	5829
1660	2521
6193	6227
2692	5745
3903	326624
6122	6232
10930	29974
112	1269
890	64151
971	974
1595	3157
4131	5048
7514	9972
1511	5657
6181	9045
6201	6202
6143	6159
6950	10575
6129	6161
10133	10540
11091	81887
9133	55355
972	3111
5435	5441
6709	126014
8349	85236
6144	6154
3222	3225
197	350
6185	7841
2147	2244
3178	3184
324	5699
55872	83540
6139	6202
320	5864
890	11065
675	5983
3017	85236
3422	4047
11190	23332
51122	56995
1876	10445
23112	26523
8295	57634
6125	6143
79600	84902
3915	6714
1981	6230
6159	6233
9978	140458
1452	5516
6235	7311
5701	51330
1325	6373
55212	84100
29093	118487
8560	196527
2550	51083
3916	3920
9887	51065
1605	10298
2033	9757
9738	146057
867	8301
156	2767
5204	6637
6868	11319
5822	7109
54850	63891
25831	57542
7316	9341
2359	6370
7003	10413
5501	79172
6128	11224
971	29760
64926	153090
6167	9045
6869	347148
2783	6752
6144	6158
996	54778
1062	64151
6157	6204
11065	64151
1058	55839
5528	57405
2204	2207
3156	3157
9282	23097
11258	93661
1063	57551
6233	55666
1938	1975
51649	64928
6189	6208
2873	8945
7783	11085
4695	4713
54996	64757
6830	55677
4540	4726
9493	10540
80184	117177
341276	344892
5179	7857
3710	5575
6626	220988
2185	9475
3832	9585
6135	6169
6222	140801
3643	9021
2033	23013
6160	6210
6155	6224
9138	55970
5004	5005
6173	6175
23160	55127
9700	29945
6133	6138
6130	6176
6207	6229
160	1601
143471	161742
632	4094
3561	5599
6142	6205
1894	6790
1981	25873
10491	85301
5037	10256
154214	221687
4171	4678
57674	64718
966	6711
24137	285643
6157	6201
4160	104909134
9015	284119
6136	6229
10857	84329
6164	6170
2107	25873
890	51203
6144	6173
2207	79895
3655	3915
391	9743
1315	4905
4686	8021
3921	6228
7038	7173
4116	6235
3913	9459
6158	6218
3915	10272
5054	5327
6143	6231
57082	79172
4867	79867
5067	23627
10282	10652
4926	9793
6157	6228
5023	5795
79895	338339
23283	55749
1500	1969
3486	11167
3066	9014
117	2695
6138	6222
2935	6142
1291	5352
23291	55832
4536	4539
1445	1956
23291	55236
28998	219927
6160	6231
6181	6202
8886	84916
332	2305
8905	10053
6141	6234
6135	9887
9826	23365
26268	140461
6133	6209
899	140460
930	118788
6124	55629
641	5426
7337	197131
187	56670
983	9833
5111	5434
7311	89910
10949	23020
3105	3106
6602	57492
3687	53831
8704	55624
2919	2920
8729	10121
6138	6223
7919	10949
338	4036
351	2817
6175	6193
6209	7311
3491	10272
6132	6147
6240	10051
3184	6434
2243	5005
6233	26190
6132	6173
6146	6161
501	51166
8687	286887
3491	3915
23370	56288
1524	729230
6137	7178
891	1022
6168	6210
9371	11014
2792	219438
2865	84432
7321	84962
8337	85236
1830	6699
1292	1303
7204	29933
6168	7311
23355	27072
10959	55605
2072	51426
6147	6181
197	2147
3490	84141
10425	63891
5725	9716
301	2788
1933	10399
1830	5266
183	3357
10525	29927
6146	6208
4514	4536
3122	55824
6133	6227
5725	11338
7021	83741
51143	55055
6159	6229
1656	27161
6132	6208
10084	27238
4976	9927
1942	9564
8729	10959
3849	140807
4841	6421
351	2767
3119	3122
3702	9402
5286	286451
6160	6229
4194	57690
6189	11224
3190	10921
4670	220988
6173	6194
1814	259285
55143	348995
5708	29979
160364	338339
6235	7178
8655	55839
5493	11187
399	445328
5777	7409
2244	2266
9700	55143
905	6667
4000	54518
6194	6201
5001	222229
5708	64750
1062	24137
1120	1375
4646	23607
6227	6231
6147	140801
857	7132
1994	8570
7536	10250
6124	6194
11345	81631
915	3702
55863	91942
388	7409
60485	84962
3491	84141
3008	3009
10952	11224
9716	10713
6170	6175
6152	6176
6152	9349
6206	6229
4700	54539
6218	140801
81	3688
1173	10552
6139	6210
641	2189
389	64333
5878	8976
6160	6171
945	3163
6204	6222
10965	641371
9833	10112
2033	6872
4542	4641
6124	6168
9787	10592
2033	8289
8563	23225
4670	23435
6157	6189
6217	11103
208	2475
6122	6173
6133	6181
2197	6193
7478	7479
10575	10963
6227	6727
6173	6218
8349	79101
2790	22948
64963	116540
329	5708
3122	5641
3673	3683
6194	6203
1290	5351
302	5834
4171	4175
2197	6138
10272	11098
8816	51122
1969	2048
8871	9341
2197	55176
391	8503
977	3655
4736	6136
2792	7434
6224	6233
4738	6923
1062	79172
23028	23186
55735	139322
10959	11014
4735	23265
2932	5529
6204	6207
6157	6168
115290	154214
2197	4736
6129	6194
1956	2247
55215	64858
3675	3918
1870	5928
3688	3912
9349	25873
8807	8809
9246	11275
23533	55970
4718	4724
861	6604
6146	6233
2773	2788
10733	347240
4141	6301
1453	6224
23322	79600
719	63940
83540	157313
11196	126003
6146	6224
6209	6231
10749	23046
3191	55749
7283	10540
963	1536
6125	9349
2197	6228
6229	140801
1129	2912
1398	1794
6208	22803
990	5717
1116	5005
6160	25873
2535	64750
1781	6232
4736	6157
6288	84432
1793	9564
6132	6160
6136	6147
8945	65264
6223	23521
999	1942
4736	6152
6138	6202
4700	4709
9833	10403
513	374291
3181	51593
3371	84141
8648	9968
6556	338339
3659	7015
3635	5294
6188	6203
6159	6203
891	55839
1981	5976
10970	11322
945	6556
3710	8826
204	4508
6147	6158
3695	8516
4736	6133
6224	27340
4641	5879
1340	1351
521	1350
2597	5230
9787	81930
567	3105
3304	3320
5829	6709
10970	326624
1453	653784
3015	5438
27095	149111
683	932
10254	23149
527	6836
22948	84790
3683	326624
1364	1365
6157	7311
10403	10615
1495	3799
26589	28998
6130	6223
57413	59340
139322	374354
6202	6217
950	25977
2792	391195
1778	3831
6790	24137
29127	64837
1058	64105
1173	8301
7272	10592
916	917
121504	440689
3912	375790
8590	285093
378	9276
1991	56729
9527	84516
983	6502
974	29760
3434	55008
3303	3320
23122	113130
10663	51289
2633	117854
10540	24137
6202	6207
1394	3973
5394	5822
6230	11224
991	1062
6132	6171
4617	4618
5516	10023
6135	6206
6518	196527
9276	10802
10952	58505
3903	64386
6175	6228
5286	29988
5717	9020
6158	6205
54577	54658
6189	6205
6233	23168
6222	9045
1810	55689
4852	5179
6790	10133
7311	65264
1981	6201
9320	10193
4593	57144
1783	5529
6387	6754
9138	29984
116	5746
399	57449
11118	11119
5685	5706
5368	50865
6133	6139
1488	6934
8351	126961
51604	84720
746	1603
712	7305
54821	57551
8886	23160
6169	6206
8329	126961
2960	2967
4584	140453
7156	63967
6171	6173
1325	10563
9306	9655
991	9491
6138	6147
932	945
6667	8648
10762	84271
60560	80018
1911	6045
10250	58517
9156	55388
1781	29127
6138	6230
219960	285093
671	10394
23160	56902
6426	6430
28514	54567
1933	6147
5624	10232
3356	6915
22794	348995
59350	94235
6155	6175
6128	6136
57405	113130
6142	51187
2867	23620
6155	6233
1956	2268
6142	6203
3687	441864
10885	27340
1292	5033
4736	6159
846	259292
2197	6218
945	2548
6137	6173
699	3796
2197	6181
1387	9967
8697	9604
811	10130
64792	79989
6129	6208
63915	84062
1778	2491
302	56729
6164	6207
4641	10890
6133	6206
7184	51726
1660	10713
2841	55970
4116	6146
55720	79954
9015	57504
6877	51593
1509	5768
9919	149111
1653	25940
51421	60485
88	2890
1639	3797
10749	11014
2197	6201
10528	55226
6139	6143
6727	7311
6222	11224
6520	8140
23047	151648
5872	53916
3071	6461
6218	7311
84861	143279
2788	5331
3304	10963
4735	151011
8451	51514
4599	4938
9144	11322
8349	333932
6232	9349
4357	54205
3688	5747
5707	5708
6209	9045
10130	10549
6218	10952
6181	6206
5528	348995
9020	10000
5699	64344
6133	6176
51602	84128
4736	6122
10802	10959
5688	11047
6129	6203
10466	10540
9045	23521
6139	6181
23014	143279
22930	84516
51023	219927
3181	10236
6144	25873
6601	57492
153	6343
10403	56992
3184	9987
1650	6122
28981	64792
10022	50835
23176	151011
566	4069
26519	56993
55884	115290
8329	121504
1991	4069
3693	3932
8349	79019
514	4695
6205	6208
2353	4773
2242	5361
6502	136371
3619	10403
6170	6207
4599	51191
6173	9045
4751	10133
6161	6233
3998	10802
1994	10236
8085	55904
6159	6160
6709	11014
5194	23600
10919	53615
23218	196527
9493	9833
3326	7415
7456	10458
1991	4353
2033	9031
1937	6138
1241	29933
6137	6181
183	51289
3799	10112
9493	11014
6161	6209
113130	151648
5528	9126
5747	7852
566	4332
1058	55355
5879	6385
3360	7253
6208	6231
4666	6136
1291	3685
11343	57552
2358	160364
2033	23112
5036	10576
6141	6193
6144	6205
8128	8703
5795	10857
1435	401138
2774	79290
1781	11190
3054	3607
4332	5657
9410	22826
6170	6208
6170	6206
6122	6228
1499	7534
6170	6727
6154	6193
3675	3914
7137	7138
6125	6204
5432	79577
5688	5705
9320	57542
108	7252
6228	7311
6139	6232
2847	2911
3115	10346
4014	5317
8453	9666
3074	5476
6137	6138
81	6714
1017	84515
2837	84539
1915	1933
896	6776
6135	6201
3659	3660
6130	6142
8514	11314
890	84515
3309	51726
5331	27334
9276	22820
9410	57819
9739	9757
5547	84061
10615	146909
23014	80176
5880	171177
10458	10787
3270	147111
1084	160364
6194	6207
3320	6461
1969	9564
2847	6363
6130	6229
6159	6165
4736	6176
3619	81930
8905	8907
6230	140801
6161	6175
6164	6233
6790	29127
6201	6235
23325	387680
351	824
25831	140460
4670	23020
5928	9070
1856	5869
3184	3185
1386	6602
2886	5155
3185	5725
2358	3579
1062	54821
6235	6727
10426	55835
2957	51616
27258	51503
1981	6164
5473	10321
5529	81930
64946	79682
4889	6751
2958	5435
1778	6249
6147	6165
861	57332
5294	7409
3688	10298
23322	79867
9793	81930
3796	3799
4116	6635
824	831
8570	22894
377	5861
6429	10236
6188	6207
5700	5706
400	55275
1956	5879
1116	5199
10772	27316
22954	23291
4233	6233
8329	8363
6135	6173
177	351
10664	22976
3673	3918
5023	64386
5708	7316
1431	2747
27097	79595
6130	6139
4069	6036
6625	11338
9790	22803
10096	10097
6223	51187
246	11283
11017	22826
6147	6161
5829	64098
7779	27173
2956	5422
6164	6168
5547	10970
9416	10236
5441	7314
6158	6173
8356	8365
24137	146909
5587	112476
5566	7283
245937	613210
891	1058
5705	5718
51023	90480
1453	1855
332	64151
4173	79892
7124	7316
5704	5718
2107	6181
3339	3915
259292	259295
6129	6142
6122	6164
1778	9493
1062	51143
5116	23354
1781	11014
728	6376
6142	6176
6868	7311
521	10632
891	8655
57115	114771
26173	51593
2132	375790
6154	6208
1956	10413
334	3491
9283	51764
996	8945
9875	55127
5434	10594
91543	129607
6790	9787
9564	10787
999	3728
1432	5062
51692	220988
6138	7178
2776	2788
6234	8562
7514	23039
27339	57461
6143	6193
3884	100653049
1981	6167
8853	11014
2801	81562
22845	57171
6160	9732
6168	6201
1942	2041
6143	6234
9002	27334
930	974
2975	10621
6206	25873
329	5707
4057	56729
6117	7156
10193	26046
2099	2625
3190	57794
8453	65264
1457	10051
7020	284252
8717	9530
9329	84265
27134	100506658
2633	3437
6155	6193
4940	10964
6154	6194
6667	10499
6122	6202
1191	2162
10236	11100
10592	259266
10767	22894
6164	6206
57111	64284
6233	140801
10432	23435
23011	51715
3187	10181
905	55677
25909	79172
6209	6222
2205	5335
6233	10111
9793	10733
6202	140801
996	51132
26285	149461
3921	6207
6222	6228
3107	5696
199675	338339
2788	2790
29118	63876
3956	7076
187	5196
332	9493
4707	27089
3685	9564
6232	25873
5707	7321
302	10383
7139	7431
1660	9716
6125	6185
6164	6202
4173	4175
2045	285220
2521	3181
5048	79003
11169	84296
55635	259266
92	7049
9928	11113
7316	55669
991	4734
4514	4538
3909	5829
81	87
6142	6168
163	9341
1933	6207
1237	9934
4738	54939
6167	6235
1314	10959
6223	6224
3192	23283
9228	9378
6688	7805
96459	201163
1933	6203
4208	5533
344892	390077
6915	94235
55252	221937
6146	6175
120776	344892
3240	56729
9700	23397
27340	55127
5368	64805
6307	51478
409	950
3396	51649
6461	6714
6122	51386
1601	8301
54881	55127
4686	9879
55168	56945
23047	55143
6233	6234
8453	89910
25885	84172
6155	6181
324	5519
8945	11059
2242	10371
11004	55143
3074	23197
3185	4670
996	23327
2521	3183
6158	6189
6206	6234
6147	6176
55872	64151
161	5869
9363	64284
6138	6194
6637	83443
1350	4726
25827	126433
4588	26290
1282	1284
8341	8969
6128	6224
9136	84365
7337	9867
6161	6188
23304	90025
5829	9459
6233	7189
5980	56852
1329	4726
26239	353132
248	152330
302	6281
6129	6139
2023	5223
6193	9349
1062	9787
11202	25818
1981	6228
22897	79598
9276	11014
55920	79023
5469	9282
6141	6222
10574	10575
2255	26281
22936	64859
5741	594857
891	6790
4713	126328
6167	6227
83551	134860
1445	26191
1499	5781
1062	1063
2065	3691
23304	29945
6233	10818
1398	10152
10992	79869
566	6036
6147	6173
4713	7388
6158	6208
4736	10399
1387	8085
6137	140801
6175	6201
6453	51429
22984	65083
7082	55243
988	9475
1050	2322
156	7852
65055	128366
6132	6165
2791	115557
5829	23209
389	6453
6142	6164
4343	7311
988	9774
302	2519
389	9938
4067	4254
55872	157313
5725	8661
6159	6209
6141	6232
2150	2788
156	1902
1364	100506658
3897	3912
1062	81930
9493	51014
6130	25873
9585	51014
1660	4670
2197	6234
2932	5704
570	23600
150684	150726
3685	8514
4735	79867
10574	10963
891	991
6138	6206
6159	6170
4436	254394
6518	326624
6154	6206
2358	6556
7832	85456
6138	6181
6850	9564
23322	80184
51118	51154
1277	5118
10236	220988
213	5265
887	5020
1058	11004
6173	6232
6146	6727
3683	8514
7124	10673
9282	9967
10291	10949
1292	10491
1111	54962
4343	6233
338	2266
10427	22872
5347	54820
6159	9045
115290	143279
3920	80331
26271	51053
5869	8027
1915	6206
1965	8892
1758	8404
51023	54998
81	1495
9767	11143
641	2177
6168	6218
3105	3133
7311	9020
3912	3918
6170	6227
5266	6699
8615	9276
6142	6165
1315	84516
27258	83443
3433	4940
80018	80155
377	9371
1956	10552
6193	6208
6168	6204
3434	3437
6210	27340
2774	285659
988	53981
6223	6232
6176	6227
9320	65264
1933	6181
9867	197131
10383	84617
991	29127
6165	6181
5699	51684
2537	9636
55175	56995
2048	5998
10577	56729
7249	57521
2521	3192
1660	6625
4771	122786
51088	84261
6139	6228
1022	2810
796	5745
6130	6206
9055	9493
1781	57545
5119	9798
5336	7525
27252	55585
55839	55920
7311	10952
23601	170482
3134	6890
5516	5781
1595	4047
383	1669
972	3109
11103	84916
3921	6181
6152	140801
1660	10492
846	2798
6135	6181
1915	6207
1536	3683
1830	3713
8085	9739
6133	6210
2197	4116
1063	23332
6156	25873
388	55843
2185	3688
904	6667
6122	6156
813	10618
1933	9045
3326	10576
23451	55339
5310	9727
5741	8074
6152	6229
332	259266
6224	6229
5692	5710
6138	6201
6128	9045
4689	7409
10885	81887
6156	6171
1292	1295
9738	132320
2932	23291
6136	6227
7337	84085
2185	5599
514	4713
302	23526
5725	10949
967	5660
6157	6208
3192	6625
72	58498
6169	6228
3320	85378
1213	10254
672	64682
9892	10109
25929	55706
2081	7494
10749	29127
10960	51128
1994	4670
6850	10787
6133	7311
1937	6188
5048	54821
7098	10695
6161	6189
3375	7253
4710	4728
4707	55967
2799	23526
8317	63967
10733	79441
7536	10772
6632	10907
2923	6185
959	10673
6130	6159
5437	7874
1315	2804
3685	199675
84085	154881
988	3066
6827	10302
9793	10274
6711	11014
1650	6745
661	10623
5985	63967
6122	9045
1781	4735
55884	122416
1453	6206
4543	4889
10153	55759
5822	22984
3054	8314
9700	23279
4159	53831
2932	5718
2491	55055
6189	27340
54556	92815
9459	64098
813	11098
6233	140459
831	5829
6135	6152
8542	84141
3183	3190
2846	2922
2535	8324
54908	91272
6164	9349
5422	55388
6188	6227
5518	7514
6143	6171
10236	27316
10298	375790
22954	23014
11017	11051
6167	6181
6132	6201
10199	11102
6231	114987
6143	6181
5422	5983
988	1660
6921	79754
6203	6234
7044	51097
9126	9656
47	1431
1595	3156
1277	1291
1656	54464
7328	9690
51465	84447
9730	84085
857	4088
5434	8349
1306	169044
11098	84141
6142	6235
23149	115548
23620	84432
4116	6633
6128	6160
5469	10498
389	257106
778	10369
9787	55635
5519	51400
9320	89910
2033	7874
338	51156
11014	23046
3619	10592
6135	6155
4924	5589
4049	115650
3015	5436
10403	57405
8969	653604
23160	55720
226	7167
8337	317772
7311	114987
6136	6189
1894	9833
867	50618
160	22872
6234	23049
857	284119
4707	7381
8886	55720
6135	6210
2804	10945
8993	10394
846	259287
6161	6224
4736	6139
2197	27340
3685	6385
1668	728358
6135	6142
79050	317781
6036	8635
9787	9928
1237	8811
1937	6157
2925	9170
6158	6234
6152	6233
8065	84259
2266	3698
9757	23067
3015	8290
1915	4736
6138	6169
3200	8338
6201	25873
1387	6601
990	5985
3111	3113
3832	9833
6156	6165
5579	9564
6233	6498
6205	6228
50838	259287
8178	11267
9570	22872
4173	84296
8615	8729
146	2846
3479	7044
521	9551
6167	6189
2635	6672
55125	79959
7337	8697
846	50838
6233	64410
7153	9700
966	10970
2633	4940
3267	5869
6181	6235
6746	28972
5565	51094
6233	440689
1573	8529
1400	56896
2633	5371
5346	400569
595	5694
1277	1292
1509	10159
6189	7178
6139	6185
1453	6189
64976	90480
55662	80351
6632	10465
80321	121441
1495	6714
2768	5879
372	57511
6428	22826
8074	8404
5094	51692
5000	5558
3106	3134
3191	11338
6135	7178
2197	6158
27340	84916
6159	6176
6133	9887
1295	55214
2792	128366
2799	3074
783	10369
6430	57794
4174	81620
8301	25977
2064	5599
3106	3107
6175	6202
671	1991
79600	79867
9655	50813
28981	150737
1063	5347
6204	6218
10285	10914
4709	4713
1292	5351
6167	6204
3156	6307
10102	64928
9782	23435
1457	1857
1329	29796
6830	9646
79867	121441
6203	9045
301	5368
7272	9833
2935	6181
6170	6228
5695	11047
57122	57551
2268	9564
2348	11316
7529	51552
51602	84946
4709	4726
1387	2033
108	5179
5695	7314
4686	23511
6129	6228
6203	27340
4670	51692
3640	387129
2767	5296
6181	7311
6133	6231
1778	6709
117579	134860
5878	10618
10574	10693
4670	10432
3190	23435
6138	6205
8697	23291
7027	7298
4088	23327
10426	55755
26524	126374
6230	23521
2912	6751
4695	51079
4540	4707
3181	10432
6139	6209
6124	6138
6154	6158
1278	1634
5149	54714
4735	57545
1453	2197
6605	11198
3357	56923
9793	55746
341152	344892
5777	6850
2266	3827
324	6233
2034	9314
6233	285231
6135	23049
2207	7305
1237	27199
6138	6160
9700	151648
5116	55125
6146	6173
4332	6037
3921	6230
3437	91543
2935	6176
6173	6176
4948	7299
1910	2865
5361	8829
7979	9978
2059	10458
1603	58505
2537	3430
6222	51187
3703	6185
4939	10379
3192	23350
9793	55755
6159	6188
3303	9531
9354	83737
259	2244
5592	8654
6207	53918
6168	6235
6047	9320
6155	6230
9076	137075
6147	6234
1633	2987
6124	6160
6428	7919
3978	4176
6133	6168
6155	6208
8970	85236
6173	6188
514	1350
6204	6234
9631	23279
5526	81565
1536	338339
1793	5829
4069	6037
2318	3688
5347	9055
23160	56919
10376	203068
1639	10540
2648	25885
160364	170482
10426	11064
1233	56670
6804	6813
3832	10615
6091	7852
1462	10082
6201	6223
3579	126006
3192	5725
5695	9232
6160	6206
4591	65264
1350	7388
4173	5422
10970	196527
3827	51156
6168	6208
1739	4646
2896	10493
6863	84432
5436	6631
3937	7462
991	51665
6135	6159
3912	11098
24147	79633
29945	63891
6175	6232
6146	6229
4538	25915
8027	51429
7514	22919
6866	8997
51429	152503
10236	10921
1783	29127
9798	27183
6224	6235
1453	6204
5347	51512
335	51156
5424	5426
10403	10592
5093	5434
6168	6173
6136	6206
6231	6232
8969	121504
6772	9021
6128	6235
1237	5173
4710	4717
6233	26523
29093	51258
1462	3915
3361	9290
1508	1514
9793	23047
5528	113130
6184	100526842
10412	23517
26354	54475
4116	51639
1290	3685
685	1956
57405	79980
7311	57154
344892	387748
5861	9276
4670	9128
9221	23160
10376	150465
3659	6737
3054	25942
51350	112802
6184	29927
10112	55635
891	5526
10161	257313
9349	140801
22930	25782
6455	8871
1445	54845
9371	24137
3184	4670
5179	9210
983	79172
6130	11224
6124	6142
6136	6156
4837	284119
226	2023
1453	6231
6234	9045
991	6790
6167	6218
6152	6206
10121	57545
6136	6176
4508	4514
332	9833
5294	7852
1813	5443
10466	10618
3915	10970
3181	3191
10458	55740
6164	6167
444	3091
6714	57670
6133	6165
5439	6923
6193	6228
7153	55746
274	8871
1062	259266
22954	57630
11190	54820
6135	6154
4116	5435
6158	6161
4713	4728
301	7852
2266	3481
79023	129401
8175	57794
5518	6232
3882	54474
567	6890
10540	80184
6224	6230
79954	84154
3178	6626
53339	197131
6161	6193
4057	10321
6799	6817
1084	1088
5880	10458
55746	57122
6205	6222
5529	51143
186	2914
6154	6202
23076	57696
1111	2178
6188	11224
6137	6189
1387	81857
6285	6288
9782	10949
6203	6205
6161	6168
6165	6232
4927	9212
904	5451
3854	3861
1665	55127
1173	9341
1915	6139
6138	6228
6135	6232
11059	23291
3488	7857
6152	6207
10890	55667
3360	10888
4736	6228
6924	22916
6045	171023
55832	57542
51023	64976
3915	4240
29088	51264
331	6233
1063	9833
5879	9046
1080	2147
5879	9475
6175	6224
1230	29899
1325	6752
6908	54815
55831	56851
2799	5707
54998	128308
4666	6129
6165	6168
23586	83666
9493	10749
604	933
1778	6232
5777	5806
4707	29796
6207	23521
5438	6637
4867	91147
993	84126
4713	27089
1660	23020
6138	6156
8568	25926
6147	6206
1329	27089
6124	6206
8698	63940
79954	84128
6146	6176
56923	259292
966	100049587
64976	116540
6209	10952
6194	6234
6156	6227
29126	80380
5708	5970
10949	84991
6133	6147
80740	171169
3619	10112
5529	22919
3921	6161
1511	8635
25798	326624
111	1812
1387	4205
7043	10916
247	3479
6130	6164
1063	4288
3185	10921
4839	55720
1950	6678
6209	6210
3190	11052
3640	5443
6135	6144
8581	154064
715	716
6711	8615
2475	6654
10403	151648
6209	6232
6132	6222
2222	3157
10466	79571
963	3683
813	7184
389	9411
1062	23332
6122	6185
5880	257106
1727	5707
518	521
163	5878
6234	7311
6229	7311
11004	23332
4116	29107
3675	3693
117	5741
51096	57696
5929	23067
846	5737
23533	55361
344	6382
10618	55330
51692	80335
6181	6234
6128	6154
90293	285231
6146	6235
6146	6194
6135	6203
6154	6232
5339	6189
1291	3688
6049	23304
22954	89910
3015	387103
4332	8635
6122	6159
3978	4172
6146	6159
3850	196374
1933	6169
523	155066
1453	6203
3188	10594
6160	6204
11339	55143
3561	3635
3882	121391
51172	84572
5903	23511
23160	57647
6147	6205
811	5589
1933	6233
5054	5328
6135	51187
336	5948
4724	4725
1793	5880
3364	5810
2150	55970
1933	6189
6201	11224
6176	6205
23244	57551
6181	6203
4069	4332
671	56729
3433	3437
6203	6204
4947	5708
2810	3655
2550	6363
6635	23524
5777	7852
3433	23586
2792	65055
3663	4281
2207	338339
8615	9570
6135	6193
10693	22803
6518	9725
6160	6209
671	8993
8945	23014
22794	23398
7327	8925
5528	9700
6129	25873
163	274
335	338
3866	3880
26290	56667
4064	9450
9655	26190
1994	9416
5861	11014
1783	5903
89910	90293
2268	7525
1650	6130
506	8802
6130	6136
6223	6234
6168	9045
84870	343637
2550	3579
3308	55706
1292	5352
57129	63875
25978	92421
7454	10458
1781	3797
7337	10489
673	57498
5594	5781
55168	219927
1063	7514
9793	22974
3312	10808
6167	7311
7311	8290
2960	4763
7249	7532
6136	9045
1058	9212
9685	10618
4233	64759
7409	653361
2790	9138
4952	9341
6203	6231
1063	9793
6235	9724
4709	4710
6159	6208
5077	6663
27316	65109
1058	55143
3688	5788
6164	6188
5702	5708
10539	57019
6143	6173
332	151246
6170	6232
6158	6170
988	55770
988	11193
972	3119
399	57522
4659	5515
23067	57690
26259	55819
3191	10713
1394	4160
3312	29763
6135	6164
7337	23309
143502	285093
57662	144100
6169	6189
10660	390598
6133	6203
79019	85236
4736	6210
388	9459
6188	6230
6122	9349
4986	338442
8689	121391
6363	10563
4599	23586
2197	6167
5717	51330
6233	54363
1303	5033
3886	54474
3184	3192
5903	23279
824	7525
830	1604
23067	25942
1933	6175
1364	1366
1241	55970
55279	285237
389	5217
1292	3685
1069	27077
3833	55143
7343	9013
6657	63978
5707	10383
6223	9790
65264	90293
389	94134
11145	122618
6202	27340
3713	6699
3148	8125
23646	147746
9793	23244
6130	6222
2537	3433
6122	6208
6130	6157
9055	22974
6161	6181
1017	4999
7428	26259
1981	6210
813	1435
25926	117246
90	657
9412	55090
6432	6434
3993	84612
930	973
5286	9685
3688	5879
5579	55970
6157	6234
1236	2841
6152	6201
5023	326624
3691	3909
9793	10403
3886	8687
1435	1462
5578	5588
9410	10946
6139	6146
174	6694
5660	10970
6491	284403
9551	27089
3213	8338
3191	10236
695	118788
3912	11167
2268	2817
6136	6144
701	113130
5880	10298
5715	7979
6203	6227
79172	151648
5869	6453
899	9700
2767	9002
6156	6232
7409	10458
26123	79867
4540	4709
146	886
811	7184
6125	6173
1062	2491
7341	129401
4088	7048
4544	5443
3048	3050
6164	6181
6698	353135
5433	51362
23304	56658
6160	6181
6210	6223
6164	23049
9276	26286
6141	56915
399	9138
7450	54756
2635	3659
6203	6206
1793	5747
7415	10576
6234	6235
6426	220988
4540	4710
9055	10376
6165	6235
84648	353137
3837	10575
1783	51014
522	9556
3274	285601
6125	6167
5903	25909
1452	5714
3190	7919
8615	100302736
7153	7298
864	10413
9877	100381270
11051	85313
2935	6234
623	2357
996	5347
8243	23244
6138	6207
6170	6176
54577	54578
9436	9437
6210	22984
5829	10298
3030	3032
6168	6224
2784	6752
10254	22848
54625	151636
6133	23521
4626	8735
462	2155
