988	6950
152	5580
4867	79600
6138	6159
1910	2865
3832	9700
5880	9138
2932	5516
1387	10498
1650	7841
6229	6230
1289	7373
113130	151648
5862	5870
6139	6155
6205	23521
3915	11098
4283	6364
6155	6176
4724	4726
11017	22826
23322	121441
8992	127124
55066	57546
23122	23332
8491	10746
7042	83706
51602	55759
1232	4986
2817	6382
7424	8828
6426	220988
6176	6228
6233	9045
6230	63931
6201	6227
6137	6173
1490	25937
4793	5704
7311	126433
6159	6173
3619	10403
25942	57690
6167	6222
4736	6173
6173	6203
6205	6223
6201	6234
5515	6500
4706	4725
2597	5315
6194	25873
3192	27316
6434	7919
5707	10577
6165	6209
6752	283869
6206	6218
6790	55165
3178	3609
4694	4710
4242	4853
8341	8970
4512	4536
26005	80184
2247	3685
6142	6224
1233	94235
11218	79084
1559	2326
6193	6227
64792	92104
3920	6836
1269	8698
3304	10963
4641	5879
9221	25885
6144	6168
6143	6231
3688	3918
671	1991
6144	6176
4735	79867
3688	7045
2242	6237
6230	6233
6189	9349
8452	9870
2197	55176
8301	9341
6228	6232
3675	4233
9886	221472
1058	9133
3918	9459
4088	5054
991	5905
6206	6208
6146	6230
4116	6165
26531	344892
6161	6229
10574	10575
2222	4047
2157	27095
8581	27076
6132	6204
10618	79571
22948	84617
8661	8672
1387	6667
1213	8976
3931	23659
6202	23521
11014	11015
2841	8698
4540	4694
3109	3122
7311	89910
10885	27340
163	26130
2071	9014
6210	9349
26224	283807
6233	9732
7311	8295
5710	51686
26019	51121
4736	6176
55142	203068
22930	25782
4670	220988
22954	55236
23030	51588
1639	24137
6137	6154
6129	6159
2792	138883
1233	5196
6142	6164
3619	23047
6165	6173
5439	5451
2071	2967
5747	7852
6189	7311
23020	27316
2222	3422
4700	4726
6169	9349
2178	7398
3635	5579
1994	27316
6143	6193
1236	5443
1994	3609
399	7409
3561	5599
9493	9833
4736	23521
3190	7536
1364	137075
3183	6428
1175	5878
329	7316
6129	6133
6159	6222
6141	6176
23412	51725
6130	6169
1956	54206
6628	8683
8334	440689
5725	10594
10772	10949
1490	7004
1329	4726
9371	9493
5435	5441
6233	7189
9742	23059
1286	84570
1289	5118
999	3918
4240	5954
3698	3827
26525	84639
377	51014
7175	57122
7514	23039
6160	6232
6155	6168
57405	79682
5528	57405
6156	6235
6152	6161
23160	56902
6158	6160
4173	7298
6161	140801
7311	23586
6130	6193
624	339403
5869	51715
974	1445
332	9700
5692	5710
51639	84844
3062	64106
79050	317781
27241	166379
3133	6672
6154	6159
1462	8542
23047	55143
1173	5962
1781	57545
6158	6223
2535	4919
8243	10274
322	333
5433	6426
6477	9627
4116	51639
26589	29093
26190	140459
6152	6218
11190	26005
55629	65110
6143	6202
1991	6037
5425	6117
81930	151246
859	6442
6432	6628
388	23526
6141	6202
3015	79682
5516	5523
23304	29945
9791	81490
1956	5579
6203	6223
6934	83439
3303	9531
8349	387103
197	462
6154	6201
3646	8667
26523	192669
1843	3304
1445	7525
4538	4541
1277	3685
9246	11275
3993	84612
4171	5984
6222	23049
5829	55742
2064	6233
6157	6232
988	10767
6194	6207
5440	80349
5008	7297
3270	8074
10749	11127
5201	84617
6155	6157
7283	22974
6161	6194
857	64750
4697	4700
6185	84061
3915	10970
1557	1559
79867	91147
3054	9739
9787	29127
6156	6159
345	2262
6164	6165
6285	6288
6218	6229
9564	10458
55142	440145
705	23560
5704	5718
1063	24137
1387	8085
83551	319100
1277	8974
6158	6159
6133	6143
3017	121504
5872	53917
11274	23586
1237	27199
6144	6230
5435	6875
6224	7311
6128	6175
3837	9631
2359	6370
3134	3660
1788	6045
904	905
6152	6194
8945	9820
25	5159
5829	375790
7018	9829
55755	57787
50831	339403
983	219771
50840	259295
5433	22794
9700	10592
10121	57545
399	9743
11235	25843
25831	26091
3192	6625
890	84515
9002	55970
1965	8892
2850	7434
4713	27089
10921	23524
2846	4923
26190	54165
3880	4072
885	3061
831	23209
1129	5733
5878	54885
6637	55505
5605	84292
5983	57804
87	5768
1994	4670
1781	9493
26146	55112
10425	84085
3685	160364
6144	9349
2935	25873
6429	6434
2159	2266
6139	6194
972	3115
932	199675
6122	6161
1495	6714
4695	4700
8568	51096
10236	23020
5660	7852
3320	84962
7082	25937
1902	8477
2033	5929
8945	143279
1665	23350
6637	83443
10376	150465
3397	7057
2197	6152
6165	23049
6181	23049
6461	6714
23218	196527
1908	23620
6135	6158
26268	64682
5516	5707
6133	6170
126328	374291
114	259285
2197	6160
10613	11160
10574	10963
5199	10394
1048	171169
2935	6235
6146	6233
1915	7178
1783	24137
10236	51692
10607	92856
6141	6205
9793	121441
6124	6222
6139	6204
11325	51690
2792	26338
9978	158506
1515	3122
201475	326624
55635	259266
9493	22974
7311	55008
4695	4726
6950	84617
6233	23112
6233	25873
6124	6175
2251	8823
3071	7454
6133	6155
6189	11224
9508	57188
5929	284058
9738	132320
4724	29796
26155	117246
607	8945
2533	3937
6625	10523
29984	257106
1548	1553
23014	79791
5822	22984
23295	54620
1350	440567
7097	7124
5983	8451
950	7316
6194	9349
6154	6218
3837	55706
6142	6235
2798	56923
6159	6170
6164	7311
23063	23122
6203	11224
1933	6206
6128	6189
6130	6160
6218	7311
7536	10949
9039	136371
26589	51069
6138	6201
10403	57082
6159	6202
6147	6218
6122	6141
23304	64682
920	5335
6194	6222
6500	7314
5829	9844
6124	6139
1445	1956
3190	220988
2243	5345
6210	6235
9439	23097
1295	55214
3422	4800
16	2617
1277	4060
5393	51010
6210	6234
5695	6790
6173	6218
3619	9700
6146	6169
9742	28981
57551	79172
2099	54828
1915	6207
3594	7297
4160	104909134
8689	286887
6152	23049
6750	50837
4736	6228
56923	259292
7311	7321
1937	6188
29127	55872
1956	115548
23354	132320
6204	9045
8581	154064
29093	65003
834	114769
5725	7536
1944	1945
699	1058
6185	7841
5707	7316
6203	6206
6155	6206
9493	64837
6152	6160
338	3827
6206	27340
11103	56902
4708	4709
2804	64746
6122	6173
3915	5879
5707	10383
1398	1793
5829	7525
567	6672
10499	23389
9636	10561
6130	6202
3113	10346
6167	7311
57153	79895
6206	6229
6209	6222
9282	9968
6804	6813
6155	6234
6233	27340
3921	6209
10013	57649
8065	84259
1511	6037
778	27091
2956	23028
332	24137
3071	9844
9039	10425
5438	83443
8689	54474
3827	51156
8615	10959
6234	23521
4734	64750
6164	6176
5529	55055
6203	6218
4713	4715
5707	6386
930	933
1356	54757
55720	57647
904	5431
5861	10972
5707	7321
3915	5954
4508	4538
1660	51692
1937	6135
2920	3569
8969	440689
1809	8851
6135	6144
54443	55165
10885	22803
6232	23049
1639	9493
51088	55832
6210	7311
6632	10907
1816	104909134
506	8802
51096	57696
388	55160
6619	10623
3320	5829
51343	142689
1662	10528
29763	54874
1956	284119
1063	9793
1778	81930
3185	27316
6158	6234
153571	153572
6146	6147
6173	6235
6135	9349
5706	5718
9739	23067
4700	4708
5931	10664
10466	55275
51023	90480
899	56995
1911	57504
220134	348995
6950	10376
4539	4540
6209	6235
2033	6667
988	5062
1452	6500
5861	9276
9727	55770
3912	375790
3184	9716
8027	25977
6132	6167
695	6850
301	2788
2197	6139
9604	23291
8334	8337
1783	5516
6227	6727
328	10038
8881	29945
4148	10272
9354	23304
3157	4597
1272	83464
4298	23168
988	5725
6194	9045
891	6249
9320	10193
4952	54874
23355	27072
3579	729230
6133	6230
10112	51014
1894	5879
8560	196527
2967	51426
2537	10561
1544	169355
2801	10802
4519	4539
2956	4436
6142	6158
8514	10857
23244	23332
6156	6171
3183	27316
3105	3106
3482	22848
4712	7381
6154	6223
7536	10523
6707	147409
10236	10432
79583	79600
6164	6188
1781	6993
1294	2157
7137	7138
10075	51132
3190	27316
25831	143279
8729	10121
3202	3203
4709	27089
6091	7852
3619	79172
6161	6208
23582	25949
6165	6169
8321	8322
8886	23160
1956	3655
3133	3660
6249	151246
6125	6167
1063	10615
2863	7204
6133	6223
3178	7536
6124	6228
5725	8661
2079	6428
4736	6136
3240	4069
2735	79809
3854	9119
8548	64746
6168	6194
4713	4725
6663	27022
1969	5747
6836	22820
6209	6231
5108	22832
1937	6125
1120	1375
156	1902
2968	6882
5438	51755
6222	53918
2548	6556
84902	91147
6202	6233
2918	10563
9276	10749
996	115290
4738	285231
5347	259266
90550	91689
5604	8826
187	1233
51143	55055
641	5427
1906	1956
4701	4713
9341	51429
6157	6205
2197	27340
672	8314
63915	84062
1981	6223
6147	11224
3921	6232
990	9700
1453	10427
389	9411
6233	158506
9491	200734
9700	10735
5869	8322
6170	6207
6657	63978
177	351
3688	5879
5093	10181
4710	4713
6699	6707
29088	51264
1495	5584
5928	10014
3579	57413
3039	3048
6204	6223
1500	4646
2768	5879
6224	6232
2813	55350
6129	6164
6207	9045
1650	3920
4173	5983
336	51156
6233	8322
351	8698
9730	84085
7139	7431
6193	6231
6152	6208
6133	7311
6164	51187
6129	6168
8737	8878
8842	92211
7298	10403
56992	64151
4173	84296
85476	90480
6129	6147
10250	55749
3190	5725
988	53981
778	10369
719	63940
8542	84141
2811	2814
7311	114987
6146	6160
1969	6714
2923	3309
6156	6209
6222	27340
1778	10112
5335	6776
8661	728689
8351	8365
1292	3688
846	50835
1103	162466
5529	5718
57122	57551
6137	6169
26524	126374
991	9491
2922	3061
6175	6223
26	10562
6144	6206
9585	29127
6430	27316
3685	6518
2071	27125
6159	6232
81930	83540
9212	83903
22954	23291
10155	90233
7311	143279
6147	6233
3619	3832
54821	57551
6129	9045
6229	25873
6147	7311
128366	132112
10342	10427
274	11252
9793	51143
10381	84790
4715	10476
3921	6159
9493	51014
1387	27327
4695	4713
2521	3190
3361	4283
6137	6139
1398	3937
3071	3320
10857	326624
6124	6169
988	79595
6232	7514
5516	81930
6176	25873
6434	220988
7314	10920
3685	5795
1778	6232
6167	6170
4736	11224
9343	51729
4829	10886
5443	6370
6130	6141
9371	79989
4540	25915
890	9833
419	390243
23223	26155
56165	136991
197	5005
57599	57804
10533	26091
11190	203068
7328	57154
6193	6206
10992	79869
5715	11047
22995	163786
6152	6230
887	3827
10749	11015
1933	4736
6128	6155
10466	79571
4738	6923
4713	51079
1859	5928
3199	5438
988	51692
3184	9343
6155	6202
5878	10552
1910	3827
3797	92104
23291	26190
9793	55746
7857	54757
6152	6229
3075	3078
5528	113130
3543	7441
187	6370
4141	6301
6135	6233
1291	10491
6518	196527
2790	22948
1060	348995
8945	26268
6155	6203
10155	79943
3185	3191
4736	6147
9787	11339
1277	22801
2935	6122
6229	23521
9277	51010
1307	169044
7311	23049
932	10970
10640	23265
55702	56949
6164	7458
6155	6194
7283	22897
23601	160364
6161	6171
991	51088
6135	6230
6230	9349
55720	84916
3683	3693
51650	54998
6130	6188
6878	8295
3915	59277
50838	259287
5879	5898
4540	51079
1347	84833
966	5023
51585	79869
6204	6229
4700	4712
6132	6170
9329	10621
163	51429
5711	8697
2792	254973
1327	10328
9601	10130
5093	10594
4586	4588
988	55183
10199	84946
6164	6218
183	846
63891	390594
8698	63940
51023	118487
1232	50834
1497	23729
6137	6189
1499	10971
3619	10592
9553	54998
6139	6142
10121	26123
2932	5707
6426	6432
7175	26097
10574	84617
4986	50834
10155	80110
1981	6133
864	10413
24148	51340
6385	10755
3921	6160
641	4439
6142	6209
2519	3074
2551	3054
185	2641
6301	23395
28998	64960
10749	51014
5795	326624
51692	55749
6128	25873
6207	27340
6129	6139
2683	84061
5872	23265
7316	8864
26268	57531
2064	3320
5434	54845
3054	80335
6168	6228
22919	54821
4700	51079
6146	6170
2792	391191
4591	55658
29093	51023
6147	6204
1310	169044
163	274
10970	64386
4736	6201
6138	6188
685	1956
991	1781
6235	9349
5828	5830
1650	84061
6159	6204
6125	6181
6233	8450
351	54972
5516	5903
287	10121
1605	5829
4519	4536
10540	22930
50506	90527
4736	6235
6428	10236
1942	1969
22974	29127
983	3832
6144	11224
7003	25937
27292	84135
6233	140801
1742	8831
996	5717
6241	9700
22984	79039
3054	23067
2125	5493
2203	5213
391	9743
3833	29127
6194	6209
695	2207
6164	6235
6135	6181
988	4999
4862	5054
6189	6224
4670	27316
6556	23601
4512	4538
1291	1303
719	8514
8925	10489
389	7204
4591	11059
3688	7424
9031	221830
1435	8542
566	4125
6133	23049
6133	6205
8356	8365
6703	6704
5194	7311
4952	5286
891	5516
9787	9833
8189	10523
6156	6203
9126	9793
813	3912
6122	6160
5501	25909
1956	9341
6155	6164
6142	8666
9133	55355
695	5335
7184	10130
51382	222487
324	5699
3856	5493
10291	27316
56995	84085
8688	286887
6224	9349
4736	6194
6144	23521
3932	29760
4171	4173
27042	55127
6427	6434
3921	6204
3576	6347
1287	1288
6223	6234
8349	79101
6146	6208
983	79959
57082	79172
1063	5501
3689	199675
5037	10256
1435	401138
8925	197131
919	7535
9730	10425
680	4829
6169	6233
5439	6875
6631	51639
26476	344892
6233	6234
5328	5329
4171	4678
8843	27198
6165	6234
6491	259266
11100	11338
6135	6210
10112	10749
6139	6210
8723	51143
6288	6357
1107	23186
6147	6193
1325	10563
397	398
2641	10203
2358	160364
2209	6688
7153	9700
5869	8976
11128	55703
6176	6189
6455	23149
5528	11004
796	797
55766	57459
6230	25873
9968	10499
8453	56995
1605	3672
5726	6755
22974	64151
8638	91543
2957	5433
1439	3635
55003	84154
6776	26228
50835	259292
6249	81930
640	974
1783	81930
393	399
1050	7124
5339	6194
6181	6194
7311	10252
1398	85440
26146	92104
6128	6170
251	152330
6173	11224
6193	6230
5204	6637
51373	64951
6181	6207
11338	23636
3267	10254
6157	6208
27258	83443
6141	7311
1603	100128731
6233	55669
3849	140807
9020	10000
3111	3113
2863	3269
8662	9669
1994	11338
6161	6204
6202	7311
6133	6144
3655	3912
89910	143279
372	57511
6146	6228
776	786
6144	6160
7316	54677
3215	3216
7325	7704
6714	7402
55746	57551
374	2069
2917	27199
10112	29127
6161	6224
1660	9343
102	1495
991	55355
3911	3918
5048	54821
6222	6234
4736	6169
3921	6230
23295	140460
10155	201514
4171	11073
51069	64928
6125	6204
389	29127
1364	1365
3512	57050
23586	29761
5071	23352
5119	9798
1387	2033
332	7153
6147	6155
6155	6209
226	2597
4952	9886
7454	10458
6160	6202
135228	266727
64781	340485
9972	23511
2740	5739
3055	9844
3185	23283
3308	9631
472	84464
353137	353142
6152	6206
285093	390190
6207	53918
966	10970
302	3074
1902	63940
3148	8125
161	5869
10959	51014
1291	5351
6128	6144
1933	6154
2242	5361
6181	6209
8570	10657
2784	5741
6201	6232
6138	6167
6228	10399
7434	594857
9318	140461
10885	84172
6156	6164
5516	55055
336	4547
6741	9533
1174	6456
353137	353139
6159	11224
3071	7456
11127	64792
2195	7124
5023	10970
8295	79595
6233	22848
50615	59067
4514	4537
1642	9730
861	6595
5426	9126
1452	5516
29127	51143
3710	5575
940	5879
2967	9014
3356	5731
2197	6210
4714	54539
84231	140460
988	10640
7316	7328
695	118788
6136	6188
9700	9793
4707	54539
6124	6133
5424	5426
7316	10552
6383	284217
6176	6194
3491	10272
9787	10112
2197	140801
3178	6421
988	23397
4735	7283
8729	9371
1981	6230
6161	9349
10236	11338
4718	4724
57630	83737
5869	8411
22984	26155
9934	27199
2197	6154
5422	10714
7428	26259
1314	8729
5501	9126
1812	10268
988	203068
7153	11004
6461	9844
799	1812
50838	51289
1783	5903
55055	79172
4298	9646
64946	79682
8082	8910
28998	65003
513	374291
5023	326624
6233	126961
399	6453
1660	1994
6176	140801
9221	23160
983	9972
6159	6223
2197	6168
6453	10552
6156	6175
6152	6204
1277	1292
988	64682
3192	9343
4736	6125
1453	6218
945	100049587
4540	4707
2033	4089
6223	7311
796	5745
6136	6222
6143	6169
126638	353135
10484	11196
811	2923
3015	10284
6142	6231
8329	317772
92104	150737
7311	56288
6206	11224
79501	285093
10482	23279
3659	54739
9037	23275
1824	5493
148	2837
79865	340205
2847	6752
6755	339403
6146	6161
1453	1855
3066	84289
6168	6234
399	7204
6222	23521
7305	10870
51264	118487
6194	6204
64928	64979
1781	6249
1062	1315
2625	5241
6272	79158
3191	9128
6143	6223
6139	7311
1665	3190
7311	57530
23304	154881
3685	3693
6154	6228
623	2357
10161	257313
9329	84265
6142	6143
6139	6218
6133	6154
3190	6434
8243	57082
186	84539
6249	401541
1477	6431
8976	9341
4176	5422
7919	10949
22954	57630
6222	9349
3718	7297
1778	57545
4736	6171
399	9411
11339	51203
1306	169044
53354	60490
6136	6138
9025	9656
1605	5747
6624	51411
5230	7167
7249	57521
3681	22801
643	1268
197	2266
26173	79034
6128	6235
4116	6632
6193	6232
84676	140456
5861	11015
4695	4707
1084	160364
4713	4728
3181	10236
6128	6133
3685	375790
2036	8573
3886	121391
6168	23049
4116	6168
1288	340267
6156	6188
695	7454
6147	6170
1495	1500
6514	6927
7466	51280
4670	6421
57530	100506658
1942	9564
4536	4537
3191	9782
1063	9126
11051	85313
6430	6432
6160	6228
3559	8651
2914	3350
6168	6173
9690	57630
5708	51330
991	10112
1854	7298
1325	2784
5093	6625
3619	23511
1642	8607
2537	3433
10592	64151
6208	6229
6136	6175
1601	8322
5196	5473
27316	65109
112	1880
7409	27071
3184	10189
28987	51388
389	2064
7919	23435
3799	11127
8189	51639
8969	8970
27	10486
3437	23586
51234	56851
10921	55746
999	1500
6136	6169
22984	55127
5516	151246
2147	4295
6138	25873
1991	8635
6184	58477
2692	2838
6233	143279
6176	6210
7458	8662
974	29760
10321	57554
6156	6170
341152	344892
867	50618
1579	8529
10274	55055
3376	6301
115290	143279
6154	6233
705	84154
4288	51203
2207	2212
1174	10016
4686	50628
1069	4867
23304	26046
2268	6714
5869	5870
10153	55759
3619	151648
10403	10592
344892	390058
6160	9045
7204	29933
988	9631
3055	3684
671	5657
8648	96764
671	56729
2197	3921
6139	6232
10959	50999
6868	11319
5054	5328
11073	63967
6161	6227
6009	7529
6176	6218
8453	9870
3886	8688
3685	3688
23168	56254
6171	6234
28	2525
1783	29127
11325	83443
9276	10427
79473	344892
6129	6175
1105	4343
9752	56141
6128	6130
51	55825
11116	79959
8349	317772
1487	5928
3978	4172
3191	51692
6125	6164
3015	8290
3920	5660
1783	6232
57674	151636
4690	10096
197	2243
161	8650
156	8477
3192	6434
10772	27316
6175	6233
153	796
2237	10535
22995	27229
1398	2185
6122	6222
5660	6376
5528	9793
3184	4670
344892	390064
6167	6229
10250	23636
3655	7057
3659	5696
6167	25873
6133	11224
811	10130
118487	128308
1950	2277
1601	10618
10713	26121
6150	116541
6222	6224
6203	25873
23601	79895
6176	6181
1387	9757
6201	9045
26190	55236
1116	10394
4713	10632
273	8673
23197	56729
389	64333
6631	6636
2784	10563
6168	11224
891	1062
2178	6118
23160	84128
4332	6037
4738	9978
6169	6204
7158	7311
5708	5887
683	338339
623	2861
6164	6169
84163	389524
6601	6602
88	4626
55252	55777
3842	54464
6133	6207
7311	8453
3688	6709
3320	10598
4535	4538
3178	6428
2147	2266
3836	22974
9184	57405
8945	10075
115106	440145
5286	7311
4713	4717
9349	140801
11202	25818
1969	3055
4116	6170
6147	6223
55872	83540
142	5981
672	7979
4173	55388
6170	6230
6176	51187
6169	6210
891	10112
1329	1350
4361	10635
5872	8766
6136	11224
2214	2215
6206	6224
5471	10606
3437	10561
7272	55635
3017	8329
6141	6161
93	4093
6170	6727
5701	139285
5739	5746
10921	10949
9570	22872
2222	3157
6434	10432
990	5985
846	259287
6181	6223
6181	6229
6139	6234
55720	79954
5747	10458
932	966
516	51287
2132	6385
23332	146057
6181	6201
891	7314
6142	6155
1121	51715
23244	57551
10236	10594
5179	6751
4709	29796
84946	88745
4736	6159
5725	10949
6173	6208
11190	22919
10199	84128
1741	22941
6173	6229
1337	4697
6138	6156
6209	6230
6124	6230
5473	11251
1453	6207
640	3932
383	1669
5707	7415
5519	5781
3796	5519
23526	51816
1783	11014
8453	9820
351	55970
5336	79837
344892	387748
10749	29127
6158	6230
251	23627
10813	65083
23279	23511
389	394
9412	55090
5438	51503
3190	10594
3430	3433
3157	6307
3123	4261
2623	6886
4706	4717
1576	2327
1314	10959
4539	374291
6204	11224
6155	6204
1269	63940
1962	7311
109	59340
6230	6234
6434	57794
566	8635
9371	51014
3675	3693
6164	6170
5880	27237
9128	10594
3191	4670
134	6376
3174	6927
6461	7409
6130	6232
1325	6373
6201	6231
3106	3134
2550	6363
6207	6218
84870	343637
6154	6227
10663	56923
1915	6206
2912	6751
2317	3688
2197	6156
11015	23046
26118	54951
3184	6434
6122	6138
6206	6233
156	2767
7516	348654
338	462
6156	6204
963	3903
1292	10536
6202	6224
6160	6165
6233	55670
5611	10525
3832	64151
890	26271
6206	6230
5717	6790
57405	348995
6152	6157
84078	89890
285	7010
6161	6232
161	24137
146	84109
4736	7311
5347	10592
996	54778
595	5694
5438	6635
5315	7167
6169	6193
5441	5901
26239	353133
23011	51762
7110	10618
6160	6176
6456	9892
6634	22827
6189	6201
6122	6207
84231	90678
238	943
1120	5130
6155	6193
6129	25873
4695	4724
3915	10298
6426	6428
5516	5711
51081	51649
353142	353145
6139	6235
7311	57674
5688	5695
488	4853
102	160364
2185	7525
3184	3185
846	339403
5747	8976
3710	8826
4670	10236
988	22803
6147	6234
6176	6205
2957	51808
6141	6154
7057	83706
6208	140801
5829	9564
6625	8189
6133	6181
1022	5887
7003	10413
1329	4713
3422	4047
336	5948
127247	131405
3084	85440
9320	26046
6129	9349
57154	151636
6138	6189
6157	6235
388	4650
4691	10528
4889	6751
6169	6202
4436	51434
1665	9128
9675	57521
6205	11103
6711	10466
6144	6165
5878	23011
1325	4985
1291	3688
8337	121504
401505	100188893
6188	6232
4736	6230
2695	5741
6144	6167
11064	27077
6386	10487
3183	5094
2155	2159
26268	56995
4709	126328
5746	94235
6133	6228
153	6343
4666	6136
6147	6231
6161	6189
3690	5908
23107	65993
5451	23248
6139	6164
51264	64928
9585	24137
6141	6175
332	23332
9837	11169
966	326624
2186	9739
6890	6891
79090	149111
60488	64963
5870	81876
6128	6209
3221	3222
1387	5437
5432	79577
891	8655
5427	9768
29796	55967
8086	84271
1062	57551
51023	219927
10920	55884
6155	6222
1072	5216
6144	9045
91147	121441
6161	6233
29074	55168
102	6233
23046	51014
3673	3912
1509	10159
5878	9341
4599	4938
6154	11224
6146	51187
132112	158131
5868	51715
9798	27183
5529	5711
6137	6232
1063	79172
8356	126961
10749	51479
6548	11261
6133	6136
1991	5199
25831	197131
1915	10399
6137	6175
6194	6228
6169	25873
22984	79707
10153	55131
5880	91614
6146	100529239
6154	6167
2322	6688
6182	51081
1937	6142
83597	135946
5094	84991
57191	400720
64761	83666
6156	6208
2912	5173
6132	6235
22905	51429
3203	3204
3688	3914
5880	257106
1576	2326
2521	3181
1230	29899
3689	79895
1108	25942
6122	6209
3797	79989
1937	6175
3913	3915
4538	4539
6143	6164
399	84144
81930	259266
1738	6470
1994	3191
959	10673
5707	5717
4717	55967
11176	51742
9725	84443
6146	25873
3688	91522
6209	7178
34	6256
5879	57144
6135	6727
6169	6224
6161	6218
899	140460
1933	6155
3071	10458
6222	6229
2197	6204
2912	4889
7536	220988
372	1315
23301	30846
830	10282
2776	2911
3109	3111
5829	6385
2771	2792
6801	8428
1794	3055
8683	10569
6160	6170
1063	2305
10749	24137
1946	5294
896	6776
1062	7272
1033	9787
51317	57649
4940	10964
10594	23450
6130	6164
3434	23586
3192	23283
2912	4543
6160	6194
4736	51187
1969	2050
6156	6227
5347	5905
2803	90196
127247	148581
4008	144699
567	3659
1946	1969
4332	4353
5519	51400
4303	5901
6625	11338
3675	5328
1781	121441
57115	114771
3875	3880
1629	4967
8349	8365
4540	4712
2841	55970
2243	2266
4512	4541
5695	51371
5689	51371
6159	6168
6155	6223
3054	81887
1650	6122
4734	9604
3191	23283
81	3688
5347	81930
26470	253982
4734	23327
1933	6144
7514	23122
3017	8365
7919	65109
2099	9687
6143	6189
2788	55970
2065	3691
6201	6204
1956	5796
4584	4588
4893	27006
4710	4724
57542	197131
5981	56655
1345	4695
6155	140801
6129	6202
6205	6207
6209	9349
9183	64105
6154	6208
5434	8349
5518	6228
9793	23047
4798	79913
208	2475
3430	8638
6135	6167
6229	11224
6233	154214
6170	6181
9282	23097
6233	7311
8976	55971
2916	346562
846	50838
988	5983
9716	10921
3135	3821
8318	54962
2521	10236
55275	55610
2788	27334
4069	6037
6138	6152
6125	6233
8843	50834
23511	55746
6155	6160
3619	54821
26338	65055
5036	203068
3909	3911
9015	57504
10799	88745
1022	2810
3918	375790
2783	10563
6188	6189
6132	6173
8453	54165
945	6556
905	55677
3184	5725
332	64151
5861	10890
23309	64426
3836	3838
6181	23521
4709	4725
6181	6235
56902	88745
5594	10971
28973	64928
2033	7874
6205	6234
3921	6139
9793	81930
6572	8322
695	3055
6491	284403
6231	140801
9014	57504
9462	153090
1605	3912
6130	6142
6128	6227
6169	6235
10869	63891
6635	51639
2817	3340
2359	11251
6136	6143
80155	80218
7272	10403
2962	8175
3897	3912
9867	197131
9968	23097
1727	5707
1457	1857
996	8453
831	5747
6037	8635
5657	23197
5819	201633
3912	10970
146	886
22888	51343
3619	10112
53981	348995
10389	84108
659	9765
400	90196
11127	29127
6455	9341
8970	85236
890	7272
6233	54778
6136	6208
6827	10302
6233	9690
7536	27316
6165	6218
6155	6167
1398	7409
80097	653784
6152	6169
6133	6175
54821	55055
6337	7311
5432	27125
9133	113130
6159	6233
22974	121441
10153	84128
6135	6176
51069	55168
6232	54821
1302	169044
57545	80184
6185	58477
5433	129685
9126	55746
25873	140801
5439	84844
29126	80380
25926	51096
6232	6235
3685	6850
3796	5515
2305	5518
6209	6227
344	26020
6139	6152
351	3491
6428	7307
2519	7184
163	8027
2042	2045
100	51816
4905	9527
3181	4670
5432	6205
7984	29984
6160	6229
197	51156
4599	10964
6129	6165
1069	9557
6137	6147
2197	6175
9656	11073
25937	51421
2185	6461
55839	55920
3646	6156
7337	51132
56963	148738
87	7525
3635	3667
890	9787
6167	6218
3183	4670
4670	10291
6746	58477
6233	57674
8314	23512
636	23299
8886	84916
2782	10574
6208	6235
3882	54474
197	338
1793	8976
6194	6201
6142	6229
10926	63967
6201	6230
350	5267
389	10398
4317	6947
1933	6175
9582	27350
1793	9844
3837	7175
800	3672
6164	6201
7336	7341
3859	125115
6155	6207
9276	10121
51289	259293
84648	353137
1586	3294
6169	6232
23160	79954
226	5768
6167	6204
5034	5479
5870	57403
6142	6159
51021	84545
988	9533
23168	27125
336	338
9877	23279
7536	10181
6130	11224
3362	53831
6143	6157
226	2023
6231	6232
2197	6228
5898	5899
3718	6777
58191	63940
1803	59272
1650	6184
10075	84231
51088	51122
6159	6209
6874	51230
158506	285231
9631	23511
5437	7874
381	57731
1088	170482
51510	51534
1783	8729
150468	259266
3685	84329
6173	6233
6137	9349
2023	5315
25909	54821
1981	6206
9739	26523
3921	6154
338	2266
3921	6202
1453	6205
2081	7494
3655	4233
8515	22801
5660	84061
4717	4718
6636	8683
6122	6176
4057	57554
3267	5868
7415	10576
3184	3191
1915	6138
5290	5781
324	8945
1933	6164
4666	11224
3832	6240
3376	51520
6142	6170
2832	117579
1956	2059
4171	6749
226	5230
1576	1577
7314	9134
4535	4539
23160	84172
932	160364
23122	25936
6218	6223
329	5707
2557	2560
6189	6223
10250	11100
4717	84833
2792	6752
1933	6222
6129	6189
8915	29775
2767	29933
5422	9126
3433	10964
11098	84141
6137	6161
2932	3611
64106	347148
6188	6227
966	9276
10540	11190
6128	6171
9655	9903
8349	440689
1824	1832
1062	24137
6185	57171
6698	353135
3659	6737
6233	10110
1781	11015
7321	65264
1398	10152
6147	6229
1063	25909
23327	51088
25926	117246
2539	3098
11103	51575
10376	84617
6232	81930
514	4726
5493	11187
7082	100506658
22826	57819
6657	57167
2833	6346
27340	84916
3853	3860
3305	10963
6141	6147
5711	7311
6142	6222
701	221150
6204	6235
23279	51692
3301	3304
4735	151011
6122	6234
11338	27316
11218	55746
6208	22803
2318	3688
2189	7517
4074	29993
6709	6711
1350	29796
4074	9892
5663	84061
11218	23511
4952	6233
27258	51639
4736	6130
10959	22818
727	50838
186	2913
3725	3939
1062	5529
1325	6363
79685	94239
6202	6222
1385	1387
5529	22919
2519	11098
4736	6154
7311	10110
3921	6165
8365	126961
3664	23650
6233	8295
351	29933
4736	140801
643	9294
6142	6228
6167	6206
6137	6201
29074	65003
6154	6175
6210	6228
930	973
3491	3913
567	3660
6143	6147
7311	140801
1994	55660
2935	6168
302	79026
7311	54363
6133	6159
1829	2125
3673	3688
10193	197131
7175	23279
6143	23521
1983	6223
10660	390598
2633	2634
6122	6124
80321	121441
5718	6790
51143	113130
10112	11127
4736	6224
891	1022
6205	6232
6175	51187
6146	6727
6159	6181
6188	6201
102	1315
302	10577
1778	84902
5977	8289
6222	7178
5528	151648
6159	25873
5594	7533
29078	126328
6164	6205
2197	6727
5516	7525
6746	28972
8351	8363
6167	23049
9883	23165
6610	7132
5822	55127
5111	7027
3437	10964
6136	6139
831	5829
6218	6224
64114	196527
9632	10483
9055	10376
8347	8969
10403	55143
890	10403
5829	6709
6144	6224
5931	6839
9782	10949
9870	64219
2532	4914
54742	80328
5685	5701
6599	6602
111	1812
685	2069
3184	10181
51692	55339
5627	10461
10332	30835
6154	6202
4952	22905
6141	25873
6209	140801
334	2519
6188	6229
389	9938
6152	140801
6144	6223
51503	84844
226	5315
6156	6224
3799	81930
7311	10818
8317	23649
6156	6168
6135	6143
9793	54821
25913	94239
1314	8615
6201	6235
7314	64320
6139	6154
7514	79172
4088	5784
2740	5746
9411	29984
6155	6235
83597	390174
87	6385
8243	23332
6144	6169
2197	9790
6189	11103
5725	10432
23310	64151
6142	10399
6135	6175
9972	348995
7153	55746
23608	140462
22984	25885
334	3915
5698	64344
2197	6181
4710	4725
6138	9045
6208	6224
9904	57647
6152	6234
6164	25873
23160	27042
336	3698
6130	6176
6193	6203
6154	6203
7311	50848
1084	23601
28998	51264
8365	333932
891	22974
5698	6890
3832	5422
6189	6202
1308	3691
7311	285231
6921	10987
10236	10713
1856	7314
3685	4240
10592	22974
5829	10458
51023	64976
701	9824
746	1603
2892	2903
3109	3119
3921	6136
4862	79365
8544	10787
8895	10970
6152	6209
2207	3689
3191	9716
3434	4940
1937	6202
8683	9785
5880	94134
7704	142689
5694	7979
5111	7298
10762	84271
4940	9636
8365	8969
2197	6208
9320	22954
932	79895
6203	6232
7133	57153
8638	10964
2994	6005
830	51014
6139	6146
6133	6218
9551	9556
2625	3169
50838	259293
3122	7535
2243	3481
7514	9126
3200	8338
134	5660
4331	5436
7311	115548
3355	5173
50834	338442
5707	5708
7311	10111
10857	84329
2629	5660
11338	84271
3191	9987
904	5451
971	5336
8648	10499
6218	9045
7316	83752
2197	6224
6135	6165
4969	11081
57787	261734
2268	5829
1994	9782
4116	6235
5753	6725
4057	10321
6134	6175
64951	64960
6160	6189
3797	29127
1667	1668
2185	3320
163	6233
10403	23310
8329	8365
4173	8914
1933	6188
6137	6158
3107	6891
6122	10399
8570	22894
22948	63971
3921	6128
23291	65264
7326	26259
1063	54821
9700	79172
6159	6176
55790	79586
10403	113130
1495	1969
1793	5829
6173	6230
6632	10465
6152	6164
2197	6133
55970	126006
2197	8662
7311	27327
6426	10250
6678	7424
5928	192670
6141	6158
8452	26091
6158	6202
6138	6160
377	3799
160	26130
4173	5422
10250	84950
5562	5571
6168	6218
6141	56915
5878	8411
1062	51143
10121	80184
3619	9126
988	56852
5048	23322
3304	3337
988	3066
6142	11224
2782	26086
2784	7434
6870	51764
10382	91147
6167	6175
6154	6230
7913	9015
1287	3685
409	950
4088	5594
2262	2719
9877	100381270
6222	6230
6602	9031
7874	56655
26146	64792
9666	65264
3043	3045
6139	6181
8976	10254
6157	6204
5347	54820
4725	4726
3308	55706
399	9938
6129	6141
4707	51079
983	7272
1738	4967
3797	24137
6143	6194
81794	339366
785	10369
7032	7033
6147	6173
5701	11047
11103	84916
336	2153
6129	6170
117	10266
1969	2268
7021	83741
3655	3688
6138	6204
783	2792
10540	29127
859	1756
251	137797
2204	338339
6138	6233
2491	3619
1385	5594
375	1314
6136	9349
1515	3113
9744	51454
570	6233
1676	3836
2033	23774
6133	6167
3921	6133
3362	3640
5720	5721
3106	3659
10466	57511
6142	6207
6176	6235
1445	2213
6129	6142
1910	6863
2491	5519
6374	27198
8655	55839
2204	79895
10112	23095
2873	8945
1062	79172
54821	79172
5529	5903
25831	57542
3433	4939
1325	2792
6144	6202
8924	8925
56670	94235
7398	10635
6146	6175
6170	6173
6147	6210
4947	5716
6142	25873
4125	5657
8907	10053
6161	6222
3178	6626
1856	5528
5928	57459
9320	84085
3903	10857
677	56915
4726	7388
6453	29763
6165	6208
301	302
534	9114
2268	5747
672	7516
2634	10475
2935	6207
6125	6222
4116	6167
1329	29796
10577	56729
9730	10075
4116	6202
2247	6233
6227	25873
1660	27316
6167	9349
990	63967
6132	6168
6144	6227
5725	11338
4237	4239
996	9320
6122	6157
10671	51143
6160	6223
9183	57405
4736	6209
6188	6207
6136	6207
54069	79172
5528	79172
9039	10293
4726	27089
3181	5430
4332	8635
705	83732
51088	144699
60560	80155
3672	3685
6173	6228
1509	5768
7200	84634
2197	6229
4726	9551
23063	23244
10489	84231
11314	196527
2091	6188
1778	10577
10733	84131
1195	57396
3855	144501
566	4353
3710	6804
3611	8826
4085	55166
8021	55746
3192	4670
10693	22803
4736	6144
1191	2162
2071	6878
51602	84549
51	5194
3184	6626
26235	90025
6272	11319
6128	6146
3187	7919
1314	10427
1062	1783
6168	6203
7335	55905
3912	59277
6135	6218
6129	6138
9833	11339
4809	6231
728	6376
6157	9349
680	2798
3437	4599
1108	3094
4172	11073
259	3698
2935	6203
2200	401138
6125	6129
983	26005
156	351
3178	27316
4069	6036
4736	6138
6870	56923
3054	25942
7532	653784
23332	121441
2207	3937
1329	1347
23067	25942
8687	8689
3054	8314
6601	8289
6185	7184
2932	6790
6169	6181
9276	10652
6138	23521
9787	64151
118487	219927
51122	56995
6189	6235
3178	56949
4736	6161
9793	25909
83597	403253
7328	23608
1457	10051
3135	3663
6132	6201
10890	57403
6128	6164
6142	6160
1000	1012
6137	6222
4709	4710
9493	24137
1933	6202
2524	2525
4736	6129
899	51343
2788	5294
1660	9128
4738	5715
1329	1351
6208	6234
7082	55243
24137	285643
2897	2901
3619	8243
7316	9929
84366	360205
1292	55214
10484	51014
988	60682
826	831
27340	55720
6138	6203
383	10394
552	5028
6218	6727
6128	6193
246184	285231
3684	53831
2956	9126
3312	8871
11014	51014
5746	59350
4174	4998
55781	134430
6173	6234
3113	7535
1937	6130
6130	6210
701	10733
3115	7535
963	1536
3184	3190
9564	9844
2107	6173
6621	79035
5433	55660
727	259287
50813	55884
6790	9833
119678	344892
5707	64750
23142	23291
999	3691
9069	9076
84447	91319
8243	9793
5693	10213
3157	3422
10943	54556
3091	6233
6169	6218
8365	440689
7311	11059
5501	23332
3675	7057
1650	6836
1173	9341
400	25839
6745	58477
9320	57542
3181	3189
5879	9475
8453	23291
3703	6185
8615	10802
10663	51289
6164	6208
5688	8312
2776	2788
9372	25930
6201	6209
6122	6205
1915	6205
6790	29127
5179	7857
23223	64318
2801	9276
8881	26224
8341	85236
6184	29927
54625	83666
6139	6223
6206	25873
22984	64318
6164	65008
6727	140801
1639	29127
3672	9564
10112	83461
566	4069
1717	6307
10767	22894
6188	6203
811	3309
6218	6228
4641	5898
5347	11004
7919	348995
1088	338339
6175	6230
1595	3157
6137	6202
6228	6233
6210	6218
683	199675
9156	55388
867	5781
4233	64759
6136	6160
10274	79172
4171	81620
1601	8027
51649	64928
3357	5737
4540	374291
80176	142689
988	9126
6793	10857
3240	5004
730	6687
10523	23524
50835	56923
1981	6208
6159	6234
3796	3799
26268	84085
7756	64149
567	9871
3437	8638
1994	7536
7175	10250
2521	4670
7110	79571
3433	3434
6133	6210
6135	6194
197	2153
6130	6203
27340	56902
6210	27340
6156	6222
7038	7173
4641	23607
6147	6152
999	4072
8189	10921
5597	5718
6129	6204
7525	9564
2848	285601
1536	2204
988	3837
3185	5725
90480	116541
3107	10475
8065	83737
2784	594857
139322	374354
6130	6170
8341	8969
11113	259266
689	4666
55781	84135
2790	5579
257313	387129
6142	6169
932	57153
10885	55127
5869	23011
4738	7979
6142	6173
351	83706
5872	6764
2911	594857
10193	26046
930	29760
6517	9968
5707	84962
6138	11224
1981	6189
3187	55696
4540	4541
51465	84447
3320	7415
1933	6137
7311	57154
156	9002
8243	23244
6170	6204
1121	79090
988	7919
5437	23524
6168	6175
5599	6272
6164	6181
868	5930
27316	51729
6144	6155
779	27091
6193	6205
2920	2921
641	116028
566	5657
3375	7253
9870	57542
9295	25957
6173	6201
10523	11338
4713	4724
2975	9329
399	117289
1937	6228
2799	5834
6168	6181
3071	10787
57405	151648
8322	8976
1365	100506658
6135	6164
1088	160364
6159	6218
1329	10476
6234	11224
6667	23248
5586	5879
6160	6204
26190	51122
6233	9349
6141	23521
6160	6231
6138	7178
6133	6231
372	9183
1810	55689
6128	6228
5689	5700
6189	6208
4707	4724
11224	25873
383	671
988	79869
6144	6164
3326	10576
915	3702
830	9276
6124	6156
7871	8428
4709	91942
5547	10970
3055	5788
10539	57019
6122	6143
6136	140801
5436	7936
6139	6228
6144	6170
10857	64386
3320	84131
9700	64682
4697	27089
5869	8301
22981	57545
940	50943
6167	6224
27258	51503
6160	9349
5286	9685
1345	7381
6173	6175
6632	6636
28981	150737
996	5707
2537	9636
6222	140801
320	5864
64151	83540
1822	23028
6202	6208
1605	9459
5335	7305
1933	6193
2672	6688
705	23160
6170	140801
6637	51690
6223	6232
6613	79902
1665	55127
2064	6714
6137	6170
4983	5880
1601	8301
3133	6890
5422	7027
10293	200845
10022	259292
6152	6233
26589	64963
2537	4599
990	84515
9126	9700
991	4734
6201	6233
1604	54732
6124	6176
3054	3607
4852	283869
6222	6228
1495	51474
1277	1291
6635	83443
338	4036
10576	10693
57787	146057
2519	2588
3106	3107
972	3127
6157	6175
10236	27316
26091	64750
699	6241
3918	5829
6210	6223
2125	11187
335	5948
9126	23122
516	26521
3178	8896
4131	5048
6159	6169
4641	9371
640	7525
3702	9402
6175	6204
5928	25942
5590	7311
7846	150465
54663	84365
2033	10498
4707	4710
5435	6637
3486	11167
381	23046
226	7167
5933	132660
5741	7434
6599	55193
9126	79172
6227	23049
9493	10121
2099	5241
6146	6201
6801	7871
6139	6189
11004	64151
108	7252
4690	9448
5199	56729
5266	6707
10484	81562
10681	338557
4886	5733
890	64151
4736	6206
5721	64344
3619	11004
1241	7204
1241	29933
9282	9611
8914	9126
6134	6228
6124	10399
1933	6218
378	11014
991	11004
6136	9045
1282	10536
1063	7153
2317	54751
6160	51187
7204	8976
2151	6915
9820	89890
920	29988
6137	6160
4297	23309
6923	51755
11017	85313
7409	10787
6152	6207
5077	6663
1857	6233
6202	6205
6147	6160
4700	29796
2359	56670
117177	121441
5430	9611
5861	51715
8334	8365
6799	6817
6129	6143
6207	6229
3109	3123
990	51514
1956	5829
462	51156
81	7057
10458	55740
1660	5094
990	9156
10921	23283
23095	24137
6165	6232
9793	151648
966	51014
7311	90293
2207	6556
2537	3434
6146	6181
79583	80184
54939	55294
26155	84172
87	7044
4736	6170
3887	3889
3683	3688
6125	6136
5777	7409
9967	23097
3190	5093
6176	6227
55759	84128
1084	338339
5579	9564
5286	286451
5361	8829
3675	3918
4691	8602
983	29127
9716	11325
6203	23521
274	6453
8533	10445
673	57498
5529	10274
2932	5708
9410	22826
4690	10152
2837	84539
23291	57154
2185	5599
6159	6208
55832	80204
7421	11198
27229	55755
24137	259266
10749	11014
336	4036
9636	11274
6165	6227
6135	6202
6167	6233
6498	64750
9833	259266
6709	56729
6228	9349
10412	23517
163	54874
335	336
1292	3685
9055	9928
23601	338339
6147	6175
5339	6157
3685	7525
2784	2847
10484	126003
6128	6194
10432	23435
6133	6201
400	60592
6141	6230
2535	55970
56945	57129
6143	6158
5529	57551
64981	116540
2788	2863
4867	27077
10403	81930
6128	9045
567	3140
3191	10921
60	1072
7110	10466
695	3635
4512	4537
3305	9530
10403	56992
9276	9632
27042	55153
79600	121441
2801	5861
1915	9045
23275	23509
6122	6136
10576	23526
6146	140801
55125	79959
3094	57649
2178	2189
27316	51692
7037	54885
3107	6890
7110	90196
86	8607
57405	79172
3725	4088
5528	23332
988	23595
51602	84128
6147	6181
6434	10236
8356	121504
6164	6194
6204	7311
1453	6235
6631	51645
9700	57551
8871	9341
811	5589
54960	129401
79600	79867
6125	6128
2633	5371
23059	26146
6167	140801
1933	6224
5435	11325
6173	6204
6176	7178
945	5023
23122	23244
4088	7048
6164	6167
996	80012
4538	4540
4171	4172
1994	3192
830	6709
102	84141
6161	6209
1915	1933
23774	57459
932	945
2642	4922
79895	100049587
5928	9070
1605	10298
699	151246
11095	157869
3695	8516
1933	6228
4736	9045
3340	375790
8655	83658
5706	6790
9742	57560
9782	23435
9493	10540
1302	1306
1839	5782
6138	6210
6129	6130
80184	121441
6233	23049
9128	11338
5983	56852
5584	56288
2197	6147
3015	5436
8334	8341
6144	6229
7706	57506
3202	3204
84154	84365
9716	23350
3192	10236
8533	54951
6170	6202
1524	6370
928	3655
26190	83737
973	974
3106	3660
4712	4728
521	4694
3113	3123
1669	1991
1536	8655
521	9556
4736	6175
2623	2811
6201	9887
1856	5869
4537	4538
26173	51593
23279	57551
2801	51014
2912	5733
1048	8434
6155	6170
5290	9208
9820	26268
5573	23209
8175	56949
3512	100423062
4713	4726
6201	23049
5829	64098
54069	79682
3672	6709
4736	6204
10841	200895
891	9833
8775	388552
1937	6203
8924	10489
4701	126328
6194	51187
6613	7421
3458	6775
7979	139285
3921	6231
5741	594857
6233	10111
6125	6135
2207	5335
6203	6229
8337	8347
9126	25936
9775	79902
23586	83666
6625	51593
7520	55183
6157	6201
2695	2792
9918	10592
5693	5700
9867	53339
534	8992
9076	100506658
1001	3728
6160	6169
7175	9877
695	7525
7317	22888
6138	51187
890	10733
11193	22826
6714	8976
4548	10768
6170	6189
5048	121441
1406	4901
28998	118487
4313	4325
2521	10921
2768	2783
988	10657
102	3915
6205	27340
4173	9126
22918	79895
10484	79090
1781	29127
2033	8289
5439	80349
1058	55355
259292	259293
4725	27089
3481	3827
23112	84441
6133	6234
6125	26135
10902	54617
377	10749
6227	114987
6626	27316
7004	10413
7450	54756
3133	6892
6142	6208
1969	7525
1993	22794
7311	55272
1933	6230
6138	6141
2621	10272
29127	51014
1933	6133
23279	55746
3827	5345
6122	6164
6383	10082
6189	6218
8945	115290
132112	219438
1879	5079
4609	55766
6136	6218
389	57522
3911	9459
54069	64946
6434	10523
6165	6207
60	10093
9320	55236
636	22930
9551	55967
83597	135924
6208	6230
9833	24137
10714	80010
813	10618
2064	5364
108	6750
203068	440145
3105	6890
5868	11021
8886	55127
1500	6714
1778	6709
3112	114876
6128	6138
23332	57122
6146	6203
6132	6135
4985	10563
2801	5862
472	5429
988	51645
6143	6155
796	6344
6159	6229
5519	22919
54617	57634
6167	6201
353137	353145
2064	2886
3434	4599
3396	6182
3444	3451
830	10652
3111	3123
9700	151648
521	27089
6144	6218
6176	23521
5589	23193
8463	25937
6135	6161
28977	54516
5196	6370
6152	55176
23332	57551
3691	4233
1763	10714
4736	9349
8648	84498
55970	63940
6158	6175
5715	7314
2648	9013
5695	9232
6229	6233
7454	7456
51692	220988
2837	5331
8349	121504
920	9026
10094	127833
4726	7381
6135	6201
7153	56992
26263	55884
1232	338442
2625	7031
6810	6814
6223	51187
4736	6124
7314	10980
1594	8074
7039	10652
6152	6188
23404	23517
8729	10959
701	9793
344892	390077
1455	89780
1290	5351
1559	1576
1536	51382
701	113130
89910	154881
6130	6205
3797	10112
6175	25873
54908	79172
9844	10458
6132	6224
6139	6175
9776	55626
6136	6233
1062	5516
857	1956
2197	10952
3725	4772
10427	22872
72	58498
699	10592
1233	2359
6237	10235
10735	23279
3055	5336
6613	7341
3659	7706
5338	11145
6122	9045
2956	5422
25909	79172
9892	10092
6233	22888
79172	348995
6130	6168
3355	4543
196883	285601
1915	6147
6202	9349
3895	84141
4736	6233
8452	57154
1981	6164
8905	8907
8085	9739
3122	55824
2521	57794
1314	10802
5683	139285
1340	1351
6206	6223
8875	55350
10285	23451
6160	6203
7454	8976
6167	6227
2935	6234
8945	11059
25885	64794
10112	81930
6176	6207
728	5697
1069	9657
163	6453
4512	4535
197	3698
23279	79172
55143	220134
3619	113130
2207	160364
6138	6164
7320	7322
9879	23517
836	6789
1536	4689
1500	84962
1445	5829
3183	10236
8329	653604
3669	4939
778	783
1544	3620
1173	5878
797	7252
6202	6207
4717	4728
4543	4889
6165	6206
10949	51729
3921	6138
10945	10959
3660	5696
389	114793
4508	4514
6142	6230
10097	10618
3838	22974
6233	8945
6453	22905
6173	6222
2197	6173
8602	55226
6157	23049
640	29760
9690	154881
629	4179
6155	6224
1778	9493
55601	91543
23309	27327
6161	6193
9886	84144
8976	54874
55249	55870
6152	6228
3921	6168
5529	5781
6135	6156
1537	54539
4208	5533
51289	339403
482	6247
1315	3799
9585	51014
6637	11157
3267	10097
6139	6165
6136	6217
3912	11167
8907	23396
6169	6208
2792	2899
11118	11119
6152	9349
6133	6173
967	4033
5685	10393
9382	9827
55703	84172
53339	197131
6133	6233
5861	5868
5093	6626
3188	10594
399	143872
3040	3048
4172	4175
6161	6234
6156	6161
4509	4538
338	2262
6147	6202
196527	326624
2153	2244
63967	84515
23595	51053
9276	11070
2197	6232
5590	57154
3183	27238
1453	4809
6227	9349
1457	23411
6160	6164
6133	25873
6152	7311
23350	55749
6230	11224
3320	6461
6176	6204
2359	5473
1717	50814
1471	5034
990	5422
3308	5903
6209	11224
6202	25873
2033	7515
3429	8638
967	25798
6135	6209
1395	2848
6146	6204
1639	3797
5173	6751
6143	6201
6156	6176
226	6678
6142	9349
6202	6234
55755	146057
302	10383
1950	3671
4735	91147
10921	27316
9604	9867
1005	1009
4853	6233
4509	4539
891	9787
2359	94235
1453	6232
3553	11213
58	5879
7311	85015
6161	6223
6227	6234
6185	29927
6125	6175
2847	6373
7343	9112
5708	7415
10890	11021
7456	10458
2801	10972
3486	84141
336	2262
6009	64798
10959	26286
3015	387103
6204	6230
6228	6229
6181	7311
1605	375790
8886	64318
6138	6205
4709	10975
334	813
3119	3123
3170	3651
5701	5715
6164	6173
1173	29924
1111	8317
6223	25873
1915	6139
54850	63891
6045	284058
3486	3569
887	4295
3912	3918
80018	80155
5516	6249
6167	6176
9700	348995
5660	63940
675	5983
5868	8301
2207	338339
27340	55127
1781	10112
6709	51014
832	83547
10592	11169
1933	6157
301	2790
7283	22919
51510	51652
4125	6037
2788	5368
2524	10331
3913	5829
5529	79172
3761	3785
4736	6193
22981	91147
890	4288
3915	5621
51264	65003
7204	60675
5438	27258
6164	6175
7042	10490
11103	27340
4519	4537
6181	6205
7175	51692
51465	51676
6161	6168
6152	9045
3105	3135
7322	9867
5347	11190
2048	5921
27248	51009
6144	6161
2633	10561
1894	259266
6229	23049
23283	55339
988	58517
2073	4331
1781	84962
6208	6222
6790	9493
5984	23649
2255	143282
55339	80335
22954	57542
6128	6181
6169	6201
1237	8811
4514	4519
9787	10592
11314	100049587
10382	23332
1524	729230
6133	6203
1856	27130
6232	140801
6129	6232
920	5286
2194	6319
6122	6208
778	779
6158	6228
1432	5062
6128	6233
23223	65083
950	22905
6173	7311
701	8243
4436	23028
6426	100526737
9126	23279
64979	118487
9371	64837
5697	6376
1781	7531
3833	9700
3912	84141
2268	9564
6772	83666
6135	6231
6613	10038
1783	11015
54820	57787
6156	25873
7343	10919
23291	26091
79867	121441
2286	5479
23011	57403
6202	6229
3672	3912
11004	51512
51206	80739
4512	4539
113130	348995
1499	23291
4713	7388
1058	57405
1457	7153
4116	6152
8365	85236
2059	5294
950	3482
3673	3675
3437	6772
121504	333932
830	1604
1717	3157
3362	5443
6233	257397
4697	55967
2220	5648
1314	22872
8329	126961
11316	55850
9371	11014
5547	5660
9793	23244
53905	90527
6203	6224
10232	154064
54555	56915
316	4837
335	2243
6157	6168
2197	6161
6164	6202
64318	79954
6908	54815
22974	83461
966	79895
3949	10552
1660	3191
3903	5023
5469	7182
813	3491
6124	6173
9655	55832
1063	5347
9787	55635
6133	6217
301	2776
389	94134
1536	3685
56902	79954
4035	6385
715	716
7311	8450
5351	8985
6709	126014
4508	4541
3688	5829
51079	54539
4171	7298
3856	144501
6138	10399
332	3619
6518	84329
10272	11098
6233	9887
6136	6235
2784	4985
56919	57647
6122	6202
3190	23435
776	27092
6137	6167
6189	6204
55014	126003
521	4726
1462	84141
55884	115290
55320	401541
813	2519
2865	23620
719	945
3655	5339
9276	64837
9833	22974
4331	404672
6129	6167
6135	6204
55127	79954
10403	26271
6233	8290
891	81624
1063	3619
6230	9045
6141	6143
945	3903
6218	140801
7388	29796
3118	3135
6636	84844
378	10959
353132	353133
3827	4295
6227	6231
1991	4069
4702	4710
9648	10466
5438	6633
988	9774
6164	6223
3185	10921
9330	53981
954	158067
8805	27044
1942	6714
247	3479
8453	65264
3190	10291
3301	10963
10250	10772
3491	11098
3308	10808
6133	7458
1329	9551
6218	6230
3107	3134
1088	2358
6209	6727
10236	55749
6159	6227
81285	285093
6156	10399
1994	5725
991	83461
521	4700
23291	51122
5116	27229
6426	6430
1350	7381
8688	8689
9318	54165
2519	5476
6128	6173
6223	6224
6155	9045
3903	10970
514	4713
8349	653604
4924	10618
3106	6890
10427	55291
5700	5706
117	122876
26146	150737
6208	9349
1829	1832
5440	10302
6373	10563
919	3122
3998	10959
3267	22848
4288	10051
9181	171177
9887	11224
6157	6159
1017	63967
345	4036
5435	9978
1340	1347
10540	27175
7004	25937
552	2792
3127	4261
8665	51386
9879	55660
2932	23291
23112	80012
58	60
7175	23511
5179	283869
4008	57542
2767	8477
6456	8986
643	64805
4233	6233
10285	10713
6233	7098
6154	6189
3920	55754
163	25977
2153	3827
51081	51264
3491	3912
6170	6208
7337	197131
6130	9349
1783	6249
6152	6173
6235	11224
3695	5747
966	11014
51602	84154
4352	5335
6790	10112
6128	6218
9188	84172
10992	27339
1241	1902
6169	6188
6128	6169
10652	11014
4116	6233
1981	6175
10885	25885
6170	6229
867	5290
9787	10403
6667	27327
5516	5708
2550	51083
4172	7298
1062	9276
5981	51514
2150	2863
4736	6205
2033	10847
3912	5747
891	54908
6124	6203
116	5739
11130	79902
90	659
3886	8689
6230	55272
1435	4924
3354	9283
1994	9716
164	10618
6160	6206
1933	6176
6144	6147
6181	6232
6164	6234
6643	58533
9045	10399
6169	6228
23332	27229
55168	64928
6138	7311
2848	196883
1783	2801
1781	10540
6170	6218
27316	220988
1783	54821
7846	57545
6194	6233
6154	6168
6138	6223
5443	53831
2204	199675
1453	6233
126638	147409
6181	6208
23112	26523
6426	6427
7516	56655
4736	6152
10575	10693
6233	54363
55166	387103
6370	165140
3127	7535
6993	10755
6331	55800
6429	22826
1605	29954
5048	151246
6175	23521
54960	79833
1435	84141
51203	64151
6154	6206
6133	6222
6157	6173
6734	58477
4599	23586
2919	2920
1933	6130
1983	6205
6169	7311
1315	81930
916	50852
5929	8945
868	55175
6122	23521
10285	53981
10342	81562
2916	4887
1662	9136
2159	2243
4736	10399
7538	9261
2962	10291
7311	25831
10155	10520
55008	151636
891	55165
9757	23067
4904	10946
2539	160287
10693	84617
1894	9493
57794	220988
4588	56667
9870	22954
6157	6207
9055	10112
4539	4712
56902	84128
5981	57804
5347	9055
55279	285237
7027	7298
4599	4939
1778	6249
6201	6206
8322	9341
8945	51684
3915	51280
6135	6152
29093	92259
4048	126014
51226	553115
5976	56006
8175	57794
695	3725
6154	6176
23014	142689
1832	11187
5451	55718
5529	81930
344892	390081
9295	22794
9790	27340
197	350
6170	6234
9126	348995
6164	6203
4353	6036
2197	6222
57479	58506
1340	27089
1981	6232
55876	94103
6176	6229
10484	90411
55131	64318
2918	6752
973	29760
7514	9972
2847	2918
2692	5745
6129	6203
6125	6194
4689	5880
6143	9045
10466	11014
6206	6234
6138	6139
6154	6170
9495	10369
521	4724
1347	10632
996	51132
4985	6363
7846	203068
22954	64219
6209	27340
1116	5004
6125	6208
595	5707
6142	6201
6233	56254
3837	348995
3434	3437
79867	80184
1816	4160
3886	8687
991	9493
3437	10379
22974	24137
2034	84962
6136	6168
4938	10379
6235	7178
2960	2967
3909	4233
4793	5714
6129	6235
6168	6232
25804	27258
6204	6224
6132	6176
7175	55746
6164	6209
9320	197131
6667	8648
1347	1350
212	2038
6124	6143
26190	57542
3157	4598
4694	29796
140453	192134
6700	353133
6147	6168
1111	4361
6602	55193
23562	53842
3191	7536
1537	4715
3240	5005
5199	126014
2792	7275
1290	1291
1981	6222
6154	6160
821	10802
3685	196527
51388	57647
5928	116092
3301	3320
405	1387
5111	10535
6232	8662
23327	89910
1642	56852
25873	51187
6193	25873
6138	6168
5547	326624
1660	1665
155	6344
9793	57787
1994	9879
6203	11103
1604	10466
3133	10475
3199	8338
163	5869
3184	10921
966	79090
1237	5173
466	1386
6241	10403
5708	5970
6228	7311
6224	6233
23223	79711
5708	6790
5879	257106
6124	9045
3190	3192
10970	326624
259290	259294
6139	6157
2197	6233
140807	319101
6160	6175
3192	9716
10189	29107
6157	6206
23046	60561
393	11014
640	5079
4008	154881
2783	122876
6632	11157
6135	140801
1660	3190
990	3832
4670	51692
8337	440689
25897	27252
6161	10399
892	9477
5001	222229
55252	221937
6233	285231
5829	10787
4905	10905
4049	115650
891	1033
1778	2801
6836	9276
5093	23020
3274	55970
6430	7536
383	8993
1781	5861
6175	6207
6209	6232
2023	2026
1062	55055
3222	3225
8687	286887
567	6890
27229	54801
830	5870
29945	64682
1062	5528
1793	3071
9126	9656
1107	23028
6155	6189
3633	29984
51203	56992
988	6599
6135	23521
4174	10036
6138	6170
1601	6453
6159	6175
1822	57504
4512	4540
8347	126961
3799	9493
5747	9564
2305	4288
6189	6229
5048	5516
3594	149233
10527	55705
3113	4261
6160	6173
1781	11190
6208	6218
9371	10749
6155	6229
5493	6707
6130	6154
552	594857
64946	147841
2535	5599
4599	10379
1230	83756
6233	140458
966	2207
5429	56852
6188	6235
5093	27238
6124	6193
23627	137797
1062	6790
350	2266
6601	9031
4670	6428
6167	6202
915	29126
22974	23332
514	521
3683	79895
5861	51014
8976	29763
29933	55970
7337	8697
26224	84085
9700	23122
2064	7525
2788	50865
4686	9128
472	84142
6122	6168
163	8301
1536	653361
2521	5725
3921	6206
55755	261734
6160	6230
6170	6171
719	58191
23533	55361
3216	3217
5869	10890
8337	8970
274	51429
963	3685
6156	23049
1062	54821
64963	116540
1794	5777
23223	79039
351	5330
3109	3127
10083	257629
1956	3084
6170	6188
6747	23471
3017	8351
4057	56729
1088	6556
27198	338442
4904	10465
7311	23600
3978	5424
639	3662
6175	6218
6209	6233
11258	93661
4116	6161
1933	6169
1307	50509
8945	55832
6790	22919
2792	10266
6464	6850
5715	7979
6635	6636
1605	6714
378	51014
55901	170692
374	2153
6227	6233
6125	6160
1063	7514
6133	6168
26519	26521
2803	7110
5557	54962
6176	6209
5329	11322
2521	3183
1981	6218
1062	29127
2801	10427
23291	54165
5747	10787
3688	5747
26091	26190
23011	51715
23028	283248
1832	3728
23350	79869
1434	3838
6346	83756
10236	10946
9320	26268
857	4088
3921	6194
1991	4125
6130	6152
945	222487
1660	10492
6143	6181
4940	10612
10112	10540
4686	23511
1933	6159
728	50835
4691	6282
50848	57530
640	973
5693	5705
5338	9744
7311	23291
6194	6223
1116	5199
51023	122704
3434	10561
514	4694
6167	6189
2517	2990
5880	8324
632	4094
6222	6232
6234	25873
2783	2792
11187	64065
6233	65264
5714	6790
29984	54509
4541	374291
6130	23521
10155	10780
5566	23332
1062	5903
9320	154881
1062	9585
915	3559
8301	10096
10291	23658
7204	55970
23332	80321
6375	6846
6128	9349
51690	54464
4670	10432
6129	6194
160	1601
65993	124995
6202	55176
6125	6185
4233	5795
6224	140801
2033	5451
10540	80184
6129	6193
3433	23586
6119	56949
2060	50618
6752	10563
6142	6194
5980	56852
5903	54821
6363	6752
6147	6159
6124	6146
8175	10181
64219	65264
5094	27316
54973	79664
5901	729857
6189	6205
891	6790
2358	6556
6157	11224
22974	23397
2790	55970
7520	79840
9459	64098
2209	3055
5347	54908
23646	147746
6167	6208
6168	7311
1062	1894
6136	6167
9655	26190
6232	11224
3437	4938
905	2967
6129	6222
2935	6229
1033	9232
9320	144699
1350	4726
3866	144501
2617	8565
4939	54739
2558	2562
3313	9093
4538	374291
6161	6176
123904	146183
6137	7311
81797	344892
4111	158511
6165	6235
3191	27316
4509	4536
6229	9349
2149	2151
5869	8027
5411	51747
9730	80067
1824	1825
3055	5829
121504	126961
6203	6233
3190	55749
138805	344892
4837	284119
50835	51289
3559	3560
6232	6233
121504	440689
6173	6202
6613	84733
657	659
6161	6175
4116	6160
5981	9636
545	5889
3797	9493
6165	9045
6160	6224
1783	79659
1832	2125
3640	5443
2962	54845
2185	5829
2207	100049587
5579	5583
6667	6670
10199	56902
5880	6453
1915	6124
5426	8317
5436	27258
3685	4035
3579	55970
9833	64151
10960	51128
6143	6203
377	1781
10181	10523
4736	6139
6205	6230
51068	117246
2784	2792
54998	219927
1639	10112
55726	79871
6628	6636
991	2305
2266	9715
2197	55127
701	4173
941	942
5194	23600
4538	25915
6168	6193
5422	79892
1954	23295
50865	64805
6138	6147
891	5515
2205	2206
6203	6208
6159	6205
6142	6193
1236	2841
6125	6143
7409	23533
4240	51280
1129	4889
3685	5817
7919	10236
114	2492
26290	56667
6209	6229
6181	6224
3303	10963
6500	142689
3921	6161
6036	8635
6217	6232
2073	8451
6132	6136
1398	6461
3837	3838
1937	6201
6139	6193
1308	3918
1213	6233
6130	6137
2200	3678
4841	6421
1660	23283
6147	51187
6234	9045
10540	121441
785	27091
6208	55176
65055	158131
5694	51330
388	4983
4736	6160
6128	6165
1915	6202
6130	6175
4695	84833
10890	10971
4436	254394
6130	6165
1511	4353
383	56729
6203	6230
6207	23049
6138	6222
6165	9349
6234	27340
56923	259287
1278	1634
2932	5718
8636	11258
5731	94235
1595	6307
4712	4724
6173	6232
5469	9967
5426	5427
4713	9551
9700	10051
64386	79895
3882	8688
945	10857
966	3903
9055	11113
57545	91147
2185	3685
27237	171177
6059	55720
6136	6181
389	57449
9212	83461
26589	28998
933	973
3192	5093
4540	4701
335	350
5870	8766
904	25896
6168	6227
3909	59277
6193	6208
1063	3832
6224	6727
6128	6135
3119	3122
6635	27258
245937	613210
1398	5599
6155	7311
675	27030
25929	55706
7153	7298
6637	51372
2792	391195
7335	8453
894	3065
1511	8635
54620	84231
6143	6233
6170	6175
3214	3217
1983	6175
2107	5515
56923	259293
971	29760
197	336
39	3157
816	4137
6158	6208
3920	80331
6164	6168
4695	4725
6143	25873
3673	4233
5822	8568
1315	9371
23291	197131
6146	6164
10153	51602
1387	6601
1605	3913
4734	26091
6133	6138
4852	5179
4736	6168
2841	63940
9493	11015
6208	6210
5332	55970
121504	653604
2242	3320
6229	11103
1268	50865
727	50835
1555	54600
1933	6210
3071	5747
8767	23118
3675	7045
10970	54972
65055	391191
5516	79172
351	7042
1062	83540
3565	3567
26589	116540
552	2783
248	6975
1282	1284
4940	10561
1810	26009
1981	6234
5435	55718
8128	8703
6159	6161
1933	6135
3184	10236
1268	64805
3267	5869
351	2767
4717	4724
27043	57647
8655	60673
50616	116379
10965	55825
2956	6117
4666	6137
6160	6167
6776	6777
2521	51692
5929	8085
83540	157313
5880	10298
5708	64750
6157	6228
6141	6203
2846	2922
9212	79003
301	55970
3123	5641
6173	6189
1058	79172
4176	5111
11222	57129
2888	5584
1933	6194
5861	5869
84648	353139
6193	6223
7314	26263
1994	10594
117	2492
1350	10632
3122	11184
2185	9564
1435	6696
1062	11004
5795	6714
983	10733
136	2788
3852	3853
4695	29796
64426	79595
6700	353132
29093	51264
163	9341
22803	27340
824	5829
23304	23376
641	2189
7311	8290
51650	64983
23332	25936
6202	11224
5699	51684
22905	29763
2206	5335
9276	10802
6234	140801
1287	55214
7434	122876
6139	6185
4712	29796
3921	6175
462	2159
6135	6159
116540	116541
1347	4713
108	283869
983	5519
6160	6227
1991	6709
6202	6209
9968	23186
335	462
111	51764
4174	7298
1915	4736
1290	1303
27316	84991
1832	5493
344892	390083
6427	6432
8349	333932
6133	6176
4707	4717
830	5048
10733	79959
6426	10772
1453	6228
5928	7343
6125	6169
3643	9021
6161	6201
1291	1295
23332	25909
4738	59286
4588	192134
671	3240
1994	10236
344	9672
6194	6234
156	2121
4940	85363
6205	6206
87	51097
285093	391211
55582	89953
4542	4646
7204	10316
8085	26523
972	3111
6233	653604
2792	128366
88	2890
7311	55670
9277	65083
2770	55970
8334	8970
6637	51503
6160	7311
6133	6165
5528	55143
2242	9855
6632	57819
2491	151246
5023	5795
1347	9551
4853	9253
1111	23595
9277	10153
9969	10499
514	4700
11325	55749
6143	7311
148	2922
6169	11224
84648	353142
2197	6223
3361	9290
488	489
1129	6751
10970	222487
6157	6230
5868	5870
54577	54578
2147	2153
6235	9045
164	55330
81	9564
5868	23011
4116	6227
84418	100049587
522	84833
6168	6206
799	10268
64410	142689
1605	3915
6209	6218
1111	54962
8351	126961
5970	23291
5094	9343
6599	6605
5529	6233
23067	57690
1829	64065
2912	4852
6122	6223
4541	25915
2197	6227
283111	344892
3133	3134
3683	326624
833	4677
5861	10342
26123	79600
1291	5033
1062	81930
6207	9349
1129	4852
2863	55970
991	5347
10112	55872
8394	23533
8337	126961
1292	7373
9585	10112
10051	10592
9787	55872
4626	8735
329	330
7536	10236
6790	84962
388	257106
904	5433
91543	129607
197	2147
10733	79441
3394	6688
3836	7534
83551	134860
56949	91603
1906	2863
23590	56997
6122	6158
3725	9070
1511	1991
10849	25885
813	3915
6204	23049
3811	3821
4738	5693
5424	5591
25915	126328
6139	6156
60	10095
3313	23511
2641	346562
712	713
7311	55366
9493	81930
6201	9349
7536	10250
9076	24146
6156	140801
3685	5829
2788	2790
1133	7200
3115	3127
811	7184
1956	8976
8766	10890
5903	7514
3062	6869
890	157570
5519	10274
6142	7311
138803	344892
6169	6230
3185	10949
22995	23332
6235	27340
54732	285643
8329	333932
6144	6154
4701	374291
388	64333
6133	6157
6122	6232
6147	6227
1500	4233
6161	6202
3148	8971
6170	6223
2805	3242
6208	55127
10121	26005
2597	5230
5347	51512
6189	6209
3903	84329
3832	4288
8334	121504
8301	25977
64682	84085
6176	6234
6194	6203
10274	10403
2197	6157
2519	8074
6130	6135
9343	27316
6636	10465
6165	6223
4700	4724
6146	6227
344892	347468
4694	4701
56949	57794
3832	51203
6157	6160
7316	27248
6204	6209
5339	6133
23636	84271
4952	6272
6147	10399
8568	57696
2048	5998
23404	54881
6136	6144
6229	140801
54881	55127
1915	6204
4014	5317
2099	2625
3172	6927
5707	51330
6288	84432
6223	9790
4536	4538
6152	11224
6222	7311
9793	79172
9354	83737
6772	23586
4541	4712
1476	8993
8886	55720
11343	57552
57545	79867
6146	6224
186	2914
966	6711
5433	10285
6156	9349
6154	6222
3433	4599
5717	10575
3113	3115
4700	55967
55720	56902
6129	6156
6908	10498
55	154664
1058	9833
6161	6235
219954	285093
6156	8667
6175	6206
111	3354
6169	9045
6429	84950
8615	9276
1453	2197
1062	22974
2239	10082
4069	5657
6146	6206
988	9475
6142	6175
2491	6249
5725	10492
3192	55749
4093	56963
6168	6201
4599	91543
3181	10713
2533	7408
1605	3688
102	6556
6204	9349
514	4724
4205	6938
6144	6204
10618	55330
1783	5529
7514	22919
57082	348995
6147	6228
5903	9631
10367	90550
121391	286887
6142	9045
10713	53981
6728	51121
10395	23371
521	7381
3619	5528
3913	5747
5529	7514
4332	5657
11102	134430
1911	23028
3312	29763
1933	6138
1398	9046
29796	51079
51465	140739
6233	55008
3882	8687
6158	6222
161	26130
9883	23511
6136	6204
915	919
6136	6201
6714	7311
1495	4301
6189	8562
3017	8969
6124	6206
29974	403314
6130	6159
6210	9887
3675	375790
1650	29927
570	23600
55124	221400
2255	26281
1536	3683
471	441024
7529	8826
389	23526
3980	57804
6923	140458
6181	6189
5705	5718
1398	5781
6136	6224
4986	338442
7414	8993
5870	10890
8334	8347
4713	55967
1111	2178
3827	5020
1933	6203
393	29984
10733	203068
2197	6176
1337	9167
8317	84515
7316	27183
6208	6727
3309	9601
4998	5422
846	6870
4717	51079
6137	6218
8972	93432
10524	10714
6135	6203
174	2266
1116	5005
204	4508
6135	6160
6130	6191
6234	6235
566	4332
5430	81556
783	10369
10376	10693
27339	57461
5202	10471
1937	6222
2243	3827
23014	64410
8602	84172
1933	9349
6143	6171
6154	6169
3171	6927
153	6344
155	6343
79090	90411
2033	8243
10394	56729
4712	4713
604	933
6207	7178
5501	9700
5870	7110
23244	23279
11218	25929
6711	8615
6158	6168
5438	5440
5339	6164
5725	9343
5433	10772
6139	9045
6773	10379
54620	80204
10885	23160
6891	6892
25909	57551
23309	79595
3912	10272
489	4853
4535	4536
701	9700
1001	1500
2266	3481
9277	80135
5948	5950
1129	5179
5660	55970
54951	55175
3115	3119
23047	57082
5599	9043
2787	10803
7153	7175
6144	51187
6138	6194
6125	6202
10575	22948
2064	5599
9793	113130
4686	10302
6169	6206
11190	54820
57122	79172
2033	9967
3688	375790
2348	11316
5609	9181
3123	3127
6165	11224
3181	10657
624	6755
1639	3326
1292	1295
6128	6142
6158	6173
2847	283869
161	6233
6137	6229
1511	4332
6137	6223
4691	22984
6152	6170
2197	6201
6455	8673
867	10097
10022	51289
11015	51014
5725	51692
54474	286887
5432	8450
867	6654
3434	55008
2243	5005
374	2065
3569	84141
5688	5706
6428	6432
8816	51122
6809	9341
4988	84539
8590	285093
26146	28981
3105	3660
9833	10403
5430	55215
10274	57551
567	3133
5330	9002
4993	344892
2958	79035
2059	10458
4069	4332
51143	79172
3619	57551
3105	3134
4172	5422
3054	4899
65083	84172
6181	6228
6602	57492
4710	4726
9021	140462
8687	54474
6709	7430
1660	7536
2792	2918
7337	9730
8976	115548
1781	3797
10403	348995
3895	3915
9144	11322
1277	5118
6137	79707
399	9138
5878	8976
3655	3915
1994	9343
1908	1910
6432	6434
4707	4712
701	7153
3178	6294
160	1213
3683	6518
3881	54474
6202	6203
891	7531
5501	23122
705	8602
2935	6173
3283	6718
11169	23649
6160	6235
3312	10576
6631	6637
6155	6159
7311	9666
10489	22888
6129	6218
4436	7520
5869	10552
3185	51692
6625	23524
6124	9349
6156	6167
6790	11190
6159	6165
6124	6147
1299	50509
7779	27173
9382	10905
4694	4713
10262	51729
6133	6146
6207	140801
671	1669
6137	6204
9378	54413
6173	6194
140881	245911
1398	9844
6181	6203
6218	7178
6160	9732
3635	4233
7525	9844
5928	8085
4519	4540
5094	9416
1325	2847
3640	387129
1347	4726
6133	10399
1650	58477
4736	6165
4088	7316
2358	53829
6223	23049
5566	7283
6206	9045
1656	80153
6133	9349
3912	3913
2633	3437
1398	6714
6152	6202
6950	10575
6477	26118
4116	6169
6137	6234
811	813
3915	84141
2817	4035
8450	51122
64976	116540
5507	6233
3350	84539
2243	3698
2185	3688
6189	6217
570	1962
3688	3912
6175	9349
972	3119
9493	11014
5795	6518
7272	10592
2784	3763
5290	5970
2695	594857
4686	8021
6138	6202
6155	6230
7007	23627
1500	7409
9793	55755
6385	7057
514	1350
22936	64859
1937	6147
7003	7004
6142	6161
9967	10432
890	11339
1854	4174
5747	9844
5718	8453
1749	1750
9655	50813
4585	200958
6135	11224
5741	122876
9879	58517
2790	27334
6234	8666
3309	51726
3832	10733
1291	3685
2197	6209
6158	6161
6136	6232
7421	10036
3713	6699
1876	10445
2783	5741
6147	7178
3183	7919
10540	24137
1237	2917
10193	10489
1398	10458
6138	6161
3912	10971
338	51156
47	1431
10112	22974
10426	440145
6206	7311
1315	2804
259290	259292
10155	25888
1241	55970
1758	8404
10142	26123
23244	57082
5685	5706
2814	2815
1453	55127
1991	10394
26290	140453
23	6059
6432	220988
389	6242
9045	25873
886	2922
335	2266
64981	116541
11190	57545
6144	6234
79980	113130
4295	5020
3183	6430
8969	653604
1660	51729
81567	93100
4074	127833
6144	6228
9045	9349
6204	6228
6142	6204
2788	2864
7337	55175
988	1654
6625	27316
6141	6223
9551	84317
5609	5879
904	2967
7153	22974
10523	11100
7096	10333
3191	11338
9493	10112
5433	55197
5699	8697
7272	9787
5896	5897
8993	10394
4771	122786
4116	6135
553	680
6122	6133
11251	56670
6128	6160
6168	6230
6605	57492
399	26084
6500	8697
3691	3918
1676	3837
5189	7311
10970	11322
5868	10890
6143	6206
4734	8453
710	10747
6240	10051
6146	6156
2358	338339
4670	10657
6175	6201
1665	11338
117	2792
6160	6210
4867	91147
1479	10236
6176	6233
6141	6194
7178	25873
222487	338339
1933	6152
1161	7518
118430	727897
378	5861
6133	6135
23397	56992
22984	65083
2153	2243
6203	23049
1398	3055
990	55388
6207	7311
3107	3660
3122	54331
9276	11014
6136	6176
6161	6164
6161	9045
5330	60675
274	23149
6170	10952
7507	10714
1639	9371
4670	23435
6144	25873
2781	2784
7337	11275
160364	338339
11065	64151
3579	126006
6141	6234
89122	92369
514	27089
9349	11224
9320	89910
1660	10236
6168	6176
553	6869
4074	10618
26046	26268
6129	6161
1500	7082
6208	9045
6130	6235
84549	84946
4171	55388
23160	57647
4171	4175
701	64151
6168	6223
6154	6173
6208	6227
7327	8925
4194	57690
9892	10109
1453	6210
6122	6189
3684	79895
9738	54820
4736	6157
5286	6272
6142	6165
122876	594857
53905	405753
905	6667
2036	116986
10930	29974
6637	23524
3687	441864
393	5879
7456	8976
1870	5928
3191	10949
891	2491
3017	8341
7919	27316
6130	6173
6152	6231
4713	10975
23404	81887
5684	5688
1132	2792
7532	80097
6204	6207
7272	9833
335	4547
6430	8175
6136	6170
6218	6231
9870	26091
50831	51289
3178	3191
3313	5903
5688	5705
3066	23028
5880	9844
23291	56995
6210	25873
325	3015
90	4090
6156	6218
4670	7536
1778	4867
2799	5707
6233	83987
5528	5702
6165	6203
54998	118487
1290	3685
534	7037
116	2740
1589	3290
3364	5810
6165	6201
51514	64708
9700	146909
9341	10552
10952	28972
9793	57551
6128	6230
6122	6130
1639	8729
5432	79923
27252	55585
6147	6205
6147	9349
8655	10540
5704	5714
3192	5094
53637	63940
2767	55970
9341	23149
11339	79682
3915	4233
1476	10394
27089	84833
846	56923
6141	9045
7041	7414
3190	5094
11245	55970
6157	6161
2197	9349
1822	1911
5441	10980
6188	6230
9371	24137
4513	4514
10193	80204
3857	3868
6189	25873
10969	29997
6167	6234
1639	22919
6385	375790
1499	5708
10254	51652
6207	23521
2197	4736
226	2539
1500	1969
8638	10379
27161	192669
6168	6224
905	27125
920	1234
399	4983
988	5094
23020	51692
6747	84061
1933	6142
2783	594857
4677	8565
945	3689
4343	7311
6222	6227
3192	51729
2997	6233
6155	23049
6144	6189
84296	84515
3549	6469
1453	6222
399	9828
9716	10250
10102	51021
2207	3903
915	286749
8945	90293
6155	6210
4736	5339
4514	4535
1938	23521
2798	10886
57542	144699
3714	4854
3921	6122
11130	79172
9306	9655
6144	6157
5610	23118
9757	26523
6167	6173
5657	8635
6135	6223
1281	4060
2033	27327
3619	9972
54480	55790
4646	23607
6227	6228
6154	6232
2914	4988
6165	6230
22954	26190
3191	10523
3849	319101
6159	6210
1645	1646
344892	390059
6133	6161
7316	91445
6122	6135
4116	6637
932	338339
6168	6233
1062	151246
5426	8914
187	2359
6205	25873
2197	6218
1280	84570
6204	6222
3107	9871
4867	80321
8841	79685
4116	6206
4691	9136
6158	6193
8260	79903
6136	6152
6223	27340
1956	55914
3071	10552
2197	6170
3799	24137
6176	23049
10523	57794
1949	2045
5781	259230
6206	6232
2784	122876
5093	51692
1933	6233
3183	220988
2833	83756
6204	6218
51388	84916
6156	6189
51122	54165
116	4914
6338	6340
6155	6169
3978	4176
6139	6230
26091	154881
6189	6230
1314	9276
378	10282
5868	57403
4116	6146
6678	7057
6135	25873
2033	9757
3855	3880
3491	7184
330	8887
7317	140459
1933	6128
6194	6205
5928	57649
9820	115290
695	971
6122	6181
6136	6231
1937	6124
1062	4751
6138	6229
55143	57082
3339	3915
2353	2354
7124	10673
3491	84141
846	10022
6152	6171
6130	6194
6193	6194
54165	57542
1937	6229
3017	8337
996	23327
5469	80205
8453	9320
6132	6160
3115	3123
6128	6201
9133	9493
2197	6146
641	6118
3852	3868
6138	6142
273	10109
4624	4635
9685	10618
6430	6434
1915	3921
2177	7398
1292	3672
6427	79902
3663	4281
84727	122769
383	3240
81	87
6133	6139
6132	23049
2792	343171
4116	6222
6135	6137
2177	2178
6230	7311
6203	6231
1234	4544
779	10369
6233	89910
89910	144699
1453	6227
151648	220134
23560	84172
10283	23398
1105	23168
4736	6189
9793	10733
10491	10536
6727	7311
3185	55749
9114	127124
2962	27238
23586	54476
7311	9341
6714	7525
2033	6872
2784	2918
3491	11167
4172	8888
3091	5707
4809	51065
89890	90025
4700	4707
3105	10475
6175	6234
9585	81930
1232	8843
6135	9045
10657	11052
4736	6128
6205	51386
6165	6202
8313	10297
10071	50614
10735	57551
3635	3718
11127	51014
2963	11193
4734	6047
9927	55669
4886	4889
6218	27340
727	56923
891	995
9793	23332
3433	8638
6233	9927
6124	6129
919	3559
5558	23595
332	2305
2847	6363
6790	9787
29984	171177
4678	83879
6168	6202
23517	84135
160	22872
4736	25873
6142	6203
1911	6045
6167	6188
1062	5347
10236	11100
8334	85236
3886	54474
54881	65083
2305	10112
583	27241
9493	29127
7184	9601
2980	2984
5528	9126
2935	6169
6235	25873
1595	4597
10663	259292
5094	10236
23332	91147
4088	23327
4641	11127
3837	23511
3433	4938
10466	10618
8237	10574
11014	23046
830	11014
2863	5332
23620	84432
5880	7409
6168	6205
6233	8976
6169	6194
6171	6235
132112	138883
2967	27125
3109	3115
6158	6233
10484	56681
10489	54778
841	843
51003	400569
6125	6158
1894	6790
9133	10403
1400	56896
3799	10112
891	5861
4848	23019
567	3107
3685	5023
6161	6188
9883	10898
3109	3113
6208	6231
10949	23658
9793	84902
1991	4332
23451	51692
721	3426
6122	6184
9793	23279
388	23370
10282	10466
6224	6228
156	7852
6232	27340
6161	6210
3852	196374
108	5179
6181	7178
10236	23435
1783	6711
3619	29127
4734	65264
7153	259266
1645	8644
5365	8482
6144	140801
4057	6709
3619	81930
2197	6189
6233	26130
6218	11224
2064	2065
6461	10458
23327	79176
10885	26155
6233	9101
3339	6385
2150	5021
1610	4843
7476	7477
7311	23198
4736	6142
1909	2922
6696	84141
988	10059
2957	7702
1669	8993
11004	22974
2792	4985
595	4609
963	326624
6138	6224
6128	6167
683	94103
6144	6205
51602	84365
350	2147
3675	3685
64750	115290
6122	6155
4724	10476
1906	2150
3921	9349
6176	6727
7434	10266
6154	6234
846	3357
6222	6233
6189	9045
54657	54658
909	915
2993	2994
10540	57545
6737	92369
6207	11103
6122	6229
22794	348995
7311	9856
54575	54600
3833	9212
4297	51230
1291	55214
5861	11014
3135	3805
4736	6222
6134	6154
8704	55624
2521	3178
10949	220988
671	10394
55055	348995
56670	59340
3953	6774
10403	151648
570	54363
6129	6228
11014	60561
8648	9968
55703	55720
7272	259266
2071	5985
6161	51187
3837	7514
9277	51118
10540	57511
6159	51187
5747	11099
6154	6165
1488	6934
6428	348995
6647	11315
7409	7454
6144	6232
174	51156
1894	54443
5048	11190
1062	64151
3796	10274
6170	6206
1665	10885
1329	27089
4712	27089
10426	55755
6176	6230
6133	6189
8329	8334
6170	6209
353139	353145
7327	26046
6138	6193
6161	6228
4173	81620
26268	140461
2776	2781
79600	84902
3030	3032
9844	10787
55127	84128
137797	152330
399	64333
187	11251
3914	375790
5435	84844
90025	91694
6152	8666
1902	55970
7153	57122
399	10144
2635	3659
6363	6373
96459	201163
4171	5426
5869	6233
4067	5788
391	394
9416	10949
6124	6141
1983	6234
6279	6280
6231	9349
2784	6363
64151	157570
1043	2350
1809	10371
1058	5528
2305	9133
26123	79867
6152	6167
9879	11325
185	186
6223	6231
6461	10787
5702	5706
5878	51715
1457	9918
26232	55527
65055	391195
991	9055
2784	5580
6672	6737
4144	4548
8337	333932
2848	122042
8349	85236
6160	6209
6157	6209
972	5641
1495	7082
7054	57016
6850	9564
3624	10272
1991	3240
1793	7409
6319	6720
27095	149111
259290	259293
963	10970
1639	22930
5829	7852
6194	6206
8658	80351
6923	9978
4734	22954
4738	9616
9919	149111
24137	29127
1981	25873
5501	25936
5696	5698
3240	5199
659	23118
1981	5976
9887	25873
1453	126003
727	846
5699	64344
7398	10714
6427	11066
6224	6227
1650	5660
2847	594857
51	7311
3673	3914
6790	11065
79132	91543
6189	6207
5439	8896
26155	65083
57082	151648
3355	5733
51320	55175
11224	23049
10813	10885
928	3688
6159	6193
4718	5284
6132	6169
10970	84141
4700	54539
6158	9045
4591	65264
3675	3909
6135	6227
1398	1794
636	25782
6201	6202
963	3683
50831	50832
4616	10912
3850	3860
3978	4171
391	55843
7321	23198
1603	58505
6125	6142
55339	55749
5950	7276
6129	6201
6157	6165
28514	54567
2521	6434
226	2821
746	100128731
6142	6152
7343	9013
186	4988
116	59350
10914	53981
5439	6923
6205	6229
6147	6208
1004	1016
6169	6173
353132	353135
10491	85301
1991	6036
4709	9551
890	10460
5519	79172
26682	344892
1660	11338
963	5795
695	974
10236	22826
1668	1669
23423	54732
158506	246184
26043	51122
5294	7409
377	10540
6147	6189
6133	6141
9700	23279
5725	84991
55008	57154
521	1350
1063	23332
2792	5741
4173	4175
3609	5725
858	1956
1063	23279
7536	9716
3184	55749
10285	23350
2058	4141
5286	6233
3178	10523
55175	63893
8667	26986
3491	54972
1303	5033
11059	23291
11014	22818
81537	259230
1080	4036
695	2206
51676	140739
1830	3713
5878	7037
8351	121504
3921	6208
9978	140458
9782	27316
521	84833
11169	84296
695	8976
5286	55361
7337	54778
6232	9349
6167	6210
11196	126003
8027	51429
51429	115548
6139	6202
2266	3026
6135	23049
1294	1295
26494	344892
4288	10112
10921	51692
10427	10484
551	6846
23295	84231
8615	100302736
6139	6209
56923	259295
7337	10489
1387	81857
6167	6181
3882	121391
9716	10713
6189	6206
4952	9562
6122	6175
3687	53831
8349	126961
3713	23581
1349	10975
1981	6235
87	5879
5529	5699
9343	10236
55832	115290
2861	56923
64410	80176
1559	2327
891	55872
1956	3675
2197	6158
389	117289
2305	22974
6193	6233
2185	5579
4725	9167
10652	51014
5328	10396
2784	10266
3913	54972
643	5368
6194	6202
51023	54998
6165	6170
567	1520
5149	388531
6167	6203
3191	5725
8688	54474
7057	79875
8334	79019
6205	6209
6136	6194
2033	8085
5347	29127
6924	22916
5869	6453
2079	6637
7311	23521
1292	1303
991	10726
1950	7474
64105	151246
6155	6233
9978	81559
6222	6235
1453	6189
3698	51156
2131	6385
4173	23397
6234	7311
3921	6155
6228	25873
5196	56670
6518	10857
1642	5983
8600	50964
27089	29796
6181	51187
2491	5048
4696	29796
1938	1975
8976	147179
2967	9646
4867	121441
51071	126133
10975	126328
6154	6194
8453	84085
7098	7311
6205	6233
5529	151246
2960	9412
6158	6170
8365	653604
2099	6198
1933	6181
6152	6222
1670	1671
26118	51088
6204	6232
3190	9128
6218	6227
2521	3184
6233	10401
23283	27316
1783	25839
8337	85236
6502	136371
10274	51143
7454	10787
258	5179
5048	5529
1915	6144
3916	5878
399	1894
1660	9716
3856	3880
8717	9530
6146	6229
1290	10536
5970	6667
643	50865
10403	10615
2205	5335
3895	5879
9354	9604
513	9377
10112	24137
4173	5426
51234	55831
1994	10949
3912	5578
2800	2803
1337	1351
2033	9739
4712	55967
79867	84902
5929	79269
6155	6175
1956	3912
3880	144501
5905	6232
3688	10298
3001	5551
5861	57403
53981	85313
4582	10331
1956	5879
9493	9585
400	23041
84085	89910
4853	23509
6428	22826
3122	4261
11345	81631
3921	6152
6164	55176
7204	10800
1660	51593
391	80728
6202	6204
22984	23223
10959	55605
1303	55214
10919	53615
317	835
26539	344892
10900	284069
10466	10652
4508	4537
54578	54658
1291	3672
5451	25896
6156	6165
79954	84128
3107	5696
3691	3909
10316	729230
6142	51187
2537	8638
344892	390067
1783	9371
286	6708
988	23435
399	57522
10285	51692
1958	4665
5684	5685
3486	3491
6146	6167
8886	84172
1237	9934
56624	259230
2071	10920
6156	6160
10489	197131
4999	84515
10920	10980
23279	113130
10427	11196
9666	115290
6205	8562
5422	84515
302	383
5145	54714
2935	6157
5528	23047
4738	6635
4069	8635
302	2799
6233	23014
6233	8445
6307	51478
6223	140801
2925	9170
6601	55193
4174	5424
3675	3688
6144	6158
54778	57542
6233	26523
1258	2978
9282	9967
2358	57413
1968	8661
10403	51143
2817	5673
29127	54443
6635	6637
332	79172
9564	54518
2967	79577
1387	6907
4670	5094
1362	9698
4297	6045
6233	55366
3178	3192
79869	84248
1642	79913
55215	64858
4514	4536
51121	79048
51116	92399
1050	2322
5298	8394
999	1001
27076	154064
1788	57332
890	983
8322	22905
8514	22918
5571	60673
140460	197131
6209	114987
10949	84991
11251	94235
59350	94235
6363	10563
6176	6224
6128	6203
5657	6037
6169	6223
3066	9014
3191	10432
3833	9793
8945	65264
930	5336
7454	10552
8450	10401
3017	8970
552	2847
11091	54881
4904	84950
5706	51053
6176	9349
160364	170482
6164	6193
4584	192134
23225	79833
5094	5725
1910	84432
6633	6637
6605	7421
983	6502
51079	126328
3178	3183
332	57551
6201	6218
3852	3860
988	8243
521	1329
51079	374291
988	5903
4724	91942
420	58530
9183	22919
6233	26190
991	9133
332	79902
6165	6231
2923	6185
1113	6855
5067	23627
1462	3912
9277	84946
6160	6233
945	3685
2784	6752
1084	2358
2197	11224
6142	6167
4353	56729
6130	6161
9493	9787
5005	7276
3921	6147
6168	6204
2792	2911
1302	50509
4637	103910
7328	9690
661	6619
6154	9349
6202	6210
9556	84833
7337	84085
29984	64333
9044	55814
51645	57819
3660	10475
6132	140801
6165	6189
335	2262
3134	6890
6159	6207
991	6232
4734	26190
5516	5526
4116	6633
6135	6228
6737	26267
5347	6232
4735	57545
4829	5737
3827	5005
1656	27161
6128	6234
2107	6137
1783	51014
6147	25873
9585	10749
7311	25873
25942	57649
6142	6218
3848	162605
6426	9782
1453	6231
8243	79172
10376	203068
6159	23521
2207	23533
23149	51429
6201	6210
51014	54732
3683	10970
197	3481
6146	6189
1660	3192
996	6233
4809	84844
353139	353142
6206	7178
351	9002
8329	121504
5196	94235
5575	8826
9700	23397
4514	4538
890	1062
1901	10563
3013	8334
9183	79980
991	151246
199675	338339
6428	7536
4508	4519
917	1759
10413	25937
6132	54512
160	8867
2719	135152
7514	9793
6045	23028
6194	6217
6210	9045
3458	3586
1991	4353
9416	10236
8175	10523
6132	6218
10970	79895
6205	53918
6233	11224
6122	6203
9276	22820
472	4361
27257	57819
2197	6167
2237	5111
7311	26249
521	10975
5929	6872
991	22974
6556	170482
9892	10094
6142	6232
885	2922
10802	10960
8729	9276
8021	79023
3688	3915
2767	64407
6171	6173
4666	6202
3178	10949
7469	9656
6122	6139
6132	6227
890	51203
7514	23279
5067	137797
6288	6863
778	785
5460	55211
4514	4539
2843	151306
1292	5033
5985	83932
988	51362
8878	55669
6916	80142
6156	6229
6317	6318
23014	56995
2740	94235
54734	339122
338	3698
3921	6157
6194	6208
1665	84172
4998	7027
5557	23595
993	84126
8463	10413
2792	7434
9820	23304
6130	6167
783	27091
338	2153
6155	6218
4710	29796
6167	6207
8453	115290
7516	11073
80328	116372
6772	9021
501	51166
5338	5579
55326	137964
22794	23398
9410	57819
3133	6891
6124	6128
10920	26263
5708	29979
5879	100423062
84464	201254
2932	5526
6152	6201
10250	22794
2847	4985
3376	4677
6175	6228
3978	4174
861	84733
64682	80204
2792	6363
142	6119
6160	6161
81	5868
9636	23586
3111	3127
1337	1350
3914	4233
3115	10346
1778	79867
8648	23097
2837	3358
6223	6229
79682	147841
8329	8341
8881	63891
6233	54677
3619	10274
6137	6208
3797	26146
80168	346606
2207	79895
10693	55970
6193	9045
6223	8562
6143	6161
117	7434
5435	23524
10921	51729
6130	10399
1937	6138
187	5473
2072	51426
6138	6227
966	64386
29889	51154
3183	3190
6729	23471
3895	11167
8468	91646
4926	5116
1783	2491
174	6694
2783	7434
51289	259287
4952	9341
6124	6138
908	9628
6139	6201
6209	6228
8905	10053
391	398
988	55631
7533	10971
6170	6227
671	1116
6161	25873
54778	140460
10112	64837
4689	653361
1453	6224
6430	7919
1936	6132
566	6037
6207	6208
9716	27316
1062	10592
115290	154214
6143	6176
3683	5023
23279	23332
6193	7311
23322	79867
2776	594857
10972	51128
6142	6147
51725	55819
2132	375790
3921	6142
10885	65083
1956	3918
8477	55970
595	4602
6173	6223
4985	6752
3309	9531
2033	23112
389	257106
6129	6206
6175	6189
6136	6157
23014	64219
10236	51729
6142	7178
6205	7311
9793	23122
8365	8970
8412	9564
3482	5868
4194	7316
127385	344892
9350	148738
5725	10523
637	3002
23511	51692
6165	6176
10121	10844
143502	285093
1132	53637
6130	6138
1793	100423062
9883	51692
5584	117583
800	5829
3190	10432
1233	11251
3689	3903
57545	121441
6139	6168
635	29958
6915	94235
3437	55601
6181	6233
6160	6218
6194	6224
6210	140801
6170	9349
54908	151246
3190	11052
5000	5558
26091	151636
51118	80135
9320	26091
9341	51542
9879	51362
1292	5352
988	10592
966	3683
113	259285
84861	143279
24147	79633
4609	85236
4709	4724
672	51755
3664	11074
5868	64145
6434	27339
1943	1949
857	3688
996	5708
6137	6142
6207	6234
2204	160364
9493	11113
4726	4728
6152	6203
506	3313
114	1814
5903	22919
102	813
6667	26512
699	57082
1783	10540
6206	6207
8945	25831
3190	4670
9188	25885
4116	6173
351	5340
9972	51692
65055	128366
672	84464
6170	6235
945	2548
1499	283149
6128	6147
4670	10523
6207	6228
6227	6232
54148	64928
1084	138050
6165	7311
1981	6233
2783	10692
9570	10802
1398	5747
891	24137
26589	219927
7311	9020
3105	6737
2197	4116
9410	10236
23244	55746
3683	8514
5361	7305
4700	4709
10112	55635
79682	387103
79583	79867
6189	6234
1536	23601
1081	7252
23291	83737
6176	6223
10285	23283
10432	27316
6456	10094
6230	140801
50838	259295
1793	5880
9126	54780
6830	55677
9156	84126
6672	8086
27125	55840
2147	2243
1154	23014
6160	23049
580	10714
2922	4923
699	55143
6209	9045
5196	11251
4948	7299
6128	6232
24137	64837
1281	1290
7514	57551
2091	6217
6147	6201
6202	51187
1058	55839
861	57332
7321	79176
9730	63891
6194	6218
10236	10250
197	3827
3909	3918
28973	51069
4174	63922
10236	10921
6185	6729
7311	151636
9739	9757
444	3091
6169	6227
3312	10808
1717	3422
6124	6136
988	4173
6155	9349
9927	10059
6158	23521
6147	6154
6159	6203
3853	3868
3105	5696
3181	51593
2147	3827
3007	3024
5695	5706
3189	9987
6202	140801
6633	84844
522	4713
3918	4233
187	56670
79895	199675
9801	28977
472	7468
1008	1016
4854	5087
5725	9716
1453	6229
8417	53407
6193	6222
6133	6227
3688	3913
6698	6707
6155	6173
9416	55660
10890	23011
6139	6160
6203	6204
273	9892
23279	53981
3157	4047
116	94235
55388	90381
25978	51652
25885	55703
2695	10266
6135	6224
6157	6189
3107	3659
2767	5599
7862	9219
2935	6170
2832	3827
11017	11051
23149	115548
6157	6224
3854	3861
645836	100287238
6152	6154
9092	27339
8541	64130
3797	79659
6232	25873
1364	100506658
6125	6189
3352	5540
5294	55970
3491	10970
4297	23269
4102	158511
1387	8648
23122	57551
1778	5707
54677	83752
824	831
219960	285093
10155	25799
26523	27327
10575	10963
5595	8546
6218	23049
6161	23521
1660	4670
1058	8655
6138	6230
6233	26091
6170	6201
6453	8976
7514	23244
1508	1514
3191	5094
29093	51258
1650	6130
3717	4352
5426	10714
11340	23016
6202	6232
90	4088
6125	6161
8317	80174
5082	10574
56165	91646
2817	375790
2145	5928
3017	440689
1398	10787
6218	6234
10075	54620
1665	3191
6159	6160
6152	6176
6136	6142
351	7852
3684	3687
11167	84141
6146	6194
6142	6156
2932	5529
2769	5335
6222	51187
3915	10130
3833	24137
5516	5519
5004	5005
6207	6224
4709	4712
6144	6188
3301	10808
996	25831
51645	85313
79895	160364
6233	6868
6176	6201
25	5893
3274	285601
3619	57082
6201	6224
521	4713
23521	51386
1453	6223
7337	26190
5528	8243
1137	1141
388	397
6202	6230
7531	81565
1981	6210
521	10632
2783	3763
2147	3481
6135	6157
26235	158506
10403	57405
6125	6203
54474	121391
1551	1576
6205	6208
4712	91942
3098	5236
6201	6203
6133	6188
3921	6203
8853	11015
8648	10498
389	399
185	4988
920	3702
5685	5688
2792	158131
5725	9879
5795	55754
3071	7409
5879	9181
9437	259197
5023	8514
7311	83987
3046	3048
6157	6176
6167	6223
4343	4853
2847	10563
55832	90293
6152	6227
6206	9349
6138	6209
2551	4899
2967	9015
6144	6173
988	10403
971	973
6160	6193
6280	6283
7706	51426
1933	7178
4867	9657
22954	89910
4724	27089
8607	11091
9126	23332
2197	6235
3619	5501
9126	11130
6156	6207
3673	3683
2222	51478
9604	83737
1933	6227
990	5717
4939	10379
890	4999
1778	5861
6136	6147
4734	83737
23291	55236
6139	6229
6135	6136
6427	8106
5596	8202
147	5021
1462	10618
7311	55914
6175	6203
2957	6619
6142	6234
10487	11344
6165	6228
9551	84833
6222	9045
7249	7532
2798	4829
3886	286887
6235	55127
3185	5094
1814	259285
27	1398
1756	6442
623	56923
10266	594857
84944	113802
23014	55832
988	3326
23658	27316
2790	9138
2918	4985
5526	81565
3676	3691
3357	4829
5872	51715
830	10466
11128	25885
10403	220134
6142	6223
5694	5715
27043	27340
10618	50618
2064	5336
1063	22974
6155	6201
7324	79876
2147	2244
2521	3185
6135	6169
695	5293
6124	6232
1435	1462
10153	79954
5516	5520
25885	83743
3055	9564
1285	1286
6194	23521
1669	56729
3822	8302
3240	56729
9276	10959
6203	6217
6237	7525
64979	219927
51023	116540
4694	4724
2048	3055
80224	374291
3685	199675
8175	27316
3133	3824
2976	55703
6628	55110
6193	6234
3838	4343
3908	10319
4694	4726
1665	4686
6201	140801
22919	22974
64386	84329
5119	27183
5870	57511
5694	7314
338	2243
996	9820
800	10398
3837	3839
3921	6135
2633	117854
5695	7314
9527	83452
6139	6207
2023	5230
991	9918
3190	10492
23020	220988
10714	23649
11073	84126
6218	6233
2966	728340
4726	29796
4917	50937
5516	51400
3093	27252
9730	64682
6181	6222
1173	6455
4992	344892
7184	10970
6428	7919
26005	84902
22905	115548
23014	80176
6224	9887
5707	23526
6138	6208
3837	9972
8976	10458
1315	9276
23601	199675
990	8697
4288	6241
6164	6229
2197	6165
5347	9738
890	9133
7514	25909
6135	6171
9126	113130
6128	6157
5170	7249
7486	11073
1387	4205
6233	7844
5695	6500
1756	284217
1058	11004
9493	55165
5023	64386
3619	10735
3106	10475
6223	6228
6171	6228
4538	91942
1573	8529
1915	6159
2242	3718
1121	81846
9793	57122
10458	10552
6147	6169
1793	6461
6167	6228
3434	10964
151648	348995
57381	57514
6923	23198
8802	8803
2800	9827
4734	89910
6175	6232
57678	256356
6147	9045
8581	10232
5594	84823
2623	3674
726	831
4999	5558
9738	146057
3937	7454
6997	10637
1816	3973
6156	6230
51693	58485
6230	7178
6159	6189
1329	55967
1576	54600
5985	63967
5528	9700
54577	54658
393	11015
9126	57551
6189	140801
3833	55143
972	3109
1994	55339
3912	5954
338	1080
5879	375790
6233	84231
10274	23279
3903	22918
8454	9690
8085	23067
6193	6218
3881	112802
6230	6232
1646	8644
6130	6206
7124	8740
6432	10189
4620	8735
9877	55746
3607	55252
1577	54576
27340	57647
701	146909
5518	5976
9742	26146
3921	6227
3008	3024
6133	6137
4508	4512
6152	6223
2064	5747
3212	8338
26146	79989
6208	7311
4512	4514
5829	6461
10053	130340
6218	6235
111	9283
4736	6143
9816	9875
6124	6194
2767	5330
6233	11059
6144	6175
1915	6222
5552	83706
5978	80012
23142	26190
84261	154881
3685	6385
10094	10095
719	8895
3921	9136
752	5217
6601	57492
3672	3688
79659	150737
6155	6208
10489	221687
4313	4323
5725	10657
301	5332
5592	8654
1956	3691
3181	6628
60	57591
6167	6230
7514	55746
3066	6045
3091	4088
5023	10857
813	1435
5707	126374
6385	7852
3111	3122
258	9210
338	4973
7472	7482
1191	10916
2810	4486
996	5347
6201	25873
6130	6136
1758	8074
595	6777
2525	10331
3048	4778
6430	10949
111	10268
3178	7919
4736	6141
7311	23032
990	51343
6224	6229
3558	3717
246	11283
6279	6283
688	5468
3675	3912
6136	23049
6168	6209
4609	7022
6184	6185
302	6386
1793	7525
6122	6128
6228	6234
23049	25873
813	7184
3915	5829
988	8449
6206	6235
3107	3133
5518	6235
2935	6209
1783	6709
131873	256076
10857	196527
972	3123
389	5217
29796	54539
3850	196374
1347	4695
3074	5476
10298	375790
8976	55243
153	155
3837	57122
8563	23225
3190	9716
87	3688
684	4939
22856	55454
6161	6231
2444	84766
10803	50865
23451	51634
8243	10051
4343	6714
1453	6208
2683	5660
5021	5332
4867	57545
174	3827
6164	6204
6137	6155
23283	84271
6692	6768
9739	55904
6141	6142
2935	6164
10618	22848
6164	6230
6147	23521
4254	7409
6152	6189
6122	6159
1555	1577
6189	10399
1781	10383
6137	7178
144699	154881
2353	4773
6201	11224
9212	55355
831	3688
5394	5822
6136	6173
9055	29127
4695	51079
6135	6205
79861	81027
1981	1982
335	345
695	7305
4116	5435
1116	4069
4700	27089
2071	5887
6206	6228
6672	10475
6155	6181
3490	6696
6207	6209
2042	2044
5903	79172
6143	6173
1478	9128
5371	6672
1830	5266
6125	6144
6701	6704
6169	6171
7478	7484
29927	58477
4734	7316
8568	22984
5694	5701
56929	79176
1439	6776
3192	6626
6500	7320
8742	51330
2475	57521
9181	29984
6175	7311
4161	7432
2521	3192
5435	5439
8976	10787
79600	91147
6146	6159
567	3105
977	5339
9631	65250
566	6036
5266	5493
23122	113130
6218	25873
1350	4695
57542	65264
6124	6189
3017	126961
6229	65008
8688	121391
143279	154214
3190	7919
1337	1347
6233	440689
22930	84516
23160	55720
830	6711
2305	5347
10592	157570
1306	50509
1453	6209
2958	5435
990	996
4116	6201
23160	51602
6135	6235
4008	7321
6230	27340
4736	6203
1956	2274
6136	6187
2934	51411
9793	84131
4952	286451
4509	4519
1453	57787
5695	5700
64963	92399
394	7204
332	1063
671	8993
60485	84962
1783	10121
6625	10236
8356	440689
1063	4288
4538	4712
6130	6230
1269	56670
1938	6142
6223	6230
2165	2244
7381	29796
1329	1340
351	3912
4710	4728
3437	4939
6434	10181
3357	56923
6194	6230
657	9765
344892	390275
1161	5887
6426	7536
6133	6229
6233	26043
6130	6133
8087	9444
701	51203
8337	653604
3185	4670
3609	4670
5145	5149
83540	259266
3074	5707
5436	85437
6128	6143
23160	64318
6309	6713
6128	6154
335	338
3937	55740
2782	115557
8687	8688
4513	4537
3903	79895
5928	57690
10425	79876
334	3491
5796	6233
259	2244
25897	55175
6158	9349
643834	643847
9631	23279
5094	10285
1894	29127
6169	6222
10427	126003
891	81930
4085	79682
3921	6201
6176	9045
977	3655
1861	27348
226	7057
701	56992
6141	6144
9875	55127
5702	5708
23028	57504
3191	10713
6164	6233
6233	6235
64926	153090
6556	160364
2048	25791
1937	6128
51692	55746
3361	3627
186	3350
6144	7311
3122	3123
23521	56915
54856	55870
6173	6181
6208	6232
5516	5529
5903	9126
11004	259266
1634	4060
6631	27258
4976	55669
5335	6850
6231	6233
932	3903
1906	6375
6631	84844
1665	5439
1394	1816
5869	57403
3673	3918
6158	6218
1063	55746
3074	10577
5624	10232
332	10615
6157	6233
11275	283807
1943	2046
4440	9355
514	10632
6205	6224
6157	6223
7783	11085
2641	113091
890	55165
6868	7311
695	5777
6128	6222
2913	4988
4033	10970
5432	7316
6138	6206
4116	6218
7919	8106
11021	23011
1781	11014
7155	8289
6138	6154
857	284119
6218	10952
6173	6206
1994	220988
4985	6373
1387	25942
10615	146909
7320	9604
1937	6189
133	2863
4343	84441
7133	10673
9652	23517
6863	23620
57129	63875
6635	9883
3309	6836
2913	84539
7311	65264
672	7153
3192	51692
1778	11014
8925	54778
4736	6218
3685	5747
7453	8565
6176	6206
6143	6232
10250	58517
1062	10112
6453	54874
6128	6139
6233	90293
6152	6181
1933	6129
9341	22836
3903	11314
988	10236
3619	23279
3978	5426
1994	3184
4736	6122
4724	4728
55131	57647
3685	3915
6233	7178
1495	1499
6154	6209
1594	5741
54908	55055
7164	152503
6165	6167
6124	55629
1234	1236
377	5861
1453	6204
3488	54757
2244	3827
6139	6167
6748	10952
5706	5714
6167	6232
6144	11340
4175	81620
336	350
1915	6133
3688	7052
6203	6209
6168	6207
4088	25937
6173	9349
6175	6202
6207	6235
10155	284309
387	7046
6170	6203
6128	6204
4208	4209
5903	23511
6194	6229
5331	222545
5001	10926
10274	57082
5501	57551
6164	6217
6169	6207
3066	10919
6132	6208
9320	54778
813	84141
1387	5469
6434	10949
23224	23353
6136	6161
5879	6249
6182	65008
6601	6605
4233	9564
50835	50838
930	974
1129	8322
7456	10787
1495	8394
6208	25873
891	1058
2521	6421
10426	55835
5887	7520
5869	25977
2071	5433
5885	286053
6234	9349
79172	151246
6161	6167
7164	10053
146	2846
3912	11098
2131	2132
3304	3320
983	3833
9493	23046
864	64750
472	5884
6147	6206
4297	8085
9643	93621
846	2798
886	3061
2197	6206
5701	51330
84131	347240
55749	79869
64951	64979
963	5023
6128	6136
1956	3688
4736	6223
983	9631
1956	4837
6202	9732
6428	10949
25984	121391
109	2358
4584	50614
9295	84950
6143	9349
974	3635
2222	6721
857	858
6218	55127
6136	6156
988	1994
6167	11224
4535	4537
6147	6209
64792	150737
6632	6635
8329	85236
5335	10818
1915	1937
501	85007
10022	56923
3091	5594
2537	10964
5861	5878
377630	401447
9367	201475
4701	51079
6209	6234
4839	6156
1956	10552
5430	9282
6203	6205
3688	7057
6427	220988
9739	23112
6168	23521
4735	121441
79954	84154
10802	51014
10921	84271
8295	8945
28973	55173
6133	6202
2153	3481
23279	55339
6129	6209
51433	246184
6049	23304
6201	6208
5432	84962
6518	326624
6137	25873
6137	6168
9341	25977
6227	6230
6122	6144
29074	64928
398	5880
1129	5173
2033	25942
5119	51652
6142	6157
2358	170482
9928	259266
1981	8672
3184	3192
6147	6222
6130	6139
288	2348
186	4922
6160	6205
2932	5704
5707	8453
3635	5777
6165	6224
4736	6158
5347	24137
3713	6705
7311	257397
6144	6233
6235	23049
6128	7311
6863	84432
991	51665
1830	6699
6161	6170
57405	79980
6708	6710
6605	55193
6142	6210
5739	94235
10291	10523
6139	6147
23431	27131
5862	57403
6159	6164
3945	4200
1915	6142
1058	9212
5199	6709
81	7791
65083	79954
7311	9045
1069	10426
174	3698
8450	55832
338	350
23042	23420
6130	6181
3396	51649
7478	7479
3320	9844
6383	29106
7337	51320
6208	6228
8329	8349
6227	10952
11339	64946
2206	3702
3693	5829
3921	6207
5707	10575
26091	65264
4724	4725
6133	6208
9564	10787
728	846
6168	6170
22974	81610
6133	6232
6133	6169
2792	26339
377	11014
1499	4233
10970	338339
6161	11224
1981	6139
701	23397
11176	23309
4171	4998
6128	6152
9662	79441
6426	23517
6426	27316
6138	6175
8347	8365
6222	6231
1994	10250
1287	3688
3134	5696
2168	3158
22919	79172
9700	113130
4540	4713
6059	8886
5700	5705
6158	6206
29927	100526842
6518	10970
1500	55740
87	1499
3048	3050
5439	6637
6157	6164
5579	55970
1366	4072
2792	5145
6193	23521
2197	6230
8085	9757
23451	55339
6228	6235
9672	64131
22918	53831
7936	404672
23160	27340
6168	6229
1778	121441
6228	140801
896	3717
8689	121391
6330	6340
695	7409
1337	29796
65264	143279
57154	154881
10403	64151
833	4141
5688	7979
9700	10274
5433	51362
1660	5725
1908	84432
1017	10926
6157	6203
9493	54443
991	1058
6167	6727
57662	144100
567	3134
6207	6223
7311	140458
6136	25873
3913	10970
10250	10291
6122	6129
29984	55843
9055	9493
6159	6206
27237	29984
23511	50628
1500	7525
699	220134
5829	7534
1946	2268
6133	23521
1062	2491
3013	8351
2207	5338
1108	2033
4323	4811
1774	5199
84105	347732
6147	6161
1080	2147
6146	6176
3856	3866
23304	90025
6136	6189
6124	51187
1007	1013
6143	6175
1058	55143
10022	339403
811	9601
7536	10772
55339	84271
3107	6672
1601	5878
6164	6207
6124	6205
6218	9349
1731	23157
9129	10262
54778	197131
23326	79595
1088	138050
6209	25873
2197	6144
6712	11316
8861	90780
4670	51729
51172	84572
5685	5700
2935	6189
6203	6235
6229	27340
5604	7529
1129	4543
8453	51122
10621	11128
1938	6122
25793	84676
3640	53831
285093	390191
6235	140801
4670	9343
2358	57153
391	8503
6152	25873
6136	6155
10963	22948
9611	23118
6181	9349
4736	6133
6233	90678
9690	57154
1058	64105
1062	6232
64284	401409
4543	4852
4736	6164
9984	79869
2185	2268
695	3937
6161	6165
5781	10818
2131	2817
1269	53829
2168	2169
9793	22974
79571	339122
84648	353145
54951	64344
945	79895
3832	3833
6625	6626
3843	10527
55832	57542
6173	25873
348	5360
1937	10399
1495	3801
10189	79902
1132	2847
117	594857
6161	6206
1969	2048
6453	51429
5707	8452
514	4695
2771	2918
8243	23279
2054	8673
9341	115548
3106	5696
9126	23063
50835	259287
5501	7159
4736	6155
259287	259292
9662	10733
3912	3915
5519	5903
1595	3156
4697	4708
1455	2810
4751	4867
54606	55131
332	10112
9320	65264
720	3426
4584	4586
6169	6209
9076	137075
29074	51069
27327	84441
1781	51014
7852	63940
3213	8338
6830	22916
1452	5515
5867	5874
4711	84833
5528	51143
6139	6176
6229	9045
920	8976
6188	11224
9700	25909
6167	10952
9904	79050
133	55970
5861	55605
2790	2863
23398	23517
65055	343172
1659	9343
6139	6205
2177	2189
5880	9743
6207	25873
6737	79754
9412	9442
6217	84916
1347	27089
1783	3799
3181	51692
133	79924
351	27242
6201	6207
6154	25873
3875	144501
3912	51280
10733	163786
5290	6667
3350	4988
6146	6202
2788	3269
472	64421
846	259293
2475	6654
2033	81857
9700	23332
5868	10618
6227	140801
930	118788
3832	10592
3921	9045
6142	6181
64131	375790
5930	23295
2971	51082
23304	84085
3655	3918
22995	146057
10892	257397
3190	3609
6136	6203
783	2784
6122	6147
6168	9887
6829	54623
388	7409
6156	6232
8720	51360
25885	84172
6137	6209
3693	7525
10236	10949
6201	114987
10324	201456
5829	23209
81696	344892
6201	7311
187	5196
6202	6227
3949	5869
301	7852
3017	85236
5777	10630
4357	54205
8451	9730
5566	5970
846	259295
627	5879
6161	6230
4708	29796
6201	6223
25873	55176
1362	3482
5111	5434
6222	10399
6139	6173
5699	23198
3185	3190
4670	6626
9787	55165
2197	6193
7272	64151
4712	4726
6165	6168
6227	6229
2782	2784
5684	5706
1133	8477
377	1783
6429	10946
9870	65264
6152	6165
2197	6125
2792	219438
6626	10523
6144	6203
2475	9675
9320	23291
26284	64965
6714	57670
570	7311
5438	51639
1793	10787
6130	6204
6209	8562
1350	27089
10092	10109
1329	1337
2064	85440
3163	3725
3688	23209
51109	54884
1439	5568
1956	5782
6434	8175
3437	9636
6426	7919
9862	84246
2147	2159
6175	6235
5519	6801
1994	51692
10274	113130
4512	4519
1364	1366
2204	23601
3866	3880
1434	7514
6154	6210
1365	24146
2792	2847
4713	126328
4707	4709
3091	5708
6235	9887
23304	56658
5080	8338
996	8945
6228	9045
7316	10920
5928	51317
6233	6498
3267	3949
6207	11224
6173	6209
6709	8729
9887	23381
6714	10413
5795	10857
8655	64792
1793	5747
6129	6208
11190	121441
2125	6699
2962	80004
8698	55970
56923	339403
22845	57171
6428	6434
1605	55624
10528	55226
1495	5795
3689	5023
990	64151
3921	6130
6877	51593
1933	6205
10713	11325
3240	10394
6168	6210
6128	6231
6132	11224
3799	9585
983	9126
23325	387680
8514	11314
5266	6699
22897	79598
6430	220988
3683	3903
6155	6165
5335	8698
7184	7466
26043	55666
8337	317772
4172	10036
6130	6229
1605	5579
6124	6160
10592	54892
84231	197131
1314	10945
6629	10189
6170	6233
5432	11051
23020	51729
6128	6156
123099	340485
8689	9119
2873	8607
1555	1557
9700	10403
6207	6222
5516	54908
6232	23521
3561	3635
6160	6201
54578	54657
6176	7311
6168	9045
10574	10576
1793	9564
55755	347240
2960	4763
701	10615
3181	5725
3689	8514
2197	6203
377	29127
51143	57405
9972	23279
9133	51203
999	3728
8740	10673
9700	29945
6157	6234
2886	5155
25957	51747
4540	55967
5970	57506
2635	6672
6176	6202
6201	6229
3913	9459
6208	11224
23265	50807
6202	27340
10574	10693
5436	6631
6456	10092
6143	6228
5822	7109
3833	56992
5368	64805
10425	63891
338	5948
5520	6132
5054	5329
87	6714
25936	100527963
127544	154881
3187	7536
1081	3623
10014	57459
4508	4535
399	80728
10250	27316
9436	259197
5054	5327
1660	10713
1642	11091
23322	79600
7311	8945
3107	6892
6128	6202
28981	64792
3190	3191
5930	84961
50832	54429
3913	11098
2033	23067
4233	8976
1524	126006
4171	10036
4599	8638
6146	6218
6944	81611
3115	3122
6138	6169
388	55843
10594	11100
1453	80097
3837	5903
6202	23049
640	5336
2185	9475
6154	6161
6135	7311
11176	79595
4602	5432
4582	10164
6636	6637
11137	84916
4508	4536
1398	10818
6233	10818
7514	54821
57111	64284
29127	55165
26589	55168
6124	6202
4926	55755
350	462
5094	23020
6135	6142
6750	6754
1431	1737
4172	10714
23028	23186
3009	3024
351	7184
3422	4597
8085	57690
2810	3918
523	155066
5725	10236
22826	85313
5438	6827
9738	347240
9739	25942
1173	8301
1937	4736
5330	55970
6138	6144
26005	79867
9877	10250
7311	54874
2767	5335
3619	51203
5930	54620
4707	4713
22938	220988
10489	51343
3071	9564
8886	23560
2912	5179
671	4353
8065	9354
3134	3659
3181	3190
6156	9045
983	4288
6141	6193
8514	10970
8729	9570
1902	7852
25885	27340
10274	81930
2033	25885
5516	10213
3187	10181
54716	153201
6229	6234
6146	6173
6164	11224
1981	2197
950	25977
1453	23332
8243	23047
208	51230
10075	80204
1478	3188
6009	60673
3490	84141
6173	6227
5880	7454
55127	84172
3482	10618
11065	83461
3184	5094
4172	55388
3913	5954
518	521
7334	64320
5528	10726
4116	6636
1315	23303
6142	6202
6160	6208
1116	3240
7311	11224
10575	84617
1991	5657
6155	6156
6233	221937
1859	10238
5500	5516
1665	3192
331	6233
1277	7373
6188	6222
3163	5023
55832	80067
54821	151246
6515	144195
6144	6159
3683	5788
6122	51386
6517	84246
4116	6125
6154	6158
2266	3827
6142	6176
163	7311
2491	6232
3178	8175
5717	9020
2266	3698
57154	65264
6169	6229
3921	6229
6189	7178
4736	6234
4288	9700
6224	27340
712	7305
813	11098
6142	140801
10802	22872
963	7805
154214	221687
6181	6206
6170	7311
991	5707
1337	1340
399	94134
1327	1329
689	6160
2938	2939
9631	9972
983	51053
9553	51650
1495	84962
942	7525
57129	219927
1233	56670
988	9967
5903	57551
8178	11267
8945	285231
8027	8301
4696	4718
3156	3157
5339	6189
3912	6714
4718	4728
6708	11280
4708	51650
6204	25873
6272	9500
9045	11224
932	3689
22984	57696
1915	6189
23585	54741
6122	29997
51421	60485
3433	10561
6230	23049
1121	5869
6790	24137
301	27334
4298	6830
6124	6125
6169	23049
1660	10523
92815	128312
6206	6209
6307	50814
2810	3691
3191	10236
3915	4240
3491	3685
6182	55052
65264	89910
208	2782
6160	6171
1983	23521
6128	6206
2243	3026
10489	25831
945	84418
1794	5880
7283	27175
920	115548
1933	6165
8243	10592
3434	55601
57105	94233
9564	10044
10489	55832
6167	6209
3921	6189
6130	6223
25909	55746
25926	84128
5318	11187
108	50837
1981	6228
3688	4233
886	887
7525	10413
7153	9824
2107	6176
6135	6189
6128	6207
5526	7316
4541	91942
6189	23521
6203	6228
8697	11059
55166	79682
6135	6173
148	886
5111	10714
3184	9987
6167	6168
10946	22826
341276	344892
9459	29984
2864	27334
6234	7178
4700	4717
2033	10014
1915	6128
6144	6209
7317	89890
3914	3918
2792	343172
3799	55605
1398	3071
996	51088
259287	259295
10096	10097
6790	121441
6175	6194
9343	23451
6167	55176
79954	84916
9793	203068
60	5879
3913	6714
7343	57459
4830	4831
4702	27089
23279	81930
6173	6207
6556	338339
6950	10574
1387	9967
25978	92421
259	2266
9021	57674
6143	6159
375	10959
2023	2597
5747	23209
10949	27316
3692	10969
891	1783
6181	6218
3309	29927
6138	6232
3303	3320
79470	344892
5788	6688
3214	3215
79172	113130
4709	55967
6141	6173
1241	2767
11127	64837
720	721
10733	347240
9730	10293
392188	645402
6146	9349
2783	2918
6167	6194
6232	54820
23160	25885
727	10022
6556	100049587
56667	140453
6203	9349
661	10623
23327	29082
259287	339403
25836	29072
6144	6152
6144	6181
1937	6133
9918	259266
6125	6146
6228	7178
6147	6232
9349	25873
6173	6224
26190	197131
890	151648
6047	9320
5439	6621
6130	6147
9156	51514
22984	23195
120796	344892
26005	26123
8243	10735
5701	7316
163	8976
28998	219927
5711	8453
3672	3696
3797	57539
122042	285601
641	5426
1870	4208
9371	10112
3619	9793
9246	54778
7184	51726
3178	220988
552	6866
2206	2207
4542	4641
4172	4173
5048	79003
3192	10949
3921	6144
4076	55226
2222	4598
7525	11099
1894	9833
6142	6233
1431	2747
388	9938
1495	128239
4172	81620
988	10574
6632	6637
9318	11275
3688	3693
5725	23020
945	2207
1981	6202
2243	2244
3673	3691
1314	9632
968	25798
6156	6201
88	4620
5868	22848
10403	83540
1445	26191
1994	10498
3123	7535
3105	3133
6231	9887
8449	79869
4041	6422
1933	6201
6208	6223
5433	8085
3915	7402
3054	6872
3675	3914
3799	10749
2209	10152
3192	23020
914	924
10133	81631
8467	79595
3371	84141
6129	10399
2033	55904
23283	55749
9738	203068
1062	9787
5905	23225
4853	6868
988	4436
9439	9967
400	55275
683	932
55920	79023
1435	3490
5861	10484
6632	51503
6790	22974
345	350
51264	51649
1857	5699
4586	26290
25942	51317
6160	25873
6122	6169
6165	25873
26519	56993
5029	5724
8698	59340
830	1315
996	23291
915	3560
146	2922
1308	3655
10013	25942
332	54821
3340	6385
3889	3892
6165	55176
65055	219438
4008	22954
4088	64750
1124	5879
51143	151648
4710	4717
26046	140461
963	64386
6047	9604
351	7466
6122	6194
8453	89910
996	5699
351	5660
8663	728689
6141	6232
9320	26190
1435	3371
1118	3417
6146	6168
940	3695
6128	6208
6155	6161
833	2617
25798	326624
53615	55766
51593	64859
6159	6188
335	4036
9820	90293
9738	10733
8886	79954
6136	6228
10413	51421
26271	51053
1022	56949
2207	11314
988	6602
6169	6170
51143	348995
6160	11224
6176	6232
3092	6233
3191	3609
2107	6181
51258	64951
10664	22976
1500	5795
1303	10491
9790	54881
23095	64837
7057	56999
6161	6181
4332	6036
8871	51429
6233	27327
4736	6207
1983	6232
6850	64170
3646	26986
6788	60485
55872	157313
25909	57122
1994	8570
6453	8322
60	2597
389	393
4735	11190
3685	9564
3921	11224
10051	23244
5558	10926
7328	51444
57405	113130
3113	3127
10256	54845
6142	6206
813	6790
4588	26290
92170	503542
2588	9798
9875	22984
891	5526
10914	79869
1994	23435
1113	29106
5701	7979
5879	10788
377	9493
2242	3561
6422	7474
6434	27316
399	23526
1739	5290
6427	10189
4736	6188
22981	27077
6155	25873
6370	11251
3434	8638
4513	4538
6154	6229
2792	3763
6122	7311
3912	54972
8655	23218
722	725
6181	6234
2318	54751
4696	4710
6157	6222
344892	390061
377	830
6144	6207
10959	11014
10733	55142
5879	10095
3113	3119
7311	92421
10458	10787
1173	5868
3685	10970
1659	9716
6461	9564
5515	10776
10885	23404
2521	5094
4236	10291
5422	5983
3187	6426
6428	6632
462	2147
6173	140801
64951	64983
1660	3185
6181	6204
846	259292
6132	6156
4536	4539
5865	23011
387	7094
156	55970
3200	5438
9738	55755
6233	9320
7311	8976
9967	84498
29127	64837
3312	6804
3360	10888
11100	23524
5441	79035
6204	6206
4627	10092
57531	90025
54509	445328
7311	23607
9690	84231
553	3062
344892	390326
5473	10321
6141	6228
302	6281
9133	57082
2521	27316
7311	64750
1997	3562
6667	10499
55175	56995
440	2058
219858	344892
6176	6203
3655	375790
983	7321
6890	6892
226	5223
3111	3115
6714	375790
8289	57492
6387	57007
5695	11047
3921	200916
1058	151246
251	5067
2036	4646
26118	55208
5438	84844
6830	26043
6129	6160
7305	23601
1639	1783
3884	3885
3611	3688
160364	199675
2071	6873
1434	3837
29118	63876
4172	6118
324	1857
3921	6181
2153	51156
60560	80218
29127	81930
3491	51280
1728	3162
3619	24137
344	6382
6165	6204
1116	1669
6139	11224
4508	4509
2792	7855
6132	6171
3184	51692
6161	6205
6233	51592
23160	55127
55759	84549
3937	7305
5688	25906
6189	6210
4736	6208
4074	10109
3659	5371
6429	9295
6836	29927
25831	65264
1445	9564
1994	3190
813	10970
3191	79869
3017	8334
3351	346562
2865	6863
9527	84516
6206	140801
9690	89910
7031	7033
51592	64682
3921	6233
2045	285220
116372	257194
5684	8658
6194	53918
10952	58505
3916	3920
5701	5713
389	6453
6136	6227
4543	5173
8189	11100
6218	6222
9611	23097
3192	5725
344892	390084
3856	3875
891	991
3882	8689
6209	7311
8945	23014
1778	3831
2266	5345
10632	84833
890	1058
1937	6136
3683	3695
1495	5819
2243	51156
3672	3915
1880	196883
10523	27316
55863	91942
6202	6223
6125	9045
86	988
5604	7316
8453	55884
51264	219927
7311	158506
6477	200845
6754	50837
2695	7434
54885	152503
6122	6193
8131	64121
6047	23291
3006	8337
3659	7015
4537	4539
2935	6181
183	3357
1277	1289
4736	6232
4509	4537
6181	9045
3912	4233
6205	9045
6707	126638
6158	6181
26239	353132
2033	5469
54874	115548
6132	6147
51593	51692
5694	5695
3191	10657
53831	441864
891	29127
1432	6885
2826	84539
3133	9871
9295	10250
1656	54464
8969	85236
727	51289
2064	7311
10970	11001
3185	3192
7020	284252
6139	6233
351	1234
6206	6210
6189	27340
6133	9045
1956	5328
6188	6202
351	1269
50865	63940
11021	51762
6139	6203
950	8976
11236	79139
8697	8945
57111	401409
6139	6161
6635	51690
302	5834
8295	57634
3909	5829
905	5431
2521	220988
6169	6203
8337	8365
1994	10921
1258	3000
3183	6434
3190	51692
8451	55208
6135	6170
6637	51639
2782	5082
5725	23435
4125	8635
2648	25885
1942	2041
1062	10051
4853	27327
54625	151636
1655	23658
1933	9045
3301	3303
1017	84515
566	1511
6138	6173
6158	6205
988	11193
2768	2790
988	9611
9655	84085
1669	3240
79023	129401
5540	6755
2801	10959
6168	140801
1639	10121
1812	51764
891	129401
25827	115290
6605	11198
389	1894
6147	6176
4713	29796
9318	27252
51429	54885
6240	10592
3192	11338
29089	197342
2177	11073
7317	9820
80184	84962
57332	84733
5725	8672
5311	9727
6138	6207
4999	5000
6159	6235
6222	6223
5880	80728
9055	51203
5528	23279
53829	57413
9632	22872
3884	100653049
5695	10213
7178	7311
26168	27043
2197	6128
9276	51014
60560	80018
4176	5982
3008	3009
6249	10540
9727	23265
89910	90293
4069	5199
7272	10733
3685	64386
8329	440689
3190	57794
4707	55967
3360	7253
5048	55055
3178	6430
6202	6228
6234	8562
6128	6188
5869	9341
9320	51088
6133	6147
2207	8514
5310	9727
641	7316
6161	6203
161	5286
160	29924
1915	6122
5829	9459
6137	6210
5469	9968
4540	126328
2634	3659
4588	140453
9793	26005
919	3123
7852	8698
6233	55666
3355	4889
3320	10383
3767	6833
9493	259266
3799	29127
5644	6690
6125	6159
6129	6152
9787	24137
1029	1030
65003	219927
1500	5880
6133	6209
9510	11096
23517	134430
3897	57698
351	3913
4670	11338
3663	23321
10121	79867
3015	5438
4707	29796
4617	4618
1387	8289
89910	115290
1994	10285
2967	51755
6152	6235
3106	3133
4713	9377
11338	23511
1660	3181
4627	5898
3683	84329
8974	29920
6122	6142
6143	6222
6133	6160
27125	79577
6159	6224
4670	10921
51289	259292
6168	9349
274	9341
6136	6165
972	3113
1665	9879
4735	10540
6429	10236
57674	64219
335	3698
6142	6144
22954	23014
6625	11100
6168	6727
5868	7879
351	8477
11339	79172
51650	64951
6203	6207
3718	50615
6160	6234
1287	8974
9648	79571
3213	3215
5829	10298
811	5034
2205	3702
1660	2521
6202	6235
6418	7514
5347	9918
643	10803
3093	22954
10282	10652
2243	9715
23279	51362
865	3562
3111	3118
55872	64151
4829	56923
705	51154
6194	6235
5708	7316
846	5737
2935	6176
6605	29117
3837	22974
6139	6208
1062	23279
317772	440689
2207	199675
10236	10291
1778	4735
8322	54874
5331	27334
988	24137
5781	6774
3184	27316
9341	22905
5869	51552
29093	118487
3309	7184
4173	7153
8349	8969
462	3827
5394	55127
87	7791
10285	55749
2274	284119
6152	6232
3191	55749
1233	6370
1069	10383
3183	10949
11137	51388
1499	2932
1173	2535
999	8907
6207	6232
7132	10616
6698	126638
1499	128239
11157	51690
963	84329
56902	84916
1453	653784
1268	10803
394	9138
57187	65109
5558	11169
4116	140801
6117	7156
5700	5702
983	9833
3854	8689
3491	3915
3998	22872
5037	54845
9128	51340
58505	200185
54998	55052
109	10681
6133	6204
6139	25873
3973	104909134
3320	85378
9724	27042
1655	11325
3685	3695
3111	3119
79711	84172
5869	10254
6793	8673
1981	6154
680	6869
6130	6155
1555	1576
10885	27042
6164	6189
9666	89910
779	783
2266	51156
10592	23310
6144	6222
11339	54069
6700	26239
991	54908
9739	27327
9283	51764
6168	6208
2491	79172
1063	259266
6203	7311
6118	9557
3320	10458
3921	6143
3002	5551
2695	2784
3685	9475
1511	6036
8607	54881
4839	55720
10561	55601
1660	23020
5707	6790
3101	64841
51	6233
3190	23020
462	2243
6262	11069
9295	9410
4666	6129
4074	6456
6130	6144
147	2150
6175	6222
6137	6206
6714	10298
81	1495
3659	6672
988	55770
27316	55749
6159	6228
7316	11001
521	29796
1325	283869
23521	25873
699	1062
23304	26268
3921	25873
3190	11100
567	10475
4221	11168
27134	100506658
6193	6228
6122	9349
6154	6231
9700	10615
2804	9276
6136	6230
705	51602
6456	10109
1778	2491
8969	126961
6133	51187
83540	220134
6827	25920
5699	11059
4175	6118
4702	4724
8453	9666
377	1315
3192	10523
332	22974
10102	28998
23	988
2224	6721
5903	25909
6125	6201
929	7097
3181	10594
102	1499
399	257106
1781	4735
6175	7178
6204	6233
2491	5903
5700	10213
522	539
3909	9459
9133	23397
9972	23165
6175	6193
152	11255
3270	147111
6224	6230
4670	9128
871	1290
28972	90701
6165	6229
3683	3685
1660	3609
7317	51343
274	8853
4717	4725
5529	54821
5431	9879
10952	140801
55142	146057
4738	28991
54951	64410
6125	6235
2185	5747
1329	4712
336	2266
4540	4695
10890	51552
9320	9690
10396	25798
6204	140801
23122	55746
2788	5331
9212	57405
4736	6229
5879	10552
10022	50835
6176	6208
2268	4301
6170	6222
6164	23049
1650	6185
10236	55339
3214	3216
338	4547
1048	80740
3354	6387
338	345
9666	143279
3836	3837
5294	7852
4927	50628
6161	7311
6135	6229
1933	6207
6188	6206
983	129401
344892	390063
6170	23049
1783	9493
5339	6234
916	940
2810	3655
23524	51639
2975	10621
3178	4670
6147	6194
6124	6158
6159	10399
11004	54820
3937	5335
4725	29796
2033	10735
55166	348995
3832	9833
3998	6745
10959	22872
6147	6224
3728	5493
6869	347148
6156	6173
3119	3127
90411	126003
5985	8914
6428	220988
2002	6722
6125	6133
8467	9188
6711	11014
10890	51715
10250	11338
3655	3675
10051	64151
9493	10749
4734	9320
120776	344892
1477	24148
6194	6232
3118	3662
3912	7184
5725	9128
56658	84085
9655	57542
5438	58508
4641	10552
567	3106
6129	6233
1398	5829
1062	9793
6633	6635
8404	29106
6165	9887
2784	2911
6130	6218
8655	79023
4171	9156
51429	54874
8570	11052
22905	54874
3683	5795
6156	6169
5880	84144
6164	6206
4301	7082
6139	6143
3921	4736
6138	6165
3673	3909
1043	7512
4035	5159
6138	6228
4717	29796
9320	25831
4641	10890
991	1062
23279	25909
6128	6168
1499	5781
1933	6136
6181	140801
983	203068
4125	6036
9793	10403
53407	60561
1287	80781
11004	23332
971	974
5879	50807
1000	56975
29093	219927
9557	57804
6135	9887
5269	5337
1398	9564
2799	5476
9436	9437
79895	338339
999	1942
6158	6189
846	51289
1634	4314
6210	6222
1994	10492
3909	6385
7311	121504
5293	23533
10254	22848
2965	9646
146	148
1509	124583
4736	6210
1994	10291
5590	50848
623	5737
1365	1366
1660	3184
6224	23049
6136	6209
399	57449
25885	55127
9738	54806
7852	9564
1642	5931
7415	56729
2197	6138
10324	51666
1103	6572
6175	6205
5578	5588
22917	57829
9533	112495
1910	2147
23014	143279
7476	7483
4599	51191
8807	8809
53339	57531
1173	10552
6157	7311
25929	79084
1500	1956
6233	23168
4758	54472
2792	65055
4887	346562
1950	8322
3949	5868
23076	57696
6049	26224
29984	445328
4952	8976
9276	9371
3481	5005
1241	56413
1829	5493
6208	6209
8243	9126
4513	4519
4495	4496
351	2817
10250	10285
3185	23020
9055	22974
905	79577
64318	84128
6129	6173
3183	6432
6206	6222
4064	9450
6160	6168
10905	23193
9829	26052
3655	3914
26091	57542
10857	10970
3687	8514
2099	7031
51350	112802
29945	90025
2197	6164
3683	57153
932	2358
8290	121504
2244	2266
117	5741
28981	92104
51690	83443
6453	7311
6135	51187
2189	80010
6147	6156
1453	3921
1595	51478
3071	6461
6169	140801
6160	140801
6181	25873
6158	7311
7529	51552
90025	158506
5747	7204
51289	56923
10193	54778
301	1133
5529	7525
3689	338339
6139	9349
6165	6222
27334	55970
6231	25873
2197	7311
841	1281
53829	59340
4174	4678
2358	23601
6165	6188
5928	9112
4853	10046
6921	55284
5684	8312
259293	259295
7058	9507
9793	11004
26249	55521
8568	25926
57674	64718
5683	5701
899	9700
6130	9045
7153	23397
5433	23517
3833	10615
2197	23049
4033	5660
6168	25873
2043	2050
3178	6426
6159	6194
329	51330
6203	6234
3433	3437
1983	6176
9847	23265
64928	219927
10084	27238
6176	11224
6152	6155
5696	6890
701	4288
3836	10971
3572	3977
6217	27340
813	3371
6631	6635
6159	6201
6152	6210
5903	23332
5336	118788
5347	10112
1981	6135
10952	11224
27248	79139
3659	10475
4710	27089
6233	25831
904	6667
6233	23291
4087	79753
5000	7311
10552	22905
1129	2912
6147	6164
5741	8074
2209	2268
891	1781
6427	7307
2197	6234
4924	5589
10236	10492
9282	84498
4736	6167
4508	4539
701	3619
2768	2776
972	3122
6159	7311
5869	11021
5584	55243
6170	25873
10096	10152
109	53829
6223	23521
4141	8565
3422	4598
1738	4719
1991	56729
6156	6233
2962	57794
6133	6156
2107	2935
3105	3659
84131	203068
10014	54880
9113	154810
2268	6774
4751	259266
6139	6169
6158	6194
4172	9700
6202	53918
1062	259266
5903	23279
1956	7039
6747	60559
1457	25942
6164	9045
6171	6231
5587	112476
3156	6307
4055	51330
9833	10112
6168	6235
1601	8976
6132	6209
5501	9793
871	1287
133	2790
4867	80184
26224	55208
4040	8322
6164	6228
11157	51503
1495	4233
5093	10523
3842	10527
6228	8662
3055	3572
974	100423062
6144	6201
6155	6158
26339	65055
6143	6234
3689	7305
2911	2918
6142	6171
2132	2817
54998	64976
55055	151246
197	335
991	5708
10552	10787
23608	57154
3133	6737
7409	653361
10592	51203
3491	3895
6157	6202
4700	4713
6129	6136
3320	10787
4715	7381
5318	5493
1453	6230
3866	3875
11258	11316
3915	6714
1268	9294
6137	6176
2197	6135
3560	3718
51692	80335
1942	2268
6154	140801
6124	6161
916	917
2784	283869
2691	59350
3921	6234
5879	6385
112	3579
1060	57082
10949	23020
26716	344892
8514	57153
4254	5777
5438	9978
117	2695
2222	4597
6134	6202
6139	6144
4088	57154
6136	6164
29763	51429
6143	6209
1937	6207
1495	3799
1000	10970
1116	1991
185	4922
6160	6181
6137	6228
617	26517
6122	6206
6159	6230
11190	55142
6228	27340
833	8565
23601	170482
5981	57599
891	51433
26338	132112
6188	65008
6209	6224
57678	253558
6169	6189
1314	26286
79895	222487
27327	80012
28959	55365
6152	6175
9341	54874
5747	7454
983	11130
1292	5351
5438	6637
5688	5715
6132	7311
5082	10693
397	5880
10594	11338
6189	6233
60488	116540
6146	6235
55839	79023
996	9491
3434	5610
1062	3799
54845	80004
6869	64106
6205	6228
2491	54821
26005	121441
6201	6222
6205	6222
4172	4998
6125	6228
6129	6229
140458	285231
6175	6210
11190	23332
10269	23463
641	5424
7536	23020
5436	51755
2034	3091
1793	10458
6155	11224
4539	4541
1915	6175
1956	7311
3685	326624
1794	9844
6205	51187
11314	79895
6189	23049
8189	23524
3190	10949
2537	4940
55212	84100
6125	6139
2125	3728
1956	10413
999	9839
26190	65264
8338	10526
3105	3107
1291	8985
57647	84916
6626	51593
3488	7857
6189	6228
6144	6194
64979	116540
5879	8976
3609	10236
5339	6217
1981	6167
23332	79172
2064	9475
6232	7458
6138	6181
3184	7536
79659	92104
2962	56949
6139	6206
1781	5516
9928	11113
545	6233
9133	10615
3091	7316
2916	3351
2978	3000
5094	51692
161	3482
2801	2804
55168	219927
6453	9341
3916	7879
6152	6168
4700	4725
1839	1956
4709	51079
8329	8347
7337	9320
1938	6141
7840	57787
6137	6235
4540	4726
351	59340
6208	9887
6169	6234
2783	6752
6164	6224
5869	7316
3191	10492
6218	6232
6428	10946
4288	7272
1857	5708
6164	140801
6218	9887
10097	50618
163	5878
6130	6208
9551	29796
6222	11224
183	51289
4712	51079
8697	65264
6141	6222
2358	3579
80740	171169
6154	6193
6418	10592
5797	25945
974	2213
164	2799
1453	6234
6146	6234
335	3827
400	57511
991	9787
3659	3660
6202	7178
1063	57551
4067	6776
1022	6929
10262	27238
213	5340
10749	23046
2648	5469
6227	6235
5590	23286
187	94235
991	64750
23197	26043
10615	22974
6432	6632
6122	6156
8666	25873
8349	8970
6168	6169
10618	23431
1462	6696
5713	64344
6202	9045
54820	146057
3329	9804
1136	1137
988	7112
6133	6142
6439	653509
2023	7167
4709	4713
84643	93661
5591	9656
5970	23118
6155	6231
3797	28981
6168	6188
8243	55746
3320	57545
351	63940
1453	6202
8351	653604
6147	6191
6152	6159
9265	27128
6206	23049
86	1642
3921	6167
5868	10096
9969	23389
6175	6224
779	785
5189	6233
332	7514
1453	6193
4171	5422
2072	6233
5368	50865
11004	113130
6133	6152
6164	6222
134860	319100
302	5707
4695	9551
6631	6632
2623	10661
6125	6206
3190	10657
5928	10013
9475	9826
6155	6227
1394	3973
824	3688
23601	57153
7337	10193
6223	9349
6135	6141
1230	2833
23019	55571
81	5829
83666	151636
5861	10749
6158	6203
7536	84950
6232	6249
3479	7044
1630	137970
28	2524
5737	56923
6222	25873
378	830
2790	7852
90480	116540
3192	10921
701	3832
3355	4852
2848	3274
6208	23049
6142	6227
4033	4257
6637	84844
4736	6135
11190	22974
1499	1969
3113	3122
3017	8349
55003	55299
6500	10920
9716	10236
411	153642
1129	3355
50506	405753
6128	11224
7316	55669
8648	9282
9416	23451
6156	6202
10574	22803
26354	54475
10802	100302736
6129	6155
1439	5777
9790	55127
3912	5829
6157	25873
988	5985
8085	8289
9014	25885
6208	6233
6170	11224
5217	55740
23291	79176
58506	130074
4694	27089
867	8301
5093	5094
5717	200734
64792	79989
1495	5781
8453	22954
3071	8976
1595	4047
915	7535
185	2642
2801	6709
6207	6230
6233	8334
966	11001
6129	6230
617	10469
1386	6602
6556	196527
23112	192669
10615	56992
10713	51692
8829	10512
3687	79895
6132	6727
1660	2130
6631	57819
3909	375790
5781	7525
6136	65008
2935	23049
3937	5788
6152	6224
351	1524
6430	57794
988	6601
7532	10142
6170	6228
6207	6233
1902	2185
3006	85236
1062	3619
23014	115290
3133	3661
6426	10949
6877	6908
2537	3437
8334	8349
6206	6227
57154	57674
8337	8349
2071	9015
7272	24137
4543	6751
4541	4726
388	51291
1008	1013
221	5328
6147	6158
680	846
51728	79622
3903	8514
3181	10432
6156	6206
521	7388
7272	10615
9824	10112
1969	9564
6144	6235
3046	3050
6135	6154
90293	143279
9462	64926
6143	6160
4584	140453
6234	23049
2865	6288
8843	338442
3619	51143
887	2147
5862	8548
3309	10130
5441	84844
1291	1292
4715	4718
10802	51128
8573	57669
2537	10379
6885	23118
9133	51512
3433	91543
3091	84962
1668	728358
4736	6156
3853	196374
6130	6222
3913	10298
9801	23521
1233	5473
6135	6222
1915	6161
1739	4646
302	56729
6135	6206
7316	9341
10236	220988
2207	7305
1453	6206
7852	55970
6159	9045
55737	58533
6748	90701
2792	122876
6189	6193
6133	6158
6133	6193
6165	6181
388962	654483
2197	25873
6209	6210
26190	55832
5528	348995
10383	84962
3560	8651
1933	6147
6160	6188
1536	84329
2197	6137
6672	79097
2635	5371
6227	11224
7089	83439
1069	7316
4343	27327
4734	23291
6135	6168
5711	6233
2783	4985
2491	81930
51098	83658
79172	151648
6235	6727
4543	5179
1933	3921
84128	84946
9363	64284
4343	6233
6430	22938
6136	6202
6626	8175
886	2846
3980	5439
1394	4160
6128	6159
6829	55726
1902	2767
10197	64682
259287	259293
3687	22918
22974	203068
54577	54657
10523	56949
80184	117177
521	9551
1062	10274
5861	10959
824	7525
3191	3192
5741	10266
1337	27089
2242	10371
680	3358
23304	57531
2792	5580
5476	5834
3055	5747
6203	6222
65264	90293
6745	6747
6139	6159
5861	10540
8085	25942
5898	10890
6164	6227
1398	3685
4159	53831
7003	8463
50838	56923
8886	56902
25929	57122
641	2177
26267	55175
988	29127
3837	10575
6129	6135
6143	6205
1783	11127
4116	29107
2033	9031
6202	10399
9790	22803
8615	9570
2033	23013
335	2153
55143	151648
8192	9361
378	9276
6934	283149
9294	64805
6233	80351
10250	79869
522	9556
2792	594857
6161	6173
5048	81565
160	6233
23291	55832
991	29127
3267	8301
28981	79659
6207	6227
6173	6176
4709	4726
6993	8655
6135	6146
26267	63893
813	3569
9787	81930
1062	23095
2811	2815
6874	83860
26043	54165
3903	64386
10413	60485
26589	64928
6175	6208
336	2243
10802	10959
8451	57804
904	51755
9416	51692
23112	27327
6122	6228
988	3839
10458	100423062
54751	83706
1595	5447
891	9493
3071	5829
6124	6135
9493	11127
9128	9879
6133	6194
462	2155
4725	55967
5431	5433
1337	388753
5777	7852
2814	51206
3355	6751
4322	7373
6154	6155
6189	6222
23122	23279
6167	6169
8816	79269
5725	220988
2740	59350
9655	10489
1022	91603
6157	6169
23322	80184
1639	10540
6432	6636
332	5501
5657	56729
5688	5701
2783	2847
6143	6208
213	5265
2048	8976
7531	10383
5699	8945
389	30851
1524	56670
2147	5020
6136	7311
1499	5819
1269	59340
4171	4174
2053	7311
6138	6235
6122	25873
8074	8404
4297	192669
5516	5714
3376	4141
3978	4173
6139	23521
7525	10298
8976	22905
4670	6434
23047	151648
1315	8729
1915	23521
3115	4261
1453	6201
6157	6194
6152	6156
2359	5196
993	1111
1022	4005
5690	8742
4620	4626
4735	23332
6130	6228
521	522
4586	140453
1933	6168
9833	55165
55759	84154
6122	6185
2071	55677
6146	6222
6125	9349
5604	23164
4686	10594
2791	115557
50838	259292
6925	6938
1536	338339
6130	6209
3685	8514
5519	9183
1908	6863
8334	8969
4809	5435
2519	10130
3184	220988
23332	57787
336	462
996	65264
4736	6137
11091	81887
57539	79659
1434	3836
8673	10970
10282	11014
595	5708
3980	6119
51382	338339
6556	79895
7316	26986
2491	55055
8329	8337
7514	23332
7184	84141
1116	56729
9128	55234
5829	7430
5605	10256
830	9371
8925	53339
1511	4069
84962	126374
5984	7298
6224	6234
5469	10498
6224	25873
2767	7204
6036	6037
580	80010
6133	7178
64750	65264
3799	10540
5610	6774
81697	344892
928	113177
6133	140801
2935	6160
10965	641371
6124	23521
4736	6181
351	6370
336	3827
5714	5718
8687	121391
3133	5696
79339	344892
9138	55970
10964	55601
1669	10394
8924	23030
966	100049587
10693	63971
3119	7535
963	6518
26268	56658
23160	56919
25	10163
6154	6164
6139	6224
4288	26586
699	259266
6223	9045
3191	23435
6205	9801
1511	5657
5286	29988
10285	55339
6709	124583
9767	11143
10907	51690
10274	151648
26146	79659
388	117289
142	56655
4670	10594
7057	7424
9377	54539
8976	25977
6147	6235
8976	23149
6632	51690
6170	6232
3619	25909
846	4829
6155	10399
3074	6386
567	6737
3396	51081
2197	6159
3133	3659
4641	5872
5684	5694
9611	9967
8451	51514
6202	11103
4670	10949
10525	29927
5868	9341
5879	94134
6428	6430
5345	7076
3091	51122
6132	6161
1500	51474
566	1991
116	5746
6181	6202
6147	6165
1445	6714
1829	11187
389	90627
966	10652
6160	7178
5788	7852
3433	4940
55236	197131
6233	151636
4172	4678
6138	6218
6147	6207
55143	113130
1161	51426
617	90639
10952	90701
6136	6229
2803	5870
90293	285231
6141	6160
3895	5954
1291	5352
5878	11252
5610	23586
5663	23317
6155	6228
10097	10487
351	5443
3183	6426
996	57542
91	92
6147	6167
7272	9700
6175	6181
9820	56658
680	64106
6124	6142
79003	81565
51715	57403
2912	3355
5526	6249
2932	5711
891	10592
1902	9002
10885	81887
6456	6845
6169	6175
2274	6281
22897	653784
4312	4314
2033	56655
6872	81887
6136	6159
932	326624
4597	4598
26190	56929
2867	23620
84135	134430
28998	57129
6599	57492
3192	7536
377	9371
7412	388646
2123	2124
6160	6207
1601	9341
55850	113220
1017	4999
1880	3579
4708	27089
1915	6130
4519	4538
5093	10236
174	2243
3190	10236
5868	51552
54148	55168
3482	26130
9875	27340
23195	54475
5717	126374
11059	65264
6137	6181
887	5020
3122	5641
6626	220988
6147	140801
3635	5294
4194	9099
10075	54926
6142	23521
6171	6227
9533	64425
6142	6205
10618	51246
6128	6229
51129	85441
1208	5406
344892	390079
1933	6189
9793	10274
1022	5432
3921	6223
57521	389541
3309	10049
1398	11184
6156	6228
9228	9378
963	8514
6373	6752
983	7514
6147	6230
28981	79989
163	1601
5347	22974
8976	51429
6936	51645
23304	53339
5697	6750
8638	9636
6143	6168
1314	9527
5518	7514
51676	115290
2197	6155
7133	8740
1763	55388
4519	4541
6135	6155
4353	5657
50813	84727
6189	6227
5693	5695
2817	6385
8349	79019
1857	27130
3356	94235
1293	1300
1088	150372
871	1303
963	10857
2865	84432
6157	6181
4695	27089
10890	55667
23327	115290
64409	94025
3913	51280
155	796
112	57413
3320	10808
9221	84172
6147	6157
8775	10618
90293	221687
5439	51755
6132	6222
23291	89910
3678	5329
1387	5929
6157	9045
4173	79892
3579	5515
6189	6194
10193	25831
25879	84294
6228	11224
6173	23049
6429	10250
2962	4298
864	3683
6138	6176
4593	57144
983	5000
6228	6230
10713	23451
126006	729230
9020	51330
8945	154214
6429	9410
6161	6207
1857	5528
7043	10916
1950	6678
5516	5781
55831	56851
9833	29127
54820	55143
6168	6231
917	5296
7311	55669
5660	10970
3433	9636
24137	81930
4584	9245
1880	57413
9320	84231
51575	79954
212	2623
2268	2817
4116	84844
5868	5869
1230	55970
813	1462
8976	10552
5594	5781
388	389
5903	7175
383	4353
3312	9128
2792	10563
6176	6222
3921	6228
1063	9700
6159	9349
9055	9133
988	9879
799	51764
4738	5688
5093	5434
3437	4940
6233	221687
3122	3662
8697	23291
6193	9349
3486	11098
6132	6165
324	6233
51023	116541
2847	2911
4670	23020
3903	57153
7321	84962
3937	7409
5747	10298
2268	7525
6135	6232
6165	140801
6188	6204
6181	6230
2683	2720
351	10970
1738	4191
26190	54778
9341	10254
6189	6203
57153	199675
112	1269
8351	8970
7529	10014
4670	11052
2691	5739
1994	9416
25839	84342
6155	6232
6124	6168
5887	7415
4708	55967
3838	6790
11176	64426
1933	6209
6233	57154
9700	57122
6709	11014
6168	6222
9040	10517
108	797
5879	64333
1435	10618
4050	7124
117	2784
6125	6168
79600	80184
1786	7027
84085	197131
6135	6234
6230	6235
7316	64326
2521	23020
6142	6168
6137	6230
1132	2784
5688	11047
1874	10014
4540	4710
7415	10383
3911	5747
65055	138883
54996	64757
332	55055
3119	4261
3903	326624
8896	23658
89122	154881
1327	1337
2696	53831
2597	7167
7311	23118
813	10130
4544	5443
11224	140801
1778	24137
933	974
2197	6207
3683	7409
9410	10946
1088	23601
6229	6232
51715	326624
712	714
5822	10885
10163	147179
1452	5714
6157	6229
344892	390066
6139	6141
10022	259287
6138	9349
56729	126014
6189	6232
891	3838
2491	9793
4172	5426
2767	9002
2058	2617
4695	4709
287	6326
3351	4887
1660	6625
3620	169355
6129	6188
6135	6147
84154	84549
6202	6218
5929	10238
6124	6159
51429	152503
5739	59350
1793	6714
5684	7979
10291	10949
6137	140801
6203	9045
6158	25873
1660	55749
1908	2865
2896	10493
1665	5725
2957	51616
3359	9177
3882	3886
6426	6434
8074	29106
262	4143
6129	6169
6210	6233
5054	7424
2692	2843
2197	6169
2107	6234
7862	54815
1975	6124
288	6712
6233	7158
4670	5725
1962	6233
26091	57154
1462	3915
5034	5611
3184	6427
5657	6036
10640	55770
10112	64151
6156	6223
983	79172
6160	9887
6217	11103
1994	23283
5290	259230
25831	80204
2079	6432
6164	6232
84962	121441
6130	7311
2153	2159
3832	10615
51099	79948
54778	84231
6142	6189
5439	10980
6698	147409
10885	54881
7305	100049587
6141	6168
4926	9793
25831	140460
3376	8565
3937	7462
7311	9349
26232	93611
4947	5708
5725	27316
2521	6626
324	5529
5546	10262
6168	6189
8085	8945
8356	653604
9045	23521
7311	154214
54552	55720
9188	23560
695	5336
5777	80184
6224	6235
4710	4718
2792	388531
6206	23521
940	8516
5179	9210
11222	56945
6208	27340
117	2783
55008	64750
6155	9887
6209	23049
10199	11102
9133	81624
6168	51187
3339	3912
3843	55705
6227	7311
5351	5352
3681	8515
51096	84128
6128	6129
2186	23067
3832	9585
4008	55884
10575	10728
3937	11184
988	55215
6144	7178
55166	57405
4116	6132
6161	7178
5529	51143
6135	6207
6688	7805
10022	259293
932	222487
3685	10857
5433	9879
6147	6203
6209	6223
5179	5733
955	374659
3855	3866
27	4690
3122	3127
2790	7204
4686	9879
6223	6233
974	5336
1933	6204
2769	5330
10592	24137
3683	64386
6181	11224
8477	9002
3683	10857
55829	58515
1290	1292
6602	6605
5747	9475
55746	57122
3304	9531
5116	23354
3887	3892
6128	6161
3921	6164
2535	8324
701	1063
632	3381
830	10540
54908	91272
5929	23067
6908	8812
5868	26130
5439	6119
2790	2837
2840	4986
1111	2177
5430	6601
6137	6233
1398	7525
2197	6142
5862	10890
6202	6206
705	9136
7044	51097
6235	7311
6520	8140
7328	55336
2204	2207
26285	149461
552	2784
6160	6222
6139	6222
6154	6204
3690	3791
51320	200845
6136	6141
6241	55143
2197	7178
3360	3375
57153	160364
259292	259295
6158	6176
3267	10618
2064	54206
3685	3903
64837	81930
1956	2064
5265	7040
6141	6159
553	64106
9978	285231
1500	1942
5652	6692
6616	8673
988	9793
6209	9887
2804	10945
7037	10618
3214	8338
6141	6189
6229	6235
5869	7311
2151	3356
915	3118
5347	9793
9371	11127
2358	2767
1894	10112
24137	146909
9276	57410
6232	7311
537	10159
23586	55601
4710	4712
5977	57492
3190	11338
6249	8826
55582	55614
6169	6176
3914	5829
5713	5715
1292	8974
6223	6227
6146	6152
3156	4598
2537	3430
6175	6209
6193	6202
55143	57405
6135	6208
2695	122876
6144	6208
6171	25873
1062	23332
1915	6228
6154	6235
6136	6206
6135	6193
776	51764
3178	3184
54821	81930
2197	6202
1933	6160
6204	6227
11004	55143
4609	7020
7311	9978
57403	81876
5422	55388
5149	54714
8969	121504
26046	197131
5336	7525
5036	10576
6133	6206
890	5933
6170	6176
6233	22954
868	200845
1555	1559
163	24137
5954	51280
1350	7388
990	10592
6189	51187
6204	6208
4867	79867
9343	23020
10199	79954
6233	140459
8514	79895
23608	89122
1084	1088
3915	375790
9636	10379
5330	8477
6175	6176
7479	7484
1062	5526
1551	1555
5094	27238
3688	9564
6135	6139
6637	27258
11250	83551
1462	9469
3921	6222
5023	84329
4694	7388
6167	6235
5717	8453
5284	55004
861	6604
1857	55361
2932	5714
2918	6363
1471	2519
8945	80204
6233	9341
23511	25929
6159	6167
3921	7311
6164	9349
1062	6249
336	345
6688	7305
24137	55614
2519	8404
183	259287
3685	3912
6201	6228
4775	5534
3178	6434
6169	6231
6135	6138
3356	6915
6130	25873
65003	118487
4508	4513
6146	6165
8914	11169
3882	286887
10254	10552
51649	54998
2033	26523
6139	6158
1236	4544
6141	6155
3355	5179
7098	10695
6175	9045
6130	6189
111	799
8886	9221
6204	6234
1062	9493
8729	10945
2770	5599
996	4734
5708	84962
7156	63967
2801	11014
10022	50838
219965	285093
6130	6207
84085	154881
6667	57508
6175	6229
5747	7456
6173	6188
92	7049
598	6774
5725	10291
2072	7158
6165	6233
7531	8655
6128	6141
7311	440689
8243	9700
3437	91543
1121	326624
3185	10236
5430	11338
22984	84172
6223	6235
6133	6224
1129	6572
2767	5296
1453	8945
6142	6154
9527	57731
10403	51203
1665	1994
2841	7852
3860	196374
4707	27089
1457	10592
2491	22919
4736	6202
4689	7409
23533	55970
6133	6164
10592	259266
3190	10921
3055	6503
6923	285231
5048	7531
1456	7534
219968	285093
55662	80351
6232	6234
1325	6752
6229	7311
3185	84991
2491	5529
11004	24137
6133	6235
3688	7430
23291	56929
107	2775
9322	22905
6230	23521
6161	6169
335	51156
3156	4597
5435	5451
1783	5861
