11190	55142
567	79097
6233	221937
1778	22930
1154	23014
6128	6171
102	84141
144699	154881
84154	84365
6167	6222
1084	160364
1287	1288
401505	100188893
50838	56923
6147	6235
3685	84329
6201	140801
11190	121441
966	10652
5430	6602
988	55660
846	51289
2993	2994
4678	83879
151246	348995
9716	10250
2243	9715
1781	10540
6156	6204
1783	11014
4904	10465
5695	10213
3183	6628
4670	5093
3685	9564
6157	6176
6154	6234
11222	56945
6228	140801
2358	57153
2197	6228
920	29988
783	10369
3184	6427
25831	26091
2197	6142
57129	65003
2318	54751
6709	126014
6124	6143
6556	23601
595	11186
4713	4717
6139	7311
4736	6136
3093	27252
6135	9887
9837	11169
6636	8683
4172	7298
5265	7040
9416	10949
10890	51552
84078	89890
6144	6205
890	9787
332	22974
79867	84902
890	9833
9793	23332
57153	79895
1398	5829
3189	9987
10970	79895
6135	6176
2801	9276
3912	84141
1511	8635
2491	5529
2935	6209
186	4922
6125	6228
4734	23291
8451	51514
51206	80739
3673	3683
1062	151246
9156	55388
112	3579
3915	6714
6129	6169
4088	7048
6135	6193
2891	254263
6201	6208
8945	23014
3054	23269
6237	10235
988	79595
9371	24137
6164	7311
51	55825
55055	151246
6747	9789
25929	79084
6233	90293
5903	7514
9870	22954
1129	5173
1350	440567
988	9774
11184	27071
3122	11184
6138	6161
6189	6224
6159	25873
1994	3190
3339	7045
1983	6234
4343	27327
6164	6173
2197	6161
983	10733
2623	10661
2916	3351
8698	59340
2073	4331
6142	11224
27089	84833
1902	2185
163	7311
6159	6210
9367	201475
6169	6209
4171	4173
3912	4233
10466	84516
3112	114876
6234	6235
389	257106
3683	326624
50838	259295
3066	84289
830	51014
54821	151246
2792	138883
4519	4536
6125	6139
4116	9349
4172	4175
4233	64759
6167	6210
5594	84823
4696	4710
2967	27125
1307	169044
2194	6319
9283	51764
8499	57030
4736	6124
6130	6232
2792	5741
6672	8086
5441	84844
799	10268
996	26190
23224	23353
3071	9844
5094	53981
7082	25937
6745	58477
10112	55635
6625	8189
3889	3892
5725	10523
6201	6206
2107	6173
2072	6233
399	5879
6135	6218
2641	113091
28998	57129
6205	6206
3915	5879
3659	7015
6173	6206
6790	22974
3054	6872
1017	4999
886	2922
7178	7311
6128	6173
2865	6863
3312	10808
351	3912
9276	9371
5204	6637
6165	6204
6139	6181
2197	11224
55662	80351
9656	11073
9716	27316
2784	2847
1398	9564
55582	55614
6222	51187
6129	6222
6205	6230
6189	7178
10540	29127
6189	6208
1965	8892
1981	6235
5701	7316
932	3685
5829	6709
5872	53916
6143	6233
7175	57122
10885	55720
6156	23049
3039	3048
5515	6500
23095	24137
1783	5903
55720	57647
7137	7138
11098	84141
3903	8514
353139	353142
4171	11073
5587	112476
26043	55666
55066	57546
566	1991
6430	6434
3683	10857
1933	6202
1813	6364
4710	4728
6152	6223
6230	9045
6208	6227
8945	64219
1062	10112
3915	10130
80018	80155
6170	6232
8945	154214
5345	7076
9320	144699
5796	7316
3915	51280
3486	3569
6869	64106
5435	6637
2597	5315
8514	10857
3113	3119
1981	6189
8189	10523
1778	6249
1069	10426
9416	10914
3178	7919
4538	91942
800	3672
932	3903
51388	84916
2305	5347
637	4170
7311	83987
3444	3451
6194	6222
6613	7421
3199	8338
6152	7311
2491	6249
3183	4670
6235	6727
3838	5903
335	336
23521	25873
11004	55143
6169	6228
521	1350
3433	8638
6139	6160
4172	9700
6128	6229
1347	9551
163	51429
6175	6209
1495	5795
7311	23291
1812	51764
10254	22848
945	79895
60560	80218
6233	55366
4736	6230
6165	6234
2033	4089
4736	6224
4641	11127
506	3313
6164	25873
2932	5714
973	29760
5747	10458
1937	6188
6154	6235
1233	5196
6165	6202
2033	8289
1956	7039
9128	10594
6157	6194
1536	653361
7409	23533
23511	57122
6182	55052
5111	6240
10489	25831
54578	54657
2147	2243
7536	27316
3192	10921
2922	3061
988	10575
6135	6233
9820	89890
8925	10489
6181	6222
988	10713
6709	11014
8243	23332
2968	6882
6139	6224
64951	64983
9879	10250
10193	26118
2033	9757
6133	6155
1395	79924
28514	54567
6230	6232
6124	6138
9585	24137
81930	259266
1994	27316
1025	23168
55143	113130
55970	63940
3619	10592
904	6667
8085	25942
6135	23521
5189	7311
988	56852
6235	55127
915	919
6602	55193
1453	6209
23332	25936
3685	80781
4301	7082
2132	375790
6142	6228
7021	83741
64114	196527
701	4288
1956	10413
6160	6234
10092	10109
2535	5599
3949	5868
10713	53981
23149	115548
6155	6202
6133	6139
891	1062
521	9551
4116	5435
4736	6144
1453	10427
1058	9833
9341	51429
81	226
3178	10523
351	1269
57122	57551
7043	10916
6138	6188
6138	6160
11051	85313
51602	84154
10900	284069
111	51764
79861	81027
1337	1340
4141	7453
335	2266
2125	5493
3912	11098
5432	79577
5528	79172
1794	3055
8453	22954
990	9156
9320	80204
4709	4710
6176	6224
51715	326624
1536	3683
3171	6927
1292	5351
6916	80142
64135	401447
6137	6208
2521	3183
9416	55339
1969	5879
3685	3915
10885	55127
2186	23067
988	5983
8329	126961
54577	54657
10592	23310
2247	3685
11004	23332
4695	4700
8349	653604
302	79026
1453	6193
4540	374291
156	55970
5528	23279
11157	51690
4736	6138
671	3240
977	5339
6625	6626
1994	55660
6202	23521
1829	11187
6164	6230
6137	6158
974	29760
5516	5711
9688	57122
54577	54658
5869	8322
57787	261734
5928	9112
64386	84329
6130	6204
1233	94235
8687	8689
2197	6159
3799	10749
1981	6164
963	3685
680	2798
4853	27327
23279	81930
3181	10657
5707	8452
6155	6233
954	158067
3111	3127
335	338
1063	5347
8243	9126
7514	23332
3190	51692
5330	60675
1400	10570
9757	23067
6428	348995
335	51156
10540	91147
4173	6240
7337	8697
2792	26338
3921	6222
4709	4724
1910	84432
8886	64318
6175	6208
3185	10236
3339	6385
1879	5079
899	140460
5435	9978
3274	285601
5578	5588
10652	51014
108	5179
3685	10857
1069	10383
57111	64284
4540	51079
5093	6625
8925	53339
6147	6161
6164	6204
55236	197131
3921	6175
6144	6173
3491	5954
26043	54165
8349	440689
5880	27237
6146	6203
705	51602
6159	6169
6128	6165
6233	11224
3192	11338
6122	6155
5439	6923
1062	6232
1937	6133
1063	4288
6170	6202
3921	6206
3046	3048
10112	22974
1453	2197
9666	89910
3119	3127
6233	23112
80097	653784
6181	6235
22984	65083
3178	6430
680	846
3191	7536
5795	6714
1812	10268
2274	284119
6142	6160
3156	3157
6091	6092
6129	6135
6152	6165
5566	23332
389	57522
5725	9716
1398	3320
5339	6189
7337	23309
64410	142689
1063	23332
2792	7434
915	286749
3921	11224
4998	5422
6165	6206
9793	203068
6152	6157
6428	22826
6202	6228
6159	6194
54998	128308
3320	84131
2873	8945
3561	5599
4735	10540
9690	154881
2521	3184
6167	6207
1515	3122
9221	23160
6142	6175
5029	5724
6206	6229
1778	2801
1981	6160
3357	5737
6136	6164
988	3191
1453	6218
6161	7311
55759	84946
566	1511
5718	6790
57545	84131
6605	29117
466	1386
5879	5898
6122	6189
6161	6175
4536	4538
5725	10594
5879	6249
6224	6230
6154	6233
3688	7424
2491	5903
4069	5657
9730	10075
2788	3269
10458	10787
6124	6146
86	1642
23332	146057
7153	23397
6882	129685
1933	6147
1329	1350
514	10632
377	10112
83551	319100
251	152330
1511	4069
6430	27316
3422	4047
1937	6201
11325	55749
1435	401138
1291	5351
5985	83695
3912	54972
6136	6218
1738	4967
27340	57647
4867	27077
10254	10552
353137	353142
8969	85236
915	29126
9700	259266
861	57332
1994	3192
2776	5331
988	10914
4736	6170
11065	64151
5868	57403
6746	58477
963	326624
64946	147841
6133	6222
55746	57122
6461	7409
332	5528
1933	6129
23601	170482
51692	220988
2185	9475
6632	10907
1495	5781
23451	55339
5347	9055
6203	7178
1234	1236
7536	10236
25827	115290
2131	375790
6137	6206
7311	23049
6138	6189
5928	57649
1956	4145
9918	10592
5439	84844
11251	94235
6129	6167
6158	6234
1911	57504
1490	10413
351	3913
4593	57144
1665	55127
5516	10213
6146	6159
6227	6230
1453	55127
1132	346562
51465	140739
3689	7305
10155	80110
567	10475
7305	100049587
8886	23560
152	719
1495	3801
9877	100381270
7327	8925
344892	390275
8515	22801
6138	6206
1937	6138
51196	80271
3685	3688
3006	85236
2719	3698
2150	2863
10084	27238
567	1520
23063	23244
6122	6202
10921	23524
6147	6173
868	200845
54856	55870
9020	10000
6672	10475
6159	23521
324	5699
6168	6203
6147	7178
5597	5718
8329	8341
10949	84991
6130	6139
57154	89910
1387	4205
6143	6147
151648	220134
399	9138
659	1386
9136	84946
9371	51014
5901	729857
1292	8974
6138	51187
6235	140801
1500	55740
118487	219927
151648	348995
1639	3797
3689	79895
5880	80728
3921	6168
5469	9967
3002	5551
7094	22906
8945	90293
6923	285231
3267	5869
6161	51187
9276	64837
29945	64682
968	5878
10236	23435
6233	7311
6167	6233
5361	7305
6133	6224
4171	7298
1783	11316
2033	25942
8826	128239
3912	10272
3838	4343
5700	10213
1387	10498
3921	6230
4735	79867
3133	5696
3936	9404
6218	6229
3842	10527
3192	10594
636	22930
6233	8976
891	5861
10713	23451
2962	8175
701	221150
6631	84844
8767	11124
6135	25873
9655	26190
6173	6235
25937	51421
3886	121391
6124	6139
5726	6755
5862	57403
1783	79172
5338	9744
1778	91147
6139	6201
6158	6203
84676	140456
1269	63940
7124	10673
6129	10399
988	23397
1857	6233
26589	64928
3702	9402
1950	3671
2214	2215
3183	6426
3303	9531
10952	58505
695	5293
6208	6218
5566	7283
1500	84962
5725	10492
28	2524
26268	57531
351	55970
22984	55127
6141	56915
6128	6146
5435	6633
2912	4543
6194	6234
29127	51143
3913	11167
4904	84950
9320	57542
6136	6203
6122	51386
10640	55770
501	85007
4116	6636
6189	6235
1004	1016
226	2821
5869	8301
57630	83737
4514	4536
5330	8477
7272	64151
84648	353142
3915	11098
9738	54820
3640	387129
9969	10499
6173	6208
988	5591
2197	6234
6205	51187
2521	27316
9643	93621
2036	8573
6209	6234
6387	57007
51433	246184
2358	23601
6207	25873
4839	10885
695	7305
6124	6176
9978	140458
1793	7409
4536	25915
4735	57545
345	350
5829	7430
51096	84128
1345	7381
1595	3156
5872	6764
90	659
6144	6169
55166	79682
6164	140801
4173	5422
3320	84962
6193	6202
3797	26146
6233	26091
2814	2815
23332	57122
11127	23095
26354	54475
6194	6204
2784	5741
6155	7311
5707	7316
522	9556
6125	6194
6135	6156
7272	10592
25885	64794
891	4751
6144	6209
3549	6469
6610	7132
6233	7844
26682	344892
10014	57459
65003	118487
2634	4599
6137	140801
6169	6234
4584	140453
5908	7094
10890	23011
6161	6201
5432	11051
9557	57804
24137	285643
3848	162605
1022	7343
3192	6626
6202	51187
6430	10949
1136	1141
6135	6160
6518	326624
8452	200734
10403	23310
1289	7373
5706	5714
5034	5611
3109	3119
8087	9444
6142	6202
1511	6036
6206	6209
3882	8688
6144	140801
6129	6218
5699	64344
1793	5880
6207	6234
6249	8826
7326	26259
5869	25977
10803	50865
2132	6385
996	57542
10403	79682
27043	27340
5708	5887
10432	27316
6204	6233
6147	6209
1991	56729
10133	10540
6135	6228
2841	7852
2537	10561
6147	6201
472	5429
6135	6143
5460	55211
6232	81930
3071	9564
9716	10713
6432	6637
3320	10808
983	9631
6141	6228
7476	7483
6233	140458
5747	10298
351	8477
6144	7311
6223	23049
51317	57649
9276	22872
462	2243
6168	6181
51645	57819
1364	1366
891	9833
4726	9551
5347	5905
1063	3832
797	7252
6176	6229
79895	160364
4734	8453
9076	137075
11339	55143
23332	121441
399	9411
1365	24146
9793	23279
6173	6231
6165	6235
3304	9531
160	6233
6206	9349
50615	59067
4691	23160
6374	27198
6146	25873
6209	114987
6241	9700
8467	9188
11176	23309
1794	9844
3619	151648
5516	151246
4691	22984
6156	6165
6426	10250
6228	6230
6201	6230
58	5879
10970	338339
6136	6233
50835	56923
1063	9700
4724	27089
8243	23047
54998	118487
4763	7311
6124	6147
4947	5716
10236	23020
6202	23049
2784	6752
10155	284309
25909	55746
8666	25873
10540	80321
185	4987
2147	4295
84261	154881
3689	338339
6132	6224
1605	6714
10575	10693
23595	51053
6203	6207
55582	89953
4670	10657
10885	23404
5422	10592
2641	346562
2521	220988
6161	6206
6147	6206
4690	10096
3669	4939
5739	5746
1062	10592
6228	6234
5440	80349
2242	3718
904	5433
53981	348995
6233	55670
9967	23097
4712	4726
3728	5493
5869	51715
51602	55759
6228	6235
6171	6234
51322	79577
3833	55143
3301	10963
570	1962
1236	4544
6432	220988
51023	118487
9055	10376
6176	9349
6136	6156
5929	57690
6133	140801
1303	5033
6626	51593
1500	1956
6164	6189
9228	9378
27042	55127
54960	79023
6135	6207
4713	10632
160364	199675
6037	8635
640	7525
4332	4353
28981	79659
6139	6154
2521	3192
6143	6157
905	55677
988	5903
79600	84902
6147	11224
1277	8974
8875	55350
6141	6189
3880	144501
6206	6234
2071	129685
9276	10959
4033	4257
6189	25873
1522	8673
891	10112
11258	11316
6643	58533
5540	6755
6009	60673
54443	55165
3309	29927
23067	25942
1062	5526
5439	6119
8467	25942
6188	6207
1660	11338
1511	4353
5439	10980
5741	122876
6129	6138
10491	10536
6237	10371
51258	64951
6146	6170
5861	10540
9354	89910
10121	79867
6154	6173
779	783
3192	10236
6152	6169
983	51053
2243	51156
23291	26190
6934	283149
6158	6159
9886	221472
6154	6167
5928	116092
4312	4314
2767	9002
3895	5954
79895	338339
5869	7316
1949	2042
1994	10250
23327	89910
5657	56729
6133	9887
6228	11224
6156	7178
84131	121441
399	117289
1933	6165
6175	6235
10075	54926
6142	6209
6143	6201
5469	9282
5469	9968
6146	6202
351	59340
9833	24137
335	462
8945	26268
2768	2783
3091	6233
8945	51684
3655	375790
2800	9827
3659	6737
6280	6283
2768	2790
1291	3672
6241	51203
9126	9656
6223	9790
3725	4772
983	6502
6453	8976
1459	9918
6207	6218
1453	6207
262	4143
8916	9039
966	10970
7479	7484
677	56915
6921	10987
10489	54778
6160	140801
27257	57819
3685	326624
11343	57552
6128	11224
155	6344
1956	3675
55884	115290
4519	4537
3837	7175
6124	6141
1022	2810
11103	84916
6144	6232
2971	51082
6156	6189
9276	10802
6167	6232
336	3827
9294	64805
2935	6207
5903	55339
1277	22801
796	5745
3111	3115
4738	9978
699	1058
6152	6189
5335	7852
6647	11315
6222	9045
283111	344892
988	10767
8329	8337
2767	5335
1398	3937
6208	6234
378	5861
629	4179
50835	259293
6189	23049
54821	57122
273	8673
90	4088
10930	29974
5438	5440
3084	85440
6160	6171
54577	54578
3921	6167
6128	25873
3183	6428
2767	55970
9820	90293
996	115290
4717	51079
10772	10949
4116	6146
153	796
5529	23279
90	657
683	338339
2960	9412
4171	4175
6176	6208
6426	6430
905	5433
3362	53831
3184	3190
302	2799
2800	2803
3903	326624
259	2266
9025	9656
11224	23049
6138	6142
6204	6228
5868	26130
399	85360
6135	6154
8351	653604
6201	6232
3122	4261
6189	6204
6203	25873
6144	6164
353137	353139
8737	8878
2735	132884
389	57449
4208	5533
6143	6234
2817	375790
4670	9128
4599	91543
1536	8655
246	11283
25804	27258
6130	6223
23223	26155
6136	6165
55832	154881
5694	7979
2023	7167
338	345
6228	25873
8687	121391
10959	11014
3091	84962
4969	11081
5516	81930
3921	6203
3183	27238
5781	6774
4627	5898
1495	4301
991	9133
1103	162466
9493	54443
6181	140801
9246	54778
1302	50509
4617	4618
3354	9283
554	2641
80740	171169
4809	5435
54820	146057
391	55843
1453	6235
4700	4708
4033	10970
3710	8826
6135	6147
833	2617
522	539
3913	5954
3912	4240
26589	51069
54778	197131
57405	79682
701	5528
84727	122769
6337	7311
26519	56993
55212	84100
57551	79172
10316	729230
4686	9879
6205	6223
10919	79813
28981	64792
10491	85301
4035	5159
1981	6206
7311	27327
5515	5526
109	2358
1937	6207
51585	79869
2633	4938
6170	140801
25885	27340
51143	113130
24137	146909
6176	6234
1933	6218
3619	51143
1937	6189
3163	3725
301	5368
6175	140801
6203	6218
7311	11059
10663	259292
6152	6218
6203	6217
3609	4670
10484	126003
4695	4709
3693	5829
1387	6601
3920	55754
1793	9564
6218	7178
1387	2033
3619	113130
5725	51692
10890	10971
2696	53831
8467	64426
5746	94235
9631	23511
27327	84441
6147	6175
10236	10250
6142	6155
5093	23450
2033	9967
4288	9700
6181	6230
3361	3627
197	336
3576	6347
1965	1973
56995	154881
50835	259292
5266	6699
3837	348995
6125	6135
22984	64318
2475	6654
7514	9700
4050	5716
3015	79682
6210	6235
2185	7525
6124	6158
6129	6165
6279	6280
1994	8570
6222	6234
54821	55055
9126	9700
4666	6136
10920	150726
2633	10561
24137	81930
285093	391211
6161	6171
9459	64098
6146	6176
29118	63876
6154	6155
2918	6752
64837	81930
6709	51014
1642	5931
10921	23293
3355	5733
6160	6193
5885	286053
2767	5599
6233	22954
6429	22826
6144	6204
3655	3914
3017	440689
1499	128239
701	23279
2521	6626
2672	6688
988	51692
2735	79809
6161	6164
1902	63940
143279	154214
3054	11091
27316	220988
287	6326
6233	90678
6453	9322
10383	84790
8697	65264
6139	6193
813	10970
1601	8027
963	5795
11127	51014
9844	10787
3105	3134
1933	6160
5004	5005
10640	23265
8317	80174
54734	339122
5451	23248
6138	6141
5928	57690
1783	25839
56923	259287
302	6386
2617	4141
5868	5870
5347	10592
6139	6232
6138	6154
2475	57521
116	59350
57154	57674
3192	5725
2790	7204
4440	9355
1387	81857
6130	6188
4738	285231
6233	83987
6144	51187
6128	6204
8337	85236
7044	51097
6206	11224
5547	326624
10155	90233
5688	9232
1660	5725
659	9765
1499	10971
10857	10970
26173	51593
4088	7316
1495	3799
3190	3609
26146	55112
2036	4646
6218	23049
9277	51010
6125	6128
4697	4708
25873	140801
6167	6234
55872	157313
8341	85236
6173	6229
11073	84126
1062	5903
259290	259292
1327	1337
55143	57082
6159	6208
2625	3169
25926	51096
932	222487
6189	6205
6176	9045
5426	9126
55131	57696
55781	84135
1291	5033
6142	6235
6130	9045
378	10959
5199	10394
6146	6160
6157	6168
23197	26043
6165	6201
3921	6135
1783	5529
6128	6208
3912	51280
4172	5426
6207	6235
6142	23521
3181	3189
6632	51690
6206	6235
26267	63893
5701	11047
6222	9349
6139	6164
680	6869
6049	8881
344892	390061
4998	7027
6137	6160
1669	10394
28981	92104
2197	6207
4710	4713
9341	10652
4045	7070
329	330
10540	11190
79172	113130
6161	6204
10963	22948
6138	6176
6167	6181
5048	5529
5426	10714
2962	4298
1398	1793
728	6376
55127	57647
566	4353
135228	266727
1043	2350
1499	283149
23291	89910
1778	9493
1915	4736
4519	4541
26190	140459
9133	113130
3071	7409
150684	150726
140881	245911
4620	8735
640	974
197	2243
3192	5093
22918	53831
3684	79895
6141	6223
891	6790
5861	5878
1364	1365
6790	11190
3190	23435
5439	9978
6157	6222
1783	2491
2847	4985
10749	51014
5435	84844
6164	6223
5861	10972
6688	7805
26046	26268
2168	2169
8729	9570
6500	7320
3184	6434
51143	57405
6279	6283
6206	6222
8816	79269
5439	5451
5516	6249
6160	6202
4839	25885
891	22974
3184	9343
134	6376
9604	83737
991	51665
23310	64151
960	79097
6168	6727
3190	10921
5501	57551
3673	3914
6202	9349
11021	23011
3978	4174
25926	117246
6132	6209
7984	54509
1933	6135
4535	4541
7311	55670
1956	3691
6129	9349
7994	9219
5718	8453
2886	5155
10376	203068
4829	5737
23533	55970
3360	3375
34	6256
29796	51079
830	9276
899	51343
3397	7057
1452	6500
3437	4940
6709	7430
8334	121504
58191	63940
3181	10432
6136	6161
2064	5747
7311	285231
7316	10552
3178	3609
5266	5493
54474	125115
377	10749
23168	27125
11014	51014
6240	10592
9493	10540
2079	6637
1983	23521
6136	11224
6133	6167
2067	91442
1915	6189
65055	128366
1314	8729
1994	9716
23521	56915
91	92
6217	27335
6203	6228
4116	6161
6222	23049
9416	10236
1062	79172
6663	27022
161	6233
1822	1911
5747	8976
23304	29945
5707	10575
6223	25873
6714	7525
1822	6045
4712	4713
6160	6194
4116	6160
6142	7311
6133	6147
2491	55055
10163	147179
6141	6176
6194	6202
566	4069
972	3119
983	121441
2059	10458
51023	54998
1129	3355
3123	7535
1660	10492
79685	94239
6155	6156
5903	7175
10592	64151
701	9793
8365	333932
1665	11338
6157	6207
857	3688
399	6453
9648	79571
3123	3127
3833	9793
87	6385
6790	11065
4085	55166
5693	5707
6125	9349
4609	7020
9570	22872
6208	9887
5054	5329
56923	259293
830	1604
4709	25915
6950	10574
22803	27340
4512	4540
6146	6224
4707	4712
6161	6176
6142	6232
1398	3055
6135	6152
1603	58505
6128	6209
6175	23521
8175	10523
3856	3880
389	94134
991	54908
5903	9631
2843	151306
991	29127
6160	6164
79339	344892
6156	6169
6133	6157
2033	27327
6128	6138
5493	11187
1933	6204
2197	6160
2551	3054
1511	6037
57405	348995
3134	3660
6161	6227
6774	9021
9462	153090
5695	7314
5094	9343
9801	28977
7277	22981
6227	9349
6124	6228
6210	22984
1793	7525
1738	6470
6230	6235
201475	326624
1062	55055
10592	24137
6157	6201
6205	6208
516	51287
9133	57082
5707	10576
4237	10516
26190	51122
6159	6161
5861	10342
3675	3914
6122	25873
990	63967
9636	11274
6133	6137
6827	51755
4599	23586
9439	9611
3437	8638
1933	3921
2810	3655
9228	54413
6500	142689
1942	9564
4707	54539
9738	146057
5080	8338
54148	55168
5822	55127
7317	84078
4670	5094
4734	22954
10618	55330
3376	8565
2266	3698
5985	8914
23020	220988
6171	6228
4361	10635
377	11014
8334	8365
846	259293
6223	6229
22984	23223
23332	57551
6135	6141
715	716
8976	115548
3560	8651
6869	347148
1994	5433
397	398
1058	55355
2125	11187
50865	63940
1499	5781
6133	9349
5516	7525
3845	57610
5094	51692
351	7852
90293	143279
6201	6233
1653	25940
6157	6229
6181	6208
11014	11015
5431	9879
1956	115548
11004	22974
3921	6227
1453	6222
10885	65083
10425	84085
5290	5781
6146	6175
1287	8974
2847	2911
23042	23420
3932	29760
1981	6223
5048	121441
6138	6181
1639	9493
6175	9045
10291	10949
7133	8740
393	29984
6625	10523
338	1080
6135	6229
26224	84085
328	10038
919	3123
6515	144195
5985	83932
8969	8970
3054	3607
324	5519
3071	10552
4751	4867
6556	338339
2197	6224
6170	6203
4159	53831
6142	9349
6160	6170
1173	9341
1778	24137
7317	89890
3172	6927
6133	6203
3054	80335
8689	9119
3491	10272
2770	2916
25929	55706
1290	10536
10664	22976
7756	64149
1365	1366
1364	137075
3178	8175
3190	3192
10436	51202
5443	6370
23304	80204
6203	6205
7919	23511
3017	8970
9787	64151
5438	27258
5435	6634
6227	23049
332	2305
886	2846
6156	6159
3852	3860
3118	3135
26589	28998
54845	80004
3921	6209
3192	4670
6204	6235
1350	4695
3797	28981
4670	6628
1933	6154
1084	1088
4295	5020
5518	23399
4057	6709
2132	2817
4809	51065
2533	3937
6908	8812
1277	3685
3673	3909
5822	7109
3998	10959
6672	79097
6176	6189
8453	51122
6133	6204
6125	6142
10193	53339
6135	6158
6168	140801
332	3832
10733	203068
8453	9820
6167	6208
6165	11224
9039	10425
4171	4998
2956	23186
963	6518
1736	10813
3133	3659
8976	54874
55755	146057
6168	6224
9551	27089
1962	7311
6130	6208
6173	7311
4041	6422
146	84109
988	3839
9793	55755
521	4701
6189	6194
6203	6222
1793	3071
6144	6154
344892	390077
9984	79869
27076	154064
10533	64422
3850	196374
2922	4923
9014	57504
5861	326624
301	55970
6193	6232
1669	1991
996	23291
2625	5241
4541	4726
332	57551
4332	5657
7852	9564
671	1991
9883	51692
259290	259293
5707	7321
28973	64928
8581	10232
1634	56548
9787	10592
2064	6714
645836	100287238
641	116028
80184	117177
7341	10038
57545	121441
6434	220988
8106	29894
6548	11261
891	8697
6635	27258
6133	6227
7153	9824
1650	3920
3433	4939
6202	6203
2801	10972
6218	6222
4514	4537
5518	6235
6141	7311
4686	5440
11073	63967
1668	728358
10121	10844
3912	3913
157	2869
5878	8976
6605	9031
4509	4535
919	3559
10970	11001
3672	3696
22981	91147
6209	6222
9782	23435
2071	5433
3188	65109
7343	10919
2691	59350
988	9475
2322	6688
23014	64410
1981	6137
11127	64792
1398	9844
84231	151636
29089	197342
5438	6633
6152	6175
60	1072
3909	3918
6168	6234
51068	117246
974	3635
3692	90441
6128	6175
335	3827
3920	5660
1660	1665
4513	4514
2033	8648
332	55055
1337	4697
3094	57649
5516	5529
6319	6720
680	64106
6426	6432
6925	6938
389	9322
8976	10787
996	9666
5546	10262
9493	9787
26539	344892
3482	4905
51079	374291
1829	5493
6232	6233
7189	55626
3646	26986
5439	6621
6146	9349
1854	4174
8581	154064
10540	22974
3308	5903
2048	3055
4173	5983
6387	6754
25885	83743
4586	4588
3921	6232
5336	7525
8453	55832
7514	25909
834	114769
6202	6222
3685	5817
887	3827
6714	10413
10014	54880
5328	5329
6228	7311
1857	55361
5199	126014
4088	25937
3569	84141
972	5641
4540	4710
6208	9349
4508	4536
3181	3191
891	7314
57674	64219
3931	4023
6207	6224
6189	6228
891	55872
567	3107
867	10097
23350	79869
23014	64219
3837	23511
55055	79172
916	940
7337	10193
5714	5718
3113	3115
996	8945
3192	7536
23279	79172
6181	9349
317	835
6159	6233
3320	9844
7328	9690
6141	6173
4736	6203
6122	6168
6128	6228
4713	29796
23304	26268
2695	5741
9276	57410
6132	6170
6386	10487
6233	11059
9320	197131
2916	53637
6194	6223
11325	51690
6229	27340
1398	11184
55635	259266
9739	23112
2550	6363
143279	201456
27134	100506658
8976	10552
5693	5705
22995	23332
2537	3430
6173	6176
9126	55746
3683	6518
5725	7536
4087	79753
2475	9675
10926	63967
23160	23560
208	2475
6194	6208
6130	6202
6206	6232
6122	6142
22974	23332
2131	6385
6138	6144
3434	3437
22984	23160
9493	11113
5887	8450
10693	22803
81930	151246
514	4700
11218	25929
3945	4200
23601	338339
4174	7298
5023	64386
7272	9700
2867	23620
6233	89910
1457	7153
10552	10787
996	9320
6176	23521
160	29924
1781	6993
8723	51143
9493	9833
55168	64928
8945	10075
1981	6210
8871	51429
813	11098
8334	8969
3611	6790
55055	81930
4540	4728
4713	4728
5708	29979
23412	51725
51132	80204
1942	1969
57530	100506658
6161	25873
6870	51764
971	973
5861	11014
1314	8615
2634	3659
1121	5869
7311	56288
6165	6170
6628	8683
2535	2790
6698	353135
1289	5118
2841	8698
10523	11100
11128	55703
226	2023
4116	6152
4700	4712
4905	10905
5627	10461
6129	6139
9126	11130
55284	79754
6132	6168
988	8449
6155	23049
10250	23636
9967	10432
139322	374354
51264	65003
6218	27340
11316	55850
5879	100423062
8976	22905
2491	7514
2197	6156
4008	7321
1058	10112
3683	57153
6146	6227
4734	89910
2798	56923
127385	344892
4508	4509
5093	23020
6168	6208
3912	59277
3688	375790
6383	10082
6175	6234
7311	57154
4718	5284
5528	8243
8453	9320
4173	4175
83540	259266
4116	6173
3672	3912
3837	10575
6142	6143
6189	27340
2962	10291
1088	2358
84231	197131
3683	3693
317772	440689
1295	55214
6161	6194
6194	6209
6138	6170
84902	91147
6233	440689
2222	6721
1956	2064
9136	84365
26239	353133
2099	9687
6240	29127
23047	151648
4952	9562
11314	79895
6830	55677
4713	4726
102	6556
6136	6144
336	462
861	84870
2242	6237
3178	3183
258	5179
8365	8970
163	6233
3183	6434
156	7852
7042	7424
1660	1994
7283	10540
3685	5023
1431	1737
6223	6224
5725	10949
2832	3827
6235	27340
6141	23521
1347	1350
9787	24137
1778	5529
5558	23595
2033	6667
6194	6235
779	27091
6152	11224
23646	147746
6147	7311
226	7057
6155	6204
5725	7919
701	9824
57154	65264
3434	8638
1268	9294
23279	53981
6165	6228
6934	83439
6201	9349
332	10112
5590	23286
25909	79172
1269	59340
10250	84950
29984	64333
4283	6364
6160	11224
5501	23122
6208	140801
991	151246
4173	7298
6223	27340
4288	10051
11202	25818
9276	22820
1783	79659
6137	6139
6130	6173
972	3122
5872	53917
5094	23020
6129	6154
2033	81857
1946	1969
9787	29127
3688	5829
174	2243
3913	10970
6194	6217
6232	6249
5928	10014
23585	54741
335	4547
246184	285231
10293	200845
1956	5796
11015	23046
6160	6235
9493	10749
9493	29127
108	283869
6128	6233
11169	79915
9128	51340
1277	1291
257313	387129
51429	152503
3192	10492
1063	79172
9700	23122
4544	5443
51203	55143
566	5657
1435	10618
6125	6129
9968	23097
54677	83752
26271	51053
3619	81930
9133	10403
6125	6169
988	4436
831	23209
10274	55055
4670	10432
6144	6223
9611	10498
6160	9045
5093	27316
4710	4718
6233	8295
1281	1290
6125	6189
3832	10592
3184	10921
1676	3837
4712	51079
6193	6234
9968	10499
212	2038
1314	10802
22917	57829
6147	6234
1453	6228
3684	3687
1605	5579
4707	4710
57082	79172
10749	29127
6122	6147
29093	51258
57082	348995
156	351
6160	6204
4686	25920
3308	3312
6144	6229
53981	85313
6159	6181
5717	8453
1783	84342
1915	6122
55759	84154
6222	6230
5054	5328
3105	3106
5594	5781
1915	6144
890	1062
705	5822
1910	2147
6154	6231
6453	8322
3075	3078
3855	3856
84131	203068
6700	353133
6144	6224
846	259287
8886	84172
51079	54539
4008	22954
1832	5493
28959	55365
335	5948
4297	23309
6173	6204
4736	6142
3008	3009
2935	6168
25936	100527963
2064	5336
10413	51421
8301	9341
335	350
3192	51692
7536	10250
9883	23165
23160	84916
1991	6036
2358	53829
4736	6173
65109	220988
6160	9887
1291	5352
6165	6168
245937	613210
1605	10298
28	2525
623	2861
6146	6156
4702	4710
23322	80184
10802	10959
813	84141
54821	79172
6142	6176
8468	91646
1639	1783
4586	140453
6132	6208
5660	10970
6132	6222
3181	4670
6128	9045
3916	3920
22794	23398
2153	3827
5119	27183
6209	9045
6154	6210
5954	51280
6117	55388
891	7316
6556	79895
5929	55832
10574	10575
8924	8925
6443	8910
6059	55720
9439	23097
1452	5515
9277	10153
29927	58477
3115	3123
1778	5347
6155	6189
6135	6202
6167	6175
9738	347240
3799	9585
9655	55832
3664	11074
6155	6176
6230	6233
23304	84085
5119	51652
4353	6036
10403	348995
6155	6218
9793	26005
1937	6229
6158	6175
9055	9133
7536	10949
26190	55236
4057	57554
7520	9025
6632	6637
1434	3837
6152	6173
534	8992
6224	27340
6595	55352
2033	25885
7337	23291
7311	55914
1946	5294
10383	84962
213	5265
6206	23049
3178	4670
1329	1351
7311	55008
6189	23521
6203	6209
4323	4811
4712	27089
219965	285093
10112	54443
10949	27316
2782	2784
6281	79026
6135	7178
1668	1669
2491	5048
3491	51280
9382	10905
4924	5589
11190	57545
351	27242
6434	27339
344892	390058
1994	9343
2222	51478
9604	23291
8993	10394
6233	9101
1551	1555
5529	79172
389	9938
6227	6233
3326	10576
9551	29796
3685	375790
4602	5432
776	51764
5609	9181
23431	27131
3202	3203
1956	3655
7532	26123
9276	10427
6130	6160
4853	9253
727	50838
6175	6201
2846	4923
6427	7307
1933	6175
6518	10857
1453	6233
6218	6224
54939	55294
22930	25782
7507	10714
6194	6233
1233	5473
1329	1340
5584	55243
5094	220988
10992	27339
6156	6230
3672	9564
3312	10576
377	3799
338	51156
8924	23030
27	10486
5573	23209
25926	84128
6133	6231
1129	8322
5879	375790
2956	6117
1783	3799
1043	7512
6204	11224
163	1601
3191	5094
3921	6142
6229	11224
553	680
6385	10755
813	7184
2023	2597
6159	6201
7317	9820
940	8516
3157	6307
2916	10850
5516	5714
3157	3422
51264	51649
377	1781
5611	10525
640	29760
6203	6232
672	8314
3912	10970
6156	8667
22905	29763
9776	55626
4867	80184
9363	64284
1314	9632
5189	6233
1994	9782
1605	29954
5981	10051
6133	6193
1315	2804
6135	6175
9730	23304
5430	10949
2204	338339
4172	10714
4715	10476
3361	4283
6827	10302
57678	253558
3009	3024
2740	5746
9883	10898
1911	26523
6233	8290
6217	6232
3183	5094
55746	57551
7514	23122
332	9787
1933	6222
6133	6234
372	1315
640	973
6161	6203
285093	390190
6170	6228
4670	220988
3352	5540
6201	6229
6059	8886
3909	6385
6747	23471
6830	9646
10236	27238
996	5707
1859	10238
6169	6218
5747	7852
7456	8976
6230	11224
26146	64792
29127	51014
8697	11059
5430	27316
9045	9349
6144	6168
6233	7098
8451	9730
5516	5903
11251	56670
5879	94134
5439	51755
5008	7297
387	7094
4125	5657
3833	56992
4172	5422
7514	9126
4709	29796
5290	5970
778	783
1340	1351
23011	57403
1457	10051
2957	51808
4736	6157
2033	6938
6223	6233
3202	3204
2846	2922
9412	55090
65055	219438
6160	6233
2042	2045
5286	29988
8648	96764
6154	6175
22974	24137
6142	6203
11345	81631
5788	6688
6160	6228
5526	6249
1822	57504
6346	83756
7327	26046
8655	10540
3434	9636
345	2262
2695	2792
6156	6235
4172	4998
9320	23291
5286	7311
7139	7431
1639	22930
226	6678
7415	23526
6204	6208
6218	6227
332	1062
3048	4778
467	3725
9437	259197
1660	23283
6432	84324
699	9824
2147	2159
6155	6209
23601	199675
1660	4686
6181	6189
3122	5641
2185	3718
113130	348995
10970	54972
5725	8661
146	148
3920	80331
2790	9138
990	996
1589	3290
1462	6696
950	7316
3482	22848
4707	55967
6142	6156
1991	3240
4839	6156
545	6233
6232	23049
521	10632
81	7791
4867	79867
1991	10394
5707	51330
5094	10236
6128	6143
4088	5054
55014	126003
7249	7532
595	6776
2911	594857
332	10615
22936	64859
115290	126433
1991	8635
113130	151648
2633	117854
1603	100128731
1121	51715
3105	6890
643	9294
4848	23019
5519	5781
51088	55832
5435	23524
4171	10036
4712	29796
50813	84727
5746	59350
6144	6188
6122	6130
6132	6173
867	5290
2956	4436
4173	9837
2837	3358
6152	6222
1063	5501
10274	57082
344892	390064
6714	7311
4736	6165
4542	4641
988	3326
7175	53981
338	5948
3797	10749
1650	6184
6159	6202
695	2207
3579	57413
10466	10618
4085	79682
991	55355
6165	6173
6142	6230
84648	353139
3106	3659
79682	387103
6136	6201
4172	81620
5930	23295
23160	55759
3355	4852
6133	6138
388	117289
23112	26523
7409	10787
4541	4712
4853	23509
699	10592
6137	6232
1736	79050
6142	6201
6625	11100
3313	5903
813	3912
6160	6206
6142	6204
6156	9045
2125	6699
212	2623
51003	400569
6375	6846
1500	6714
6339	65267
3918	375790
4736	6207
6156	6208
2633	5371
972	3113
6135	6137
4670	5725
8243	57122
6164	6201
5433	55660
10282	10652
89890	90025
6176	6201
9787	11339
102	813
6932	8313
23590	56997
9553	54998
2932	23291
6233	65264
51692	55749
1120	1375
2197	9349
161	3482
9320	65264
1915	10399
1880	3579
728	846
6601	57492
3921	6147
4588	140453
3949	10552
1398	10458
6517	9968
2053	7311
6160	6161
4736	6164
6228	10399
7414	8993
4736	6233
1938	6122
4736	140801
3837	22974
23332	27229
1829	64065
3071	5829
57115	114771
6138	6194
6155	6206
9556	84833
22984	25885
891	2491
928	3655
8453	89910
3109	3111
7175	55746
6230	25873
4736	6235
6161	6188
335	2243
24137	55614
259287	259292
4798	79913
1453	6206
5441	5901
4852	283869
5879	8976
6122	6175
6181	6209
11187	64065
351	7184
8807	8809
6156	6223
4540	4694
641	4439
6124	6222
2535	55970
6202	6234
7476	7477
4725	4726
4116	6125
8548	64746
4710	4726
6154	6227
81697	344892
988	10574
6122	6160
2147	2244
3433	10561
2925	9170
3191	10713
112	1880
3320	10787
3683	84329
3122	3127
4736	6171
112	1269
6193	6208
2814	51206
6773	10379
9475	9826
2776	27334
420	58530
2521	51692
983	79172
4254	5777
4535	4538
5518	5976
4436	51434
23279	57551
5725	84991
7311	9856
6169	140801
4584	50614
695	3055
720	3426
65083	79954
10155	201514
10189	29107
988	10540
51639	84844
7311	65264
1062	7272
4999	84515
3685	10970
5469	80205
2237	5111
5111	7027
117	594857
999	1500
3659	5371
3921	6155
891	1781
6233	9732
51382	222487
2801	11014
5048	7531
51	5194
2197	7311
27238	27316
6908	10498
6189	7311
8683	10569
6135	6161
1508	1514
6144	6152
5438	51639
1781	3797
1453	6223
3908	10319
8683	9785
7311	151636
6124	6161
9570	10802
4702	4724
2817	3340
2935	6173
1639	10121
3491	84141
6193	6206
6635	51639
6667	8648
11051	55660
9739	26523
6637	51372
7311	64750
115106	440145
5529	5717
79954	84154
10960	51128
5433	10285
6160	7311
251	23627
3911	5747
11004	54820
6165	6224
3191	27316
55339	84271
4588	56667
988	51362
813	1435
6667	10499
6169	7311
6167	6194
9133	51512
328	2034
23327	29082
472	4361
1634	7043
2207	338339
8237	10574
8729	10121
7424	8828
1022	64859
350	2266
3852	3868
6161	6222
9636	23586
8638	10379
2935	6164
1783	10540
51602	84128
27339	57461
3710	6804
10112	10749
51320	55175
1660	23020
332	81930
5347	22974
332	1058
4710	29796
6137	6161
8662	9669
6125	6160
4116	6227
1387	8648
51081	51264
6165	6223
4736	25873
1445	26191
6136	6170
6208	6727
248	6975
27292	84135
301	1133
26589	51649
6426	100526737
6203	23521
1956	284119
8945	25831
6185	6729
8925	54778
4176	5111
9879	10949
9793	57787
8365	653604
2788	5294
5111	10535
3921	7311
23076	55131
8082	8910
3921	6122
988	9879
26005	26123
6144	7178
3915	5954
3178	6626
6133	6209
6135	9045
1063	25909
3921	6181
3181	5725
7317	51343
3434	55008
4144	4548
6169	6224
6233	23049
6202	6208
3422	4597
6205	6234
3013	8351
846	10022
6135	6208
7311	55272
7334	64320
513	9377
4214	64135
6139	6155
8394	23533
55703	84172
6863	84432
259287	259293
6169	6181
7471	11211
643	5368
8969	121504
6233	140801
6626	220988
6175	6189
4738	6923
1062	83540
9320	84085
9510	11173
1660	51692
2692	2838
4508	4539
6233	126961
8970	85236
1839	3976
2519	5476
5711	6233
9787	81930
6517	84246
8329	8347
6201	9724
6135	7311
9133	51203
5516	54908
2197	6146
695	7454
5741	10266
393	11014
23601	79895
6130	10399
9045	10399
9793	151648
6091	7852
699	151246
6133	6164
2491	9793
891	1033
705	55720
699	79172
5657	6037
4538	4712
6222	53918
6165	23049
2956	9126
5872	326624
6143	6228
204	4508
6133	23521
336	3698
2912	3355
1062	9493
6698	6707
1994	3191
6202	6206
6164	6193
6136	6206
10324	51434
8636	11258
338	2262
3192	9716
904	79577
5829	10298
156	301
6208	6224
87	51097
1129	4852
6202	6232
4701	51079
6152	6161
4709	4713
1994	9416
6047	23291
5023	10970
3655	7057
4736	6161
7314	10980
10051	64151
6132	6136
6130	6167
6915	94235
1933	6141
4670	6626
63915	84062
3663	4281
3071	3320
1781	4735
4952	54874
988	10236
1350	7381
2359	5196
6142	6227
6233	57154
3190	22938
6207	6233
81	3688
1665	3192
5903	9126
9031	221830
10561	55601
9126	9793
26268	56658
886	3061
81	5868
6194	53918
996	5717
3918	4233
2912	5733
6124	6232
3190	9716
22974	259266
2960	4763
996	5699
6923	23198
1576	1577
57129	219927
1991	4125
23423	54732
3832	10733
377	9371
5688	11047
6628	55110
9793	11004
26091	64750
9493	259266
26168	27043
383	1669
6154	6161
10552	100526693
5869	5870
6169	6173
1605	3688
10885	81887
4670	10236
11004	64151
3109	3123
6233	80351
3181	6628
6164	6233
1559	2327
6181	6205
9700	113130
3913	51280
1537	4715
383	4353
1669	56729
57542	144699
3017	8349
7178	10399
351	83706
1385	5594
1058	9133
2197	6169
10576	10693
2633	3437
2033	6872
27340	84128
2045	285220
6137	6233
6139	25873
991	5708
9021	57674
1088	170482
4116	6202
6146	6164
4725	29796
8321	8322
5657	6036
6209	6228
6132	6204
5725	9879
2197	6204
3190	11338
10236	10594
6139	6185
932	79895
6129	6143
2353	4773
6147	6158
2537	3437
4172	4678
4726	4728
4952	6272
9820	57531
3619	55143
4512	4536
332	79902
5984	7298
904	51755
7409	9844
6790	9787
116541	219927
6189	6232
9870	65264
399	9938
6144	6156
983	5000
891	1022
9495	10369
4686	10594
2072	51426
3914	3918
54998	55052
2776	2788
6218	25873
1398	7409
6185	58477
10112	11113
2444	84766
1781	5861
2865	84432
2923	3309
10907	51690
6161	6232
2892	2903
9739	55904
9739	27327
6210	9887
84464	201254
1292	5352
1453	6224
393	5879
23014	65264
3437	4599
929	7097
23279	55339
4548	10768
1292	3688
1455	89780
6129	6194
10749	11015
4172	8888
5094	10262
23160	84172
2107	6181
7454	10787
9984	10482
10022	50835
5516	5707
6165	7311
9564	9844
1908	84432
831	3688
5657	23197
9738	132320
4670	10921
967	4033
6152	9349
7311	9045
6135	6181
5179	9210
7283	22974
2266	51156
8334	8349
23511	55746
9631	55339
6209	11224
10121	26123
5707	200734
1739	5290
6224	6227
10802	22872
5426	23594
2251	8823
6129	6235
148	886
55125	55755
3111	3119
6167	6188
5978	80012
6152	6154
4670	27316
6203	6208
22984	57696
6189	140801
1956	3912
6167	25873
3914	5829
728	5697
57545	91147
1933	6205
9793	23244
3357	4829
6208	6233
1241	29933
10959	22872
3866	3875
2197	6154
5293	23533
6137	6209
5493	6707
4751	10133
6165	6176
6790	22919
3215	3216
10484	11196
1500	51474
689	4666
6141	6230
6193	6227
701	3832
1793	9844
56624	259230
2920	3576
6631	6635
6629	10189
23511	55339
6139	6152
6157	6202
146	886
6154	9349
2521	5094
4208	6929
10291	10523
9126	348995
1445	9564
6137	6181
2957	8812
2064	3320
4736	6152
90025	158506
8347	126961
6152	55176
338	350
701	1063
9700	10592
5351	5352
6696	84141
4852	5179
26232	55527
7846	84131
3105	3660
6750	50837
6205	6222
4985	10563
389	6453
6146	6168
5739	59350
3270	147111
4867	9657
6176	7178
6157	6205
378	51014
9700	57551
1660	3185
5529	7514
1400	56896
6227	6234
6138	6235
4332	8635
6201	6234
6234	27340
114	1814
9877	10250
988	8243
6128	6135
10592	51203
6144	6233
6872	57680
5747	7204
2107	6137
5725	10657
7316	22954
6139	6207
1350	27089
5702	5706
640	3932
10203	113091
7124	8740
7514	22919
344892	390079
5393	51010
4710	4712
9412	9442
6233	22888
6154	6169
2205	2206
1660	10594
1781	11014
695	118788
51510	51652
1645	1646
6432	10189
329	7316
4317	6947
51264	118487
4666	11224
6129	6130
6924	22916
6175	6181
3837	3838
6944	81611
2197	6229
83540	157313
3362	3640
671	8993
983	26005
841	64135
2932	5708
6138	6193
6790	10112
9604	9867
3376	6301
2695	7434
6209	6233
1936	6132
3913	375790
6152	6181
6139	6161
81	7057
64928	219927
5149	54714
51692	55339
6158	6176
8590	285093
10403	151648
1292	10536
53339	57531
6160	6203
259292	259295
84128	84946
1778	4735
6129	6189
79895	100049587
2197	6193
2521	3190
332	9493
2209	10787
915	3560
5562	5571
6125	6161
4736	6229
5432	8450
6138	6147
3017	8351
8243	57082
5501	9793
6164	6217
1783	54821
5266	6707
891	3838
8337	333932
6136	6224
3619	24137
27316	51692
6158	6173
84105	347732
830	11014
3184	4670
5436	7936
7311	114987
26190	65264
3886	8687
51362	348995
6790	29127
2799	5476
4116	51639
7434	594857
7516	11073
111	3354
23658	27316
285	7010
988	3190
374	2069
3691	3909
5725	10291
25847	150726
9318	140461
6133	6218
10905	23193
4709	4725
1495	5819
9416	23020
6118	10459
701	7153
990	5985
1981	6167
712	7305
23160	51602
6159	6164
197	5005
6135	6157
5311	9727
1629	4967
6122	6141
1781	10112
1499	5708
5699	8945
1911	23028
811	3309
6152	23049
9662	79441
29093	51023
5528	9700
1660	51729
1660	10236
138803	344892
6202	140801
6997	10637
2517	2990
7846	57545
4171	4174
29796	55967
10250	27316
5529	5711
1001	1500
6118	9557
6122	6137
6223	6230
79895	222487
5879	10458
51203	64151
5432	84962
5829	10787
5529	57551
6144	6201
5868	64145
4709	4712
6383	284217
79583	80184
4116	6170
10921	10949
2023	3939
8329	317772
6152	6227
6189	51187
2197	6227
5903	10735
2695	122876
6152	10952
919	7535
6923	140458
570	7311
5725	23020
9666	65264
3672	3915
4717	29796
2557	2560
6135	11224
10969	29997
6426	27316
3683	10970
115290	154214
8816	51122
6950	10575
23304	90025
890	5347
1062	1315
5829	7852
6370	11251
6234	8666
4715	7381
3119	7535
388	23370
351	2817
9844	10458
26043	51122
23063	23122
27340	84916
6147	9349
983	29127
6453	10552
26290	140453
6233	9045
1398	6461
2962	57794
960	6672
130	10720
399	9828
26146	150737
988	5094
2792	2911
2491	79172
6155	6173
64963	116540
3437	10964
3594	7297
9320	10075
54534	64928
51143	79172
2634	10475
4734	9604
3267	10254
5518	7514
4939	54739
126006	729230
26531	344892
163	54874
4116	84844
8128	8703
3832	51203
6124	6175
5335	7462
6164	6205
6233	653604
6152	25873
1116	56729
3181	9128
4543	4889
1487	5928
5725	220988
3559	8651
6164	6181
6222	9887
10112	51014
1315	64837
2790	2837
6136	6202
5048	55055
2917	27199
6146	6230
4609	7022
23059	26146
657	9765
920	5286
1915	6222
3921	9136
1778	84902
3191	9782
1937	6222
1282	1292
9877	55746
5862	10890
2243	3698
887	2147
6168	6222
1277	5118
6167	7311
6167	140801
6139	6223
6144	6206
6143	6168
32	2194
23244	23279
6136	6235
6176	6235
8349	8970
3685	8514
65055	138883
4736	6188
5529	5699
4069	4332
7525	10298
383	671
7337	10489
5529	5781
8318	54962
514	521
6168	11224
2204	79895
3199	5438
7531	8655
566	8635
1018	1026
11100	23524
10540	24137
2896	10493
4297	8085
701	64151
64792	79989
6125	6158
2801	51014
1660	4670
5983	56852
7520	55183
988	51645
4599	51191
6205	27340
3191	3609
3685	6850
6161	11224
4666	6202
3675	375790
6133	6176
2071	8450
25909	54821
2792	219438
6201	11224
6132	6135
3181	3190
8334	8341
2913	84539
3655	5339
6129	6161
971	5336
1069	4867
116540	116541
1111	2178
999	9839
5869	26130
988	1994
5693	5695
6147	6165
6130	6203
800	10398
6122	6158
80184	84962
871	1303
3109	3122
4686	23511
988	6950
2064	2886
2935	6122
56670	59340
23586	54476
6249	54908
2784	4985
6836	29927
6165	6218
6129	6170
5868	10096
1088	160364
1994	3609
10681	338557
1981	6201
160	22872
4148	11098
23122	57551
6748	10952
6129	6173
115290	143279
2177	2178
1033	9787
4736	6168
8453	56995
699	9928
9887	25873
6210	6222
3178	10949
6124	6156
695	2206
867	5781
9666	115290
3491	7184
226	2597
6146	6206
3884	3885
114	2492
7184	10970
6122	6144
7532	10142
6235	9045
1022	5887
51434	201456
3572	3977
5318	11187
813	3569
2054	8673
23160	56902
4540	4709
2994	6005
54575	54600
23112	80012
88	7114
5565	51094
1116	5004
80168	346606
8663	728689
1499	1969
2107	6176
5970	23291
6201	25873
57154	154881
2064	5599
8607	54881
933	974
3619	57551
3371	84141
846	50838
990	9700
1268	64805
4513	4537
779	10369
2919	6347
1000	10970
55131	57647
6921	55284
389	64333
928	3688
23279	25909
23160	54881
6498	64750
10527	55705
6207	53918
1793	10152
7454	7456
6158	6206
6692	6768
3887	3889
9322	23265
6193	6228
6161	6193
6164	6168
153	6344
6165	6222
6175	6233
6139	6156
10540	57545
4111	158511
1933	6128
4536	4537
837	841
3191	3192
4509	4519
5685	5706
3491	11167
22897	653784
4288	6241
6161	6189
6147	6223
6189	6233
9833	259266
1983	6205
2358	338339
116	94235
9700	10735
705	84549
4584	9245
6442	6444
1915	6161
4712	4724
6133	6170
23462	23493
47	1431
6708	11280
6167	6228
6154	6164
3107	3133
9282	23097
1129	2912
6632	11157
8945	143279
1956	5328
9330	53981
3689	199675
6167	6229
5868	10890
6155	6232
7089	83439
6233	8450
6154	6223
8329	8365
991	9493
1645	8644
26249	142686
9904	79050
10749	11014
5711	7311
1365	100506658
54821	57551
6124	6224
9631	65250
6434	8175
6152	6208
595	5694
336	4036
6128	6157
64131	375790
2042	2044
9752	56141
6142	6168
6950	84617
6181	23521
8243	55746
388	55843
10232	154064
3673	3912
88	2890
4738	59286
6154	140801
6139	6233
9126	54780
1327	1329
196883	285601
701	10615
641	5427
5433	6619
4700	29796
1241	55970
84946	88745
4069	5199
6189	6230
9833	10403
6176	6223
6201	6204
51023	219927
6171	6231
6885	26523
9039	136371
6137	6235
920	1234
6173	23049
5290	259230
824	831
1062	64151
9128	11338
3200	5438
3458	3586
5196	56670
8615	10959
6147	6169
9322	9341
1314	9276
9892	10092
4540	4541
1063	259266
6169	23049
521	9556
5339	6194
5905	6232
5422	5983
6152	8666
890	9133
7862	9219
2266	3481
1559	1576
3921	6233
2932	5526
3240	5199
5690	8742
109	10681
9553	51650
6210	25873
7110	10466
23332	80321
6164	6224
1230	2833
8976	10254
10576	55135
10199	79954
4088	64750
7321	65264
9021	140462
10540	80184
3043	3045
6125	6144
5000	5558
6157	6234
6233	9690
6556	160364
705	84946
6125	6203
6168	6228
6432	7919
1933	6230
6173	6227
887	5020
6142	6169
2209	10152
1738	4719
3675	3918
3978	5426
2207	7305
2207	3937
64426	79595
7311	25831
2157	27095
6137	6202
64219	65264
1778	6232
51023	90480
6189	6217
5441	10980
3832	6240
9277	84946
5604	7529
6703	6704
3921	6194
2165	2244
6205	6229
10403	64151
23295	140460
4233	9564
966	6711
2359	94235
8347	8365
335	3698
6157	6233
9350	56963
11052	51692
1453	6234
4841	6421
1386	6045
6203	6235
5023	8514
8463	25937
6155	6229
2635	6672
5048	81565
3855	144501
259290	259294
9700	151648
351	5330
51096	57696
1107	23028
6222	6229
1783	10121
6130	6161
6171	25873
971	974
6201	6210
1994	23020
6234	140801
1457	10592
6455	23149
79600	91147
6193	6233
5707	6386
3178	6294
57129	63875
3433	10964
23	988
54960	129401
1511	5657
6144	6161
6228	6233
10946	22826
2242	10371
338	3827
1386	6605
4049	115650
56945	57129
6159	6204
23524	51639
1781	7531
197	462
6204	6209
1655	11325
811	7184
54625	151636
6235	23049
2205	5335
54148	64928
10250	10291
3655	3675
6138	6209
9968	23186
6144	6207
6137	25873
6205	6207
3660	10475
2767	8477
411	153642
23160	57647
6194	6207
1910	4295
2782	26086
6373	10563
2147	2266
6155	6157
4736	6122
27248	79139
10885	27043
6147	140801
185	186
5119	9798
84962	121441
891	5526
6188	6189
3190	7536
147	5021
6137	7178
6189	11224
10193	25831
3123	5641
7311	8945
4116	6233
155	6343
6122	6133
2550	3579
6167	6170
60	57591
6170	25873
1857	5528
1894	54443
226	5315
890	11339
5037	10256
4713	10975
3017	8341
274	9341
6631	57819
5315	7167
3156	4597
3184	5725
3123	54331
4074	6456
10592	54892
6181	6218
2956	5422
7311	55366
6176	51187
5879	257106
7305	23601
302	10577
1994	51362
10432	23435
6161	6173
6133	6161
6138	6222
3030	3032
6429	9410
4584	4586
5880	6453
5048	54821
6168	9045
1000	56975
8351	8970
1232	4986
6233	51592
23160	64318
10403	113130
1111	4361
5829	7534
9903	10489
3303	3320
2033	23774
8337	121504
1005	1009
8638	91543
3376	4677
5862	5870
1084	23601
3897	284217
1129	6751
5290	6667
5430	81556
6158	6189
26173	79034
4343	4853
5230	7167
10733	55142
6890	6891
890	55165
7337	26046
123099	340485
1081	7252
6204	6227
1088	150372
9716	11325
6138	10399
8655	27077
10272	11098
50835	259287
83666	151636
1981	6133
102	160364
2033	26523
23160	56919
6167	6209
3054	81887
377	29127
4677	8565
3852	3853
7337	9320
2912	5179
4736	9349
9493	9585
4695	9551
3912	5747
6790	84962
6173	6224
6152	6235
3437	3659
3799	24137
3659	54739
6205	8562
1350	4726
6182	65008
7096	10333
6122	6136
7783	11085
6626	10236
1291	55214
3479	7044
7027	7298
2197	7178
25942	51317
22	4682
400	23041
6232	9349
6142	8666
4171	4176
6204	6223
4176	5982
6453	29763
7311	10952
6175	6203
4710	4724
51350	112802
988	64682
471	441024
6135	6142
51649	54998
1660	51593
53829	59340
2305	5518
79869	84248
891	81624
1669	3240
11095	157869
6173	6194
50831	56923
1660	10523
3903	22918
4288	26586
833	8565
9126	25936
4708	27089
2968	9557
8688	8689
10885	25885
161	26130
6142	140801
2206	5335
1236	2841
5706	5718
6164	6207
6124	6142
1902	7852
3434	4599
8175	56949
4116	6167
133	79924
1956	5336
4690	9448
4261	10346
6206	6208
6133	6142
4726	7381
6156	6224
1500	7525
6491	259266
988	23595
2810	3918
7316	83752
9757	26523
2521	3178
6139	6203
5515	10776
695	6850
9787	55165
3685	64386
332	54821
6170	6208
6165	6169
3240	56729
7852	55970
9739	23067
6176	6218
9277	65083
6233	55669
857	284119
6429	9295
1435	4924
64979	118487
4713	9377
6142	6224
1981	6232
8514	57153
6175	6223
6159	6207
4512	4539
6158	6181
6125	6136
9493	81930
1933	6130
1058	11004
6128	6133
5694	5695
2153	2159
11004	81930
2197	23049
64151	157570
6232	6234
5725	23435
10592	11169
4666	6137
971	29760
6232	54820
6422	7474
27241	166379
10274	51143
6633	6637
899	56995
6218	9349
4670	23020
10713	23020
5829	9459
10097	50618
3912	10971
162	23431
3921	6159
1000	1012
1660	2521
8453	84085
6229	25873
6122	6194
695	7525
6122	6161
9410	10946
1983	6133
6231	140801
9739	25942
6137	6230
6602	6605
5436	27258
389	30851
9037	23275
5199	6709
1660	2130
1063	55746
10121	26005
22981	57545
6157	6165
322	333
6169	6203
112	8698
6122	6176
1942	2041
6133	6232
3106	3134
2535	8324
3903	11314
25978	92421
4541	25915
6168	6206
6139	6234
6628	6636
932	160364
6204	9349
3364	5810
27340	56902
4512	4519
1813	5443
607	8945
6222	6235
6146	6234
10813	65083
3921	6201
6137	6147
6136	6230
8687	8688
54821	81930
90293	285231
92815	128312
1315	8729
6210	6233
3833	10615
695	5777
1660	9343
7919	348995
3913	10298
197	2147
3216	3223
6181	6229
3184	9987
6144	6218
53905	405753
963	7805
5879	50807
2274	6281
2207	6556
1783	24137
3882	8689
7409	10810
5708	51330
3619	10274
899	9700
6144	6160
988	9967
6169	6222
5519	10274
3663	23321
6144	6176
932	326624
6714	375790
3109	3115
29088	51264
9648	10466
4148	10272
2033	9968
727	259287
1337	1351
3488	7857
521	27089
9585	10749
54881	55127
6137	6143
2792	2847
4736	6160
5869	6233
11224	140801
6207	23521
7536	10181
7317	140459
2966	728340
5439	8896
6170	6209
57332	84733
6157	9045
9785	23450
5930	54620
3107	5696
6130	6209
2847	594857
699	3619
3978	4171
999	3691
23586	29761
1062	9585
10575	10728
10499	23389
6133	6136
3181	3185
7979	9978
1088	23601
51121	79048
57403	81876
336	338
1237	9934
6132	6169
6235	9349
3915	7402
147	2150
10382	91147
5149	388531
11017	22826
183	51289
3681	8515
5048	11190
23223	79711
9742	23059
197	338
3913	3915
1783	9493
348	5360
3156	4598
6168	6170
6203	6233
6193	8666
6626	27316
6189	6218
6599	6605
6154	6168
11338	23511
2617	8565
1062	4751
1650	58477
6181	6202
6158	9045
84085	84261
9820	84078
4983	5880
3978	4176
6170	6189
2222	4597
6139	6141
134	5660
197	350
4736	6223
991	2305
857	7132
51143	55055
1033	9232
6233	27340
6154	6209
27327	80012
10236	10291
5338	11145
6136	9045
1605	3912
8085	8289
4088	57154
6207	6229
6165	6232
6159	6165
163	8027
6453	54874
7153	9700
6233	26043
7311	23198
8175	57794
6139	23521
5829	64098
3685	5829
4738	28991
64386	79895
3055	3572
2792	26339
4724	4726
6210	6234
6223	7311
1981	6209
675	5983
3113	3122
2776	2837
2197	6135
1915	6206
1241	2767
8189	23524
7158	8243
8945	80204
6144	9045
3320	57545
5879	10552
4670	6434
5093	5094
6602	7421
2914	3350
119678	344892
23225	79833
6208	55127
7156	63967
3113	10346
1232	50834
1308	3918
84085	197131
8295	57634
6144	6203
1434	7514
4697	27089
2932	5704
6176	6207
4514	4539
796	6344
2773	29899
1453	653784
6188	6206
6229	6235
1063	3619
5437	7874
3304	3337
6218	6228
1308	3655
11130	79902
6161	9349
671	1669
5116	23354
5872	51715
999	1942
10155	79943
1639	1778
1894	9833
3303	10963
5173	6751
332	7272
5431	10914
830	55604
16	2617
2975	10621
399	4952
800	5829
672	7153
4641	10552
57153	199675
335	4036
1292	7373
9416	53981
7311	7321
9343	27316
6142	10399
3978	4172
7317	64682
6144	6235
336	2266
3133	10475
6698	126638
6124	6125
8648	9967
514	27089
6139	6144
10484	81562
6189	6209
3190	4670
10671	51143
5347	29127
1660	3190
8568	25926
5706	6790
6201	6209
7409	7454
64682	89890
991	10726
56902	79954
1058	151246
5652	6692
1058	79172
81567	93100
6168	6227
1069	9657
1063	7153
3308	9631
928	113177
1981	1982
6154	6218
7110	90196
3827	51156
2863	3269
1453	6210
2767	5296
5699	8697
3105	3133
10857	64386
3797	9493
6137	6175
4539	374291
2243	5005
6175	6228
6175	6229
7337	9867
51234	56851
6429	10250
28998	65003
4174	5424
6122	6129
3354	6387
6175	6210
5435	55718
26	10562
3190	3191
86	988
5351	8985
8243	10592
6205	23521
3921	9045
6235	9887
56670	94235
5878	11252
5977	57492
6218	10952
4976	9927
5566	57787
2935	23049
6233	143279
8329	333932
11339	79682
11176	64426
6138	6156
3675	5328
23014	55884
6168	6233
3921	6234
161	24137
6124	55629
1453	80097
10382	347733
350	462
5430	6117
2695	10266
54778	57542
3833	9212
118430	727897
3191	10236
1062	24137
9632	22872
8467	79595
1287	3685
60488	116540
10403	56992
6135	6164
9371	11127
4686	55677
1994	10949
23511	51692
2767	5330
1398	2185
6157	25873
6167	6173
7343	57459
7110	10618
11015	51014
6157	6232
6204	6224
87	5768
9493	10112
6122	6205
6128	6155
5861	51715
3683	5023
1062	1063
4867	79600
259292	259293
2149	2151
2841	55970
23291	51122
1058	5528
6230	55272
6159	6176
5580	7525
6637	51639
2864	27334
1116	3240
1062	10051
841	1290
9055	11113
932	3689
10236	27316
6168	6230
988	5433
5469	9444
6667	23248
9918	259266
846	2798
6874	51230
5707	10577
4538	4541
3184	27316
6142	6159
8945	65264
1292	3685
6173	6209
1781	57545
3909	3911
5684	8658
6307	51478
6175	7311
861	84733
8243	10274
6217	27340
905	5431
636	25782
7852	63940
6173	6232
23014	56995
9212	79003
1814	259285
2317	3688
4519	4535
9341	22836
222487	338339
7337	26190
11224	25873
4125	6037
6170	7311
3559	3560
8027	25977
4706	4717
3619	11004
9833	11339
3937	5788
2916	4887
6130	6207
8453	9666
3191	10492
3326	7415
2588	9798
8945	11059
6169	6202
6201	9887
4736	7311
398	5880
3913	54972
6285	6288
335	2262
6788	6801
51	7311
5093	27238
50616	116379
6164	9349
23014	142689
54778	140460
3434	10964
1756	284217
4585	200958
2201	4237
7042	10490
2521	4670
5439	6637
5861	10484
10291	27316
4599	4938
8453	8697
7846	150465
5526	7316
197	3827
3683	3685
1573	8529
7532	653784
6142	6208
3797	285643
9246	11275
1650	6122
23517	84135
8729	9276
3185	4670
399	64333
6128	6161
335	2153
63891	390594
6156	6164
1660	3181
5519	22919
2178	6118
1665	9879
8295	79595
5501	9126
6138	6224
6181	6223
6146	6194
51289	259292
10885	27340
988	55215
6138	6205
3681	22801
9343	9416
3106	3133
5929	8945
80155	80218
2185	5879
10250	11338
117	122876
6461	6714
598	6774
7311	57674
1781	11190
9793	10733
6141	9045
1601	5878
8697	23291
5516	5781
7706	57506
6439	653509
54552	55720
506	8802
6181	6206
6133	7311
6136	6189
80184	121441
9833	64151
2207	2212
6206	9045
890	7298
2197	6218
3191	51692
259293	259295
111	1812
160	1601
56963	148738
4116	6633
1511	4332
5518	6167
4694	7388
7514	55746
23350	55749
2197	4116
4535	4536
6228	6229
4116	6201
3579	126006
6387	50837
4751	259266
5336	79837
6233	54677
351	9002
6132	140801
1453	6230
1306	169044
990	5707
55131	84128
8661	8672
4691	8602
9493	10121
6129	9045
9662	10733
4513	4519
8861	90780
983	2491
5108	10382
4736	6154
2064	54206
6143	6164
6161	6234
950	22848
6227	6235
6385	7852
9015	284119
23165	51692
6309	6713
2197	6223
3619	54821
6160	6165
6144	6159
5903	54821
3799	10112
1781	29127
3351	10850
2935	6229
6160	6173
29974	403314
6142	6181
988	55183
3688	5747
6428	220988
905	79577
950	8976
51079	126328
324	2932
9343	23451
1337	29796
5868	51715
1453	4809
6159	6230
9582	27350
999	8907
7341	129401
4887	10850
7132	10616
6133	6143
6189	6222
545	5889
3183	220988
1268	10803
2255	143282
51099	79948
10735	57551
117	5741
10193	54778
6143	6194
6139	6230
3115	4261
643	10803
25942	57649
2525	10331
950	3482
324	6233
25831	154881
23160	25885
6137	6141
29945	63891
7272	10403
705	9277
84231	90678
6224	23049
9212	83461
391	94134
1232	8843
64951	64960
55127	84128
4689	653361
8178	11267
2873	8607
5286	286451
6206	6210
23304	26046
5829	9564
4116	6222
5701	5715
627	5879
3191	10921
7840	55755
6230	7311
351	5443
87	3688
5422	79892
6122	6128
1783	3797
3725	23512
8337	8365
9320	26046
2266	3827
6635	51690
3913	5747
11064	27077
8463	10413
9320	26268
6164	6203
65264	143279
1241	1902
521	4713
23291	55236
1857	27130
5747	9475
5318	5493
6170	9349
988	3301
9055	10112
27258	51503
259287	259295
8189	10921
1933	9349
4713	126328
2817	6385
2912	6751
4512	4535
10181	10523
5948	5950
10576	23526
5929	10238
6707	147409
81	1495
338	4036
4297	192669
5868	7879
9371	11014
11017	85313
7314	64320
6133	7178
6133	51187
23586	83666
719	945
1232	338442
4940	10964
87	7525
6233	7189
10403	26271
6142	6154
55249	55870
1029	1030
23521	51386
5433	10772
8673	23208
4540	126328
6156	6201
5610	23118
4694	4707
1084	2358
6625	23450
9887	11224
699	6241
6122	6228
51429	54885
3915	10298
3355	6751
1060	348995
26268	56995
6218	9887
6125	6185
8648	10498
23095	64837
6173	6222
2033	9031
2242	5361
26268	84085
55749	79869
6870	56923
6133	6210
6154	6206
6138	6175
353132	353135
6170	6229
3685	3695
3832	3833
23244	55746
64976	64979
7852	8698
6156	140801
6122	6139
3481	5005
9967	84498
6129	6234
4701	4713
8843	338442
2153	2244
3655	4233
79470	344892
6201	6202
4736	6159
6144	6230
6147	6181
1495	1500
6161	6208
6137	6223
6143	6222
3190	10949
6202	6227
1738	4191
1287	3688
4718	4724
6194	6228
6147	6202
552	6866
4591	65264
8243	25909
3912	11167
7175	7919
6231	6233
10890	57403
3185	3192
10395	23371
5001	222229
988	11193
8412	9564
1781	10383
2799	5834
6161	6170
3480	5770
6625	27316
6667	26512
6154	6193
3240	10394
1994	10285
640	5336
5880	9138
9343	10236
7514	9972
5436	5438
6165	140801
3718	50615
6202	27340
1058	57405
6160	6224
5903	25909
4588	192134
9055	29127
3191	9128
4694	4710
2239	10082
1453	6208
3619	9793
2840	84634
1103	6572
6158	6208
6184	6185
1856	8673
4172	10036
55143	220134
4800	6667
6138	6207
302	10383
22974	203068
3115	3122
1937	6128
9188	84172
54069	79172
6147	6208
9410	22826
5111	5434
890	10403
156	2767
116540	219927
2071	10920
26123	79867
963	64386
671	1116
6908	54815
6142	6194
10813	10885
9700	29945
22888	51343
6156	6167
3185	23283
4541	4724
10592	22974
120776	344892
3482	26130
6159	6227
10236	10949
6193	23521
3558	3717
6223	6228
1908	1910
2792	65055
10540	27175
6233	140459
4735	23332
6143	6159
891	5515
5868	11021
3184	10181
6429	6434
383	56729
187	5473
2033	7874
8337	8970
3921	200916
7846	203068
9277	51118
6152	6232
23451	51692
1778	5861
332	259266
6223	55127
4670	10594
3660	5696
219954	285093
966	79090
2268	6714
7514	57551
3055	3684
51692	57122
6228	27340
5500	5516
7204	60675
4736	6139
6202	53918
1994	4670
389	2064
2521	57794
2935	6181
1781	9493
695	971
6224	6233
8337	440689
462	2159
841	8738
10841	200895
10396	25798
2788	2864
1398	5781
6169	9349
10965	55825
26285	149461
5437	23524
55	154664
2891	5582
9295	84950
3915	4233
7311	9020
9782	10949
10885	23160
6136	6147
9045	11224
6227	6232
2767	64407
274	8853
6124	6205
891	991
6128	6164
9700	79172
3135	3821
6144	6155
8349	387103
6159	6170
2220	5648
5473	11251
22999	57030
26263	55884
9183	64105
51098	83658
27089	29796
25885	55720
6124	6203
22897	79598
3360	10888
6122	6159
1781	121441
2204	160364
1213	6233
3856	3875
57191	400720
5501	25909
830	6711
2521	5725
387	7046
6132	6201
11128	25885
4584	4588
23279	55746
5707	5708
1394	3973
846	4829
3619	51203
3850	3860
5696	5698
1062	81930
2695	2784
6152	6207
10772	27316
10236	10432
10112	81930
6128	6170
6209	9349
6194	9349
2788	5368
336	2262
3015	5438
1981	8672
9793	79172
11014	22818
4734	26190
1237	8811
389	29127
4736	6228
10652	11014
5435	11325
3620	169355
6203	6227
10425	79876
3797	10112
23112	27327
1991	5199
3903	79895
10458	55740
5896	5897
10594	11338
6208	6230
2206	2207
23322	51259
5501	9700
8544	10787
6157	6206
330	8887
50506	90527
2197	6138
7018	9829
6173	6207
10102	51021
4509	4537
641	2189
302	3074
6133	6156
1639	3326
4736	6155
9133	10615
57521	389541
23142	26190
1118	3417
5717	10575
4948	7299
5717	200734
8886	56902
4701	10975
9133	10733
6161	6209
6222	6223
6129	6188
5528	9793
3911	3918
2099	2625
351	5660
9730	80067
64976	90480
3713	6705
6168	6210
10199	56902
1956	5879
595	5707
4886	5733
6129	6152
1894	10112
6133	6141
1783	6709
2071	6873
5476	5834
7311	23600
6141	6205
1906	2150
2268	9564
7529	8826
334	3491
9700	23279
4343	6233
4536	4539
1088	6556
1870	5928
9870	64219
2935	6189
3767	6833
8945	55832
4495	4496
344	6382
6128	6142
7337	54778
4540	4712
9875	27340
10713	51692
6129	6133
1062	54821
118487	128308
6167	6189
1902	8477
8449	27238
2197	10885
6130	6141
6202	6235
9700	23397
6122	7178
1813	4283
4176	4998
3105	5696
6605	11198
8570	10657
4713	4725
9126	113130
6135	6189
10112	55872
4927	9212
6185	29927
3594	149233
6132	11224
3691	4233
2629	5660
6155	9887
4125	6036
6233	26130
79090	90411
1290	3685
54960	79833
6128	6230
6204	6230
5701	7979
6169	6223
5725	10432
4868	84063
6272	11319
2935	6133
4620	4626
29889	51154
988	9126
84296	84515
1281	1634
11096	11173
6167	6206
26091	57154
5929	23067
5094	27238
29078	126328
9742	57560
3178	6434
1329	4726
54539	55967
8337	653604
3491	11098
6175	6176
4176	5422
6158	23521
3181	51593
683	94103
23291	79176
983	3833
1063	22974
2957	7702
5870	57511
6175	6232
6168	51187
11137	84916
7204	55970
6233	10110
64979	116540
7057	56999
10427	126003
1173	29924
6152	6160
87	7791
388	389
6202	6218
983	3838
9820	143279
1445	1956
7409	653361
902	10987
3178	6421
6235	11224
6155	6165
4233	5795
1062	23095
9126	57551
10458	100423062
6601	9031
8648	9968
6147	6207
3127	4261
916	917
186	3350
4057	10321
51510	51534
7984	29984
3183	6430
8969	653604
6161	6210
963	10857
6141	6234
996	1017
6224	6232
3071	10787
6146	6152
6147	6176
1476	10394
632	4094
6188	6230
5439	80349
6139	11224
1662	10528
1051	112950
1495	1969
3133	6890
6152	6159
3684	10970
7412	388646
26123	79600
3912	5829
6227	10952
6209	25873
2033	55904
6224	7311
4599	8638
3174	6927
1308	3691
2837	84539
3619	57082
2168	3158
1956	5782
3491	10970
3017	8337
891	81930
6233	23168
3619	9126
6176	6210
8329	8334
1060	57082
10426	11064
7311	140458
116	2740
1462	9469
6122	6207
10970	64386
55215	64858
1650	29927
8243	79172
6129	6159
8289	57492
7525	9844
6146	6167
1937	6124
5781	259230
6601	8289
7133	10970
5473	10321
1824	1832
6144	6181
672	7516
2847	6363
1910	6863
6228	9349
904	6619
3659	7706
1981	6154
6158	6193
10051	23244
7175	26097
3875	144501
3340	375790
6152	6164
1793	5747
2150	5021
9133	81624
10489	79654
983	203068
9212	26271
56923	339403
3433	4940
1347	4726
6135	6165
6193	6222
6203	11224
3673	3691
6222	25873
1660	3191
4738	6635
1398	6850
6170	6227
26118	51088
25936	79172
3185	55749
890	10733
10367	90550
942	7525
7324	79876
6809	9341
6128	6167
6155	6231
5872	23265
259	3698
1994	6418
1462	3915
3192	10523
6138	6164
6122	23521
9410	57819
6181	9045
5501	79172
1174	10016
6709	56729
6456	9892
2935	6136
1656	27161
1601	8301
6430	7919
126328	374291
1236	1901
6156	6168
3301	3326
6155	9349
2197	6235
2204	199675
7316	8864
1662	9136
6133	6152
6181	6234
6461	9564
8853	11014
811	5034
1660	23185
6137	6222
2266	2719
2790	7852
8243	10735
6232	8662
6222	11224
3304	3320
51308	126370
6156	6161
197	3481
821	10802
7175	9877
9416	51692
1299	50509
4254	7409
26046	197131
636	23299
1981	6230
23160	84128
51069	64928
23295	54620
6194	6203
10466	79571
22954	89910
4048	5777
886	887
5294	7409
5179	7857
7098	7311
1116	5199
9775	79902
6139	6175
6746	28972
286	6708
988	60682
5688	5706
6142	6171
6136	140801
50832	54429
988	27238
10250	58517
6139	6228
6139	6205
5696	6890
7204	29933
6133	6146
6132	6161
60560	80155
6632	57819
9320	64682
1832	11187
4709	4726
1915	6138
6133	6229
6836	9276
488	4853
91543	129607
9020	23118
10274	151648
3434	4940
7456	10552
2033	23067
3184	220988
5430	10236
3579	5515
10523	27316
3267	10618
1555	1557
932	945
4736	6202
6205	11103
10749	23046
3685	3912
6173	6202
6152	6234
54480	55790
1394	1816
8175	84811
7153	7298
1548	1553
974	2213
2266	9715
2034	9314
6125	6133
4352	5335
6233	22848
4048	126014
6152	6228
6205	53918
8334	85236
4069	8635
51604	84720
56902	88745
3860	196374
4519	4539
1116	1991
5753	6725
2769	5330
22826	57819
2197	6168
830	5870
6147	6159
6130	11224
6170	6176
26190	57542
197	3698
183	259287
6128	6169
51382	338339
55720	56902
5898	5899
7862	54815
4833	131870
6208	11224
6233	84231
6188	23049
6338	6340
9666	143279
6135	6139
51203	56992
9184	57405
1559	2326
1660	55749
11190	22974
4332	6037
6147	6170
50834	338442
1385	1387
50813	55884
6176	6202
9867	197131
6165	6181
23355	27072
2186	9739
1213	10254
389	5217
351	6370
6137	6176
830	10282
10970	11322
991	83461
4736	6167
2920	3569
56165	136991
1237	2917
3433	23586
6158	6161
6159	6222
2848	285601
5347	259266
6203	6206
8322	54874
3635	5294
6144	6167
80224	374291
6748	90701
117	2792
891	51433
712	714
991	1058
6165	6229
79132	91543
2692	2843
5660	84061
4700	54539
1081	3623
5684	8312
3183	7919
4724	29796
6141	6161
6139	6176
55003	55299
4361	10714
397	5880
5747	23209
5868	22848
1739	4646
6168	6235
1856	27130
409	950
6139	6222
4160	104909134
5571	60673
5699	11059
6155	25873
991	51088
9341	54874
6139	6147
6135	6194
7321	23198
1062	5516
6129	25873
2932	5718
6176	6194
4709	10975
79954	84128
8563	23225
7316	9341
26716	344892
64963	92399
1007	1013
1595	3157
164	55330
9564	54518
10254	51652
3320	7415
6176	6228
4584	192134
6143	6158
4116	6135
6923	9978
6233	9927
4709	126328
4173	7153
6161	6223
9700	64682
1269	56670
1116	10394
1500	1942
945	100049587
11190	22919
10425	63891
1453	6227
6135	6230
55601	91543
10594	23450
400	90196
1605	9459
6175	6204
6156	6173
6194	9045
23309	27327
4298	6830
2358	170482
3912	375790
2081	7494
2788	55970
10914	85313
11218	55746
5928	9070
5179	283869
7320	7322
6135	6206
161	8650
1981	6175
1329	9551
1933	6164
10552	22905
3882	121391
6138	6210
8074	8404
6168	6169
3301	10576
65083	84172
4713	4724
8673	10970
3895	8542
6129	6160
3921	9349
23325	387680
3185	10949
2222	3422
641	5424
1495	84962
6125	6181
6142	6222
4171	4678
1994	9879
2934	51411
3512	57050
4343	6714
1062	10403
6602	57492
8295	8945
4116	6206
388	397
1058	55143
705	8602
6227	6228
2266	3026
5795	55754
6223	9887
9044	55814
1660	10713
27237	171177
5868	10618
6137	6189
1303	10536
6921	79754
9730	63891
9126	23063
4116	6132
932	966
11339	51203
991	11004
3433	9636
2537	10964
6159	11224
9883	23511
2521	23020
23122	55746
8301	10618
813	3915
6206	6228
1778	5707
841	843
4709	51079
1161	5887
4125	8635
57413	59340
51023	116540
6147	6203
3356	94235
4171	5426
6142	6205
4830	4831
6130	6168
1876	6045
1937	4736
6128	6168
9493	11127
81537	259230
6160	6176
6170	6204
288	2348
513	374291
2197	55127
930	118788
1329	1337
8976	147179
1398	10787
27252	55585
8648	10499
3633	29984
5930	140460
102	6233
64981	116540
10236	10921
6207	6223
6429	84950
6788	60485
3635	5777
8533	10445
1129	4889
8974	29920
3619	10403
830	57511
6158	6194
824	7525
920	9026
617	26517
6203	6231
891	9787
2305	9833
8351	126961
1778	79867
6152	6204
9787	22974
1063	7514
7478	7484
567	3106
10199	84128
3115	3127
9790	51575
6130	6159
811	10130
3640	5443
6136	6231
1968	8661
6135	6171
79867	80184
4829	56923
186	2914
5880	84144
705	84154
109	51083
1981	2197
6631	22826
6181	25873
4724	10476
6159	6205
5434	54845
2769	5335
9837	55388
6229	23049
10592	157570
4686	5725
377	51014
338	4973
3725	3939
5694	7314
2209	6688
1062	5347
5202	10471
163	9341
4695	4726
23149	51429
51143	151648
9133	9493
4194	7316
3190	57794
29763	51429
4057	56729
1933	6206
890	11065
721	3426
6210	6223
372	9183
1048	171169
999	4646
55320	401541
6228	6232
9416	55660
3109	3127
10121	80184
5330	55970
6159	6235
705	23160
22905	54874
10594	51692
10250	11100
2965	9646
1605	8910
719	63940
6850	64170
5441	79035
2243	2244
6129	6147
2938	2939
27043	57647
6157	6181
2623	2811
6144	6202
5093	10594
6130	6189
4712	91942
6142	6233
6218	6231
1605	5829
9493	22974
3866	3880
10285	55749
6136	6176
4700	4709
6156	6233
6189	6207
1639	24137
1282	1284
2064	7525
9655	10489
5980	56852
1290	1301
389	117289
9320	10193
54556	92815
6193	6203
9787	10403
6728	51121
9879	58517
22954	23291
6193	9349
988	220988
419	390243
3937	55740
5683	139285
643	64805
5931	10664
4332	6036
3359	9177
5394	55127
6176	25873
4116	6147
331	659
6125	6235
6128	6147
5547	5660
55339	80335
3184	6626
4049	4050
23560	84128
5985	10038
10403	10615
6229	65008
6233	55008
3017	8365
9816	9875
6223	6232
9128	10236
999	4072
10802	51014
1981	25873
11021	51762
9055	9928
2491	151246
3486	11098
5579	9564
6146	6181
54509	445328
6188	6202
3309	6836
2033	10014
6187	10557
152	11255
1816	3973
2792	122876
570	54363
2768	5879
3799	11127
1911	51434
6136	6227
1315	9276
5093	10523
10952	90701
2683	2720
3921	6136
5950	7276
6169	6235
6165	55176
6207	6222
6464	6850
6130	6235
351	5340
6161	6205
6428	7307
6154	6158
6142	7178
2079	3183
51069	55168
5869	10254
6868	11319
22984	79039
5867	5874
55166	348995
567	3660
6208	6223
6136	6208
5338	5579
521	84833
3903	84329
4116	29107
4928	7514
9793	55746
983	4288
6135	6173
3937	7409
3274	55970
6128	6181
23020	27316
712	713
23107	65993
6637	51690
3190	5725
26268	64682
142	56655
2207	79895
3822	8302
3006	8337
6176	7311
23354	132320
392188	645402
23049	25873
5928	57459
6161	7178
187	56670
1605	3672
11314	196527
6201	6203
11059	23291
5589	23193
1717	3157
332	151246
1660	3609
4976	55669
7041	7414
3190	23020
7311	9341
5430	11198
6142	6206
966	11314
4691	6282
6146	100529239
2792	128366
5660	55970
3714	4854
57111	401409
1969	6714
7337	55175
9875	55127
10342	10427
5747	7454
3267	3949
3191	5725
6632	6635
5529	51143
186	2913
5869	22905
23014	55832
2633	2634
7458	8662
6139	6229
1656	80153
3181	22827
991	9491
890	7272
6714	57670
11338	27316
9611	9967
6461	10787
966	11014
1121	160518
10274	113130
1121	79958
6122	6209
89	8557
6233	9349
5339	6234
472	7468
6161	6169
887	4295
51650	64951
6129	6142
10693	11328
6233	7158
5347	6232
6133	6188
116	4914
6184	58477
6154	6160
6170	6206
79090	149111
5430	9282
6147	6230
5869	8976
10857	196527
6262	11069
5869	6453
25831	57154
11176	79595
1387	6667
3937	5335
1116	4069
904	5431
10970	222487
3490	84141
1345	4695
5898	10890
2239	9348
400	25839
5034	5479
991	9787
6426	6428
29984	445328
6428	9410
11245	55970
10197	64682
79050	317781
55142	146057
4436	23028
6193	6223
6175	6218
8655	55839
7314	9134
2790	5579
6229	6234
7919	27316
6143	6202
25	5159
6617	79035
108	7252
11157	51503
4713	27089
9730	84085
6208	6210
6169	6189
27198	338442
7283	22897
1969	7525
915	3118
5516	5708
10112	64151
10949	23658
126638	147409
10394	56729
111	799
1524	6370
699	259266
6249	81930
7514	9793
4116	6235
6128	6232
6224	6234
6139	6143
3320	10458
6155	6161
2935	6157
4734	23327
1524	56670
6202	6210
9221	84172
9883	55746
637	8626
3856	5493
335	345
6170	23049
6158	6228
25885	84172
2197	25873
867	6654
4509	4536
4641	9371
6165	6208
4736	6133
836	6789
10075	51132
988	9631
6202	6229
993	1111
6210	9349
5880	7454
1453	8945
2207	199675
5741	594857
8568	57696
84648	353145
2826	84539
6142	51187
6161	6202
1241	56413
2242	9855
3678	5329
9652	23517
6229	9045
6230	7178
7003	10413
5725	27316
3832	9585
2521	6421
10193	10489
695	8976
6637	84844
6156	6228
6520	8140
680	4829
56923	259295
57531	90025
6234	25873
324	1857
1937	6202
25984	121391
6167	9349
1910	2865
6155	6208
51434	80204
5586	5879
10389	84108
9551	84833
6202	6223
5529	55055
3122	54331
6132	23049
6170	6175
2197	6170
974	100423062
10075	23304
10075	54620
60560	80018
2207	3903
160364	170482
5426	8914
251	137797
6047	9320
5644	6690
23397	56992
6204	6229
783	2784
6152	6170
4736	6147
4670	11052
727	51289
1398	3071
9371	10112
6156	6202
9903	221687
51514	64708
813	3491
7042	83706
29093	65003
11103	27340
695	5335
9793	81930
2064	2065
336	5948
3903	5023
6137	6142
6139	6142
7857	54757
25915	126328
2801	5862
6129	6201
6128	6234
8243	9793
6204	6206
7003	7004
2189	7517
945	2207
1277	1292
9716	23350
6181	6203
8349	126961
2185	3685
4173	8914
341152	344892
9410	10236
1969	9564
4839	55720
2153	3481
2244	3827
4236	10291
1137	1141
6232	7458
6138	6223
6141	6202
6155	6175
4322	7373
6144	11340
3619	10112
10236	10946
163	6453
8775	388552
5870	7110
10857	326624
6160	6207
160	8867
1555	54600
1933	6137
25942	57690
9700	23332
23160	23404
389	90627
23028	57504
9133	83461
2071	55677
990	9491
6201	6223
6222	6224
672	51755
10382	23332
3091	7316
2200	3678
6218	9045
7031	7033
3214	3216
28998	118487
988	6605
10618	51246
6205	7311
7311	121504
51645	85313
2792	4985
2185	2268
2125	3728
5822	23160
121391	286887
6152	6206
657	659
54617	57634
1291	3688
10013	25942
1839	1956
3859	54474
5082	10574
6133	6189
2197	6139
4736	6128
4076	55226
8976	9341
3672	3685
23327	79176
4775	5534
5347	9793
6184	29927
8085	9739
2099	6387
930	933
25793	84676
23404	27043
6146	6173
5093	51692
2863	55970
2957	51616
6189	6210
6169	6204
1783	6249
3184	5094
6168	6229
4541	91942
6161	23049
6601	55193
3305	10963
6147	6152
514	1350
6208	23049
1062	259266
4736	6218
3048	3050
3054	8314
1062	3799
6218	6233
701	51203
891	10592
51382	79895
23291	83737
6189	6201
351	2841
833	4141
3122	3662
2048	5921
3687	79895
6129	6168
3054	23067
6218	7311
51676	115290
6165	6207
4624	4635
4116	6635
6170	6171
945	84418
1544	169355
6159	6203
904	5451
10615	146909
8886	55720
1956	9341
857	1950
6173	6228
10236	10713
5001	10926
3491	54972
522	4713
29933	55970
3188	10594
5426	8317
799	51764
8065	83737
6136	6204
3796	10274
6133	7458
5880	257106
6157	6203
6146	6147
10199	84946
55872	83540
10153	79954
6144	25873
2159	2266
55166	387103
8697	8945
10885	57647
11196	126003
6132	6227
3836	3838
332	3619
3843	10527
5529	7525
3309	7184
5435	6875
5347	54820
6155	6228
1432	5062
11127	29127
2788	2863
1400	10371
3619	23279
8334	79019
983	5519
1639	9371
6128	6154
3106	5696
6167	6204
51023	64976
1281	1301
10652	149111
8477	9002
2177	7398
643	1268
3909	375790
130340	152503
6135	140801
1499	2932
5199	56729
2695	594857
2935	25873
81797	344892
7779	27173
1287	55214
966	9276
1121	79090
10663	56923
2185	6461
2205	3702
4535	4537
1290	1303
83597	390174
3619	9493
4700	4724
1630	137970
5501	51692
4953	51686
1063	57551
102	3915
399	1894
3688	6709
2033	8085
3394	6688
22794	348995
6136	6232
6167	6203
6168	6231
3565	3567
6428	10946
5610	11274
6428	57819
6135	6222
10051	10592
5037	54845
10713	26121
701	8243
2920	2921
6132	54512
1292	3672
96459	201163
338	462
1576	54600
864	64750
23517	134430
1471	2519
1062	6249
4713	9551
3886	8688
8615	100302736
2770	3351
27095	149111
4670	10291
9787	55872
6154	6189
79867	121441
617	10469
344892	390081
2932	3611
2079	6428
2107	2935
64946	79682
11339	64946
22954	23014
4947	5708
7311	55432
4725	9167
6143	6209
5528	25936
353132	353133
7003	8463
4686	11338
3684	53831
2648	9013
988	9793
5781	10818
472	84464
6157	6160
5579	5583
8664	116832
988	10657
7388	29796
3486	3491
3838	22974
5196	94235
3664	23650
867	26130
9320	55236
6155	6222
6613	7341
4713	51079
1595	51478
10236	51729
6164	6165
388962	654483
51122	54165
7531	81565
6128	6207
26190	54165
1050	7124
6130	23521
399	257106
8945	9820
3015	387103
351	3491
4535	4539
23620	84432
10663	51289
6455	8673
2805	3242
9787	55635
1536	23601
25831	140460
2642	4922
5685	5705
1763	55388
50506	405753
138805	344892
5111	10714
1337	27089
1778	6709
2197	6232
6601	6602
51382	160364
3687	22918
6137	6218
3912	5578
10525	29927
285093	390191
6137	6167
5777	80184
302	2519
23332	25909
7203	7277
3192	23283
6430	220988
5715	7314
6701	6704
6224	6727
6128	6206
1991	4332
5930	7334
2957	5433
6142	6152
1281	4060
6288	84432
8541	64130
1880	196883
5196	5473
2177	11073
846	339403
6139	6146
6164	6229
4713	7388
6205	25873
1832	3728
3911	9459
9793	51143
6188	6204
917	1759
6234	8562
1329	1347
3301	10808
1994	10291
11004	51512
1349	10975
6181	51187
51088	144699
57545	80184
3135	3805
6288	6357
2266	5345
3685	3903
6455	9341
2071	9015
8615	9276
6229	6233
6146	6233
6154	6204
5725	9343
54620	80204
10053	130340
3833	29127
22954	26190
841	1281
8907	10053
5933	132660
3313	9093
1778	3831
3437	10561
81794	339366
9767	11143
6130	6138
197	51156
1829	2125
5298	8394
22856	55454
5347	9918
51649	64928
1665	3191
6176	6203
9904	57647
6154	6202
3190	10291
9133	23397
50831	339403
6159	6228
4717	4724
7153	57122
6161	6218
6155	6169
963	3903
9343	220988
4297	6045
1915	6204
4343	84441
5094	10285
4670	7919
3071	7454
6158	6202
6233	221687
2918	10563
3181	10713
2865	23620
10142	26123
4584	26290
55759	84549
86	55193
11091	81887
1062	10274
6203	6229
6173	6181
811	2923
6144	6147
5270	5329
6181	6232
7381	29796
6152	6156
6737	283807
51465	84541
79867	91147
9411	29984
1758	8404
6159	6193
4708	4725
701	9700
92170	503542
9616	150726
9564	10787
336	345
6156	6175
551	6846
1557	1559
6625	10236
8243	23279
6124	6129
6139	6194
3185	10921
3107	3659
9128	55234
23011	51715
10013	51317
999	3918
8453	55884
8451	55208
7311	23118
570	23600
8450	55832
57154	64750
6189	6234
23067	57690
9112	10919
516	10632
996	9820
4174	10036
6793	10857
1133	8477
1439	3635
3921	6157
727	50835
1084	138050
23397	24137
746	100128731
4736	6137
60	5879
966	326624
378	10282
6223	23521
6129	6155
6637	23524
2912	4852
1394	4160
3107	10475
23279	23511
344892	390063
9904	57696
4670	9343
3921	6207
10324	51666
1778	10577
3491	3912
6158	25873
5519	5903
64976	116540
6208	6232
6209	6218
1325	2784
9348	10082
55127	79954
1387	8289
6621	79035
4695	29796
1894	259266
1294	2157
3433	3434
5501	25936
801	6263
336	51156
7538	9261
10892	257397
6164	6176
8871	9341
7466	51280
6698	147409
4940	10561
156	2121
26005	84902
6155	6168
752	5217
6189	11103
3761	3785
5332	55970
846	3357
9793	23122
2817	6382
2840	4986
9126	23332
3015	10284
155	796
6202	7178
153	155
940	3695
6139	6208
27042	55153
399	80728
6128	6218
6235	25873
4582	10331
3832	7272
672	64682
955	374659
4171	55388
1536	4689
1062	1783
3355	4543
6514	6927
1949	2044
6201	6224
1783	5861
3106	10475
9631	9972
5704	5718
1915	6159
3710	10235
6125	6143
10013	57649
3799	55605
3107	6890
6181	6194
24147	79633
6169	6171
1387	5469
4508	4513
1902	1909
3903	64386
79583	79600
25831	65264
1500	4233
377	10540
3799	9493
4736	6158
26005	80184
5036	203068
4736	6176
5747	9564
6143	6160
10574	22803
3703	6185
109	59340
3183	3190
5869	9341
3356	6915
6667	6670
23279	51692
6138	6228
2550	51083
783	10368
6122	6181
6207	6230
11190	203068
9527	84516
6144	6157
25929	57122
3192	6625
6234	9887
3267	5868
5430	10594
140460	197131
2023	5230
136	2788
3191	4670
6143	6176
2975	11128
7164	10053
6157	6230
1457	9918
5501	7159
991	4734
4303	5901
9436	9437
3181	5430
9632	10483
7311	54363
3157	4597
1062	11004
5433	6426
64981	116541
1933	6159
9564	10458
55781	134430
685	1956
6156	6209
3054	9739
983	79959
3111	3118
3880	4072
813	10618
1665	10885
6426	10772
3429	8638
7311	57530
389	114793
988	7919
23627	137797
10412	10607
2935	6169
6201	9045
185	2862
23028	283248
1350	7388
635	29958
23304	64682
6217	11103
1933	6138
56729	126014
7153	259266
2792	2918
6142	6144
5700	5702
4436	254394
5422	7027
2243	3827
6130	6206
3685	160364
8729	10959
4725	55967
9790	10885
383	3240
3675	3912
7311	140801
1063	54821
22948	63971
3181	10236
4233	6233
6218	6230
9188	23560
2913	4988
1822	23028
10403	220134
5108	22832
6164	6202
400	55275
6132	6171
627	5599
11116	79959
1362	3482
2635	3659
6168	9349
6137	6228
5347	51512
1665	5725
5741	8074
1230	83756
5976	56006
6207	6232
6175	6194
6426	7919
701	146909
5361	8829
6209	6223
22984	23195
6130	6154
336	350
6133	6165
643	50865
6142	6157
6227	6727
163	5878
8453	115290
2491	5519
6139	6206
10236	220988
8349	79019
3190	10236
2305	7153
7311	8290
2799	23526
6385	375790
6189	6206
4670	84991
9371	23095
9877	23279
11258	93661
2841	63940
10403	81930
11314	100049587
1991	5657
580	10635
6201	6222
10921	55746
10762	84271
6176	6206
5599	6272
6222	10399
5000	7311
64425	65083
6202	11224
2491	5528
1949	3845
4512	4514
6890	6892
6205	6228
7341	404672
10767	22894
1981	6139
3190	11052
54908	55055
904	905
7153	56992
3683	7409
2260	10818
6427	6432
3937	11184
6122	6173
63967	84515
9585	51014
3913	5829
8450	10401
966	3903
9870	57542
3688	5879
5777	7409
344892	347468
6801	8428
8085	9757
221	5328
6133	6168
7272	9787
518	521
6700	26239
3832	10615
8570	22894
1108	25942
6556	84418
699	9700
51690	83443
2151	2791
56949	91603
6122	6143
5657	8635
1650	6185
1793	10787
22974	29127
1453	6203
462	3827
10592	259266
26146	92104
996	25831
5438	9978
4985	6752
5471	10606
2064	7311
846	259292
3055	5829
1906	6375
332	7514
353137	353145
10022	259292
4999	5558
4288	51203
1944	1945
87	6714
10594	84991
5094	9416
5335	7305
3184	10189
3481	3827
5725	9128
27340	55720
26494	344892
10236	22826
4710	4715
84991	220988
6128	6201
3091	4088
10324	201456
3685	196527
2197	6158
6750	6754
6122	6208
9730	10425
10022	339403
2033	5929
1499	5819
1008	1013
2790	55970
9585	29127
6209	6210
51014	54732
25885	55127
10484	56681
3183	6432
6133	6135
9967	9968
8027	51429
22938	220988
3187	7536
54578	54658
2865	6288
57680	81887
6241	64151
2958	5435
2735	2770
6160	6227
1536	51382
861	6604
7020	284252
4904	10946
10802	100302736
51023	55052
4717	4725
208	51230
3909	4233
623	2357
399	94134
6155	6223
4717	4718
4508	4538
643834	643847
6144	6189
6133	25873
1500	7082
10574	84617
220134	348995
1933	6228
6147	6194
4867	80321
6135	6231
6167	6230
1915	6228
1788	84733
5557	23595
6233	9887
9320	64219
1233	6370
945	3685
10112	11127
1111	54962
6188	11224
5861	51014
4738	5715
1058	9212
3672	6709
988	4999
3921	6164
2286	5479
6133	6228
23047	57082
6159	6173
6142	6223
353142	353145
7514	54821
28987	51388
9416	27238
6202	6207
9820	26268
4697	4700
332	1063
10426	440145
10112	29127
3200	8338
9493	23046
2185	9564
514	4724
84085	154881
1650	6836
10733	347240
23279	51362
3921	6161
3646	6156
3921	6204
695	3710
3827	5345
1994	5094
5708	7316
7328	23608
11137	51388
4738	5693
22954	64219
1476	8993
641	7316
6363	6373
671	4353
6272	79158
50865	64805
4700	4717
2519	3074
9738	55755
3915	4240
5296	10818
6168	6218
4171	5984
81930	113130
1230	55970
51129	85441
9349	140801
2533	7408
1555	1577
3695	5747
219968	285093
22984	79707
29127	81930
11338	84271
1431	2747
84447	91319
6147	25873
9564	10044
3915	375790
830	10540
54850	63891
6601	6605
2268	2817
7706	51426
301	2788
1453	3921
23322	121441
3676	3691
2837	5331
5433	53981
1292	5033
6160	6210
10749	51479
10094	10095
7316	7328
5433	7072
6635	83443
3309	9531
6147	6204
9343	51692
1956	54206
4331	404672
9700	10403
1829	1832
6146	6218
57662	144100
5310	9727
1933	6142
8648	84498
3978	4173
9672	64131
6165	6230
1830	5266
81696	344892
51081	51649
83597	403253
79895	199675
6141	6159
2832	117579
6217	84916
1453	6229
4508	4519
6209	6229
7428	26259
547	3798
4512	4541
90480	116541
6636	6637
7272	22974
6164	11224
6135	23049
86	8607
26168	88745
56658	84085
6141	6203
65264	115290
2131	2817
1605	55624
3881	112802
6203	6234
10618	23431
4724	91942
4708	29796
7003	25937
10342	81562
6128	6194
1902	50865
64682	80204
274	11252
4508	4541
8519	10581
3853	3860
6233	25873
705	55759
1956	3918
3832	29127
4171	5422
2956	23028
3191	9716
2359	11251
11014	23046
325	3015
9919	149111
3360	7253
6117	10635
6154	6229
1667	1668
3836	10971
9690	84231
8841	79685
3673	4233
6165	9349
6626	10523
5438	83443
553	64106
92104	150737
7919	10949
11274	23586
3832	146909
2071	10401
6202	6233
5985	63967
3106	6890
6233	54778
6235	27042
4957	55755
2243	3481
891	29127
196527	326624
8720	51360
6157	6175
6143	6161
6133	6158
6189	9349
11113	259266
2861	56923
3320	6461
6138	7311
3491	3913
5093	10236
51226	553115
6137	6210
332	2491
126638	353135
6144	6165
123016	129880
3973	104909134
27	4690
50848	57530
6203	23049
3119	3123
9350	148738
2079	6628
3118	3662
7453	8565
6157	6173
10426	55755
2207	5335
121504	440689
695	3635
908	9628
6170	6235
6429	10946
3185	23020
5788	7852
5660	6376
983	129401
51289	259293
9138	55970
6518	84329
6139	6165
5878	8411
3608	79792
6136	6157
54820	57787
10403	83540
11004	259266
4173	5426
174	51156
6204	6222
10298	375790
4221	11168
5928	192670
8600	50964
1830	3713
6157	7311
983	219771
3832	10121
6830	26043
1111	2177
988	9611
9341	115548
5688	5701
3192	27316
8349	8365
1340	1347
6143	6169
26589	219927
1639	10112
10153	55131
6635	23524
6173	11224
1854	7298
3309	51726
4670	51692
4666	6129
2359	6370
133	2790
23511	25929
3434	23586
8914	11169
2254	3845
4710	27089
7415	56729
158506	285231
5290	9208
1132	2916
6152	6167
6036	6037
51676	65264
8655	79023
983	4999
2810	3691
2788	2790
127247	148581
3921	4736
5048	79003
566	6037
4116	6632
6233	23291
1282	5033
6206	6207
695	3937
1601	6453
5695	51330
5868	23011
2204	23601
6124	6160
9371	55605
9790	27340
2491	22919
5528	9126
5715	7979
4008	9870
164	2799
51728	79622
2207	5338
6161	6224
2162	3688
6130	6147
1943	1949
3192	55749
1478	9879
1398	5747
6147	6155
1129	5179
4707	51079
1434	3838
51692	80335
6223	6235
8021	55746
3683	5788
1915	6130
1915	6175
23295	84231
6159	6175
2912	4889
6133	6160
6136	6181
4887	346562
5435	5451
8704	55624
153571	153572
684	4939
6132	6160
6155	6159
6227	25873
6218	55127
6209	10952
3895	5879
1288	340267
2243	2266
23560	54552
658	4093
9055	9493
2305	22974
3054	4899
51109	54884
8453	8945
6168	6205
4116	6218
6233	84749
6168	6193
945	3903
6203	6223
5880	94134
6169	6207
439	5694
3921	25873
3797	79659
3866	144501
1315	81930
2178	2189
6122	10399
5698	6890
3054	55683
9493	11014
1291	3685
344892	390326
1500	3801
1933	6189
6755	339403
53831	441864
6122	6185
6218	6232
6143	6206
3687	53831
391	394
6142	25873
10199	11102
5829	9844
6142	6161
988	6601
6167	6218
6122	6169
2195	7124
5707	64750
6165	6189
5693	10213
57413	58191
811	813
226	7167
9329	10621
990	5717
1994	10921
846	56923
6136	6188
6136	6155
23511	53981
8322	8976
5590	50848
2207	160364
26523	192669
6170	6222
8313	10297
1398	6714
5094	5725
6330	6340
7272	55635
6129	6175
3192	51729
1915	6124
6714	7402
6193	25873
6173	6234
399	7204
7158	7311
640	5079
5700	5705
3688	83660
2048	25791
6432	8683
891	5516
7311	9666
2268	5829
7054	57016
9833	10112
6144	6208
9820	115290
6385	7057
4695	51079
7311	23586
7175	23279
6159	6188
2641	10203
891	9493
302	5707
2980	2984
6165	6209
6135	6224
1314	26286
23223	64318
6950	10693
3178	3192
4734	7316
6147	6191
11091	54881
10489	84231
6235	7178
6144	6234
4173	81620
1783	11015
57187	65109
6135	6235
55832	57542
351	10970
11329	55233
4700	9551
830	9371
55125	79959
6160	6232
10022	51289
6175	6206
6176	6233
10155	10780
301	302
811	5589
163	8301
6147	6229
4709	9551
6135	6234
719	58191
6169	6230
10964	55601
2091	6217
6154	6232
9265	27128
6122	9349
6229	6232
3122	7535
9700	146909
2207	3689
1788	6045
796	797
6143	6155
7409	27071
9144	11322
6169	6170
6233	6868
6752	10563
51421	60485
4712	7381
28998	51264
23160	27043
6141	25873
2968	57804
7175	23511
10952	25873
3240	5004
6164	7458
5708	84962
9793	22974
983	84515
5469	10498
8661	728689
5688	25906
1364	100506658
10594	27316
5516	55055
2833	6346
2625	7031
1778	2491
108	797
3560	3718
1008	1016
27229	55755
1646	8644
3066	6045
4008	144699
7335	55905
867	8301
4736	6143
6122	6223
6141	6144
153	6343
1237	27199
4924	10618
4709	27089
1781	5516
988	23435
3646	8667
4736	6129
5903	79172
9793	121441
7874	56655
2935	6160
7311	158506
972	3111
8329	85236
1236	5443
637	3002
6144	23521
29074	64928
6171	6173
6167	9887
6167	10952
9341	23149
1233	2359
7415	10576
988	5430
3635	3667
945	2548
960	2635
23020	51729
7514	79172
7311	23607
7529	51552
6161	6228
3184	3185
378	9276
2621	10272
1136	1137
3796	5519
2801	10802
6556	100049587
6185	84061
6167	6223
1983	6176
4718	4728
3183	9416
6128	6202
7098	10695
6229	11103
6428	7919
174	3827
6138	6232
5708	64750
516	26521
4597	4598
6128	6152
29074	55168
6427	6434
2153	51156
6556	170482
64792	150737
51264	64928
10693	84617
6201	7311
55008	151636
6142	6165
3191	79869
10458	10552
6222	6232
26589	64963
57787	84902
8689	121391
3921	6160
3675	7057
6152	6209
1495	6714
7311	10818
6637	51503
50838	259292
2033	8243
1933	4736
2197	6165
1943	2046
6129	6202
3918	9459
5111	7298
659	23118
6156	6222
3856	144501
4508	4514
5747	7409
6209	7311
5903	23279
111	9283
2735	6608
1605	3913
6453	51429
10022	259293
3713	6699
5347	9738
9655	50813
7533	10971
10291	23658
2099	5241
88	4620
4717	84833
64926	153090
4599	10379
6836	22820
5336	118788
6234	9045
5424	5426
79172	151246
990	84515
8648	23097
567	3133
213	5340
187	11251
1495	8394
9024	51719
6206	6227
332	9700
8356	653604
6158	6223
9690	221687
4736	6175
8175	10181
6599	55193
7514	23039
5286	6233
6135	6144
11339	54069
51650	54998
4736	6222
6161	6235
5747	9844
2064	9475
383	10394
1969	5747
6138	6159
2002	112476
6160	6201
2935	6234
3191	10432
2801	10427
5094	10713
6159	6189
3017	8969
4353	5657
6878	8295
5005	7276
50628	129401
4735	121441
6176	6230
2683	5660
3185	3190
3619	29127
966	51014
11218	79084
378	11014
7204	8976
2071	6830
6737	79754
4700	4725
6130	25873
8337	126961
5869	57403
3849	140807
3055	5747
6206	6224
6175	6230
84549	84946
55901	170692
6207	6228
7311	143279
521	522
259287	339403
3157	4598
2358	57413
3308	10574
6154	6176
6688	7305
1937	6130
6227	140801
1908	6863
6152	6203
7038	7173
4695	4713
344892	390066
9462	64926
6122	6156
2197	6230
57154	151636
4686	50628
5685	10393
55175	56995
3836	22974
6155	6230
3827	5020
9690	89910
1340	27089
9156	51514
6426	9879
6432	6636
4599	10964
10075	80204
6189	6193
6152	9045
6154	6165
1386	6601
6175	6222
3710	5575
10403	55143
2691	5739
5720	5721
6130	6133
3685	4035
10514	10885
9320	51132
966	3683
3213	8338
399	57449
3169	55766
6170	6233
5707	10213
2491	57551
1477	24148
27340	55127
4736	6193
9875	22984
3998	22872
6156	6207
4208	4209
160364	338339
3980	6119
2968	9656
57122	79172
11338	23636
6170	6181
10657	11052
1994	10594
1280	84570
3074	5476
6229	140801
9738	10733
26091	151636
100	51816
6208	27340
3109	3113
5394	5822
3854	9119
6147	6222
4726	27089
4701	126328
6134	6154
10489	22888
5347	24137
3320	121441
6133	6230
6176	6204
3659	3660
51023	116541
4014	5317
6167	6224
29093	92259
6233	257397
87	5879
6122	6232
54069	55166
3725	84678
5985	10635
4173	23397
1453	6201
1088	338339
2197	4736
338	2266
10262	27238
6158	7311
3320	10598
6136	9349
1063	2305
973	974
3157	4047
8365	85236
4707	4717
26476	344892
3683	3903
5781	7525
187	5196
5720	7187
79019	85236
3091	5707
6872	81887
6141	6193
1387	8085
3921	6165
6128	6160
9631	23279
6155	6181
6801	7871
187	2359
9493	64837
3301	3304
905	6667
2810	4486
5507	6233
8976	10458
1536	2204
6160	6208
9282	9611
4539	4541
3831	24137
163	8976
6125	6164
50835	50838
4736	6232
6189	6229
5862	8548
2197	6233
332	9833
6169	6206
3635	5579
6175	6193
6168	6175
8829	10512
2537	9636
6208	6229
2189	80010
1906	1956
3832	9833
1327	29796
9371	10749
1314	22872
1329	27089
4067	6776
3183	10236
5970	57506
1859	5928
23511	348995
3619	10735
6599	57492
4050	7124
9793	84902
996	9491
1062	3619
6143	9045
1108	2033
2099	6198
6161	6233
1435	84141
3055	6503
1642	56852
967	25798
1062	5529
5433	8085
2064	5364
6233	27327
5903	22919
501	51166
3190	10523
55124	221400
6233	54363
963	10970
6173	6203
6139	9045
5869	23011
51465	51676
10524	10714
6132	6235
1669	8993
4173	9126
10920	26263
1660	6625
1500	7409
3853	3868
6224	25873
6222	23521
9276	10652
1478	9128
2957	6619
3482	5868
80321	91147
10427	10484
6224	6229
3339	3915
6129	6193
6207	7178
6156	6206
6711	11014
6136	6207
1329	10476
10022	50838
1956	3084
4736	23521
641	6118
3698	51156
1050	2322
6135	6155
6711	10466
6136	6173
727	846
6138	6201
57105	94233
3183	10657
2197	6152
6147	23521
1954	23295
9700	57082
857	64750
6133	6207
50838	259287
8337	8347
8615	9570
1387	5929
29984	55843
6124	6133
1522	79792
6241	10403
1132	4887
2963	11193
2023	5315
25885	55703
8334	8970
905	25896
699	1062
5985	6117
3308	10808
6159	9349
8881	26224
72	58498
6161	6167
5432	27125
55131	64794
5819	201633
25831	197131
6139	6210
6430	57794
388	64333
25836	29072
4171	4172
1981	6208
6210	6228
302	6281
1398	10152
2155	2159
6160	6223
1116	1669
4670	10949
87	7044
5879	6385
116	5746
6167	23049
890	26271
6133	23049
55850	113220
6136	6209
6141	6154
122876	594857
1994	10498
111	10268
55755	57787
2917	9934
2904	3845
7514	23244
6170	6207
5878	23011
930	29760
1290	1292
2197	6147
391	8503
22918	79895
5516	5519
27316	65109
7298	10403
6241	55143
9978	285231
23291	57154
2033	10847
26519	26521
8729	10945
6188	6229
5433	9879
10112	23095
6141	6147
2935	6176
6734	58477
1311	4146
6631	6632
54732	285643
2305	9133
6233	154214
9295	22794
26338	65055
1173	10552
199675	338339
6146	140801
3434	10561
9341	51542
2521	10921
8453	79699
114	259285
302	383
3691	3918
3304	10963
1639	22919
6189	6202
4172	55388
9978	81559
1302	169044
23327	115290
1634	4060
6144	6194
607	5929
55759	57696
4700	55967
8514	11314
4927	50628
5094	84991
8085	26523
22995	163786
566	4125
2811	2814
6194	6224
6141	6194
6130	6155
6128	6159
2798	4829
53616	163175
6168	6232
6138	6230
4588	26290
1994	7536
22948	84617
6147	6168
3881	54474
5429	56852
5880	171177
344892	390084
7032	7033
5519	6801
64682	90025
4726	29796
1439	6776
5928	10013
9918	54892
1080	2147
991	6232
55832	80204
6237	7525
22954	55236
50838	51289
695	3725
972	3127
1121	22930
2623	6886
8349	317772
5591	9025
29093	51264
6164	6209
2740	59350
3675	3693
2242	3561
7272	10733
10236	11193
1435	3490
6170	11224
6125	6233
472	84142
6142	6158
9533	64425
8881	63891
4736	6201
5710	51686
2064	6233
11100	11338
1816	4160
6164	23049
1537	54539
6231	25873
83540	220134
4735	7283
1329	29796
567	3837
6144	6175
991	64750
3855	3872
6144	6228
6159	6232
8301	10096
7536	10772
4670	6428
6877	51593
5880	91614
6227	7311
5294	55970
399	7409
5704	5714
6209	7178
351	63940
22974	83461
8925	197131
1665	23350
3203	3204
1778	54821
2801	6709
5929	284058
7343	9112
10096	10097
2792	594857
6125	6206
7469	9656
6201	6207
4137	9024
1861	27348
5347	54908
6222	7311
7178	25873
79473	344892
9716	10236
6160	6222
6146	6169
1387	27327
6204	6231
9318	54165
6122	6164
3915	59277
23562	53842
1933	6194
389	1894
6147	6157
521	55028
3113	3123
55720	84916
5928	7343
6233	55666
813	6790
1105	23168
6133	9045
6160	6218
6133	6206
6678	7057
10959	55605
6122	6206
932	2358
6164	6175
7311	23032
871	1290
4694	4701
1659	9343
7311	90293
7305	10870
831	5747
23601	160364
6227	114987
2186	8467
7272	10615
6146	6165
5879	9475
6169	6232
5796	6233
6169	6233
858	1956
9282	84498
9371	79989
1490	25937
4736	6227
5713	5715
6164	6194
6203	6230
187	1233
6173	6189
1431	4191
6152	6201
5335	8394
6631	51645
3111	3122
1439	5777
2735	5696
5869	10890
185	2642
6160	6209
3105	3107
2521	3181
915	7535
6175	7178
29127	54443
4540	4726
3066	9014
6613	10038
59350	94235
990	55388
3619	5528
9055	22974
5368	50865
5928	25942
8514	10970
5702	5708
6209	6231
6176	6727
51021	84545
813	10130
3017	8334
3055	9564
966	100049587
3491	3915
3046	3050
1956	10552
3579	55970
1937	6175
6159	10399
5082	10693
23218	196527
1830	6699
4724	4728
8886	79954
29074	51069
988	22803
1500	5880
915	3702
2058	2617
5093	6626
10112	83461
9306	9655
7124	7316
1499	7409
4626	8735
6122	6135
1595	6307
3903	57153
6124	6189
79600	80184
1981	6228
890	151648
3394	3430
6125	6202
701	4173
2197	55176
6204	6207
3055	9844
6189	9045
3184	9716
7249	57521
6188	6203
3222	3225
4297	23269
353139	353145
9349	9887
6142	6229
10285	10713
932	199675
5594	10971
672	84464
26235	158506
4952	9886
1303	10491
7316	9929
890	4288
6628	22827
1337	1350
6741	9533
4540	4701
57381	57514
9820	201456
55143	151648
3490	6696
5828	5830
84135	134430
6202	25873
6363	6752
161	5869
1233	11251
9341	10552
9601	10130
6147	10399
5693	5700
5519	51400
6129	6136
4736	6234
389	393
11065	83461
3355	5173
6130	6142
7314	26263
671	10394
2185	5599
6136	23049
7316	11001
8341	8970
567	3105
941	942
6161	140801
6125	6167
5048	5516
3667	5580
50835	51289
991	9055
84648	353137
3688	23209
4513	4538
6866	8997
1642	8607
3607	55252
6231	9887
174	3698
79583	79867
10312	90423
6173	6230
1435	6696
7472	7482
1933	7178
6427	79902
1994	51692
79228	84324
10952	11224
10153	51602
23304	56658
258	9210
6232	7178
7311	89910
4952	8976
6872	83860
4543	4852
727	10022
55872	64151
10250	10772
705	23560
374	2065
6138	6139
6218	140801
8568	22984
10952	140801
701	23397
185	2641
4695	27089
6635	9883
6138	6208
3692	10969
6233	158506
5599	9043
6727	7311
6232	7311
3309	9601
55720	79954
4670	10523
9040	10517
10112	10540
3133	3660
187	94235
330	637
2197	6133
6135	9349
2197	6176
10959	51014
9551	9556
2197	6181
6155	6234
1660	9128
2359	5473
23223	79039
148	2837
6168	6209
6209	9887
374	2153
6500	9604
377630	401447
3693	7525
4116	6168
4509	4538
6185	7184
1544	3620
351	29933
10575	10576
5983	8451
5707	126374
5529	81930
9655	57542
7283	22919
301	7852
1894	5347
1908	23620
23774	57459
3832	4288
6202	9732
3882	286887
8560	196527
55737	58533
1783	2801
6157	6223
64792	92104
6167	11224
6193	6194
11190	23332
9276	51014
3725	4088
1329	4701
7936	404672
2491	25909
7454	10458
6167	6176
1356	54757
6155	6235
2185	5829
5725	11338
4809	11325
6203	9349
6156	6171
3683	79895
996	51132
1277	1289
102	1495
1062	2491
3827	5005
1793	6714
4540	25915
6154	6201
2262	2719
64106	347148
566	4332
6167	6235
6138	6152
6128	6189
6218	11224
3797	10540
2071	9014
6158	6218
10885	22803
29984	257106
2185	3688
51373	64951
9276	11014
3301	3305
6130	6170
6176	6209
4999	23595
9904	23160
4709	55967
695	974
3134	6890
5861	10959
4738	9616
9183	79980
3725	9070
7316	10920
963	1536
6209	23049
9833	55165
26239	353132
11340	23016
1080	4036
183	846
783	27091
10189	220988
6210	27340
6181	7178
8886	23160
10618	79571
1824	1825
5869	8027
7039	10652
84231	140460
51650	64983
3912	5954
6231	9349
1398	5599
6129	6203
2071	6878
8365	126961
6188	6222
6156	6160
23142	23291
6144	6158
4738	54939
22995	27229
3119	3122
2847	10563
4171	81620
51434	143279
84366	360205
2107	6234
383	8993
567	3140
127247	131405
6125	6175
8886	84916
3895	84141
1445	2213
1063	9833
2792	10563
6201	23049
5777	7852
6147	6160
3190	10432
6133	6235
1062	23279
7057	83706
10802	51128
6132	6147
2597	5230
6208	25873
6154	6170
29894	51593
3106	3107
6141	6168
2537	3433
6143	6175
332	29127
7184	10130
1524	729230
6729	23471
55839	79023
2197	6137
6132	6156
10594	220988
996	65264
3797	92104
1387	9967
6206	23521
5365	8482
4512	4538
1870	4208
909	915
3655	3909
26224	55208
3688	4233
3434	55601
6829	54623
2207	23533
6129	6233
23582	25949
6160	6189
25798	326624
4008	55884
6223	9349
5116	55125
3837	7514
6667	27327
4867	121441
5829	6385
1793	10458
3886	8689
6790	55165
6218	6223
6209	6224
1639	10540
3066	23028
6223	140801
6613	79902
6229	7311
1555	1559
1557	1576
8085	23067
7516	348654
3071	6461
7415	83932
7272	9833
6154	6208
338	3698
2186	196528
3355	4889
4141	8565
6143	6232
399	23526
6204	6232
6137	9887
4436	5591
4854	5087
5861	11015
5879	10788
7316	150726
51692	51729
6193	6218
945	5023
5777	6850
6128	6231
1794	5777
1386	6602
9793	10274
5335	10920
8683	84324
6631	6636
6188	6227
1161	51426
4867	91147
6518	10970
158506	246184
5711	8697
1058	8655
4173	55388
1129	5733
1062	9276
871	10491
22984	26155
9879	23517
6218	6234
5747	11099
148	2922
55970	126006
5870	10890
9793	113130
1938	1975
1144	1146
3356	5731
1129	4543
1994	220988
6155	6207
5977	8289
7057	79875
1551	1576
701	57082
3915	10970
5440	10302
6175	6205
11118	11119
1536	84329
197	2266
6138	25873
9887	23381
988	5985
6157	9349
23244	57082
5868	8301
2962	54845
8729	9371
9727	23265
1871	192669
522	84833
6133	6144
51289	339403
2079	6432
4537	4538
5928	51317
6139	6202
332	23332
1113	6855
9892	10109
6657	57167
3690	3791
6169	6175
1857	5699
6139	6189
3838	6790
2792	3763
6158	6205
5516	5520
5869	8411
3640	53831
6160	9349
6124	51187
10426	55835
338	2153
8074	29106
673	57498
6164	9045
3688	7057
6430	6432
55832	115290
3213	3215
5347	11004
3433	4938
51575	79954
1290	4060
51118	80135
1435	1462
6222	140801
3619	9700
6137	6201
778	27091
930	973
350	5267
9341	22905
6635	6636
9927	10059
5697	6750
3190	10594
2151	6915
6137	7311
6418	7514
8675	8775
489	4853
2060	50618
701	56992
945	222487
4008	57542
6428	6432
9700	51434
5880	26084
22995	146057
64318	79954
1950	2277
400	57511
2033	5469
5879	9046
6173	6191
81285	285093
1994	10492
9439	9967
5438	51755
3350	4988
3675	3688
3685	6518
6155	11224
29945	90025
6134	6202
1839	5782
1981	6168
10412	23517
10952	28972
3690	5908
6156	6229
197	2153
6137	6229
54996	64757
1329	4713
79659	92104
891	54908
6754	50837
3351	4887
7311	23521
6158	6168
1398	3685
55831	56851
10155	25888
1781	51014
3921	6128
23291	23327
846	259295
1994	5725
274	1956
6168	25873
6129	6208
3185	51692
6167	6168
6155	6203
6772	9021
51692	55746
2918	4985
6188	6235
57082	151648
5707	5717
2788	27334
5604	8826
9493	24137
991	5347
891	7531
50840	259295
54998	64979
6138	11224
10484	79090
338	4547
552	2847
6208	6228
6136	53918
2197	6208
3191	10523
1639	29127
1453	126003
8886	9221
5528	57405
966	2207
1062	9793
80184	91147
53339	197131
1660	9716
3921	6228
10274	10403
857	858
1781	6249
5331	27334
5692	5710
8924	10489
1208	5406
6164	6228
3683	8514
6206	25873
351	54972
140807	319101
6124	6128
55863	91942
7311	10111
11250	83551
7421	11198
6130	6175
6130	6135
6138	6227
983	9833
51071	126133
5427	9768
4670	6421
22826	85313
4710	4725
56919	57647
5286	6272
8886	55127
10071	50614
6230	9349
632	3381
6228	7178
2048	8976
394	7204
9092	27339
7311	8976
55829	58515
8192	9361
2058	4141
3187	10181
6135	6227
10413	25937
84643	93661
1347	27089
6234	7311
6868	7311
1292	10491
6159	51187
3178	3184
50813	57542
5433	129685
1292	1303
6170	10952
160	1213
2648	5469
1601	8322
4540	4713
4708	51650
1477	6431
3695	8516
3837	9631
131873	256076
3127	7535
6230	23049
4357	54205
9354	83737
10332	30835
4116	6637
3619	8243
3301	3303
5194	7311
6160	25873
3437	91543
1915	6147
988	53981
10574	10963
6160	6175
6229	6230
1315	23303
1783	22930
890	84515
23291	26091
6234	23521
6128	9349
919	3122
377	5861
1497	23729
983	9126
4736	6135
8349	8969
6633	11325
6155	6160
2524	10331
5347	81930
6202	6205
5433	6428
6147	6224
6138	6167
4940	10612
6168	23049
6139	6218
6130	9349
7321	79176
7153	7175
6194	51187
54625	83666
2801	5861
22981	27077
1749	1750
6165	6167
1793	6461
5725	8672
6122	6157
6160	6168
6175	9349
2305	10112
3122	55824
8607	11091
1488	6934
9126	79172
699	988
1670	1671
1439	5568
3685	7525
4691	10528
5469	6667
6144	11224
6136	6159
3340	6385
10427	11196
6194	25873
3832	9700
3797	57539
10193	26046
6135	51187
945	6556
6157	6189
3283	6718
3017	85236
10921	51692
3675	3909
6418	10592
6209	6230
57405	113130
8085	8945
4736	6206
4736	6205
996	4734
6727	140801
9371	64837
6139	6167
988	5725
885	3061
6202	6204
65993	124995
988	203068
701	79172
7871	8428
990	64151
5861	57403
1315	84516
11169	84296
29763	54874
8945	285231
1781	11015
4343	7311
6135	6168
4736	6130
375	1314
6133	6223
1660	3192
6160	23049
9730	64682
728	50835
988	24137
3688	9564
26190	54778
2197	6202
1062	29127
3553	11213
3921	6144
8349	121504
108	6750
3764	10060
4175	81620
3183	27316
22974	64151
84418	100049587
10959	22818
990	3832
3091	5708
1969	2048
5528	113130
6205	9045
3301	3320
26046	140461
3918	5829
2675	220164
3111	3113
399	26084
301	27334
2519	51816
344892	390059
5747	7456
1956	3688
53637	63940
6156	6203
11127	64837
163	25977
8337	8349
11222	57129
6136	6160
1915	1933
6637	83443
6147	6231
10403	51203
6176	6227
6625	11338
55755	347240
187	6370
2242	3320
4586	26290
10102	64928
688	5468
1269	53829
64951	64979
639	3662
6729	6745
3619	79172
3312	29763
10735	23279
6232	10952
4171	6749
6128	6139
6428	6434
1793	100423062
983	7321
2535	7525
3799	10540
996	23327
10112	64837
6154	6194
64951	64976
3725	4208
9533	112495
6223	6234
5048	151246
7919	65109
1595	4047
6628	85313
11022	143689
1778	121441
1810	26009
6827	25920
945	3689
3214	3223
4694	4724
6159	6160
6125	6168
8027	8301
22905	115548
55166	57405
1175	5878
10274	81930
4064	9450
6426	23517
6850	23533
3882	8687
64410	79791
6169	6208
6426	10949
521	4694
5422	10714
4700	4707
6164	6218
6207	11224
988	1660
6223	6227
6152	6171
4543	5173
2623	3674
6130	6164
4670	11338
3937	7454
163	26130
3683	64386
6152	6168
2064	85440
2305	4288
55142	440145
9787	9833
3993	84612
10749	24137
6146	6222
6205	6233
1933	6201
6181	6204
988	26019
1601	9341
8317	63967
3178	6428
10890	51715
6207	9045
727	56923
6164	6235
1783	6711
7043	7114
6138	6168
56949	57794
3221	3222
4543	5179
1191	2162
108	50837
6135	6138
1659	51503
5330	9002
2159	2243
3181	51692
960	7291
3190	10657
6152	6224
2197	6201
9343	51729
54881	65083
6863	23620
6133	6194
6125	6201
3921	6152
23160	55127
1894	29127
23020	51692
2932	5529
3191	10657
8243	23244
23122	23279
4069	6036
23322	57545
9183	22919
6326	6328
9793	25909
6657	63978
6207	23049
3609	10236
2521	3185
1282	10536
344892	387748
2197	140801
6146	6161
23309	79595
1981	6234
9790	54881
6234	23049
6204	23049
6142	6173
6122	6193
6209	8562
1287	3673
1717	6307
3685	6385
6432	6632
9491	200734
1499	5707
6152	140801
6161	6168
10975	126328
5286	55361
29093	118487
25957	51747
6772	23586
26146	28981
891	1058
5067	137797
4724	7381
3312	8871
1062	22974
5878	54885
391	9743
2197	6175
6173	6175
1981	6218
10489	197131
3797	29127
6143	6181
10155	25799
6152	6188
595	5708
26290	56667
1783	5516
5708	5970
1981	6222
4173	84296
3688	91522
10920	55884
54657	54658
3689	7409
846	5737
2491	3619
6142	6147
6605	57492
6208	9045
6117	7156
1017	84515
5335	6850
4040	8322
3181	220988
996	51088
84163	389524
1994	51729
3713	23581
6207	6208
11198	55677
3190	5094
29127	55165
6036	8635
2958	79035
8322	22905
27125	55840
4686	9128
1956	2059
4514	4538
6168	6204
2197	10952
3689	8514
5023	5795
23332	57787
302	5834
885	2922
6202	6224
671	56729
3115	10346
9349	11224
4939	10379
1778	57545
27229	54801
837	79792
23291	56929
9341	10254
26589	55168
1314	10945
10575	84617
3914	4233
377	830
6233	25831
5829	10458
6426	220988
6202	9045
5591	9656
1906	2863
64682	84085
27238	85313
6124	6206
60485	84962
1956	5579
1981	6202
301	9002
6130	6136
9969	23389
3797	79989
1063	24137
9382	9827
6233	6234
367	8349
28998	64960
6224	6228
7272	24137
6147	6164
51289	259287
6138	6173
2207	8514
963	5023
10053	152503
5438	84844
5868	5869
2151	3356
2784	594857
9416	51729
9824	10112
6210	140801
6160	6181
23608	140462
3689	5023
5880	9844
112	57413
1062	23332
3184	3192
2648	25885
338	2243
5829	23209
8688	121391
5286	9685
10618	22848
9724	27042
4853	6233
7283	27175
375	10959
2079	6636
1937	6228
3350	84539
23028	23186
3339	3912
23376	84085
1605	3915
1495	7082
27161	192669
3074	23197
226	2539
988	9533
4436	7520
5905	23225
6175	25873
81	5829
8689	286887
6181	6224
2107	5515
6222	6227
6130	6169
4514	4535
389	7204
5170	7249
4298	23168
8687	286887
8329	440689
6626	10594
23404	81887
10376	84617
6206	6230
6136	6167
6181	6201
1911	6045
10914	53981
7272	259266
5067	23627
6233	8445
5516	51400
64708	80204
3113	7535
1981	6135
6208	7311
51690	54464
334	3915
2935	6235
26525	84639
6157	6228
9820	23304
3119	4261
2243	3026
6173	25873
3066	10919
8317	84515
892	9477
54732	55738
6708	6710
824	3688
6709	6711
120796	344892
51308	441670
6122	6222
932	51382
6138	9045
988	29127
4538	4540
6160	6230
6161	23521
1910	3827
23404	54881
5861	10890
8976	29763
57647	84128
6129	6230
1605	5879
6601	7421
7846	10540
2683	84061
10236	11338
185	4988
4926	5116
6210	6218
3855	3866
1195	57396
6135	6201
8514	22918
554	10203
1778	10112
3884	100653049
933	973
974	5336
2237	23649
57405	151648
1604	54732
3184	51692
988	50628
6152	6176
6885	23118
3181	10594
27237	29984
23332	91147
6207	6227
11017	11051
10133	81631
6202	6209
8570	11052
2799	5707
5368	64805
6709	8729
5430	65109
9493	55165
3718	7297
2243	5345
9787	10112
378	830
51602	84365
7919	10236
6203	11103
23122	23244
1991	6709
4512	4537
2185	375790
393	11015
377	1783
661	6619
3937	7462
3916	5878
57670	283455
1536	3685
2222	4047
6232	7514
47	2799
8329	121504
4712	55967
6136	6142
6045	23028
3921	6133
890	51203
8886	51388
5023	326624
521	1329
1595	4597
23291	54165
6636	10189
3178	5725
1933	6144
26046	84085
6453	7311
6228	9887
344	26020
6130	6181
57545	79867
10236	51692
6142	6218
9320	26190
11145	122618
1601	8976
8329	653604
1933	6227
9883	11218
8337	317772
10970	196527
152	5580
1315	9570
4734	9320
23301	30846
6167	6227
6222	6233
1435	8542
4582	10164
1453	57787
8698	63940
9928	259266
2206	3702
2358	6556
521	4726
7155	8289
8065	9354
4853	6868
6143	6173
6700	353132
7184	9601
51602	84946
3185	5725
6207	51202
6142	6234
6173	6233
4313	4325
5430	6601
6159	6206
1445	5829
6233	285231
988	6602
3191	55749
6138	6165
3170	3651
6936	51645
4116	140801
5335	6776
6224	9887
5519	9183
6632	10465
6218	6727
710	7114
6156	25873
891	995
5861	81562
6124	6159
6155	6201
6154	6230
3312	9128
26524	126374
3190	7919
6159	6168
9675	57521
6193	6230
1717	50814
23601	57153
6799	6817
6128	6235
6164	6206
1306	50509
2099	8202
830	10652
2790	5294
11190	54820
972	3123
3007	3024
988	4841
6233	8334
2597	7167
7175	51692
6175	6224
1063	9793
6133	6205
2203	5213
23122	23332
6159	6209
10285	23350
2965	8731
10102	28998
776	786
29093	219927
5741	7434
857	4088
8514	326624
6157	6161
186	84539
2268	7525
9126	23244
6154	6228
1000	7184
6142	6164
3190	10492
4313	4323
6181	7311
3115	7535
3897	57698
6137	6154
6135	6146
932	338339
3913	9459
1105	4343
699	24137
10607	92856
746	1603
11004	113130
3190	9128
6176	6181
5094	27316
4060	11081
1230	29899
4926	9793
5339	6164
3017	126961
2131	2132
1017	5707
4535	4540
54069	79682
7110	79571
5714	6790
5880	7409
161	5286
4713	4715
5217	55740
6194	6206
6125	6146
27077	57545
9611	23118
54069	64946
6181	6228
6206	7311
5610	23586
23283	55749
6201	6231
2358	3579
1933	6193
2197	27340
6491	284403
2033	9739
57153	160364
65003	219927
6122	6138
813	5954
6125	6159
3859	125115
5501	23332
6159	6224
1524	126006
7532	80097
521	7381
701	3619
10540	22930
3579	729230
5880	64333
56667	140453
1660	5094
351	2767
2982	2983
695	5336
5155	7057
6168	6176
6428	10236
1994	55339
3433	3437
6189	6227
3689	3903
23122	25936
6143	6231
6137	6155
3190	5093
6139	6173
6154	25873
6164	6170
23326	79595
6772	83666
389	399
10528	55226
5684	5706
8976	23149
4736	6125
680	3358
26091	84231
5720	8313
10109	54874
2967	9014
4509	4539
6772	6774
5822	10885
29984	54509
23160	79954
5870	81876
248	152330
5705	5718
3685	5747
1292	1295
5870	57403
5822	22984
57405	79172
6430	8175
11004	24137
79003	81565
9295	10250
23275	23509
399	84144
6631	6637
5330	29933
4172	6118
2358	2767
7337	11275
3357	56923
2197	6157
2197	6144
6130	6218
8976	25977
4709	91942
4689	5880
9690	57630
6605	55193
22974	81610
5048	23322
4862	79365
9045	25873
4999	5000
5529	54821
11193	22826
3797	24137
988	3837
2353	2354
6132	6176
6189	6203
351	1234
6167	6169
6209	6227
7454	8976
56923	259292
5731	94235
5868	9341
11176	51742
7343	9013
6155	6227
6136	6194
5433	55197
2197	6209
675	27030
6202	11103
6170	6234
6232	23521
9867	53339
6147	6154
6203	6224
10857	84329
6137	6170
2792	6752
10869	63891
813	3371
7153	9688
1933	6176
6206	6223
22948	84790
8131	64121
1453	6205
60488	64963
3214	3215
3122	3123
983	11130
6133	6208
988	7112
1455	2810
1062	57551
51429	54874
9039	10293
5698	8313
5711	8453
3659	6041
11255	63940
6168	6202
6169	6231
10540	23332
9700	10051
51234	55831
9585	10112
6204	140801
6625	51593
2207	11314
10193	197131
3912	6714
51289	56923
6518	196527
6141	6158
6189	8562
4809	84844
10466	57511
3675	4233
54820	55143
891	55165
1933	6152
1350	29796
9363	9367
6747	60559
6161	6230
6165	6233
7311	11224
9277	80135
5529	5718
6143	9349
9533	84172
1778	1783
6129	6206
5878	51715
1121	81846
6164	6167
6370	165140
6164	6222
5422	9126
3215	3223
6168	6223
238	943
274	51429
1991	6037
6171	6227
9798	27183
3659	79097
6233	56254
1781	84962
122042	285601
6500	8697
3437	55601
29126	80380
5610	6774
5584	56288
6707	126638
1234	4544
3071	8976
6130	6144
142	5981
6233	8945
3240	4069
6224	140801
9416	85313
1107	23186
6168	6207
5451	55718
6233	8322
1173	8301
109	53829
6635	11157
5929	8085
8453	65264
6157	6235
1783	9371
6169	25873
4088	5784
3688	3912
623	5737
6164	6208
6173	6218
6232	25873
4829	10886
5331	222545
23404	84128
6428	10949
6159	9045
6624	51411
3912	3918
5430	7072
8655	23218
1902	2767
6159	7311
9002	55970
10574	10693
6139	6159
5438	6635
5861	10749
28981	150737
79172	348995
8615	10802
983	3832
1116	5005
6167	6201
6249	10540
595	896
79682	147841
6634	22827
6156	6227
6146	6235
1933	6155
1942	2268
3833	24137
1307	8985
5711	7321
6128	6136
6146	6204
10321	57554
6138	6229
991	10112
7456	10458
9700	54821
5430	9611
778	10369
9742	26146
10890	11021
10615	56992
8740	10673
10269	23463
51592	64682
7311	10252
10885	84172
6227	11224
7840	347240
60	10093
4853	10046
2521	10236
1991	4353
332	24137
84870	343637
344892	390067
26224	283807
932	10970
1660	27316
6165	6227
6169	6176
6714	8976
5697	6376
208	57148
3491	3685
2790	27334
56165	91646
3074	5707
3643	9021
5725	10236
2770	26086
6891	6892
6049	26224
1285	1286
51343	142689
6128	6222
6426	9782
3912	3915
5700	7415
5797	25945
4952	5286
6176	140801
6147	6193
8581	27076
622	56898
163	24137
6157	6159
8453	54165
3486	84141
22919	54821
4646	23607
6240	10051
3609	5725
54742	80328
896	6776
580	80010
133	55970
1460	23397
1398	7525
3437	10379
4700	4726
3688	3913
1292	55214
4714	54539
10613	11160
8514	79895
1237	5173
3190	27238
9636	10561
90025	91694
10000	55970
6141	6232
6139	9349
6139	6235
2792	388531
3190	220988
3687	8514
3579	8766
6142	6167
6194	6232
6133	6169
3437	4938
5435	5439
6170	6188
10577	56729
10403	57405
91147	121441
4240	51280
521	29796
8976	55243
391	171177
6161	6165
8365	8969
9847	23265
7317	22888
999	3728
6139	6157
22954	65264
3188	23658
1364	24146
6223	8562
2123	2124
22954	57542
6427	10189
959	10673
6164	6232
6173	6201
50838	259293
695	7409
6181	6233
4172	4173
705	56919
10714	23649
6159	6234
9978	158506
174	2266
6993	10755
3909	5829
6142	6207
9126	23122
54998	219927
11325	83443
6135	6232
5411	51747
988	58517
6168	6201
5869	11021
3113	4261
4726	7388
6288	6863
514	4695
53829	57413
4689	7409
1605	5747
6125	6222
1453	6204
685	2069
930	974
1471	5034
1946	2268
25879	84294
23291	197131
351	8698
1665	3190
2997	6233
9020	51330
1062	9787
3071	5747
6556	196527
9700	57122
1824	5493
915	3559
3717	4352
6161	9045
831	5829
6135	6167
2033	10498
1048	8434
10663	259293
1933	6157
4539	4712
10403	51143
988	55631
6154	11224
945	10857
9716	10921
79600	79867
6850	9564
4537	4539
4952	22905
6202	7311
26190	55832
6434	57794
6790	9493
3156	6307
345	4036
8349	333932
80321	121441
1774	5199
5036	10576
3912	7184
566	6036
1956	55914
3376	51520
6164	6227
27316	84991
10523	11338
3811	3821
2551	4899
5689	5700
399	4983
1981	5976
5903	57551
1933	6203
4700	51079
5552	83706
6173	140801
1017	63967
2932	6790
9320	22954
7325	7704
302	56729
6129	6228
991	5905
2912	5173
51088	51122
7153	55746
6170	6223
3240	5005
6176	23049
5547	10970
857	1956
3107	6672
6234	9349
1121	26130
1894	6790
6132	6167
623	56923
6128	6144
2044	2045
4736	6209
6165	6188
5878	10254
84861	143279
2358	160364
5880	9743
10403	10592
701	10733
89910	154881
6155	6170
4736	51187
83551	134860
5887	7415
567	3659
5981	23244
6147	6167
6193	6205
6208	6209
9416	27316
6135	6136
6461	9844
6124	6135
6201	6218
4707	29796
6136	6139
7525	11099
5443	53831
23160	27042
5707	23526
2048	5998
6122	6124
5584	117583
988	85313
7311	8453
336	2153
1991	4069
3698	3827
23160	55720
3062	64106
4591	55658
9886	84144
5684	5685
4710	4717
2209	3055
6232	6235
1915	1937
3895	3915
389	23526
1387	9757
3673	3918
146	2922
3267	22848
1233	56670
9320	54778
5528	348995
6168	23521
6129	6209
624	6755
891	6249
9790	55127
2072	7158
799	1812
4988	84539
6601	11198
23223	65083
1994	23435
10970	326624
6201	6227
6133	6181
22974	121441
23304	57531
1453	6202
5347	10112
1337	1347
8853	11015
6234	7178
1783	25909
1783	10112
553	6869
5829	6461
6595	6604
1933	6207
54716	153201
1366	4072
6193	7311
5822	8568
2904	116443
2916	346562
1969	2268
5879	9181
6132	6218
6138	7178
3675	7045
5868	51552
6135	6203
3437	4939
5529	22919
5737	56923
117	2784
6632	6636
4696	4718
9276	11070
11103	56902
5929	6872
5604	23164
3305	3320
7328	57154
259	2244
1655	25804
9372	25930
2919	2920
6455	8871
25	5893
10250	10285
123904	146183
2803	90196
23586	55601
8945	115290
5339	6133
1387	10499
5699	23198
2185	5747
1983	6175
8775	10618
3008	3024
9282	9968
351	1241
3833	146909
11275	283807
521	4724
23327	51088
9282	9967
7316	54677
3836	7534
641	5426
6157	23049
344	9672
6147	6218
3434	5610
2803	5870
6137	9349
23	1660
1962	6233
6130	6137
5528	11004
6137	6173
6169	6201
4353	56729
26190	197131
2848	122042
2197	6129
7337	197131
6147	6205
966	64386
55832	80067
2767	29933
6233	6235
351	7466
6161	10399
7525	9564
444	3091
2792	343172
6181	6207
472	5884
9212	57405
55703	55720
1956	2274
336	2243
9655	84085
3852	196374
4889	6751
6133	6233
2914	4988
1395	2848
4736	6210
4952	286451
10376	150465
3799	81930
3361	9290
1387	25942
6137	22916
4736	6141
6227	55127
6130	6228
9436	259197
2935	6203
1453	6231
332	79172
6165	9887
6142	9045
1291	1292
3837	55706
80328	116372
8698	55970
1310	169044
23197	56729
6181	23049
8351	121504
988	10592
701	113130
51593	64859
79501	285093
1856	5528
388	9938
7320	9604
2767	7204
963	84329
10153	84128
1605	375790
3190	55749
10850	346562
8976	51429
2036	116986
3659	10475
6699	6707
6138	6218
4694	4726
9685	10618
2147	5020
6204	6234
4686	8021
4736	6169
174	6694
4116	6169
1108	3094
1956	4837
6157	6224
846	50835
4298	9646
6432	6628
1291	10491
2033	23112
51650	64976
6208	6235
4736	6208
1495	1499
6169	6194
6146	51187
351	1524
6605	7421
2185	5579
6134	6228
332	5501
966	5023
23011	51762
7316	55669
5928	8085
3718	6776
6146	6189
5179	6751
1650	7841
9700	9793
7004	10413
1933	6188
8976	55971
3978	5424
4738	5688
22974	23397
3903	10970
23332	79172
55008	57154
10283	23398
9133	55355
54751	83706
6363	10563
1950	6678
9879	55660
521	7388
7311	126433
3190	6434
689	6160
2848	3274
699	83540
25909	57122
1933	6233
462	51156
2197	6167
8453	9870
5528	23332
2222	3157
4519	4538
6206	6218
1915	6139
6138	6203
6156	6218
6136	6152
6136	25873
6222	6228
4736	6204
1956	8976
9320	154881
134860	319100
7184	7466
6165	6203
6147	6210
6136	6169
4161	7432
287	10121
3013	8334
6159	6218
514	4726
5579	55970
1063	10615
8805	27044
10714	80010
10921	27316
3015	5436
2519	11098
399	10144
10376	10693
6122	6233
984	23332
26146	79659
1788	57332
2811	2815
6209	140801
5519	79172
10161	257313
55127	84172
6133	11224
5335	8698
999	1001
1132	53637
56902	84916
10574	10576
3192	5094
996	5708
2147	3827
1942	1945
1894	5879
3660	3662
6170	6201
4734	64750
8351	8365
9181	171177
5685	5688
6602	9031
5795	326624
10236	11100
6453	22905
185	4922
5660	63940
6189	6223
26524	84962
726	831
9742	55112
6130	6191
6631	27258
1445	7525
7082	100506658
25978	51652
1958	4665
10733	79959
23322	79867
344892	390083
5717	6790
1994	10236
8542	84141
57479	58506
9493	51014
9320	25831
6155	6167
7336	7341
6136	7311
121504	126961
90480	116540
26284	64965
9212	83903
4088	23327
3222	3223
10733	84131
2847	6752
7311	9349
5707	10493
3882	3886
9493	11015
10427	55291
9790	9904
6453	9341
117	7434
8915	29775
3920	6836
5696	8313
6625	23524
391	80728
9126	23279
226	5768
8341	8969
6154	6222
462	2155
3123	55824
5739	94235
2197	6222
6165	9045
57531	80204
6146	6727
2863	7204
26268	80204
50831	51289
6135	6223
9320	51088
7311	54874
6152	6155
26470	253982
26146	79989
55629	65110
7135	7431
10920	10980
6129	6164
51280	54972
4867	57545
1314	9527
22984	84172
56929	79176
4736	10399
6144	6170
5518	6228
156	5578
3178	220988
11167	84141
1121	326624
4986	338442
6142	6170
8688	286887
6207	6209
24137	29127
6209	6235
5707	6790
6317	6318
6122	9045
6206	140801
7704	142689
963	8514
3187	55696
7164	152503
5529	5903
9793	57551
6138	6233
3191	23435
6144	6222
6147	6227
6168	6194
7536	9716
10945	10959
6176	11224
6147	6232
6203	9045
23014	143279
641	2177
10153	55759
1406	4901
6429	10236
1655	23658
1639	2697
6135	6169
4738	7979
6168	6173
3796	5515
7478	7479
6133	6201
1741	22941
4905	9527
6147	6233
6633	84844
3178	7536
4670	51729
3854	8689
11130	79172
6672	7175
988	4173
27334	55970
4172	4176
5431	5433
5426	5427
55720	83743
1287	80781
56995	84085
1856	2535
4736	6194
3921	6139
3915	5621
6133	6154
5879	7454
988	27316
2635	5371
23014	115290
2801	81562
10484	51014
60	10095
6160	6167
22919	22974
51264	219927
9349	25873
3655	3918
4069	6037
87	1499
6205	6224
4599	4939
7058	9507
2197	6727
23279	23332
26589	29093
1876	10445
57542	65264
9378	54413
896	3717
4519	4540
9793	57122
6168	7311
6147	6189
9510	11096
2147	2153
6152	6202
8301	9322
29127	55872
514	4713
6142	6189
8907	23396
6156	6176
5433	10914
2197	6210
1665	1994
8290	121504
521	10975
23160	27340
1088	138050
4508	4512
966	79895
10540	121441
58505	200185
23014	79791
6206	6233
6160	6169
51725	142685
1969	3055
4793	5714
6139	6169
1933	6224
6224	9045
6154	6159
10493	23526
65264	89910
974	1445
6223	51187
1457	1857
26232	93611
5605	84292
4691	9136
1084	338339
719	8514
567	6890
1350	10632
5432	6205
5861	55605
7314	10920
1793	8976
1933	6181
5451	25896
1490	7004
8065	84259
28973	51069
3111	3123
53354	60490
121504	333932
4543	6751
6137	6204
79954	84916
9730	54926
4715	4718
6157	6209
8334	8347
3887	3892
6147	9045
3683	3688
6950	10376
3859	162605
6136	6229
2099	7031
6157	6164
3857	3868
6430	22938
100	4907
5717	9020
6124	23521
9611	23097
156	1902
6133	6202
9700	10615
1277	4060
1268	50865
6637	55505
6137	6169
6137	6168
6631	51639
1816	104909134
6206	7178
1347	84833
341276	344892
8243	9700
2692	5745
1133	9002
6194	6218
2537	3434
9055	51203
125988	440574
1062	1894
6147	6228
2962	80004
514	93974
2788	5331
5688	7979
5558	8317
7520	79840
29927	100526842
156	8477
6136	6222
336	4547
7321	84962
5699	51684
2804	9276
6461	10458
1933	6169
3619	3832
9585	81930
6164	6188
23560	84172
7175	57187
3062	6869
972	3115
7398	10714
55759	84128
389	10398
9015	57504
23244	57551
8329	8349
580	10714
1665	84172
1269	8698
5347	11190
5438	6637
9793	10403
1511	1991
5516	5523
3115	3119
6165	25873
9775	27316
5869	10552
89910	115290
1938	23521
5516	5598
2244	2266
1994	11338
2740	94235
4033	5660
3659	5696
661	10623
6173	9349
6159	6229
4701	374291
140458	285231
26263	92912
79865	340205
778	779
4986	50834
2197	9790
6138	6202
6170	6218
2207	100049587
1453	6189
3837	3839
8491	10746
2153	2243
146	2846
6124	6194
4700	27089
6122	6203
996	6233
3362	5443
6168	9887
8687	54474
1659	9716
6233	26190
8945	23304
2833	83756
9700	25909
7454	10552
6171	6235
23265	50807
5157	7991
861	6595
6124	6193
58508	84661
10949	220988
3619	5501
1994	3184
9790	22803
388	23526
988	996
6203	6204
54874	115548
3619	23511
6139	6209
4736	11224
7082	55243
24137	259266
221	5329
6230	6234
4736	9045
7311	55669
6227	6229
9833	22974
64979	219927
7316	64326
10236	10492
5339	6157
2683	54918
905	27125
1915	7178
9744	51454
2962	56949
1495	128239
6155	140801
3320	10383
6228	9045
22905	51429
8349	79101
9114	127124
5700	5706
6146	6201
488	489
9343	23020
8365	440689
3305	9530
6143	6223
11236	79139
51388	57647
3192	84991
6135	6209
440	2617
6233	151636
9221	25885
22845	57171
2521	6434
6635	6637
8655	60673
3833	9700
1129	6572
6124	6202
6208	6222
4539	4540
6146	6208
160	26130
23020	55339
54998	64976
83597	135946
7277	347733
996	8453
28981	79989
5903	23511
6194	23521
2197	6173
1937	6142
991	22974
5829	375790
5708	6790
720	721
5023	10857
2923	6185
7200	84634
2491	81930
10992	79869
6160	6205
6599	6602
6207	27340
6235	7311
824	5829
9700	348995
10902	54617
6176	6205
23398	23517
84962	126374
6152	6229
54908	151246
6500	7314
2065	3691
6160	6229
6128	6129
9183	113130
1398	1794
6154	6203
9833	29127
6129	6156
6205	6232
2209	2268
10489	51343
1499	23291
6637	11157
6776	26228
6159	6167
2975	9329
6137	6234
9320	89910
2491	54821
5872	8766
1022	91603
2817	4035
6168	6189
10849	25885
8881	29945
6135	6205
60	2597
6164	6234
6141	6175
7337	9730
1133	7200
1981	6233
3054	25942
3135	3663
22803	55127
5436	6631
1660	3184
55252	55777
821	10525
3191	10949
88	4626
116	5739
377	9493
6223	9045
6204	25873
6169	6227
472	64421
55168	219927
399	57522
3827	4295
1058	10726
1894	9493
1536	338339
977	3655
163	5869
3683	3695
4540	4724
1832	2125
1173	5868
4508	4537
1915	6142
2197	6189
25909	57551
6428	6430
570	6233
9128	9879
57082	113130
6745	6747
10693	55970
6233	10111
6135	6159
2813	55350
5371	6672
1783	29127
8351	8363
567	6672
3091	5594
7337	84085
3488	54757
3183	10949
3433	4599
10949	23020
1933	6133
6233	10818
521	4700
3853	196374
9133	11065
150468	259266
6161	6229
6147	6156
5829	55742
6128	6203
990	10592
10660	390598
10236	55339
10533	26091
10466	11014
10256	54845
4297	51230
6133	6159
3212	8338
5071	23352
3921	6154
7097	7124
164	10618
462	2147
6138	6204
4288	10112
1462	3912
1495	5584
84154	84549
26235	90025
940	5879
553	3062
7434	122876
51602	84549
6161	6207
6176	6232
9276	9632
6144	6227
6142	6193
3619	23047
5528	10726
4508	4535
4233	8976
988	6599
2204	2207
64761	83666
3685	199675
3561	3635
1457	25942
1434	3836
6201	6235
6124	6230
4735	23322
6141	6222
3101	64841
23279	57187
6204	6218
4514	4519
3921	6189
6208	22803
9879	51362
983	7514
2033	23013
4175	6118
6230	63931
10112	24137
2197	6205
830	10466
332	64151
3673	3675
6176	6222
6150	116541
1457	23411
1277	7373
5269	5337
3953	6774
3184	10236
6170	6230
3799	29127
28977	54516
6207	11103
55720	84172
56902	84128
6139	6168
113	259285
3688	3915
51725	55819
6137	79707
8843	27198
6205	9801
10250	55749
23076	57696
6130	6222
6175	6202
6164	6169
6613	84733
6804	6813
6233	57674
6143	25873
64151	83540
537	10159
2935	6170
2792	5145
4736	6189
6233	7178
3673	3693
6218	6235
50831	50832
7175	10250
1642	79913
988	9416
6122	6234
1880	57413
6130	7311
1213	8976
2932	5516
8648	9282
3191	11338
1937	6125
722	725
1329	4712
5054	5327
2268	4301
3635	3718
6170	6173
2197	3921
6201	6228
23112	84441
8914	9126
8314	23512
1763	10714
8972	93432
1398	85440
2177	2189
6152	6233
3433	91543
6129	6204
9655	9903
1500	1969
6169	6229
55008	64750
3843	55705
3178	27316
7421	10036
6455	7316
7004	25937
6232	11224
5558	11169
7525	10413
8452	9870
1062	51143
8843	50834
4535	25915
3422	6721
8717	9530
6128	6130
7316	91445
5903	23332
1933	6210
5438	51503
7311	8295
1783	11127
3921	6138
219858	344892
27258	83443
1435	3371
3192	23020
6232	140801
6143	6171
8655	83658
4886	4889
5093	5434
1001	3728
6993	8655
6134	6175
5435	5441
9076	24146
11218	23511
3001	5551
1956	5829
23511	50628
2792	391195
9551	55967
988	1654
3627	6347
26249	140460
2847	2918
3619	9972
983	7272
3937	7305
3320	85378
5695	5700
1908	2865
8349	85236
1949	2045
8802	8803
83597	135924
1778	4867
23	6059
219960	285093
5981	57599
5433	51362
1576	2327
7153	23511
7456	10787
51429	115548
1576	2326
10022	259287
2359	56670
3055	5788
7311	25873
5707	7415
2197	6164
1933	6209
988	3066
1048	80740
8356	8365
5707	84962
890	64151
2967	51426
4735	151011
671	5657
991	5707
57539	79659
5335	10818
830	1315
5196	11251
1315	9371
8573	57669
1665	9128
10022	56923
57647	79954
890	10460
6203	7311
1610	4843
6160	6231
403	84747
10083	257629
3875	3880
1398	10818
4694	29796
23291	65264
3308	55706
1794	5880
1478	3188
3685	9475
3849	319101
3832	54892
51088	84261
993	84126
10489	221687
6202	6230
3320	3326
6135	6210
4736	6181
9318	11275
6142	6210
6125	6204
6146	6228
4102	158511
57787	146057
2071	5985
7004	8463
9371	9493
6136	6228
1063	23279
5529	151246
6272	9500
55326	137964
2803	7110
6222	7178
5694	5715
6167	6202
4670	23435
9801	64965
399	9743
6181	11224
140453	192134
1933	6136
3886	286887
963	3683
6158	6233
6152	6230
5717	126374
389	394
6709	6714
3856	3866
9791	81490
6714	10298
10943	54556
64105	151246
3855	3880
846	6870
595	4602
6173	6223
57674	151636
3949	5869
350	2147
6194	6205
9188	25885
5023	84329
2798	10886
3133	3134
10285	11017
6167	6727
1058	55839
1577	54576
1515	3113
5747	10787
5684	5688
3113	3127
916	50852
8189	11100
9690	57154
9928	11113
4538	25915
4952	6233
6155	6194
6228	8662
2002	6722
23016	51010
58	60
3017	8329
4185	163175
3512	100423062
3355	5179
6155	9045
2147	3481
4735	91147
65264	90293
6130	6194
5436	85437
6133	6175
3837	5903
3351	346562
2247	6233
10121	57545
9730	10293
27125	79577
8658	80351
3040	3048
3437	23586
1314	10959
6230	140801
3123	4261
3185	3191
6667	57508
7514	23279
8356	440689
1969	2050
4538	4539
5829	7525
8477	55970
6169	11224
6161	6181
10885	54881
4736	6156
4734	26091
10749	11127
6158	6230
10733	163786
8334	440689
6209	6232
8667	26986
90550	91689
183	3357
4993	344892
1933	9045
5880	8324
3071	10458
122042	196883
28998	219927
2740	5739
5984	23649
2185	3320
6156	6188
7322	9867
950	25977
10403	57082
2033	10735
143502	285093
5878	10552
5795	9522
64284	401409
624	339403
388	55160
6428	6632
11102	134430
1387	3064
1857	5708
6141	6142
3607	7528
6224	6235
6159	6223
8334	8337
1555	1576
6133	6173
3190	27316
6207	7311
3903	10857
5294	7852
9820	56658
3148	8125
55832	90293
1742	57555
4641	5872
1902	9002
22919	79172
6230	23521
988	10576
5708	7415
10189	79902
9416	23451
2192	4237
7375	8717
6135	6170
5196	6370
833	4677
186	4988
7979	139285
3543	7441
3659	6672
6130	6229
301	2790
1742	8831
6130	6201
3984	54434
6160	7178
7311	154214
247	3479
1933	6168
6136	6168
1387	23097
1915	6207
1981	6146
867	50618
3915	5829
3184	3191
6233	9341
3074	10577
2848	196883
51023	122704
5558	84515
121504	653604
53905	90527
1453	6232
197	335
6128	6188
5707	8453
6194	6201
156	9002
3854	3861
920	3702
28972	90701
3659	4939
3309	10049
2317	54751
683	199675
1398	9046
55876	94103
3687	441864
9927	55669
3921	6208
6135	6204
5430	5985
84131	347240
6175	6207
2268	5747
1983	6223
4540	4695
6139	6204
3837	57122
3685	4240
391	26084
1022	6929
2524	2525
8452	57542
6155	6164
3973	4160
9739	9757
6136	6138
161	867
6222	6231
8568	51096
5575	8826
9793	23047
6137	6164
7311	10110
117	2695
1329	55967
23047	55143
604	933
2197	6206
6628	220988
