27097	79595
8356	126961
1000	84141
3191	51692
5528	113130
6288	6863
6138	6170
10291	10949
8356	653604
1857	5699
10083	257629
514	4695
6135	25873
8329	8349
6144	11340
6193	6233
2209	10152
8760	129642
26046	84085
1137	1141
966	79895
6208	6222
5519	5903
514	4694
113	259285
1736	79050
6161	6207
4322	7373
51088	84261
8945	11059
3191	10949
6233	10401
1435	2200
10489	84231
5879	9475
6147	6209
6233	440689
55582	89953
55066	57546
208	2475
6203	6206
6193	6234
7469	9656
3655	4233
116	5739
3619	10274
9188	84172
6125	6206
6633	25929
5861	57403
6455	9341
6164	6167
1660	10523
4734	26091
6169	6170
81567	93100
11176	51742
3895	3915
2107	6176
6228	6235
3921	6155
6709	8615
2197	6194
4593	57144
5439	8896
6222	25873
3356	5731
6122	6139
10959	22818
3685	5747
3054	23067
6950	10574
2932	5718
1500	7525
6124	6143
6137	6181
1822	1911
6142	6144
553	680
2243	2244
6146	25873
6168	25873
6227	7311
1956	54206
5604	23164
5660	10043
6141	6147
566	4125
5880	91614
10285	10713
6514	6927
6155	6203
2635	3659
3797	57539
6157	6229
332	3619
7204	55970
10885	25885
9416	55660
5695	7314
2185	7525
10403	10615
1902	7852
3185	4670
6152	6170
3646	26986
26984	81876
983	9631
6234	9887
8661	728689
351	3913
4736	6143
9787	29127
1306	50509
3843	55705
6156	6168
4998	5426
64946	147841
890	10615
4540	4728
6188	65008
10130	10549
3855	144501
3360	3375
1315	9276
6142	6158
6165	6218
2800	2803
332	7514
3897	284217
25929	79084
5048	55055
1303	5352
6144	6165
5981	10051
6232	6234
1462	3912
6170	6222
9790	55127
6227	9349
1665	4686
6122	6228
10714	80010
3430	8638
4175	6118
22984	26155
60488	64963
109	10681
6233	56254
6139	6234
8243	23244
7414	8993
51650	64983
51465	51676
55166	348995
23511	55746
6138	7311
1453	6194
3178	6430
9527	84516
830	9276
140881	245911
8615	10802
8826	128239
6142	10399
6161	6229
6137	6155
2962	4298
3887	342574
6601	57492
4924	10130
6136	11224
6169	6204
6453	8976
3811	3821
701	9824
22974	24137
351	2841
2790	5294
259287	259295
9700	51143
259	3698
1668	728358
5796	6233
9585	29127
991	10726
1937	6128
2932	6790
2962	8175
55832	90293
9927	54708
8329	8341
79954	84916
996	25831
1058	64105
6161	9045
5432	23543
6160	6204
51081	51264
5500	5507
55055	151246
914	924
6137	6233
462	2155
84131	203068
2521	6421
7536	10181
8767	23118
3685	199675
11339	55166
830	10540
3017	8365
22974	64151
3953	6774
1956	4145
6128	6170
6201	6232
3192	5094
5094	51692
9883	11218
3558	3717
3376	8565
9212	83903
10403	81930
6157	6169
2847	594857
699	220134
334	3491
891	3838
1870	4208
4297	6045
55876	94103
7124	8740
3921	6136
6189	6223
6175	6209
930	5336
140458	285231
3354	51764
6167	6228
10552	100526693
389	393
5179	50836
9320	26268
11014	50807
10890	51552
7272	9787
92815	128312
6208	6230
1452	5714
9045	11224
28973	51069
4171	55388
2633	3437
4798	79913
7042	83706
1495	1969
8085	8945
3912	7184
23168	27125
6908	10498
6193	6218
6147	6164
6755	339403
9787	10592
24137	259266
9133	11065
3685	6714
5328	5329
108	6387
972	3111
394	7204
3119	3122
11021	51762
6122	6144
6159	6169
6141	23521
6500	80176
3673	3683
5528	348995
1500	5795
4233	5795
1915	6204
5529	5781
4541	25915
4725	4726
1500	51474
2633	4940
3832	29127
4538	4539
6168	6206
6128	6165
3675	3915
4708	55967
2286	5479
4057	6709
11100	11338
6129	6155
6182	51081
6227	6727
5879	375790
2865	84432
2197	6202
973	974
6124	6128
1453	6206
23020	27316
9716	27316
966	11014
4116	6147
1495	1942
6159	6228
102	6233
50835	259292
4724	4726
6146	6228
6147	6189
6181	6229
10921	10949
1943	1949
6207	51202
7311	140801
23160	55127
1062	11004
472	5429
996	1912
29093	51258
1605	3672
3075	387715
10013	57649
1453	6205
6139	6223
3797	79659
29074	51069
4736	7311
6233	65264
6173	6206
699	10592
6613	79902
2695	5741
6158	6218
4040	8322
4033	10970
890	2237
102	1499
51023	90480
6135	6159
3111	3113
5422	10714
10121	10844
1639	2697
6129	6160
24137	29127
6171	6227
4724	27089
1347	27089
2913	4988
8698	63940
9277	88745
23122	151648
6156	8667
9439	9967
5726	6755
4736	6135
6188	11224
3796	3799
2801	10959
3433	4599
6319	6720
2521	57794
8349	8726
399	117289
10574	10576
9133	9833
1062	9276
3915	5879
5436	6631
4939	54739
4736	6165
10762	84271
553	6869
9126	9700
4700	9551
92104	150737
6142	6152
891	29127
55143	348995
9867	197131
9045	10399
283111	344892
3881	54474
580	10635
152	5580
65264	90293
5565	51094
6154	6193
79895	338339
3799	29127
6129	6193
10857	326624
10022	339403
6147	6158
6173	6232
3949	5868
10285	23451
6138	6189
4701	374291
6210	6223
29118	63876
846	4829
6869	64106
6218	6232
1915	6230
26270	93611
9724	27042
4736	6161
58506	130074
9793	23332
6142	6189
1315	8729
2841	7852
6139	23521
6173	6234
54778	57542
10376	84617
6165	6224
6136	6164
6124	6133
51122	84085
6135	6189
79470	344892
4069	4332
6169	6235
1950	6678
1983	6176
3659	7015
6170	6171
3683	3685
2359	94235
5194	23600
57413	58191
4514	4537
6129	6201
1347	1350
3491	3895
1669	10394
54069	55166
2099	7031
7040	57530
778	783
10949	220988
26539	344892
6129	6235
6152	6233
247	3479
1453	80097
1269	8698
10458	10787
6218	6727
5316	8726
3169	55766
2767	29933
4332	4353
6133	6164
10022	259287
6453	51429
1453	6232
274	51411
10236	22826
3105	3134
1911	4343
86	1642
3921	6201
1944	1945
26190	51122
393	11015
1327	1329
6203	6229
3039	3048
6136	6204
64410	80176
5878	10890
6160	11224
6138	6167
86	55193
695	971
2033	23013
988	55215
6209	6210
3190	10949
351	29933
2847	10563
9025	9656
7409	10787
6872	83860
1287	80781
1453	6203
1292	64175
6222	140801
1915	6207
9632	10959
3183	4670
1062	10051
6143	6234
8341	8969
6201	23049
4125	8635
6222	6234
3491	54972
10155	25799
6161	6227
50506	90527
10236	55339
5566	7283
5411	51747
79172	151648
51021	84545
671	1669
22995	55835
6144	6201
8365	440689
55249	55870
1639	11014
3619	10735
83540	220134
3912	59277
988	9475
3178	3183
6165	6230
6169	6233
6144	6175
3797	24137
3202	3203
3937	7462
5869	10890
10285	23350
3909	9459
6877	6908
1063	7514
6453	22905
9833	24137
990	5985
6625	11100
22954	64219
4343	7311
389	30851
6747	60559
3773	9568
6227	6233
8615	8729
1942	1969
23107	65993
9416	23451
990	3832
6160	6230
820	5004
1781	121441
51593	64859
1269	53829
2993	2994
3017	8334
6165	6209
23332	25909
1453	6231
1630	137970
1933	7178
56923	259293
6208	6227
11064	23354
1121	160518
4088	5054
86	8607
6176	6194
6189	6203
7514	54821
64284	401409
4116	84844
6203	6235
3191	23350
26190	65264
51	55825
8347	8365
84418	100049587
6136	7311
3937	11184
9493	55165
2770	5747
4736	6147
4690	9448
10484	51014
1793	7409
108	7253
6222	6232
5111	10535
23291	57154
4173	81620
2033	9031
56670	94235
1994	23435
23291	26190
6208	55127
6201	6230
6124	6160
846	259287
23014	55832
6124	6142
10254	51652
3184	51692
5869	10254
140453	192134
3127	7535
2792	7434
389	94134
5189	7311
1329	4713
286	6708
627	5879
3931	4023
3101	64841
3921	6209
5879	9181
10193	80204
811	10130
1062	2491
10274	55055
79876	135892
5930	54620
6156	6175
6235	25873
25831	80204
5518	6228
3190	11338
9978	158506
6159	6222
6461	6714
5558	5983
5518	6232
160364	199675
54948	219927
6176	6189
1453	6193
29127	81930
10403	220134
57332	84733
150684	150726
6194	6207
4712	4728
6144	7311
4599	8638
56992	100302736
6189	6228
9978	140458
23279	53981
3672	3912
23620	84432
102	813
1337	1350
6135	6205
6218	7178
6156	6208
3274	285601
9972	23165
8729	9570
9136	84946
10484	126003
9044	55814
7311	26249
4736	23521
3619	9972
2023	2026
1453	57787
9382	100302736
996	51088
6209	6223
65055	128366
5111	7027
6142	6205
9416	10949
6461	7409
10857	10970
6202	6208
7536	10772
6167	9349
2151	8997
5887	8450
991	10112
4998	8317
6130	6209
846	3357
6144	11224
338	2153
6176	6234
580	2189
6146	6233
983	11130
6156	6218
6142	6234
3362	3640
6169	6234
2002	6722
5870	10890
4839	6156
811	7184
89910	143279
4174	4998
155	6343
8468	91646
6189	51187
6138	6160
1778	4867
7316	8325
3889	3892
7311	55272
5335	7410
2123	2124
221	5329
56945	57129
2833	83756
675	5429
1965	8892
6165	6176
6175	6234
51132	140459
462	3827
797	7252
919	3123
6387	6754
990	9700
57153	160364
705	9277
6135	23521
2695	594857
3685	8560
3853	3868
4176	5422
1788	57332
4725	9167
9700	113130
8085	9739
5579	5583
1956	7311
891	1781
8886	84172
821	10802
11137	51388
6233	221687
81	3688
8082	8910
1536	2204
6205	23521
331	6233
55142	440145
6155	6204
7779	27173
1969	5879
5422	5983
6154	6173
11157	57819
1398	11184
9277	10153
6165	6201
7038	7173
3017	6688
4709	4710
51122	56995
1665	11338
6175	6218
5008	7297
991	9918
11004	23332
3074	5476
6176	6218
9212	10024
9491	200734
3109	3123
5361	8829
5725	10236
1175	5878
6142	9349
57381	57514
6139	6233
3718	50615
637	8626
3185	23283
1956	3655
5438	51639
6206	6234
1364	1366
3360	10888
991	1062
134	6750
1994	4670
6124	6193
6428	348995
56923	259292
890	9824
6223	140801
7311	143279
134	50837
50865	64805
3683	8514
6164	6228
144699	154881
11091	81887
6130	6137
4852	5179
991	5707
51143	79172
8697	11059
6129	10399
6135	6138
2768	5879
10920	26263
8454	9690
1555	1576
4736	6209
3855	3866
1816	104909134
1763	55388
351	1234
6698	147409
338	2266
861	6595
6426	6428
8337	440689
5970	6667
8976	55243
11190	22919
6189	6227
9320	23291
6152	6173
3355	4889
2071	5985
6144	6169
6124	6222
6144	6230
6160	6194
4713	7388
6133	6144
5048	5529
1576	54600
3688	5747
1783	9371
830	6709
5329	11322
6181	6224
7311	10110
6165	9887
3350	84539
6159	23521
6134	6228
3690	3897
4116	6233
6154	6188
4724	29796
4125	5657
4736	6158
121504	126961
10153	51602
9140	83734
5528	23332
328	10038
4540	4541
7514	55746
2617	4141
5436	51503
6129	6169
1268	64805
51109	54884
1933	6128
8452	9870
6517	9968
3371	3569
2091	6217
10885	55127
10254	22848
6167	6227
7316	54677
389	10398
5345	7076
7336	7341
4854	5087
6222	6228
23562	53842
56949	57794
1536	84329
25957	51747
26190	57542
8683	9785
10491	85301
6230	55272
22954	57630
3688	3915
6218	9887
6790	10133
1129	3355
399	26084
5795	6714
6135	6209
6167	6203
1783	5516
64750	65264
983	29127
2023	5230
8349	84057
6142	6224
1479	79869
3913	375790
2243	51156
6155	6223
4695	4700
1642	9730
11051	85313
2962	57794
2207	5335
8453	22954
891	991
705	83732
3190	11052
991	5905
5023	10970
6168	6208
3105	3659
6161	7311
991	29127
11218	55746
6218	6231
890	79733
246	11283
26470	253982
3659	5696
7057	7424
5528	9700
5351	8985
6139	11224
3240	10394
5519	5781
3912	51280
6205	6234
2967	9646
6208	6210
1000	2200
11169	84296
3909	3911
1956	5336
1277	1292
991	22974
9833	64151
4543	6751
6165	6189
1576	1577
6122	6143
64926	153090
5725	9879
322	333
3619	23122
7018	9829
6430	8175
6137	6222
2197	6232
6142	6209
174	6694
4708	51650
4173	5426
9363	9367
84154	84365
3796	10735
1303	10491
1856	5528
4535	4538
684	4939
6167	6202
2537	3430
4173	55388
6157	6232
6159	9045
6147	6173
332	29127
25909	79172
1001	3728
8914	9126
6128	6232
9928	11113
10592	23310
301	27334
695	2206
3978	4172
4707	4710
1005	1009
3156	4597
26589	51649
10232	154064
10907	83443
6144	9045
988	10640
6233	64219
5179	283869
23322	80184
23016	51010
60	10095
6125	6181
1660	51729
6385	7852
6605	11198
10681	51083
6168	6204
6201	6229
83551	319100
999	1942
2059	10458
688	5468
6232	9349
6168	6224
3119	7535
39	3157
9793	79959
6233	10618
6129	6164
7873	51726
6137	6189
4666	6136
7320	9604
23322	57545
701	1063
917	5296
6170	6218
6209	6232
1662	84365
5868	10890
6142	6227
672	64682
6133	6228
1861	27348
2305	4288
6152	6229
6202	6228
8453	9666
5290	6667
341152	344892
1778	22930
6146	6181
55166	387103
399	7984
11339	79682
2740	94235
11222	57129
4695	4726
6049	8881
4686	9879
813	7184
966	11001
4585	200958
29074	64969
6122	6194
2207	7305
378	51014
163	1601
527	3920
55279	285237
967	5878
6518	10857
3836	10971
9700	10735
2064	6714
3071	5829
1610	4843
3105	6890
6207	53918
6147	6203
3691	3918
5708	64750
6144	6224
6157	6222
1088	150372
5707	7321
336	345
4008	7321
6161	6209
5586	5879
10482	23279
1937	6188
5870	81876
1062	7272
5878	8976
5980	10714
1969	9564
8638	10561
6136	6169
3115	7535
6146	6169
566	1991
335	2262
1544	3620
6136	9732
2803	7110
9277	65083
6205	8562
3178	6626
114	1814
4736	6160
3043	3045
6209	6231
4691	10528
6157	6181
6229	9349
9320	57154
1660	3192
55759	84549
6599	55193
3998	6745
8688	8689
6709	7430
10403	51203
1213	10254
317	835
9700	10051
389	399
6144	6160
51023	122704
27340	55127
1314	9276
6137	6204
6201	6209
1601	8976
64114	196527
6696	84141
9903	10489
2790	7852
6133	6194
8243	23047
6235	11224
3437	9636
6137	6164
6168	6227
6136	6165
10733	11190
54908	91272
2695	7434
6160	6173
332	1062
9183	51143
6169	6210
60	1072
6207	6229
8449	27339
1081	151306
5594	7533
6129	6156
1069	27077
6203	6209
9867	53339
3848	162605
705	29777
6136	6176
336	462
10236	27316
6159	6170
4599	51191
6233	6714
84131	347240
55	154664
7184	10130
3624	10272
64219	65264
4734	89910
3178	3609
6139	9045
10733	55142
10575	10963
24137	55614
6204	6206
2800	9827
3122	7535
6233	7098
27339	57819
2956	6117
9655	57542
6167	6169
3430	4599
4172	55388
6168	6229
6210	22984
1537	6390
5438	6637
6426	7919
10813	10885
6138	6205
2792	5145
4588	26290
84231	197131
5584	55243
26519	26521
3351	50837
2071	6878
3836	3837
890	4288
8542	84141
6233	22954
351	9002
54960	79023
2801	9276
9551	84833
6142	6230
10885	27340
2792	26338
3913	10970
23586	54476
4709	4713
7520	79840
6160	6235
55008	64750
5310	9727
990	5422
6142	6170
4701	126328
54757	80341
29127	55165
4710	4728
6205	6230
164	55330
7153	9824
10153	84128
6128	6159
6500	8697
9021	57674
1500	5880
1291	8985
6206	6207
57153	199675
5217	55740
5880	27237
4288	259266
6161	6203
6193	92856
2177	6749
3916	3920
4734	65264
6556	160364
51433	246184
4176	4998
6133	6139
4297	51230
23304	57531
11064	27077
8729	23095
5315	7167
25926	51096
1387	27327
6170	6227
388	10144
6209	8562
10193	197131
6188	6222
27134	100506658
2956	5422
6207	6223
3351	6750
6168	6201
991	9493
197	2153
3619	54821
9055	9493
5501	57551
23350	79869
4233	6233
3882	8688
84135	134430
3921	6161
158506	246184
7846	57545
6605	9031
6164	6206
2550	3579
23014	65264
54148	64928
57082	79172
6175	6227
378	830
6428	10236
6141	6232
10964	55601
50838	259293
377	830
10652	51014
7153	57122
6130	6223
1488	6934
22888	51343
6136	53918
4174	10036
1660	11338
6202	6232
6442	6444
6142	6169
4670	10594
6154	6223
3172	6927
2695	2784
6143	6176
1894	259266
54625	83666
9662	79441
2914	4988
6160	6234
3014	3015
7316	8673
2354	3015
8843	27198
2932	5516
23332	27229
988	5725
719	8514
6422	8321
4541	4712
2200	3488
9871	10802
6203	6217
51069	54148
10376	10693
890	10403
3192	4670
4584	4586
929	7097
2268	9564
9730	84085
3015	10284
1813	6364
3017	8349
6170	6201
6125	9045
7189	55626
9341	51429
5747	7852
1956	7039
55388	81620
1639	10112
6142	6193
6165	6229
133	2790
23160	27042
7425	54757
2810	4486
1938	6122
5684	5694
23586	29761
336	5948
11224	65008
4116	6235
6146	100529239
6161	6181
8295	57634
6132	6201
11314	196527
8602	55226
116	5746
4641	10552
6201	6203
6133	6233
1350	29796
6181	6202
6133	6154
3192	5725
9411	29984
1453	8636
10484	10959
1956	3084
1793	5829
2837	84539
6122	10399
3123	4261
3799	9585
9320	84085
4715	4718
521	9551
4709	55967
6631	6635
9648	10466
1894	9833
29078	126328
10236	10291
6228	11224
1536	23601
50838	259295
1794	3055
6130	6147
4514	4535
208	57148
6636	8683
54480	55790
4736	6138
9341	10552
50509	64175
55055	79172
10153	55131
4343	27327
6426	100526737
10382	23332
2125	3728
22948	63971
2792	594857
7317	22888
3178	7536
5708	51330
2912	4889
932	338339
2537	10379
1933	6188
6624	51411
1915	6189
7311	23586
2053	7311
55759	84154
3308	10808
2242	9855
3106	3134
4952	8976
10561	91543
9133	51512
1915	6222
4726	7381
983	9126
6147	6161
57674	64718
1290	1303
25885	55703
10540	80184
2799	23197
5862	8548
6122	7178
6144	6189
1129	6572
11190	22974
6714	375790
5529	79172
6203	11103
6233	25873
5347	9055
7533	10971
51690	83443
6129	6208
6432	220988
6130	6155
4736	6233
6235	27340
4707	54539
6201	140801
1495	3801
5159	5771
919	3559
57129	219927
3054	8314
22954	26190
1230	29899
1662	10528
950	9341
6129	6135
57129	65003
2916	346562
6144	6234
1477	6431
55850	113220
6208	140801
1237	2917
3491	3912
3240	5005
57154	57674
27258	83443
6159	6181
5426	23594
55658	223082
6133	6232
3675	3688
10970	84141
353132	353133
8871	51429
400	25839
54663	84154
3430	10379
6204	6232
4862	79365
1783	6232
3185	23020
6154	6229
6161	6171
3361	9290
4712	51079
1445	2213
55143	64151
9246	54778
5516	54908
983	7514
3491	3915
4734	9320
6129	6202
6601	6605
1717	3157
1601	8027
6232	54821
11157	51503
4993	344892
57129	63875
1033	9787
3892	342574
5739	94235
821	10484
7311	9349
6159	6205
174	2243
6130	6144
10000	55970
4686	10302
9700	81930
6154	6207
6130	6142
5700	5705
6233	6234
6233	9341
9015	57504
3675	7045
10199	56902
3434	55601
6167	6224
1915	6228
3560	8651
623	5737
5861	81562
4085	10733
23521	25873
699	7272
6206	27340
996	57542
3842	10527
4695	29796
5718	8453
5604	8826
1008	1013
5054	5329
472	84464
6156	6202
6164	6230
57405	79980
7317	10489
6155	6224
6169	6231
1329	4701
4736	6141
108	3351
5707	6790
64928	64979
26290	56667
5438	6635
3978	5426
2521	6434
6146	6176
119678	344892
988	5983
10733	84131
3015	55166
6136	6209
118487	219927
3433	9636
6132	6208
353137	353145
10403	221150
6224	6234
9341	25977
4172	7298
444	3091
2033	5469
6637	27258
6173	6203
6128	9045
1103	162466
471	11020
197	3698
4670	23020
10733	203068
332	9493
3178	3191
79869	84248
813	2200
6159	6173
9844	10787
6427	10189
3190	7536
389	9322
5879	94134
3646	8667
2958	5435
6147	7178
4694	4701
4702	4724
6217	6232
332	1058
8074	8404
4288	10051
4670	6434
9322	22905
2801	2804
8334	121504
6233	23586
51023	54998
6135	6233
3191	10432
988	51362
672	51755
9655	9903
3015	79682
1524	729230
6165	9349
4709	4725
6125	6175
10484	90411
23585	54741
1908	23620
51444	57531
3488	54587
2475	9821
10236	23020
6130	6154
6129	6228
1601	9341
3915	5621
7398	56852
4709	27089
409	950
6161	6202
6157	6209
6189	6222
6997	10637
6711	10466
8175	10992
1660	3190
7311	8450
5610	6774
3181	3189
6427	220988
2912	5173
9738	132320
2197	6188
6189	6194
3184	6427
643	1268
5694	7314
1829	5493
6714	7525
10965	641371
51320	55175
5433	55660
3796	5519
7155	8289
338	3698
163	8027
4173	6240
1933	9045
6135	6208
5023	8514
8477	55970
5869	51715
680	64106
1595	4597
6164	6222
1981	6202
1315	2804
4254	7409
3827	5005
2243	5345
5970	57506
7178	25873
132946	387496
6601	8289
2963	10978
23112	192669
6157	6194
25873	55176
8886	23560
8519	10581
1656	27161
6165	6173
6157	6173
7311	8295
2197	6136
6124	6158
6143	6171
3843	10527
5929	6872
5701	7979
3569	3576
4352	5335
972	3127
1824	1825
8945	65264
6146	6147
4694	29796
6143	6233
26525	84639
54587	80341
6155	6189
5869	11021
6122	6133
4116	6135
9493	10749
1783	10121
6155	6222
377	11015
8581	154064
813	10970
4048	126014
6157	6206
1911	6045
1478	9128
9787	55872
9738	55755
2197	8662
6159	6227
7003	8463
3572	3977
3797	79989
2222	3157
6124	6232
9700	25909
5439	9978
6139	6208
6194	6222
3832	9833
6164	6202
55662	80351
1356	7857
3640	53831
783	10369
2960	4763
7311	140458
7311	8976
6144	6168
988	10403
10615	146909
5558	10926
3326	10576
27258	51503
1991	5657
4512	4514
3040	3048
6234	9045
3213	8338
10693	55970
6678	7057
226	6678
1595	6307
6130	6188
187	5473
3339	4240
10181	10523
6872	81887
6205	9045
51096	84128
56923	259295
11339	64105
6602	57492
4174	5424
6143	6155
6175	7311
344892	390079
51023	219927
6169	6201
58	60
1601	8322
7311	10818
6233	25831
3240	5199
1983	6175
1129	2912
51650	64976
2197	6154
2197	6158
22954	23014
1453	6218
375	1314
3309	6836
1660	51692
9320	10075
6635	6637
28998	118487
8638	10964
983	5519
399	257106
6167	6210
6203	6207
4948	7299
3122	55824
5707	51330
988	1994
55920	79023
4809	84844
23322	79867
974	100423062
8519	91543
6230	6232
10524	54107
6169	6230
174	51156
6156	6206
6143	6159
5435	84844
890	11339
988	51692
51642	54948
274	7316
1081	3623
6233	51592
6155	6175
3915	4811
6169	6228
7454	10787
6122	6193
6160	6205
836	6789
3833	10615
6241	9700
4171	23649
8600	50964
1511	1991
6204	6235
1398	10818
51602	84128
2801	51014
9793	57122
1495	84962
1793	5747
6129	6230
3912	10272
11102	134430
6136	23049
4793	5714
3619	79172
374	2065
1756	284217
9700	64682
4172	6118
10616	51465
6124	6205
8667	26986
6223	9045
6124	55629
2197	6208
6161	6210
9126	79172
3394	3430
6599	6602
5518	5976
1269	63940
6228	9349
394	11015
5725	10949
1933	6157
6147	6207
6698	6707
401505	100188893
5880	94134
6629	10189
2033	25885
10413	60485
4343	84441
3673	3914
274	5869
96459	201163
5516	5707
23332	80321
6201	6235
7337	51132
1292	7373
6754	57007
344892	390064
6430	7919
51143	57405
6746	58477
27043	27340
3912	10971
72	58498
8351	8365
5725	220988
3157	3422
23223	79039
2792	2847
10952	11224
2197	6128
1290	10536
3055	6503
1500	3801
6159	6229
6122	6136
8453	54165
3491	3913
5685	5688
6936	51645
6135	6173
5708	6790
389	114793
25831	197131
1017	5558
721	3426
1524	6370
6745	6747
5930	23295
7164	10053
6144	7178
26716	344892
1111	54962
1398	5829
7316	83752
3305	3320
521	1329
1062	5516
5868	51715
523	155066
27248	79139
7057	9070
4978	123904
932	966
4867	57545
25942	57690
7324	135892
2185	3320
6152	6207
7373	64175
6136	6139
672	7516
51289	339403
163	25977
26524	84962
9927	55669
2131	375790
2625	3169
5868	64145
6142	51187
11128	25885
55125	79959
9493	9833
7415	10576
6194	6203
29933	55970
3113	3119
3921	6230
11224	25873
1302	1306
991	151246
9320	154881
966	100049587
6154	9349
5688	5695
972	3113
10594	11100
6128	6155
2237	10535
57111	401409
5869	57403
3838	22974
1435	7857
701	57082
3098	5236
636	22930
6159	51187
6626	27316
6427	79902
28981	79989
1778	3831
2165	2244
5338	11145
9886	221472
6137	6141
6173	25873
6923	9646
23601	160364
25885	55127
1902	63940
6157	7178
226	2821
3127	4261
890	10733
1329	1347
6207	23049
3183	3190
10250	84950
6125	6201
25831	26091
388	23526
6750	283869
7514	57551
3191	10713
1453	6235
3491	5954
675	27030
6135	6231
5699	23198
6144	6227
657	659
2177	11073
800	5829
6218	7311
10254	25977
2967	79577
1315	3799
6207	9045
6137	6229
1387	9757
9128	9879
6159	6230
9655	55832
991	51665
7478	7479
996	9820
10466	79571
84962	121441
332	57551
4538	4712
2932	5704
2740	5746
6143	6147
3491	3569
2197	6157
1981	6139
2033	7874
6204	6230
2348	11316
6152	6169
6206	6227
153	6343
9349	9887
28998	51264
6234	27340
55252	55777
971	5336
1933	6207
932	199675
2781	2784
5558	23649
5697	6376
79172	151246
27	10486
1394	1816
6160	6208
6205	6229
9752	56141
6206	6209
2033	9739
2071	6830
1981	6208
65264	89910
6141	6203
991	9491
945	100049587
991	64750
5116	23354
5179	6754
9354	84085
6173	6207
6129	6232
9793	151648
6189	6234
6233	9045
1915	6138
11196	126003
5861	10802
4236	10291
472	64421
338	350
6168	9349
1345	7381
6210	6234
10713	51692
471	441024
566	6036
399	4952
752	5217
1956	10552
6175	6232
6176	7311
54845	80004
6133	6170
699	1058
5879	5898
10772	27316
7311	79577
51676	65264
4508	4509
2222	2224
2177	5883
4343	6714
8334	440689
629	4179
6159	10399
6193	7311
8329	85236
4853	23509
3184	6626
84870	343637
153	6344
2189	80010
398	5880
54509	445328
2305	10112
3015	387103
2197	6167
7421	11198
27076	154064
5516	51400
1793	8976
8886	9221
1236	2841
966	199675
701	3832
56729	124583
6158	6205
3718	6777
1400	56896
1230	2833
23225	79833
5501	9126
1325	10563
6037	8635
6709	8729
2033	25942
1832	3728
9295	22794
3837	9631
383	10394
6147	6154
6222	51187
2535	64750
219965	285093
2932	23291
9246	51191
220134	348995
23511	25929
5652	6692
3659	6737
6181	140801
6181	6228
6272	9500
391	55843
392188	645402
4171	5984
64781	340485
10540	91147
3091	6233
10663	259292
1499	2932
58191	63940
1786	7027
6136	140801
2243	2266
10952	58505
6159	6161
6139	6202
51650	54998
9984	23279
4016	5118
1277	1281
6122	6202
521	29796
672	8314
1017	4999
580	80010
4867	80321
6621	79035
4116	6170
6223	6235
9126	54780
6142	6194
1063	57551
3620	4128
5347	9738
6230	114987
8453	9820
3833	9700
3111	3122
6169	6173
6210	9045
1822	57504
11250	83551
351	55970
6154	6176
6434	57794
6228	7311
6130	6133
1315	9371
9967	84498
1781	11014
6206	6210
5781	7525
8648	84498
8655	27077
1595	4047
858	1956
701	4288
10945	10959
7204	8976
728	5697
6133	23521
9183	57405
1291	5352
9730	63891
6168	23521
5339	6164
1022	4005
5861	9276
996	4734
1937	6189
3856	144501
675	1017
6223	27340
7311	9341
399	4983
5903	22919
26091	65264
6128	6147
5347	151246
8533	10445
1308	3918
26589	116540
23354	132320
6135	6160
336	4547
701	10733
8905	8907
6147	6167
7175	51692
80321	121441
4641	5898
7846	150465
302	5834
4171	9156
821	22872
9739	23067
9887	23381
695	3725
6168	7311
5903	25909
9126	11130
6156	6171
671	1991
7466	10970
6625	51639
6122	23521
6228	55127
163	26130
7862	9219
2935	6207
2207	3689
1407	7311
1994	8570
6139	6173
8021	55746
1282	10536
11127	29127
3635	5579
885	2922
1536	3683
1604	54732
8321	50964
3921	6222
3308	9631
1345	4695
6157	11224
2648	5469
3178	27316
351	7852
10427	126003
4978	53942
22897	653784
2934	51411
23275	23509
6209	10952
9700	57122
6233	8334
4713	10975
6147	6152
6147	6222
1453	6201
3054	6872
5709	29882
6156	6173
7132	10616
7314	9134
988	56852
23309	57169
6160	7311
5189	6233
6173	7311
2242	3561
6156	6224
251	23627
3838	4343
5868	57403
1650	29927
10293	10425
7337	55175
6189	6230
6233	151636
6218	6234
26190	197131
81	55243
779	783
1062	10112
2629	5660
971	29760
6171	6234
6144	6188
27340	56902
10975	126328
10733	55125
9349	140801
6224	9887
6146	6168
5928	57649
1116	1669
1329	29796
4713	4725
3685	80781
11021	23011
920	9026
6130	6204
6218	27340
83540	113130
701	7153
1981	6133
4512	4539
2222	4598
10523	27316
4957	55755
122042	285601
6223	6232
10576	23526
1462	3915
6130	6202
185	2862
1308	3655
6168	6169
1500	7082
50831	51289
6146	6164
55720	79954
393	11014
6161	6169
22919	55055
6137	9349
10121	84962
3371	84141
3356	94235
10075	54620
7175	57122
4999	5000
5869	25977
2266	2719
4717	29796
4540	4713
9918	10592
1783	5903
6136	6203
2837	5331
6135	6230
988	7112
84648	353137
5725	10657
26232	93611
10376	203068
3849	140807
9276	10121
6170	6208
10432	27316
6201	6206
2537	3434
1062	5903
6233	23049
3017	126961
3055	5829
1660	5094
6146	6208
6143	25873
22919	79172
2784	594857
6232	6233
10970	54972
5347	5905
55168	219402
4686	23511
6709	126014
5829	64098
23291	83737
367	8349
3714	4854
6122	6155
53831	441864
2767	64407
4582	10331
5435	6637
7204	29933
6201	9349
79023	129401
5294	7852
285	7010
22984	25885
2197	6175
6144	6222
6144	6223
56945	64928
4508	4536
11325	83443
5829	6385
6203	6204
6137	6206
111	799
5720	7187
4237	4239
1062	26586
1387	8085
3663	4281
5519	9183
7852	8698
6176	6207
5528	55143
4700	4726
988	5433
2767	5296
2268	7525
10524	10714
1943	2046
1605	6714
1650	3920
3200	5438
9793	203068
6176	7178
2125	5493
2197	6135
8698	59340
1285	1286
6144	6204
23332	146057
1173	10552
904	905
7311	23032
1453	6228
55901	170692
6133	6137
4736	6122
6790	22919
26146	79989
3430	3437
3683	3693
81930	259266
54148	56945
8337	653604
3886	8689
3837	3839
1717	6307
389	64333
3122	3127
79172	348995
1325	2847
1933	6155
81285	285093
2207	5338
55746	57122
6159	6233
22995	55755
6176	6227
10970	11001
1956	10413
4904	22826
6203	7311
6161	25873
2804	9276
6147	6159
6632	11157
25831	65264
6164	6209
1088	160364
6386	10487
5753	6725
2178	2189
6206	11224
6161	6235
1022	91603
50832	54429
6176	6206
10193	25831
6227	6232
641	7316
60560	80155
1894	29127
3433	8638
837	841
8886	64318
6134	6175
9666	143279
79339	344892
6218	6228
5330	55970
8945	90293
6138	25873
6146	9349
1659	9716
5688	5701
6233	90293
6201	11224
9306	9655
7472	7482
1116	1991
4736	6181
6599	57492
2064	7525
6202	11224
7124	51330
3017	8969
4332	6037
1933	6141
55168	219927
187	11251
6188	6202
1906	1956
4736	6223
11145	122618
5501	51692
10802	51128
6229	140801
1981	6167
7466	8720
3856	5493
1665	9879
6709	6711
5469	9968
6201	6233
6125	6203
54778	197131
10663	259293
595	11186
140460	197131
6233	6498
6428	7307
1655	51690
109	2358
51081	51649
3832	6240
3512	100423062
1133	7200
57405	220134
6698	353135
6202	27340
10499	23389
126638	147409
10802	10959
2207	3903
671	8993
6224	27340
3437	4599
6637	51372
5861	5878
9793	26005
7027	7298
10772	10949
740	28973
3350	4988
6143	6193
6169	9349
566	6037
570	23600
3071	7409
1639	22919
6167	6170
988	55770
6176	140801
10274	81930
6223	23521
2197	6170
8322	22905
6139	6161
54751	83706
4173	9126
399	94134
9212	113130
6146	6234
1758	8404
23049	25873
51014	54732
6430	6432
6137	6235
1642	56852
1824	5493
23265	50807
6233	257397
5196	56670
1457	25942
9690	89910
4069	6036
53981	85313
8648	10499
7520	55183
10525	29927
9212	57405
3903	10857
6836	29927
8349	440689
2805	3242
6135	6142
6631	27258
7098	10695
8337	8349
4116	6125
6891	6892
4713	10632
6387	57007
3092	6233
6201	6202
1738	4719
1453	3921
3301	3303
4809	5435
1213	8976
6234	23049
6205	7311
2788	55970
8514	10857
29089	197342
915	29126
56995	154881
2207	8514
53905	90527
10949	84991
5747	10787
1783	2801
351	10970
1933	4736
5861	10540
6249	54908
521	84833
3619	23511
5469	9282
6154	6160
8514	22918
3725	23512
6135	6165
51099	79948
6464	6850
3832	54892
4724	91942
5699	51684
6711	8615
3561	5296
1287	1288
10963	22948
8841	9794
4116	6222
5432	27125
990	64151
383	671
10413	51421
6434	27339
3912	6714
2197	10885
55832	154881
6152	6159
197	2266
5286	7311
10921	51692
5711	8697
6222	6223
890	157570
3915	51280
5093	5434
55755	347240
3920	55754
88	2890
6152	9045
1660	3181
6737	283807
84861	143279
6206	140801
23279	57551
6234	23521
623	2357
197	338
3912	5578
3191	7536
3191	27316
55127	84172
55131	84128
2243	9715
5547	10970
6152	6194
3221	3222
1084	338339
890	23397
6168	6228
776	51764
8976	10552
2197	6207
4677	8565
6209	9887
10540	11190
6224	7311
7003	10413
1536	653361
10189	79902
3491	10272
2769	5330
3619	11004
1062	23279
514	4713
9793	10274
2054	8673
259	2244
6175	6208
5196	5473
335	2243
3655	3912
3376	51520
4887	346562
950	10254
4035	5159
5119	27183
1289	9509
2197	6137
140807	319101
4952	54874
10663	51289
4952	5286
4717	84833
699	3796
9341	22836
3066	6045
3163	5023
8976	22905
5928	116092
3107	3659
51023	51649
6206	23049
26091	151636
2220	5648
1386	6605
2537	8638
23223	64318
7132	117584
3491	84141
3609	10236
399	10144
5657	6036
9672	375790
3857	3868
6385	10755
671	4353
830	55604
3071	9564
4176	5111
991	9133
2537	10561
4659	5515
6160	6222
1435	401138
1499	23291
9475	9826
27237	171177
1778	57545
3107	6890
3396	6182
6147	6160
1660	27316
6230	7178
25929	55706
5660	63940
8341	8970
1287	3685
6218	6229
6156	6230
6141	6230
4172	4173
3683	7409
8243	23279
6235	7311
4353	5657
6154	6230
570	1962
6173	6175
23063	23244
6173	6204
6155	6231
627	5599
7343	9112
3695	8516
90293	143279
29127	55872
1573	8529
6124	6159
10460	64151
10102	28998
8329	440689
5869	22905
23304	26268
6164	6188
8607	54881
3619	57082
6144	6207
6176	6727
8356	8365
27125	79577
6147	6224
10426	55755
26091	57542
4159	53831
87	5768
6455	23149
6167	6234
84154	84549
1398	9844
6165	6206
6143	6231
727	50838
6125	6228
10767	22894
5720	5721
1781	51014
9459	64098
6133	9045
23160	84172
6049	23304
5023	64386
6135	6167
3833	55143
7124	10673
10084	27238
4116	6637
79090	149111
6218	6230
6133	6143
3913	10298
79019	85236
3091	5707
6189	9045
8945	64219
54443	55165
84643	93661
4538	4541
302	2519
3695	5747
3660	5696
6147	6234
4288	51203
26190	55832
9739	55904
336	338
9126	113130
186	84539
1991	3240
6144	6167
22984	64318
351	5340
81930	151246
2865	6863
1058	79172
8648	23097
6133	6159
9892	10109
3921	25873
3312	29763
6160	6209
2841	8698
7311	23600
522	84833
6152	6155
6139	6185
2962	80004
55735	139322
6175	9349
4208	4209
8334	8341
11017	11051
3837	22974
6194	6202
6188	6207
1173	6455
1329	10476
5930	80204
2719	3698
7020	284252
6208	6232
6173	140801
9739	26523
5950	7276
4848	23019
2318	3688
4116	6161
3912	3915
6222	6230
5111	7298
2197	6156
4175	4998
5861	11014
6170	6230
6241	10403
1832	2125
6156	6204
5093	10523
4710	4717
6228	6230
6136	6155
3355	5733
2803	90196
9092	27339
3320	6461
7311	158506
1398	7525
9320	89910
1063	259266
9133	81624
4508	4538
2200	5045
988	79595
10952	28972
891	8655
8334	8347
8317	23595
6124	6139
8334	8337
7381	29796
6233	8976
9493	81930
5432	11051
1105	23168
7311	54874
6135	6223
890	5519
6133	6209
6709	56729
6632	10907
6637	51690
11218	25929
2197	6139
5985	55215
2036	116986
6136	6157
1915	6130
8453	56995
2633	4938
6135	6207
29945	64682
7153	55746
78988	219927
2147	4295
1062	151246
6138	6164
6141	6154
6138	6232
9551	9556
3921	6138
5903	23511
5689	5700
988	10575
6135	11224
3184	9343
4586	140453
6228	10399
87	3688
11258	93661
9738	146057
1062	5528
57542	144699
6210	25873
1063	54821
9978	285231
9616	150726
10022	259293
350	2147
6667	25896
5432	7316
1495	4233
3913	3915
6167	6230
5690	8742
8969	8970
5023	5795
3914	5829
1994	27316
4288	26586
3013	8351
2863	7204
1956	115548
2641	113091
1956	3912
400	23041
2064	54206
891	9787
1605	3915
2322	6688
675	5983
10403	64151
5432	79577
3692	10969
6203	6227
6144	6176
156	9002
10594	11338
2033	10847
9903	221687
51143	55055
6136	6160
23244	23279
9212	9787
23160	27340
6376	6754
1048	80740
3685	10857
6133	6173
6370	11251
5347	5528
6169	6202
1302	1310
6167	6209
3832	9700
3312	8871
930	118788
23047	151648
6453	10254
51003	400569
11316	55850
4173	84296
6188	6227
639	3662
5547	326624
10332	30835
134860	319100
6217	27340
6133	6203
197	350
1116	5004
351	1269
6164	6235
857	4088
9133	83461
4670	27316
3301	10963
1937	6136
6154	6218
6170	6223
991	4734
6461	9564
9021	140462
84676	140456
6181	6203
7862	54815
3853	3860
27292	84135
1981	6210
6138	6207
2918	4985
6233	6235
7311	11224
4736	6137
399	9828
8243	10274
5434	8349
1915	1937
2965	8731
5872	326624
1908	6863
799	10268
2185	5747
9320	151636
1062	4751
4713	29796
6154	6189
811	2923
2521	3185
3017	8970
6632	57819
1994	5725
6155	6159
6714	7311
7409	27071
23423	54732
6128	23016
966	9276
9276	9371
9776	55626
64981	116541
11236	79139
6161	6201
1315	81930
4174	7298
10274	57082
9014	57504
1738	4967
6233	64410
54556	92815
10970	222487
7283	10540
8334	8349
6139	6165
6152	6230
6175	6235
26523	27327
6175	6229
324	1857
6124	23521
60	10093
1781	6249
2519	3074
699	6241
25942	57649
1783	5861
389	7204
1783	29127
6154	6164
4867	80184
6230	6234
2274	284119
10528	55226
5777	80184
6138	6209
966	2207
1398	10458
658	4093
139322	374354
996	23291
50831	56923
7311	23118
641	5424
1291	55214
27	4690
6152	25873
5592	8654
680	3358
8590	285093
3856	3880
2079	6635
991	55355
6135	6143
6279	6283
79659	150737
988	79869
7272	259266
6207	23521
9631	65250
6135	6234
348	1356
383	8993
7424	8828
2966	728340
9371	24137
10133	10540
1660	23020
1282	1292
1081	7252
3434	91543
2033	9757
3764	10060
5976	56006
6165	6204
6164	6201
4725	29796
6157	6234
54577	54658
160	8867
10802	22872
6161	6233
6124	6156
5684	25906
6637	84844
8027	25977
383	4353
6167	6181
1857	5708
10316	729230
3687	53831
6125	6168
6142	6233
6141	6175
3191	9716
2247	10818
50865	63940
5435	6634
983	4288
6625	23450
57111	64284
624	339403
6790	55165
25798	326624
1233	2359
8829	10512
8638	91543
4893	27006
1062	3799
6230	6233
680	846
7919	10949
59	140465
890	983
9879	55660
6729	23471
6637	55505
9439	23097
5501	79172
6157	6159
2157	27095
6122	6234
6124	6194
9493	9585
2268	5747
1434	7514
6207	25873
3913	5954
11169	23649
2932	3611
3091	3725
6143	6168
1314	8615
10970	338339
1062	22974
50835	50838
950	25977
6184	29927
142	5981
4008	154881
11343	57552
7311	154214
10112	10540
2197	6147
7252	151306
972	3122
1387	6667
6156	6233
274	8976
3111	3118
126328	374291
983	129401
1908	1910
2197	6142
1906	2150
1639	10121
25897	55175
3157	4047
3320	10598
23601	199675
1088	138050
2521	27316
3921	6164
6160	25873
5777	5806
8907	10053
3655	3914
4175	81620
79682	387103
3434	5610
23327	115290
966	64386
641	2178
6161	6222
4904	10946
830	9371
2960	2967
5597	5718
10272	11098
6142	7178
57122	79172
3912	4240
672	7153
388	9938
6249	8826
8560	196527
5048	81565
127385	344892
6128	6136
25885	27340
566	8635
832	83547
7311	55366
8467	9188
2197	6164
58508	84661
6455	7316
8688	121391
6168	6175
6235	9349
8347	126961
4670	11052
6142	6171
79600	84902
1347	4726
148	886
3437	8638
89910	144699
720	3426
8329	121504
890	26271
6155	6202
6122	9349
3134	3659
8687	54474
6249	401541
351	10272
4978	353091
6133	6157
50813	84727
1050	2322
991	5708
988	7919
2177	7398
857	284119
1002	1009
5861	10890
6173	6208
699	26586
6135	6164
1601	6453
10952	140801
29763	54874
84296	84515
64410	79791
5725	10432
1642	79913
1063	9700
1660	3191
1290	1292
991	9055
6137	6208
344892	390326
6207	7178
4736	6171
963	5023
3688	4233
54821	57551
6194	23521
5822	55127
4717	4725
6205	6223
4709	91942
6160	6207
4738	285231
2071	6873
887	2147
351	3491
7936	404672
6142	6176
933	973
64682	90025
9700	79172
6233	285231
4713	4715
336	350
4171	6749
1783	6711
84366	360205
2788	27334
11251	56670
8945	89910
1783	25839
3725	4772
102	84141
1650	23385
3171	6927
983	7321
4541	374291
25839	84342
6175	6193
1794	5777
9371	10749
4726	55967
1314	10945
1555	54600
8365	126961
1783	3799
6204	6229
3181	10594
996	23327
5339	6194
7783	11085
9631	23511
3895	5954
6827	10302
11103	84916
1435	3371
6160	6193
10285	23283
6205	27340
60678	79048
4171	7298
6175	6205
23047	57405
1435	3690
6229	6233
54998	55052
4736	6232
4735	23332
54881	65083
1950	7474
23122	113130
8976	10458
695	7409
5005	7276
23224	23353
6223	9887
10423	54928
3017	8337
996	5699
79895	199675
3422	6721
2242	3320
23291	55832
699	988
440	2617
6128	6228
1660	10492
10274	151648
23047	57082
1398	5781
513	9377
5869	10552
10592	22974
990	55388
3115	10346
3301	3304
6144	6152
6154	6203
6194	6228
6210	6233
7466	51280
2246	7316
56963	148738
800	3672
6128	6168
2033	8085
1325	6752
8976	29763
3185	5094
695	5335
3921	6147
3673	3912
1062	57551
891	9833
896	6776
513	374291
1956	2274
64682	84085
57787	261734
6129	6143
8106	29894
6161	6206
6132	6227
2222	4597
47	1727
78988	219402
4508	4541
1937	6133
6129	6233
8615	9276
5707	7316
2792	343172
8687	8689
22918	53831
7272	10615
10952	90701
55629	65110
3115	3119
4666	6137
6135	6232
6233	55252
5393	51010
6144	6170
8886	55720
4800	6667
6170	10952
6176	25873
1062	5529
6155	9887
148	2837
6156	6235
5880	171177
833	8565
6122	6175
6125	6128
1991	4125
10274	220134
351	2817
7153	11004
1303	55214
6688	7805
4999	23595
377	51014
4617	4618
988	23595
3832	10733
8514	11314
29074	55168
6168	9887
29984	171177
389	23526
387	7046
6139	6181
988	10767
6288	84432
6461	9844
5872	23265
1302	169044
2810	3691
2867	23620
3304	3337
6154	25873
4626	8735
6139	6229
23295	140460
6429	10236
25804	27258
7514	25909
813	3486
9410	22826
6165	6167
1781	10112
6175	6201
219858	344892
890	10460
10885	27042
3482	5868
9320	51088
6161	6230
55601	91543
4544	5443
51503	83443
813	3912
7057	170689
6143	6201
1660	9128
8969	653604
6632	51503
2243	5005
6165	6202
3312	7037
6164	65008
9787	55165
3797	92104
8826	55109
705	51602
1278	1634
8805	27044
2305	5518
6194	9349
6430	7536
161	8650
9341	23149
1234	4544
6160	6218
3433	10964
1783	24137
6139	6194
51226	553115
6232	6249
6059	8886
6165	25873
6132	6160
5519	54821
996	197131
6790	9493
50836	50837
54069	79172
5693	5707
10236	10250
226	2539
1774	5199
2962	56949
6173	6228
617	10469
6155	9349
6175	6223
57674	80176
6132	6156
6165	6207
1933	6138
10592	259266
6233	27340
3434	4599
23095	64837
4641	5879
6181	6201
6170	6202
6135	6204
6233	9690
988	22803
988	6950
10921	27316
2099	54828
705	23560
5985	83932
1439	5568
2521	51692
6128	6188
1536	3685
6157	6161
6165	6232
506	8802
2791	221391
2767	8477
4221	11168
1870	5928
5330	60675
4088	7316
6745	58477
1915	6128
7517	10714
4361	63967
51690	54464
9833	55165
6144	6194
11325	51690
2189	11073
6129	6139
1307	169044
3683	84329
6633	11325
3832	10592
7326	55819
3683	196527
1233	6370
1781	6993
8467	25942
5829	7534
3688	3914
138803	344892
27258	51639
1434	3837
8322	54874
10403	57082
79867	121441
26268	56995
7058	9507
1822	1912
8533	54951
64151	157570
10489	25831
813	10618
2197	55127
163	9341
6185	29927
7311	57530
6157	6201
5361	7305
6237	7525
9156	55388
5707	64750
8976	54874
6173	6218
156	2767
117	122876
1154	23014
522	4713
1232	50834
6159	6193
3133	3134
3799	10540
201475	326624
2266	3481
2207	338339
6157	9349
6635	11157
1327	1337
9672	29967
3184	6434
1839	3091
11190	26005
6208	7311
5199	56729
4952	6233
727	259287
6139	6155
185	4922
7097	7124
156	351
841	843
187	1233
6158	6202
111	3354
9601	10130
1387	81857
2168	2169
6193	6228
6202	6210
1911	23028
6701	6704
5438	51503
389	55843
2959	6883
5439	10980
2817	6385
4116	6165
4240	5954
6137	6175
6387	9568
6168	6222
2873	8945
26146	28981
4332	6036
672	7979
5928	57690
1111	4172
4088	54778
6232	10952
3659	5371
5928	10013
53339	140460
963	3903
846	259293
51023	116541
5111	10714
9557	57804
5520	6132
2914	3350
5347	9918
6168	6230
9282	9968
1173	29924
54778	84231
6209	140801
1048	8434
102	3915
28972	90701
3433	4938
1327	29796
1347	10632
6138	6176
963	8514
344892	390058
2792	391195
6181	6232
26249	55521
345	4036
9553	54998
6152	6202
4288	9700
6209	6222
4298	6830
6138	6139
26682	344892
9533	112495
6233	22848
3109	3111
2151	6915
813	3569
29984	64333
5529	57551
5599	6714
1453	6189
6189	6201
2151	94233
2801	10802
8925	53339
2251	8823
7525	10413
6169	6181
5529	51143
4809	51065
5519	79172
6202	25873
3913	11098
143279	154214
6613	7341
5119	9798
3956	7076
27339	79869
57405	79682
6170	6173
8453	51122
163	8301
7311	23198
11130	79172
9412	55090
567	1520
4116	6169
974	5336
1460	23397
7337	11275
2185	9475
2833	6346
27241	166379
5330	8477
6206	25873
5557	23595
727	846
521	522
712	7305
2935	6170
677	56915
3761	3785
9126	55746
11004	64151
51280	54972
1981	6222
1452	5515
10749	11014
4999	84515
51289	259293
2034	84962
6158	6194
6144	6147
8365	8726
2826	84539
2791	115557
338	345
6144	25873
8742	51330
830	6711
699	55143
2623	6886
22974	83461
3884	3885
1133	8477
871	1287
9928	259266
9371	11014
5286	55361
5689	51371
6218	6227
6171	6235
5118	50509
1105	4343
6429	22826
10892	257397
56902	88745
23283	84271
7532	10142
466	1386
259287	259293
183	259287
10664	22976
57405	348995
10250	10291
1084	23601
6201	6204
6173	6181
4586	26290
4512	4537
988	9219
6201	6210
8243	55746
6194	6206
9493	24137
6154	11224
23244	23332
6218	6223
3832	9585
51132	54778
5829	23209
1303	5351
3433	4940
6165	6181
79583	79867
5903	57551
10484	10802
8970	85236
6602	9031
7852	9564
988	8243
9410	10946
5336	118788
8655	60673
22974	81610
23160	84916
3434	4938
54960	129401
5690	5709
4736	9349
6376	50839
891	81624
10539	57019
1062	1063
55781	134430
6188	6189
2848	285601
1655	25804
6201	6207
6159	6168
4985	6752
3655	3918
8723	51143
6125	6185
1950	3912
6135	6155
6453	29763
3157	4597
2033	55904
3481	5005
8334	8970
7398	10714
1462	6696
636	23299
8349	79682
2925	9170
7249	7532
3437	4940
4736	6155
6430	22938
1933	6160
830	51014
4691	8602
6132	6169
6152	6167
4710	4718
6122	6142
1728	3162
317772	440689
23279	51362
5157	7991
6203	9349
10236	220988
27339	55702
5199	126014
115290	126433
2207	79895
6418	10592
3185	3191
7398	10635
5715	7979
2811	2814
1063	24137
3481	3827
6793	10857
51676	64750
6231	9887
9793	51143
868	200845
2048	5998
6157	6228
6128	25873
5928	10014
846	259295
3978	4173
3921	6159
7139	7431
11127	64837
5048	5516
84541	93611
1915	6142
8314	23512
4927	9212
1783	6249
4599	23586
51079	374291
4736	25873
6125	6164
10403	10460
9276	11070
4938	4939
10112	24137
11017	22826
6138	6230
1063	25909
259292	259293
55737	58533
1499	5819
5284	55004
1281	3685
6133	6161
6147	6181
8687	286887
1308	3691
3071	10787
4828	94233
55166	79682
109	53829
22984	79039
2788	2790
50506	405753
5869	8411
5708	84962
4725	55967
7919	10236
7454	10552
378	22818
10920	10980
6157	6224
6144	6173
3718	7297
6916	80142
55755	79959
57122	57551
87	6385
3190	3191
6175	25873
1291	3672
9320	26190
10959	81562
23028	283248
6748	10952
10250	27316
3074	6386
27242	85441
116	4914
4519	4540
1639	3326
1069	10383
10857	84329
9919	149111
999	8907
6203	6224
6734	58477
7311	23291
1129	5173
9738	54820
3685	84329
6139	6142
8655	55839
6009	60673
3312	6804
1605	84892
8085	25942
6233	10111
7536	220988
5439	6119
6134	6154
8450	55832
7316	9929
6193	6194
29127	54443
57551	81930
126638	353135
1062	54821
8243	10051
7158	7311
1445	1956
1291	10536
4173	79892
3458	3586
5747	9564
3725	4088
5627	10461
22936	64859
7454	7456
1269	59340
5870	7110
6772	83666
26263	92912
197	51156
2064	5336
3921	6189
9439	9611
10640	55770
55320	401541
9662	10733
7531	81565
7434	122876
6869	347148
6154	6204
6137	6230
5707	10493
904	51755
351	5443
1062	10592
2222	51478
4714	54539
226	7057
2207	100049587
915	919
4519	4541
11187	64065
9133	10403
2521	220988
10733	79959
6160	6161
963	7805
6185	6729
6139	6204
6139	6218
6223	51187
117	2695
6234	140801
152	5179
351	3912
3973	4160
6139	6228
516	51287
4194	57690
163	8976
3111	3115
10197	64682
2801	5861
920	3702
4538	4540
10153	84365
5983	56852
1749	1750
81	226
10959	26286
3667	9564
3659	7706
3178	7919
23376	84085
6130	6175
689	6160
1290	5033
6222	6229
4686	50628
4924	5589
3183	6428
1731	23157
1260	117177
64425	65083
6241	51203
10163	147179
5422	9126
1910	84432
10022	51289
950	22848
3619	113130
1778	2801
6152	6209
6235	23049
3672	3913
2099	9687
9656	11073
6175	6210
6133	6156
6159	6176
4088	5784
5861	10972
27334	55970
4512	4519
537	10159
9188	23560
6125	6133
9700	10403
251	152330
6167	6727
344892	390084
1457	10592
6632	220988
4734	9604
891	7531
3859	125115
6130	25873
6229	65008
5515	6500
9183	113130
2521	3181
399	57449
779	27091
1511	6037
6144	6206
6130	6203
890	56992
6130	6161
7110	79571
6204	23049
5611	10525
64951	64960
988	4436
3619	81930
3672	3696
4736	9045
1387	5929
7857	54757
3646	6156
6152	6189
1121	51715
3913	5747
1452	6500
6122	6173
6223	6228
2792	2918
6202	6204
6167	10952
11098	51280
8349	387103
11059	23291
728	6376
3312	10576
2151	2791
4540	4726
2079	6428
10458	100423062
5528	23279
8329	8334
945	3689
5204	6637
3903	326624
51725	142685
92170	503542
3903	84329
5540	6755
6204	6207
1778	5707
2242	5361
2197	6209
4513	4514
932	2358
857	3688
3561	3635
4734	6047
6175	23521
1991	4069
51069	219927
2200	3678
1665	9128
2197	6189
5695	5706
6154	6210
22984	55127
64792	150737
9371	79989
6147	6232
6160	6201
6185	7184
7175	23279
3837	9972
7178	10399
1453	6230
527	10159
79441	79959
64928	219927
9462	153090
2519	5476
3688	6709
3488	7425
1294	2157
2801	6709
55702	56949
5688	7979
259290	259293
1981	6235
10022	56923
6155	6229
5269	5337
1173	9341
51088	144699
5872	6764
3134	6890
8648	10498
1915	6144
1639	9493
6136	6207
2537	4940
7375	8717
2177	7517
1289	1292
3827	51156
6138	6159
3017	8351
10236	10949
6160	6233
6128	6222
2197	4736
6233	11059
11103	56902
9551	10476
1937	6130
720	375056
10250	10285
6169	6209
2633	5371
6194	6223
11004	22974
114	2492
1781	11190
1650	6836
7311	23521
389	85360
6141	6173
6161	6170
6206	7311
4695	51079
388	391
4543	5179
6137	6209
9320	10193
811	3309
2147	2244
9354	23304
6141	6144
8467	79595
10379	91543
891	54908
4519	4537
1783	8615
3978	4174
3191	79869
6125	6136
4141	4677
6234	8562
1277	8974
3685	196527
6218	25873
7434	594857
8301	9341
954	158067
3482	22848
2635	6672
899	51343
5519	348995
332	9700
988	3066
6135	6168
51069	78988
6209	6234
3837	57122
8329	126961
9246	11275
641	2177
5599	6272
5335	10818
8602	83732
1111	4361
1290	3672
4540	4695
2072	51426
6202	9732
545	6233
6205	6222
2917	27199
3675	3912
811	9601
6625	11338
6229	6234
9320	26091
6170	6209
29074	65003
6142	6154
3559	8651
26338	65055
2185	5579
4694	4726
54474	286887
9133	23397
6146	6222
1937	6125
4709	4712
6147	6208
857	1950
4724	7381
84085	154881
56919	57647
2551	4899
2153	3827
5663	23317
1933	6135
1994	9416
904	79577
1933	3921
6173	6230
6233	23291
3833	29127
988	5985
23291	56929
1809	10371
6144	6164
389	257106
1605	3913
9212	147841
5426	10714
2268	6714
7311	9045
3394	6688
1829	1832
54939	55294
6934	83439
51510	51652
134	6376
1915	6206
6157	6165
10890	10971
7314	26263
10890	57403
10015	51534
204	4508
6747	84061
5977	8289
51143	151648
1856	5869
1942	2049
2023	5223
3689	79895
4067	6776
83597	135946
1111	2177
1454	4867
6208	6233
4519	4538
6227	6234
54998	219927
3903	22918
6129	6161
3685	10970
6156	6228
6136	6208
4436	7520
6222	6231
1453	653784
5111	23649
4735	7283
6173	6189
55166	151648
9350	56963
57154	151636
79600	79867
1233	11251
1824	3728
6173	6235
3181	5725
6224	6229
174	2266
4283	6364
4353	56729
11051	55660
4670	51729
6160	6170
5694	5715
116	2740
29126	80380
712	713
23322	79600
50838	51289
6235	6727
1962	7311
2200	3487
6224	6227
6171	6231
22794	23398
11338	23636
5717	200734
6164	6176
4666	6202
6160	6210
990	84515
6164	6173
991	54908
2817	4035
153	155
3911	3913
3192	7536
6152	6208
2792	3763
5515	54908
4312	4314
1445	7525
2026	5315
8915	29775
6165	55176
6240	10051
3181	9128
6208	6229
891	995
6218	9349
1435	3915
8841	79685
26589	64963
2932	5526
10071	374378
3921	11224
6204	6227
6224	6228
26091	57154
7311	10952
6307	50814
6175	6181
51079	54539
3698	3827
3054	80335
3921	6165
6678	7424
6164	6229
10051	10403
6426	220988
6168	6232
8720	51360
3135	3805
640	5079
6923	140458
10914	53981
6827	80349
6147	6175
116541	219927
2178	7398
350	5267
932	326624
87	7525
9277	80135
6635	27258
351	7184
4713	4717
4689	7409
6154	6194
4172	4998
6129	6159
6142	6222
4736	6168
2491	79172
5346	400569
5660	10970
6133	6218
950	8976
112	57413
2935	6181
4829	10886
6152	6154
1495	7082
4695	84833
3688	23209
4172	10036
6230	23049
10799	84946
932	160364
6443	8910
6130	6207
6230	6231
5196	6370
8663	728689
726	831
10381	84790
1499	4233
10749	24137
4736	6139
6173	11224
3181	10713
108	5179
2535	55970
81	9564
5710	51686
2107	2935
6168	6173
5862	5869
10161	257313
9820	26268
6165	6170
1551	1576
4536	4538
705	23160
2683	5660
8341	85236
4331	5436
6430	10949
514	4726
2525	10331
6147	6205
2023	2597
1783	2491
1477	24148
2197	6155
64151	83540
10660	390598
796	6344
6132	23049
6176	6205
3351	6754
1969	6714
1398	5747
1364	100506658
2244	3827
6160	6206
2206	5335
6240	11169
5708	29979
332	10615
7311	27327
846	51289
399	84144
6165	6222
9585	10749
1643	5886
7919	65109
60485	84962
5985	8914
1445	54845
6129	9045
3190	10657
5605	84292
643	50865
983	6502
51264	51649
598	6774
6209	6224
10466	10540
1500	7409
324	5699
6176	6203
2197	6222
3433	91543
4637	10398
813	3371
3267	10618
6229	11224
335	3827
3710	8826
919	7535
2209	6688
701	56992
846	50835
2843	151306
4927	50628
11245	55970
6130	6218
1290	5118
3434	3437
6556	170482
6625	6626
6130	6157
3185	3192
26123	79600
50831	50832
9727	23265
57521	389541
9551	27089
834	114769
2353	2354
1950	5159
8717	9530
51023	118487
2197	6206
5706	5718
10133	81631
5329	27286
4700	27089
6233	84749
9793	11190
11015	51014
830	1604
6205	6206
273	8673
940	8516
6142	25873
5590	6714
4738	5693
2551	3054
9493	10540
10959	51014
26190	56929
5887	7415
2197	3921
23517	84135
6184	6185
6152	6206
6176	6202
489	4853
6202	9045
10427	10484
80168	346606
3181	3190
6426	27316
3912	10970
4829	5737
6122	51386
5529	22919
6147	6155
6157	6168
28959	55365
8453	55884
6201	9045
6700	26239
27089	29796
3921	4736
5685	5700
9055	22974
4700	51079
5048	151246
6210	9349
6601	6602
8477	9002
6139	6232
2099	5241
5347	6232
3921	6181
4512	4540
9509	11173
6158	6176
3215	3216
2535	5599
988	9774
372	9183
3190	23435
6281	79026
3189	9987
6142	6229
1994	3191
813	3913
27198	338442
2967	9015
1230	83756
6633	51690
2956	9126
4678	83879
6133	25873
83597	390174
5351	50509
7311	55670
10959	100302736
5199	6709
1579	8529
1781	9493
51206	80739
56995	84085
4952	9886
4539	374291
26268	84085
6141	6176
4509	4536
54742	80328
3569	84141
23332	57122
6137	6218
6233	83987
4926	5116
23322	26123
3122	3662
6626	10523
6692	6768
6280	6283
3687	441864
6130	6165
8972	93432
6154	6232
5476	5834
1062	5526
5747	7409
6223	7311
1277	4313
10959	55605
3312	9128
6181	6222
5093	6625
23244	55746
7311	25831
6122	6222
920	5335
6181	6227
5869	5870
6202	6206
6228	6232
6222	53918
374	2069
2153	2244
51264	65003
1058	151246
6128	6135
5880	257106
6128	6194
3192	10236
915	3702
6241	64151
353139	353142
1292	3685
91147	121441
6138	6208
10970	79895
6160	140801
2147	3481
6142	6167
699	259266
7311	23049
9184	57405
932	3689
6432	6434
2185	375790
6155	140801
967	25798
10282	26286
695	7525
5529	151246
1781	7531
6231	9349
5519	6801
4695	4725
6223	6234
1639	24137
50831	339403
6164	7311
1968	8661
950	7316
9436	259197
5118	84695
335	336
1337	1340
9782	23435
116372	257194
5330	9002
3191	11338
1894	54443
6189	6206
4736	6176
6159	6234
6154	6175
2975	10621
6194	6209
10733	347240
6233	51132
399	7409
444	3725
1292	3672
4697	4708
6240	10592
6156	6229
5741	594857
2072	6233
1956	5328
6169	25873
5351	5352
1812	10268
705	84154
10813	65083
1911	57504
8697	8945
5708	7415
51676	84541
701	9700
6619	10623
90480	116540
1991	56729
570	7311
2168	3158
1781	29127
5433	10285
146	84109
6453	10552
9782	10949
29927	100526842
699	9824
6135	6218
9611	23097
5529	7525
1781	4735
1956	8976
9790	22803
932	222487
1062	6790
6189	6235
7311	10111
6168	6207
9700	23397
6157	6176
4116	6146
23608	140462
3185	51692
8295	8945
28981	79659
1329	1350
10733	79441
6164	6208
6150	116541
6133	6176
5954	7184
1084	2358
7979	9978
945	2548
1933	6227
3122	5641
399	5879
1277	1289
26190	55236
9437	259197
8349	121504
5861	10342
9757	23067
472	5884
6165	6231
4254	5777
4725	27089
963	3683
6993	8655
9972	51692
3915	11098
3837	10575
1292	1303
4853	10046
6164	25873
2358	23601
6709	11014
51	6233
5077	6663
6189	6224
350	2266
2792	128366
11059	65264
7311	64750
1161	7518
966	6711
4599	55008
6137	6232
2692	5745
5339	6157
9632	10483
1938	23521
6202	6222
2770	5599
5338	5579
4171	4176
3619	29127
6158	6233
4049	4050
6202	6223
23014	56995
5587	112476
6223	9349
6128	6181
4736	6208
197	5005
10112	11127
6434	10432
90293	221687
7517	10524
9892	10092
2247	6385
3689	84418
1903	57007
23020	51729
8334	8969
1315	4905
6208	6235
1956	5796
6129	25873
9739	25942
11190	55142
813	3491
6194	6233
3491	11098
51602	84365
4867	91147
54587	54757
6714	7402
27340	55720
5872	8766
348	5360
2491	5903
3880	4072
2971	51082
113130	151648
51692	80335
8648	9968
6426	6434
6207	9349
6189	6208
6128	51010
871	1290
5584	117583
567	3133
2222	4047
23309	79595
9371	51014
3014	54069
6635	83443
7979	139285
10671	51143
5657	23197
6142	23521
120796	344892
6159	6189
988	9611
5879	8976
661	10623
10618	22848
9793	79172
2814	2815
1994	3190
7453	8565
6176	6204
9495	10369
1356	3488
11173	170689
3921	6130
7032	7033
6234	7178
9793	22974
10236	51729
3361	4283
684	8638
783	2784
6201	6218
51429	54874
10885	22803
9183	9585
3619	10592
4736	6218
8365	85236
2125	11187
6159	6210
7153	9700
999	4072
3115	3122
9787	11339
988	10592
5741	122876
5717	10575
3702	9402
3491	51280
1933	6230
3030	3032
6147	6168
1062	3619
4670	9128
3619	83540
7316	64326
6868	11319
6209	55127
5879	10552
2537	10964
1778	10112
5725	27316
3191	4670
6204	25873
1933	6193
4725	7381
8349	333932
222487	338339
2205	3702
6161	6167
522	9556
5928	192670
127247	131405
6137	6139
4069	6037
5179	6750
3183	5094
6155	6210
26589	64928
23	988
2206	3702
10412	23517
6754	50836
778	779
9183	10274
5000	7311
5368	64805
6224	140801
11095	157869
1994	10236
26235	158506
60	2597
88	4626
1058	55355
5707	54583
23526	51816
3482	4905
6133	6206
1453	10121
2071	9015
867	10097
25885	55720
10425	79876
9787	259266
8289	57492
1670	1671
6143	9045
2634	4599
55114	89941
6161	6193
846	5737
5878	9341
10907	51690
6625	51593
11314	100049587
10236	11193
7428	10425
10426	11064
1462	3491
1933	6224
50838	259287
6136	6181
5440	10302
3672	9564
1933	6228
567	3660
4361	10635
6122	6160
4116	6218
1386	6602
4540	4701
9833	29127
8976	115548
1022	2810
7311	54363
521	4701
5747	375790
9793	11004
3675	4233
3895	5879
10576	10693
11014	51014
9690	57154
2197	6176
2197	6181
6434	220988
80184	91147
6194	6234
7516	11073
6143	6169
824	5829
8993	10394
5870	57511
8843	50834
1669	1991
1933	6205
6143	6173
9320	26046
8317	23649
5571	60673
287	6326
5516	81930
3854	3861
3192	6434
11004	81930
5707	23526
5725	10291
10536	55214
1457	10051
2923	7184
6133	7458
6155	6233
3192	5093
6631	6632
5335	7305
84648	353142
6135	6137
974	2213
6233	7132
521	1350
4116	6173
3178	3192
6203	6233
9343	51729
4734	26190
10803	50865
6147	6157
886	3061
6124	6141
6218	6233
7272	9700
2491	6249
6164	11224
9320	51132
8449	10992
2683	2720
1933	6176
4620	8735
1946	5294
8697	23291
10489	23295
9875	27340
1234	1236
996	6233
1794	9844
896	3717
988	9126
966	3683
1434	3838
890	55165
1650	6130
6169	6232
1241	56413
3855	3880
9320	10489
6201	25873
3619	8243
54148	219927
11176	23309
833	2617
1938	6142
5693	5705
6133	6167
55215	64858
462	2159
2197	140801
4161	7432
7164	152503
70	345651
5868	51552
9730	64682
2921	6754
1781	5516
6159	6201
2048	25791
6194	53918
3178	10949
6160	6232
51602	55759
9700	23122
570	6233
6146	6173
6128	6130
4736	6189
4709	4724
640	3932
6202	23521
57154	154881
6189	9349
2935	6234
7003	25937
51692	55746
6208	27340
3683	3688
7514	9793
6173	6176
6203	23521
4033	5660
2863	55970
29093	65003
302	23526
3684	79895
4512	4541
3675	3918
6154	6158
6160	6227
1665	1994
6203	11224
55168	64928
9133	55355
5725	7536
6133	6207
3491	7184
1292	55214
5438	5440
1829	11187
7321	65264
1660	1994
9738	347240
29074	64928
54778	140460
80097	653784
4172	5426
1511	4332
8178	11267
6204	11224
683	338339
5747	11099
2782	26086
8351	126961
1000	1009
1291	10491
6602	6605
10403	26586
6176	23521
1366	4072
7316	9341
5930	140460
3354	11255
1981	6168
10574	22803
3488	7857
6154	6233
10693	22803
6625	10236
84464	201254
2790	2837
351	7466
51382	79895
6373	10563
5500	10398
566	1511
1282	1295
3553	11213
2920	55970
6141	6222
26146	79659
6133	6165
2034	9314
3482	10618
6136	6173
963	3685
51129	85441
6159	6175
974	1445
6207	6228
6232	7178
1398	1793
9320	144699
27258	57819
4514	4538
6164	7458
988	64682
8689	121391
6230	140801
9927	10059
23601	338339
6237	10371
6176	6235
1268	9294
1161	51426
8329	317772
2132	6385
1793	3071
7425	7857
87	51097
146	2922
80018	80155
4736	6235
5715	11047
7133	8740
6128	6189
1814	259285
9329	84265
6128	6206
3339	7045
6234	6235
2359	11251
1508	1514
2197	6173
51692	55749
6141	6193
10274	51143
1855	81839
3827	5345
23223	26155
5861	326624
2847	2911
11176	79595
7335	55905
2033	56655
6124	6206
3184	3191
988	4173
5695	10213
5870	57403
51645	85313
6169	6218
351	126006
9076	137075
3119	3127
891	2491
641	5426
163	54874
4736	6154
6135	6202
6157	6175
1017	10926
6234	8666
1453	7532
521	7381
10022	259292
9716	23350
5697	6750
1495	5795
2932	5711
6175	6207
187	56670
1933	6206
10489	79654
2197	6125
1398	3937
6147	6210
1937	6138
1029	1030
4999	5558
5684	8312
2975	11128
1981	6230
6228	8662
10857	196527
5901	729857
10053	130340
6128	6173
10574	84617
6714	9564
3192	6625
1062	1894
5471	10606
378	10959
4172	5983
3133	3660
8881	63891
25978	51652
950	3482
6405	23654
23197	56729
6208	6223
4736	6175
2817	5673
3886	54474
6133	140801
9716	10236
5451	55718
3797	28981
8451	55208
26271	51053
6161	6205
3190	10236
5660	55970
4700	4717
4543	5173
3376	4141
4862	5054
6129	6170
10959	22872
1793	10458
830	1315
5451	23248
5516	5529
1994	220988
9126	23279
28998	64960
1991	6037
197	3827
7316	7328
5708	5887
389	9938
6632	6636
2519	11098
2533	3937
8243	57082
5335	10920
10849	25885
288	2348
6091	7852
3181	10236
10298	375790
2519	51816
1385	5594
7388	29796
2359	5196
383	1669
3156	4598
10885	26155
6223	6230
3181	4670
1050	7124
1062	10403
8189	11100
955	374659
50838	259292
2158	5045
6233	8445
6923	29945
248	6975
8394	23533
4008	55236
1058	11339
7283	22897
23586	83666
6124	6202
2719	135152
108	6750
6152	6227
1453	8945
226	5223
11224	23049
54578	54657
4713	51079
10540	57511
23014	143279
5903	7514
6146	6160
4700	54539
11202	25818
3827	5020
6136	6170
163	5878
60560	80018
1287	3688
2033	9967
8541	64130
3856	3875
971	973
10236	10946
2633	8638
1294	1295
10869	63891
156	2121
1453	2197
3192	11338
1829	2125
4540	4707
10075	54926
3903	10970
79682	151648
1555	1557
6173	6202
6137	6210
57551	79172
2841	63940
972	3115
9879	58517
336	2243
9700	9787
10552	23149
3135	3821
10112	54443
7004	25937
51382	222487
6161	6173
274	23149
6170	6188
5339	6133
1902	2767
6193	6222
6128	6157
4666	6129
3921	6232
2205	2206
23304	64682
643834	643847
6135	6156
6129	6175
6159	6223
9510	11096
11275	283807
164	25977
996	5717
6133	6135
23327	79176
813	5954
6181	23049
4538	25915
3091	4088
6428	6434
197	2147
1062	81930
6228	6234
1956	5879
6601	9031
1633	2987
50835	259293
5518	6133
6160	6223
1302	50509
1856	7314
54534	64928
566	4353
1950	2277
10749	51014
6130	6167
3921	6160
4540	4712
6170	6175
1981	6175
8697	65264
3725	9070
1325	6373
972	3119
4173	23397
3685	5023
3174	6927
9371	10112
567	3107
6385	9672
6161	6232
65264	143279
7089	83439
391	8503
27316	55749
51203	55143
10640	117177
10403	55355
4736	51187
7298	10403
10412	79039
988	64425
1289	7373
80184	121441
3837	3838
29074	219927
389	57449
705	84549
1783	10112
2197	6210
3915	7402
3921	6139
391	9743
6156	6164
6171	25873
3921	6203
4712	29796
8648	96764
5501	9700
6218	6235
8337	121504
6133	11224
3433	10379
6193	25873
23160	84128
34	6256
4710	4712
54575	54600
891	5515
1398	6714
5437	7874
6129	9349
7337	23309
5528	9793
4734	23291
10153	79954
2623	2811
6136	6201
3913	4233
2918	10563
10900	284069
6205	6228
1783	11316
5747	7454
6167	55176
2799	6386
6138	6202
9341	54874
3978	4171
1783	22930
4736	6202
1058	57405
6135	23049
2971	3146
8337	317772
2064	5599
4736	6234
904	6667
6141	6161
10920	150726
11274	23586
389	6453
4867	23322
1281	5118
22948	84790
79895	222487
6203	7178
6154	6159
4088	57154
7373	10536
3308	5903
6204	9349
988	5062
1062	83540
4712	4726
6128	6171
641	4439
55124	221400
891	10112
6201	7311
6878	8295
10274	79172
6229	23049
1859	5928
3797	26146
5179	7857
6137	6167
3187	7919
5585	8334
1956	54874
1398	6461
6189	27340
5351	7373
7321	84962
8945	55832
988	10914
1915	6139
29796	54539
3433	4939
11113	259266
377630	401447
9820	115290
6125	9349
8349	26147
3491	3685
4939	10379
1933	6175
8337	126961
2358	57153
3619	5501
4686	8021
1453	6204
5777	10630
1365	24146
9493	51014
1499	5708
2081	7494
746	100128731
5432	8450
57545	80184
6233	9732
5048	79003
3071	8976
6205	25873
26123	79867
6453	8322
930	973
3320	84131
580	1111
2186	23067
3675	3685
6133	6136
974	3635
6850	9564
374	2153
6222	6233
6128	6154
5954	10970
5438	23524
3915	375790
1062	259266
3559	3560
868	5930
4116	6206
1639	8729
2205	5335
2957	5433
6167	25873
6169	6203
2935	23049
6168	6176
5928	25942
7314	64320
6152	6228
5695	51371
6132	6170
5339	6234
6189	6229
2521	3190
6631	51503
6154	6170
4670	10949
2222	3422
6122	6161
6142	6181
1965	1973
81	1495
6233	6868
1063	9833
3672	3685
353142	353145
919	3122
3921	6144
6209	6227
6167	140801
22984	79707
80328	353091
1116	10394
7317	140459
25	10163
9700	348995
699	5519
111	9283
4508	4519
3797	9493
1277	4060
1237	8811
6227	10952
1173	5869
4297	23269
1991	4332
1555	1577
5878	8411
54577	54657
6453	54874
2200	401138
9886	84144
4548	10768
684	10379
6125	6159
419	390243
3178	6428
6168	6210
26118	51088
3856	3866
4584	4588
6146	6224
1292	5033
5493	11187
10523	11338
6152	6168
623	56923
552	6866
1291	1295
302	2799
1043	2350
90550	91689
81	5829
4726	9551
51715	57403
1173	5962
2792	10563
6167	7311
1936	6132
7094	22906
8568	25926
1337	4697
2691	59350
7479	7484
10282	10959
29763	51429
3071	3320
6233	158506
595	4602
3486	11098
1062	79172
6173	6201
23244	57551
5443	53831
4599	10561
1794	5880
6233	54778
3688	9564
2768	2783
5711	7311
6160	6164
1536	338339
1500	84962
25897	27252
3178	6434
2861	56923
9604	9867
7317	89890
2788	50865
22919	22974
4709	51079
8337	8347
2064	2886
2048	8976
10324	201456
966	79090
8689	9119
3684	53831
6122	6158
8816	51122
6170	7311
3054	9739
3445	10379
1933	6152
5037	10256
6189	6204
1462	10082
2243	3698
5660	6376
3434	10964
4736	10399
5696	6890
3832	64151
6139	6154
3396	51081
25873	140801
6139	6147
6137	140801
824	7525
6633	84844
7272	55635
23304	23376
6130	9349
6139	6201
9212	25906
57545	121441
6124	6224
6628	55110
6173	6233
1462	7184
25929	57122
9801	64965
8895	10970
6159	11224
6556	100049587
701	8243
285093	390191
950	22905
1500	1739
55008	151636
6170	6229
6160	9887
604	933
830	5048
4041	6422
3267	5868
5433	10772
1830	3713
695	3055
6167	6176
23279	55746
6142	11224
28	2524
111	10268
6144	23521
6156	6165
7337	197131
683	932
488	4853
6632	51690
6234	7311
25831	57674
6193	23521
3190	55749
302	79026
1915	6159
2892	2903
7514	23122
5438	9978
79501	285093
7474	8324
9744	51454
699	10274
6129	6133
9700	10592
3980	6119
5441	7314
6139	6160
1994	55660
8969	85236
344	9672
6203	6222
5931	6839
10618	79571
2535	2790
258	9210
335	338
2207	2212
891	1062
5705	5718
1639	3797
2792	65055
3619	51143
2735	79809
63967	84515
6993	10755
6122	6205
332	79172
6146	6167
6128	6229
6154	7311
54663	84365
6206	6218
6181	6234
81930	113130
2846	2922
6170	6233
1946	2268
51728	79622
47	1431
156	301
2185	3685
3192	10523
27095	149111
1062	10274
1233	5196
5529	5711
3055	5788
5869	7316
335	4547
2033	6872
6146	6727
6175	7178
996	5708
3301	3320
7272	10733
6422	7474
6161	6194
7476	7483
8548	64746
6147	9349
10201	87178
4736	6230
6165	6203
6152	140801
5371	6672
3619	51203
3688	3918
1350	7388
2358	6556
3663	23321
3122	4261
3107	6672
26589	51069
904	5451
3355	5173
2033	6233
22948	84617
595	5708
3842	54464
1000	6591
25827	115290
6188	6230
335	51156
22905	51429
1933	6129
2968	57804
3673	3675
9320	57542
2980	2984
1634	4314
1121	79090
50628	129401
6158	6175
1277	22801
22974	203068
917	29993
6209	6230
3192	23020
6209	7178
10489	54778
6233	9349
6136	6144
6203	23049
1406	4901
1783	10959
25873	55272
160	1601
6233	126961
7200	84634
259292	259295
1387	5469
8666	25873
5425	6117
6164	6170
6181	6209
23197	79139
391	80728
219954	285093
55143	113130
983	5000
972	5641
811	813
332	259266
6432	6628
6170	11224
23291	55236
160	22872
6752	10563
4205	6938
7316	11001
2491	151246
53829	59340
9611	9967
2197	10952
87	6714
1287	8974
4713	9377
1969	2048
680	4829
6158	6189
3685	6850
338	51156
4830	4831
1495	4301
11339	387103
10155	201514
3490	6696
6130	6139
6152	6188
5347	10112
4736	6125
23309	51742
4602	5432
6863	84432
22930	84516
5868	10618
6202	140801
23521	51386
6141	6234
3434	8638
6161	6228
8648	9282
5878	10552
6232	7311
3222	3225
9787	10112
4536	4537
2317	3688
6741	9533
7337	9320
6428	7536
595	5707
6169	6206
945	3163
3009	3024
6167	6194
383	3240
10890	51715
9055	9133
27339	57461
2071	2967
10574	10693
55142	203068
6122	6207
6210	27340
9887	51065
2197	6144
6168	6231
5725	51692
6175	6203
6754	50837
2776	2788
3688	375790
4541	4726
1981	6154
8875	55350
6133	6222
1793	6461
659	1386
3911	9459
890	7272
3620	169355
6202	6229
6128	6161
3133	6890
891	6790
501	51166
28998	57129
1605	375790
6233	54677
29074	54148
11015	25839
7337	10489
5518	6164
6147	6202
1136	1137
6147	25873
10575	22948
1387	3064
161	24137
4116	51639
51465	84541
6155	6169
9277	84154
6135	6194
932	79895
185	2642
6133	6138
55831	56851
720	721
10552	22905
1857	27130
4519	4536
51676	115290
51	5194
3491	11167
152	2916
156	55970
10121	11014
5829	9844
4512	4538
6135	9045
8192	9361
6169	11224
57082	113130
6176	51187
993	7027
90	4088
84105	347732
51264	64928
6202	9349
9212	83461
1022	5887
3579	729230
8945	10075
6164	6194
87	7044
6157	6164
2918	6752
2359	5473
3437	10561
351	27242
4867	79867
4008	144699
1347	84833
4736	6193
6189	7178
5624	10232
830	10282
3838	6790
6175	6202
213	5265
102	5795
6201	6234
4111	158511
5702	5706
10540	121441
830	11127
3921	6168
5546	10262
521	10632
2935	6203
6128	6201
4726	27089
617	26517
9276	51014
3123	3127
6208	55176
6616	23218
1669	56729
4706	4717
6168	6218
3054	81887
1829	64065
3619	9126
6155	9045
301	7852
399	9938
6133	6168
5266	6707
3156	3157
695	7454
4736	6169
2255	26281
1843	3304
8570	11052
7328	51444
2786	6750
4724	4725
4670	23435
5318	11187
8886	55127
1595	3157
6790	24137
6137	6168
6170	6234
7098	7311
1665	3191
5684	8658
9221	23160
6047	9320
10053	152503
1299	50509
1832	5493
11014	23046
10574	22948
238	943
3886	286887
9382	10905
1462	84141
302	6281
6147	6233
4436	51434
1398	9046
9883	23511
10403	151648
5501	7159
2131	2132
1081	7253
6836	9276
8065	9354
9883	55746
197	335
6136	9349
7415	23526
1129	8322
4641	11127
6923	64682
6229	25873
1232	8843
6122	6164
6233	22888
6164	6233
6207	6227
8925	54778
251	137797
5290	9208
4514	4519
3213	3215
518	521
54620	80204
2886	5155
4512	4535
6130	6233
1830	6699
4141	8565
3688	6774
160364	338339
5578	9564
7311	84133
4116	6132
10250	11100
5435	5441
5878	23011
10193	54778
53981	348995
5286	9685
55143	220134
1576	2326
1495	6714
4700	55967
6233	7844
6159	6232
2791	94233
6141	9045
673	57498
833	4677
4666	11224
2792	5741
158506	285231
1398	9564
10857	64386
3191	10523
905	5431
6827	25920
3882	8689
3640	387129
2767	7204
5266	6699
9643	93621
904	2967
6208	9045
10959	11015
5879	50807
6128	6175
10970	196527
6616	11322
9879	23517
6210	6218
2740	59350
6141	25873
831	5747
719	945
6193	6230
481	488
10403	11169
3094	57649
2033	6667
4116	6632
7272	26586
26190	54778
1665	5725
6125	6202
6144	6209
7516	348654
2799	23526
2735	132884
8886	79954
5684	51053
3685	4035
6218	23049
9055	11113
1938	1975
5717	9020
7456	10458
7373	283208
6161	140801
973	29760
6168	6209
344892	387748
4303	5901
2243	3481
3066	84289
2036	8573
6376	50837
2912	6751
6176	6229
10051	64151
1778	6249
183	3357
5903	79172
1281	5033
3184	4670
5435	11325
514	4700
3191	10492
27340	57647
6167	6206
6628	6636
6164	6207
680	2798
4841	6421
9341	22905
6125	6233
1129	5733
6141	6202
6223	8562
389	7409
6188	6204
2206	2207
6158	9349
27327	80012
6176	6224
10112	64837
6635	6636
3115	3127
4173	8914
6125	6222
5879	9564
4853	6233
2935	6157
9320	54778
7343	9013
3693	7525
3434	23586
2797	2828
7412	388646
6201	6222
5903	23332
6790	22974
996	54778
9969	10499
2634	115362
9320	9604
26589	219927
6193	6202
6189	6193
54821	151246
3619	24137
2033	5929
9655	90293
5878	10254
10112	22974
7311	55669
1915	6175
10919	29945
4695	9551
6164	6168
5094	5725
51166	125061
6128	6204
26046	26268
2359	56670
10970	11322
988	3837
6144	6154
4116	6152
6170	23049
1956	2247
6193	6203
3913	9459
6167	6173
151648	348995
9341	115548
9126	9793
6631	11157
2185	6461
991	1058
4116	6168
51069	55168
830	57511
10427	11196
6130	6159
1665	84172
920	29988
54821	79172
10155	284309
23028	57504
6218	6222
51096	57696
3212	8338
11338	27316
6142	6165
2033	10735
335	345
3673	3688
1915	3921
335	462
10403	83540
10254	23149
4694	4724
1398	3055
22872	81562
6201	6223
6130	6201
113130	147841
988	6602
197	462
6167	6229
6625	10523
6147	6201
301	302
4736	5339
7328	9690
344892	390059
4707	55967
3579	55970
6135	6144
521	4694
121504	653604
10425	84085
6144	6159
5725	10492
6130	6141
108	283869
6189	6218
1983	6223
3313	5903
2935	6173
8881	29945
8729	9276
6317	6318
6628	8683
6128	6203
2521	4670
1906	2863
161	6233
4904	10465
988	23435
51649	64928
5879	6249
3320	85378
163	6233
5717	126374
1329	4726
11251	94235
7153	259266
9782	27316
3594	7297
9212	23397
4436	23028
1786	8349
4867	121441
6428	7919
3479	7044
2635	5371
57647	84916
1933	6142
2268	6774
25926	84128
5286	6272
988	11193
51203	56992
10112	11113
966	11314
79473	344892
6124	6189
6136	6206
196527	326624
4736	6229
6631	51645
6138	6204
8687	8688
6139	6176
1994	10498
4116	140801
9126	23063
6223	6233
1495	1500
1398	5599
2185	5879
1453	6222
890	26586
5436	57819
5880	9138
5438	85437
154214	221687
3635	5294
6206	6230
6279	6280
6155	6161
7525	11099
3921	6228
983	10733
54677	83752
1605	5829
8729	10121
3912	54972
2767	9002
226	5315
3920	5660
727	56923
6136	6202
6158	7311
1629	4967
5725	9343
5441	79035
6167	6222
2792	138883
3091	7316
10963	81570
345	350
79132	91543
699	1062
5879	257106
2491	22919
6232	140801
5430	9611
338	4973
6155	6156
116	94235
6142	6218
6157	9045
332	10112
26268	57531
79583	80184
29984	54509
6132	6171
6124	6173
1524	56670
6152	6231
6168	23049
5747	9844
5048	54821
2147	3827
6133	6158
797	7253
302	10383
514	10632
6156	23049
5747	9475
1277	9509
3434	10561
25937	51421
2177	2189
5528	23047
6776	6777
6154	6227
5558	11169
6432	6632
1781	84962
344892	390083
10155	80110
8243	79172
5004	5005
5029	5724
6233	26130
6147	6170
1236	5443
4540	51079
6176	6230
113130	220134
5984	10403
1741	22941
2923	6185
6160	6167
3882	286887
1387	10499
6233	26190
6138	6206
6210	10885
6233	9101
4128	169355
3921	6154
6518	84329
1365	100506658
6160	6229
8087	9444
6144	6203
1315	29127
3091	84962
3664	23650
8349	126961
6122	29997
8131	64121
6164	6218
5515	10776
2491	5519
5179	50837
3202	3204
1650	55754
6160	6189
9918	54892
5699	11059
6146	6218
136	2788
2243	3026
389	5217
9183	151246
3984	54434
6129	6206
9739	9757
2266	51156
4670	6421
9604	23291
890	151648
1084	160364
10890	11021
23304	90025
659	4088
566	5657
2537	3437
1778	121441
6132	6161
1639	10540
9742	26146
635	29958
25926	117246
6383	10082
26091	64750
2197	6204
632	4094
1933	6133
871	10491
988	203068
7311	121504
2517	2990
2159	2243
521	55028
3135	3663
1981	6233
521	4724
5599	9043
5579	9564
4436	254394
4171	4174
3685	326624
567	3105
996	9491
3698	51156
51116	92399
5862	10890
5335	6850
6167	6204
727	10022
1605	9459
5429	56852
4736	6205
9968	23186
6228	140801
1783	6709
6138	6229
2782	115557
3675	3693
79050	317781
9700	57551
996	57674
977	5339
991	6232
8349	8969
8175	10181
3850	3892
332	9833
6194	6232
1161	5887
10841	200895
350	462
4076	55226
5529	5718
4069	5199
5432	6205
10574	10963
6167	11224
6129	6167
26232	55527
100	4907
4297	8085
10269	23463
58	5879
226	7424
1994	10492
6868	7311
89910	154881
4172	10714
4646	23607
259287	339403
9879	10949
3487	3488
1981	6135
3014	8726
6152	6171
6202	6209
6167	6235
5868	10096
886	887
5685	5705
5885	286053
6168	6202
8334	8365
117	2792
1906	6375
8560	10970
3340	375790
9918	259266
3678	5329
7272	56992
6125	6189
6748	90701
1431	4191
6146	6235
6138	6210
1717	50814
722	725
3320	10963
6217	27335
2132	2817
3915	4233
51071	126133
5501	25909
117	594857
2848	3274
25831	90293
320	5864
5519	151246
9739	27327
5437	23524
3190	7919
797	2786
6233	8945
9183	10403
2033	8243
932	3903
6147	6235
1088	23601
4736	6130
332	9787
3799	10112
8570	22894
10575	10728
6709	7077
1793	10152
695	3937
9833	11339
6147	6165
6124	6146
5984	23649
6124	6230
6227	6235
10112	29127
26190	54165
5194	7311
3978	4176
8544	10787
1933	6168
58505	100128731
57674	65264
6137	6160
8337	333932
7311	56288
6128	7311
6135	6139
6698	126638
3675	3683
6175	6189
6144	6181
6700	353132
4539	4540
2107	6234
28973	56945
2963	6631
5985	63967
10733	132320
57531	90025
10250	10772
4726	4728
23310	64151
2968	6882
963	5795
6137	6173
9133	56992
1660	2130
27340	84916
9787	9928
6152	6218
6176	11224
6137	6170
8924	23030
23524	51639
6142	6143
3609	4670
1536	3163
1058	55143
10112	10749
6707	126638
6164	9349
7057	56999
81	7057
3887	3892
6714	8976
2197	6224
1933	6201
23291	197131
5516	5598
26354	54475
3488	54757
2695	10266
64131	375790
1457	23411
890	4999
4539	4541
945	10857
4509	4538
4088	7048
51715	326624
1642	5931
3422	4800
6224	23049
8329	653604
4735	23265
932	10970
4886	4889
5657	6037
3106	3659
6829	54623
4538	91942
1281	7373
1500	4646
6130	9045
9459	29984
1289	1291
701	9793
1459	9918
1781	10540
55839	55920
1969	3055
7098	7184
7311	65264
2967	9014
57630	83737
7021	83741
6128	6143
10291	27316
4361	6117
7249	57521
6209	55272
6626	220988
6209	9349
6203	6208
2185	2268
2177	84126
5700	5702
1314	10802
3015	5436
983	79959
9636	91543
4734	22954
1453	2801
51143	113130
6155	6234
4584	140453
6133	6224
6139	6193
966	10970
699	9700
1727	5594
6135	6224
4697	27089
9585	81930
6157	6233
6142	6210
831	3688
3339	3340
7317	9820
6128	6207
2691	5739
2185	3688
6874	83860
9883	23165
123099	340485
3008	3024
1290	4060
2107	5515
2197	11224
5500	5516
10293	200845
389	117289
6636	84844
567	3659
3903	11314
2633	117854
6141	6142
3071	10458
1604	51014
1956	2064
4947	5716
6428	6430
3998	22872
51023	116540
5054	5327
4738	6923
3685	5817
1290	3685
9133	51203
11314	79895
4240	51280
6152	7311
6210	6235
1933	6233
5528	11004
6921	55284
56670	59340
51602	84549
53981	79869
6142	6175
10946	22826
920	5286
2186	8467
6230	11224
6774	9021
4708	4725
5609	9181
6141	6205
8514	57153
80224	374291
7311	83987
22981	91147
7311	285231
1983	23521
187	94235
3937	5335
7043	10916
1364	137075
5692	5710
3437	4939
8816	79269
1173	2535
7314	10980
1933	6147
3376	4677
5746	59350
4509	4519
727	50835
3685	9564
6135	6152
10540	57545
3884	100653049
6122	6157
5777	7852
6157	7311
5436	7936
6139	6164
886	2922
1230	55970
5869	23011
2132	375790
6866	8997
6144	6232
6165	6228
6202	6205
6141	6223
3560	9021
4014	5317
6139	6206
10714	23649
4717	4724
383	5657
10153	84154
2058	4141
2767	5599
3093	27252
891	8697
23279	81930
5822	10885
4736	6136
51122	54165
8349	317772
6227	25873
990	9156
9188	25885
4085	79682
1069	4867
4992	344892
6135	6154
351	10130
400	60592
685	1956
2042	2045
4069	5657
351	83706
6167	9887
8178	55840
26523	192669
871	1292
2786	50837
3437	91543
4035	6385
6181	6233
388	64333
891	22974
79659	92104
1994	3192
51350	112802
3886	8687
9685	10618
3920	80331
80184	84962
1665	55127
1548	1553
6143	6206
9666	115290
8349	653604
9133	113130
54474	121391
2203	5213
966	326624
8945	9820
1394	4160
3611	6790
8295	79595
6625	8189
2776	27334
6133	6193
80328	116372
3683	326624
9350	148738
344892	390067
186	3350
6159	6188
7514	79172
27316	51692
10484	11196
3875	144501
51069	64928
3490	84141
84231	90678
51196	80271
890	1058
1073	54434
10193	26118
1994	9879
683	199675
915	7535
3685	6385
6455	8673
3915	59277
5725	8672
6161	6176
1933	6189
3897	3912
1958	4665
6136	6228
5701	5715
3886	121391
7204	10316
6181	6223
26146	92104
1282	8974
332	79902
972	3123
6160	6231
8976	10787
3796	5515
6130	6194
6182	65008
6202	6230
2153	2159
4528	28973
1991	4353
5519	22919
55168	78988
6157	25873
9742	55112
5048	121441
4736	6228
3433	10561
10096	10097
26005	121441
11157	51690
4736	6188
695	8976
5438	84844
566	4332
6169	6223
6155	6193
932	945
3673	3691
2237	23649
6159	6203
3170	3651
930	933
6224	6230
6202	6224
1994	51692
4035	23621
6176	6181
1500	1942
9138	29984
6139	6168
163	7311
699	9928
26046	140461
6189	6205
55125	55755
6147	6193
5094	84991
2557	2560
5880	80728
6746	28972
3799	24137
9793	25909
6159	6207
6160	6165
4173	5422
6124	6138
6156	6159
6207	27340
6667	57508
2491	3619
6139	6222
5036	10576
4736	6203
28987	51388
8924	10489
5741	8074
2071	9014
6218	9045
5438	51755
2588	9798
932	57153
1121	5869
6754	9568
2847	2918
6773	10379
6228	27340
6207	6233
2625	5241
109	59340
8453	84085
1983	6205
9212	26271
6136	25873
23283	55749
6156	6201
23595	51053
3837	7175
1314	10959
26146	150737
1062	24137
4208	5533
1793	9844
6136	6142
1902	2185
57405	113130
7204	10800
6396	9871
51264	219927
8453	9870
5023	84329
3684	3687
1017	84515
1956	3918
29127	64837
3191	10921
4092	5500
5529	10274
5433	9879
6170	6189
5433	55197
5424	5426
632	3381
7336	9867
4853	9253
212	2038
945	2207
213	5340
6136	6229
3339	3915
3909	6385
4542	4646
79954	84154
2266	5345
840	3672
2197	9349
4695	4724
6147	6228
11252	29924
3357	56923
9655	50813
3357	4829
27316	84991
3920	6836
5861	10484
5694	5695
8365	333932
1536	8655
55143	57082
11338	23511
3181	3191
8924	8925
9700	29945
3185	5725
6224	6233
3313	9093
1191	2162
6157	6204
1398	2185
4172	8914
3190	4670
10960	51128
29945	63891
7044	51097
1738	4191
6125	6129
5695	5700
9040	10517
6517	84246
6181	6206
54908	151246
3191	10657
6193	6231
6142	6160
1111	10524
1356	3487
5903	6633
4695	27089
2491	9793
1121	5862
4886	5733
9126	9656
1453	6229
6122	6168
5707	10577
3913	6714
6217	11103
23397	55143
79090	90411
6146	6206
6152	11224
8945	25831
2107	6137
28	2525
6950	10575
5699	8945
147	5021
657	9765
3364	5810
6189	6207
2224	6721
6136	6188
1942	1945
54821	55055
2358	160364
6129	6136
10902	54617
6169	6208
8687	121391
6625	27316
6144	6208
1060	348995
1347	4695
7536	10250
26	10562
353137	353139
26494	344892
51676	140739
7184	7466
9585	10112
57154	64750
1499	7534
3576	50837
3013	8365
6625	23524
3912	375790
999	9839
5023	326624
6129	6209
4686	9128
9002	55970
2195	7124
3852	3860
1453	6208
26589	28998
5829	7525
10403	23310
3014	79682
4540	374291
10618	26130
4584	26290
6139	25873
5795	9522
10412	10607
890	7298
351	7042
1241	1902
10394	56729
2801	11014
7536	27316
4710	4726
6049	26224
2033	2072
699	10403
54069	79682
6152	6201
9793	55755
2804	64746
4591	65264
51429	54885
4697	29796
3122	54331
25885	64794
5094	9416
7316	100302736
5526	81565
26268	64682
6204	6209
127247	148581
2237	10714
1062	9493
671	5657
6204	6228
57678	256356
338	4036
10013	25942
353137	353142
8351	121504
23332	57551
5707	7415
967	5660
9371	55605
3107	10475
6124	6228
462	51156
6203	6232
6154	6234
27327	84441
6036	6037
6130	6168
6154	6208
4736	6156
1650	7841
857	64750
4852	283869
3897	57698
1431	2747
1453	10427
1291	5033
971	974
9730	10425
6135	6229
55759	84128
5657	8635
10236	51692
51645	57819
4005	4602
10236	10921
55143	56992
6206	6233
56729	126014
54874	115548
108	50836
501	85007
6132	54512
3339	6385
2268	5783
2268	5829
5861	10749
4172	9700
4008	79176
9867	10193
23279	51143
336	3698
161	5869
7311	11059
846	6870
3351	9568
8329	8365
2539	3098
187	2359
3675	3914
6233	8295
10092	10109
6125	6135
2935	6169
332	54821
9978	81559
4116	6160
6122	6208
5436	27258
891	55872
5700	5706
5566	57787
1499	128239
388	26084
9219	23186
84962	126374
8992	23545
6164	6232
3320	9844
86	988
10274	57551
11065	83461
6142	6156
6175	6222
4670	7536
6160	9045
9276	11014
695	5777
6206	6222
942	7525
5928	8085
26224	283807
1655	11325
6222	6224
83666	151636
9793	84131
6222	23049
4700	91942
23586	55601
1398	1794
1387	2033
2207	11314
344892	347468
6232	7458
5932	10721
2792	2911
3725	6591
5707	84962
1933	6218
8349	79101
1662	9136
7316	10552
1277	10536
3190	9128
3106	3133
6125	6160
3799	9493
54998	64976
55970	126006
6208	6218
909	915
5970	7189
622	56898
3178	6294
8673	10970
8349	79019
6128	6129
64318	79954
6147	6194
4313	6678
2033	10499
9767	11143
890	9787
6672	10475
6790	121441
7311	92421
3178	3184
1356	54587
174	3827
26524	126374
2817	6714
4828	57105
335	2266
7305	100049587
51014	55738
699	57082
990	10051
6193	6208
185	186
567	6890
6133	6201
5829	9564
705	84946
1933	6210
1350	4726
55832	57542
3305	9530
26249	140460
5741	10266
5868	7879
4694	27089
121391	286887
336	2262
3635	80271
2770	55970
5290	5970
6169	23049
10403	79682
51079	126328
3157	6307
1237	9934
8688	286887
6141	6228
1314	26286
6138	6223
1499	1969
983	9833
1544	1586
857	1956
6136	6161
6136	6232
3119	3123
115106	440145
6117	10635
6426	7536
83597	135924
3619	5528
9798	27183
4695	4709
7706	57506
55720	84916
302	3074
9133	57082
522	539
9833	10403
8905	10053
55720	84172
22917	57829
23533	55361
891	5861
521	4726
3937	5788
23011	57403
5872	51715
6237	10507
10193	10489
6667	6670
6133	6234
5434	10594
6155	7311
107	2775
10657	11052
6133	6175
2537	91543
6155	25873
5001	222229
6133	6235
10112	51014
7756	64149
57115	114771
1080	4036
891	1058
55008	57154
4171	4172
10155	10780
10254	10552
1642	5983
351	5330
640	974
50615	59067
2535	4919
6142	6203
1457	9918
6206	6224
2597	7167
25793	84676
6136	6168
9700	9793
10466	10618
1398	10152
2960	9412
1455	2810
5869	8027
3882	54474
6233	7178
4853	6868
6142	6223
6155	6160
5430	27316
27316	220988
3118	3135
1937	6157
6128	6160
7272	9833
23223	79711
4735	57545
23291	51122
6170	6181
8775	10618
8175	57794
51289	259287
3880	144501
28973	55168
8027	8301
2033	4089
11340	23016
3683	5788
6138	7178
2790	9138
999	3691
1793	7525
3134	3660
1022	55840
9039	10293
6167	6218
164	2799
6137	7311
945	6556
50835	51289
6133	6229
6189	6232
10969	29997
5707	126374
3017	85236
10713	26121
8568	22984
813	1462
4717	51079
1292	3688
9568	50837
10540	22930
3659	6672
1236	4544
5469	9967
5868	26130
23582	25949
1453	6227
116	59350
640	29760
699	151246
6234	9349
6208	6231
3181	51692
55749	79869
4050	7124
389	394
3444	3451
6217	84916
2197	6193
24137	81930
7328	22954
1432	5062
1208	5406
6137	7178
55252	221937
8453	9320
55166	113130
2537	4599
6830	9646
2537	3433
2935	6229
6161	53918
1232	338442
26046	197131
6203	6230
6130	11224
26235	90025
6233	221937
9700	259266
6161	6204
6193	6227
2769	5335
5704	5714
967	4033
6155	6218
6133	6188
6189	23049
186	4988
3071	10552
25831	140460
813	4924
471	84618
2692	2838
5880	9844
8655	83658
2048	3055
29093	118487
6233	9887
6667	26512
3190	6434
388	389
3267	3949
991	5347
9039	10425
6143	6181
6616	64130
5684	5706
8349	85236
1277	7373
1439	3635
8976	147179
10992	27339
9972	51362
824	831
23279	25909
5878	11252
11118	11119
9984	79869
945	5023
9793	81930
1062	64151
8451	56852
10382	91147
9972	348995
3187	55696
2922	3061
6168	6234
6230	23521
9875	22984
83551	134860
6500	10920
84231	140460
996	8945
705	5822
4541	91942
10466	57511
4543	4889
9564	10458
10199	79954
9690	84231
5725	84991
6202	6203
6801	7871
1291	5351
6133	6217
23601	57153
135228	266727
64976	116540
8243	9700
112	3579
6616	8673
3184	3190
6130	6228
5713	5715
9322	9341
6137	22916
3354	9283
6125	6161
2033	27327
65993	124995
3200	8338
6146	6189
3685	5829
5898	10890
701	64151
2935	6176
377	1639
102	160364
65055	219438
988	9793
25984	121391
399	1894
51602	84946
6204	6208
25873	51187
64792	92104
3915	10130
1000	7184
6164	23049
9295	84950
5594	10971
6128	6164
7038	7253
1237	27199
56923	259287
3123	54331
334	813
5725	9716
6129	6218
2935	6235
9787	55635
8985	50509
1315	84516
3688	3695
1356	54757
4512	4536
521	7388
6204	6233
3221	3225
890	5933
10618	23431
1088	338339
51264	118487
9968	10499
1783	11127
7531	10383
2521	10921
830	11014
6156	6161
3371	7184
988	58517
3688	3913
813	1000
3688	5829
1991	6709
1839	5782
6147	6223
3912	4233
1111	5883
50840	259295
9329	10621
6155	6228
9787	10615
4233	9564
2071	10920
4297	23309
10466	11014
5701	7316
6165	6168
1595	5447
84549	84946
5430	11338
226	5768
1340	1347
6240	29127
3006	85236
23322	121441
10432	23435
10250	23636
4708	4709
23160	56902
11345	81631
10155	79943
3827	4295
3184	3185
2197	9045
1314	9632
10484	81562
1356	5179
6750	9568
816	4137
55832	80067
7919	348995
302	10577
3115	3123
86	6599
699	890
2782	10681
23327	29082
56923	339403
4172	5422
6790	10112
81	7791
3860	196374
2801	5862
6146	6165
6176	6223
6136	6194
6141	6158
1060	57082
6202	55176
185	4988
3895	11167
7525	10298
4696	4718
1462	54480
51203	64151
5829	7430
351	5660
388	117289
4176	5982
9493	11113
4924	10618
6850	64170
595	4609
10749	29127
9493	10112
4172	4176
4064	9450
5707	6386
6138	6181
4586	4588
11116	440145
56992	64151
6204	6223
2204	160364
8243	10735
1017	9133
1937	6207
5879	10458
4641	5872
999	1500
6143	6232
4724	10476
3690	5908
1824	1832
25831	53339
6170	9349
6132	6167
2935	6122
26173	79034
1660	51593
6230	9045
595	896
4057	56729
1991	5199
3192	27316
7178	7311
915	3560
6169	7311
10978	27339
6160	6168
2965	6749
4686	10594
5747	7204
9371	9493
963	64386
1778	6709
5741	7434
10256	54845
6128	11224
4535	4536
7514	9972
941	942
2153	3481
1291	8974
1660	4670
4171	4678
10574	10575
6136	6222
5439	6923
3687	79895
6222	7311
1233	5473
3912	84141
23095	24137
22938	220988
4495	4496
5336	79837
10885	65083
4171	4173
7328	23608
2491	55055
1676	3837
8027	51429
1511	4069
2623	10661
6143	6222
6118	10459
10749	51479
2195	3725
60	5879
6156	6222
8638	9636
1894	6790
10484	56681
55055	81930
2935	25873
1173	5878
6137	6158
5861	55605
4588	140453
55832	80204
50837	283869
1969	2268
5747	8976
4736	6210
6430	57794
2784	3763
29074	54948
3074	10577
641	2189
28998	65003
3619	9793
148	2922
22954	23291
23112	80012
3683	5795
6175	6194
11137	84916
6233	653604
6137	6147
5347	11004
9276	10802
10403	348995
4509	4537
302	6386
2597	5230
3185	84991
4926	9793
3921	6128
2521	5725
1605	5579
10681	338557
3921	6142
6228	6233
6156	6167
715	716
1471	5034
488	489
2359	6370
988	53981
3190	220988
6161	11224
29093	92259
9564	54518
2491	5529
9787	22974
3017	121504
5196	11251
1476	10394
2131	9672
887	5020
6139	6210
6159	6165
9833	259266
6165	23049
3185	10921
3683	6518
5701	51330
10282	23256
10051	10592
55720	56902
1639	9371
5579	55970
6132	6235
4736	6207
23291	65264
963	6518
147	2150
1857	55361
6233	90678
1908	2865
1387	6601
1981	6189
344	26020
9934	27199
336	2266
1832	11187
10914	79869
6128	6144
5933	7027
2634	3437
3937	55740
9126	348995
2801	10972
1453	6209
64386	84329
6144	6233
1915	6147
6142	6201
983	2491
8945	285231
3921	9136
212	2623
6208	25873
64386	79895
8349	23310
6168	6194
3676	3691
4171	5426
3912	3913
5829	10458
6170	6203
5179	6751
6137	6169
1511	6036
4829	56923
3361	3627
377	9371
2491	5048
4540	126328
4690	10096
1605	55624
64106	347148
1058	9133
7311	8290
6168	6205
1497	23729
2641	346562
1778	10577
9113	154810
4540	25915
1435	84141
2033	23309
126006	729230
8085	9757
6136	6227
2237	5111
6130	6160
1292	5352
6228	25873
163	24137
344892	390061
4709	126328
383	3074
8976	10254
259287	259292
23332	121441
25942	51317
9320	65264
57678	253558
6125	6139
1854	7298
813	10130
4332	5657
5438	83443
5822	7109
988	27339
4313	4323
6155	11224
2965	9646
6432	6636
1144	1146
4726	7388
100	51816
3115	4261
3008	3009
6667	8648
11184	27071
6613	7421
3688	3693
6699	6707
1362	3482
9837	11169
6135	6222
4641	10890
4736	6201
54998	128308
4695	4713
963	966
1781	57545
51	7311
1969	5747
4591	11059
6133	6146
6429	10946
988	23397
5584	56288
8450	10401
990	51343
3437	11274
10153	55759
9870	22954
2832	3827
3837	7514
4738	9978
6130	6222
335	4036
1291	3688
2957	7702
3688	7424
3190	10921
4735	10540
1956	55914
3833	9793
636	25782
5516	5708
11004	24137
7316	10920
1544	169355
6203	27340
1537	4715
6204	6222
84261	154881
3486	3569
3178	4670
3832	3833
5094	9343
4751	259266
7478	7484
6122	6129
10561	55008
527	6836
5365	8482
8065	84259
6453	9341
1603	100128731
2150	10800
2491	7514
351	8698
5170	7249
3437	4938
2922	4923
7514	9700
607	8945
682	6693
87	5879
799	1812
4689	653361
6142	6208
6923	23198
2099	2625
6135	9887
4281	4940
2786	7252
344892	390063
6232	23049
7536	10949
6164	9045
5435	5451
79954	84128
161	5286
3912	5954
3683	5023
9493	54443
9318	27252
8189	10921
5501	23122
186	2913
389	90627
6158	23521
5590	23286
595	5694
6154	6228
6165	6234
3832	4288
118430	727897
6203	9045
3274	55970
7316	399473
8886	84916
25909	57122
23295	54620
5829	6709
6135	6203
6223	6227
64979	118487
5896	5897
945	3685
10282	11014
6169	6229
5528	57405
84163	389524
5829	6461
332	2305
6168	6233
22897	79598
4709	10975
3434	10379
274	51429
335	350
6168	6203
719	58191
6133	6155
3055	9564
5179	54757
23059	26146
6165	6208
6209	6229
6122	25873
4172	4678
3619	55143
64105	220134
1879	5079
5861	10959
6130	23521
5433	51362
3579	126006
1737	8050
4599	4939
7456	10787
846	56923
5394	5822
389	9411
5347	54820
7456	8976
991	11004
6175	6224
6161	6168
6188	6201
4508	4539
5473	11251
134	5697
6714	10818
10959	50999
9700	10615
6147	6218
5933	132660
3084	85440
5706	51053
29927	58477
108	6376
1813	4283
6249	10540
6152	6223
9126	23122
29088	51264
887	4295
6233	80351
5034	5479
2060	50618
4736	6159
627	2247
9585	24137
1364	24146
3685	5795
7184	10970
1191	10916
6375	6846
4736	6173
2633	6772
4736	6128
6556	84418
2810	3655
6117	7156
6688	7305
5725	23435
26519	56993
5868	11021
1915	4736
1500	6714
11098	84141
56667	140453
1387	6938
10274	55143
11218	23511
4736	6152
7283	27175
6164	6203
10752	27255
1340	1351
3422	4597
2767	55970
5685	10393
6233	9927
1981	8672
57542	197131
11091	54881
3918	9459
57153	79895
6232	54820
1347	9551
2247	3685
1233	56670
6222	7178
6154	6165
6135	6228
2155	2159
6205	6233
8638	10379
9320	84231
5698	6890
1991	6036
5515	6157
701	4173
8175	84811
2817	375790
6799	6817
7514	9126
1103	6572
3184	10181
6154	6202
3619	151648
3491	10970
57187	65109
81537	259230
776	786
5861	51715
7454	10458
1642	11091
6138	6142
2848	196883
5929	23067
6189	6233
7329	197370
1315	23303
6453	7311
4736	6129
1659	51503
6137	6143
6169	6227
1058	11004
378	9276
4686	11338
55339	84271
9219	10919
4718	4724
2071	55677
6135	6169
7456	10552
3685	284217
7175	10250
6175	6230
9276	57410
2197	6235
5829	10787
797	2843
6133	9349
779	10369
3673	4233
196883	285601
26043	51122
5516	5714
391	26084
377	10749
338	1080
6632	6637
9757	26523
6175	6206
4599	6772
1665	3190
6155	6209
4509	4539
6135	6146
10075	51132
1337	29796
6160	6181
4173	4175
6171	6173
55143	151246
891	5526
1499	9314
23517	134430
3064	55660
57680	284058
1650	5660
54069	64946
1830	5266
2147	2243
6224	6235
302	23197
10905	23193
22918	79895
6209	6228
1062	9585
4670	9343
130340	152503
6157	6189
1781	3797
4738	7979
7110	10466
6233	55670
51421	60485
9069	9076
27	1398
6934	283149
8636	11258
123016	129880
9793	23279
56165	136991
3046	3048
3192	10921
80155	80218
1933	6202
3561	5599
6161	6224
2847	4985
6168	6235
4540	4710
6128	6233
5557	54962
9969	23389
2122	8535
3190	27316
55832	115290
57787	146057
8661	8672
6790	9787
6144	6155
2247	6233
6176	6228
143471	161742
5433	53981
5033	7373
3240	4069
1816	3973
930	29760
5516	7525
26224	84085
6138	6161
4295	5020
3852	196374
6387	6750
5725	23020
659	9765
6233	89910
1499	10971
4701	51079
4599	9636
3007	3024
6130	10399
3187	7536
846	259292
2197	6152
203068	440145
2641	10203
6169	6189
161	26130
1453	5500
2597	5315
6167	6168
5903	9631
6231	25873
10749	23046
993	1111
6156	25873
846	50838
6237	10235
51602	84154
6165	9045
51289	56923
10413	25937
2207	199675
6223	6224
11103	51575
2266	9715
988	10236
996	9320
25885	83743
9887	25873
1910	2865
6203	6228
9126	10592
3912	11098
1453	6223
1557	1559
1457	1857
6207	6230
3458	6775
1495	128239
29093	219927
23160	25885
1118	3417
134	5660
89890	90025
6122	6181
23291	54165
197	336
26531	344892
5179	57007
3683	3903
6233	26091
6157	6207
4978	349667
4670	51692
5082	10574
6194	6217
388	51291
959	10673
1937	6202
1994	3609
6138	6141
988	24137
988	8449
6130	6189
3672	6709
5298	8394
583	27241
6164	6217
23122	220134
5869	8976
6133	6141
3185	27316
6209	9045
274	6453
1445	26191
2799	5707
4712	27089
6155	6165
993	5721
2204	199675
1062	5347
6709	6714
6144	51187
6203	6218
10540	24137
1793	10787
988	3191
2965	6923
4508	4535
8568	51096
6249	81930
5878	10618
24147	79633
3918	4233
4048	6709
2491	81930
6173	6224
5711	8453
10274	23122
6429	9295
6370	165140
58505	200185
9277	83732
983	3833
3915	84141
6173	6223
9276	22872
6810	6814
155	796
6155	6207
5347	10592
138805	344892
3512	57050
6233	55366
1933	6164
11176	64426
6160	6203
966	3903
348	10130
6132	140801
6165	6233
334	3915
996	5707
5931	10664
5516	10213
8085	23067
6202	6234
710	10747
3685	3912
3688	5879
580	5932
6170	6228
1727	23526
2788	5331
2058	2617
7536	10236
57674	64219
6159	6194
2550	51083
3913	51280
3685	11322
3055	3684
6173	6222
1937	6201
5547	5660
830	10959
2740	5739
3351	5697
108	6754
996	64750
6138	51187
3675	375790
4313	4325
9700	146909
892	9477
3909	4233
6171	6228
6132	6224
6142	8666
1946	1969
1605	10298
399	7204
1981	6218
5861	51014
1398	10787
8329	8347
7311	89910
6160	6171
10051	23244
3190	10432
1063	5501
28973	64928
6229	7311
6139	6159
1453	126003
9716	10250
9055	10376
6173	23049
6427	6432
51330	115650
6135	6170
7252	7253
10970	64386
2537	9636
963	10970
6138	9349
9508	57188
6133	6205
1969	7525
5594	5707
8843	338442
6137	25873
3017	8329
3689	199675
4085	147841
7984	29984
26290	140453
640	7525
5528	51143
57545	91147
3913	5829
3105	3133
10403	55166
23291	26091
4670	11338
3157	4598
2197	6130
3105	3106
3178	8175
22954	57542
332	5528
6208	6234
5688	5705
908	9628
1956	284119
1981	6146
6167	6233
6130	6173
1084	1088
10693	84617
4691	9136
643	64805
2197	6223
79682	113130
4088	64750
6908	54815
87	1499
5294	55970
7004	10413
6176	6209
6155	6232
3797	10112
10193	53339
3579	5515
56949	91603
928	113177
27125	55840
1329	1337
56624	259230
11339	79172
1739	4646
3832	5422
6737	79754
6137	79707
6194	6204
23160	64318
3685	3690
2911	594857
388	257106
1937	4736
6122	6135
6147	6231
2079	6637
8925	10489
335	5948
3669	4939
1394	3973
8085	26523
3909	3918
6223	6229
580	2177
3635	5777
9276	10652
5930	7334
108	2786
23218	196527
7324	79876
29093	51264
3111	3123
6207	6222
1290	1301
2920	2921
10489	197131
5528	79172
5980	5983
1639	22930
2237	6240
8563	23225
6137	6228
2935	6160
2847	6363
3190	10594
6233	84231
7409	10458
991	1781
51649	54998
5023	10857
4717	4718
108	152
6667	27327
1500	1969
5435	6875
6160	6224
9493	22974
10071	50614
5422	55388
2790	2863
57530	100506658
6194	6230
10921	23524
6143	9349
23304	84085
3660	10475
8453	65264
156	8477
3945	4200
6159	9349
6207	6232
8615	10484
10321	57554
8581	10232
6130	6170
4172	11073
3688	91522
6222	11224
6144	6228
6201	9887
3687	22918
6136	6167
2799	5834
10713	53981
111	51764
3619	9212
23301	30846
23560	84172
3091	5708
6147	6156
5335	8698
57787	84902
6132	6173
6709	51014
6233	154214
3667	5580
7057	83706
5339	6189
3921	7311
8085	8289
50509	283208
5928	57459
1662	84154
6201	9724
6124	51187
6165	7311
6128	6142
3594	149233
22794	348995
4116	29107
6224	6232
22872	100302736
4952	22905
6175	6204
4853	27327
55781	84135
7525	9844
1956	2059
3339	3912
2266	3827
23047	55143
3921	6206
2692	2843
6139	6207
3619	3832
2277	3671
1660	6625
5439	5451
974	29760
2633	10561
4077	7316
9320	80204
11015	23046
10199	11102
566	4069
1292	5351
1116	5005
8351	653604
1445	5829
5905	6232
9887	11224
915	286749
5439	6621
22995	163786
2197	6168
4735	4867
6144	9349
6631	84844
6429	9410
1398	3685
5347	9793
6168	6193
6154	6209
332	1063
1981	1982
649	1277
1659	9343
6141	56915
353139	353145
1812	51764
1310	169044
6146	6203
6426	6430
6144	6205
2788	5368
29974	403314
6138	9045
4998	5422
23397	56992
9320	197131
6749	9656
8615	100302736
890	11065
90480	116541
1660	3185
6206	6208
1281	9509
9655	10489
2475	6654
3635	4233
1781	10466
5584	6714
1668	1669
6160	9349
23165	51692
5529	5699
5868	5869
1314	22872
6128	6139
7337	84085
3355	4543
6208	9887
22984	23223
2064	9475
1281	4060
6130	6205
54625	151636
9801	28977
5695	5701
1111	81620
1435	8542
5747	10458
1653	25940
6223	8666
57674	140460
6208	11224
1292	8974
5286	29988
1387	8289
4317	6947
23122	57551
9636	11274
8704	55624
6118	9557
6130	6229
8655	23218
10802	81562
5929	284058
3849	319101
5347	22974
3181	5430
1605	5879
2197	6203
9363	64284
6222	6235
1435	1462
3305	10963
1329	1340
990	63967
10921	55746
1981	6223
2524	10331
5433	6426
3833	56992
7133	10673
1080	2147
6164	6165
5832	118813
133	2863
3673	3918
5528	151648
695	7305
6137	6234
57405	64946
567	3134
5737	56923
521	9556
3903	5023
3635	3667
983	219771
6137	6161
51429	115548
3184	3192
6235	140801
2059	5294
2847	6752
3122	3123
160	1213
3717	4352
6605	29117
55055	348995
102	6556
6142	6204
6139	6175
3191	3192
2149	2151
1495	9043
712	714
671	3240
7096	10333
6129	6142
112	1269
2912	5733
2634	3659
1062	9793
3397	7057
1292	283208
699	83540
6136	65008
6144	6235
344	6382
7175	23511
10403	113130
5657	56729
1915	10399
23122	348995
3075	3078
3309	9601
1981	6206
6170	6232
2814	51206
2185	9564
2185	5599
9276	64837
6155	6164
999	3728
2197	6161
4940	10561
2683	84061
2539	160287
54657	54658
6185	58477
6202	7178
7343	57459
4514	4539
6156	6160
966	51014
5829	9459
6122	6209
26168	88745
57082	348995
29796	55967
5819	201633
55003	84154
1660	10713
6223	55127
7110	10618
393	5879
2064	6233
867	8301
4998	7027
4986	50834
1395	2848
6147	11224
3912	5829
9793	113130
1660	55749
6194	6208
891	1022
8729	11014
122876	594857
4867	9657
351	1524
1981	6164
22845	57171
53905	405753
3133	10475
55275	55610
5528	8243
7311	9020
5080	8338
4709	29796
3688	3912
6193	9349
23279	23332
10594	23450
4508	4512
5879	10788
8607	11091
3664	11074
963	10857
186	2914
5795	326624
3006	8337
27237	29984
9791	81490
55872	83540
6136	6218
1511	8635
6385	7057
3683	57153
108	50837
54148	55168
6147	6204
9564	10787
6206	6228
25909	54821
6122	6206
1340	27089
6428	220988
10236	11338
6136	9045
6772	6774
1277	283208
6233	23014
336	51156
4710	4713
8243	9793
2852	6387
6233	57154
1121	54453
22954	89910
23279	113130
3683	10970
6135	140801
3915	54972
351	2767
3184	9987
3937	7409
336	4036
405	1387
1857	5528
6155	6206
9493	64837
55166	57405
5516	6249
1813	5443
6157	6188
3123	7535
640	973
6133	6160
10523	11100
1994	11338
2197	6159
2268	2817
2317	54751
6181	7178
5788	6688
988	55183
10663	56923
57191	400720
3796	10274
5529	23279
8189	10523
2197	7178
1063	55746
55720	57647
6233	54363
6500	64320
6154	6168
1499	283149
55165	259266
5439	80349
6152	6161
5347	81930
6142	6202
7337	26190
22995	146057
6204	6218
8914	11169
7272	64151
6218	55127
26224	55208
153	796
57479	58506
9553	51650
23466	23492
7337	26046
6158	6234
23291	56995
2033	23067
3203	3204
1956	2268
6518	326624
516	26521
51118	80135
7852	63940
797	1081
3685	3903
8463	10413
963	1536
2064	7311
1603	58505
55872	64151
2798	10886
9700	57082
719	63940
8074	29106
1292	1295
7857	54587
6154	6206
10112	81930
9570	10959
5430	6601
6142	6207
1487	5928
1453	6207
5460	55211
6224	6727
9276	10427
4998	9700
6155	6157
983	51053
3672	3688
6138	11224
9219	23512
1742	8831
6385	375790
9282	9967
6750	50836
1280	84570
1062	6232
5584	5590
9551	55967
27089	84833
1111	4171
6128	6141
8881	26224
10403	10592
6657	57167
1601	10618
6169	6224
4540	4694
6135	6227
23160	57647
1781	11015
64946	79682
51343	142689
7311	25873
1551	1555
5867	5874
55970	63940
4700	4709
8317	63967
6165	6188
6610	7132
1595	51478
6164	6224
1269	56670
51069	51642
10491	10536
6144	6202
2197	55176
3866	3880
9283	51764
1956	5782
64963	116540
399	64333
54998	118487
4173	5983
3437	10964
1674	9212
2932	5708
5880	7454
2197	6138
2799	5476
59350	94235
5338	9744
9716	10921
3240	56729
29984	257106
3710	5575
25831	54778
51069	54948
1337	1347
3434	55008
6137	6176
1432	6885
3937	7454
5296	10818
5094	27316
6138	6175
9738	203068
3430	3434
999	3918
1350	7381
6461	10787
4771	122786
4584	192134
1559	2327
6059	55720
6122	6130
5034	5611
6602	55193
3191	5725
6165	6227
2071	27125
1933	6203
3659	10475
29796	51079
6135	6206
7327	8925
6189	6202
1435	4924
8334	79019
6193	6223
5516	151246
6144	6229
6154	6169
6427	6434
55168	56945
6133	6210
1933	6181
10959	222068
6750	6754
113130	348995
7164	286451
4726	29796
4736	6164
2935	6189
50616	116379
1058	5528
5695	11047
6156	6203
1387	25942
9126	25936
6122	6124
6155	6194
50835	259287
945	3903
399	80728
1120	1375
867	5290
6129	6130
595	6776
23014	80176
2048	5921
6138	6188
5869	6233
7337	8697
23326	79595
2935	6164
2784	2847
2197	6160
1915	7178
10291	23658
57413	59340
4905	10905
8945	51684
6135	6136
6129	6189
23149	51429
7082	25937
1950	3671
6233	55666
1063	2305
6129	6168
7316	10043
6142	6157
2784	6752
3882	121391
6387	50837
9212	55723
6228	9887
6129	6204
3728	5493
1453	6210
4697	4700
3106	6890
2784	5741
8450	51122
3183	27316
29074	51318
6117	10714
10592	157570
1347	4713
54617	57634
6139	6152
6158	6223
8451	9730
351	54972
7184	84141
399	23526
671	56729
3362	53831
55127	79954
5898	5899
1033	9232
699	79172
6205	6224
4724	4728
4738	28991
916	50852
4588	56667
51362	348995
1783	10540
2197	6233
2034	3091
6184	58477
3866	144501
2811	2815
8337	8365
23	6059
146	148
11322	55754
10236	10432
3866	3875
1289	283208
6157	23049
4116	6201
10112	23095
6135	6176
6426	10949
6129	6194
29984	445328
6556	196527
5725	10594
885	3061
6139	6230
3122	11184
4508	4513
2200	7857
6520	8140
8356	440689
3619	23279
4171	5422
3854	8689
5905	23225
1994	10921
399	9411
1559	2326
10964	91543
64426	79595
6170	140801
830	10652
5700	10213
3062	64106
3659	54739
1639	1783
4116	6227
6363	6752
3685	375790
567	10475
6144	6218
11073	63967
8615	9570
3437	23586
6124	6147
8321	8322
64963	92399
8683	10569
50837	57007
6428	57819
2792	122876
2147	5020
3163	3725
2521	3192
5869	8301
6158	6170
928	3655
996	80012
5880	9743
332	22974
5929	8085
6147	51187
6804	6813
2935	6168
6152	23049
6130	6152
6152	6160
2821	7086
10592	51203
1174	10016
5714	6790
22905	115548
6830	26043
1956	3688
151246	348995
4713	126328
23275	170689
3303	9531
378	10282
26146	55112
4233	8976
1660	5725
2787	10803
55014	126003
1783	8729
6160	7178
6500	7320
10272	10970
3133	5696
8451	51514
6141	7311
1902	8477
6218	140801
4535	4539
5688	7314
5336	7525
10735	57551
6158	6208
388	23370
10733	163786
338	462
10592	64151
6170	6235
4343	6233
7184	8720
2200	7076
3713	23581
4173	7153
6635	51690
9265	27128
2204	79895
705	56919
378	11014
7874	56655
5660	326624
4775	5534
4035	10082
6307	51478
2033	10498
6130	6136
5869	9341
6169	6171
988	3843
1387	10498
2268	4301
6122	6137
6135	6235
4171	4998
705	9136
10592	11169
87	7791
3619	348995
5311	9727
10735	23279
6233	55008
796	5745
1362	9698
377	10540
9564	9844
1129	6751
4736	6206
6135	6147
5443	6370
4952	286451
26005	80184
4102	158511
1536	4689
9871	10959
6203	6205
9742	23059
3433	3434
1783	79659
857	858
6167	6175
9636	10561
1063	79172
1329	1351
6233	55669
6208	6727
6160	6228
81794	339366
2033	81857
3183	7919
6181	9349
6159	6208
6222	6227
5697	50837
3921	200916
4713	4728
1277	1291
259290	259292
4116	6635
6428	6432
86	5977
5528	81930
940	3695
22905	54874
5547	84061
55326	137964
2475	57521
108	151306
23350	55749
9738	10733
6181	6207
3434	11274
8514	79895
5558	8317
11190	121441
10552	100423062
6139	6157
5093	5094
389	57522
63915	84062
6208	9349
6209	6233
6201	6224
47	2799
6703	6704
6518	196527
624	6755
9730	10293
6185	84061
6168	6181
6152	6164
6189	23521
7311	9856
3918	5829
6138	6154
6626	8175
6139	6189
1894	5347
4670	5725
1350	27089
5473	10321
7458	8662
7311	57674
2869	9170
6233	7158
1933	6136
4670	10236
1778	2491
25	5159
3998	10959
6132	6168
1295	10536
23160	79954
5441	84844
3693	5829
5771	6464
699	151648
5610	23586
1387	9967
6154	6235
10094	10095
6158	25873
5566	23332
8463	25937
163	6453
2625	7031
10155	25888
9632	22872
3054	4899
7409	653361
7175	55746
1910	2147
9700	64151
5873	25797
23332	25936
4584	9245
4700	4725
2617	8565
5861	5869
6206	6229
6164	6234
23067	25942
6161	6175
672	84464
5426	5427
6233	143279
5422	6240
6201	6231
5516	5903
6500	9604
6165	6223
6139	6144
4758	54472
983	26005
567	3140
5054	7424
10621	11128
1500	4233
1981	6232
9020	10000
2036	4646
6142	6159
3799	11127
79600	91147
8886	56902
6227	140801
1781	10383
6667	23248
383	56729
10489	55832
695	118788
6233	84133
7135	7431
1933	6169
1063	7153
1121	79958
3903	64386
6165	140801
249	4978
6135	6171
6161	6164
89910	115290
5578	55970
3576	6347
3619	23047
5829	10298
23279	23511
51373	64951
10575	84617
6142	6161
6491	259266
6168	6170
1303	10536
966	11322
4952	9562
2099	6198
4712	4713
6209	7311
57539	79659
4514	4536
891	5516
6128	6231
5431	9879
3357	5737
6135	6210
916	940
6152	6157
5036	203068
2197	6218
219968	285093
996	51132
9276	10959
10613	11160
2358	170482
3111	3119
1232	4986
2064	5747
1453	6233
5981	57599
3903	8514
10907	57819
50813	55884
6426	10772
1994	10949
6635	51639
2186	9739
5829	7852
302	5707
2767	5330
6142	9045
6147	6230
7514	23279
1000	1012
695	5336
4695	4707
1793	5880
9787	64151
3833	9212
6168	6727
55003	55299
797	151306
6129	6165
6728	51121
3619	9700
472	84142
3689	7305
5519	10274
5161	5166
6146	6161
4712	91942
23279	51692
23332	91147
4928	9972
10890	23011
3832	10615
6233	10818
4171	81620
6136	6189
393	29984
890	51203
274	11252
846	339403
2562	2567
2318	54751
5501	25936
2865	6288
8775	388552
1069	10426
79865	340205
6201	6208
51068	117246
966	5023
2064	85440
2242	3718
7474	8321
5731	94235
2358	57413
6227	6228
6146	51187
871	1291
905	79577
3066	9014
11190	57545
2864	27334
6908	8812
23279	57187
117	7434
400	55275
3312	10808
335	2153
3675	7057
54821	81930
2353	4773
2521	3183
7532	26123
6133	6227
6173	9349
3993	84612
1950	5771
351	63940
8453	89910
5589	23193
6227	114987
6164	140801
10885	84172
6124	6161
26249	197131
7137	7138
1981	6160
5071	23352
1439	5777
5526	6249
7311	9666
6159	6224
2968	9656
6202	51187
10466	55275
6128	6138
6233	57674
1915	9045
84128	84946
2792	4985
861	57332
6146	6230
1822	23028
6232	23521
9509	50509
6189	25873
420	58530
1107	23186
2920	3576
1605	29954
8689	286887
23014	64219
3913	4240
7316	80176
6175	9045
6125	6146
226	2597
6209	27340
6233	26043
1350	440567
6117	55388
10425	84541
6141	6159
695	3710
9076	24146
3105	3660
2801	10427
2207	3937
891	51433
3915	10272
3107	5696
701	3619
5869	8322
9739	23112
8976	51429
2159	2266
6227	6230
813	11098
6129	6173
10193	23295
54578	54658
1282	55214
10652	11014
1291	1303
4091	4093
10959	11014
26285	149461
890	5347
26589	29093
6147	9045
6124	6129
6138	6152
1395	79924
23404	54881
83540	157313
6135	6158
1062	29127
6168	51187
2912	4543
9128	11338
6122	6159
6143	6228
64792	79989
699	3619
10324	51666
2912	3355
1956	4837
6189	7311
399	445328
3913	10272
10096	10152
1555	1559
2033	8289
3921	6231
5660	84061
3837	5903
1329	9551
84078	89890
5116	55125
29889	51154
6776	26228
6164	6204
991	2305
6233	27327
891	55165
2896	10493
3674	5829
4686	25920
219960	285093
10992	79869
6122	6156
10236	11100
5739	5746
7311	55914
3688	5788
8322	9341
186	4922
4171	10036
1337	27089
2803	5870
54951	64410
23511	51692
5094	10236
199675	338339
150468	259266
2207	23533
1495	1499
399	85360
521	10975
7409	23533
6159	6160
84648	353139
6175	6176
6201	114987
4288	10112
2147	2153
1933	6165
6159	6206
1350	4695
8945	80204
1329	7381
1537	54539
3192	51729
6045	23028
5708	5970
1660	3609
5093	27238
6147	7311
6168	6189
6133	6142
2642	4922
6124	6135
6461	10458
2788	5294
4537	4539
79583	79600
2848	122042
3184	220988
6142	6155
3352	5540
1277	5351
5493	6707
5347	51512
10592	24137
5435	9978
5199	10394
7311	151636
5781	10818
23244	57082
891	7314
10802	51014
11037	84251
5707	5708
5983	57804
6209	23049
3921	6204
6161	6234
2222	6721
552	2847
2207	6556
3822	8302
9349	25873
4735	23322
29093	51023
516	10632
6556	79895
5436	85437
3887	3889
4008	22954
23046	51014
23122	23279
6154	6155
7316	55777
988	3326
988	60682
6128	6202
6158	6193
324	6233
4620	4626
23332	57787
6790	9833
1453	23332
4706	4725
891	9493
6209	25873
114	259285
11130	79902
3356	6915
6147	23521
54948	78988
120776	344892
23149	115548
6143	6164
6045	171023
84946	88745
6181	23521
8886	23160
6672	79097
2214	2215
3486	3491
6156	140801
1642	8607
3671	6678
9533	64425
6181	6194
2244	2266
3113	4261
3071	7454
301	9002
6142	6173
7514	55055
79172	113130
4088	6233
27252	55585
4712	4724
4298	23168
3915	5954
3178	10523
1933	6130
1739	5290
9883	10898
6176	6208
259293	259295
57082	151648
10489	22888
6154	6222
6285	6288
3685	3688
6130	7311
10484	22872
6154	6161
51096	84154
1387	4205
5516	5781
2817	3340
2204	338339
890	84515
11235	25843
22826	85313
161	3482
1116	5199
3109	3127
7082	100506658
3576	6750
7311	8945
728	50839
6193	6232
6161	51187
6142	6168
3683	64386
6122	9045
9436	9437
50834	338442
2675	220164
6158	6203
25831	57154
51234	55831
160364	170482
831	5829
2997	6233
1289	5351
6227	6229
6128	6208
4736	11224
2247	2817
5610	23118
5529	7514
10075	80204
6233	9320
1810	55689
257313	387129
6176	6210
1457	7153
11218	79084
6232	81930
25873	114987
3320	10808
811	5589
1337	1351
1983	6234
108	1081
6175	6233
9367	201475
2153	2243
6136	6235
3054	3607
6122	6169
6154	6231
6181	6208
3640	5443
54820	146057
4670	10657
4700	4724
4539	4712
6631	51639
6187	10557
462	2243
11116	55125
4171	11073
6170	25873
6228	7178
3491	3693
6230	6235
29127	51143
6201	6228
9378	54413
10022	50838
6204	7311
84648	353145
1605	3688
5715	7314
5432	84962
55703	84172
6136	6154
1001	1500
6152	9349
6152	8666
22984	23195
2065	3691
353132	353135
1088	170482
2197	27340
1007	1013
102	1495
377	11014
3915	10298
10426	440145
4710	4724
6159	7311
6136	6230
24137	285643
7184	51726
6923	9978
375	10959
6138	6218
2071	5887
5878	7037
8615	10959
1650	58477
6158	6160
1063	23279
399	57522
9790	27340
5093	51692
988	4999
6169	140801
1017	63967
6142	6206
65083	79954
4867	79600
9271	84944
6164	6181
65055	138883
10274	10403
3915	6714
2550	6363
999	1001
5528	9126
6157	6160
2621	10272
3013	8334
4171	4175
338	5948
6863	23620
6155	6173
1289	5033
7317	51343
6229	6230
7486	11073
81697	344892
813	84141
701	23047
3978	5424
4736	6222
389	4627
6230	7311
28981	150737
9793	54821
8085	57690
6164	6223
9221	84172
1329	27089
10693	63971
285093	390190
1778	79867
6164	6169
9462	64926
4513	4537
9138	55970
1660	2521
57662	144100
1793	6714
9371	23095
23028	23186
5368	50865
4713	4724
6203	25873
3881	112802
988	6599
783	27091
377	10121
1783	9493
6167	6189
5433	129685
8573	57669
332	55055
10272	84141
153571	153572
6159	6209
3797	10749
6129	6222
6137	6202
3913	54972
1981	6228
4050	5716
6138	6165
10014	57459
6209	6235
10561	55601
1072	5216
2788	2864
1022	6929
2920	3569
9700	23047
10155	90233
5529	55055
1956	5829
623	2861
6232	27340
3437	10379
6147	6206
2073	4331
6235	9887
2178	11073
6158	6173
5880	10298
9371	11127
2792	219438
3113	3122
3434	4940
7416	55669
5717	8453
871	1303
6233	9810
551	6846
5869	7311
1933	6159
1453	1855
6434	8175
11014	22818
2633	2634
2801	81562
6169	6175
274	1956
3071	6461
7039	10652
151648	220134
26263	55884
6337	7311
9793	121441
5725	11338
5711	6233
6154	6167
143502	285093
9156	84126
23076	57696
117	2784
81797	344892
9493	11127
6230	25873
6130	6208
3183	220988
6453	9322
10376	150465
2237	4171
6124	6169
3113	3123
940	50943
1495	8394
3549	6469
51143	151246
6205	6232
10885	54881
6176	9349
6194	25873
8317	84515
8662	9669
3914	3918
4694	7388
5747	23209
197	3481
54881	55127
6923	285231
9631	9972
6159	6167
5829	55742
5149	388531
6207	6234
4986	338442
9742	57560
4176	8914
5119	51652
2151	2869
378	5861
695	6850
79867	84902
6138	6147
6133	6208
187	6370
6208	22803
9793	23244
905	27125
5610	11274
6143	6208
54716	153201
56929	79176
2177	2178
6207	11224
2131	6385
2932	5714
2916	3351
5948	5950
1329	4712
54820	57787
5347	24137
27043	57647
51429	152503
4736	6124
1605	5747
1365	1366
22984	65083
6233	140459
6139	6209
2150	2863
3308	55706
6173	6209
6167	6208
2491	57551
6128	6227
6202	6227
5879	100423062
51382	338339
7919	27316
4171	5883
7041	7414
348	4035
4717	55967
4332	8635
4738	5688
6181	9045
6161	6188
2912	4852
3422	4047
9341	51542
8449	79869
6130	6164
10458	10552
983	9972
388	397
6232	7514
1522	8673
53829	57413
1942	6714
4700	29796
830	1781
1981	25873
11014	11015
4670	10432
1859	10238
1839	3976
1994	7536
9246	197131
8976	9341
24148	51340
1062	1315
5868	5870
6156	6176
6202	23049
6136	6138
6189	6217
1108	25942
6229	27340
1108	2033
6146	6204
5547	25798
5725	9128
3396	51649
7532	80097
8175	56949
1237	5173
9844	10458
8189	23524
1601	8301
23014	142689
3074	5707
6164	6189
4736	6194
11127	51014
57154	65264
5704	5718
27042	55127
1665	10885
6790	10383
9570	22872
1435	7184
3183	6426
1111	2178
4701	4713
8655	10540
8243	23332
9045	9349
23412	51725
6138	6201
23112	26523
5878	54885
3832	51203
1660	9716
6138	6144
3852	3853
26268	140461
3199	8338
6877	51593
1524	126006
1559	1576
54577	54578
9700	10274
64837	81930
6637	11157
3973	104909134
6426	23517
2197	6133
5739	59350
1241	2767
1290	5351
1646	8644
56902	79954
916	917
399	6453
1793	100423062
388962	654483
2255	143282
10749	11127
4540	55967
23309	27327
4736	6170
6202	6218
4736	6142
9700	151648
1314	9570
6152	6203
3190	5094
6556	338339
5161	51601
1063	3832
6631	6637
367	4306
301	2790
9968	23097
1894	10112
1387	8648
3683	10857
6125	6194
6227	23049
6222	27340
2023	5315
2197	4116
79861	81027
6206	9349
5685	5706
9656	10524
2209	2268
3659	3660
8802	8803
2033	26523
4627	5898
1650	6184
9564	10044
7132	11183
899	9700
1281	10631
6168	11224
3187	10181
3852	3868
6790	11190
2677	5627
8313	10297
10274	113130
3184	10921
7337	23291
57105	94233
3882	3886
1933	6209
6181	6218
4702	27089
3681	8515
9793	10733
5903	7175
4116	6636
930	974
3048	3050
23197	26043
4952	9341
64979	219927
5604	7529
2185	5829
4735	7532
6210	6222
11339	54069
6146	140801
1857	6233
6173	6188
1499	5795
2239	10082
26589	54148
1111	5932
6944	81611
7311	23607
9276	22820
6155	6227
5170	6197
5725	8661
3105	3107
4173	7298
4736	6204
8243	10592
23431	27131
3713	6699
10383	84790
5451	25896
5777	7409
9904	79050
721	375056
3850	342574
3799	81930
6142	6235
332	9793
26043	55666
4718	5284
3772	9568
6133	6223
6636	6637
4735	79867
1954	23295
90	657
302	56729
27316	65109
6202	6235
9793	347240
6165	11224
5644	6690
990	10592
727	51289
3107	3133
1910	3827
6128	6209
79172	81930
5111	6240
10458	55740
2788	3269
5435	5439
3672	375790
3619	55055
7057	23275
8655	79023
1778	84902
51121	60678
5048	7531
1022	5432
1121	6764
891	24137
4670	10523
4839	55720
1289	5118
1268	50865
1282	5033
10802	10960
6205	11103
1634	4060
336	2153
51388	84916
1291	1292
4035	375790
1111	8317
6418	7514
5880	84144
10552	10787
8337	85236
259	2266
377	3799
9636	10379
695	3635
4536	4539
1435	146433
6228	6229
64951	64979
10014	54880
6133	6152
4242	4853
51465	140739
4508	4537
10926	63967
6801	8428
4221	54587
3185	10236
6159	6204
6139	6224
6363	10563
5932	348654
890	51053
9330	53981
25909	55746
7450	54756
6130	6181
7314	10920
79895	100049587
25	5893
27161	192669
9320	25831
6223	23049
4709	9551
1048	171169
6206	6232
6124	6175
1969	2050
3482	26130
2792	6752
3181	51593
6161	6208
1129	4889
7057	79875
2695	2792
9972	23511
4069	8635
3430	3433
6181	6235
2358	3579
1471	2519
3710	10235
5873	53917
3915	10970
26173	51593
1084	138050
9636	23586
26476	344892
6137	6154
90025	91694
6132	6218
3767	6833
9702	22995
570	54363
3921	6188
6181	6205
6133	6202
3543	7441
9787	9833
131873	256076
9128	10594
6708	11280
10930	29974
857	7132
1398	85440
6168	6223
2475	9675
23325	387680
6272	79158
4735	121441
6158	6206
55884	115290
1933	6144
22856	55454
6155	6235
6233	7311
6125	6158
102	1839
1495	5819
1515	3122
6711	11014
6205	6207
6125	6167
3672	3915
55790	79586
6159	6164
4542	4641
928	3688
813	3490
2274	6281
1435	6696
6189	11103
3921	6207
915	3118
11325	55749
3607	55252
2790	5579
1763	10714
3118	3662
6157	6223
645836	100287238
6288	6357
5516	5526
60488	116540
2792	388531
6128	9349
3422	4598
54856	55870
6130	6206
6203	6231
3055	5747
2033	23112
7337	9867
23627	137797
6700	353133
3113	7535
2865	23620
65003	219927
91543	129607
83597	403253
8925	197131
6234	25873
6155	6208
5610	6772
7272	10592
1605	3912
23304	56658
2064	5364
813	1435
8907	23396
4694	4700
6167	6232
1645	1646
5822	8568
867	6654
9972	9984
51575	79954
6230	9349
813	3915
8412	9564
6181	6204
23160	55720
2813	55350
6231	6233
5984	7298
5978	80012
6176	6201
6135	6181
108	797
3184	9716
6125	6144
7514	22919
10970	326624
6175	6228
3619	57551
1329	55967
3192	51692
51514	64708
6159	25873
5430	55215
1277	55214
988	1660
3362	5443
5980	56852
10802	100302736
1741	26037
54552	55720
6142	140801
1213	6233
323	351
1277	5033
9879	51362
10635	146956
1500	55740
6142	6164
4707	4712
1292	10536
1062	55055
10949	27316
4599	4938
991	83461
2648	25885
6208	6228
221	5328
9716	11325
51289	259292
1495	5584
9730	23304
11190	203068
378	55605
8581	27076
130	10720
51121	79048
9570	10802
1894	5879
117	5741
6232	8662
6188	6229
1660	10236
3191	3609
6122	6147
1778	5861
1439	6776
7852	55970
462	2147
6122	6189
9276	9632
7454	8976
11004	55143
8322	8976
996	65264
514	1350
3184	55749
6146	6227
1908	84432
23020	51692
7536	9716
1495	3799
6850	23533
6750	50837
84727	122769
4172	81620
7410	63916
4700	4708
6346	83756
57674	151636
9349	11224
9294	64805
940	5879
6233	10110
7311	90293
285093	391211
2197	6165
6240	7298
3309	51726
5426	9126
6160	6175
6133	6147
1783	11015
55143	151648
5094	10285
377	1783
164	10618
1295	55214
411	153642
11128	55703
7328	57154
4947	5708
1435	3490
399	9138
5983	8451
79867	91147
10236	23435
3109	3122
3320	10383
6128	6230
1665	23350
3113	3127
5706	6790
6143	6194
3833	81930
6129	6154
988	3839
8976	25977
6206	23521
6233	8239
1063	4288
1356	64856
377	5861
6128	6152
6161	6218
1778	6232
6129	6203
5590	50848
1660	9343
1660	1665
6132	6727
6159	6202
6229	6235
22974	23397
10102	51021
2197	6129
3192	23283
983	9793
1058	9833
10342	81562
1063	5347
2521	6626
3437	55601
7316	150726
6139	6143
6772	23586
1268	10803
7311	55666
55839	79023
6133	6169
6124	6125
6189	9732
1576	2327
55143	57405
5868	8301
6167	6201
6133	7311
9416	10236
833	3376
3916	5878
4691	22984
7415	56729
51234	56851
1282	5351
5879	64333
7525	9564
6635	9883
6890	6891
9493	23046
6921	10987
6636	10465
4670	220988
8329	8337
6227	11224
778	27091
1601	5878
5984	79915
6157	6202
6181	11224
3309	9531
6135	6201
1876	10445
6144	6157
2266	3026
3190	11100
4233	64759
6169	6176
6143	6223
8560	11322
1004	1016
1113	6855
108	4852
26239	353132
6193	6206
6747	23471
7311	57154
6206	6235
719	8895
1915	6161
51692	220988
6173	6229
2798	4829
4707	51079
8085	55904
23168	56254
25836	29072
4708	27089
111	1812
3609	5725
10403	23397
514	27089
6210	140801
388	55160
4172	4175
3853	196374
6130	6230
3304	9531
1277	5118
6439	653509
9690	221687
5469	80205
11127	64792
10965	55825
3106	10475
8334	85236
3183	6434
23042	23420
6133	23049
643	9294
3190	3609
3921	6194
4288	6241
3309	10130
6147	6227
6133	6189
6204	9045
6138	6194
1364	1365
6136	6147
7003	7004
643	10803
4361	8349
344892	390081
11103	27340
6155	6168
26589	55168
6146	6202
6222	9045
6155	6181
1456	7534
6169	6222
10367	90550
11157	83443
3017	440689
2923	3309
6202	7311
23646	147746
6147	6169
2204	2207
8128	8703
4540	4709
5518	6235
3074	23197
1063	9793
6233	140801
6122	6176
6164	51187
4599	91543
680	6869
5693	6500
51639	84844
5954	51280
3062	6869
2177	5984
1133	9002
6206	6223
9320	55236
24137	146909
9877	100381270
9967	23097
5331	27334
7337	54778
6434	27316
3579	8766
2535	8324
5501	9793
831	23209
9382	9570
10283	23398
6205	6208
3001	5551
1453	6234
6135	7311
325	3015
1287	3673
23601	79895
8729	10945
6453	23149
6201	6227
57545	79867
3156	6307
3133	3659
6160	23049
6430	6434
9875	55127
6135	6175
47	50
637	3002
5928	51317
64105	151246
9228	9378
8945	143279
4940	9636
9045	25873
2177	5983
2243	3827
8568	57696
11127	23095
9787	81930
5266	5493
4597	4598
1058	55839
3191	10236
1081	3624
10749	11015
8698	55970
338	4547
6160	6176
4707	4713
1063	22974
6229	11103
5438	6633
11258	11316
5422	10592
302	383
4938	10379
26155	117246
4116	9349
4735	91147
10403	56992
988	9533
5196	94235
3635	3718
6137	6201
156	5578
6142	6147
5438	27258
23590	56997
6122	6223
7514	81930
64761	83666
5093	10594
6141	6194
705	8886
6428	10946
8347	121504
1281	1290
7311	114987
6750	57007
1937	6222
6210	6228
7316	27248
2197	25873
1910	6863
3691	3909
2798	56923
9833	22974
3190	3192
3071	9844
9636	10964
9126	57551
3772	3773
3190	5725
8356	121504
6161	6189
6143	6202
6138	6222
9493	29127
160	29924
6129	6147
5529	54821
27042	55153
3655	3675
6141	6189
6122	6203
2963	11193
6135	6193
6167	23049
6189	6209
5693	10213
6138	6203
6047	23291
10022	50835
51143	55166
6173	6194
7409	7454
2177	3014
3048	4778
6233	140458
643	5368
988	10574
5347	29127
90025	158506
7532	57521
1589	3290
7476	7477
4938	4940
2817	9672
83540	151246
6125	6143
3915	4240
6146	6156
846	10022
2266	3698
1062	9787
3046	3050
2207	160364
6205	51187
5746	94235
6210	9887
11065	64151
142	56655
3921	6133
3685	4240
4670	5094
2852	57007
6144	6161
5861	11015
6203	6223
6500	55884
6138	6168
5879	6385
6164	6193
5529	81930
553	64106
641	116028
5507	6233
78988	116541
4582	10164
2790	55970
23014	55884
11339	55143
1778	9493
23014	23291
22919	54821
259290	259294
988	51645
3192	23350
3725	3939
6122	6141
2305	9133
1783	54908
1856	27130
5048	11190
1650	6185
9133	10615
5518	6167
7373	50509
2042	2044
5707	5717
5693	84962
25915	126328
988	29127
55131	64318
6132	6135
2810	3918
9972	23279
2072	7158
10199	84128
2043	2050
933	974
6139	6167
5893	7158
51172	84572
7514	23039
9933	84365
53354	60490
983	79172
4707	4717
90	659
6155	6158
1287	55214
4519	4539
3685	3915
5427	7316
5558	23595
2197	6227
5721	7187
2491	54821
9212	79003
6209	11224
316	4837
6790	29127
2921	3576
4116	6633
6170	6207
1462	10130
5149	54714
1894	9493
6143	6160
2804	10945
341276	344892
6632	10465
28981	92104
6429	10250
2784	2792
8318	54962
10733	22995
6133	6181
8349	8365
3191	55749
25885	84172
6338	6340
1062	51143
9320	64219
6924	22916
262	4143
6124	6176
10274	23279
7156	63967
26267	63893
1669	8993
4537	4538
2790	7204
23011	51762
55125	347240
4889	6751
3911	5747
6626	51593
1293	1300
6232	6235
1291	3685
335	3698
1291	283208
23327	89910
187	5196
6185	6194
7327	26046
9833	10112
7311	7321
695	2207
9648	79571
9700	11004
3183	10236
5594	7249
23658	27316
10121	79867
332	64151
51014	56681
1088	2358
3148	8125
3326	7415
6135	7178
4116	6167
3113	10346
2197	6234
1933	6154
1650	84061
6155	6230
1577	54576
1453	4809
945	84418
1233	94235
5701	11047
1942	2041
64219	80176
1008	1016
4713	9551
5903	54821
3921	9349
3106	3107
7321	23198
9700	55143
5788	7852
6160	6169
5970	23118
6426	6432
336	3827
6208	6224
6169	6207
1121	326624
830	10466
23533	55970
7311	257397
10403	151246
6628	220988
6133	6231
6233	8290
521	4700
6233	8450
5230	7167
6176	23049
1956	3675
10920	55884
28977	54516
7326	26259
3912	5747
6142	7311
1462	8542
4343	4853
6209	6218
4194	7316
640	5336
6147	6176
683	94103
553	3062
4297	192669
3433	23586
904	5431
3190	57794
6161	7178
5747	10298
7335	8453
8365	653604
146	886
11073	84126
2147	2159
332	81930
6122	6232
7316	91445
6139	9349
23014	64410
1490	25937
6152	6165
102	8542
23601	170482
867	50618
2197	6230
514	4724
3071	7456
5977	57492
344892	390077
6155	6201
3113	3115
2358	53829
6188	6203
10189	29107
4976	55669
9055	29127
6631	57819
1933	6204
3565	3567
8945	23014
29945	90025
7316	23014
5111	5434
783	10368
9136	84365
2841	55970
6181	6230
81	5868
83732	84946
287	10121
5422	7027
6663	27022
6181	6189
6556	23601
2242	6237
8689	54474
3671	5004
133	79924
400	57511
5108	22832
6155	6167
6133	6204
11128	84172
6139	6146
705	8602
9277	51010
2938	2939
389	4659
3875	3880
6548	11261
112	8698
54885	152503
23355	27072
1783	51014
26043	54165
6727	140801
6233	55777
7531	8655
7316	8323
3619	10403
8351	8363
6036	8635
5347	259266
11004	113130
7082	55243
10236	10594
10403	57405
701	51203
6194	6201
84902	91147
9793	10403
6130	6135
4736	6167
9551	29796
547	3798
6634	22827
521	27089
383	4942
3002	5551
6188	6206
3185	10949
1129	4543
2197	9790
56902	84128
5718	6790
6147	140801
81696	344892
3309	29927
3191	23435
5695	6790
397	5880
6647	11315
80740	171169
9318	54165
6934	8945
4867	27077
79867	80184
86	8451
3998	10802
2107	6181
54732	55738
2790	27334
4736	6144
6925	6938
3355	6751
1511	4353
3184	27316
25879	84294
3932	29760
9181	171177
1058	9212
51317	57649
8453	26043
6227	6231
3107	3134
351	8477
10540	27175
6885	23118
332	151246
4738	5687
5929	8945
2023	7167
6164	6175
7311	64219
3185	55749
23521	56915
344892	390066
1288	340267
2623	3674
53339	197131
2524	2525
6637	23524
3914	4233
23223	65083
6233	11224
2107	6173
3192	6626
3685	3897
9377	54539
3178	220988
514	521
5688	11047
890	64151
4088	25937
6218	6224
56165	91646
963	84329
1902	55970
6170	6206
6142	6232
4940	10964
6135	6141
6152	6232
26239	353133
4734	8453
6152	6204
833	4141
9666	89910
890	1017
6181	7311
1063	3619
917	1759
7311	10252
4738	9616
1292	10491
389	2064
3270	147111
4057	10321
6139	6141
6167	6223
6218	11224
7532	653784
1476	8993
3192	55749
6430	27316
23112	27327
867	5781
10540	29127
7514	23244
9793	57551
399	9743
3710	5330
1462	9469
7272	10403
2786	94233
1933	6194
689	4666
4323	4811
108	5697
1499	7409
3921	9045
64981	116540
4734	23327
6135	51187
5067	137797
6161	6165
23295	54778
1991	8635
9318	11275
6130	6138
91	92
185	2641
2517	2896
9055	10112
1111	23595
65083	84172
3685	6518
890	9133
6138	6233
5516	55055
393	399
3837	23511
3937	7305
6181	25873
10097	50618
3912	11167
6168	9045
9212	10403
9295	10250
6714	10298
6133	7178
6376	6750
701	221150
1069	9657
22930	25782
8688	54474
2976	11128
51318	116541
88	4620
9277	84946
6208	6209
6138	6227
6158	6228
8365	8969
50838	56923
1956	5579
301	2788
8976	23149
5476	10493
5697	6754
4736	6157
6224	25873
301	55970
22974	121441
9341	10652
2197	6229
6427	7307
6139	6203
1810	26009
11224	140801
8766	10890
22984	84172
174	3698
1942	2268
993	84126
2305	5347
10403	55143
9690	154881
3071	5747
3799	10749
3854	9119
2533	7408
3655	3688
108	9568
6161	9349
1727	5707
6223	6231
10075	84231
5347	11190
8301	10096
7311	8322
57405	79172
2958	79035
23295	84231
6635	23524
3433	3437
11004	259266
1500	1956
9295	9410
6491	284403
26284	64965
3181	220988
5427	9768
9787	10403
24137	64837
5094	23020
4736	6227
6637	83443
2033	23774
6714	10413
1902	9002
966	10652
1645	8644
1434	3836
11017	85313
4116	6432
9652	23517
2197	6228
6515	144195
6135	6161
4591	55658
245937	613210
9793	23047
2491	5528
9183	22919
4709	4726
7311	115548
5795	10857
671	10394
10121	26123
5714	5718
3710	6804
7305	23601
4599	10964
3836	3838
351	813
8317	80174
3185	3190
6233	23168
5908	7094
6130	6232
4171	5111
6143	6175
6135	9349
3486	84141
79895	160364
2197	6146
5426	8317
23160	51602
6182	55052
6176	6222
6223	25873
10403	26271
29984	55843
3687	8514
6132	6176
3267	10254
351	6370
6637	51639
6870	51764
23304	29945
6170	6176
25909	57551
4125	6036
9700	23279
51143	348995
10713	11325
6125	6142
26168	27043
2521	10236
6142	6228
6772	9021
963	326624
3017	8341
6124	6203
4160	104909134
7311	55008
6707	147409
4049	115650
9221	25885
4508	4514
695	974
9611	23118
1660	3184
891	6249
9904	57647
5526	7316
6155	6176
10097	10618
6233	23112
1781	5861
6189	11224
3190	5093
4713	4726
5422	84515
5439	51755
9493	259266
2153	51156
6133	51187
3836	22974
6147	6229
6143	6158
6152	6176
6138	6228
23304	26046
6161	10399
567	3106
5747	7456
23142	23291
10527	55705
8976	55971
5294	7409
7305	10870
3713	6705
3309	7184
64979	116540
9870	57542
1306	8985
79682	147841
6232	25873
1981	2197
9716	10713
4535	4537
6125	6204
11157	27258
1981	6234
9410	10236
9320	22954
6206	9045
6185	7841
23332	79172
4357	54205
6136	6152
3304	6233
4713	55967
1499	5707
6165	6169
56902	84916
11339	64946
64318	84128
2197	6169
1933	6222
905	55677
7110	90196
338	3827
5441	10980
6218	10952
6455	10552
3191	9128
3921	6233
6164	6227
1665	3192
6181	51187
5439	6637
5094	27238
1349	10975
3633	29984
887	3827
10536	64175
4952	6272
1778	4735
108	7252
2189	7517
4736	6133
1495	51474
6230	63931
55212	84100
246184	285231
9793	23122
11339	51203
3915	5829
8491	10746
641	5427
9055	9928
6165	6235
3111	3127
8243	9126
1088	6556
4938	10964
2197	7311
226	2023
3055	3572
118487	128308
824	3688
1291	7373
1314	8729
6156	6169
6136	6159
160	6233
3183	6432
6128	6169
6134	6202
649	3339
5868	23011
10577	56729
332	5501
6136	6233
2788	2863
4738	5715
6155	23049
7124	7316
6708	6710
580	10714
6383	284217
7054	57016
80321	91147
3214	3217
6169	6194
5879	7454
6194	6205
6637	51503
5440	80349
1009	64403
6363	6373
3340	6385
6229	9045
10615	56992
5270	5329
2079	6432
3183	27238
5557	5558
183	846
1277	3685
5562	5571
6156	6223
1398	7409
1660	23283
6161	6223
11222	56945
6132	6147
332	24137
988	9879
1783	11014
1956	9341
51088	55832
57154	89910
6137	6223
1793	9564
6189	6210
4712	55967
6139	7311
6202	6207
778	10369
55635	259266
388	55843
4839	25885
5426	8914
6173	6227
2767	5335
9816	9875
5694	7979
7311	80351
6272	11319
9320	9690
3119	4261
4609	7022
7538	9261
890	55355
9212	55355
5054	5768
4734	64750
11004	51512
6159	6235
28973	55173
51258	64951
6223	9790
8514	10970
9493	11014
2242	10371
330	637
197	2243
6790	11065
3799	55605
6176	6233
8729	10959
6141	6168
3434	9636
6154	6201
6241	55143
4361	10714
6157	6203
6429	84950
5067	23627
6159	6218
102	5954
22954	55236
3437	6772
10799	88745
22974	29127
23398	23517
23160	56919
6158	6168
6208	23049
1942	9564
10112	55635
521	4713
2204	23601
5797	25945
2957	51616
3054	25942
6228	9045
400	90196
6202	6233
1778	24137
6870	56923
23011	51715
983	203068
6133	6230
1854	4174
6231	9724
391	394
348	2262
2768	2790
6222	9349
9133	10733
5880	6453
4718	4728
4928	7514
1509	10159
301	5332
23279	79172
1994	55339
3488	5179
1453	6202
6164	55176
28981	64792
4116	6202
3908	10319
800	10398
1783	54821
4085	55166
23291	89910
3359	9177
800	3693
1803	59272
846	2798
53637	63940
3190	9716
6206	7178
4353	6036
8453	115290
3267	22848
1544	2052
991	51088
2642	84539
7317	8945
6152	6222
4599	10379
1241	29933
6207	6209
3075	3426
399	143872
6633	6637
5528	5702
3183	6430
1063	81930
9031	221830
25831	143279
3006	3146
4088	5594
1398	3071
3181	10432
5332	55970
5879	9046
3106	5696
6135	6157
6157	6230
6430	220988
3685	160364
6836	22820
183	51289
1991	10394
6439	221395
6209	114987
28514	54567
6231	114987
890	9833
3015	30834
226	5230
1933	6137
3015	121536
6229	6232
6189	8562
1511	5657
3683	3695
16	2617
51650	64951
2200	84141
5093	10236
10592	54892
988	55631
5516	5711
6428	6632
4641	9371
1282	1284
3688	7052
2197	6201
6128	6133
5699	64344
7320	7322
7316	8864
4715	10476
890	1062
55175	56995
155	6344
558	6464
1667	1668
10403	51143
1499	6714
5717	6790
51585	79869
1595	3156
8658	80351
6194	51187
83540	259266
5829	375790
3301	10808
2194	6319
3921	6157
945	222487
10426	55835
5795	55754
6141	55272
55872	157313
1909	2922
6500	7314
2994	6005
81930	83540
6155	6170
3579	57413
3921	6152
6137	6142
1994	10594
2147	2266
991	9787
3903	79895
6193	6205
26019	51121
920	1234
274	8853
1915	1933
3685	3693
5695	9232
7373	55214
26146	64792
1435	3912
9322	23265
6156	6227
3921	6227
6233	26523
6233	140460
11173	23275
11169	79915
6160	6202
899	56995
6194	9045
1669	3240
6207	7311
274	9341
6164	6205
9341	10254
2916	4887
121504	333932
54620	84231
6136	6231
2782	2784
8740	10673
5696	5698
4331	404672
1147	2475
9690	57630
7184	9601
156	7852
2162	3688
6235	55127
3015	5438
121504	440689
5331	222545
6147	10399
3181	10657
9787	24137
1655	23658
3882	8687
226	7167
2672	6688
7204	60675
6714	57670
8347	317772
5439	84844
6176	6232
5290	5781
1116	3240
108	57007
6138	6173
7311	9927
6129	6234
22803	27340
4708	29796
6144	140801
6632	6635
2071	5433
6170	6204
6139	6205
9824	10112
2956	4436
3903	57153
10919	53615
983	3832
6498	64750
1445	9564
23067	57690
3091	5594
6233	8322
23112	84441
1937	6142
3688	10298
5981	23244
9493	9787
8329	333932
2305	22974
9128	55234
50835	56923
23014	79791
2932	5529
1650	6729
9183	64105
3105	5696
26005	84902
1000	10970
6146	6201
2131	2817
4513	4519
3688	7057
10618	51246
4969	11081
1455	89780
6309	6713
6168	140801
811	5034
4985	10563
3055	5336
7175	9877
6950	10376
10949	23658
338	2243
6827	51755
3886	8688
64951	64983
10121	57545
2935	6133
5869	6453
55703	55720
4695	4708
57405	151648
11116	79959
9371	64837
990	5717
9183	79980
9282	84498
22974	259266
8945	154214
1933	9349
54996	64757
3309	10049
57542	65264
6633	6635
915	3559
1385	1387
1290	1291
