6233	90293
2963	11193
51382	79895
2934	51411
259287	339403
3017	8970
10713	51692
3185	23283
6175	6209
9037	23275
5516	6500
8687	286887
6165	6228
5048	55055
1660	10523
3111	3113
9412	9442
1793	5747
393	5879
6169	6173
351	10970
54998	64976
6429	9410
7283	22897
2521	51692
10274	113130
51088	51122
695	6850
7533	10971
5170	7249
974	3635
1778	3831
1937	6125
699	9928
5970	57506
8816	79269
6159	6170
4288	51203
7514	9126
6164	6206
1362	3482
1280	84570
6170	56006
89910	140461
6169	6234
6156	6229
2531	112724
394	11015
55124	221400
1778	9493
123904	146183
11145	122618
1043	7512
4659	5515
155	6344
6154	6202
5879	375790
6130	6202
9700	9793
4508	4541
6165	11224
23309	57169
2149	2151
6430	57794
6228	6229
6124	6125
8027	51429
6139	6189
2837	5331
1983	23521
6142	6168
514	27089
5984	23649
2967	51426
444	3091
2975	10621
10236	51729
3854	9119
1870	4208
1069	27077
1902	2767
11070	51226
988	8243
1601	8322
1650	6836
54881	55127
4172	10036
6426	23517
1994	7536
570	23600
6169	6193
1133	8477
8337	8349
3107	10475
23095	24137
9968	23186
5441	10980
10946	22826
140458	285231
4686	50628
2792	391195
4690	7525
6165	6189
5688	5706
932	160364
7919	10949
4854	5087
4710	4712
1956	5829
55066	57546
26290	140453
3190	10594
6727	140801
29074	51069
6165	10952
3833	9212
4707	4724
3911	5747
10885	55720
6233	80351
7337	25831
5335	10920
1241	29933
6201	9724
377	10749
6167	6189
1906	2150
6155	6231
1660	3185
6135	6204
5878	54885
4686	8021
10051	10403
6210	6218
57678	256356
332	29127
11258	11316
5518	5976
830	1315
830	29127
4697	55967
2305	5516
26470	253982
6168	6210
1500	7525
7153	9824
3698	51156
9690	221687
55832	56995
9666	115290
57082	348995
9793	23332
22984	23223
1981	6202
8615	9570
2519	7184
4240	5954
6167	6203
5903	57551
5977	6601
2521	10921
6206	6223
6136	6203
27340	56902
1933	6156
5707	64750
5371	6672
3854	8689
1387	5469
9076	24146
7409	27071
3267	22848
84946	88745
9320	10193
2099	7031
5529	5718
57413	58191
23304	158506
1062	83540
9133	83461
1453	6223
6159	6169
5725	7536
4707	4717
3837	348995
1983	6141
24137	55614
7454	10787
727	259293
4736	6159
6155	6223
6167	6188
344892	390083
5562	9821
10112	22974
11137	84916
6129	11224
23291	57154
8655	51098
6170	6235
5439	9978
1121	51715
10201	87178
51258	64951
8581	27076
186	3350
81	7057
1173	8301
6307	51478
6165	6222
7779	27173
846	259292
6218	6222
6156	6203
3857	3868
4709	10975
10376	10693
3192	55749
3134	3660
6160	23049
891	55872
6138	6173
1639	1778
7178	10399
5861	10540
5878	10890
974	2213
1936	6132
983	26005
126638	147409
57154	65264
7840	57787
5861	5878
1981	6232
25831	57542
7325	7704
3122	55824
332	54821
3837	10575
64750	65264
6135	6194
2247	3685
5347	151246
7458	8662
3433	3434
1781	79867
800	3672
6203	6223
1981	6167
813	5954
3619	23279
6201	6208
6141	6154
8945	23014
7846	10540
1289	1291
1495	7082
6132	6160
10592	22974
9700	23332
6790	121441
2207	3689
6142	6210
3111	3118
9739	25942
7454	7456
2071	8450
10477	51665
8581	154064
6636	6637
5431	5433
1116	4069
643	1268
4049	115650
7531	81565
23020	51692
1912	27327
10952	11224
6168	6223
1665	4686
10693	22803
23304	90025
1129	5179
3688	3693
4697	4708
7337	23291
1956	284119
6155	6157
932	3685
5885	286053
9126	23122
1910	2147
1668	728358
2767	5335
2242	3561
3660	5696
8945	90293
7155	8289
6143	6202
6122	6133
4288	26586
7532	26123
80328	116372
7132	10616
3356	6865
971	5336
10885	54881
8243	57082
2197	6206
92815	128312
23291	89910
6203	6217
9126	23244
4710	4728
1060	348995
6204	6227
8087	9444
3303	3320
1508	1514
5566	84902
3091	51122
4670	7536
26589	64928
79895	199675
3998	6745
4736	6168
5435	84844
3579	55970
3119	3123
6193	7311
64926	153090
10802	51014
7316	22954
10733	146057
5430	81556
6128	6146
6224	6727
3301	10963
9055	29127
5898	10890
4057	57554
6176	6235
1111	2178
23160	56902
920	1234
1062	151246
4436	7520
779	783
3921	6204
9972	23279
2243	9715
2932	6790
9320	197131
9320	26190
6124	6164
4064	9450
1854	7298
6188	6201
2817	6385
1981	6176
6189	11224
8334	8341
6232	140801
7311	65264
1656	27161
2492	2791
776	51764
4331	404672
6144	51187
5707	10577
3797	79659
2935	6160
6836	22820
966	11314
1946	2268
4867	121441
9793	25909
10155	90233
5707	5717
6158	6189
4584	9245
623	5737
6139	11224
6155	6203
10403	83540
6124	6176
23160	84916
11103	56902
1063	7514
7525	10298
6175	6230
640	7525
389	6242
6175	6223
6850	118788
114	2861
940	8516
10395	23371
5903	55339
1329	55967
6152	7311
4670	220988
966	11015
3326	7415
3055	5336
10250	58517
2305	5518
9967	10432
3833	64837
335	350
4088	7316
9276	10802
399	143872
10540	121441
10153	84128
23279	51362
6155	6218
783	10368
3185	3190
6231	25873
22930	84516
6189	6229
83551	319100
5700	5702
6160	6229
972	3115
1783	11014
1794	9844
10892	257397
6164	6168
54625	151636
983	5000
6169	9732
51444	57531
4889	6751
6181	6203
6772	83666
1781	6232
4361	10635
3909	3918
3560	3718
6129	6201
1292	3688
661	6619
10403	79172
5933	132660
2919	2920
25937	51421
891	8655
672	7516
332	79172
4588	140453
10112	24137
988	29127
5657	6037
988	4173
6206	6234
8349	8365
1291	3672
4176	5982
3491	11098
2197	6193
2782	26086
25926	84128
2730	2937
4713	27089
5708	84962
9727	23265
351	63940
27125	55840
6233	7189
5657	56729
1007	1013
55781	84135
1129	5173
1781	3797
4102	158511
11157	51503
3109	3115
1308	3691
351	2841
1435	2200
51079	54539
6128	6189
23014	64219
4686	9879
1659	9343
861	6604
2491	3619
6170	6223
55168	64928
79659	150737
3799	81930
10484	126003
5331	222545
6175	6193
54443	55165
516	26521
102	3915
991	55355
3437	91543
6164	65008
1237	9934
1783	6232
117	2784
6122	51386
830	5048
4736	6227
645836	100287238
6139	6143
377630	401447
26190	54165
4736	6167
1942	2041
6204	6232
5731	94235
6146	6156
2675	220164
6170	6203
5983	56852
3433	23586
3434	4599
1232	4986
5739	59350
23322	80184
10575	10963
867	6654
8945	154214
867	5781
6130	6164
7003	7005
6135	6206
51	6233
1385	1387
8886	23160
25885	27340
9439	9611
10403	11004
3267	3949
641	116028
11340	23016
5903	23279
721	3426
53831	441864
3362	5443
4116	6222
9282	9968
4839	25885
1981	6210
1911	23028
1462	401138
6240	11169
10155	10780
6135	6176
6154	6158
117	594857
87	3611
4694	4724
6233	23049
1605	10298
1295	10536
3107	6890
3352	5540
2790	7852
79738	166379
4512	4536
6189	6224
7474	8321
1445	2213
6155	6170
9611	9967
185	4988
6204	6234
373	7322
5048	7531
9493	51014
6161	23049
5777	5806
8648	84498
6154	6176
5932	348654
22954	84085
51429	115548
6130	6233
55759	84549
8636	11258
8085	9739
6141	6194
1293	1294
1315	81930
10592	11169
9662	10733
51692	51729
3884	100653049
9350	148738
10022	56923
1604	51014
2976	11128
54908	55055
9585	23095
6154	6228
6189	6201
6288	84432
6125	6161
6136	6157
2147	3827
6233	197342
9787	29127
3675	3912
5829	6709
1676	3837
6202	6204
4998	8317
3866	144501
116	59350
3434	55008
6160	6161
6133	6173
6128	6138
400	57511
2967	79577
23291	197131
4048	126014
6159	6201
6205	23521
81537	259230
9320	57542
5868	26130
5605	5894
2071	9015
51421	60485
6235	27042
6234	27340
1793	6461
3640	387129
5868	10254
1278	7373
5954	10970
1063	23332
5592	8654
6599	6602
10458	10787
9015	57504
55131	84128
51023	219927
7054	57016
28998	51264
3192	23283
9371	10112
3913	10970
1981	6223
4540	25915
5704	5718
3091	23142
2186	9739
5338	9744
6159	6175
5111	23649
6139	6169
5870	81876
1062	81930
51692	80335
400	90196
4508	4535
2222	3422
726	831
156	2767
1398	10152
10250	79869
3240	10394
4540	4709
649	3339
2863	55970
24137	81930
6133	6167
6161	6167
6188	6235
23404	54881
56667	140453
6129	6136
86	55193
580	10714
23396	84812
7283	10540
6128	6171
351	126006
3921	6128
522	539
680	2798
1434	7514
5718	6790
4233	6233
6500	142689
3767	6833
3710	8826
1994	10949
9867	140461
23160	56919
8329	121504
2625	3169
9833	29127
6122	6204
334	3491
335	462
6232	9349
1969	2048
6161	6188
1908	1910
6203	6208
1345	4695
5196	94235
55339	84271
7536	27316
11339	79172
1969	5879
9847	23265
6130	6158
1292	1294
79600	79867
5119	9798
1350	10632
857	7132
6385	7852
2811	2815
6138	6165
2475	9675
4173	7153
6159	6207
11325	83443
6233	84251
25885	55720
5336	5777
846	6870
1062	1315
800	5829
6232	7458
302	2799
10664	22976
5111	7027
23011	57403
1783	6709
5717	51330
6129	9045
1462	9469
2787	10803
1072	5216
4088	5054
3055	5788
3949	7316
4852	283869
3091	7316
5777	5781
6165	6209
896	3717
10540	51143
501	85007
6209	6235
5788	6688
4751	4867
6203	6209
6173	6176
8698	55970
6188	6203
5893	7158
6137	6143
5977	57492
7337	51320
1241	2767
9156	84126
3394	6688
5440	10302
3609	10236
9738	163786
8329	8349
9276	23095
2956	4436
8453	23291
8260	79903
3433	91543
11014	11015
3619	151648
22995	163786
471	93034
988	3066
6142	6171
8689	9119
3015	387103
7163	8907
1230	55970
950	22905
3320	5829
1857	27130
10671	26286
2773	5999
10592	23310
6129	6164
56624	259230
7283	22919
1933	6159
6237	10371
6167	23049
1991	4069
5896	5897
10466	10540
51258	64928
5516	5781
8697	11059
5879	8853
6167	6209
50831	51289
3886	8689
2132	6385
2641	113091
6203	6227
5869	29924
6233	9927
1269	8698
727	10022
1832	5493
388	117289
8514	10857
7321	23198
6152	6168
5434	6749
28981	92104
6128	6144
6223	25873
4593	57144
6185	58477
6772	6774
4695	29796
3569	84141
1954	23295
9320	10489
9655	23142
3688	3913
9354	23304
6143	6169
6138	6142
3106	3133
864	3683
11339	51203
813	10130
2151	6915
6139	6224
9611	23097
29089	197342
163	54874
4297	23269
1144	1146
2491	6249
10274	79172
1277	7373
10376	150465
1933	6230
983	9833
6135	7311
2767	55970
890	9833
3178	27316
367	8349
6168	23521
3106	6890
2771	3708
566	6036
2185	5747
1008	1016
1129	5733
9903	51343
6122	10399
9371	64837
1116	3240
1856	5869
636	23299
8969	126961
8450	10401
6747	23471
3911	9459
5516	79172
8243	23244
6222	6235
6164	6223
80184	117177
6124	6146
102	813
2197	6181
6161	6210
5822	8568
7272	64151
8924	8925
10193	26046
2960	9412
920	9026
3882	8688
9700	10274
701	10403
7272	10592
2107	6173
3355	4543
9439	9967
5515	6500
5441	79035
87	10490
6175	6206
7316	8864
5516	5711
26146	92104
11322	23218
1062	1783
338	2153
6233	7158
4239	30008
5706	5718
3312	10808
963	5795
23658	27316
6130	6235
378	5861
84902	121441
57542	144699
996	26091
8976	51429
3998	10802
5695	6790
3015	5436
1576	2327
2242	5361
23291	65264
10919	29945
6141	6228
5829	375790
89122	154881
140453	192134
6432	10189
344892	390084
6133	6160
6176	6234
3832	5422
5624	10232
389	394
389	9322
3921	9045
5054	5327
331	6233
23601	199675
988	203068
9700	23279
996	8453
6137	6157
4867	10540
51203	64151
9904	57647
7003	10413
10427	55291
2197	6160
11021	23011
1500	84962
2695	10266
5862	10890
6208	6229
3683	3688
6168	6234
3687	79895
10013	25942
5194	6233
6154	6155
1302	50509
3105	3106
29093	118487
2205	2206
6144	6158
6601	6602
2784	594857
11014	51014
28981	64792
54960	79833
2767	7204
3912	375790
1347	4695
6165	140801
699	1058
5196	11251
10681	338557
5880	9844
6230	6234
6204	9045
51203	56992
2222	51478
1781	29127
25836	29072
1315	9570
4288	9700
26268	57531
6164	6181
10193	197131
6135	6137
2633	2634
3183	6432
3881	54474
701	51203
1727	23526
23511	51692
8347	126961
2788	50865
8295	8945
3635	4233
623	1814
6169	6170
1048	8434
1933	6128
7525	9844
29945	84108
4926	5116
488	489
117	2792
29093	219927
7311	23600
5868	8411
6125	6228
6188	6222
3833	24137
5715	7314
5688	5705
683	94103
288	2348
23309	64426
6155	6181
8329	8341
1174	10016
6146	6222
5290	5970
5501	23122
51172	84572
10970	64386
3688	9564
6877	51593
84085	144699
6130	6139
1285	1286
6923	140458
9246	197131
4035	10082
112	1880
3183	6434
29127	81930
1915	6130
891	51433
6175	6232
1915	6175
6161	6164
1453	6208
3827	51156
6142	6143
1956	2064
11070	22820
5708	5970
1105	23168
55839	55920
6133	6222
10403	26271
5708	64750
10890	10971
830	11014
6205	11103
1291	3673
54620	84231
6156	6165
5347	9738
220134	348995
6155	6209
3797	10749
6129	6133
3181	3189
1660	2521
6189	23049
6154	6233
5290	9208
51	7311
6173	6224
3190	4670
11073	84126
1524	126006
1495	3801
28959	55365
5048	151246
4734	65264
9349	11224
1937	6133
10970	222487
1639	10121
2033	8648
54677	83752
6128	6232
5695	10213
1605	3912
302	23526
7311	54874
689	6160
5558	23649
6141	7311
2157	7423
3156	3157
6156	6170
351	5443
10487	11344
7044	51097
79172	348995
773	785
53339	57531
4725	55967
3852	3853
6137	6223
6434	220988
4288	10112
6152	6161
53829	59340
521	29796
6455	51429
1981	6218
10540	11190
8329	317772
6167	6202
7037	54885
6205	8562
219965	285093
10199	84946
3619	11004
1956	54206
3912	54972
9655	90293
6890	6892
5266	6699
6133	6232
54856	55870
245937	613210
146	148
4111	158511
6156	6218
79869	84248
65993	124995
336	2266
6176	6208
22919	55055
4736	6206
161	6233
83540	220134
3978	4171
8673	11322
5196	5473
3309	9531
671	5657
521	10632
6170	6171
65264	90293
1933	6205
406	9572
4514	4519
1062	9371
5660	84061
377	29127
712	713
5868	7879
7316	10920
51343	142689
9276	26286
2917	27199
2801	10972
6142	23521
1642	8607
5868	5870
10733	163786
23067	57690
3678	5329
6132	6208
3190	5093
6201	140801
3006	8337
6157	6188
64750	115290
3914	5829
2733	23511
5516	5717
6556	84418
3683	5023
800	3693
8976	55243
6233	10110
5519	10274
5438	83443
7314	9134
9493	64837
5519	79172
6136	6232
23223	26155
968	5878
6136	6167
6170	6218
1665	3190
4205	6938
6626	27316
4736	6194
2059	5294
6147	10399
9879	55660
4867	79867
6631	51645
8453	84085
3433	9636
3560	8651
5905	6232
6156	9349
122876	594857
1794	3055
1457	10051
1432	5062
830	1604
3192	11338
10282	10466
9903	23194
51317	57649
6208	6234
2207	5338
813	6790
4939	10379
915	3560
672	51755
6154	6235
999	4072
846	4829
3619	24137
6144	6235
6230	25873
2197	3921
22917	57829
2189	80010
6173	6230
4666	6202
23142	26190
10749	11127
10762	55143
28973	51069
3576	6347
351	1524
1495	84962
6147	9349
8453	9820
5328	10396
6830	55677
701	1063
3190	27316
389	9411
4736	6136
6136	6209
6207	53918
988	1994
10112	64837
2932	5529
226	6678
6125	6202
9055	10592
6688	7805
2962	57794
5903	8563
10681	51083
23295	84231
8673	23208
2033	10498
8544	10787
3837	7175
9666	51088
3178	6434
3486	3569
8829	10512
8916	9039
27248	51009
3039	3048
55165	259266
7311	57154
2769	5330
22954	64219
1277	4060
521	7381
1634	4060
6128	6203
1005	1012
80184	84962
7335	55905
3240	4069
891	1781
9672	64131
6422	7474
11235	25843
5717	10575
6160	6173
9919	149111
6129	6233
6137	6228
966	3903
6136	6222
9341	115548
6202	6210
3178	8175
6142	51187
4171	4173
5880	6453
6233	140459
1774	5199
6205	6207
1783	24137
4710	4726
7852	9564
2197	9790
950	5868
930	933
5872	201475
1029	1030
8560	196527
3178	10949
6164	6230
6209	6210
79865	340205
377	24137
6500	10920
3897	57698
351	54972
9371	9493
5048	79003
10236	220988
950	22848
1933	6218
55635	259266
890	10460
274	6453
5578	9564
9462	64926
6418	7514
6146	6169
6755	339403
10869	63891
148	2837
6154	6193
80176	142689
2912	5179
9133	79172
4008	55236
3646	6156
2865	6288
2033	23774
6130	6142
4714	54539
5695	11047
5433	51362
4736	6193
1269	53829
801	6263
6427	6434
11051	85313
7204	29933
701	9824
3655	4233
2863	5332
3761	3785
6129	6152
79867	84902
4839	10885
6202	27340
351	29933
5265	7040
2197	6135
10943	54556
7311	143279
5516	5523
9793	11004
811	813
6189	6205
3394	3430
57674	80176
2957	51616
10250	11100
3659	5371
5880	10298
6156	6224
6160	140801
1639	22930
988	6605
23020	220988
4702	27089
23582	25949
3659	3660
890	151648
6165	6203
5528	9126
1062	5347
4712	91942
2197	6228
5048	5519
2633	10561
6170	6189
274	8853
6168	6235
6885	23118
7456	10787
10193	26118
4736	6230
6160	6193
378708	387103
4998	7027
55142	146057
8638	91543
1062	1778
5578	6810
3200	8338
3105	3660
23014	143279
4584	192134
1576	2326
2185	5829
11339	55166
1508	1509
6232	57551
5199	10394
6133	6227
6125	6203
6152	6230
351	5330
7514	9700
51264	51649
2923	3309
10427	10484
389	30851
1829	5493
5725	11338
4999	5558
4713	4715
4175	6118
1294	26984
7184	7466
4508	4512
6202	9045
7110	10618
3549	6469
3191	23435
2222	3157
4735	57545
1237	8811
55755	146057
56992	64151
121504	126961
3309	29927
288	6712
345	350
4174	63922
3122	4261
2197	6154
10285	55749
9341	84251
6138	7178
6138	6156
2207	100049587
50838	259287
26290	56667
6188	6217
6233	6235
4323	4811
6152	6223
6170	23049
1282	10536
6201	6203
1315	2801
5869	57403
2804	64746
3594	149233
2962	56949
1601	8976
7337	51132
1337	1351
1915	6159
830	57511
2967	9015
8914	11169
3357	4829
8655	60673
3675	7057
6168	6228
4116	6152
643834	643847
6144	6168
3683	10857
5905	9133
6202	6230
566	1991
90293	221687
3886	8687
6152	6202
1524	729230
990	5707
4952	6272
4175	81620
6168	6176
6189	6194
3156	4597
274	51429
88	2890
6181	6206
1236	4544
51585	79869
695	974
2935	6217
6125	6136
9700	55143
54908	91272
6224	9045
967	25798
54552	55720
10458	10552
6144	6228
2091	6217
4641	9371
64946	79682
391	394
890	157570
1933	6142
29927	58477
996	5347
9133	10615
8514	57153
11224	25873
1981	6168
891	54908
3903	11314
5501	23332
29074	55168
6137	6164
3687	441864
50865	63940
6143	6234
1639	1781
2071	55677
4519	4540
6500	55884
10274	220134
3688	23209
3797	9493
2048	5921
2648	25885
51429	54874
6142	6201
9820	115290
4690	9448
1509	10159
6138	6235
6152	6157
4312	4313
22954	26091
4014	5317
6138	6202
6130	6161
966	23218
6171	6234
6129	9349
6923	285231
695	3635
2997	6233
4713	9551
6309	6713
9533	112495
966	5023
10952	140801
1601	51429
335	4036
3921	6222
1345	7381
5699	8792
6155	6159
2197	6129
4088	57154
2033	23309
3685	3688
7094	22906
6036	6037
9282	84498
344892	390079
932	2358
7846	57545
3882	8687
80155	80218
3320	10458
6222	9045
705	84549
4008	144699
4067	4254
7316	64326
28987	51388
9126	9700
4141	7453
3326	10576
63891	390594
1645	1646
5684	8658
5707	8452
999	1942
6141	6160
4173	5422
4067	5777
8568	51096
966	79090
23042	51283
7124	51330
4940	10561
5903	23511
1660	3609
1060	57082
6129	6157
6135	6224
50616	116379
64792	92104
6138	6205
4541	25915
1005	1009
4233	64759
6129	6160
6209	9349
6206	6207
3183	6428
6170	6181
2773	29899
6430	220988
2843	151306
6133	6229
1308	3918
6227	6235
51206	80739
2204	338339
2242	3718
6210	22984
6146	6224
1453	10427
28514	54567
2623	10661
6147	6223
25957	51747
1655	11325
996	6790
55142	440145
3191	5725
2623	6886
5336	79837
4116	6170
60	10095
6139	6203
1915	6122
28	2525
23304	53339
5558	10926
6176	6203
813	3913
4035	5159
6160	6194
6139	6205
6150	116541
8683	10569
22954	57542
1778	84902
7032	7033
142	6119
6128	6175
6217	27335
55749	79869
6240	29127
3921	6160
6134	6202
6233	25831
29127	55872
23014	55832
3354	11255
10733	203068
800	10398
6147	23521
84676	140456
6189	6234
6130	6173
9276	10121
10153	55131
389	1894
1537	4726
1314	26286
2064	5599
378	10282
2358	3579
6209	10952
6130	6175
5293	23533
891	6790
6129	6147
9886	84144
109	10681
9493	24137
6202	140801
824	831
1435	3484
2677	5627
54908	151246
6156	6175
8976	10254
8881	26224
136	2863
6194	6203
351	6370
701	64151
1290	1292
967	4033
6168	51187
332	7514
6156	6188
6128	6152
5708	51330
7316	10254
6156	6201
10426	440145
6124	6205
10199	56902
3799	55605
6175	6203
10096	10097
3920	6836
1933	6206
6625	11100
5519	6801
6167	9349
6158	6194
4952	9886
6128	6156
5985	83695
1660	3190
4332	5657
10523	11338
164	55330
988	60682
963	3903
7311	10952
3303	10963
6125	6173
6189	140801
23122	79172
1994	55660
811	5589
5432	6205
2072	6233
81	7791
988	9967
58	5879
60560	80155
6181	9349
3921	200916
3920	55754
3191	51692
197	51156
9752	56141
121504	653604
3434	3437
1639	3797
111	799
6133	7458
3048	3050
1365	100506658
6233	140801
6218	9045
6167	6222
4700	55967
5286	7311
2033	23013
3001	5551
3799	11127
6132	6222
6125	6158
6124	6143
6207	23521
2963	3312
51003	400569
8322	9341
999	1001
1937	6130
5529	51143
6158	6175
8775	10618
2207	338339
6164	6205
916	940
5707	84962
2207	7305
79867	80184
8560	8907
6203	6206
56945	57129
3075	3078
1362	9698
3375	7253
3832	9700
6144	25873
3105	5696
10592	157570
29127	84516
301	9002
9690	84231
6206	25873
11339	79682
966	2207
5878	10552
3675	3909
6161	6203
10885	27042
5781	6774
2975	11128
5501	79172
991	64750
3071	5747
3115	3123
1121	79958
3091	4088
1956	2268
89910	115290
6147	6164
6205	9045
8334	8349
185	2862
64837	81930
6224	6232
54716	153201
8074	8404
65264	89910
10436	51202
9551	84833
23063	23122
5271	5329
5436	7936
2197	6152
51350	112802
5714	6790
8945	285231
6202	6208
6130	9045
6556	100049587
1894	54443
6152	6229
6147	6234
2841	7852
6556	23601
53905	405753
4172	5422
1981	6233
55143	220134
6790	10383
10749	23046
5880	84144
1315	8729
6605	57492
6138	6154
6176	11224
351	8477
6204	6218
10022	50835
4686	10594
6142	6235
6229	6235
6152	6159
699	10403
701	4288
641	5426
553	3062
8085	23067
57405	79172
10841	200895
6122	6164
5094	10285
5199	6709
6133	6205
63915	84062
4297	51230
6165	6235
1499	5516
3921	6147
5725	9879
60485	84962
6169	6204
7311	55432
3488	7857
51088	144699
2962	10498
4738	9616
7434	594857
6426	220988
9816	9875
1058	9833
1398	5829
25885	83743
55003	84154
4599	4939
7153	23397
974	1445
6790	10112
55275	55610
3710	6804
6181	6189
1500	51474
6170	6201
156	2121
4538	4541
2033	81857
6207	6209
1781	5516
6229	11103
1058	55355
6156	140801
6916	80142
6155	6158
6122	6156
6160	6207
6194	6205
11103	88745
11176	64426
5707	23526
3659	6737
3690	3791
3674	5829
1490	10413
963	10970
26173	51593
1500	1956
1859	5928
1783	25839
1595	6307
996	57674
2935	6203
10236	10250
7200	84634
6139	6233
6124	6206
9181	171177
3433	10964
2491	5519
6810	6814
2266	3698
1062	7272
6136	6229
7320	7322
1116	5199
8334	8970
1364	1365
3725	6591
23586	29761
388	397
3689	8514
53615	55766
6206	6233
1462	10090
3107	3133
351	83706
4695	4707
813	2519
6146	140801
1303	5351
9076	100506658
27316	220988
1453	6227
4718	4724
2912	4889
5708	7415
6132	6169
920	8976
29984	257106
5422	7027
161	5869
5928	57649
7337	10193
7311	140801
637	8626
1058	55143
6205	27340
1981	6206
891	995
5611	10525
2317	54751
472	64421
3832	10615
6193	6223
6218	6228
6142	6156
5526	6249
983	9631
5347	5905
9700	10051
2151	2791
4708	27089
522	4713
400	10466
1781	10540
7409	10458
996	54778
2155	2159
9294	64805
114	1814
84648	353145
6141	9045
197	2266
1937	6229
51118	80135
79980	113130
6175	9349
55872	83540
4800	6667
27316	55749
9341	10254
3122	7535
9349	25873
259290	259294
6709	51014
6142	6189
521	1329
2197	23049
8322	22905
6130	6167
86	988
489	4853
6218	9349
6161	6205
1241	2863
6147	6165
1778	9276
6130	6191
9320	54778
3091	55662
51143	55055
6169	6171
51122	56995
1329	1347
6227	6233
335	5948
9570	22872
5718	11059
2791	2925
1453	4809
55168	219927
10274	10403
1956	5782
84648	353142
3109	3127
10199	79954
1839	1956
57191	400720
6157	6194
57154	154881
6136	6159
6207	6234
1063	5501
1880	3579
3437	4939
990	5708
5048	23322
2197	8662
6167	7311
9892	10109
25831	57154
196883	285601
3111	3127
6176	6227
6804	8673
4171	5984
3422	6721
1278	4313
6165	6234
6229	23521
4543	5173
23223	79039
2833	83756
2847	6752
3725	4088
3122	3127
1639	9493
6133	6202
6138	6170
988	6602
2535	4919
4734	23327
10933	93621
197	5005
5590	6714
2770	5599
79339	344892
6688	7305
3240	56729
6136	6161
9883	11218
4700	29796
796	797
11190	26005
6143	6164
3685	5747
6206	6228
26270	93611
966	79895
10274	57082
2847	10563
56975	401138
4710	4724
3895	3915
5557	54962
1781	7531
5867	5874
7311	25873
1195	57396
991	10112
389	6453
6232	23049
6201	6210
1453	57787
9295	22794
3192	23020
4332	8635
5707	6790
64410	79791
6135	6146
3309	10049
695	7525
6155	6208
6155	140801
3355	6751
112	1269
10403	10592
4303	5901
1536	84329
5347	11190
1453	6209
7456	10552
56658	57531
23112	192669
6130	6206
4710	27089
9604	9867
4707	4713
23160	25885
23279	55746
187	5196
5747	7409
57111	64284
156	5578
51023	90480
6222	11224
6139	6168
890	84515
3672	9564
5704	5714
10394	56729
7311	56288
22854	50863
6128	6207
6135	6160
1315	64837
377	1783
4171	6749
6167	6173
1832	2125
830	51014
4670	9343
23149	51429
710	10747
3853	3868
6165	6181
1161	7518
1650	3920
6161	6171
6637	55505
9117	10484
2491	55055
6202	6223
6171	6173
6232	6249
5335	7852
990	5717
2491	5528
5868	51715
4141	8565
6175	6224
5710	51686
4853	27327
1292	55214
10949	27316
6159	6232
1062	4751
10283	23398
1062	55165
10051	64151
1460	23397
930	974
7337	57169
5566	5573
81930	151246
11176	79595
4700	27089
1933	6228
932	3903
7311	55366
4809	84844
3725	3939
84296	84515
1601	29924
988	55681
8175	56949
983	7321
1937	6202
4172	6118
1398	5599
6147	6194
420	58530
6135	6230
2197	6169
1230	2833
9636	23586
4519	4536
1655	25804
6181	6224
6202	11224
4670	27316
1956	5328
1650	6185
10890	11021
1994	10498
5578	5588
672	5893
338	5948
3157	4598
86	54617
891	1062
8468	91646
2243	5005
6203	6205
6130	6218
6714	7402
6158	6208
1991	4353
4701	51079
695	5777
4736	6171
10945	10959
3683	3685
5286	55361
5861	57403
6159	6176
28998	65003
1829	2125
6173	6208
2935	6173
5872	10971
55143	64151
891	5515
1495	51474
988	5094
6142	6154
9055	10376
10112	29127
57405	151648
3909	5829
56923	259292
3688	3912
1233	5196
6194	6232
3717	4352
6678	7057
5469	9282
5347	9055
6124	51187
6667	8648
5695	5706
2200	7076
6175	51187
3181	10236
2033	4089
5689	51371
5869	51715
991	24137
6193	23521
2197	6224
23326	79595
3074	23197
2537	10964
566	4353
51122	115290
351	3491
6144	6206
6626	10523
23244	23279
5878	51715
1659	9716
113130	348995
1956	3675
26168	27043
5093	27238
1793	10152
6168	6173
24137	285643
143279	201456
8729	10121
344892	390066
6461	9844
3434	23586
3111	3122
8907	10053
6171	25873
701	4173
27316	84991
329	5708
55143	55355
6228	7178
84231	140460
472	84464
6229	9732
6147	6207
6129	6167
5516	9183
6193	6234
23223	79711
23304	26268
10254	10617
26091	26190
6229	140801
9039	51665
1910	3827
6224	25873
84085	197131
1315	9276
3937	11184
6201	9887
3054	25942
6147	6170
25885	84172
9690	10489
2798	56923
8329	8334
6161	6201
5684	5694
22974	24137
285093	391211
627	5781
6385	10755
10749	51479
10121	26123
3655	3915
5048	57545
9128	11338
6434	57794
5335	7305
2550	51083
81	1495
9739	55904
89910	144699
6218	6229
383	4942
4710	4713
5335	10818
623	8111
55872	157313
27089	29796
3184	4670
79583	79867
400	2803
57403	81876
6443	8910
2147	4295
3875	3880
8881	29945
4508	4539
1500	55740
917	29993
942	7525
3484	401138
4736	6210
6122	6143
2817	4035
55249	55870
8767	11124
1991	3240
2197	11224
2790	55970
3112	114876
5796	7316
6129	6173
25885	64794
5290	5781
6208	27340
6700	353132
3640	53831
2159	2243
891	9183
23279	23511
9133	9493
988	10403
9793	10403
5698	6890
6222	9349
5707	7415
11275	283807
4116	6235
6617	79035
7316	10552
3017	8341
2792	343172
57545	121441
6155	6206
6128	6188
6227	11224
928	113177
3184	3190
23451	55339
7474	64840
1880	196883
3113	3127
3866	3875
9787	22974
4116	6146
6146	6165
174	2266
1387	25942
22974	121441
26146	79989
1062	22974
699	3796
7514	25909
2036	4646
1781	2801
671	1669
1387	2033
1495	4301
6159	9045
6173	6223
6156	6168
8175	57794
332	7272
9793	79172
6125	6233
1398	7525
661	10623
2782	5290
6139	6161
5928	9112
322	333
1783	9371
247	3479
2946	2948
2960	2967
1933	6130
8295	57634
80740	171169
4174	5984
9126	25936
2801	5861
1277	1293
6137	6154
6698	353135
695	5335
1781	57511
1325	283869
3098	5236
3360	10888
4713	51079
10663	259292
701	56992
4724	7381
6228	11224
5610	23118
6204	6228
26146	79659
5365	8482
5435	5439
1398	9046
5439	6621
6144	6161
9604	23291
4171	5422
1292	7373
56165	136991
3106	5696
2209	10152
9833	24137
10316	729230
3685	199675
6235	7178
2672	6688
6235	23049
4734	115290
344892	390061
2071	2967
10250	10285
6167	6201
302	10383
4830	4831
6229	65008
8321	8322
9655	51665
3190	11052
6194	23521
1639	22919
10733	132320
811	5034
54820	57787
6201	6223
685	2069
7373	10536
9493	9585
6154	9349
514	521
6160	6171
6139	6181
5878	10254
5796	6233
1894	5879
163	274
887	4295
1232	338442
6142	6224
259293	259295
3191	79869
890	29127
8453	26043
3481	5005
6124	6135
2318	54751
199675	338339
10466	79571
6189	51187
6158	6176
6124	6173
23608	140462
9276	51143
126638	353135
4538	374291
4736	6138
148	886
6144	9349
197	338
915	3559
9675	57521
1453	6193
2064	7311
5519	22919
1495	5584
9655	57542
1347	27089
8688	8689
6209	6230
1969	2268
3915	10970
1478	9128
472	7468
3619	5501
1994	11338
6129	6228
123099	340485
6181	11224
6950	84617
5111	7329
50848	57530
6137	6209
10561	55601
3688	5879
1303	5352
3185	55749
6223	8562
10525	29927
6193	6227
383	3240
6209	8562
6184	58477
4712	51079
1956	5579
932	51382
1660	10492
10403	23310
5869	8027
7311	8290
6209	6233
10153	51602
6208	6209
4999	84515
10657	11052
351	7466
4708	4709
2197	6158
9648	10466
377	1781
988	79869
6206	6210
259292	259295
5862	57403
5433	9879
10250	22794
10920	283899
6146	6152
6631	51503
9371	29127
5594	10971
6168	6233
6136	6206
8615	100302736
3915	7402
6176	6218
55629	65110
4008	57542
3017	85236
1933	6165
4171	4678
1173	5868
6804	8499
2962	8175
6124	6175
6152	6207
6122	6207
5518	6233
5985	10635
9632	10483
1173	5962
890	10403
5828	5830
8871	9341
7979	139285
4670	51729
55832	55884
6152	6189
2803	7110
4724	4728
6167	25873
328	10038
3903	5023
2735	132884
9020	51330
9738	132320
54998	55052
5928	10013
4999	23595
4033	5660
131873	256076
9322	22905
9349	9887
570	1962
4725	7381
55755	347240
988	10657
9655	154881
5903	10274
6231	9887
8826	128239
6747	84061
6128	6142
1824	1832
6157	6205
2791	7474
4867	84902
1653	25940
143502	285093
56902	84128
135228	266727
8356	121504
11127	51014
8568	22984
6141	6158
2107	6234
6161	6170
5439	6637
2204	79895
6709	56729
643	50865
6233	90678
3856	3875
1232	50834
6657	63978
8568	57696
6138	6194
8615	10802
5869	8411
1981	6228
6157	6222
7525	10413
226	5230
5725	10291
7913	9015
6135	6158
5594	8826
9276	11014
1289	7373
58	60
64781	340485
6125	6208
23160	55720
9382	100302736
6142	6164
4174	7298
23309	79595
2033	8085
6385	7057
9700	11004
6159	6234
4343	4853
6218	6233
4586	26290
5335	8698
7343	57459
7536	10181
1294	2157
6233	8295
332	5501
5336	5578
6159	6168
4519	4538
3355	5179
6124	6128
3187	7919
7514	9972
6136	6202
90293	140458
6122	6235
6160	6232
2784	6752
9833	10112
2491	9793
6222	25873
6146	6203
2220	5648
7337	23309
2784	3763
3683	79895
6161	6169
8563	23225
6230	7178
6613	7421
2239	10082
3491	54972
567	6890
9126	23063
6139	6176
8945	65264
10075	80204
1994	10285
113130	151648
6748	90701
55252	221937
4514	4539
6175	6204
7343	9013
6201	6234
6138	6233
3827	4295
5688	5701
6628	55110
1069	9557
9276	9632
4233	9564
4809	5435
5516	5714
5708	5887
2262	2719
2157	27095
1337	388753
10112	23095
1783	5516
9138	55970
64761	83666
6203	6235
3320	6461
6133	6169
6429	22826
7337	9867
3055	9844
4939	54739
6135	6173
6232	54820
6209	6222
6135	6181
1017	5707
79470	344892
1004	1016
7525	11099
6130	6135
8886	55127
3718	50615
6136	6228
9870	57542
9276	22820
10236	10594
84105	347732
5529	57551
6156	9045
6155	6194
2243	5345
5439	6923
3184	3191
5870	10890
187	11251
1499	1969
114	259285
516	8604
1113	6855
680	64106
6144	6167
84231	90678
9793	57122
1050	2322
6157	6224
403	84747
6189	9349
6223	140801
5335	6850
3361	9290
6128	6154
5310	9727
1660	9128
6130	6203
991	2305
9493	11015
335	4547
1910	6863
988	57703
6133	6217
6133	6210
9020	10000
5439	80349
4695	51079
699	259266
9493	54443
4715	10476
2817	375790
4514	4535
3054	3607
8666	25873
3313	9093
4088	64750
3921	6168
161	24137
2197	6175
400	10564
7337	22954
5439	6119
9277	84946
1387	23097
3915	4240
10250	84950
3040	3048
6154	6206
389	29127
5874	79083
6130	6222
9564	54518
6850	23533
1453	6204
2197	6136
990	9491
4726	27089
6139	6222
51692	55339
2551	4899
3376	6301
6189	8562
2791	115557
5529	6233
988	11004
6133	6144
6124	6235
6137	6176
6136	6189
25929	79084
7337	54778
2935	6157
1991	8635
3619	9793
904	905
9833	11065
6636	84844
6157	9045
56949	91603
8243	9126
6155	6234
6692	6768
1365	24146
5693	5705
57545	91147
932	966
5868	8301
1650	6122
5868	5869
29126	80380
9793	23279
5094	9343
5707	126374
5879	7454
2268	5783
1063	5518
746	1603
991	151246
3093	6047
671	10394
545	5889
6637	23524
6122	25873
9636	10561
187	56670
6428	7919
23059	26146
6518	84329
372	57511
6209	6224
4591	55658
929	7097
25873	140801
10803	50865
10254	25977
7316	89910
144699	197131
7706	51426
54657	54658
25909	54821
6176	6209
197	3827
1462	8542
1915	6147
521	27089
9183	64105
3688	5829
6223	6227
7525	9564
4736	6157
1579	8529
51725	55819
1738	4191
5528	23047
1062	64837
23063	23244
1783	79659
10613	11160
988	7112
6124	6204
11127	64792
2799	5707
6160	6167
996	5708
6167	6235
1062	3619
301	2788
6863	84432
11190	203068
54998	219927
4712	4724
6128	6208
10576	55970
287	6326
6520	8140
3903	57153
6426	6432
55166	57405
56919	57647
6141	6147
3561	5599
9341	51542
8243	23332
8337	85236
160	1601
3543	7441
501	51166
6827	25920
9318	26224
3909	9459
6168	6209
3071	7456
10733	55142
6363	10563
54148	55168
4713	29796
1781	5905
6201	6232
9183	29127
3190	3609
6147	6206
1717	50814
4736	6224
1781	84962
10324	201456
4867	91147
3848	162605
567	3105
6138	6230
6152	6201
26268	84085
1154	23014
9833	11339
6160	6218
64318	79954
1650	6745
6746	58477
8655	10671
5520	6132
5093	6625
8886	84916
6143	6208
1291	1295
3887	3892
55720	64318
6129	6137
65003	219927
6146	6233
10970	79895
5347	51343
9212	83903
6141	56915
6158	6203
11314	100049587
6141	6144
6156	6228
3339	6385
10163	147179
6181	6229
1933	9349
5822	55127
1017	4999
1462	10130
683	338339
5048	5516
6750	6754
399	10144
9133	11065
3836	7534
6217	7458
6204	6235
4952	286451
1477	6431
1387	6601
378	830
7314	10920
5819	201633
7409	23533
3055	5747
6173	6229
1937	6138
10975	51079
6164	6176
3619	51203
1398	9844
6181	6205
3909	4233
2965	9646
6233	9732
5707	7316
301	2790
6204	6207
3190	5094
10112	10749
57405	79682
6161	6228
1069	10383
388962	654483
6168	6188
51650	54998
3913	11098
23332	25909
6125	6139
6152	6154
2197	6161
8655	27077
4736	23521
6164	6218
6232	7514
972	3109
2358	160364
5861	51715
9972	55339
6130	6144
51122	54165
25839	84342
6133	6207
9133	51512
22954	55236
2683	84061
10949	84991
6194	6201
5887	7415
6161	6168
5518	6232
966	51014
9329	10621
8907	11322
6167	6227
6138	6232
6122	6159
5584	56288
92	7049
4736	6124
9320	9604
6164	6228
4535	25915
6156	25873
6745	6747
3184	9716
54165	55832
3688	3915
377	5861
6144	6207
23521	51386
7311	114987
932	945
23511	50628
1605	29954
6155	6161
2197	6173
996	5717
4735	23322
6157	6173
6147	11224
6227	10952
846	259293
2185	7525
8337	653604
146	84109
377	1639
3190	23435
727	50835
1855	81839
3074	5707
993	1111
8560	10970
3882	286887
9787	9833
8720	51360
10458	55740
6165	7311
6160	6206
1639	9371
9875	55127
3309	51726
58505	200185
22954	57630
248	152330
6132	6204
6152	6208
6137	6235
1116	5004
51728	79622
10403	79682
3852	196374
8341	8970
4514	4538
6249	10540
28972	90701
6125	6129
136	2788
4736	6141
4041	8325
5573	23209
3921	6207
6157	6232
720	3426
778	779
6428	6432
7184	84141
5422	5983
11004	55143
51069	64928
55055	81930
54821	79172
6167	6207
4948	7299
1604	54732
6157	6206
6164	6194
1601	6453
5427	9768
9742	28981
6223	9045
514	4713
6173	6207
966	64386
4734	9604
8065	9354
3320	10598
22954	84231
226	7167
3655	5339
9655	84085
10594	11100
627	2247
1810	26009
174	3827
6223	51187
5296	10818
51068	117246
6234	23049
6157	25873
5339	6133
2914	3350
1062	1894
9787	24137
1058	64105
2033	6872
1937	6207
6125	6146
6161	6218
6827	80349
1758	8404
6152	6160
6164	140801
1763	10714
6156	23049
6169	6201
54960	79023
50835	51289
3191	9782
4040	8322
699	83540
6218	7178
6143	6168
7514	55055
22954	26190
10254	22848
6241	51203
9700	10592
10540	51014
8969	653604
117	7434
5706	5714
3973	4160
5707	203068
2207	3937
5034	5479
1500	4646
6130	6155
26146	55112
3320	10383
988	9611
2782	11245
6124	6207
5869	10890
2865	84432
6234	6235
1956	8976
10714	80010
23620	84432
5516	5598
1968	8661
10762	84271
3181	10432
6146	6227
5980	56852
5094	5725
2268	7525
1453	126003
7334	64320
391	55843
64792	150737
6122	6194
2071	9014
6631	6635
1981	6139
3437	10964
8687	8688
6202	53918
1509	5768
8570	11052
6138	6206
990	84515
2197	6167
10466	11014
1453	6232
7135	7431
1453	55127
4686	11338
6790	11190
7409	9844
1915	6142
1063	54821
6181	6223
28973	64928
1660	27316
3486	84141
945	84418
6152	6204
23291	54165
3667	9564
2792	26339
2053	7311
6635	51690
1650	6130
5887	7520
51264	65003
6133	6209
3886	121391
932	326624
1956	115548
899	9700
4116	6233
9021	57674
22954	65264
22954	154881
6133	6234
983	11130
399	9138
79172	151246
2521	5725
4952	22905
3685	9475
1366	4072
5516	81930
1457	7153
2243	3026
824	5829
90	4088
551	6846
5118	84695
8085	8945
1727	5594
4751	10133
6170	6202
116	2740
5931	10664
9883	23165
57082	79172
6176	9349
283111	344892
2790	2837
6122	6137
3074	10577
10959	22872
29127	54443
996	9820
25798	326624
10952	90701
6136	6164
6130	11224
6747	60559
51143	79172
3619	10274
8317	23649
4700	4725
9055	9493
6233	10818
7832	85456
6130	6223
4670	23435
1495	128239
1778	5529
6625	11338
9416	53981
6224	6234
5562	5571
6130	6230
2197	6235
996	9666
6160	6175
9716	10236
6144	6189
5829	7852
1292	10536
5094	23020
353132	353133
9655	55884
4702	4710
9793	10274
335	2243
8615	9276
6143	6160
999	3691
6124	6129
6188	6230
5435	5451
56165	91646
10970	84141
1062	54908
6868	11319
7311	11059
6637	51690
11169	23649
991	83461
3458	6775
5695	51330
6138	6181
11100	11338
2197	6147
8243	10735
2491	5903
1431	1737
6491	10733
4738	59286
5179	6751
4584	140453
10022	50838
5170	6197
10735	57551
966	9276
6181	6208
2197	6201
10482	23279
6168	6193
10652	11014
5663	23317
6204	6222
3619	81930
1108	3094
2790	22948
5701	11047
990	64151
752	5217
3354	9283
196	1543
8453	8945
3190	51692
6125	6175
1778	2801
9716	10713
6208	23049
643	9294
3178	3184
1129	2912
6222	7178
930	5336
3921	7311
4173	4175
5329	10026
6141	23521
2912	5173
1295	55214
1956	5796
302	6281
1062	5903
6146	6160
3611	6790
1933	6129
988	5394
6317	6318
598	6774
11015	23046
10799	84946
23014	23291
156	2863
6159	6210
54778	197131
1500	5880
1287	3685
3646	26986
2177	2189
10885	55127
1537	54539
8364	92815
1314	10802
259	2244
5879	257106
5930	54620
3565	3567
3611	3688
3655	3675
22954	23291
1033	9232
3017	8365
29763	54874
64951	64976
701	9793
6122	6209
6204	6223
6223	7311
4171	4172
6170	6208
1452	10971
10592	54892
6168	6224
4736	6152
5747	7852
3693	7525
4708	51650
23095	64837
4709	51079
27042	55153
3184	6626
2204	199675
9564	10787
10489	51343
9126	57551
7153	57122
9133	81624
57521	389541
6237	10507
5869	8301
988	4999
6147	6229
9829	26052
4067	7409
399	257106
991	9493
6130	6170
6173	6188
11004	64151
2071	27125
6711	8615
23397	55143
6752	10563
5332	55970
6170	6188
5547	326624
705	9277
6144	6176
6632	10465
1555	1576
1088	170482
6154	6173
988	9533
10802	51128
991	29127
8453	22954
991	4734
1398	1794
6045	23028
1233	94235
6147	6232
6164	9045
6167	6223
6161	6206
2204	23601
6132	6165
3192	10921
3192	4670
6189	7178
7316	353376
8895	10970
6227	6727
657	9765
7184	51726
25926	51096
6142	6222
332	1062
6135	6136
9738	347240
1108	2033
9221	84172
6233	11224
83540	259266
3422	4047
6122	6232
7415	10383
4509	4535
26043	54165
6223	6228
6701	6704
6453	9341
3909	375790
6203	6233
830	6711
6143	6228
6233	84749
1278	1291
372	1315
905	25896
53981	79869
51023	122704
6227	114987
3912	3915
388	55843
3092	9146
23304	29945
3339	7045
826	831
140881	245911
9616	28991
54998	128308
6160	6188
51264	219927
7516	348654
705	84946
6181	6222
1933	6169
7110	10466
2792	5741
3698	3827
6130	6159
4609	7022
6146	25873
2224	6721
6628	220988
3030	3032
7536	10949
10285	55339
6619	10623
6202	6228
2195	7124
11004	113130
3916	3920
6205	53918
10802	81562
51676	65264
9410	55954
9700	151648
6168	6201
9136	84365
9690	57154
6210	6223
2958	5435
950	5286
57129	63875
26589	28998
1639	11014
11314	196527
1111	23595
6143	9349
1234	1236
100	51816
6159	6208
722	725
4332	6036
3190	10949
344892	390064
6605	9031
4700	4709
114	3972
10552	10787
9631	23279
9138	29984
6169	6207
5746	59350
2923	6185
400	60592
5528	23332
1810	55689
945	5023
1965	1973
6176	6222
6122	6175
3913	375790
1994	9343
11224	23049
60	5879
50838	259295
86	8607
4540	4694
54778	57542
4537	4539
5437	7874
387	7046
1062	9493
4713	4724
471	441024
5519	54821
950	3482
3688	5747
2811	2814
1500	4233
3192	5725
988	10946
1062	10051
6124	6133
6637	51639
2519	3074
9969	10499
138803	344892
6139	23521
10713	11325
3886	8688
5439	6631
890	51053
6934	83439
9363	9367
1781	9493
6207	51202
23332	146057
6194	6223
3673	3693
400	23041
3304	9531
3843	55705
7531	10383
55901	170692
1063	55746
6205	6223
164	10618
10403	151246
7311	23586
22848	26130
3673	3675
8925	10489
400	25839
79023	129401
3303	9531
9716	11325
2813	55350
1908	23620
6231	6233
10949	220988
6556	160364
2956	6117
50834	338442
9787	81930
6168	6218
6129	6159
9738	55142
6133	9349
988	8301
79682	387103
6181	6218
27327	80012
23160	27042
5880	94134
2932	7316
6130	6188
2178	6118
5594	7249
891	29127
6133	6208
55055	79172
715	716
5436	27258
378	9276
3921	6133
11224	140801
1781	11190
1062	6249
8243	23279
3312	7037
80224	374291
6233	8945
4686	25920
80097	653784
1063	259266
2767	29933
6233	22954
1233	2359
6203	6232
174	51156
6124	6169
2735	79809
84085	84261
201475	326624
10389	84108
65055	138883
2625	5241
87	3688
4641	5879
6161	6204
1062	10112
6514	6927
891	81930
6204	25873
7486	11073
990	9134
5707	10575
2873	8607
8886	55720
1069	79867
23279	23332
9320	23291
7021	83741
5529	81930
5862	5869
5880	257106
4713	10632
1062	10403
9700	10403
6124	6168
23322	57545
3663	4281
6235	9349
6202	51187
9553	51264
6167	6208
1277	4313
5829	9844
6193	6202
9020	23118
3675	3688
23020	27316
6152	6164
2153	2243
8638	9636
23225	79833
3664	11074
8881	63891
6223	9790
25929	55706
6169	6189
3663	23321
6135	6157
4712	4726
6128	6170
2814	2815
2935	6229
3015	10284
1915	1933
64106	347148
332	5347
6157	6202
6208	6218
81	3688
6188	6206
10890	23265
51289	56923
8886	51388
2059	10458
1022	5432
3437	23586
6136	6194
1778	10577
10574	84617
2197	6146
4736	51187
3105	6890
6233	126961
5903	9631
186	2914
6635	9883
3949	5869
3921	6233
6400	91445
332	991
399	9938
3048	4778
6182	55052
5737	6865
6142	6223
4717	51079
1944	1945
6128	6165
6155	6189
824	7525
1660	2130
6227	6230
6136	6154
6124	6189
2071	7314
680	6869
9833	22974
6210	25873
1453	6235
2491	81930
11065	55165
6168	6194
1018	1026
2521	6434
6161	6189
1000	10970
1434	3837
2067	91442
1915	6206
4116	6135
6133	6194
920	5286
3683	3695
109	2358
8290	29086
6194	27340
3312	29763
9320	26091
51122	84085
6144	140801
5829	64098
51122	55884
5696	5698
6136	6201
4116	6633
6237	7525
6194	53918
6218	6224
3191	5094
2782	115557
1453	6228
6142	7311
1813	6364
8175	10181
6231	9349
6218	7311
4541	374291
6142	9045
133	55970
11116	79959
5652	6692
1088	150372
11190	22919
1315	23303
1902	2185
7381	29796
10499	23389
5451	55718
5699	23198
2067	7515
3491	3915
6137	6170
6165	6229
54663	84365
6455	8673
2788	55970
8334	8337
3190	5725
6161	23521
57413	59340
1915	6161
7846	150465
9416	23451
6141	6189
4986	50834
64426	79595
26524	84962
6154	6161
55142	203068
701	23047
4734	26190
1660	3192
6176	7178
10403	55143
3838	22974
6142	11224
830	11127
6137	6234
6173	6189
197	336
338	2243
991	5516
3837	7514
5928	51317
26224	197131
6129	6230
7311	154214
2935	6137
7316	27248
6709	126014
10254	10552
6168	6204
719	58191
1739	3996
1595	51478
3434	9636
10274	151246
890	9787
8301	25977
3074	5476
9348	10082
3181	51692
26168	88745
5872	8766
6203	6228
344892	390081
566	1511
3672	3913
26155	117246
963	84329
7175	23279
4893	27006
1287	80781
659	23118
6144	6173
4713	4725
5230	7167
5984	7298
6130	6207
7311	26249
5422	55388
1062	5048
2197	6176
6202	25873
6141	6159
57122	57551
9968	23097
2071	5985
150468	259266
6137	6229
891	2491
6122	6129
983	3832
705	56919
9276	64837
10121	84902
146	2846
6158	6161
3109	3113
8740	10673
79895	338339
6229	6230
6222	10399
9459	29984
1058	57405
10097	10618
5688	11047
2207	3903
9656	11073
6137	6168
5707	200734
2197	6204
6139	6144
9128	10594
6202	6234
7316	8323
996	4734
3913	4233
23042	23420
23517	84135
29984	55843
3937	7454
2197	6218
2790	9138
2036	116986
7311	8945
3491	10272
4735	91147
6182	65008
1646	8644
3157	4047
3491	84141
1111	8317
7343	10919
779	27091
4734	22954
10959	50999
3833	55143
5594	6386
3684	10970
54821	151246
4088	5594
7316	25977
1781	80184
6137	6169
6500	9604
7316	23072
1477	24148
3912	84141
909	915
10965	55825
9690	9903
727	50838
7272	10403
6147	6233
3909	3911
6157	23049
4700	51079
6122	6173
147	5021
117	5741
353142	353145
6229	25873
5870	8766
23533	55970
3191	10657
6144	6227
1048	80740
9666	89910
1981	2197
1982	8672
2803	79571
8453	79699
84078	89890
6159	6173
904	2967
9791	81490
8804	203068
6205	6229
3313	23511
1778	4867
3832	51203
9742	23059
55143	151246
6515	144195
6152	6176
10236	10291
2792	26338
3371	3912
5000	7311
4709	91942
6625	23524
2792	388531
5879	10458
53829	57413
23327	79176
5518	6169
6141	6176
6143	6158
999	3728
3308	55706
2475	6654
140460	197131
351	1234
1452	5516
2867	23620
5528	8243
988	9126
6036	8635
1781	6249
6206	6232
7311	257397
3017	8349
462	2243
1880	57413
5725	10432
1289	5118
2767	64407
6194	9045
6122	6169
5929	23067
1816	3973
26284	64965
2790	7204
6205	6224
10527	55705
6944	81611
6135	6223
5695	5700
6132	6202
5976	56006
6176	25873
5433	8085
6147	6160
3912	51280
1778	6249
6132	6168
1278	2200
3133	10475
6156	6208
991	5905
6233	9810
1121	5869
2535	5599
3351	346562
6207	23049
1576	54600
332	23332
1933	6233
2873	8945
4696	4718
4670	51692
6141	6193
377	830
10574	22948
6128	6193
3113	7535
399	7204
2305	55355
833	4141
6232	6234
2147	3481
11004	259266
5609	9181
5294	7852
7003	8463
393	11015
1933	6193
945	2207
6144	7311
3491	3685
5684	5688
2072	7874
5768	5806
332	7153
6208	55127
996	8945
1062	3831
9833	259266
5433	55197
5529	10274
4734	8453
5526	81565
1062	51143
6147	6231
7316	55777
9969	23389
1981	25873
6139	6204
6709	7430
6154	6218
2792	138883
1295	7373
974	5336
4738	28991
6138	6203
3157	4597
8886	79954
345	4036
3091	5699
10112	55165
4069	5657
2197	6164
5339	6217
973	29760
9320	26046
3320	9844
3673	3914
2071	4298
351	27242
84085	154881
324	1739
6129	6203
11103	22803
6218	6231
5861	5869
6128	6230
10022	339403
1512	5806
9632	22872
6181	7178
6161	6207
778	10369
1536	23601
196527	326624
7311	55008
1956	3918
6154	6169
1462	10082
10236	22826
7311	55914
945	100049587
983	3833
6170	10952
11017	11051
5528	10726
1062	24137
6601	9031
51602	84365
338	350
389	94134
6124	6232
3267	5868
6428	6632
58506	130074
1788	57332
6129	6202
10693	84617
6201	6228
3190	10492
56658	84085
7314	93343
51289	339403
2207	2212
57332	84733
9354	89910
5599	9043
4712	4713
5872	6764
2318	3688
22974	23332
6133	6189
2800	9827
6890	6891
2521	6421
3683	3693
3066	84289
10857	326624
3192	6625
9276	51014
4512	4541
2833	6346
6161	6173
3688	83660
6228	6235
9133	22974
7388	29796
4841	6421
891	22974
2537	9636
3123	7535
8807	8809
7272	10051
5578	8038
6165	6227
4691	8602
10592	51203
9371	11015
2740	5739
6170	7311
8687	121391
57545	80184
5578	55970
23423	54732
1536	653361
3091	84962
383	56729
1394	1816
4171	4175
684	4939
53981	85313
2804	9276
9793	84902
6633	6635
5880	91614
6139	6202
3833	29127
51465	84447
4736	6169
3687	53831
55127	84128
4736	6175
6122	6202
6222	7311
3646	8667
6129	6143
3799	10540
5868	51552
79228	84324
6203	25873
6502	136371
6176	6232
6152	23049
6170	6228
6130	6141
7311	285231
988	10236
3183	10949
6143	6193
344892	390059
6122	29997
6234	8666
2071	6878
2980	2984
351	7184
259287	259293
1137	1141
2967	51755
701	113130
6154	140801
2268	6774
6745	58477
3362	3640
2642	4922
8453	89910
5795	326624
51079	374291
353137	353139
6125	6167
10574	22803
8243	55746
338	2266
6207	27340
2848	3274
7316	54677
118487	128308
3849	319101
10403	51143
6138	6189
1983	6205
4738	5715
5880	80728
10969	29997
6152	6194
643	10803
5173	6751
3437	10561
813	84141
6159	11224
1124	5879
4538	25915
51289	259287
4724	51079
5328	5329
5528	57405
5725	51692
120796	344892
10484	51014
4724	91942
6223	23049
5879	100423062
5879	6249
3886	286887
1669	1991
2788	2863
5347	24137
10621	11128
8590	285093
1650	6184
6130	25873
6133	6168
6144	6159
5067	137797
7428	26259
8394	23533
1537	4715
10652	51014
9136	84946
3109	3123
2912	4543
3071	10458
996	9320
5788	7852
10403	151648
4736	6144
10484	11196
9128	10236
4701	126328
3797	10112
6235	27340
6155	7311
9557	57804
2072	51426
4599	10379
6160	6164
6152	6165
79441	132320
783	10369
4725	27089
4670	10523
6122	6205
9903	51665
285	7010
3912	5829
3082	5867
988	23397
1315	9371
4508	4537
5119	27183
5903	22919
10484	90411
6147	6205
8365	126961
5433	129685
2792	122876
3895	5954
2064	2065
1969	9564
6176	6194
9793	22974
6147	6154
2918	6752
3202	3203
79682	147841
8970	85236
9631	23511
6160	6189
9793	54821
2359	6370
10153	79954
2189	7517
988	55660
55839	79023
7456	8976
2621	10272
974	100423062
8689	121391
1983	6133
3619	113130
2810	3918
6418	10592
3915	5954
174	2243
9585	29127
55884	115290
5880	7454
6234	7178
10043	25798
26984	79090
6136	6142
55008	151636
152	2916
5430	6601
2048	8976
695	3725
140458	158506
3633	29984
6170	140801
891	7531
55831	56851
84085	200845
55601	91543
5872	53917
3685	3915
10970	326624
383	8993
1605	5829
2597	7167
6700	26239
6122	6229
6158	6160
5660	7852
4508	4509
6136	6175
84549	84946
1559	1576
2107	6176
553	64106
11176	51742
6232	6233
51121	79048
3189	9987
23112	80012
55832	80204
51343	51665
6130	6176
6430	6432
6136	6230
871	1303
6233	54778
5725	10492
5290	6667
27258	51503
55143	57405
6160	6231
6164	23049
5868	10890
26263	89910
1894	9833
5869	6233
6137	6161
4620	8735
1478	3188
9416	55339
2099	9687
51143	151246
6194	6207
7005	10413
1495	5795
7317	140459
5869	51552
2776	5331
11345	81631
522	9556
6181	25873
8969	121504
6169	6181
6133	6158
54885	152503
392188	645402
9739	23112
3093	22954
51645	85313
7314	26263
163	6233
5879	9564
1605	375790
9820	89910
9341	22905
4695	4725
891	6249
5194	23600
6144	6201
830	1781
25879	56902
6173	6202
2200	56975
9436	9437
3956	11320
6146	6204
6428	7307
4708	4725
5071	23352
51388	84916
4016	5118
3882	121391
6137	6155
4926	55755
8662	9669
6169	6188
10293	200845
1495	3799
1933	7178
2305	7153
3200	5438
9716	10921
1902	7852
23011	51762
7936	404672
2185	9475
6209	6228
4736	6155
10199	11102
462	51156
10970	11001
6128	6168
6137	6167
6122	6191
1778	2799
6223	6224
1809	10371
9320	84085
5290	26127
2635	5371
6228	6232
11103	27340
51143	79980
6878	8295
6169	25873
1981	6222
6155	6235
6667	57508
89910	143279
3183	6430
2521	10236
6924	22916
5579	9564
79090	149111
466	1386
991	1781
2185	5599
4700	9551
23511	25929
6206	6227
84261	154881
1282	1284
6132	11224
79659	79989
488	4853
6633	25929
6144	6208
57187	65109
3675	5328
6455	8871
6175	9045
9700	23122
9564	10044
2967	27125
54578	54657
705	84154
3799	9493
1843	3304
2535	7525
8349	126961
6240	10592
6201	9349
891	55165
5435	5441
10112	54443
6130	6208
637	3002
81930	113130
695	971
10121	57545
6132	54512
5879	5898
5439	51755
6139	6160
6164	6202
6128	6194
6235	11224
2491	10274
5695	5707
891	7314
5694	7314
2537	3437
1511	4353
91147	121441
302	10577
383	671
8349	79019
6923	23198
7454	10552
6667	23248
10112	83461
3305	10963
332	55055
6464	6850
6157	6204
90550	91689
26190	140459
259290	259293
6158	6223
9002	55970
6427	10189
50838	56923
6234	8562
972	3122
7110	90196
11017	85313
1237	5173
6272	9500
11325	55749
699	10592
627	5879
6518	196527
4353	56729
1994	9879
6125	6160
5284	55004
6193	6230
11073	63967
977	3655
11004	23332
6176	6189
4627	4659
2255	26281
338	3698
940	5879
10540	80184
1232	8843
5594	5707
3915	5829
9371	11127
4670	5725
8697	23291
64425	65083
3921	6164
7409	653361
6157	6160
8351	8363
185	2642
2274	284119
6175	6189
3111	3123
1906	2863
1991	4125
6122	6222
1395	2848
3320	7415
6830	26043
1058	11339
1062	6790
9616	150726
10285	23283
988	4436
23601	57153
3119	3122
3071	9564
5822	22984
996	115290
6159	6227
7320	9604
10403	55355
4708	29796
1462	10618
26123	79867
5111	7298
329	51330
5594	5781
6158	23521
9918	259266
6790	7283
6176	6202
4624	4635
6631	6632
22803	27340
56923	259293
1453	80097
26019	51121
4736	6143
22897	79598
683	932
6169	6222
5976	6235
1236	2841
10921	10949
10952	25873
10618	55330
6160	6209
351	2817
4436	254394
3312	23225
9782	23435
9879	51362
8546	26258
2913	84539
2125	6699
23122	113130
8704	55624
6224	6230
2023	5230
9092	27339
3115	3127
932	338339
6159	6204
25831	53339
9793	57551
3673	3910
2491	79172
9844	10787
1062	5529
7311	9045
4829	56923
6047	9604
51069	55168
7311	10111
4172	4176
9126	9793
9276	29127
2683	5660
7514	57122
2243	3698
10489	22888
988	55215
3491	10970
1781	10383
7184	10970
2243	3481
6203	7178
6159	6209
10540	24137
7204	8976
1511	6037
4708	55967
274	8976
983	4288
26285	149461
51259	79598
6167	10952
6158	6173
64946	147841
317772	440689
3912	5879
55166	387103
641	5424
3799	29127
1601	9341
1347	10632
5709	29882
2846	2922
4736	6173
1269	56670
6168	6202
26190	56929
6205	6234
2197	6170
6125	6142
3133	5696
3185	10949
3054	9739
51330	115650
126328	374291
1292	5352
57154	89910
3683	8514
2792	219438
3912	4240
991	1058
22984	64318
10015	137492
6233	257397
2206	2207
1665	10885
2132	375790
705	23560
8841	79685
796	6344
1814	2853
6210	9045
3691	3909
990	10592
11102	84946
1499	5868
51510	51652
1062	9793
6202	10399
4947	5708
2023	3939
6189	6210
5708	8742
5516	10213
3071	10552
6165	6230
2960	4763
4867	80321
6133	6233
3074	6386
988	5725
23412	51725
1277	55214
3491	7184
3017	8969
4735	79867
4585	200958
6129	6204
212	2623
8314	23512
2791	11245
109	53829
57153	160364
3687	22918
6133	140801
6709	11014
10181	10523
9039	200845
6129	6156
6168	6181
1937	6142
5660	63940
6233	23291
22905	29763
10014	54880
10096	10152
2519	5476
701	8243
336	345
6152	6232
1495	8394
4694	29796
4116	84844
7474	8324
8453	56995
4709	55967
54998	118487
2286	5479
4172	9700
4852	5179
6442	6444
8450	51122
1793	5829
1933	6227
8452	154881
7027	7298
3683	5788
7454	10458
6222	23521
1559	2327
301	302
3895	11167
258	9210
4736	6139
9212	79003
1081	3623
9412	55090
111	51764
1610	4843
6168	6222
3827	5020
9126	11130
2178	2189
2892	2903
5331	27334
6175	6229
8365	333932
23160	84172
6233	54363
9045	9349
2034	9314
3133	3659
7316	200734
1910	2865
5718	8453
8412	9564
6208	6228
5526	10274
719	945
3214	3215
1991	56729
10075	54926
6147	6157
595	4067
1639	10112
3135	3805
8698	59340
9493	81876
890	55355
7514	23122
11250	83551
6171	6227
6218	140801
1781	51014
9887	11224
6132	6171
963	8514
8689	286887
6189	11103
5684	5706
1062	259266
251	152330
26046	26268
2695	5741
1933	6138
335	3827
3007	3024
90480	116541
9382	10905
7326	26259
3192	27316
6128	6136
3008	3009
5266	6707
6203	6218
10155	25799
3191	10492
1783	11127
5725	8661
332	151246
6135	6205
988	9879
9343	51729
2798	10886
5954	51280
6147	6173
4862	79365
7153	11004
3619	79172
4172	5426
7311	54363
389	257106
6224	7311
6158	6205
1329	4701
4700	4712
6161	6234
8453	115290
3191	9128
3184	220988
6128	6204
7514	79172
6122	6144
22954	23327
23067	25942
4148	10272
9491	200734
6158	6159
4724	27089
6193	6194
9833	51203
5898	10640
6129	6155
114	623
5518	6228
2521	57794
521	4700
1439	5777
6155	6222
10524	10714
6122	6142
5562	64121
10540	57545
111	3354
3134	6890
988	10767
1857	5528
2966	728340
6164	6233
3313	5903
2826	84539
7038	7173
516	10632
2305	5347
4512	4537
1650	29927
6229	6233
6152	6181
2266	2719
23327	115290
4087	79753
9655	10489
8337	8347
4069	8635
8313	10297
5829	7430
79954	84916
9144	11322
6125	6169
5336	118788
57674	65264
53981	348995
397	5880
51503	84844
2491	57551
6223	6232
6208	22803
6130	6133
2203	5213
6122	6206
3675	375790
10484	79090
6147	6193
25915	126328
636	5048
26224	84085
746	100128731
9776	55626
3915	59277
9318	9903
5985	83932
1062	9787
23590	56997
160	26130
5693	5695
9879	10949
92170	503542
950	7316
932	3689
6218	6223
55759	84128
5868	23011
2521	3190
5469	9968
5501	9793
5290	259230
8453	9320
6154	6223
9276	22872
5493	11187
1981	6135
9967	23097
6201	6233
11339	54069
6194	6228
1294	1295
9493	23046
2274	6281
996	6233
28981	79659
2268	9564
1665	84172
7316	50813
968	25798
5579	55970
341276	344892
3240	5005
3843	10527
6136	6217
6181	51187
4171	11073
7057	56999
1595	4047
6428	7536
4726	55967
6144	6165
4540	4713
51382	222487
6135	6141
88	4626
5111	6240
5928	9070
3491	51280
10121	79867
10652	149111
8243	9700
6152	6228
5872	23265
6209	6231
6370	11251
891	5526
10693	55970
353139	353145
58191	63940
6181	7311
2242	9855
1062	9585
3071	3320
115290	126433
2197	6189
54778	84231
9493	10121
6164	6234
3359	9177
1933	6164
119678	344892
6132	6218
1642	11091
2357	259285
4957	55755
2079	6428
5529	54821
6142	9349
5558	11169
6170	6209
6139	6209
3191	4670
6201	11224
6152	6206
5707	5834
6137	6181
6130	6204
7305	100049587
8453	55832
6133	6175
8452	26091
84163	389524
5878	8301
6811	9117
5286	286451
3607	55252
6144	6218
699	9824
344892	390063
8452	57542
6122	6176
219954	285093
6189	6208
10907	57819
1385	5290
9738	146057
116	94235
5713	5715
6830	9646
6122	6128
4736	6228
6154	6160
6135	6138
1329	1337
1879	5079
5330	29933
7272	259266
5983	8451
3659	7015
4738	6635
3684	53831
3921	6234
8453	9666
6130	6168
1511	4069
1642	5983
4539	4540
9055	10112
26539	344892
3434	11274
3619	9126
2537	10561
1739	4646
5189	6233
22948	63971
3685	3903
6161	7311
3350	84539
9585	24137
64386	79895
680	4829
6218	23049
5315	7167
316	4837
3066	6045
9879	58517
4171	55388
4702	4724
400	55275
1495	1969
6136	6168
5737	59345
25885	55127
51088	84261
6139	6142
3887	3889
3190	55749
6201	6207
6205	7311
899	140460
2251	8823
10594	23450
9318	140461
6171	6231
6161	9045
3357	56923
9495	10369
6193	6205
6129	6175
332	2305
6128	6129
351	3913
6136	11224
5725	27316
1347	4726
6836	9276
4736	6165
338	1080
5869	8976
1595	5447
1605	84892
26190	57542
8453	51122
5179	283869
891	1058
4088	25937
6167	6170
950	25977
4540	4695
6142	6208
1499	283149
6125	6143
1453	1855
6173	6191
6158	6202
55755	261734
55112	150737
797	7252
6185	6729
11343	57552
6152	6234
4694	27089
1902	9002
55252	55777
5286	6233
26263	55884
383	5657
3689	3693
4161	7432
5711	8697
2810	3691
5829	6385
64284	401409
643	64805
6164	6165
6235	140801
348	5360
1088	160364
3832	3833
10155	80110
3921	6165
5861	11014
1573	8529
26190	89910
344	6382
378	51014
1991	6036
226	2023
1559	2326
1783	54821
2648	5469
2222	4047
6133	23049
3832	54892
6170	6204
3913	3915
3796	5515
1933	6144
1511	8635
6234	9887
891	24137
7058	9507
2958	79035
3692	10969
1937	6147
6624	51411
6158	6228
5589	23193
6173	6206
4174	5111
81567	93100
2042	2044
4641	5872
9188	23560
3074	5834
5347	9793
4343	7311
3685	7525
29127	51014
3912	3913
2791	9170
6165	6224
6155	6207
846	259287
4689	653361
2805	3242
919	3123
2147	2243
3091	3725
6176	6224
3054	23067
4045	7070
10919	53615
1653	283742
9666	65264
3178	7536
671	1991
55008	64750
6135	6143
9655	55832
595	891
5700	10213
1406	4901
5861	10484
7322	9867
6125	6185
55720	57647
3685	5023
1727	5707
150684	150726
8237	10574
6374	27198
7474	8673
1241	55970
26190	65264
9126	54780
6205	6209
6387	57007
324	5516
2852	6387
5861	10959
301	27334
9604	22954
25831	89910
990	9700
3688	375790
4707	51079
1942	2268
1876	10445
8945	11059
2932	5707
336	4036
163	8976
2957	51808
4709	4724
79895	160364
6207	6223
4540	55967
2935	6169
3172	6927
6218	6232
991	54908
2932	5699
3921	6230
10920	55884
6135	6167
4588	56667
2064	54206
5694	5695
4221	11168
3185	10921
5700	5706
23235	55437
6159	6167
51081	51649
6663	27022
8886	9221
302	56729
6133	6147
23160	55127
90025	158506
51382	338339
60	2597
514	4695
6218	6230
1063	23279
8969	440689
10250	10772
3689	79895
1268	50865
5928	192670
7478	7484
6228	9349
3908	10319
336	3827
8976	55971
3619	8243
552	6866
7311	158506
3673	3918
3490	6696
1933	6136
1292	1295
3113	3115
27340	57647
1327	29796
5584	117583
6139	6210
1062	79172
9114	127124
3912	10272
2197	6229
3921	6209
1994	10594
6205	6206
6157	6235
187	94235
6129	6189
671	3240
9265	27128
5706	51053
3106	3134
2790	5579
29763	51429
26005	79867
3685	5795
4717	29796
6175	6181
5697	6750
9055	11339
639	3662
6599	57492
6136	9045
1315	23095
1277	10536
6233	55008
6159	6229
6346	83756
4710	4725
25977	54885
6187	10557
896	6777
4736	6130
6147	6218
2044	4067
3481	3827
2847	4985
5436	6631
1937	6228
5711	6233
10618	79571
163	9322
9927	10059
3309	9601
3350	4988
6874	83860
50506	90527
1453	6218
5861	10749
1605	5879
5685	5705
23014	56995
4735	10540
259287	259292
2804	10945
3685	196527
6142	6204
9730	10293
4734	26091
336	338
6227	7311
8085	25942
259290	259295
4751	259266
5903	9972
2629	8613
5441	6629
1161	51397
10992	27339
2064	85440
6790	10133
1191	10916
968	11010
6146	6201
688	5468
1991	5657
1302	1310
3718	6777
3190	10657
7316	7328
6129	6232
11014	60561
4793	5714
2784	2847
3689	7409
5781	259230
1499	3611
7057	7424
1303	10491
6164	6175
6146	100529239
3683	84329
1063	2305
3921	25873
1824	1825
6142	6173
57405	79980
51143	57405
6138	6224
22918	53831
8341	85236
3093	27252
5746	94235
6160	6233
5868	9341
4535	4537
1499	7409
9666	143279
22974	83461
5558	23595
983	219771
7110	79571
4736	6205
4735	80184
10959	11014
22888	23304
1495	1500
6130	10399
8886	64318
2359	5473
23279	57551
4313	4314
302	5834
4670	9128
27134	100506658
5747	7456
5795	55754
6130	6194
5368	64805
7070	161357
9730	10425
5705	5718
59350	94235
5869	26130
6136	23049
8843	50834
11167	84141
3304	6233
2268	5747
9870	64219
6772	23586
6207	7178
6152	6173
3912	11167
6146	6181
6154	6209
1605	3672
3673	3683
6426	9782
2956	9126
57111	401409
56929	80176
6455	23149
6124	23521
6137	22916
1435	1462
4926	9793
3685	5829
7314	10980
1277	1291
920	3702
3123	3127
9877	23279
886	2846
1639	3326
6204	6229
51715	142684
6233	9349
6209	7311
11091	54881
6181	6233
1793	5880
2348	11316
1499	5777
11236	79139
6227	140801
1062	64151
7314	64320
22984	55127
2107	2935
25831	197131
8886	23560
6142	6155
55832	80067
966	6711
6143	6233
3937	7409
6249	54908
6167	6224
4809	11325
2197	7311
2033	23112
6130	6201
9341	23149
9700	10615
9793	26005
8655	83658
4952	8976
6137	6201
3191	3192
6193	6203
1088	6556
1551	1576
1981	6189
6136	6176
966	11014
4736	6232
10926	63967
6396	9871
1347	9551
6173	6227
971	974
8189	11100
6168	6169
26091	64750
6130	9349
6157	7178
23322	79867
6173	6235
699	57082
79172	113130
3833	146909
6203	23521
1173	5878
5578	6868
3184	3185
1511	5657
6161	6235
23165	51692
4952	54874
377	11014
10767	22894
9730	80067
22794	23398
1933	6168
1933	6155
55720	83743
1994	3191
5435	6633
351	1269
1062	10274
10376	203068
6207	11103
2932	5704
6233	8290
23586	54476
2177	7398
996	5707
5199	56729
9128	9879
1994	10236
6667	27327
1364	137075
6194	25873
3486	11098
6827	10302
9330	53981
5694	7979
6453	8322
1915	4736
5589	56975
4713	55967
2197	6222
163	26130
6616	11322
2861	259293
6714	57670
1669	56729
6155	6204
4725	4726
2782	5082
6181	140801
2491	6232
5950	7276
988	9475
3185	84991
5948	5950
7434	122876
5985	56852
6168	25873
671	8993
6790	22919
87	6385
1937	6203
6184	29927
4670	10291
26476	344892
2788	2790
7852	8698
2064	6714
5605	10256
9903	10477
6156	6223
6209	25873
51109	54884
2932	5708
5529	55055
51725	142685
972	3111
1300	7373
60560	80218
9903	10489
6167	6176
9820	56658
6125	6201
6233	9690
2633	3437
813	3915
6137	9732
9655	54165
6142	6167
3973	104909134
7783	11085
6748	10952
915	7535
4509	4537
2153	3827
317	835
4678	83879
3875	144501
23526	51816
3676	6714
10193	25831
51434	143279
6229	6232
8853	11015
5329	11322
6205	51187
273	8673
1291	1303
154214	221687
5294	7409
6169	7311
4927	50628
7311	10110
27161	192669
8655	79023
6167	55176
4617	4618
6338	6340
5270	5329
6159	6222
595	4609
54821	81930
26046	197131
5330	60675
5660	55970
908	9628
1277	1634
963	5023
1431	2747
5717	6790
7178	7311
138805	344892
399	9743
6776	6777
2317	3688
336	462
996	57542
64976	90480
121504	440689
55055	151246
811	7184
6159	6193
2222	2224
6453	9322
10236	55339
6138	6228
4509	4538
10992	79869
28998	64960
6129	6169
6136	6165
6205	6232
9648	79571
6169	6232
846	2798
1269	63940
991	23327
9883	55746
6500	8697
5529	79172
1058	55839
6224	9349
963	3685
3764	10060
9295	10250
3921	6152
7316	9341
3689	199675
6135	6168
1462	84141
23028	57504
6170	6229
332	9493
6201	25873
3017	8329
3685	6850
4116	6125
3691	3918
890	1062
2635	6672
9793	57787
10383	84790
2521	3181
51692	220988
10615	56992
6144	6204
1933	6141
10051	23244
3267	5869
6124	55629
6161	6229
5985	8914
6233	9320
6157	11224
338	345
657	64750
56995	154881
3659	5696
1043	2350
3619	10735
6194	6202
10121	10844
6210	27340
595	6777
1994	3190
23643	353376
389	9938
51096	84128
3619	25909
5438	51755
377	10112
7003	25937
991	9918
10615	146909
2150	10800
6461	10458
1241	7204
6138	6204
6631	57819
2491	151246
6175	6201
7453	8565
6161	6176
25804	27258
186	2913
6139	6146
3937	7305
11338	23636
55829	58515
3978	4176
4586	140453
1783	11015
3921	6189
521	1350
23265	50807
3915	5621
6147	6167
2767	9002
4288	259266
6229	9349
219858	344892
1314	9276
7316	8871
2186	23067
2935	6164
988	9416
6164	9349
5347	10112
23160	64318
7514	23332
8452	200734
4659	5516
1161	5887
5701	51330
57560	79659
5435	6875
5869	11021
8349	653604
4361	63967
2131	375790
10112	81930
4116	6165
5695	6500
6229	9045
25	10163
23332	25936
6233	89910
6165	23049
2048	5998
6155	6164
6154	6194
4709	4725
64979	219927
3434	4940
6241	10403
1665	23350
5822	10885
3838	4343
335	3698
353139	353142
139322	374354
988	6601
5747	9475
4709	4712
6160	6181
1915	6144
4116	6632
6136	6160
27	4690
6202	6224
5469	9967
10857	84329
1435	8542
5706	6790
183	846
857	858
6158	6222
4301	7082
79473	344892
7311	10252
8875	55350
1062	11004
54874	115548
5558	84515
4736	6135
6209	9887
65003	118487
3199	5438
80321	121441
10592	64151
8907	23396
1994	9716
1778	10112
65055	128366
8871	10552
6233	22848
9742	26146
5829	7525
11339	55143
672	8314
7536	10772
6130	6181
6137	6160
1063	4288
7474	8325
81	9564
10693	63971
6210	6233
9564	10458
3192	9716
10112	51014
353137	353142
6453	10552
522	84833
6804	6810
10970	196527
6152	11224
5347	259266
1062	57551
10403	23397
1956	7039
23295	90678
2792	4985
1994	10250
996	65264
22872	100302736
2790	5294
7514	23244
378	11014
3683	10970
9183	51143
84131	203068
332	79902
108	283869
10272	11098
7412	388646
7137	7138
9493	10112
6165	55176
2847	6363
3912	5747
6194	6206
3881	112802
114	5732
5516	5519
705	51602
4999	5000
1856	7314
1175	29924
285093	390191
3915	5879
6194	6229
1778	6232
6135	6233
6167	6233
10772	10949
81285	285093
9739	9757
1277	1292
6207	9349
53905	90527
659	9765
9844	10458
7311	8976
55832	90293
6128	6206
6164	6193
1445	7525
6707	147409
3635	5294
3491	3913
6156	6173
5684	8312
116372	257194
7454	8976
22984	84172
891	1783
378	10959
6139	6230
6631	6637
25831	65264
56902	88745
2197	6232
1291	7373
2266	5345
6124	6139
1292	1300
6233	151636
399	57449
6137	6218
6168	23049
699	988
4886	4889
3221	3225
8356	126961
6164	6232
6224	9887
915	919
5286	9685
932	222487
3659	54739
1120	1375
3918	375790
2023	2026
1278	4060
3092	6233
55143	151648
26268	56658
6235	55127
2517	2990
2150	2863
160	22872
6147	7178
6159	6189
5879	6385
2912	4852
2847	2911
890	51203
55143	348995
1084	338339
5093	10523
4171	4998
595	6776
8349	387103
6152	6169
7415	10576
833	4677
1453	2197
26190	197131
4535	4539
3119	7535
6136	7311
916	917
9787	55872
121391	286887
3655	3688
2153	2244
25885	55703
51692	55749
64121	84219
9739	23067
991	10726
10383	84617
114	1909
6152	9045
1946	5294
6209	140801
3559	3560
6155	6175
3066	9014
219960	285093
4677	8565
351	59340
3312	8871
2222	3156
1983	6122
8243	9793
6137	23521
26190	154881
6141	6168
29074	65003
6173	6209
1310	169044
1933	6188
1173	5869
695	7305
2197	27340
6147	6210
151648	348995
4125	5657
6138	51187
1022	4005
3619	3832
6698	147409
3017	8337
1793	7525
6168	140801
6363	6752
6122	6189
521	84833
972	5641
5880	9743
972	3123
6776	26228
3687	8514
6170	6234
10733	84131
8243	23047
3184	9343
6233	7844
1111	4361
2491	22919
624	6755
10112	64151
3913	11167
160364	170482
197	462
332	10615
6233	51592
2798	4829
10250	23636
983	5519
6135	51187
3071	7454
6429	10250
7316	8325
6997	10637
6169	56006
9025	9656
6363	6373
8945	9820
6170	25873
23304	57531
2491	113130
6122	6130
6206	6230
11196	126003
9556	84833
8334	8969
2033	8289
4116	6637
6133	6143
1739	5290
9382	9827
10403	220134
991	9055
6125	6204
3685	9564
3433	3437
5610	11274
2817	6382
8976	9341
26224	55208
3185	5725
7398	10714
10885	84172
8349	440689
6139	6157
988	3839
640	29760
1642	9730
1306	50509
393	11014
5094	9416
102	1495
1778	2491
163	51429
6921	10987
8916	79754
6754	50837
5361	7305
25831	143279
7472	7482
1511	6036
6790	11065
4540	126328
5660	326624
6498	64750
3071	7409
102	5954
6165	6218
6233	140458
9553	51650
4171	81620
6009	60673
8243	10274
5586	5879
6170	6232
1915	6202
1062	10540
1499	4233
1994	4670
2305	22974
6175	6176
23646	147746
1241	1902
1786	7027
302	2519
9700	57122
4495	4496
377	51014
1456	7534
5558	8317
6129	6193
6133	6157
9039	10425
10236	11193
9730	23304
4508	4538
6207	6208
5347	29127
4717	4724
2625	7031
3797	28981
4710	29796
1822	57504
896	6776
55142	132320
6139	6234
6209	23049
4052	401138
6133	6206
1314	22872
2920	3569
3214	3217
7316	91445
521	4726
1350	440567
5093	10236
10920	404672
9798	27183
6146	6727
11169	84296
2033	55904
4088	23327
6141	6230
6206	6229
7857	54757
4519	4539
3106	3107
2537	10379
8737	8878
6208	6210
7327	8925
57787	261734
6233	285231
7337	84231
6790	29127
1129	3355
9283	51764
197	3698
891	5516
1983	6175
5862	5870
2519	11098
7398	10635
6168	6231
54575	54600
6161	10399
2043	2050
9133	9833
9493	259266
10403	57082
320	5864
3832	9585
6124	6224
623	56923
10112	10540
10274	55055
8548	64746
51143	55166
7283	27175
8976	54874
846	50835
4736	6154
84861	143279
157	2869
11329	55233
1400	56896
991	1062
128	316
6232	23521
891	54821
6556	196527
4537	4538
5048	5515
11014	50807
5034	5611
302	23197
64318	84128
10236	51692
23304	84085
3912	11098
4670	10236
3055	9564
8329	85236
332	9833
26519	26521
5438	27258
22938	220988
3725	4772
11190	23332
1058	79172
1524	6370
9277	51010
6133	6141
4736	6122
5054	60436
23291	26190
10133	10540
5887	8450
2767	5599
22897	27175
6122	6223
7184	9601
9014	57504
4736	6161
5351	8985
9820	89890
51081	51264
4738	7979
5594	203068
7979	9978
3921	6203
930	29760
3122	3123
226	7057
10772	27316
2803	5870
5898	9371
988	55631
5707	51330
10921	23524
1512	2352
1329	1340
5438	85437
6230	6235
695	3710
25978	51652
54480	55790
2767	5998
6124	6228
6189	6227
6157	6207
868	200845
6169	6194
6625	23450
351	11167
6210	9349
846	339403
79895	100049587
7272	22974
1962	7311
9276	10959
26005	84902
4853	6233
728	846
11091	81887
1303	5033
988	58517
4736	6176
4694	4701
4710	4715
7057	23275
3190	57794
3221	3222
57122	79172
919	3559
174	6694
5591	9025
3054	4899
4998	55183
830	55604
11100	23524
7520	55183
4173	23397
56729	124583
3115	3119
8491	10746
3903	22918
1642	5931
2799	5594
3688	91522
3685	10970
7311	23118
3356	6915
1350	7388
4736	6188
891	81624
3832	6240
8945	55031
1536	8655
5708	29979
65083	79954
6210	6235
8871	51429
2491	5526
6799	6817
1511	4332
6194	6230
7846	10376
5725	220988
6164	6170
6233	23014
1660	10236
6128	6228
213	5265
6222	51187
6159	25873
208	57148
3351	4887
6159	6228
1660	10713
7311	64219
915	29126
5868	22848
891	7316
54742	80328
5685	5700
1453	6202
10802	10959
51234	56851
9527	84516
1660	23020
6217	27340
3109	3122
6599	55193
6176	140801
411	153642
151648	220134
6233	27340
7311	23291
988	10059
10285	10914
5644	6690
156	7852
6157	6175
1395	79924
26146	64792
3984	54434
988	85313
3710	5330
6125	6194
3921	6138
988	64682
23376	26235
6207	6222
988	23595
6231	9724
6218	9887
6209	27340
6185	7184
5898	57148
6135	6170
1386	6602
1950	2277
146	2922
6129	6139
6164	6169
22984	79707
813	56975
1937	6124
6146	6173
6137	6207
2197	6157
7514	22919
5438	5440
1551	1555
7178	25873
1287	1288
10920	51122
5528	151648
2185	9564
1121	326624
4924	10618
22897	653784
4717	4728
3178	3192
6181	9045
55832	154881
5080	8338
3046	3048
56929	123879
4738	6923
6144	6147
4707	27089
7316	26986
197	3481
51023	116541
55212	84100
6233	10618
7337	26190
5048	81565
6135	6147
6122	6203
5432	84962
160364	338339
640	3932
6159	6194
1291	10491
6869	64106
11137	51388
6138	6188
6129	10399
6168	6227
6863	23620
24147	79633
22919	22974
2932	5714
1668	1669
9655	26190
9978	285231
3675	3685
2629	5660
8600	50964
350	5267
6189	6223
80184	91147
8085	9757
3695	5747
64410	142689
3183	27238
1062	29127
6135	25873
988	22803
10432	27316
6047	23291
6130	6193
55703	55720
1829	3728
905	2967
998	22919
2935	23521
7175	10250
799	1812
2237	5111
111	10268
3013	8970
6137	6210
55884	150726
3689	5023
7082	55243
10396	25798
113	114
89890	90025
8337	317772
7089	83439
6159	6235
197	2243
5179	5733
1991	4332
999	9839
2788	10575
114	3363
83540	157313
5777	7077
6144	6164
1445	26191
701	57082
11127	64837
6132	6161
988	3987
4985	10563
8334	8365
90293	285231
6155	6176
156	9002
3183	3190
10413	25937
3921	6227
1490	25937
9133	113130
6133	6176
4539	374291
4173	7298
3673	4233
2935	6188
10112	55635
2776	2837
55125	79959
1081	7252
335	2262
6230	6232
1859	10238
10332	30835
6208	6230
55720	79954
5566	5970
1398	5747
3914	3918
3191	10523
1278	1292
3106	10475
6157	6228
1303	55214
6699	6707
705	83732
6141	6232
26146	28981
6208	6233
29078	126328
2962	54845
1816	104909134
6165	6169
4670	10594
6235	7311
6152	6222
336	5948
8365	653604
6164	51187
3797	57539
8607	11091
2206	5335
6161	7178
4049	4050
6633	6637
8976	22905
91543	129607
7311	9020
6133	9045
10802	100302736
701	3619
6147	6235
6138	11224
6049	8881
6204	6233
2185	5781
6144	6232
9318	79754
1290	3672
10523	27316
1660	3184
6712	11316
5501	57551
6428	10946
8178	11267
23	6059
1387	10498
9820	201456
6233	8334
988	51692
9320	144699
3184	6427
9738	203068
377	10121
51143	348995
6142	6218
51602	84549
1452	5515
6204	6224
6189	6202
329	353376
6181	23521
23244	57082
5725	10657
3305	9530
1902	1909
5717	200734
3832	9833
6128	6161
344	26020
5546	10262
11190	57545
51264	118487
1933	6133
9652	23517
1639	24137
6147	9045
6133	6154
974	29760
8878	55669
8843	27198
846	10022
26091	57542
1605	8910
302	79026
940	50943
1314	10427
5023	5795
1778	81930
6155	6167
5688	5695
26046	140461
5657	6036
2268	5829
4035	6385
4726	7381
10640	23265
221	5328
3184	51692
2740	59350
3579	729230
5547	10970
4077	7316
917	5296
9972	23511
9188	25885
3190	7536
6164	6222
5903	9126
8086	84271
4700	126328
3071	5829
1325	6752
4297	6045
5747	7454
8974	29920
1173	10552
5768	11167
4735	4867
3619	23047
6146	6206
6133	6164
1656	80153
6249	81930
1385	5594
55143	57082
778	783
6122	7178
9320	9690
7283	22974
2064	6233
6128	6231
10735	23279
3191	10713
10298	375790
10959	55605
4736	6209
116519	401138
1241	56413
10857	196527
4736	6207
114	2357
6729	23471
6047	9320
1994	3609
210	1371
2932	3611
27237	171177
3796	10735
6636	8683
6155	6227
6605	11198
4905	10905
6154	6229
6170	6227
4535	4538
1956	5921
55726	79871
5929	284058
5111	10535
4069	5199
3185	4670
5699	64344
6232	6235
6167	6230
2033	5929
23160	57647
3178	3183
29093	51023
3635	5777
388	64333
1290	1291
6161	140801
1915	7178
1994	9416
6136	6155
6517	84246
6204	6230
9493	9833
3434	55601
6400	27248
10965	641371
9133	23397
4171	4176
10489	84231
6233	23168
4509	4539
6224	6229
6157	6169
10733	347240
3912	10970
6790	22974
2023	7167
8717	9530
991	5707
2131	2817
389	10398
26190	56658
3071	10787
6235	9887
6139	6165
1173	9341
816	4137
4689	5880
9320	25831
108	797
1337	1347
8365	8969
10274	55143
2535	2790
990	10051
10293	10425
26531	344892
6136	6147
3491	3912
6233	51132
8027	25977
332	24137
6455	7474
6203	11103
2060	9829
6138	6210
6157	6234
4298	6830
10885	27340
6872	83860
2524	2525
6181	23049
6144	6152
10250	11338
156	1902
4670	10949
5347	9493
3619	29127
1933	6202
10236	11338
1915	6228
4172	10714
7311	55272
3685	326624
3190	6434
9221	25885
160	29924
10285	51692
3396	51649
6173	25873
5347	22974
1269	59340
6518	10857
3433	8638
1069	10426
7031	7033
2914	4988
6201	6222
10857	64386
3376	8565
7852	55970
87	5768
3199	8338
890	55165
10155	284309
6175	23521
9787	64151
7316	83752
1639	23299
5747	9844
10121	29127
6632	51690
1292	1303
6923	9978
11190	121441
5903	7175
11103	51575
5707	10383
6189	6232
5741	8074
1601	8027
2207	6556
6160	6204
990	996
6147	51187
6217	6232
3619	10592
6135	6175
5868	11021
2147	5020
3178	6421
6233	7311
3827	5345
6176	7311
10900	284069
3371	84141
1956	2059
9585	81930
5411	51747
83597	135946
9801	28977
2801	51014
1058	9133
10971	51552
3169	55766
1983	6181
6396	8655
6222	6227
1981	1982
3688	6709
6169	6175
5518	6167
6181	6232
506	8802
5711	8453
6134	6154
570	6233
1292	3672
6143	6159
4172	7298
6700	353133
9790	55127
6137	6233
26224	283807
1033	9787
185	2641
6128	6224
864	5708
51	55825
640	974
26190	84085
10199	84128
6635	6637
6827	51755
2537	3434
972	3113
25984	121391
890	10733
6222	27340
9787	9928
123016	129880
8351	8365
56902	84916
332	64151
6173	6218
1435	10618
6205	6228
990	55388
2099	5241
2064	2886
9320	154881
3690	5908
23295	54620
4707	4709
6206	9349
2168	3158
6272	79158
10236	10949
9604	83737
1387	6938
1387	5929
6169	6218
1793	8976
685	1956
1915	6139
2790	2863
4736	6208
10540	22974
54996	64757
23332	79172
9968	10499
4853	6868
6193	6233
3916	5878
6146	6230
6135	6139
226	2597
25873	55176
7514	23279
6233	55670
1499	5781
580	10635
6141	6170
25929	57122
3673	3688
6136	6188
9551	55967
9790	22803
7531	8655
9133	9232
2841	63940
3667	5580
5868	201475
1350	4695
9183	79980
9354	83737
8976	29763
401505	100188893
3886	54474
4763	7311
6173	23049
1727	5834
9700	146909
8655	23218
9867	197131
1278	1634
2491	5516
6230	6233
6993	10755
4695	4726
117177	121441
6142	6170
2968	9656
996	51088
1293	1300
5880	27237
8916	9817
10403	51203
1213	10254
4131	5048
6891	6892
2358	170482
6194	6234
623	2357
3832	10733
1605	9459
5157	7991
22974	259266
6161	6194
26091	154881
1981	6154
399	94134
10552	23149
3105	3133
6830	85403
10618	22848
1665	3191
7532	653784
259	3698
10084	27238
419	390243
5599	6272
2247	2260
3669	4939
6169	6230
4353	6036
2185	375790
6201	6218
7321	84962
3309	6836
6147	6159
6125	6235
4540	4707
2695	2792
8924	23030
6201	6235
8514	79895
3364	5810
2107	5515
1793	6714
7311	23049
1500	1969
636	25782
6128	6159
6170	9732
4734	89910
6135	6232
146	886
1605	3913
3512	100423062
6157	6230
208	2475
3831	55860
891	129401
813	3491
6233	9887
2768	2791
988	53981
5707	8453
6152	10952
1576	1577
988	6599
1329	4713
1000	1012
6218	6234
988	10640
813	3912
6429	9295
4514	4536
2800	2803
3681	8515
6147	6204
6169	6229
4172	8888
2918	10563
64151	83540
6142	25873
5739	5746
991	51088
5476	5834
6202	6229
23533	55361
796	5745
226	5315
3267	10618
3913	5747
153571	153572
2695	594857
55876	94103
6144	6203
7272	9787
3184	3192
3921	6231
64105	151246
6201	6231
1937	4736
4867	8655
10574	10575
2200	3371
10592	24137
6234	23521
6227	23049
6230	55272
3157	6307
6616	23250
8663	728689
4736	6202
6157	6208
8648	23097
7272	9833
566	4125
6136	6156
8451	9730
3192	10523
5862	8548
8449	79869
1937	6201
695	118788
1902	63940
3301	3304
55143	113130
727	846
9183	79172
102	1499
1350	27089
6175	6234
7398	56852
3918	9459
4509	4519
8349	333932
10466	84516
3855	144501
2072	7158
4976	55669
1937	6222
10193	53339
51465	51676
25897	55175
6133	6228
6235	11103
9133	56992
3921	6139
274	9322
7328	23608
153	155
5690	8742
3659	6672
3354	6387
6146	6168
9350	56963
60560	80018
813	401138
127247	148581
9716	23350
3912	7184
9493	9787
695	3937
971	29760
9320	53339
51715	326624
8638	10379
6159	6188
871	1290
4695	4709
6233	55252
5696	6890
3283	6718
6188	6232
4694	7388
1660	11338
301	7852
6139	6175
6189	6233
79867	121441
7316	9929
867	50618
164	25977
3113	4261
4508	4513
1001	3728
4116	6147
6657	57167
5526	7316
9551	29796
3174	6927
4986	338442
617	26517
3675	3914
5869	23011
1062	6232
4259	8836
1660	9716
6129	6235
3980	6119
1933	6201
9276	10112
6233	65264
7536	10236
3884	3885
4736	7311
1063	7153
4691	10528
5518	6157
7534	10971
2799	23526
973	974
6188	23049
891	991
1118	3417
27198	338442
6233	143279
514	4700
55055	348995
6233	7098
23122	23279
6204	6208
6165	6168
389	4627
5880	8324
9690	89910
6432	6632
3017	6688
4313	4325
10663	56923
3921	6208
1857	6233
2803	90196
10376	11156
4343	27327
990	9156
11258	93661
79895	222487
1302	169044
1387	81857
10713	53981
6605	55193
6169	6208
1669	3240
6176	6223
54821	55055
5930	26249
84085	89910
3676	3691
4033	10970
9700	259266
3397	7057
545	6233
7272	10615
988	51362
6233	158506
963	7805
4514	4537
28998	57129
6154	6168
566	4332
1861	27348
6632	6635
2550	6363
6635	83443
10121	11070
3178	6294
6208	6223
6154	6201
966	100049587
2243	3827
9655	50813
6159	7311
10142	26123
9643	93621
9318	9655
23397	24137
6175	6228
6202	6218
5707	6386
6207	6218
2222	6721
1325	10563
3355	5733
1062	9276
6429	84950
5981	23244
10890	51715
4584	4586
23560	84172
302	6386
2791	221391
3190	10921
6222	140801
10523	11100
5266	5493
3192	10236
6167	6175
3203	3204
1555	1577
251	137797
187	2359
11014	22818
2691	5739
966	10652
9636	11274
10022	259292
10381	84790
6156	6206
891	9787
971	973
29984	445328
955	374659
4543	6751
6189	6209
4735	11190
54820	146057
899	56995
5861	5868
6707	126638
55781	134430
10426	11064
5867	51715
727	56923
3181	51593
9700	348995
9126	113130
2023	2597
5351	5352
2801	2804
1665	11338
9341	51429
6122	6141
2243	51156
988	6596
6138	9349
6143	25873
3054	6872
6229	23049
4726	4728
6222	6224
5930	23295
566	5657
6189	6206
6181	6234
1717	3157
6206	140801
2197	6203
1642	79913
643	5368
6143	6181
6157	6181
121504	333932
11004	24137
1783	5903
3635	3667
1290	4060
4706	4717
6205	51386
6159	6233
9611	23118
6233	140460
259292	259293
64151	157570
6209	6234
8290	121504
6147	6230
6168	6175
1894	5880
905	5431
462	2147
6647	11315
2788	2864
4736	11224
6455	7525
1601	5878
2792	5145
3903	8514
10618	26130
2186	8467
1069	7316
3107	3134
9739	27327
23431	27131
163	9341
6133	6193
2358	23601
6737	79754
2967	9014
6175	25873
389	7409
521	4713
3837	5903
28981	79989
6147	6209
6233	26523
23291	56995
302	5707
6218	25873
6202	6207
5701	5715
163	8301
7536	220988
6204	6209
3688	8482
6836	29927
3190	11100
3643	9021
1495	4233
4735	23265
1665	3192
51650	64983
4867	9657
1728	3162
6176	51187
3437	4940
8972	93432
6143	6206
867	10097
1453	653784
10236	10946
6135	6161
6158	6234
5119	51652
5149	54714
4867	27077
1398	10787
996	51132
54620	80204
351	8698
6125	6181
7018	9829
2475	57521
6189	23521
11187	64065
4736	10399
831	5747
1439	3635
783	27091
4707	4710
5501	25936
7316	11001
988	5591
1933	6210
2185	3320
4116	6160
156	301
3920	80331
54069	64946
2268	2817
2064	9475
23376	84085
5594	51316
26239	353132
1906	6375
9015	284119
3684	79895
5500	5516
3915	84141
1660	51692
50831	50832
6137	6142
22888	57542
6461	9564
6128	6227
5591	9656
4508	4519
9126	23332
1315	29127
6142	6227
6182	51081
6218	10952
23521	56915
7474	7483
5516	5699
5338	5579
1812	51764
5584	55243
7164	152503
9475	9826
1933	6203
1793	10458
5685	10393
3683	7409
9133	51143
10594	11338
3434	10964
6128	6235
905	27125
6176	6217
3655	3918
26268	53339
79172	151648
9320	151636
6156	6235
4829	10886
5657	23197
8661	8672
5189	7311
2131	6385
607	8945
393	399
23160	84128
3619	55143
1337	29796
6167	140801
344892	390067
23355	27072
6155	6156
23011	51715
11102	88745
10813	65083
4886	5733
5330	8477
5594	6667
6870	56923
2033	25885
3486	11167
4734	23291
6232	27340
10533	26091
5861	81562
4717	55967
6135	6193
6434	8175
8573	57669
933	973
9295	84950
3685	84329
9690	22954
1857	2932
11064	27077
10802	22872
2912	5733
10749	11014
6233	7874
4173	5983
2521	3183
3838	6790
3689	84418
9055	9133
399	57522
6993	8655
23304	56658
257313	387129
6147	6203
1173	29924
6158	6168
6144	6230
2185	5579
9984	79869
3320	10787
1676	3836
54509	445328
353132	353135
5795	6714
891	4751
1544	3620
2358	57413
10920	23194
1933	6160
1662	10528
4069	6037
2767	8477
80184	121441
4736	9045
81930	259266
6159	9349
8560	11322
1634	4314
6154	6222
56963	148738
111	9283
6135	6201
1832	11187
6233	57674
3091	5708
3685	3695
6137	79707
9410	22826
9700	57082
6432	6434
7272	55635
6128	6201
5516	55055
11190	54820
6152	55176
51166	125061
10133	81631
6160	6203
6950	10574
10489	57542
813	2200
6218	27042
25909	57122
6734	58477
3185	51692
6156	6164
1233	6370
10075	51132
2993	2994
830	9276
6222	6229
1981	6134
9655	123879
2863	9002
11098	84141
1129	6751
6142	6181
4736	6204
122042	196883
9585	10112
1291	8974
6204	140801
6189	6230
338	4036
9410	10236
88	4620
6165	6207
919	7535
4736	9349
3675	4233
6122	6228
4057	56729
2840	4986
1277	5351
5725	10236
4670	6434
26263	92912
26589	55168
5347	6232
3672	3915
1781	6993
6128	6155
2002	6722
4713	126328
4709	29796
6232	8662
10484	56681
5869	6453
1660	6625
4205	6925
8349	317772
6141	6142
9871	10802
8581	10232
920	29988
6175	140801
1278	5118
890	11339
4343	6714
9700	57551
8452	57154
51650	64951
1435	3490
1793	3071
6709	6711
134860	319100
3437	8638
472	5429
6222	6223
963	64386
6217	11103
1511	1991
6146	6218
7158	7311
57479	58506
3133	3134
6208	55176
3572	3977
1398	1793
5516	5903
2091	6188
6160	11224
996	64750
8467	9188
1233	56670
6143	6222
64981	116540
2247	6233
6228	6230
1660	4670
4599	91543
6167	6206
6160	6230
6189	9045
6455	10552
5438	51639
4512	4535
1088	338339
6188	6229
9918	10592
6181	6207
197	335
6637	11157
8329	8337
3993	84612
7272	24137
5515	10776
56670	59340
6117	10635
1813	4283
51715	57403
904	25896
7862	54815
977	5339
3190	10236
27	10486
10102	28998
29889	51154
4208	5533
1329	29796
9787	10112
6168	9349
10663	51289
6133	6159
4736	6222
23028	23186
2153	3481
6453	8976
8687	8689
6125	6135
9727	60412
813	11098
4927	9212
2491	9183
50615	59067
51203	55355
5518	6164
4116	6168
6159	6224
6950	10376
9320	89910
3797	92104
332	2491
3308	9631
1277	22801
1025	23168
7082	100506658
26984	81876
2065	3691
1783	51014
3915	4811
7409	10787
6132	6147
388	55160
1857	55361
6141	6205
1894	6790
4288	6241
6193	25873
29127	55165
7153	7298
8243	79172
6167	6234
8816	51122
4313	6678
65055	219438
3013	8334
861	6595
6138	6201
3978	5426
6139	6167
6138	6159
1915	6222
3482	22848
1435	6696
1063	79172
6230	9045
7311	151636
5443	53831
2968	6882
6208	6222
5529	5699
3675	7045
55212	79738
2623	2811
6167	6168
6133	11224
23601	160364
9821	64121
4586	4588
116540	116541
10799	88745
25831	90293
10092	10109
1434	3836
3181	10713
9039	10293
6159	6218
27316	65109
9879	51690
3267	10096
6203	23049
6161	6222
161	3482
9014	25885
80018	80155
1111	54962
7311	57530
10053	130340
6132	6176
4670	11052
6205	6230
6138	6147
6204	11224
3482	10618
6206	6218
991	9133
3619	54821
1084	2358
2935	6168
6138	6161
3849	140807
3240	5199
3482	5868
1908	6863
5899	7852
1398	9564
6201	9045
7298	10403
996	25831
7289	23432
6154	6159
9738	54806
5879	9475
6122	6185
6711	11014
10921	51692
53615	92815
3516	23112
23020	51729
6233	6498
728	5697
6143	6175
4839	6156
537	10159
9738	55755
5434	54845
3889	3892
6142	6169
23601	170482
10102	64928
4584	50614
3488	54757
1933	6222
954	158067
336	51156
10071	50614
6193	92856
54625	83666
3838	5903
4599	4938
3355	4852
2197	4736
6257	7068
2243	2266
5720	5721
6152	6218
50840	259295
2033	8243
444	3725
3157	3422
6185	84061
5023	64386
7311	23521
1062	23332
4853	9253
51692	55746
259290	259292
3921	6201
1665	55127
5571	60673
6133	6156
6142	6158
2207	79895
1291	1294
6176	6201
2033	10847
10153	55759
6133	6188
9459	64098
6122	9045
4541	91942
6193	6232
3360	7253
10321	57554
10890	57403
23168	56254
3916	7879
8289	57492
1981	6164
23046	51014
246	11283
6142	6203
7311	126433
1291	5351
158506	221687
8175	10523
9493	29127
2962	10291
3118	3662
932	57153
6804	6813
3921	6228
6165	9045
57405	113130
1910	84432
7337	84085
7097	7124
6201	114987
5519	51400
2817	5673
6698	6707
23325	387680
29118	63876
2792	594857
6144	6181
6201	6204
10540	22930
6138	6144
6279	6283
4712	7381
6137	6206
1435	84141
6426	6428
55014	126003
5441	84844
9972	23165
7156	63967
1495	5781
9700	79172
9551	27089
23014	142689
79600	91147
83597	390174
3191	9987
9631	9972
2207	8514
332	5905
3101	64841
996	23291
1495	5819
2803	10618
8318	54962
2207	199675
1630	137970
6132	6201
399	6453
6152	6170
6602	55193
2353	4773
3850	3860
2832	117579
6138	10399
5701	7316
6173	11224
1499	10971
5023	10970
57403	201475
2491	54821
5868	10096
51650	64976
6143	6155
6231	114987
1738	4719
2783	6752
1956	55914
324	5699
1329	4712
811	2923
988	55183
10155	25888
6142	6233
6169	6206
10254	51652
6147	6227
4736	6125
50831	339403
6173	9349
1783	6249
5433	10772
990	3832
3184	6434
6206	9045
10256	54845
3091	26043
51009	55831
6164	7311
1000	56975
60	10093
11065	64151
6790	84962
7311	8453
2533	3937
10412	79039
6176	6233
1439	6776
4242	4853
1749	1750
6124	6142
991	1894
2861	259285
6241	9700
5438	51503
6164	11224
9128	51340
6625	51593
4736	25873
6168	6207
1933	6124
6169	11224
657	659
9133	29127
623	2861
51289	259292
813	1000
1022	55840
2932	5526
6165	6223
7316	8673
9877	100381270
6193	6231
6233	26091
2353	2354
187	1233
4176	5111
6714	7311
10425	84541
11128	55703
6134	6175
4116	6161
2242	6237
9730	63891
8449	27238
2776	27334
5693	5700
10133	121441
161	26130
6173	6228
6049	26224
2033	5469
1605	55624
1133	9002
350	462
54069	79172
5054	5328
6189	27340
4288	10051
4701	7388
9793	23047
57154	151636
6139	6193
56949	57794
4599	51191
1063	10615
6165	9349
6147	6176
226	2539
5048	9183
50835	50838
160	8867
5565	51094
4041	6422
4536	4537
6696	84141
8515	22801
2692	5745
8905	10053
4717	4718
6142	6147
57674	151636
1364	100506658
6128	6181
6427	7307
2151	3356
7328	57154
6143	6176
1398	3685
4085	55166
5433	10285
3183	4670
1933	6189
3685	3693
2305	55165
338	3827
673	57498
8816	54165
6461	10787
4241	53942
6135	140801
6133	6146
10342	90411
1981	6208
1650	58477
6432	6636
127385	344892
6143	6157
5228	7424
3433	10561
4540	4701
516	51287
1991	5199
6129	6154
3713	6699
6155	6224
2683	2720
1394	4160
5660	10970
26091	57154
57787	146057
1956	10413
4709	4710
6168	6229
10269	23463
5023	326624
6161	6230
6136	6224
2768	2783
6427	8106
6228	9045
55339	79869
8570	22894
1894	259266
4641	11127
4543	5179
4738	9978
8648	96764
988	8449
5440	80349
27241	166379
3836	10971
5438	84844
6228	27340
1292	5033
23304	64682
251	23627
5970	6667
2209	10787
27327	84441
8607	54881
6156	6160
6167	6232
6167	6204
6160	25873
5976	6167
332	22974
54577	54657
9978	140458
2045	285220
10575	84617
23517	134430
51226	553115
28981	150737
1445	1956
4712	55967
6201	6209
22974	203068
6139	6164
3915	11098
6426	27316
8482	91584
699	79172
5869	8322
4947	5716
10618	51246
2491	5048
6194	6233
6135	6189
2800	7110
11010	25798
5465	5594
5438	9978
54845	80004
6189	25873
399	117289
6156	6176
3655	3912
6144	6205
695	2206
6201	7311
6142	6234
6635	23524
27031	27130
1268	9294
1639	29127
6147	6201
6280	6283
4666	6129
3127	7535
5688	7314
1933	6209
4736	6128
3191	9716
2800	4905
60488	116540
680	846
6233	7178
5699	5707
9493	10749
9306	9655
4736	6223
11190	80184
3105	3107
133	2790
567	3140
6147	6161
5294	55970
87	1499
9055	22974
580	80010
10618	23431
5981	57599
2916	4887
54939	55294
10914	53981
1435	3371
6142	6159
4540	4724
1287	3688
6218	6727
695	2207
6124	6147
84648	353139
2168	2169
2799	3074
4173	8914
891	1022
9585	51014
259	2266
1291	5352
10102	51021
7204	10316
2207	11314
23309	27327
4736	6160
1233	11251
5660	126006
55003	55299
5439	8896
6667	23112
2200	401138
372	9183
6774	9021
5699	200734
890	5347
108	6750
1499	5707
3685	375790
5878	23011
4686	10302
10254	23149
8615	10959
5311	9727
1364	1366
274	11252
7020	284252
2209	2268
57647	84916
5870	57511
51021	84545
6122	6158
6241	64151
374	2065
5528	11004
1350	29796
112	8698
5657	8635
3799	10112
623	6865
1398	2185
27340	55720
6208	6227
10970	11098
6159	6161
64951	64960
4159	54331
113	1814
2197	6165
5156	5159
8341	8969
3115	7535
2788	5331
4116	6206
861	57332
50813	57542
23112	26523
6135	6222
2266	3481
22905	115548
7846	203068
857	1956
899	51343
22954	197131
1268	64805
91	92
6793	10857
1911	57504
3913	10298
2935	6133
142	5981
2792	3763
2799	5834
2911	594857
6138	25873
54069	79682
341152	344892
5054	5768
4726	7388
3912	5578
11130	79902
26043	51122
6934	283149
6124	6230
8329	8365
831	3688
10952	58505
2975	9329
10403	348995
3222	3225
6160	6168
6262	11069
4057	6709
122042	285601
6228	8662
4724	10476
6188	6202
6230	140801
991	11004
389	7204
6139	6208
6167	6181
55339	80335
64981	116541
10236	27316
3191	3609
5000	5558
6130	23521
4736	6233
6210	6228
3015	79682
23275	23509
27229	54801
3190	11338
4513	4537
6133	23521
3683	326624
7337	9730
6155	6229
23279	53981
4508	4514
7316	10043
26235	158506
1005	1008
8661	728689
6159	6230
6159	10399
1453	6229
6136	140801
4172	4678
10193	80204
6223	6234
6130	6189
3013	3017
6233	55666
996	1912
6137	6189
55582	55614
966	11001
950	9341
632	4094
891	151246
84617	84790
26589	64963
4519	4541
5747	11099
6207	6224
5516	7525
4862	5054
6222	6230
3672	6709
11218	79084
1133	7200
6175	6202
6161	6224
6193	6208
6188	6228
5507	6233
203068	440145
4736	6142
57115	114771
6202	6233
6227	6229
996	80012
5711	7311
6202	6205
10273	10533
10890	51552
1364	24146
6157	23521
6142	10399
2197	6208
4887	346562
3937	5335
6157	6168
9793	55755
10466	10618
23160	51602
399	64333
1824	3728
3913	5954
54850	63891
23122	23332
3213	8338
4236	10291
4599	8638
1315	9382
1994	8570
10250	27316
9045	10399
10403	56992
9867	53339
2197	6138
388	23526
6908	54815
5695	5701
1943	2046
9439	23097
9367	201475
8453	65264
6130	6209
4509	4536
514	4724
89910	154881
5339	6234
23332	91147
3659	7706
1816	4160
51023	64976
4436	23028
351	3912
6146	6194
9133	57082
3822	8302
9410	10181
11190	22974
5054	7424
4695	9551
4707	54539
1347	84833
5878	9341
2058	4141
3837	55706
5604	8826
8767	23118
6746	28972
3619	10112
6164	6208
3702	9402
7337	11275
6175	6210
6202	6222
4171	10036
6136	9349
3184	10181
274	1956
9928	11113
1084	1088
3837	23511
54617	57634
990	63967
8945	10075
11113	259266
3084	5781
3339	3915
623	259285
7414	8993
6168	6205
728	50835
57662	144100
6161	6193
11222	57129
3689	7305
2197	6227
7175	23511
6124	6160
5528	23279
8322	8324
409	950
3178	7919
521	4694
7514	55746
6161	11224
2305	9133
6201	23049
6429	8175
5425	6117
79583	79600
6122	6157
6233	57154
1991	10394
5347	54820
1915	6204
2132	2817
3115	3122
1778	22930
2935	6189
2125	5493
29796	55967
11128	25885
6128	6133
6164	6204
2848	122042
1327	1329
3484	56975
6206	23521
1291	3688
5335	6776
9371	11014
5737	56923
3434	8638
29093	51264
9978	81559
146057	347240
3672	3696
1660	55749
4940	10964
7133	8740
4707	55967
2792	2918
1306	8985
6130	6137
274	9341
4172	81620
10575	22948
4724	4725
6152	9349
6142	140801
338	51156
552	2847
11251	94235
6500	64320
2863	7204
2197	140801
3609	5725
2177	2178
6326	6328
57520	84708
6206	6224
2792	128366
8189	51639
324	1499
7994	9219
9744	51454
1294	79090
4085	79682
6161	6232
55175	56995
3688	7052
25942	51317
6158	6193
4313	50859
9533	64425
6154	6170
3619	9700
87	7044
7153	9700
156	55970
6138	6207
5067	23627
8976	10787
7041	7414
5777	6850
5701	7979
3685	4035
6155	6202
51362	348995
2770	5747
886	887
905	79577
8451	51514
831	23209
6137	25873
23244	55746
1943	1949
8189	23524
1902	50865
55582	89953
11218	25929
1536	4689
2740	94235
9246	11275
6144	9045
6154	25873
4710	4718
5879	23526
2107	6137
5516	51400
9219	10919
567	3659
4536	25915
6136	6227
1933	9045
3113	3122
10902	54617
1832	3728
8602	84172
1994	220988
6157	6176
6130	7311
79685	94239
1937	6189
9886	221472
23028	283248
833	2617
336	2262
1387	4205
2922	3061
6143	6232
1062	5528
6234	9349
857	64750
6170	6233
4297	23309
10970	11167
5048	5529
6181	6209
1536	51382
55737	58533
4686	9128
10660	390598
5429	56852
57405	348995
6203	6222
7337	55175
7272	10733
867	26130
7514	9793
6168	6206
6164	6189
2932	5718
1062	2491
5062	7402
1783	10112
8356	8365
3240	5004
6137	6159
4707	29796
890	983
8334	8347
6936	51645
8365	440689
3437	55601
1499	23291
932	79895
24137	259266
994	7534
1058	9212
57105	94233
945	2548
3212	8338
6156	6209
8673	51429
2206	3702
4952	5286
54474	286887
1107	23186
6154	6230
5717	126374
27340	55127
6208	9045
6152	6209
933	974
22984	23195
1969	2050
6427	220988
5469	80205
4735	151011
7337	26046
1933	4736
2266	3026
6157	6164
1601	8301
23332	27229
7317	9820
6154	6210
2207	5335
4724	4726
6203	27340
4717	84833
1445	9564
6632	10907
671	1116
6203	6230
3579	126006
6173	6175
6157	6161
891	9232
23585	54741
8463	10413
3490	56975
6170	6230
2197	6202
2151	6865
1857	5699
26523	27327
39	3157
4867	23322
5436	5438
10663	259293
161	5286
4736	6181
4686	23511
8082	8910
9410	10946
857	4088
6128	6164
6455	29924
57530	100506658
6146	6164
86	5977
6227	9349
6157	6233
10282	10652
54578	54658
9055	9928
147	2150
10014	57459
472	84142
2792	2911
2957	5433
5861	51014
627	5599
813	1462
8329	126961
4691	9136
6203	9045
6138	6222
10189	79902
1387	8648
92104	150737
5829	10787
6137	6230
3611	8826
10274	23122
6157	7311
1645	8644
6144	6222
1457	9918
5702	5708
4174	4998
5928	8085
8655	10540
3619	57082
6143	6147
890	4999
7871	8428
9493	55165
6426	100526737
2207	23533
3339	3912
4298	9646
4591	65264
27089	84833
566	6037
185	4922
2537	4599
701	10615
6227	6228
4035	23621
4715	4718
1386	6605
4695	4708
1994	55339
4694	4726
5872	51715
6429	10236
672	7153
5781	7525
4736	6201
5880	10458
1822	1911
10376	84617
84128	84946
1350	4726
6133	6218
8826	55109
55	154664
1665	5725
920	2533
9371	10540
5903	54821
23014	64410
108	5179
274	5869
6173	6203
9564	9844
57511	84516
2242	10371
80168	346606
2863	3269
389	90627
2033	9031
1268	10803
1303	10536
3978	4172
84418	100049587
8976	23149
1781	10112
6152	6233
950	10254
890	7272
1062	113130
983	79172
90	657
1783	6711
2125	11187
6218	6227
3091	5594
3594	7297
7536	10250
5094	27238
2535	8324
6135	9349
1639	10540
6165	6176
1938	6122
377	1315
4116	6169
6330	6340
26232	55527
22905	54874
887	2147
963	326624
5777	7409
6373	10563
10920	26263
55662	80351
9491	51512
6137	6208
6139	6206
3191	55749
10425	84085
6161	9349
11193	22826
47	1431
10022	259287
3191	10236
1453	3921
8775	9871
10051	10592
9700	25909
246184	285231
64928	219927
10403	10615
56995	84085
1398	85440
2358	53829
3312	129401
963	1536
163	1173
55127	84172
2204	160364
6169	6224
6428	10236
5822	7109
5116	23354
996	5699
6137	140801
3187	10181
988	56852
6147	6175
6125	9349
5861	10342
6129	6135
2033	23067
6223	9887
84643	93661
6165	6233
5872	326624
6208	9349
813	10618
1595	4597
1084	160364
5879	64333
26523	192669
2784	5741
1175	5878
51639	84844
6160	6235
152	5580
383	1669
1058	10726
6155	6232
2033	7515
9277	51118
7532	10142
6830	22916
1785	7422
8317	84515
10324	51666
1121	81846
6144	6234
1347	1350
144699	154881
2962	80004
1088	23601
10403	57405
5597	5718
2837	84539
1132	53637
6157	6203
1536	3685
6613	7341
6181	6227
3015	5438
351	55970
6176	6207
945	10857
4512	4519
6455	7316
6155	6228
6138	6227
705	23160
3909	6385
9354	84085
6548	11261
6128	6139
22919	54821
51023	54998
5928	57690
1307	8985
2197	6133
830	10652
1669	10394
10403	113130
1453	6205
9787	10403
5747	7204
6631	27258
28973	55173
9322	23265
6189	6222
3181	3190
3688	5788
3185	3191
2033	6233
8655	64792
6491	259266
6430	10949
51320	200845
6202	55176
183	51289
27241	84100
1781	4735
915	286749
6128	6173
2965	8731
2916	3351
1557	1559
11253	23193
1058	8655
728	6376
892	9477
1500	1739
6790	9493
6872	81887
6139	6218
6142	7178
1956	4837
4706	4725
1017	10926
1058	151246
1116	5005
302	3074
1894	5347
4924	5589
514	10632
4736	6156
5879	10788
6138	6208
9927	55669
10592	259266
6207	6227
5878	7037
2692	2838
29127	64837
5725	23020
3013	8351
9870	22954
6173	6181
1208	5406
9887	23381
4233	5795
55832	57542
6168	9887
5347	10592
6204	9349
1933	6207
1639	2697
6672	10475
6285	6288
1495	1499
10576	23526
4736	6164
5695	246184
5438	6633
5529	5903
10250	10291
10693	11328
6130	6229
4809	6231
6228	11103
4735	121441
3191	10921
399	9411
6637	27258
2079	6432
26494	344892
23014	80176
1435	56975
1856	29763
10749	29127
11338	84271
6143	6194
4952	6233
1445	5829
7337	57542
1453	6222
4067	6776
26519	56993
1129	8322
1017	84515
23304	140460
3921	6157
53637	63940
26005	26123
6147	6224
6136	6181
6142	6202
1499	7534
1778	91147
6427	6432
996	7337
8687	54474
4700	4724
23160	27340
7532	80097
10963	22948
332	10112
50838	51289
6428	6430
3937	7462
6202	6209
6160	6234
4641	10890
6159	6181
6152	6203
7153	259266
286	6708
6193	6222
6129	6170
51203	55143
6164	6207
2197	6156
134	5660
72	10627
3191	10432
6185	57171
4597	4598
1781	121441
4734	64750
3107	5696
186	4988
3437	4938
6049	23304
3202	3204
999	8907
6143	6173
389	23526
1387	27327
10236	10492
1080	2147
5903	7514
834	114769
1062	54821
9318	26190
1237	2917
8924	10489
6125	6133
10577	56729
6129	6188
6141	6222
81696	344892
506	3313
6161	6223
100	4907
9793	84131
3836	22974
553	6869
1294	1307
4666	6137
6135	6234
57678	253558
113	2492
22845	57171
991	996
1173	24137
6228	55127
5149	388531
8945	25831
3071	8976
6158	9349
6202	23049
1902	2768
6124	6158
10112	11127
6790	9833
10890	60412
54751	83706
1981	6175
2633	4940
6135	6203
329	8742
9128	55234
26589	29093
23014	79791
919	3122
6850	9564
1453	6231
55081	57560
6636	10465
6135	6171
7514	54821
6170	6206
3017	126961
6206	23049
5529	6232
10857	10970
6714	375790
4695	4700
6167	9887
6143	6223
867	8301
84464	201254
6143	6209
3915	6714
4171	7298
3107	3659
51514	64708
6143	6201
3184	10921
2209	6688
3270	147111
2197	6155
5077	6663
2197	6144
22905	51429
5879	9046
6133	51187
7305	10870
23197	56729
4513	4536
6135	6208
6136	6173
8514	9522
8301	10618
81	5868
23279	25909
6434	27316
6125	6222
6159	6164
6204	7311
2692	2843
521	9556
6678	7424
6230	11224
2935	6207
23112	27327
8301	9322
6500	7314
6164	25873
23304	154881
1933	6147
64114	196527
51280	54972
5725	8672
1495	5770
79090	90411
2147	2244
2537	3433
163	7311
4734	57542
5516	7316
6128	6157
6137	9349
4738	54939
8334	85236
1453	6206
5880	64333
1105	4343
4670	10432
3267	8301
6234	7311
3856	144501
8317	63967
6160	6169
26267	63893
5286	6272
51649	64928
8021	55746
6147	6222
1783	22930
1793	9844
695	7409
6156	6202
2197	4116
4700	54539
5878	8411
6218	6235
51676	115290
2695	7434
383	4353
27292	84135
813	1435
3852	3860
4620	4626
846	50838
1783	2491
6125	6206
57721	64863
1453	6233
5518	56006
4116	6201
4541	4712
2915	6865
23291	83737
6714	10298
776	786
3113	3119
3482	26130
6202	6217
1329	4726
10403	64151
6160	9887
6728	51121
6170	9349
1435	401138
3683	3903
8337	440689
9181	29984
5339	6189
3178	6428
6950	10575
1536	2204
3619	9972
1639	1783
1191	2162
9318	27252
6204	10399
677	56915
4008	22954
7057	83706
4536	4538
3320	85378
6230	63931
2185	5879
6167	11224
831	5829
4540	4710
2994	6005
11015	51014
51071	126133
11184	27071
143279	154214
2841	8698
11316	55850
6133	6230
6138	6175
3688	6774
1121	160518
6130	6228
4694	4710
389	85360
1829	11187
54778	140460
959	10673
6133	6204
8514	11314
5861	55605
867	5290
1783	9493
6208	6235
2237	6240
5604	7529
64963	92399
2641	10203
23142	23291
5571	8655
5929	6872
521	522
640	973
1069	9657
3185	23020
11190	55142
6147	6168
3921	6181
3213	3215
11102	134430
11014	23046
6160	6202
4725	29796
4176	4998
3842	54464
6138	6164
3301	3303
6158	6167
6632	6637
3685	3912
3376	51520
4738	5688
26589	116540
3274	285601
886	2922
3185	27316
6124	6159
5330	55970
7311	55670
56923	259287
6203	6207
10022	259293
5516	5529
4736	6203
5167	5315
83597	135924
6157	6223
1000	7184
7311	11224
3178	6430
914	924
4725	9167
9276	10652
6125	6144
5082	10574
6142	6228
1069	4867
8189	10523
6136	6233
8175	84811
8878	10533
324	6233
1669	8993
3799	9585
6139	6141
6129	25873
51343	79654
6169	6209
5298	8394
3853	3860
9833	64151
5890	5985
1778	11014
4713	4717
3171	6927
6632	11157
1314	8615
4237	4239
10952	28972
3055	3572
6156	7178
6139	6156
374	2153
6135	6152
5433	6426
8667	26986
8853	11014
4317	6947
1956	3688
5339	6157
2244	2266
9349	140801
27	1398
4543	4889
6139	6194
3192	5094
5594	7533
1983	6234
23224	23353
5865	23011
5431	9879
1555	1557
6136	6208
6175	6222
377	9371
10920	10980
9553	54998
6175	6207
6155	6193
6206	7178
64979	118487
1291	1292
6155	6173
5339	6176
334	3915
9437	259197
4588	26290
4519	4537
720	721
6170	11224
10652	10905
3320	84962
1129	6572
1315	84516
1453	6210
6130	6160
1290	10536
5516	54908
11127	29127
6122	6234
7311	23198
8568	25926
7421	11198
3192	51692
6136	6144
57153	199675
2935	6122
2799	5476
968	3916
6133	6223
1793	100423062
996	23327
6222	53918
10960	51128
2597	5230
6234	25873
5747	8976
5708	6790
4904	10946
24148	51340
1660	9343
988	10540
2322	6688
7305	23601
6152	6235
1783	29127
6135	23049
2935	6202
28	2524
6161	6208
7328	9690
6170	6222
5529	5781
4758	54472
10285	23350
6156	6230
26235	90025
5493	6707
6233	26043
23283	27316
3192	51729
9730	84085
7474	9341
25909	55746
6156	6159
5023	8514
29074	64928
9738	10733
1983	6232
6169	6203
84131	347240
1981	6230
2222	4597
2740	5746
6233	54677
1595	3157
6181	6194
5430	9611
57551	79172
3921	6161
6628	6636
6173	6194
8737	8742
6132	6156
6228	10399
1398	3071
2185	3688
1742	8831
9320	51088
1781	22974
6133	6139
54908	79172
6625	8189
712	7305
26232	93611
3799	10749
1063	22974
5610	23586
3675	3918
8356	440689
5699	8945
6144	6233
8463	25937
10075	84231
1778	24137
64963	64976
890	9824
7311	9856
6136	6204
6155	9349
10484	10802
4952	9562
2197	6207
27340	84916
890	5933
9188	84172
6155	6201
1515	3122
1665	1994
6154	6165
2971	51082
6209	7178
29984	54509
6165	6202
23049	25873
567	3133
6222	6232
23279	51692
990	51343
3859	125115
5688	7979
7189	55626
6137	6158
5516	5708
4736	6189
9320	57154
10540	27175
1291	8985
6164	6229
186	84539
10477	26190
4735	23332
3396	51081
5004	5005
1063	25909
1278	1293
2064	5364
6128	6160
6091	7852
7004	10413
3444	3451
6158	6181
3191	11338
4538	4539
4540	4712
23322	121441
350	2266
2491	5529
3675	3915
3837	9972
595	5708
9787	54443
6135	6231
3304	10963
1398	4233
966	11322
6142	6232
26338	65055
3178	220988
1915	6138
5741	7434
6128	6147
8688	286887
4008	7321
3190	3191
2197	6223
5861	11015
2205	5335
3304	3320
10920	51665
5439	84844
6155	23049
2792	2847
7328	22954
10342	10427
9793	121441
6154	6164
5861	9276
10075	54620
4116	6173
3635	3718
6128	6233
6207	11224
3017	8334
5715	7979
8027	8301
6154	6227
3855	3866
6667	26512
302	383
6222	23049
91782	137492
1783	5529
1981	6201
5594	28956
2597	5315
6189	6207
3017	440689
6176	6229
11338	23511
6672	79097
1398	10458
1830	6699
932	199675
9221	23160
9276	10427
5970	23118
966	326624
2197	6142
3105	3135
1524	56670
1058	10112
701	9700
2197	6125
5469	7182
9883	10898
6637	51372
6189	6204
10197	64682
3301	3320
1277	8974
3191	23350
3181	3185
29945	64682
3659	10475
351	78991
6426	9879
1500	3801
389	2064
3685	6461
699	9700
4297	8085
4254	5777
5861	10972
9295	9410
6133	6161
23332	121441
3921	6159
3912	59277
6154	6204
1452	6500
4775	5534
988	3837
22919	57551
57082	151648
332	1058
9493	22974
25847	150726
6129	6194
3184	9987
7874	56655
1349	10975
1462	6696
64792	79989
7204	60675
891	1033
6227	6234
6217	84916
6143	9045
3882	3886
5093	10594
6136	6169
1327	1337
6146	6235
6135	6154
5529	151246
2197	10952
56902	79954
712	714
27248	91445
9117	90411
57154	57674
26190	55832
22826	85313
6233	10111
6288	6863
6223	6229
6233	8975
6159	51187
6128	9349
6160	6224
1048	171169
23291	56929
25	5893
2197	9349
9700	23397
5829	55742
3002	5551
5501	25909
462	3827
3181	5725
999	3918
830	10466
983	7514
6164	6224
1457	1857
5879	8976
344892	390077
6135	6209
8189	10921
1062	5516
51264	64928
890	26271
6138	6168
6201	6202
23295	140460
6135	6227
2033	26523
25942	57690
6224	23049
9133	10403
5929	8085
6222	6234
6925	6938
29984	171177
6167	6169
6132	140801
915	3702
84902	347240
163	6453
6139	6159
114	80835
50835	259287
4172	4175
10890	23011
6168	7311
11127	23095
6206	6208
3071	9844
23636	84271
2107	6181
23047	151648
29127	51143
3693	5829
23586	83666
2073	4331
130	10720
6135	6218
1103	6572
1173	6455
22974	23397
6130	6154
6138	7311
699	151246
3832	10121
84648	353137
7316	55669
6154	6167
47	2799
10733	79441
83551	134860
6133	25873
6175	6205
5717	8453
4988	84539
3437	10379
6170	6173
6128	25873
1000	6591
1325	6373
890	9133
3915	375790
6601	57492
6618	79035
350	2147
682	6693
6188	6204
2358	6556
6169	6235
6141	6202
87	7525
10161	257313
3340	375790
26091	84231
1452	5714
2033	7874
10970	11322
8065	84259
1781	11014
4734	154881
5878	10618
6154	6234
5094	27316
6202	6235
26682	344892
6168	6727
1337	1350
2207	160364
8329	8347
2260	10818
4718	5284
2147	2266
6165	6201
6133	6155
4295	5020
5869	25977
6156	6227
51592	64682
6181	6228
3915	4233
5368	50865
5438	6635
5781	10818
2788	27334
7311	23032
2197	25873
5901	729857
3559	8651
3115	4261
51122	55832
3433	4938
1340	1351
50813	55884
1116	56729
51	5194
3054	81887
3183	5094
6500	7320
2776	2788
2492	5732
6142	6176
2932	5516
6164	7458
80321	91147
3903	10857
6173	6233
10427	126003
675	27030
81	55243
4670	6421
6233	653604
5093	5434
6152	6224
2266	51156
7175	9877
7538	9261
7043	10916
1778	6709
6370	165140
2185	7041
2525	10331
1601	6233
3903	64386
5708	7316
567	6737
9730	64682
163	24137
6635	10465
187	6370
6383	10082
566	8635
8365	85236
6227	6231
1857	5708
6144	6223
2185	3718
387	7094
963	6518
778	27091
6223	6235
89910	90293
8301	9341
1462	3912
1933	6154
351	9002
5566	7283
3685	5817
1981	8672
389	399
4541	4726
9685	10618
8805	27044
1063	3619
60488	64963
2048	6237
10013	57649
4538	4712
11176	23309
833	8565
2847	2918
5339	6164
1660	23283
6117	7156
1022	5887
23304	23376
23076	57696
5777	7414
26043	55666
1605	5579
6135	9887
6210	6222
2865	23620
5029	5724
4736	6170
2886	5155
55958	149951
5339	6202
1778	121441
6160	6205
8688	121391
3837	9631
1063	5347
10112	55872
3688	3695
10155	201514
9655	51122
6146	6208
83666	151636
9883	23511
2048	7525
1063	57551
4689	7409
6138	6141
3688	7057
1660	51729
7082	25937
10466	55275
8648	10499
6222	6233
513	374291
991	22974
6209	6223
1062	55055
336	2243
4172	55388
2197	6128
6142	6206
1813	5443
8914	9126
11218	23511
2792	10563
5829	7534
1455	89780
57153	79895
183	3357
4591	11059
1329	9551
1287	55214
324	5519
1956	10552
6709	8729
5777	7852
7756	64149
1213	8976
2197	6234
6133	6165
81697	344892
6168	6189
5528	9793
10540	23332
6737	283807
335	51156
3376	4677
8128	8703
5430	9282
5336	7525
115290	143279
1595	3156
1741	22941
963	3683
1337	9167
6142	6209
1536	338339
595	5707
377	3799
6137	6175
9972	348995
338	4973
1830	3713
60	57591
301	2863
1589	3290
6158	6170
3833	9700
6133	6170
4998	5422
26268	56995
84541	93611
23283	55749
988	996
6223	55127
6122	6181
1937	6135
6156	6233
930	118788
9820	143279
9318	54165
916	50852
26091	89910
5529	22919
1956	4145
5093	5094
6155	6160
4033	4257
727	51289
6430	22938
6461	7409
2551	3054
5528	51143
1991	6037
6218	11224
10427	11196
2033	6667
6230	23049
3006	85236
4116	9349
641	5427
338	462
6129	6161
7316	80176
8074	29106
4736	6133
2801	10427
10285	10713
6518	10970
811	10130
1398	3937
8969	8970
623	259293
846	56923
6142	6194
8729	10945
113	259285
1435	3915
11014	29127
6194	6217
6147	6208
8453	55884
5518	6222
23524	51639
6218	55127
23397	56992
6146	6147
6129	6209
5985	55215
3191	10949
29093	51258
8976	25977
1933	6137
2048	25791
9892	10092
3683	64386
6613	10038
2962	4298
1062	23279
1660	51593
5689	5700
6165	6188
6141	6203
3921	6206
7919	27316
6147	140801
2801	10959
2026	5315
4173	55388
51715	51762
5928	57459
10342	81562
9871	51226
3854	3861
11004	81930
5286	29988
4513	4519
3181	220988
2790	27334
6209	6727
2956	5422
6203	6204
846	259295
6233	23112
6160	6201
222487	338339
22954	89910
25879	84294
5518	6235
87	7791
6161	6165
871	1291
2935	6176
6185	29927
6233	8976
6152	6227
6146	6161
4700	4708
4734	6047
7415	56729
9493	51143
3856	3880
963	966
324	2932
50832	54429
3122	5641
55326	137964
6159	23521
3109	3119
2064	3320
8867	10254
6135	6210
6208	6224
10274	81930
1660	3181
6139	6223
116	4914
10849	25885
22930	25782
2792	65055
9277	84154
25897	27252
2197	6230
5547	5660
813	10970
57630	83737
675	5983
9416	55660
51096	57696
7272	9700
8729	10959
23451	51692
10949	23658
1050	7124
332	259266
116	5746
3422	4597
5903	79172
521	4701
5528	348995
1398	1956
928	3655
6132	6167
5747	9564
1325	2847
3133	6890
25831	26091
4641	5898
6037	8635
6141	6223
841	1281
1289	5033
2935	6170
399	5879
6556	79895
567	3660
1347	4713
7456	10458
7153	22974
6233	6868
10232	154064
5880	9138
6161	6227
8349	121504
1509	124583
116	5739
3836	3838
4281	4940
5954	7184
6208	25873
151246	348995
2081	7494
2788	5368
6249	8826
23332	57787
23521	25873
10574	10963
2099	6198
6156	6189
6129	6142
6224	6227
8243	10592
29093	65003
7175	55746
988	23435
3516	10046
558	7409
6155	9045
6144	6160
8925	197131
5747	10787
4993	344892
6160	9349
133	79924
9126	348995
8301	10096
1946	7525
2185	2268
1650	5660
3609	4670
6122	6124
6142	23049
10981	27314
988	5903
3066	23028
323	351
988	10592
329	330
991	9491
1536	3683
9282	23097
4697	27089
2935	6136
9918	54892
6156	8667
50813	84727
55970	126006
1453	6189
695	5293
950	8976
8454	9690
891	2801
125	316
1946	1969
7532	57521
6133	7311
3672	3912
4539	4541
6122	6193
8349	79101
23291	55832
23354	132320
6132	6135
4738	5693
8976	115548
1292	8974
6194	6208
6137	23049
8337	333932
5346	400569
1315	4905
8317	80174
6233	55777
7311	23607
5345	7076
2769	5335
3192	7536
2846	4923
1471	5034
4513	4514
6139	6229
5471	10606
9767	11143
1062	23095
1994	23435
2071	10920
6208	6232
683	199675
988	79595
5725	10949
1956	2247
4088	7048
991	5347
51143	113130
3695	8516
8514	10970
6128	11224
6209	55127
25831	57674
5829	6461
6169	6223
8356	653604
4735	7283
160	6233
351	10130
11065	83461
6124	6222
2197	6727
27334	55970
6165	6208
54821	57551
120776	344892
1236	5443
25926	117246
5829	9564
23160	79954
8329	653604
325	3015
9320	26268
4584	26290
2042	2045
6136	6170
6188	6189
10813	10885
4582	10331
1290	5351
79861	81027
6518	326624
5684	5685
9833	55165
6233	26130
10193	26268
11339	387103
6189	6228
23	988
10022	51289
1387	8085
2841	55970
6155	6230
5528	9700
2197	6159
4853	10046
6208	140801
22984	65083
8925	53339
4709	126328
5605	84292
11059	23291
966	199675
6130	6138
10540	29127
6500	26263
1793	7409
6135	6202
102	160364
8106	29894
186	4922
9113	154810
905	55677
6144	6170
6201	6229
9277	80135
10491	10536
4734	83737
4254	7409
2305	9833
5879	50807
4700	4717
6154	6189
338	2262
6128	6169
6201	6230
6232	7178
10972	51128
6137	6139
9904	79050
2268	4301
1173	29763
1634	4313
55279	285237
10552	29763
6122	6155
5435	11325
6157	9349
1439	5568
695	8976
6139	6154
462	2159
5747	23209
6136	6152
6204	23049
6142	6229
1063	24137
118487	219927
567	10475
6159	6223
2792	6752
640	5336
3921	4736
3853	196374
6157	6209
3811	3821
885	3061
2205	3702
6202	7178
6610	7132
1329	1350
9133	51203
1814	259285
23511	55746
6135	6169
287	10121
378	22818
1515	3113
5108	22832
2131	2132
7311	57674
1933	6204
5435	6634
10733	79959
7529	51552
5338	11145
8337	121504
6188	6207
6139	6185
6235	25873
24137	64837
4512	4539
996	89910
3312	54885
6224	140801
5725	9343
5347	54908
6154	23521
4116	140801
9044	55814
1499	5819
27252	55585
1830	5266
1937	6188
3119	3127
5347	11004
1315	2804
1983	6176
5339	6124
6189	9732
5903	23332
2683	54918
1063	9833
1445	54845
841	843
4809	51065
10425	79876
1814	2357
1756	284217
6175	6218
6130	6169
3797	24137
1933	6194
6141	6229
5519	151246
5693	10213
3127	4261
5872	79958
5725	23435
10905	23193
6154	6175
6386	10487
1062	3833
5869	5870
8085	26523
6188	11224
9793	81930
351	7852
6635	27258
1933	6224
6139	6147
1314	10959
6124	6193
811	3309
2197	6168
10930	29974
6147	6169
3655	7057
389	57522
1365	1366
6181	6202
11274	23586
3304	3337
1277	1300
983	6502
6223	9349
2048	3055
399	4983
1969	5747
27229	55755
1111	2177
4712	4728
5528	79172
112	57413
7124	10673
6147	6191
23168	27125
4584	4588
8337	126961
9493	23095
6152	6155
10282	11014
6144	11340
9903	221687
9156	55388
389	117289
10293	84085
6135	23521
9787	11339
1299	50509
6288	6357
1462	3915
3433	4940
1230	83756
891	3838
102	1088
8351	8970
5707	10493
6135	6229
1398	11184
57531	90025
6155	6168
891	9493
6161	6175
2521	4670
4709	27089
324	5529
4638	4659
6227	6232
1902	55970
6158	6206
3340	6385
6164	6235
5984	10403
1488	6934
9410	57819
6626	220988
6139	6207
8347	8969
6223	6233
1994	79869
1121	26130
8843	338442
813	3486
695	7454
102	6556
10413	60485
2935	6181
51234	55831
55125	55755
6626	51593
3937	55740
996	26190
8871	10254
2244	3827
11251	56670
5685	5688
3920	5660
55872	64151
6138	6139
8658	80351
84366	360205
2359	5196
6161	6202
6138	9045
3921	6142
2266	9715
3921	11224
4588	192134
988	5985
2243	2244
5111	5434
9570	10802
6430	6434
353137	353145
1956	5879
5094	51692
51122	54520
29945	90025
3355	5173
1793	10787
1778	54821
377	11015
6207	25873
10574	10576
3071	6461
9037	92949
891	5861
58508	84661
3320	10808
55746	57122
57082	113130
3434	5610
983	79959
1278	10491
1453	6201
2359	56670
1738	4967
6209	9045
521	55028
8697	65264
705	8602
51023	55052
377	10540
1956	5336
5432	8450
2782	2784
23327	51088
23223	65083
6144	6155
4709	4713
1289	1292
10403	11169
6170	6175
6139	25873
55863	91942
4173	81620
7311	121504
2358	57153
1314	8729
6167	6228
11202	25818
6203	6229
26091	65264
9820	90293
2521	3192
5217	55740
701	221150
3689	338339
2967	9646
51118	84946
3362	53831
5516	6249
54556	92815
5441	7314
4233	8976
26091	151636
3312	6804
6154	6203
115106	440145
6870	51764
6122	6161
4005	4602
1949	2045
26173	79034
9716	27316
7311	9666
4709	9551
2537	3430
219968	285093
6147	6155
3797	29127
9282	9967
6206	11224
25831	140460
3832	10592
23350	79869
940	3695
637	4170
6189	6235
3660	10475
133	2863
813	3371
2533	7408
90480	116540
6233	22888
1435	4924
26268	140461
890	7298
6233	221937
3880	4072
846	51289
3688	7424
1856	27130
5519	5781
5347	9918
27316	51692
81	87
5879	10552
671	56729
472	4361
51098	83658
9724	27042
991	5708
2847	594857
2633	5371
335	336
26118	51088
2492	3972
9493	10540
25831	154881
6205	25873
3122	3662
2122	8535
6160	6210
6202	9732
6124	6156
6194	6224
6667	25896
8673	10970
6161	6233
9757	23067
6165	6173
890	1058
4713	4726
617	10469
399	4952
595	896
6224	6228
966	10970
9039	10477
1108	25942
9887	25873
1084	23601
6194	9349
1763	55388
5695	9232
10274	51143
185	186
1912	23112
5347	81930
114	2791
5528	5702
3055	5829
11095	157869
5196	6370
6135	6155
1161	51426
6202	6227
10083	257629
9320	84231
4535	4536
9739	26523
335	345
5905	54821
9820	26268
3710	5575
904	5451
351	2767
10489	197131
6129	6208
9320	22954
10193	54778
2033	9757
6233	8450
6228	23521
2197	6139
2071	6873
6809	9341
5516	151246
1058	11004
2817	3340
6135	6156
2033	2072
2938	2939
891	10592
988	6950
6139	6173
2524	10331
5529	7514
3561	5296
6156	6169
8347	8365
9837	11169
8945	80204
6165	25873
967	3920
51320	55175
1329	10476
941	942
6158	6218
6157	6229
3084	85440
5707	5708
153	6343
3190	220988
5579	5583
64976	116540
4695	27089
6631	51639
7474	8871
4208	4209
23047	57082
5708	9491
23327	89910
5435	9978
6207	6233
6232	7311
6142	6152
2695	2784
6152	25873
5777	10630
2535	55970
1434	3838
1956	3655
8683	9785
10426	55755
1499	9314
1453	8945
6144	23521
64963	116540
388	23370
915	3118
9276	57410
988	9774
2801	81562
6122	9349
6154	6205
55832	115290
7124	8740
5473	11251
6232	81930
3797	26146
7204	55970
351	1241
161	8650
701	3832
6202	11103
3181	10657
7175	51692
22888	51343
5566	23332
1915	6189
10236	23435
6136	6139
7514	23039
1431	4191
3880	144501
1476	10394
10484	81562
6165	6206
1915	1937
1665	9128
6159	6203
273	6455
10383	84962
6319	6720
3718	6776
6122	6208
523	155066
6125	6159
29945	63891
3433	4599
6128	9045
3685	160364
1329	27089
2099	54828
1937	6128
3949	10552
8337	8365
8021	79023
10489	55832
80335	151987
3688	4233
10540	11014
9341	25977
6613	79902
9276	11070
5443	6370
5179	7857
4670	5094
7516	11073
22974	81610
5829	10298
3190	3192
6189	6193
9039	84085
8085	8289
274	7316
23279	113130
1994	51692
25827	115290
6801	8428
55720	56902
26123	84902
9349	23049
2817	7525
51129	85441
51164	84516
1854	4174
10388	25777
6790	24137
6772	9021
9212	83461
330	8887
3579	5515
9371	10749
7324	79876
22794	348995
4512	4538
1063	9793
23279	81930
2197	55127
8924	22888
8775	388552
4540	374291
6432	220988
1435	3912
27248	79139
5093	51692
6157	6165
4940	10612
8925	54778
1981	6137
6132	6173
4904	84950
4512	4514
6176	6230
51602	84128
9801	64965
604	933
6169	6176
3091	6233
7317	89890
6233	11059
9371	51014
6456	9892
1136	1137
51429	152503
187	5473
4116	6202
11245	55970
8334	440689
9716	10250
2633	117854
7466	51280
513	9377
156	8477
8976	10552
6240	10051
521	9551
11004	51512
11222	56945
51491	55651
6711	10466
9212	57405
6157	6189
1022	6929
2197	6210
3915	10298
3675	3683
3111	3119
6173	6232
4116	6167
54468	64121
890	11065
6164	6167
2034	3091
8541	64130
5725	9128
332	5528
2617	4141
1287	3673
553	680
6142	6160
671	4353
1432	6885
9787	55635
1387	6667
6209	6227
55850	113220
6168	6170
2521	27316
5204	6637
2935	6235
1933	6152
10540	80321
25942	57649
23149	115548
6133	6152
2064	5336
3178	6626
1660	1994
6139	9045
6229	11224
134	6376
3119	4261
4171	4174
9126	79172
7478	7479
10885	25885
5469	6667
3123	4261
6207	6228
6181	6201
111	1812
4697	4700
1457	10592
344892	390058
5878	11252
6142	6175
472	51426
6125	6128
887	3827
10000	55970
6169	140801
55055	378708
5519	9183
1063	81930
23014	55884
1062	1063
4343	6233
51079	126328
3122	54331
89910	221687
1121	54453
3912	5954
830	10540
6233	9341
1601	10618
23197	26043
8648	9282
10112	11113
84154	84365
8729	9570
2242	3320
391	8503
3998	22872
1490	7003
864	64750
11052	51692
7919	65109
23627	137797
5048	11190
6124	6138
1956	3912
5194	7311
5685	5706
3215	3216
2197	6137
2623	3674
6224	6233
2804	4905
4726	29796
8131	64121
6147	6189
6426	6430
87	51097
4700	4713
6159	6205
6434	27339
6160	7311
701	7153
112	3579
3945	4200
1933	6176
6158	7311
6129	6165
11118	11119
1994	5725
51429	54885
6141	6175
6175	6227
84962	121441
3832	4288
1778	4735
6453	29763
55970	63940
6708	6710
7329	197370
5432	79577
4718	4728
274	23149
1660	1665
2123	2124
4176	5422
9183	151246
2635	3659
4116	51639
6164	6188
9318	51122
3895	5879
344892	390275
6430	7919
2773	5594
163	5878
6227	25873
164	2799
377	9493
11004	22974
6124	6161
9416	51729
3685	6518
570	7311
1933	6157
6625	6626
1522	8673
1660	5725
6637	51503
54577	54658
2788	3269
29984	64333
4542	4646
3882	8689
10466	57511
6790	55165
4353	5657
9126	23279
7476	7477
1839	3976
79003	81565
2848	196883
5829	23209
6130	6232
274	51411
4641	10552
23291	26091
9371	79989
988	5983
857	3688
2801	5862
945	6556
2550	3579
6233	8445
2932	23291
6142	6157
351	5660
57154	64750
6428	348995
22974	64151
6170	6207
983	51053
1453	6203
3267	26130
6130	6152
6176	6206
4361	10714
6210	140801
6228	25873
9655	9903
566	4069
9322	9341
6601	55193
1994	10492
6144	11224
26589	51069
6207	140801
378	10652
6167	6727
6233	8322
5439	10980
699	1062
3673	3912
6222	6228
1499	5708
6128	6141
6138	6176
9183	57405
6201	6206
5878	8976
399	1894
3062	6869
394	7204
6136	6218
1605	3915
23301	30846
1500	6714
5199	126014
1453	6224
26190	54778
6237	10235
6132	6227
10412	23517
1778	5347
2832	3827
8452	9870
10285	23451
336	350
2557	2560
9690	26091
4172	4998
4666	11224
3683	57153
1650	7841
9183	9585
6232	25873
3619	23511
7337	8697
6631	84844
6869	347148
51465	140739
1667	1668
3163	5023
81794	339366
5702	5706
3837	3838
4701	4713
336	2153
988	55770
6146	6176
2837	3358
6850	64170
3882	54474
140807	319101
904	5431
6128	6222
25909	79172
7336	7341
1781	57545
6229	27340
4867	57545
5627	10461
26524	126374
6152	6231
1116	1991
3187	55696
6207	6229
5432	11051
10094	10095
9228	9378
26589	219927
6168	9045
10489	54778
1981	6234
197	2147
6133	7178
6137	6222
3688	5290
10713	26121
197	350
56670	94235
2185	2932
90025	91694
4540	51079
351	824
3932	29760
1017	9133
699	220134
64682	80204
7984	29984
6175	6233
6133	6136
3434	10561
6137	6204
4536	4539
153	796
6223	6230
8905	8907
6128	6135
2185	6461
29933	55970
10536	55214
904	51755
6144	6175
991	6790
2896	10493
9757	26523
6169	9349
6209	11224
6829	54623
858	1956
10097	10487
6144	6209
6209	114987
4116	6218
9055	51203
6135	6159
2033	25942
3683	6518
6155	6210
6138	6223
6621	79035
5516	5594
1981	6235
399	7409
9585	10749
10121	26005
6189	6218
6189	6203
10959	22818
6135	6228
1665	9879
4538	4540
2147	2153
4543	4852
50506	405753
10714	23649
3355	4889
51645	57819
5739	94235
3579	8766
226	5768
23112	84441
1291	3685
991	6232
2768	5879
9372	25930
10427	22872
9183	113130
701	10733
1894	29127
1314	10945
7375	8717
6138	6193
988	10576
6175	6235
5037	54845
7704	142689
6128	6218
4695	84833
4736	6235
90	659
174	3698
6426	7919
2864	27334
9928	259266
399	85360
891	55839
9700	64682
23244	23332
1783	3799
2770	55970
8729	9371
6139	6232
1062	1639
1933	23521
7124	7316
4736	6129
3190	9128
1965	8892
1555	54600
3903	326624
5869	10552
3672	3685
4541	4724
9416	10236
6132	6170
9742	57560
1994	3192
51575	79954
3837	57122
3043	3045
2696	53831
5347	51512
3914	4233
2185	3685
5726	6755
7153	56992
4690	10096
6124	6141
6169	6227
6161	51187
6750	50837
2935	23049
155	796
5518	6207
6228	140801
9883	51692
1398	5781
6139	6155
50835	259292
2033	27327
996	1017
5741	122876
1778	57545
2521	3185
6136	25873
5552	83706
3191	27316
1544	169355
79659	92104
6203	6224
641	7316
518	521
567	3107
6224	27340
5868	10618
1933	6135
672	84464
4074	6456
1933	6175
50838	259292
6164	6217
6132	6224
6156	6171
1290	10491
6144	6229
3912	4233
51676	140739
1783	10121
142	56655
79954	84128
1662	9136
6228	7311
7311	140458
10640	55770
1933	3921
3915	10130
5516	5520
4734	6500
4312	4314
2801	11014
6129	6138
6147	6152
26	10562
6207	6230
6138	6160
3561	3635
5048	54821
23218	196527
6230	23521
9133	55355
6144	6194
79954	84154
9738	54820
54820	55143
6741	9533
2912	6751
3309	7184
6233	27327
799	10268
5898	5899
4602	5432
5433	55660
1121	22930
10733	22995
10914	79869
389	64333
7862	9219
23562	53842
6173	6234
26354	54475
4646	23607
5518	6133
5528	113130
5430	27316
7479	7484
1356	54757
3713	6705
10552	22905
6773	10379
8742	51330
8451	55208
102	84141
51649	54998
9320	55236
3672	3688
6206	27340
8477	9002
5869	10254
6128	6130
7335	8453
3105	3659
3308	5903
6132	6235
6168	6230
5928	116092
991	51665
1783	8729
345	2262
3620	169355
3799	24137
5869	9341
6233	10401
7337	197131
56929	79176
6165	9887
23327	29082
996	9491
8365	8970
10274	151648
1778	1781
29088	51264
5834	93100
4283	6364
6632	6636
10885	22803
6207	9045
6616	23218
6453	7311
6133	6203
2799	23197
2861	80835
3913	5829
9742	55112
1577	54576
118430	727897
5540	6755
5861	326624
7139	7431
6517	9968
55131	64318
3181	3191
930	973
3183	6426
8698	63940
6637	83443
5708	64326
109	59340
10425	63891
996	197131
5422	79892
3094	57649
11004	54820
1088	138050
2935	6232
3918	5829
1435	5589
23279	79172
6203	11224
2033	9739
6136	6207
6556	338339
8945	143279
1605	5747
2071	6830
4582	10164
10920	150726
87	5879
6201	6227
6233	84231
23014	115290
10885	23404
55755	57787
8945	55832
2064	5747
5590	23286
336	3698
6455	9341
1981	6160
11322	55754
1277	1289
5903	10526
6164	6227
63967	84515
1956	2274
2204	2207
5604	7316
10540	57511
6202	6206
6176	6205
248	6975
4837	284119
158506	285231
53354	60490
5005	7276
7042	83706
10885	23160
84902	91147
23586	55601
9371	23095
6118	10459
6139	9349
2064	7525
6169	6233
1500	7082
864	10413
1278	1300
983	129401
5436	85437
9493	11014
90293	143279
3689	3903
5594	22906
6128	6229
329	7316
5439	5451
2810	4486
904	6667
8969	85236
5023	84329
2918	4985
972	3119
5116	55125
3091	5707
6128	6137
8886	84172
6233	25873
6601	6605
1603	100128731
11059	65264
1497	23729
183	259287
22888	25831
1981	5976
1116	1669
6556	170482
6233	9101
6157	6201
6138	6152
699	55143
26190	51122
6453	22905
9493	11113
4670	51593
6133	6137
6160	9732
5880	7409
6281	79026
10749	81930
2801	10802
6144	6224
6135	6142
6234	140801
23601	338339
6426	10772
285093	390190
3998	10959
2194	6319
9276	9371
3913	54972
156	351
6169	6202
329	5707
6175	7178
5094	10236
23601	79895
8467	25942
102	6233
699	6241
1129	4889
3190	9716
3486	3491
3091	112483
3856	5493
6164	6201
6632	57819
4707	7381
6194	6235
1291	5033
9967	84498
5725	10594
1956	3084
51715	201475
2641	346562
5529	7525
5930	140460
1937	6157
6207	6235
8760	129642
6168	6232
9984	10482
6228	6233
26190	55236
332	1063
9133	10733
6233	154214
5037	10256
1829	1832
4736	6229
3833	56992
3491	5954
10367	90550
6132	6136
2932	5566
5347	5528
2159	2266
9793	23244
6168	6208
6375	6846
1116	10394
6152	6188
5329	27286
23304	26046
6144	6156
3664	23650
983	9126
994	10971
1290	1303
1455	2810
6616	8673
3308	10574
4173	9126
3055	3684
2916	346562
6152	6156
1937	6175
3181	5430
6132	23049
6234	9045
9631	55339
5201	84617
10749	11015
6133	6138
6790	9787
1839	5782
3911	3918
6698	126638
932	10970
5905	10762
680	3358
50865	64805
8514	22918
4174	10036
9276	10749
6208	11224
3619	5528
6218	27340
3191	23283
6228	23049
6139	6201
6133	6235
53339	197131
3308	10808
10489	25831
6176	23521
64386	84329
10250	55749
6152	140801
332	81930
6122	6139
6129	6168
9341	10652
887	5020
6633	84844
9700	29945
53981	55660
7311	7321
1103	162466
5501	9126
10285	11017
2537	4940
3429	8638
81	5829
54148	64928
472	5884
891	11065
833	3376
8349	85236
5707	10576
6233	26190
904	5433
51602	55759
4713	10975
3558	3717
1812	10268
6204	6206
5903	6633
6908	8812
6207	7311
55920	79023
6206	6222
1278	22801
10885	65083
6139	6152
330	637
6154	11224
5473	10321
9493	81930
55166	151246
27258	51639
7458	8672
10920	150684
7337	9320
2519	51816
6155	9887
1781	5861
1911	6045
624	339403
824	3688
6175	6194
2957	7702
6128	6209
6205	9801
9183	22919
6921	55284
54960	129401
6168	6203
2965	6749
23332	80321
26155	65083
4160	104909134
4173	79892
3655	3914
3685	4240
23291	79176
23030	51588
5330	9002
6208	9887
988	9631
6160	6208
3855	3880
3688	5576
7520	79840
5741	10266
4712	29796
7184	10130
6159	6206
5868	64145
632	3381
7096	10333
5741	594857
86	1642
9341	29924
25	5159
10749	51014
1915	6124
972	3127
335	338
316	51109
4144	4548
1915	6230
9793	203068
2633	4938
1084	138050
890	4288
389	114793
813	7184
344892	390326
963	10857
6147	25873
10426	55835
9277	65083
7098	353376
5978	80012
4599	23586
6144	7178
10236	10921
6125	6164
7514	57551
3105	3134
1058	6790
5717	9020
695	3055
7336	9867
6156	6222
51099	79948
5985	63967
51118	51154
23244	57551
1605	3688
29093	92259
3148	8125
1500	7409
6233	6234
6206	7311
332	57551
10254	10618
2153	51156
1290	5033
5518	23399
4174	5424
4173	84296
9793	151648
5518	7514
1476	8993
5692	5710
2359	94235
4726	9551
837	841
6129	6206
9126	9656
7514	81930
3685	64386
6156	6207
3109	3111
9793	23122
5023	10857
5930	80204
4116	6635
1670	1671
10713	23451
6175	6208
6173	6222
1499	128239
10959	51014
23122	57551
9117	81562
9493	11127
6147	6158
8655	55839
6188	6227
4724	29796
6155	11224
3360	3375
27043	57647
7311	55669
5361	55558
857	284119
6133	6224
6146	6202
6430	8175
6135	9045
988	51645
28977	54516
8916	9903
1894	10112
5469	10498
4771	122786
6167	6229
107	2775
6165	6204
10975	126328
6136	53918
4734	9320
6209	6229
4867	79600
6170	6176
7919	348995
6727	7311
3170	3651
2782	2833
2801	6709
6160	6176
5694	5715
6155	25873
161	867
29974	403314
1856	5528
127247	131405
10964	55601
1629	4967
783	2784
3312	10576
6232	54908
779	10369
8906	205428
6154	6208
54577	54578
5874	51715
4538	91942
4313	4323
6193	6206
4069	6036
133	136
830	5870
5929	8945
3111	3115
7337	10489
4050	5716
4539	4712
2788	5294
6272	11319
2792	7434
5547	25798
1453	6230
6134	6228
22856	55454
9126	55746
1314	9527
6160	6222
5970	23291
6137	6147
23310	64151
6337	7311
3046	3050
6173	6201
1080	4036
5705	10213
57551	81930
1783	2801
5797	25945
3852	3868
6159	6202
6210	55127
335	2266
4357	54205
2521	220988
6205	6222
4853	23509
6635	11157
1915	10399
6635	6636
152	11255
5516	5526
7164	10053
6059	8886
990	5985
6133	6181
5590	50848
3188	10594
9183	10403
155	6343
5393	51010
1894	9493
301	55970
6124	6194
51143	151648
1736	79050
8945	64219
4690	10152
6141	6173
6233	9045
3903	79895
6128	6143
10970	338339
4709	4726
1315	9493
3684	3687
2071	5887
3301	10808
54732	55738
991	9787
3611	3987
6137	7178
9320	51132
6129	6207
335	2153
1778	79867
391	9743
6160	6170
6801	7871
8477	55970
6142	6161
2033	9967
1453	6234
6136	6235
4088	5784
4992	344892
2962	6618
54165	57542
6643	58533
521	4724
22984	57696
8688	54474
1994	10921
22995	23332
3458	3586
7919	10236
8450	55832
8976	10458
4343	84441
6430	27316
695	5336
344892	387748
2912	3355
1950	3671
2054	8673
10970	54972
6232	11224
23014	65264
8065	83737
6667	6670
1291	55214
1822	23028
344892	347468
5516	5707
1398	7409
5528	55143
65083	84172
22918	79895
6208	7311
9184	57405
3185	3192
6233	55366
3688	10298
6154	6232
4734	7316
1783	10540
3866	3880
3192	6626
5516	9989
9875	22984
595	5694
6155	6169
6128	6167
23350	55749
5697	6376
55166	79682
6189	7311
2197	6233
3482	4905
26716	344892
1315	9585
160364	199675
2177	84126
27042	55127
6637	84844
177	351
22948	84790
5111	10714
920	5335
50838	259293
4738	285231
57545	79867
27076	154064
3181	4670
55166	55355
1058	5528
3681	22801
6168	11224
2799	6386
1471	2519
11017	22826
6125	6189
11314	79895
6223	23521
988	3326
1822	1912
6137	6173
6130	6205
6132	6228
3017	8351
22974	29127
699	3619
1237	27199
8085	57690
11157	51690
5700	5705
8867	22848
9045	11224
22954	23014
10949	23020
6143	6161
4904	10465
6439	653509
10749	24137
2153	2159
521	7388
6635	51639
6307	50814
1022	2810
1915	6207
5438	6637
160	1213
4194	7316
9329	84265
389	5217
2060	50618
5426	5427
2968	57804
1213	6233
2352	5806
886	3061
6147	6181
6189	10399
9820	23304
6429	10946
2058	2617
9793	113130
6201	6224
6122	6233
6137	6232
6146	6167
1022	91603
3921	6155
1398	10818
4627	5898
3856	3866
3274	55970
7311	83987
2865	6863
1292	3685
6130	6165
125988	440574
4298	23168
27257	57819
6193	6228
6147	6202
9652	10767
332	9787
6230	27340
2767	5296
2801	9276
4670	23020
51023	116540
27258	83443
640	5079
1778	5861
4969	11081
1287	8974
3837	3839
10575	10693
163	25977
6139	6228
636	22930
6146	51187
9820	57531
9787	55165
2200	3678
2634	3659
7327	26046
6194	51187
6208	6727
6189	6217
8729	23095
9436	259197
6124	6202
79050	317781
5001	10926
3512	57050
1173	2535
1337	1340
6167	6210
11051	55660
197	2153
6147	7311
23291	55236
23322	79600
3953	6774
8648	9968
10489	79654
1292	5351
6129	6130
719	63940
570	54363
56729	126014
6602	57492
1781	11015
9782	10949
26005	80184
1660	3191
6167	6194
1063	3832
4540	4726
26005	121441
8192	9361
988	24137
830	9371
26146	150737
6207	6232
79172	81930
3937	5788
5528	10403
6176	23049
1394	3973
6155	6165
5435	6637
399	84144
727	259287
11339	64946
1337	27089
3183	220988
1938	1975
3491	3895
7852	63940
388	9938
6142	6165
57542	65264
212	2038
1794	5880
4736	6137
3115	10346
6228	6234
3842	10527
5580	7525
27339	57461
3685	6385
6202	7311
10489	221687
22984	26155
2033	10735
3156	6307
3918	4233
6181	6230
27095	149111
6130	6147
988	5062
6184	6185
6202	6232
9727	55770
3437	4599
5048	121441
2814	51206
108	7252
26190	57520
1981	6133
5861	10890
3897	284217
3178	4670
2305	10112
10015	51534
6165	6170
1660	5094
79600	84902
23398	23517
5903	25909
4736	6158
9690	154881
57539	79659
3921	6144
830	10282
5036	10576
5001	222229
51676	64750
836	6789
2617	8565
6124	6203
6194	6204
10576	10693
3903	10970
1000	2200
4116	6227
6241	55143
8453	54165
26190	57154
2848	285601
1499	2932
96459	201163
9631	65250
2719	3698
6210	6234
3685	10857
3553	11213
2782	10681
4928	7514
6138	6209
3837	22974
6206	6235
3833	9793
3579	57413
928	3688
1111	7486
126006	729230
5424	5426
6143	6171
6133	6135
4736	6234
6160	6228
6133	6201
5516	6801
4297	192669
9801	23521
4736	6147
4985	6752
6224	6235
4736	140801
22995	146057
50835	56923
26123	79600
16	2617
6156	6204
6181	6204
9276	10484
6209	6218
846	3357
890	64151
1956	22905
2036	8573
5610	6774
6205	6208
1062	3799
821	10802
1942	6714
2922	4923
27237	29984
9833	10403
65264	143279
57542	197131
5747	10458
3728	4314
6868	7311
2767	5330
3491	11167
7311	9349
2359	11251
891	10112
6209	6232
8329	440689
984	23332
6136	6138
92949	140766
5777	80184
6147	6228
988	9793
8295	79595
8349	8969
6122	6135
7536	9716
6161	25873
983	10733
8976	147179
6158	6230
3655	375790
11339	378708
56923	259295
65264	115290
4710	4717
5714	5718
4670	11338
7317	51343
23112	23309
64951	64983
4713	4728
10097	50618
22936	64859
891	9833
114	1902
4736	5339
6129	6222
1656	54464
4512	4540
10285	53981
689	4666
2917	9934
9341	10552
3921	9136
51134	80184
6159	6160
4332	4353
84231	197131
1063	9700
1329	1351
5869	22905
3054	8314
29796	54539
6233	440689
114	2492
1017	63967
163	8027
6122	23521
10540	91147
2165	2244
6135	7178
3860	196374
6165	6167
1781	10466
6142	6230
2521	5094
6160	6223
462	2155
6152	6167
6176	6181
1387	9967
7317	22888
3635	5579
9040	10517
6164	6173
60	1072
6173	6204
580	1111
1314	9632
9787	10592
1969	7525
6144	6157
2079	6637
6160	6227
163	1601
3956	7076
55236	197131
3797	79989
4172	4173
6602	9031
108	50837
26239	353133
163	5869
51289	259293
2784	4985
3113	10346
6161	6209
1908	84432
3836	3837
3214	3216
6194	6218
5515	6157
4508	4536
23332	57551
4701	374291
2791	6865
2197	55176
117	2695
8533	10445
3192	5093
3190	10432
1453	6207
8993	10394
6176	6204
6164	6203
6122	6147
1783	5861
6428	6434
4540	4541
1870	5928
1639	8729
6156	6167
7316	150726
2023	5315
9045	25873
6173	140801
3490	84141
1793	9564
2491	7514
6129	6218
6491	284403
885	2922
6233	56254
389	393
3320	84131
5905	23225
3796	3799
3921	9349
115290	154214
55759	84154
6141	6161
1062	5526
1642	56852
5594	84823
4172	11073
6160	7178
4976	9927
9601	10130
3183	7919
388	389
22919	79172
7919	8106
6169	6228
10236	11100
24137	29127
4116	6636
6155	6233
9377	54539
871	1287
84154	84549
5868	57403
5054	5329
9662	79441
10635	146956
3640	5443
967	5878
983	7272
3479	7044
3437	6772
5829	9459
4694	4713
6385	375790
4736	6218
332	9700
641	2189
623	50838
3685	8514
1398	6461
6193	6218
6128	6234
148	2922
8697	8945
4542	4641
1555	1559
6161	6181
6128	6202
6703	6704
1495	6714
1121	79090
4691	22984
2214	2215
6210	9887
988	11193
2521	6626
3113	3123
6634	22827
6146	6234
1308	3655
6142	6193
6631	6636
4548	10768
9031	221830
1233	5473
8729	9276
5519	5903
966	3683
29796	51079
595	4602
3133	3660
79600	80184
8648	10498
988	7919
55008	57154
2255	143282
6233	221687
6156	6161
6146	6159
10671	51143
6137	6141
83597	403253
3187	7536
2099	2625
9462	153090
1783	81930
999	144100
1991	6709
114	4159
10193	10489
6173	7311
6135	11224
4717	4725
4513	4538
3911	3913
1634	2200
1129	4543
6122	6136
6139	7311
5048	5526
4069	4332
9320	65264
5196	56670
23223	64318
54474	121391
6175	7311
5557	23595
3703	6185
22948	84617
6122	6168
9879	23517
2197	7178
3191	7536
6176	6228
2305	11004
1062	10592
567	3106
5604	23164
9510	11096
329	8792
6156	6232
2268	6714
23291	23327
5339	6194
2357	5329
5869	7316
1277	5118
399	23526
11325	51690
6171	6235
6230	9349
5422	9126
23291	51122
1290	3685
23122	23244
6232	54821
6138	6167
6142	6205
6159	6165
6144	6202
6059	55720
4712	27089
4670	10657
6625	10523
2768	2790
1983	6223
6146	9349
1548	1553
2125	3728
1969	3055
24137	146909
9076	137075
6130	6157
3913	59277
23595	51053
2535	64750
6139	6235
7249	7532
4707	4712
4332	6037
26271	51053
6135	6144
1073	54434
6137	6202
5296	5336
3921	6194
6144	6169
2913	4988
9793	10733
6193	9349
2266	3827
1499	6233
983	9972
81797	344892
6194	6222
1300	10491
988	1654
55720	84916
6160	6165
6165	6232
1398	3055
1994	10291
1938	23521
1727	203068
8322	8976
4867	80184
9246	54778
84962	126374
10274	57551
9824	10112
1291	10536
6230	7311
79867	91147
3903	84329
6122	6160
258	5179
153	6344
5829	10458
9636	10379
7311	10818
6223	27340
389	4659
6164	6209
8542	84141
6181	6235
1292	10491
4050	7124
5476	10493
5870	57403
6144	6154
2537	8638
6130	6136
5434	10594
25909	57551
9055	11113
3055	6503
9551	9556
4626	8735
3827	5005
5361	8829
6142	6144
6708	11280
6144	6193
5179	9210
6171	6228
6625	10236
3619	10403
6142	6207
10121	80184
6453	54874
1933	6181
6167	6218
3713	23581
336	4547
4125	6036
3833	10615
1350	7381
5695	7314
3949	5868
988	10574
23332	57122
6160	9045
6202	6203
383	10394
6157	6159
4116	6132
3267	10254
6203	9349
2247	10818
6428	220988
6144	6188
10458	100423062
6133	6142
9611	10498
1147	2475
6206	6209
6135	6235
7249	57521
55215	64858
2197	6209
10574	10693
1994	27316
7311	27327
4088	6233
3978	5424
6233	55669
6138	6218
3912	10971
6176	6727
3106	3659
6125	6168
81930	83540
5725	9716
5434	8349
2157	9117
5501	9700
34	6256
3675	3693
635	29958
6135	6207
5747	10298
1340	27089
6602	6605
5516	51143
10413	51421
6135	6165
2861	56923
6426	10949
3710	10235
9371	24137
5526	5708
2925	9170
2147	2159
6279	6280
4173	5426
55127	79954
1956	9341
4839	55720
6202	9349
9700	113130
6205	6233
1908	2865
10403	81930
338	4547
6152	6171
8915	29775
5879	94134
6147	6156
6202	23521
6158	6233
79600	121441
2177	11073
5908	7094
3312	9128
5528	81930
1088	2358
6135	6164
1340	1347
5437	23524
7409	7454
1778	5707
6169	23049
