6793	64386
6169	6176
25793	84676
537	10159
8341	8969
10540	22930
87	7525
156	301
6491	10733
9738	54806
6161	6227
871	1287
3685	10857
1277	5118
8945	55832
1660	3190
3240	80184
55166	79682
6176	6235
6059	55720
3074	5707
3856	5493
6181	6232
5872	53917
6130	6207
1758	8404
1084	1088
5931	10664
10523	27316
1387	8289
4695	4726
83597	135924
22897	79598
6165	6203
9282	9968
10075	80204
5879	10552
6799	6817
5711	8453
641	116028
6156	7178
25978	51652
988	6599
6185	84061
2792	3763
3433	9636
2125	6699
6142	6227
1557	1559
6330	6340
23365	58480
2147	4295
6139	6189
26494	344892
1908	2865
6154	6158
2358	160364
1946	1969
79473	344892
1269	58191
10153	55759
3017	85236
27237	171177
4543	4889
2180	79071
5970	57506
6429	8175
1105	4343
81	3688
9793	23332
6194	6235
9787	9833
9883	23511
5336	7525
8514	338339
6124	6133
1660	3185
6175	6234
891	8655
1994	5725
1394	1816
6461	9844
3619	55143
9320	84085
1325	2847
3190	6434
5501	9700
5435	5441
6416	50488
5725	55749
51122	54165
2266	3827
4695	51079
353137	353145
11339	55143
3667	5580
3091	5707
6155	6194
5422	55388
6122	9349
2358	53829
6128	6189
84648	353137
9282	9611
1857	5708
5330	9170
1329	27089
51143	348995
1576	1577
821	10802
1173	29924
338	3827
87	5879
11001	22918
6230	11224
6139	11224
3491	3912
54821	79172
6138	6154
142	5981
64318	79954
6155	6207
2147	5020
10199	55131
1783	10112
8974	29920
1395	3274
988	5394
151246	348995
3887	3889
9793	55746
5867	5874
60488	64963
10592	259266
6146	6227
163	1601
5298	8394
6129	6193
4999	5558
23533	55361
389	57449
22918	199675
4713	126328
6233	10818
10236	10594
4035	6385
4691	22984
3191	3609
1665	5725
4173	84296
350	5267
991	2305
109	10681
6426	6428
3913	10298
3274	122042
6164	6232
7004	8463
112	3579
29093	51264
50831	51289
2814	51206
6514	6927
10552	22905
81794	339366
4736	6210
1453	3921
3688	6774
4718	4724
1287	8974
23590	56997
3635	5777
51465	84447
6164	6176
3320	10458
80155	80218
6154	6193
5747	9564
5706	5714
1601	8322
7184	10130
6385	7852
857	64750
5347	51512
8548	64746
6154	6165
6218	6232
6169	6204
2641	113091
23355	27072
6944	81611
10298	375790
3184	51692
27316	51692
23160	55759
3685	9564
23014	55832
23028	283248
2790	2863
5528	55143
6160	6228
521	9556
1824	1825
6136	6194
7311	25873
2692	2843
388	4650
890	1062
1933	6188
5903	55339
6129	6189
3689	3903
6141	6193
1129	3355
3937	5777
963	1536
6147	6160
1432	5028
2957	7702
3320	84131
9126	10592
4734	8453
6152	6155
121504	126961
8976	54874
3866	3875
705	84549
4233	5795
8322	54874
27327	84441
6132	23049
338	2243
9295	25957
6152	9045
7840	57787
5431	8085
2197	6158
6223	6234
6772	23586
3832	6240
5345	7076
991	10112
55326	137964
1781	3797
7311	54363
4582	10164
23304	90025
7415	10576
2197	6142
27237	29984
824	5829
332	1058
800	3672
2266	3698
3619	9972
7311	8322
552	2847
695	3635
1816	104909134
2042	2045
6168	6223
1902	55970
1994	27316
2048	6237
1329	4712
22954	55236
163	8976
6672	10475
3797	79659
83597	403253
51068	117246
1551	1555
6222	10399
10489	54778
6129	10399
2597	7167
1810	26009
8394	23533
6427	10189
1601	8027
4695	4700
6141	6147
1398	3937
6218	6727
3882	286887
999	4072
22995	55835
6279	6280
10527	55705
983	9126
2197	6161
7316	150726
4173	6240
680	2798
3437	91543
1579	8529
1981	6135
10914	53981
23309	27327
1933	6142
6122	6203
2923	3309
6688	7305
1981	6167
6518	84329
990	5717
25885	64794
10972	51128
6130	9349
26224	84085
6165	6228
3156	3157
9320	10193
64318	84128
1778	24137
92815	128312
6232	57551
4691	10528
6176	6205
3683	79895
4736	6135
5660	6376
2033	2072
6218	11224
2205	3702
811	2923
6210	6234
7337	8697
1830	6699
813	3915
3192	23283
1161	5887
10051	10592
10640	23265
332	9700
2967	9014
2099	2625
5605	10256
6152	6235
6233	8322
26146	79659
6155	6164
2968	64708
7514	57551
6147	6227
54443	55165
1969	5747
4736	6218
4694	4710
1991	2990
6137	6228
377	5861
3123	7535
1398	10787
9306	9655
1453	6233
2204	7226
2633	10561
6138	6168
1453	6234
6142	6160
6176	11224
567	3106
185	2862
899	9700
6418	8021
10121	26123
4830	4831
1398	3071
3430	8638
1605	3913
3688	3915
79023	129401
3635	5579
2980	2984
1387	5469
3897	284217
1453	6208
3880	4072
6207	6208
4331	404672
5519	5903
4509	4539
55970	59340
79600	84902
5426	5427
1605	8910
111	51764
6142	6147
6885	7182
3074	5476
6189	11103
890	51203
4736	6169
7110	90196
5788	7852
23376	26235
6133	6141
522	539
6137	6218
5116	728642
5008	7297
3998	6745
6155	6208
908	9628
3178	220988
9616	150726
5286	55361
3172	6927
945	6556
399	1894
6152	6231
6626	51593
1268	9294
377	11015
6168	6231
4724	10476
5426	8317
1062	10274
8886	23160
6144	6233
1639	22930
1781	11190
140460	197131
2847	2911
7919	10250
9133	23397
7326	26259
6158	6181
8356	440689
7283	27175
26224	197131
57674	64718
54069	79682
5928	57649
3190	10594
3486	3491
6229	27340
1237	27199
988	8449
9730	54926
3181	10432
196883	729230
778	27091
1915	6142
6711	11014
1829	64065
11137	51388
2023	2597
26190	197131
891	55839
5529	7514
988	5983
4708	29796
6201	6224
54821	55055
302	5707
10959	26286
10885	22803
567	6737
5660	63940
3184	5094
3913	9459
6232	23049
8453	65264
6155	6173
1994	51692
9343	51692
1129	5179
64837	81930
6136	6167
1793	7525
6158	6228
5694	5715
4116	6152
6428	348995
10022	259293
10575	22948
966	199675
4714	54539
2967	8451
6139	6173
4905	10905
6233	9887
3434	9636
6124	6224
9493	259266
3214	3216
945	100049587
2788	50865
3913	375790
1991	5199
6132	6218
4514	4535
5433	55660
6156	9349
6128	6155
864	10413
5528	79172
57187	65109
6201	6232
6128	6170
3183	7919
6133	6194
6432	6628
1327	1337
1495	1942
6155	6224
2846	2922
891	22974
3921	6159
7097	7124
3886	121391
6133	6157
2537	10561
3055	9844
3267	26130
4584	192134
984	1453
6234	7178
58	5879
2617	8565
1347	9551
11218	55746
1524	63940
6229	65008
1991	6037
2935	6133
6500	7320
4939	10379
6159	6173
6209	6230
7311	23521
5579	55970
5438	84844
3685	11322
22938	220988
7311	55272
3683	10970
1639	29127
1937	6124
1060	220134
6142	6208
6233	54363
2045	285220
5929	79269
7311	89910
1291	3688
5834	93100
623	2861
23586	29761
5422	10592
8301	10618
2792	5741
3309	29927
6135	6157
6045	23028
6181	6208
5725	9128
5747	7409
7153	23397
695	974
6230	6232
988	9219
9672	64131
6173	7311
29933	60675
55863	91942
972	3127
3619	29127
1457	10592
1063	57551
6631	51639
6193	9349
8925	53339
56165	136991
10112	11127
4538	4541
5730	5740
1968	8661
3491	84141
5286	7311
55127	79954
9928	11113
6133	6170
8243	151648
6700	353132
6193	6203
514	521
4904	84950
2841	55970
9730	80067
5204	6637
8295	8945
7337	51132
6135	9045
7852	9564
6139	6167
6635	51639
6152	6171
6154	6235
4297	51230
8945	25831
6139	6155
9700	151648
400	57511
8698	55970
5983	56852
84131	203068
6135	6152
8802	8803
3105	3660
64979	118487
567	10475
55182	222235
5290	9208
7042	83706
4322	7373
4171	4678
3109	3113
705	51154
29078	126328
2867	23620
6129	6142
695	7456
6146	51187
3619	3832
6387	57007
3071	10458
4726	27089
6157	6228
6230	23521
1387	9967
6217	27335
6144	7178
10250	10285
830	9276
23014	64219
6164	6224
8086	84271
4735	57545
2064	85440
2207	3689
6142	6202
6133	6135
4175	81620
6317	6318
3921	6181
57584	58480
6143	6157
8337	317772
567	3134
8945	143279
6037	8635
7454	10787
6147	6170
3491	54972
7321	23198
5832	118813
6147	6193
5657	6036
4540	4713
10802	51128
22974	83461
3685	64386
6169	6189
3849	140807
1107	23186
6204	6223
156	351
259290	259293
890	4288
11137	84916
5713	5715
9739	23067
6233	51592
6176	6230
10733	79441
8452	9870
8337	8349
6130	25873
6203	6204
2197	6169
570	54363
152	2916
705	23160
10022	51289
6500	55884
10121	26005
988	55660
11322	326624
51289	259293
7919	8106
6711	8615
10285	11017
4862	8864
9329	84265
7057	9070
6363	6373
399	9411
65993	124995
8341	8970
3191	23435
3684	10970
6160	6207
1738	4191
6235	9887
9738	54820
6628	6636
7316	9341
4588	26290
1536	3683
2932	5714
4361	10714
1536	51382
10274	10735
4160	104909134
3607	7528
8451	55208
5422	84515
5048	81565
4171	51514
6152	6224
1937	6138
8175	84811
4952	6233
60	10093
4666	6202
6227	114987
55066	57546
3799	81930
6189	11224
3092	22848
5660	84061
6173	6204
9126	113130
3133	6890
1994	10921
5708	29979
2958	79035
2642	4922
6125	6228
3832	10615
5931	6839
1495	6714
10921	51692
813	10970
7514	23039
2695	10266
6133	6209
1650	6836
6139	6206
5868	23011
9341	10552
4586	26290
4725	9167
9276	9371
6122	23521
26173	51593
6133	25873
5194	23600
2740	5739
1398	5829
6141	6232
4710	4717
2317	3688
6207	6209
8886	56902
3355	5733
51096	57696
336	462
64792	79989
6133	6217
6142	7178
23160	25885
10236	11100
5753	6725
6142	6173
3308	3312
6156	6167
11001	79071
389	393
6950	10574
10540	24137
9265	27128
6136	6227
6159	6207
5725	7536
1894	54443
6154	6234
8861	90780
6202	6228
251	152330
10970	84141
6170	6173
2826	84539
23521	56915
1822	57504
6152	6230
23327	29082
54620	84231
1395	55970
3115	3119
783	10368
6169	6201
5469	9968
996	5708
2151	3356
3109	3127
3797	28981
1933	6176
813	10618
2036	116986
6228	6232
10274	151648
6160	6229
996	8453
1278	1634
4513	4514
259	3698
4626	8735
9551	27089
727	51289
5689	51371
9793	57787
5708	5970
6160	6189
8301	9341
383	10394
1500	1942
10250	23398
273	8673
55125	55755
9277	51118
4952	8976
2147	2244
4736	6136
153	155
6133	6230
6222	6230
6130	6176
7336	9867
9870	57542
5094	10285
9276	57410
351	1241
10970	79895
4736	6168
988	10946
6793	10857
2784	3763
1559	2327
6139	6203
6176	140801
991	51088
6147	6234
4691	8602
6164	11224
7175	10250
23404	81887
8655	79895
6169	23049
5829	6385
699	220134
5501	57551
8451	10714
3376	6301
64750	65264
6161	6171
1788	6045
4057	57554
3118	3662
6157	6230
6157	6206
9984	23279
3691	3911
968	3916
6135	6175
2048	25791
2054	8673
9435	50515
3184	55749
7082	25937
891	129401
11102	134430
945	8514
56963	148738
4361	10635
891	9493
6128	6143
6143	6228
7204	9170
1778	6709
6128	6165
1573	8529
990	64151
80184	117177
54998	118487
54973	79664
5933	7027
6790	22974
6635	6636
89122	154881
6241	10403
10813	10885
2358	23601
1933	6128
336	3698
11184	27071
6138	6152
3689	22918
991	11004
3655	3912
988	3326
3685	5023
5594	5781
3313	5903
899	51343
6049	10533
3434	4599
4986	338442
1303	10491
1981	6218
2551	3054
399	94134
8976	9341
514	1350
1915	10399
4690	10096
8533	10445
9655	84085
1548	1553
6129	6222
1088	170482
2963	11193
158506	246184
6176	7311
6230	55272
466	1386
5747	7852
3184	3190
25909	54821
9875	55127
3178	3183
699	10592
5157	7991
251	137797
3191	10432
920	9026
26190	51122
830	9371
9282	23097
7516	348654
7283	10540
6164	6209
4809	6231
5529	51143
9126	23332
6203	6230
671	1669
80184	116844
8318	54962
6156	6230
1453	57787
4700	4712
394	9138
2932	5516
830	1315
9318	11275
5587	112476
3673	4233
58506	130074
1058	57405
2185	5829
10963	22948
2975	10621
54625	151636
10163	147179
25909	79172
5701	11047
6135	6138
160364	338339
5579	5583
966	79895
6628	55110
1069	54891
6827	25920
5901	729857
1387	8085
1439	5777
2934	51411
1665	1994
1933	6141
102	160364
9632	10483
4088	5054
7283	22974
9183	57405
6135	6155
3718	6776
595	4602
5093	23020
2935	6164
988	55770
4809	84844
9126	11169
996	9820
841	843
26519	56993
1069	23322
7133	53831
8453	9666
6152	6207
567	3107
6170	6201
55601	91543
4513	6745
51079	374291
336	5948
23376	84085
1983	23521
4538	4712
4736	6170
5700	10213
57129	219927
4700	4725
2935	6168
8655	23218
4303	5901
6235	6727
22919	79172
302	383
1933	6218
6173	6176
10153	84154
28981	150737
966	338339
890	10403
6161	9045
10946	220988
5903	57551
56667	140453
701	9824
7155	8289
4033	10970
6169	9349
1812	51764
1058	10726
5436	6631
3672	9564
945	199675
3123	4261
3111	3113
4694	4726
8914	11169
3190	9716
55236	197131
5898	10890
387	7094
6160	6208
1555	1576
50506	90527
3115	10346
1499	23291
6181	6229
80184	121441
3360	3375
5528	5702
2919	2920
7311	154214
23295	90678
8452	57154
121504	653604
259292	259293
4952	286451
1303	10536
891	1033
6152	6228
5928	116092
778	779
7316	50813
2023	5315
3619	54821
6129	6202
9742	57560
6202	55176
566	6036
1642	11091
3189	9987
6133	6222
1063	3619
6173	6230
6207	11224
8976	51429
999	8907
6161	23521
29945	84108
5023	11322
846	56923
7337	9320
1646	8644
3396	6182
53339	197131
6138	6229
7311	23600
3312	7037
5903	25909
1524	126006
8027	8301
2209	10152
890	5933
6870	56923
846	259292
9787	55872
695	8976
9972	348995
7852	54434
5565	51094
2550	729230
966	22918
6714	57670
9020	10000
112	3274
51234	56851
6625	23524
4540	4541
1395	2848
6156	6208
90025	91694
6124	6175
1350	440567
1173	2535
4867	80321
6164	6207
4736	6165
2204	79895
9219	23186
1476	8993
6175	6203
55055	151246
6432	6632
6790	11065
1639	22919
7110	10618
8243	23332
23014	115290
4717	4725
974	3635
6222	11224
2242	3320
2207	199675
3912	6714
6142	6207
1329	10476
53637	63940
3106	3659
3106	3134
6829	55726
9716	23350
51426	57654
6189	8562
5179	9210
607	8945
7153	9700
60560	80155
2204	160364
23122	23244
23244	57082
150684	150726
9883	9972
1325	6752
6155	6189
4952	6272
1665	23350
6950	10575
4057	56729
10256	54845
4641	9371
11325	55749
1731	23157
6129	6133
397	5880
6206	6209
109	2358
1385	1387
3676	3691
10403	151648
5725	23020
6167	6181
57678	256356
6601	6602
4829	56923
6827	80349
1062	5347
79954	84128
4173	79892
10762	84271
6338	6340
1933	6160
6453	115548
10576	10693
1069	7316
50832	196883
64284	401409
1208	5406
6165	6201
6142	140801
3304	3320
2153	51156
6161	7178
8655	27077
1605	3912
10733	163786
51650	64983
6159	6189
2863	7204
6009	60673
991	5708
4599	23586
4734	23327
891	1781
55703	55720
4172	4175
6625	8189
1933	6138
1536	8655
3122	4261
701	56992
65003	118487
1269	7852
6161	25873
891	2491
2204	3683
6599	55193
973	974
6160	6233
8976	10458
5434	54845
3683	57153
345	2262
4033	5660
1793	8976
9904	79050
959	10673
6222	140801
6223	9045
1660	9128
6133	6235
6133	6165
80321	121441
55112	150737
1933	6130
6152	11224
9493	81930
6218	6223
6135	6141
6141	6173
2623	3674
4710	4715
6605	11198
6202	6209
4689	7409
6208	55176
8451	64708
393	5879
55014	126003
51023	122704
1933	7178
5516	151246
10902	54617
2810	3655
6428	7536
11275	26224
9716	10285
398	5880
6224	27340
6146	6147
344892	390079
6142	6206
1063	54821
27292	55781
23244	55746
6129	6136
1894	6790
2099	9687
9716	10250
6155	6175
6632	11157
3356	5731
1605	55624
6144	6189
11014	50807
6167	7311
1763	348654
11103	56902
6144	7311
1605	3915
9793	113130
5707	10575
3178	6294
6138	6233
25926	117246
891	991
6143	6161
1660	27316
8886	84916
9170	196883
1994	10594
8337	85236
1062	10592
6206	6223
4591	55658
6869	347148
1292	10536
3837	9972
335	336
2071	6878
140453	192134
2920	3569
5516	79172
4988	84539
9410	10250
4713	10975
6175	6230
8615	10959
7020	284252
3491	11098
891	5526
6201	6203
259	2244
5330	10316
6233	27340
6176	6228
3192	55749
6635	6637
3796	57082
1650	29927
2358	3579
5869	10890
2491	54821
3827	51156
22936	64859
1778	6232
1655	25804
1062	24137
64928	219927
6229	9349
6434	10432
10238	55208
197	3481
9416	55660
2197	6204
5706	6790
3673	3683
10155	10780
5451	25896
658	4093
1981	6208
2266	3026
7514	9972
11004	54820
6147	6230
6233	143279
3191	10523
11190	22974
5829	6461
6170	6228
6135	6165
10236	10921
344892	390067
57545	80184
25831	64682
51264	64928
727	56923
1822	23028
1954	23295
6175	6194
6157	25873
858	1956
8021	10482
6208	6218
5707	8453
6161	6232
932	945
996	51088
351	6370
399	9138
997	8881
6164	6208
389	29127
90480	116540
4116	6201
6130	6191
1737	8050
54148	64928
2197	6129
7327	26046
7133	10673
3305	10963
1824	5493
9349	11224
6156	6222
3270	147111
1315	8729
4726	55967
1639	3797
4670	10949
1910	84432
338	350
4116	6635
1471	2519
2801	6709
5777	10630
3797	24137
8570	11052
2537	3434
5093	6625
7531	8655
9014	25885
1129	8322
3107	6890
4736	6155
6049	64682
7536	9716
5111	10535
1062	22974
2195	7124
1822	1911
1060	348995
4171	4176
351	5330
6139	6185
796	797
1457	25942
156	2863
6155	9045
1555	1559
9887	51065
4697	4700
6146	6167
6136	6142
6154	6231
185	2641
1129	4543
5441	5901
226	2023
1956	10413
6218	6230
389	90627
6224	23049
5500	5516
1994	23020
2913	4988
399	117289
4708	55967
5720	5721
2207	79895
10802	10959
336	4547
163	54874
5928	10014
25885	27340
346	55911
4586	4588
4736	6133
187	5196
10799	88745
6147	6175
1879	5079
9371	64792
4519	4539
3491	3913
890	5347
3222	3223
3921	6164
23067	25942
389	5217
177	351
1981	1982
2990	6037
3882	8688
6161	6223
5829	9564
2521	10921
3903	5023
6164	9045
65083	79954
3191	11338
400	90196
6152	10952
3093	27252
2073	5424
5005	7276
2189	80010
1555	1577
4926	9793
671	3240
5869	7316
1017	4999
6133	6158
146	2846
5080	8338
1063	259266
933	974
1783	84342
22948	63971
6161	6234
10802	10960
3221	3222
23160	134430
10376	84617
3185	10921
3921	6130
3482	10618
1950	6678
9320	65264
26146	28981
3796	10735
3157	6307
6146	6202
6156	6161
4700	54539
4088	5778
160	1213
51143	57405
1277	1292
8087	9444
6136	6228
2131	2132
6139	6204
5217	55740
1783	9493
5562	5571
1605	3672
7311	285231
285093	390191
393	399
6144	25873
7536	10236
10664	22976
6130	6205
6224	6233
7031	7033
4670	220988
10946	22826
3799	10749
4539	374291
6146	6201
3184	9343
6908	23411
26091	57154
5330	60675
5981	8243
1062	5528
1462	3915
2203	5213
999	1001
672	7516
8065	83737
8468	91646
553	64106
54778	140460
25937	51421
344	346
8655	55839
55582	55614
6152	6161
501	51166
6142	6164
9349	9887
2935	23049
2209	2268
64105	151246
4172	5426
286	6708
9320	22954
6132	6135
3718	50615
6241	9700
1778	121441
5424	5426
2262	2719
3191	5094
8329	333932
6161	6229
1129	4852
56670	126006
9410	10181
51343	142689
3015	5436
25831	154881
8655	79023
9833	55165
3115	7535
6422	7474
197	5005
6159	6228
831	5829
54555	56915
259290	259292
8329	8334
831	5747
8514	64386
5657	8635
5547	25798
3178	7536
11169	84296
2207	160364
4736	6207
1022	4005
5433	55197
4986	50834
2521	3185
6678	7057
27340	56902
2207	5747
4254	7409
2268	7525
959	7124
56919	57647
2197	4736
79954	84916
1069	9657
2935	6203
10285	23451
2197	7178
55008	151636
1269	55970
10921	10949
1302	169044
10193	23295
60560	80218
4952	22905
64682	90025
1668	1669
4175	4998
6227	10952
6122	6207
3673	91522
891	29127
79501	285093
1956	2247
6138	6176
23295	63891
4539	4712
5023	6518
3855	3880
4088	23327
701	3619
1173	6455
11339	51203
6154	6227
3190	4670
6165	6207
6189	6206
3192	23020
7536	23020
6144	65110
3866	3880
60485	84962
28973	55173
6135	9887
6135	6143
1133	7200
3183	10236
109	53829
1121	26130
9350	148738
966	84329
7852	55970
2767	5599
84648	353145
4923	7204
4839	51202
5330	55970
4543	4852
2767	29933
57191	400720
4999	23595
2918	10563
8313	10297
932	338339
4173	63967
5438	51503
2956	23028
10733	347240
1994	10492
6233	158506
10489	51343
640	5336
10965	55825
10857	196527
8886	64318
6155	6201
6168	6175
6210	6223
9666	23014
2185	3688
2792	7434
6203	6218
53829	57413
81930	113130
10316	60675
6235	55127
905	55677
3619	51143
3184	4670
5739	59350
1950	3912
8317	63967
8775	10618
351	2817
4695	84833
10713	23020
2683	5660
1350	4695
6136	6139
2865	23620
9493	51014
6170	6232
5981	23244
1781	7531
64410	222235
377	10749
3105	3107
7536	51362
695	7305
5747	11099
4738	5693
6176	6229
3491	51280
9282	9967
6133	6147
1314	9527
3178	10949
285	7010
857	1950
5469	80205
9133	51512
7316	83752
3181	10594
10316	55970
3422	4047
643834	643847
1337	4697
127247	148581
345	350
6137	6201
940	5879
3619	24137
8886	79954
1269	3579
8243	23279
54578	54658
6144	6157
6122	6124
3181	4670
6143	6147
7311	257397
4050	5716
6207	51202
699	9824
2204	3903
904	5433
1915	1933
1495	51474
6161	6222
2967	79577
2913	84539
4690	9448
5529	5699
324	2932
3683	7409
641	2178
6138	6173
26268	64682
9879	11325
1453	6203
6176	6194
6223	6224
10952	28972
521	27089
1910	3827
10382	91147
9014	57504
6632	51690
1589	3290
4862	79365
4670	11052
389	10398
7862	9219
9055	29127
57129	65003
8638	10379
4353	8635
3667	9564
4125	5657
317	835
3576	6347
904	905
3655	3675
4736	6152
2348	11316
11190	55142
9585	29127
6159	6235
2177	2189
891	81624
55168	64928
2197	6147
915	29126
6171	25873
3675	375790
3832	9833
7139	7431
3157	3422
6233	11059
6432	7919
10714	23649
6049	222235
335	345
9833	10403
701	4173
6135	6229
9371	10749
6143	9349
6165	6168
6155	6223
6135	6173
23223	79039
6133	6210
3185	5094
6188	11224
1933	6124
6141	6154
6122	6147
1277	1289
3685	5829
1058	5528
58484	114548
4144	4548
974	5336
146	2922
7317	89890
7311	151636
6161	51187
6218	6233
28977	54516
4736	6176
2207	3684
6461	10458
51692	80335
752	5217
1906	2150
8178	11267
3675	7057
1453	6232
6204	9045
3184	9716
9793	23244
197	350
6124	23521
640	29760
8925	10489
87	1499
1277	1291
9126	23244
24137	285643
6205	6224
251	23627
6167	25873
5627	10461
3676	5747
9969	10499
10153	84128
5868	5869
111	10268
23586	54476
22826	85313
6205	6228
1108	2033
6122	10399
3491	10970
8453	79699
7324	79876
9700	23279
932	966
3903	8655
9730	64682
6133	6218
6168	6173
4646	23607
3915	7402
332	5501
6167	6218
9277	65083
6708	11280
7272	10403
10970	84329
4736	6202
6161	9349
6227	7311
6204	6206
399	3633
4057	6709
7004	10413
1287	3685
3687	53831
1241	2767
9700	10051
6133	6205
6167	6204
1315	9276
1576	54600
624	6755
1981	6235
6136	6217
10013	51317
996	1017
3655	3914
25879	56902
534	8992
5516	6249
991	6232
6870	51764
5708	51330
974	29760
7846	150465
55339	57703
6154	6206
861	10413
9410	57819
6181	6194
6387	50837
26682	344892
2033	23112
5507	6233
1981	25873
701	23397
1956	3688
6168	9349
6167	6222
6194	9045
2305	22974
64781	340485
116	4914
1337	1350
1650	6184
6181	6228
3685	3912
3274	55970
7336	7341
6728	51121
54881	65083
28998	51264
26268	56995
6207	6235
387	7046
8347	8365
2771	58191
7311	84133
9793	151648
6430	220988
6155	6181
9655	55832
10482	23279
3799	9493
1991	80184
259287	259295
2043	2050
6122	6168
3833	10615
6231	114987
10236	55749
1495	84962
5093	5434
3309	9601
26046	84085
1601	8976
5469	7182
9829	26052
887	5020
905	2968
3918	9459
23149	51429
6755	339403
3683	7133
10013	25942
10193	84085
6207	6218
9655	154881
10959	22872
6157	6161
6625	10523
25909	55746
4040	8322
6218	9045
7272	10733
9918	10592
1915	7178
6139	6157
27	10486
10403	51143
1785	7422
4343	4853
64410	79791
6193	6222
6426	27316
3690	3791
1062	7272
3190	27316
9833	259266
10250	10772
56923	259287
3354	51764
23042	23420
5695	6790
3624	10272
930	118788
11314	338339
3301	3320
5336	118788
6637	55505
3852	3853
3091	6233
6124	6142
3191	10492
6135	9349
7311	8945
6128	6147
10713	51692
2212	3689
1880	59340
6132	6160
3684	338339
6160	9887
22984	55127
1983	6205
4233	6233
6168	6170
335	2153
1656	54464
6147	6165
3071	5829
391	80728
10952	58505
6159	6224
3912	5747
6165	55176
351	1524
28998	118487
2147	3827
11004	81930
2896	10493
6168	6210
6194	6230
727	50835
6130	11224
6169	7311
4171	5984
6223	9790
991	10726
10594	11338
1129	6572
374	2153
3192	10523
3274	196883
7311	11059
2197	6224
6167	6206
6418	10592
6138	9045
160364	199675
7343	10919
1793	9564
3185	10236
11258	11316
10885	84172
6428	10946
3111	3118
23011	51715
3913	10272
3055	5788
1315	2804
1660	10523
6863	84432
6636	84844
6146	6159
3178	6430
10425	79876
2147	2159
9564	10458
6222	53918
871	1290
5029	5724
4176	4998
10075	54926
6138	6204
4171	4173
1809	10371
10254	51652
6657	57167
3921	6228
351	63940
63915	84062
27089	84833
3685	3903
2784	6752
377630	401447
5930	26249
9787	22974
89890	90025
5290	6667
4736	51187
6139	6209
6637	27258
7311	23032
83551	134860
6790	10133
7454	8976
5435	84844
5111	6240
1944	1945
4867	91147
6233	9690
8477	9002
1991	4332
10236	23435
4088	5784
4854	5087
6160	6171
566	8635
2207	3635
830	5048
6203	6222
9978	81559
1857	2932
695	5335
1956	55914
4233	9564
3619	8243
2197	6173
2957	51808
6790	9787
6143	9045
833	8565
10075	51132
11102	88745
47	2799
5692	5710
6773	10379
2222	3156
2817	6385
6223	6228
673	57498
7135	7431
6161	6175
4736	11224
6159	6188
89910	115290
10890	51715
1856	5528
6189	6234
6141	6159
5717	126374
6124	6206
2207	23601
3074	6386
2197	3921
335	2266
6776	26228
10970	64386
27229	55755
9551	55967
1794	5880
1121	79090
6206	6210
5699	51684
1994	3190
720	3426
661	6619
5111	23649
5869	6233
3183	6432
5725	9879
6169	25873
117	7434
2735	132884
4670	5725
1460	7046
3882	3886
890	11339
6158	6173
324	5519
6249	10540
6205	8562
4707	4713
624	339403
6233	9927
5515	10776
2209	3055
389	399
7525	9844
25957	51747
53354	60490
3107	3134
6132	54512
383	4353
680	64106
54821	81930
115290	143279
3832	51203
4725	7381
391	26084
3491	7184
6241	64151
9354	84085
9188	84172
332	23332
6461	6714
2792	26339
388	7409
1329	29796
6137	6173
3675	3913
6203	6233
4893	27006
6625	55749
10663	51289
5903	10735
2197	6232
5294	7409
23047	57082
5861	11015
3903	57153
222487	338339
5879	375790
3491	10272
163	6233
4512	4541
353132	353135
6161	6209
1937	6128
6836	29927
9978	140458
6184	6185
2847	6752
10533	64422
3066	23028
7514	23279
6144	6229
988	51645
891	9833
6129	6169
23774	57459
6167	6189
64946	79682
9276	10427
55872	64151
26268	80204
27340	55720
57154	64750
1665	4686
6138	11224
1062	79172
3579	196883
1387	23097
6209	11224
344	6382
2036	8573
3488	54757
1933	6181
7516	11073
6233	8945
6141	6144
8349	333932
338	462
3106	6890
22954	89910
6122	6133
3184	3191
4904	22826
963	7805
2935	25873
63891	79876
6137	6160
6233	23014
6146	6152
9700	113130
1236	5443
3912	10971
10112	81930
988	9611
2597	5315
4254	5777
55166	348995
2222	6721
51202	56915
6152	6156
6130	6138
5657	56729
51429	54885
9037	23275
50840	259295
2209	3394
7175	55746
94103	199675
6136	6181
10193	53339
8914	9126
22856	55454
6194	6204
6147	6161
4173	8914
2125	3728
2932	6790
9787	10592
51088	144699
6637	23524
6159	6208
4254	26228
55208	64708
8514	10970
1365	1366
10733	132320
10484	56681
1946	2268
1933	6175
6176	6210
4713	55967
80224	374291
1969	6714
2629	5660
9742	26146
4734	23014
991	5905
55125	79959
6156	6173
4297	8085
1445	2213
56902	79954
7082	100506658
51692	220988
4695	27089
9984	79869
1555	54600
11274	23586
2767	55970
6124	6135
2635	6672
22948	84617
1111	7486
6154	6155
10403	56992
3860	196374
393	11015
336	51156
1969	7525
388	397
1434	7514
54908	151246
890	151648
2207	338339
695	3055
2125	11187
2784	7434
988	22803
5294	7852
9818	53371
3854	9119
988	23595
5347	11190
79600	121441
1902	9002
4584	4588
8329	8347
6500	10920
8467	9188
5286	29988
6500	9604
111	799
4670	10657
155	796
1994	10236
6182	65008
9411	29984
1088	150372
10466	57511
9585	81930
1854	7298
3301	10808
1660	51729
2956	6117
8085	57690
2932	5707
857	4088
2803	7110
81930	259266
3856	3866
6647	11315
2804	9276
6146	6235
4541	374291
79980	113130
23304	57531
4758	54472
1103	162466
2675	220164
7124	8439
6157	6165
6453	8322
6124	6144
6167	6168
9228	9378
8514	199675
6122	6136
3693	7525
11169	79915
51143	79172
391	9459
6241	55143
57154	65264
2968	57804
1147	2475
6160	6230
1908	23620
6170	6202
695	7409
10749	11014
6625	11100
6152	6189
4736	23521
6125	6128
1340	1347
9439	9611
5426	8914
6129	6130
10890	11021
1290	5351
1605	5747
9928	259266
6478	79876
4736	6142
3833	56992
1445	5829
10733	11116
1824	3728
1544	169355
26589	64928
3123	3127
8452	26091
5747	7454
3918	4233
9972	55339
6181	23521
7479	7484
6173	6181
996	57542
51023	90480
3071	8976
6427	220988
4173	9126
2475	9675
2914	4988
389	117289
1981	6175
3215	3216
1557	1576
6156	6189
10053	130340
9652	23517
6154	6175
1048	8434
7536	9295
6188	6227
6218	140801
6165	6222
917	1759
11014	22818
2123	2124
10959	51014
6790	9493
10250	11100
3185	3190
2033	5469
1981	6154
6631	84844
728	6376
89910	143279
3837	5903
11169	23649
10015	137492
6137	6176
5338	5579
9181	171177
4537	4539
3675	3918
2033	10498
6134	6175
2888	5584
7054	57016
966	3683
7434	122876
10693	22803
3376	4677
7272	10615
8636	11258
3181	51692
208	57148
6142	6218
3921	200916
988	55215
6161	6206
6173	6222
2318	3688
350	462
55143	113130
377	3799
5584	56288
796	6344
9564	10787
3796	5515
6170	140801
22897	653784
23511	55746
10083	257629
5432	27125
116	59350
6429	10236
4172	11073
11095	157869
157	2869
6139	6230
4735	10540
7124	8717
3111	3123
899	140460
8615	100302736
9700	10735
3688	7057
2847	10563
389	57584
990	55388
11190	26005
2251	8823
6173	6232
640	3932
6144	51187
57115	114771
197	2243
3842	10527
6173	9349
6157	6222
5829	7852
57721	64863
2274	6281
344892	390326
1033	9787
64151	157570
10489	84231
2197	6223
6189	7311
1111	2177
26224	51444
26268	53339
3320	85378
6157	6224
1292	8974
963	8514
5898	5899
6147	6158
84154	84549
29093	92259
6175	6233
6122	6209
6232	6233
3903	10857
6188	6229
1237	9934
10201	87178
3222	3225
833	4677
5878	11252
6709	6714
6189	6224
6157	6169
6176	23049
399	80728
10112	64837
81614	123606
5473	10321
6130	6141
9787	29127
7311	83987
1605	375790
7458	8662
1329	4713
6173	6207
6201	6210
6161	140801
6161	6165
10575	10963
23332	79172
6154	6159
23322	79867
4008	144699
11218	23511
2033	25942
26091	26190
23122	151648
4582	10331
472	84464
9126	79172
2185	6461
9700	23332
3725	3939
1778	4867
6169	6209
1511	5657
57542	144699
5594	7533
6203	6234
4670	9343
3833	55143
10367	90550
6491	284403
5028	5367
1232	338442
4508	4539
6194	6229
3915	10298
1307	50509
6128	6227
1555	1557
5829	9459
1435	6696
102	813
2550	3579
6176	6201
7979	139285
1043	7512
1660	10492
5179	5733
6130	9045
4172	5424
6233	7844
6210	7311
301	2788
3689	7305
51593	51692
6146	6218
7536	10772
53831	79895
991	83461
4067	55824
1173	5878
4332	4353
3191	23283
1634	4314
163	8027
6141	6202
966	5023
993	7027
6202	6210
6124	6173
1456	7534
1803	59272
5199	5777
566	4069
11275	64708
26267	63893
4734	115290
6206	6232
2782	2833
5528	10403
2971	51082
4666	6136
2033	26523
57545	121441
6222	6228
6223	27340
3683	199675
783	2784
3842	54464
4173	55388
7536	10949
6142	9045
6428	22826
3619	10735
1783	25839
23322	121441
3688	5788
3718	6777
274	8853
6993	8655
2962	56949
5575	23209
6181	11224
55249	55870
22974	29127
3911	6382
4904	10946
259287	259292
891	10112
84296	84515
5731	94235
3913	4233
695	2206
6890	6892
23095	24137
8477	55970
6128	6228
3191	10236
4541	4726
4734	23291
1797	93643
6168	9045
7311	8976
219965	285093
6158	6160
11190	57545
10841	200895
2932	5708
28973	51069
27077	57545
6049	23304
56995	154881
335	462
5903	51362
6125	6233
6878	8295
27042	55153
3895	11167
6175	23521
9076	100506658
6159	6218
419	390243
4508	4514
4695	4712
6122	6143
388	4983
51118	80135
1432	5062
6173	23049
10316	126006
917	29993
8337	440689
6923	140458
8867	22848
51154	84154
5048	151246
963	326624
6154	6202
2641	346562
566	51316
6049	29945
25831	53339
6128	6193
5819	201633
57154	151636
3491	3895
23020	55339
1004	1016
55832	57542
6146	6234
1956	5796
8243	10735
1118	3417
1763	64210
3797	10749
22905	115548
3832	9700
6173	6208
930	974
6201	11224
6122	6137
2033	81857
3635	3718
1727	23526
6146	140801
5071	23352
6202	7178
1994	10949
2197	6203
3191	27316
1537	6390
6173	6235
6049	140460
1956	7311
1981	6222
5977	8289
3213	8338
108	50837
54998	64976
9967	10432
3113	3122
4509	4535
4301	7082
1233	94235
6234	25873
9793	84131
6130	6139
7204	55970
6171	6231
6128	9349
6164	9349
6164	6201
22995	146057
5432	23543
8334	440689
4332	6036
6156	140801
6461	9564
6128	6204
1994	55660
3627	6347
8329	317772
6223	23521
6139	6154
23309	79595
11065	64151
55143	57082
6232	81930
1291	5351
1778	2491
1291	1292
6209	6235
2222	2224
9655	9903
6134	6154
55850	113220
5903	9631
3579	59340
5179	7857
1062	1063
6170	6230
2788	2864
11073	63967
1524	6370
3185	4670
411	153642
3055	9564
3912	9459
3092	9146
1063	79172
10155	90233
4584	26290
6142	6232
1894	5879
1830	5266
389	9411
6132	6209
6164	6170
3184	3185
1453	6223
6138	6193
10921	23524
3191	4670
3437	6772
3553	7124
6129	9349
6137	6170
2792	2847
6218	6222
5347	54908
6159	6209
6228	9349
28514	54567
6201	6209
891	9787
6129	6235
6636	8683
10733	203068
7428	23304
10403	10592
83540	157313
916	50852
3685	6850
6124	6146
2185	9564
1832	3728
6160	6205
5683	139285
6139	6229
6142	6143
2692	2838
3015	387103
1969	2048
6201	6230
705	8602
55175	56995
55720	79954
5684	5688
6205	25873
5981	10051
378	11014
6230	7311
1315	84516
932	5023
7478	7484
10970	326624
3856	144501
3054	55683
3071	9564
27043	57647
375	10959
6138	6165
6208	23049
8683	9785
6124	55629
3190	22938
1933	6189
4116	6125
6133	6223
1659	9343
6161	6210
5880	10458
2792	391195
6147	6228
9879	55660
629	4179
302	2799
54617	57634
3685	4240
3355	5173
22994	54903
9371	11015
1856	5869
6124	6235
1499	5819
3912	10272
5781	6774
6138	6159
6169	6203
8453	89910
1665	55127
4904	10465
6152	6194
1778	5861
5330	9002
51429	115548
5432	84962
185	4988
3213	3215
996	5707
6147	6223
9738	10733
1310	169044
9967	84498
1650	58477
1910	2147
7533	10971
2200	401138
6155	6156
8175	57794
377	51014
2177	5883
3066	84289
6167	6229
641	5427
25885	83743
3912	5829
2521	3190
6137	6155
1933	6147
1060	23244
472	7468
2207	2885
5929	23067
1277	7373
1969	3055
4172	4176
3122	54331
6233	89910
9055	10592
2132	6385
10396	25798
1669	3240
6154	6204
22974	203068
3351	4887
3688	7424
2185	5747
3646	6156
79003	81565
5981	51514
2776	27334
6129	25873
25898	26046
5903	9972
51592	64682
5903	23332
6155	6176
3912	4233
6164	6193
7311	10110
5707	7415
7289	23432
1871	23512
391	55160
6135	6146
3360	10888
6160	6194
26190	140459
1778	2801
3799	29127
6829	54623
4540	54539
6170	6234
54850	63891
23291	57154
6556	100049587
10621	11128
10425	84541
8334	85236
6210	6218
9938	29984
10813	65083
3690	5908
5796	7316
1063	22974
661	10623
2197	6164
25836	29072
1778	10112
4116	140801
945	3163
9967	23097
3486	11098
2079	6637
9320	25831
6167	9349
116	94235
102	1088
5976	56006
377	1781
6133	6139
1933	6133
3672	6709
26005	84902
187	11251
6137	6181
6139	23521
2787	10803
9787	55635
29093	51023
1111	23595
6632	10907
2185	3320
1605	29954
10436	51202
6139	6207
6229	6233
2033	10847
4535	4539
3119	4261
7409	653361
26531	344892
3214	3215
3071	9844
6175	6204
2064	5747
1956	22905
7919	10949
996	51132
23223	64318
23586	83666
30834	51082
6139	6218
3797	29127
8341	85236
2125	5493
338	1080
1129	4889
6137	22916
919	7535
10949	23658
891	55165
9793	81930
1559	1576
1069	3981
332	79172
10427	10484
9276	10802
5518	6228
4670	6421
1660	3191
9508	57188
2358	2767
9793	10274
6193	6206
2833	83756
5688	5695
637	8626
991	9133
8453	56995
9867	197131
6135	140801
890	7298
1639	9493
2150	2863
3133	5696
4208	4209
4707	7381
10403	23397
4686	11338
6136	6170
6233	151636
5361	8829
79867	84902
88	4620
2491	81930
1781	6993
53371	79902
9666	143279
6136	6222
6047	9320
6133	6202
84648	353142
391	94134
837	841
28981	92104
5347	24137
79172	151246
6625	10250
6169	9045
4683	5599
6429	10946
1551	1576
23291	26091
7311	9020
79470	344892
6157	6232
389	6242
6228	7311
3458	6775
6169	6235
3912	11167
6130	6223
6203	6223
10466	79571
9716	55749
3687	3903
6136	6232
2790	5294
6916	80142
2693	2776
6136	6147
5578	5588
2932	5526
11004	113130
6626	220988
6626	8175
29974	403314
226	6678
1793	6714
5725	51692
324	6233
3178	6626
6164	6222
6125	6135
23279	51692
6141	6161
5426	10714
10274	79172
6138	6235
6169	6218
1350	27089
1500	3728
3903	338339
1241	5330
3882	54474
4713	4728
3921	6160
399	445328
6203	6235
1435	4924
2990	4125
3360	7253
3437	23586
10376	203068
8085	55904
23291	51122
127544	154881
2551	4899
344892	390081
185	4922
6667	26512
55168	56945
2197	6144
1435	3490
29945	64682
3895	5879
4172	8888
26190	54778
6157	6205
1994	3184
2207	23533
26046	140461
10749	29127
4713	10632
57670	283455
10381	84790
399	84144
377	29127
8453	55884
5558	10926
1639	1783
1991	5657
344892	390058
51388	57647
6138	6170
54908	55055
11339	54069
399	85360
5566	57787
3214	3223
8139	55336
2788	2863
5437	23524
3843	55705
9462	64926
6143	6223
4677	51520
6164	6218
7311	23607
8334	79019
5440	10302
1365	100506658
6427	6434
27095	149111
6632	6635
3594	7297
5529	10274
6154	6189
1943	1949
6152	6229
8451	9730
4708	27089
6138	6227
945	3683
4725	4726
10900	284069
8853	11015
55766	57459
3157	4597
7204	29933
332	10615
51373	64951
10458	10552
5928	22823
966	326624
22995	27229
3915	5829
5286	286451
1499	5795
6804	6813
4694	27089
9716	10236
2059	10458
1136	1137
6161	6201
55142	146057
6234	7311
1717	50814
3184	7536
4116	6147
3921	6233
1488	6934
6160	6235
7184	10970
3122	3123
1058	9133
4736	6201
1291	5352
28987	51388
3903	22918
8450	51122
3691	4233
4707	29796
680	4829
2205	2206
1956	5829
945	79895
393	29984
23451	55339
4853	23509
2521	220988
1605	6714
7175	23279
6232	7178
9354	23304
54069	64946
8349	317772
10574	10963
6228	23521
3312	29763
7335	8453
945	84418
6426	79869
3178	4670
6169	6234
3434	10964
1605	9459
1524	58191
6159	6232
6124	6161
10193	197131
3376	8565
4116	6432
54577	54578
118430	727897
10199	55759
2491	151246
1364	24146
8945	9820
5611	10525
2847	2918
6173	6175
6233	6234
23585	54741
5093	11100
643	9294
3572	9180
1536	5023
1793	3071
1499	7534
8349	126961
2932	5718
1994	55339
6429	10250
6156	6203
6222	6233
6194	6208
10075	63891
5501	9793
3054	80335
23014	89910
9688	57122
2197	6229
6143	6202
983	79172
6138	6223
6147	6207
6141	6230
6168	6209
6204	6208
3655	6382
55735	139322
6128	6129
6434	10236
1329	9551
5725	8661
6129	6156
1005	1009
7454	10552
8581	154064
6428	6632
54996	64757
3717	3718
6132	6165
4717	4718
659	23118
6160	6206
4298	9646
2048	8976
1287	1288
8875	55350
55582	89953
705	84946
7311	9666
156	2121
997	25847
6228	6234
23225	79833
4712	4728
6130	6155
28973	55168
5878	51715
6430	22938
5869	8411
1794	9844
6164	6202
6130	6137
3875	144501
51715	57403
6135	7311
6168	25873
7283	22919
7536	27316
3054	6872
6137	9887
8467	25942
1741	22941
705	83732
56729	124583
2204	199675
10857	84329
151648	348995
6746	58477
10112	55635
23586	55601
123016	129880
2266	3481
551	6846
23160	84172
6206	6234
86	1642
3434	3437
3850	196374
6128	6142
7871	8428
10274	23279
5861	10342
9972	51692
5516	5708
5571	8655
915	3702
25827	115290
7175	51692
1236	2841
2768	2790
5929	8085
6181	9349
1069	27077
1462	10618
2617	3376
1069	2073
6160	25873
6227	11224
87	5768
5861	5868
991	9491
1983	6122
617	10469
6699	6707
5433	10285
3695	8516
26589	55168
1639	8729
2033	9739
3672	3685
988	9533
3913	5829
6164	6230
6205	9801
163	5869
6169	6229
8260	79903
3191	7536
3676	3689
6154	6233
56923	259292
6202	9045
161	24137
7003	8463
10970	11098
64219	65264
920	5335
6170	6209
9870	64219
50838	56923
7514	23122
6169	6223
4839	11137
3978	5426
10652	51014
51088	51122
4829	10886
6233	6235
1111	10524
3673	3914
4702	4724
7415	10383
9318	54165
4700	4709
4064	9450
10540	29127
6160	6202
57082	151648
9055	51203
79895	160364
2206	2207
3107	6672
6301	8565
1315	9570
378	51014
4548	10768
1793	5880
389	64333
6223	9887
6164	6165
2935	6229
5696	5698
51023	116541
6135	6235
5361	9855
10274	113130
5434	6749
11021	23011
10403	26271
1398	6461
26239	353132
6155	6233
7311	9349
3710	6804
2965	8731
6124	6125
6133	6208
6868	7311
351	7852
7132	10616
1291	5033
671	10394
55339	80335
3192	5093
1291	10536
3017	8365
3491	3915
114	259285
2207	5338
6139	6181
2848	196883
6137	6222
1763	55388
7280	347733
2730	2937
595	4609
9672	375790
7415	56729
6165	11224
1282	1292
6697	7166
4738	6923
1058	11004
6124	6176
4713	29796
3187	6426
6147	6154
2557	2560
6135	6169
22905	51429
3192	9716
6133	23049
2621	83706
5903	9883
779	27091
6130	6222
6202	11103
9276	22820
920	5286
84085	197131
160364	170482
118487	219927
6128	6146
891	3838
3105	3135
5868	64145
7316	64326
6232	8662
1965	8892
3702	9402
6159	6203
5970	6667
1511	4069
5516	5781
6130	6170
6157	7178
4829	5737
29074	55173
8688	54474
23165	51692
1080	4036
3913	51280
4584	4586
6129	11224
6142	6234
388	117289
29127	54443
3361	9290
3913	54972
6161	6208
51079	126328
10657	11052
6168	6193
5725	10657
96459	201163
6203	6205
6209	7178
377	11014
1781	11014
6143	6193
161	26130
7003	25937
6128	6175
8349	79019
7409	23533
3184	6626
4689	653361
799	1812
11100	23524
830	51014
4700	9551
2695	594857
6138	6209
6288	6357
1073	54434
701	221150
6165	6188
3030	3032
915	919
9493	11014
2122	8535
2023	5230
353139	353145
11127	64792
6170	6727
3683	3689
25879	84294
824	7525
3832	4288
1994	10250
4172	10714
10574	10576
830	10466
8329	653604
23	6059
5439	6621
5704	5718
1462	6696
7316	54677
6189	6207
2962	57794
1349	10975
10426	55835
81697	344892
335	2243
5528	113130
6202	6218
3376	51520
699	6241
6877	8881
6232	11224
5597	5718
2491	5529
671	56729
11118	11119
3192	6434
6154	6160
2207	22918
11001	79895
6218	6234
8697	11059
3017	126961
6160	6165
6170	6204
6130	6152
1813	4283
890	84515
1536	338339
29984	117289
4069	5657
6143	6173
7783	11085
1595	6307
6135	6201
10250	84950
11098	54972
6194	6201
6194	6218
6129	6203
10713	55749
1452	5515
10153	84365
6231	9724
6385	10755
6165	6235
6233	10401
7298	10403
7153	7298
891	5861
2885	5979
988	203068
6155	6222
7311	55669
566	5657
3913	10970
1121	81846
811	10130
6129	6218
11017	11051
5436	85437
5747	7204
1291	10491
554	51429
489	4853
988	27316
7474	8324
6144	6235
6233	7178
7311	158506
4695	9551
9742	55112
1454	4867
6203	6217
988	3843
4116	6227
3672	3696
3267	10096
2305	5347
6144	6230
846	259287
3837	57122
6155	6159
7305	100049587
9767	11143
932	57153
3183	27316
2305	10112
58508	84661
4707	51079
9117	90411
9219	10919
988	9475
399	9743
5861	11014
10970	199675
6146	6727
566	4125
4736	25873
2153	2159
6142	6229
6158	6202
2810	3691
3921	6152
2648	25885
6165	6169
6142	6210
3560	8651
5422	7027
9126	55746
8329	8365
6206	23521
11176	23309
2792	10563
4862	5054
6157	6204
4867	79600
4067	5777
338	2153
26146	150737
5155	7057
3796	10274
9787	55165
6181	6201
10097	10618
3066	10919
813	7184
6223	6233
4738	6635
6228	140801
7874	56655
3106	3133
7337	80204
1630	137970
186	84539
2237	10535
471	441024
7311	10111
6125	6158
2814	2815
9416	51692
6142	6155
6168	9887
2358	170482
1994	9343
1282	1295
6209	6224
6154	6161
11235	25843
4514	4537
10575	84617
5422	7298
1398	9046
22995	163786
5930	54620
5741	10266
5684	8658
5684	5706
3134	3659
6137	6232
4512	4514
6170	25873
161	867
5199	6709
3849	319101
6129	6138
6154	6203
3163	5023
3620	169355
6233	65264
4332	51316
9055	22974
1778	6249
4717	4728
4999	10926
9978	158506
4620	4626
9020	51330
4086	7046
50831	50832
6709	56729
51602	84154
9510	11096
26268	140460
3672	3912
2264	7311
10342	10427
351	3491
5368	64805
4736	6235
2197	6154
4016	5118
11275	283807
2841	7852
6147	6194
830	29127
5747	9475
117177	121441
5822	22984
6154	6210
50838	259287
9887	23381
302	3074
100	51816
9341	22836
4176	5422
5777	6850
301	302
7317	10489
1129	5733
391	8503
1933	6206
4233	85440
7311	55008
8667	26986
715	716
1956	2268
8085	8945
26232	93611
966	11015
1938	6122
9604	83737
1269	59340
4233	8976
10592	11169
7311	11224
963	3689
1241	7204
1495	5584
23332	25936
6125	6161
8175	10523
521	84833
7984	29984
351	7042
10952	140801
2833	6346
5707	7316
932	3685
6228	10399
988	9416
595	6776
929	7097
3903	53831
8065	9354
9793	55755
8356	653604
2243	9715
1314	8615
10193	11275
6135	23521
9076	24146
890	79733
1292	5351
8301	10096
1981	2197
53981	85313
3838	4343
966	1536
1936	6132
9128	55234
10403	23310
6189	6229
6157	23049
988	5903
10092	10109
10574	10693
727	50838
8673	10970
3799	10112
5714	6790
6222	6224
996	80012
1281	4060
7412	388646
6137	6142
90293	221687
6204	6224
988	53981
689	6160
3619	57082
4725	27089
6156	6188
8243	10592
4509	4537
102	6556
861	6595
51071	126133
3884	100653049
8514	57153
3685	3897
3921	6122
972	3115
2805	3242
6164	6204
26270	93611
332	5528
7531	81565
1292	1295
9883	55746
3978	4176
118487	128308
1786	7027
302	56729
87	6714
9844	10458
51604	84720
22954	57630
3897	3912
5557	23595
6125	6189
887	4295
6233	26130
6157	6159
55055	79172
6125	6222
811	5034
6790	55165
3115	4261
3109	3123
1660	1994
5781	259230
350	2266
6189	27340
5698	6890
5347	22974
55212	84100
80184	84962
2204	8514
7514	8021
8924	23030
6137	6167
55737	58533
10491	10536
2792	128366
8329	85236
6625	27316
2990	4332
2033	9967
3119	3122
7422	54676
3852	3868
6240	11169
6154	6232
174	6694
722	725
1453	6218
23295	84231
6173	6224
6301	7453
6229	7311
5709	29882
9793	79172
6155	6202
2072	51426
4509	4519
1063	2305
60678	79048
695	118788
10660	390598
3684	3687
2064	6233
4998	7027
6207	7178
2107	5515
6167	6169
2036	57669
6233	84749
6133	6167
4116	84844
2197	10952
2916	3351
138803	344892
514	10632
6428	7307
2071	27125
4736	6129
9020	10673
1453	653784
7507	10714
5435	6633
6205	6207
389	2064
8453	23291
6168	6218
51203	56992
57154	154881
6230	23049
1315	81930
4867	121441
2207	3903
1856	7314
389	85360
10413	25937
701	113130
47	1431
1490	7003
187	2359
6613	79902
6165	9349
26249	55521
23304	25831
9126	9656
1387	4205
4641	5898
9276	64837
6208	22803
1062	9276
3191	9128
847	8528
6122	6181
80097	653784
8881	26224
9883	11218
2243	3827
6176	6227
10283	23398
6233	25831
6667	23248
6663	27022
4116	6161
518	521
6193	6202
5788	6688
81	5829
10970	338339
5660	326624
5707	84962
8907	10053
4116	6167
6124	6228
2864	27334
5516	10213
7311	8290
2204	3684
5880	7409
988	5433
1069	11064
54578	54657
26589	219927
6222	27340
6194	6222
22872	100302736
3936	9404
102	6233
8905	8907
4069	6036
3422	4597
8317	80174
55749	79869
9363	64284
9076	137075
6233	6868
4288	51203
971	973
5878	8976
5929	57690
344892	390083
955	374659
302	5834
6161	6228
8915	29775
6626	10523
3054	23067
3689	5023
4069	5199
1299	50509
6128	6168
6727	140801
9738	55755
8514	326624
4540	25915
399	7984
3157	4047
3190	5094
10949	27316
79895	199675
7311	90293
6194	51187
22917	57829
3320	6461
6136	25873
6158	6159
1116	5005
3188	10594
163	24137
9318	26224
6429	84950
6128	6208
65264	89910
7311	55366
1915	1937
9128	10594
5347	6232
4514	4536
54998	55052
6128	6161
9738	146057
5111	7329
9320	64682
6189	6232
4298	6830
5552	83706
9493	22974
11127	29127
6130	6181
6159	6227
4171	4175
5880	9138
11190	23332
23517	134430
6154	6194
10291	10949
9666	89910
920	29988
3203	3204
9341	54874
6161	10399
2873	8607
23014	55884
64682	80204
2788	2790
6167	6727
55165	259266
4709	10975
164	25977
7514	79172
6159	6181
9212	79003
64131	375790
334	3915
3111	3127
5880	257106
915	286749
4694	4713
6158	6206
60	1072
1981	6234
5189	7311
3643	9021
2150	10800
6152	6206
1536	84329
301	27334
79583	79600
5529	5711
6173	6223
3039	3048
2633	2634
136	2788
55142	132320
8976	22905
10394	56729
2268	2817
27340	57647
10523	11338
1669	56729
2099	54828
54820	57787
112	1880
3579	729230
57154	57674
27097	79595
186	3350
3184	9987
3920	6836
4710	4726
1515	3122
3488	7857
991	9918
6128	6130
6139	6234
51320	55175
5903	22919
7337	84085
1933	6205
6209	6222
1915	6130
1063	81930
2965	6749
3184	51593
6129	6168
9126	23063
6208	6229
22848	26130
148	2837
1088	23601
6164	6173
22919	54821
23122	55746
6171	6234
9045	25873
23398	23517
6137	6175
643	50865
23016	51010
6155	6167
7320	9604
988	6950
6921	10987
84085	154881
9350	56963
3191	10713
9883	10898
6157	6164
197	338
6790	29127
10849	25885
988	55631
1453	8945
2848	285601
3797	79989
3688	83660
5062	7402
3886	8689
126638	147409
6164	6205
11314	199675
617	26517
8453	115290
3832	10121
2976	11128
2353	2354
727	259287
567	5873
10193	114088
23524	51639
6118	9557
197	335
7456	10552
55336	79791
54960	129401
2197	6165
6139	25873
2817	3340
1434	3838
5880	6453
26589	51069
6155	6160
6224	9045
6231	9349
940	3695
7410	63916
4116	6202
5984	23649
10919	84108
2204	22918
6613	10038
11015	51014
1453	6222
6168	7311
1639	3326
6201	6206
1857	5528
6455	8673
29074	55168
2197	6170
1290	1291
9493	29127
1281	1290
5294	23533
10181	57794
1439	6776
6204	6222
26091	65264
1144	1146
150468	259266
6157	6194
51642	54948
3646	26986
64979	219927
4700	4713
1499	2932
1933	6222
1994	9716
2036	4646
9493	9833
3695	5747
6453	8976
23063	23122
9700	79172
4985	6752
6426	100526737
3681	8515
6746	28972
7043	10916
6209	114987
3973	4160
6135	6208
1660	1665
6830	55677
1495	4301
26539	344892
6135	6222
2790	2837
954	158067
1031	192670
6923	285231
8463	25937
6147	6218
10426	11116
9604	23291
6202	53918
3725	4088
6872	84148
990	3832
163	7311
420	58530
7343	57459
8243	23122
5048	121441
2053	7311
6517	84246
3320	7415
3313	9093
3433	10964
3040	3048
84962	121441
51311	387522
1452	5718
945	2207
24137	81930
11250	83551
7453	8565
3433	3434
1457	9918
81	7057
3105	3106
567	3133
3184	220988
2914	3350
891	54821
1994	9416
6159	6167
3799	55605
1024	4023
1655	11325
932	160364
6171	6235
871	1291
4709	4712
5352	91522
3911	3913
86	988
23020	51692
3181	3189
10533	26091
6144	6222
3921	6168
4069	80184
6233	8290
1337	1340
10540	57511
6154	6218
7328	51444
6156	25873
891	55872
6150	116541
1983	6175
4172	4998
1364	137075
5717	6790
6637	51690
5695	7314
6193	6234
7316	8323
9015	57504
1994	23435
5518	6235
2033	4089
6138	6164
8463	10413
6193	25873
2222	3157
4033	326624
2641	10203
10193	140460
2847	6363
1915	9045
4116	6132
6428	7919
5591	9656
6206	25873
9371	51014
9833	22974
11253	23193
6714	7402
1398	9564
1213	6233
6132	6727
5870	81876
6159	6204
377	830
3838	22974
3351	346562
6518	10857
5437	7874
919	3123
120796	344892
2735	79809
3113	3115
6170	6171
9604	22954
5433	23517
3718	9046
3937	7454
3886	8688
6143	6155
983	26005
8085	26523
10250	11338
7184	9601
930	29760
6132	6201
4736	6232
9101	10193
1062	6232
3688	4233
7704	142689
1991	5004
9295	9410
2935	6181
4332	58485
8969	653604
8334	8365
1173	8301
6169	6181
7525	11099
1950	3671
6181	6203
1453	1855
1660	51692
6154	6208
59340	63940
26284	64965
5516	5529
5094	10236
23020	220988
25873	55176
22930	84516
60488	116540
51645	85313
2059	5294
3915	6714
134	6376
6208	6727
2695	5741
6138	6207
1124	5879
10458	55740
8349	79101
7311	143279
51444	57531
6161	6218
140458	285231
80018	80155
6227	6228
488	489
4993	344892
64976	116540
6234	9349
3054	25942
6125	6133
6168	6176
345	4036
8334	8969
8021	23511
23304	23376
3357	5737
6230	140801
4670	11338
26263	92912
5795	326624
6137	6235
6146	6222
4701	51079
6128	6218
57405	151648
6206	6227
3364	5810
259	2266
7184	51280
126006	729230
945	3685
963	6793
5547	326624
9371	10112
2034	84962
7756	64149
6158	6176
3054	4899
6631	6632
54577	54658
6189	6233
9879	10949
388	389
2768	2783
6175	6229
226	2597
6142	6209
1880	3579
335	4036
1292	3685
1113	6855
4512	4537
5870	10890
394	7204
10155	80110
1029	1030
3190	10657
4591	65264
6167	6223
1559	2326
8544	10787
6170	6233
6427	8106
4172	4678
2912	3355
23122	23332
23304	26268
6130	6133
6188	6206
831	23209
5930	80204
26091	57542
6601	6605
3903	326624
3071	7454
2197	140801
3903	8514
3799	10540
4641	11127
79895	100049587
3843	10527
5580	9564
23354	132320
4695	29796
9870	22954
3113	7535
1969	2268
351	27242
2720	3073
7311	54874
51510	51652
2242	6237
23020	51729
10075	56658
23332	57551
54620	80204
7314	10920
6147	6164
904	79577
3895	5954
10022	50838
3937	7409
1287	3673
4116	6146
3689	338339
9294	64805
9739	27327
51280	54972
6188	6189
8074	29106
1007	1013
1069	9557
5438	6635
10199	84946
10250	23636
55781	134430
10155	25799
6193	7311
7124	7316
6125	6164
9867	53339
6217	84916
24137	55614
701	7153
3009	3024
6128	6202
7311	126961
4069	4353
8687	121391
6208	27340
1810	55689
6234	6235
6157	6160
6156	6175
3017	8337
1058	55355
51122	56995
6176	6181
27327	80012
966	100049587
6515	144195
258	9210
7322	9867
5746	94235
6124	6160
6144	6224
5439	6119
4928	7514
996	23291
1604	54732
55143	57405
302	6386
6159	6201
6209	23049
6147	9349
55759	84946
4867	27077
2147	3481
54998	219927
2197	6125
351	55970
5879	10458
6678	7424
51382	222487
6168	51187
945	326624
1241	2863
3107	10475
2107	2935
3433	8638
6156	6164
3309	51726
3185	55749
6136	6152
6135	6158
3015	79682
6129	6232
6908	54815
1880	7852
23304	53339
6714	7525
684	4939
4535	4536
816	4137
6124	6194
2033	55904
4736	6204
29093	65003
10484	81562
1314	8729
10412	23517
3685	5747
9739	9757
6176	6204
10142	26123
4542	4646
6337	7311
3267	8301
966	11314
6428	220988
3133	3659
6152	6175
9752	56141
1060	57082
5688	5701
57332	84733
9690	57630
1453	2197
6152	6209
7456	10787
6147	9045
2966	728340
2535	4919
6747	60559
6229	6235
23620	84432
3660	5696
6155	6170
4867	80184
4707	4724
6176	51187
4736	6137
6143	6233
10293	10425
8085	25942
963	79895
1022	91603
4694	4712
7311	114987
329	7316
945	3903
10403	81930
3911	3912
6134	6228
6160	9349
1629	4967
1453	6210
7089	83439
7042	10490
1398	6850
1398	9844
9738	203068
2521	6626
3640	5443
4736	6147
2151	6915
7164	10053
6139	9349
1981	6133
2792	138883
3921	6227
7153	55746
6209	7311
4323	4811
6133	6227
6164	6227
9820	115290
54939	55294
9787	24137
7311	10252
4712	27089
554	1395
10022	50835
142	56655
6230	6233
6135	6147
1453	6204
6159	6160
3675	3914
8322	8976
4343	84441
6193	6218
6222	9349
6170	11224
11017	85313
4116	6222
9585	24137
5335	10818
6700	353133
1213	10254
999	1500
776	786
2848	3274
701	57082
3240	5199
84946	88745
6203	6227
3122	3662
2841	63940
2962	54845
3619	23279
3433	4940
5694	7314
1241	55970
5048	11190
1653	25940
3685	9475
6164	6194
26046	53339
9246	11275
6139	6193
6206	6224
50813	84727
8322	22905
6667	10499
2186	9739
6164	6235
3673	3688
967	25798
10555	94103
5529	57551
6164	6189
6169	6228
2799	5834
9136	84946
2207	8514
9320	10489
1230	58191
6152	6234
3882	121391
3200	5438
335	51156
3429	8638
6202	9349
7314	9134
6874	51230
886	2846
5868	26130
3212	8338
3659	7706
4736	6205
1781	10112
6237	10371
2177	7398
54575	54600
6138	6144
4174	10036
6136	6156
521	522
4725	29796
6189	6228
2237	5111
6164	6234
389	257106
1894	29127
534	7037
5699	64344
22803	27340
6152	25873
2692	5745
2207	7305
8976	10552
6129	6230
90293	285231
5660	7852
117	2784
9601	10130
5432	6205
3178	6434
6167	6175
3071	7409
5443	6370
23291	55236
4940	9636
8945	90293
6518	326624
6158	6194
2935	6234
1781	11015
6139	6161
6158	6218
5451	55718
719	63940
9700	10592
116	5739
6741	9533
9730	63891
6175	6223
1536	199675
1277	22801
6139	6176
51116	92399
6229	140801
1268	50865
9801	28977
5439	8896
1500	55740
2861	56923
2197	6155
6135	6223
6130	6168
7311	10818
6146	6176
6667	7402
4724	29796
23244	23279
10427	22872
2962	80004
23283	55339
3683	3688
6133	6228
152	5580
9527	55014
2197	6206
4853	6868
5696	6890
10193	26224
1933	6155
54874	115548
5516	55055
6147	6205
5433	8085
6548	11261
890	26271
5928	9112
5715	11047
3687	79895
8021	23636
4736	6227
2962	27238
6091	10486
996	64750
2837	84539
993	84126
3853	3860
3921	6203
2491	22919
117	122876
5903	79172
7852	126006
5424	5591
1915	6206
2358	6556
6122	6185
4713	7388
4436	23028
27161	192669
6237	10507
399	9828
7184	7466
3163	3725
1994	3192
5693	5700
6202	27340
4111	158511
4726	29796
2801	2804
6173	6189
219858	344892
51166	125061
1981	6168
1084	2358
6370	165140
996	8945
23291	65264
8886	9221
6159	6223
4542	4641
9320	10075
26046	64682
1350	10632
10236	10250
6877	6908
2318	54751
5707	7321
3191	3192
1956	4837
6175	6208
7204	10800
6343	196883
6142	6161
10285	55749
6453	7311
399	6453
51649	54998
6827	10302
6142	7311
675	5983
8697	65264
3837	7175
5695	5700
5869	9341
84870	343637
3684	53831
6160	6210
335	350
521	4724
3214	3217
4940	10612
1287	5155
6154	6173
1956	5579
1387	6601
51099	79948
891	4751
1063	25909
1387	10499
4085	79682
351	2767
2917	27199
79090	90411
26005	121441
29127	55872
3913	5747
6206	6218
174	3698
991	1058
2994	6005
6143	6206
6156	6232
6698	353135
894	3065
6133	6152
4734	7316
23	988
23112	26523
351	83706
2197	6137
9219	23378
1994	10498
4709	4713
6159	6210
6168	6727
56658	84085
3635	5294
332	81930
6205	6233
1232	50834
6167	6234
9412	55090
4597	4598
10959	22818
26190	83737
117	5741
3837	3838
1387	6667
3945	4200
138805	344892
3687	22918
5861	51715
1830	3713
3133	9871
3921	4736
3006	8337
7311	9045
5546	10262
2782	2784
8337	126961
4540	4726
8729	9570
11329	55233
6637	84844
332	9787
6122	6159
2064	54206
6434	220988
2960	4763
22948	84790
6167	9887
2197	6181
10949	220988
6135	6189
388	23526
1650	6185
6132	140801
2268	5747
1942	1945
10552	10787
5347	10592
86	8607
3903	10970
8365	85236
570	6233
5685	10393
6164	6203
1362	3482
143471	161742
29074	64969
472	5433
3659	5696
4710	4713
4841	6421
6147	6210
1347	1350
26716	344892
8655	83658
2153	2244
3710	5579
2912	4543
335	338
3655	5339
6181	9045
51645	57819
914	924
1350	4726
8021	23279
6147	6231
4751	4867
885	3061
2071	9014
3134	6890
6146	6204
3916	7879
6601	57492
3017	440689
1230	29899
4538	374291
7005	10413
6426	10772
3192	6625
5604	8826
55003	55299
6203	9045
2537	3430
9685	10618
991	51665
108	5179
6202	6205
3931	5338
1994	9879
5093	10181
4536	4537
156	2767
50835	259293
26155	65083
9341	115548
6138	6201
1308	3691
6160	6204
23049	25873
6175	6210
3320	57545
6667	27327
2197	25873
26268	29945
7919	348995
9371	64837
6233	54677
4702	4710
6154	6229
9493	11127
3921	6157
2535	5599
4736	140801
6208	9887
3913	3915
1983	6133
4738	28991
9133	51203
988	1994
378	9276
6144	6234
9126	10051
4035	5159
4713	4725
6128	6222
8723	51143
23322	55835
55831	56851
1981	6189
5201	84617
966	10970
8829	10512
23304	29945
55759	57696
3685	6461
1933	6209
55781	84135
3184	5725
5431	23398
5438	6633
55008	57154
1292	55214
6130	6209
8106	51593
3882	8687
10970	51280
1859	132660
8082	8910
719	8514
26268	56658
3362	53831
3619	5501
4736	6156
6235	7178
26190	55832
6232	140801
7317	22888
6193	6208
3833	24137
6181	6207
1400	56896
6173	6188
5516	51400
79791	222235
6129	6204
274	51411
10540	22974
1120	5130
27	4690
6698	147409
6176	6222
55662	80351
6240	10592
8337	653604
3017	8969
671	8993
4852	5179
329	5707
2519	3074
3001	5551
3192	27316
1445	1956
1763	10714
846	50835
7272	55635
6128	6173
6518	10970
3921	6139
1495	7082
389	23526
4726	9551
6133	6188
6453	29763
5694	7979
2696	55970
7037	54885
4771	122786
2194	6319
57405	113130
3685	10970
1994	8570
6152	6204
1536	23601
8365	440689
4174	81620
274	51429
6167	6194
5868	11021
813	6790
2197	6156
6143	6209
3091	4088
6223	140801
64426	79595
5586	5879
405	6667
6208	6228
1778	91147
2286	5479
6135	25873
867	26130
3046	3050
11091	54881
8453	22954
5451	23248
10022	259287
7514	9126
9184	57405
5869	8322
24137	64837
6136	6204
8666	25873
3181	10657
51650	64976
6160	140801
8178	55840
1824	5266
6130	6135
1432	2056
552	6866
705	84154
6201	9349
10282	10652
6161	6169
6155	6227
1933	6228
1880	8698
9700	25909
3354	9283
5558	23595
6185	58477
1387	81857
1956	3084
3187	7919
5868	8301
50835	56923
4983	5880
9002	55970
1544	3620
3178	8175
6171	6227
10193	26268
10274	10403
1933	6202
6137	6202
6136	6176
4695	4713
10921	55746
1289	7373
6049	8881
23511	25929
6133	6181
1478	3188
672	64682
1173	5962
1969	2050
1340	27089
567	3660
1933	6204
545	6233
9585	10749
3683	3685
1781	29127
6167	10952
28998	65003
4736	6159
3339	6385
6138	6210
4116	6632
672	8314
25831	57154
2034	3091
6144	6181
4236	10291
6167	6173
60	2597
4495	4496
1509	124583
57551	81930
988	10767
10802	100302736
6138	6224
6176	23521
830	10652
6139	6223
2048	5921
4953	51686
375	1314
10236	51593
7041	7414
3437	10379
3635	4233
7317	140459
521	4694
5516	5711
2322	2885
2177	2178
1236	4544
6139	6201
5093	51692
3187	10181
1946	5294
1315	9382
6155	6232
9410	10236
6161	6205
6205	11103
5688	11047
394	11015
389	7204
2537	10379
388	26084
5589	23193
397	398
7316	23014
991	29127
6207	6223
23466	23492
6233	221687
899	56995
5048	5516
5973	80896
399	9938
1116	3240
6122	6128
6233	7158
6168	6235
6745	58477
3066	23411
2767	9002
6128	6141
570	7311
79895	338339
6643	58533
1453	6202
5879	100423062
1477	24148
248	6975
2073	8451
54663	84365
5179	6751
6161	7311
9113	154810
9656	11073
394	7409
2957	5433
399	7409
6142	6224
10749	11127
5878	23011
3187	7536
9144	11322
6202	6203
6125	6144
338	5948
4867	11064
6158	6193
8976	23149
2243	2244
23014	143279
6160	7178
351	7184
10075	54620
3683	8514
1282	10536
3895	3915
23112	23466
1983	6223
1783	11014
6229	11224
302	10577
2213	3635
9416	10236
8453	9320
23327	89910
2099	6198
3675	3683
83597	135946
6207	23521
2784	4985
155	6344
10466	84516
1398	1794
9493	64837
8688	8689
344892	387748
2770	55970
3619	25909
4707	4709
6202	6229
335	2262
1062	64151
891	7316
4708	51650
91543	129607
64792	92104
2266	51156
5829	10298
9377	54539
3183	3190
4343	6714
9690	57154
54908	79172
5023	64386
88	2890
917	5296
5431	5433
2792	26338
10250	58517
5970	23118
6202	11224
10552	29763
4678	5984
1956	115548
1495	5819
6136	6165
6132	6167
1915	6159
113130	151648
1062	81930
988	60682
6133	6136
10133	121441
226	5768
5829	6709
11202	25818
1069	79867
1942	2268
5436	5438
1329	4726
5436	7936
6201	6229
3689	64386
6130	6218
6158	6205
932	10970
6128	6194
6137	6147
5028	60675
996	115290
1981	6230
6157	9045
56902	84128
824	831
6210	6222
6201	6228
26168	27043
3185	220988
799	51764
11316	55850
1595	51478
5094	9343
641	2189
824	3688
4763	7311
54856	55870
26091	151636
6132	6156
4627	5898
8514	79895
4343	27327
6142	6159
6144	11224
1022	55840
112	729230
1062	5526
6144	6209
9690	154881
4514	4539
4205	6938
10970	160364
4670	10236
6155	6235
10071	50614
3191	23350
2719	3698
9662	79441
3673	3675
3313	23511
10592	51203
595	891
3688	5879
126328	374291
2222	51478
1387	8648
6188	6202
6233	51132
3240	9332
3609	4670
3490	84141
3837	7514
3115	3127
2222	4597
8515	22801
6188	6222
5438	23524
2695	2784
6124	6158
1063	7153
9031	221830
5516	5903
9655	10489
991	1781
108	797
25909	57551
8568	57696
1062	9585
5422	5981
4998	5422
2207	100049587
1001	3728
6141	6205
6158	6208
3119	3123
9655	57542
6137	6206
3071	10552
1942	1969
2521	51692
1062	51143
4513	4537
51109	54884
5023	8514
6635	9883
890	64151
3881	54474
4088	5594
4116	6168
1536	3685
5869	23011
8816	51122
567	1520
5054	7424
440	2617
6136	6203
3303	3320
905	25896
6144	6169
10592	24137
7311	92421
4736	6160
5023	10970
6136	9349
23304	140460
247	3479
1942	9564
7337	197131
3111	3119
6142	25873
6170	6229
2865	6863
6139	6208
11073	84126
54820	146057
389	9322
2935	6207
3683	6518
29093	51258
3054	81887
51023	219927
6461	10787
1356	54757
3833	29127
6165	9045
950	7316
472	4361
6233	57674
514	4713
10236	10949
9556	84833
6193	6228
22954	57542
1500	6714
8351	653604
10561	55601
10321	57554
388	9938
6158	6161
6866	8997
2683	54918
1063	24137
1062	5529
1387	2033
1910	2865
4691	9136
1325	10563
6208	9349
444	3091
332	54821
64682	154881
6698	126638
5695	5706
80346	402135
6167	6224
399	143872
7458	8672
521	4700
3362	3640
4069	4332
6138	6208
10713	53981
4738	5688
2695	122876
8655	64792
9724	27042
6135	6168
4076	55226
993	1111
5347	9055
4171	5426
6157	6229
7514	23332
6208	25873
6556	196527
6128	6209
1291	1303
1069	10426
1500	5880
5579	653361
846	259295
58	60
5695	51330
6147	6176
6232	54820
53831	441864
1233	6370
905	79577
10395	23371
5725	27316
4172	81620
9847	23265
988	6596
4976	55669
6233	26523
1783	11127
6122	6234
4540	126328
10193	80204
4715	10476
29127	51014
2968	6877
55003	84154
6125	6202
5540	6755
6142	6168
6217	27340
2178	6118
6161	6176
904	5451
6138	6161
8945	285231
6136	6168
1058	79172
1487	5928
26043	51122
6233	9349
3579	126006
1983	6232
891	6790
8976	115548
4172	10036
1500	1969
3848	162605
7919	23279
472	4439
3713	23581
5093	10523
6227	6235
27134	100506658
10376	150465
3190	10949
5516	5707
24137	29127
6167	6235
871	1303
7311	7321
9700	10274
10921	27316
51693	58485
3887	3892
699	3796
3619	79172
10051	23244
2247	6233
10576	23526
4713	4717
29093	118487
799	10268
566	4332
521	7388
1285	1286
3903	84329
6175	6235
140807	319101
23279	23332
344892	390063
9700	57551
2790	55970
2131	375790
7456	10458
5196	11251
3094	57649
966	3903
5695	9232
1063	9700
27316	220988
84643	93661
6185	29927
2617	4141
23595	51053
9887	11224
10592	22974
6520	8140
3579	55970
6136	6159
51143	151648
3190	7536
867	5290
5707	51330
3183	6430
5566	5970
830	10540
6208	7311
8717	9530
28998	57129
4069	6037
6176	6203
23608	140462
6129	6173
988	6601
6135	51187
55755	146057
10427	126003
29984	445328
5116	55125
2962	8175
9968	81857
1387	5929
5694	5695
3320	5829
3190	11052
7321	65264
1062	9493
160	8867
3553	11213
3673	3912
5869	22905
57545	79867
1385	5290
6157	11224
139322	374354
10969	29997
3308	10574
114088	127544
3655	3909
6176	6208
6176	6234
5430	9611
6810	6814
991	151246
8843	338442
2535	55970
846	5737
6167	6188
833	2058
8027	29763
51096	84128
7536	10181
26589	64963
9320	54778
999	3691
5429	56852
1499	5708
5430	81556
988	5062
3301	3303
2792	2911
4736	6228
1956	3691
27316	55749
4848	23019
87	7044
1237	8811
6142	6181
4508	4519
6712	11316
3579	10316
2081	7494
6233	8450
1956	4145
7994	9219
3913	59277
9793	57122
6233	8295
6137	140801
6667	6670
6129	6209
566	4353
6132	6171
26589	29093
6202	140801
399	57449
4343	7311
58191	59340
6189	6203
6170	6223
9585	51014
3320	9844
6130	23521
6235	9045
9527	84516
2197	6208
4694	4701
5034	91522
5438	85437
4439	6118
984	54801
627	5599
1994	5433
3191	51692
3122	7535
57542	197131
896	6777
4535	4537
6165	6232
5328	5329
6373	10563
5879	6249
6160	6234
10713	23451
8189	10523
5435	11325
990	63967
2197	6228
185	186
341276	344892
10075	84231
2131	2817
388	55843
10250	55749
1981	6164
1364	100506658
10161	257313
6138	6189
6209	27340
9441	81857
3106	3135
680	6869
4233	7311
1315	3799
4538	4540
6175	9045
6208	6222
3918	375790
4087	79753
351	2841
9439	9967
5347	29127
6142	6194
6136	65008
4069	29108
932	64386
351	126006
2957	51616
890	7272
6223	6230
2588	9798
2967	51426
1314	9276
996	6233
2042	2044
6204	6209
2767	5335
6136	6138
9738	347240
6147	25873
25831	140460
990	51343
1994	79869
9246	54778
3561	5599
6703	6704
1329	1347
6156	6170
7178	10399
3703	6185
3190	3609
6144	6176
10075	63893
3486	84141
11218	25929
5741	8074
3676	3683
1937	6202
5869	10254
6156	6224
383	1669
672	51755
727	846
984	23332
2197	23049
5869	8301
27339	57461
6128	9045
6428	10236
6158	6234
11224	140801
6135	6136
51693	60684
1933	6129
6170	6203
1063	7514
905	23168
51069	64928
6872	81887
6142	23521
3320	84962
8106	9410
6136	6235
378	830
988	5094
9156	51514
6189	6217
8688	121391
6161	6173
64963	116540
391	394
1783	2491
4297	192669
3184	10921
905	2967
6168	6206
91147	121441
6429	9410
27198	338442
4171	5424
3921	6230
54552	55720
3698	51156
5928	25942
4717	84833
4666	6129
6188	6207
8568	51096
11187	64065
972	3119
3091	5594
3017	8970
5695	6500
5526	7316
1453	55127
3673	3693
1814	259285
3914	375790
11339	79682
332	29127
10236	22826
9495	10369
6233	126961
8467	79595
10960	51128
3185	3192
29763	54874
3685	7133
2247	3685
6169	6194
4940	10561
10802	22872
6156	8667
9818	23511
7272	64151
3688	7052
7178	7311
51226	553115
10254	10552
3855	3872
11130	79902
87	7791
909	915
5579	9564
72	58498
6637	51639
6152	6170
8192	9361
57129	63875
1634	4060
1778	57545
6128	6188
695	5293
1642	8607
6203	6207
3921	6142
3113	3123
3437	4938
3354	11255
3017	8329
932	199675
966	7226
6137	9349
22995	23332
440	2058
6176	6207
6752	10563
11143	27154
51429	54874
4736	6222
521	10975
988	1654
8021	57187
5469	9967
23291	56995
5829	55742
5747	23209
6218	27340
344	3931
11339	64946
51676	115290
1287	80781
1668	728358
6136	6201
7032	7033
3433	4938
6160	11224
6208	6230
6139	6160
1665	3192
3978	5424
23279	55746
64410	80176
11190	203068
1282	1284
6209	9045
945	1536
1495	4233
5526	6249
6130	6159
5439	80349
4014	5317
8491	10746
846	51289
6233	55669
988	1660
3361	4283
3055	3572
6158	23521
6168	6194
6936	51645
6209	6228
6154	6201
9045	9349
10749	24137
1536	79895
1287	3688
3693	5829
1499	128239
8697	23291
9833	10112
558	7409
399	64333
6228	6229
1398	1956
5347	9738
4694	7388
6204	6207
26224	283807
6141	9045
1307	169044
2033	6872
6165	6223
5879	9475
6156	6176
29126	80380
4599	91543
5518	6232
130	10720
1937	6228
3055	7409
1778	10577
4116	6165
6202	10399
6206	6228
4738	5715
3187	57794
57153	79895
56923	259293
3619	9126
988	7919
8347	126961
905	5433
6737	79754
1233	11251
25942	57649
5529	22919
6232	7514
3837	9631
2798	4829
6194	6232
1813	5443
22954	26190
6159	7311
6125	6173
1603	100128731
6175	6189
245937	613210
1794	3055
6142	6158
4666	11224
336	2243
7178	25873
54778	197131
1742	8831
6776	6777
9320	144699
1453	80097
3916	3920
1605	5829
4924	5589
1933	6230
3692	10969
6133	7311
2268	9564
10274	57551
2911	594857
3659	6672
23112	80012
7311	57530
5887	7415
3190	57794
383	8993
108	283869
132320	146057
2204	57153
1956	5336
3659	3660
6132	11224
3569	84141
9877	23279
335	5948
1340	1351
6147	6208
6159	6233
2960	9412
904	5431
89910	221687
23160	84154
288	6712
4712	4713
10713	26121
705	23560
2801	10972
6209	6234
332	9493
1350	7381
208	2475
5728	81847
2817	4035
3106	3107
79583	80184
6601	55193
6168	6189
5330	8477
6144	11340
53981	79869
1991	3240
4686	9128
5438	5440
1969	9564
6152	9349
3619	51203
6164	6181
79682	387103
3312	6804
57405	79682
6141	25873
1793	5829
6173	6233
6209	6218
8916	9039
3064	55660
1778	5707
672	2177
6139	6205
6164	6223
2185	3685
29074	51069
6233	64410
5695	5701
1062	23332
9611	23097
3921	6207
4686	9879
4904	9295
1536	2207
1783	6232
9793	121441
8289	55193
3881	112802
27043	27340
3187	55696
6204	6227
3635	80271
55635	259266
3434	5610
6426	7919
6135	6234
701	9700
3685	84329
800	5829
6201	25873
351	5443
6176	6209
3185	23283
11103	27340
6176	25873
3190	5093
3655	7057
6170	6175
3691	3918
2801	11014
4593	57144
4736	6141
3190	51692
553	680
5394	5822
6170	6218
7204	60675
6189	6235
2817	375790
7327	8925
4194	7316
6426	220988
6124	6141
2209	6688
2178	2189
399	26084
5861	57403
5067	137797
9636	10964
6130	6203
6707	147409
4543	5179
1431	4191
1832	11187
332	9833
3071	7456
5657	6037
8349	121504
53339	140460
933	973
2865	84432
6152	6218
2242	5361
6128	6181
112	8698
6232	54821
6159	6206
5528	23047
6124	51187
3669	4939
65083	84172
5529	5903
1241	56413
1676	3837
6737	283807
4710	4725
6128	6167
2800	2803
6160	7311
988	23397
6130	7311
8085	8289
6135	23049
6170	10952
3915	375790
2768	5879
6307	50814
7311	126433
116	2740
2071	55677
6633	6635
8322	8324
3105	5696
4867	79867
6194	6207
9126	54780
6147	6201
1387	3064
1933	9349
9320	80204
9276	22872
55215	64858
945	10970
553	3062
6135	6170
2185	5579
5021	5332
3607	55252
6152	6160
3240	10394
7153	259266
22984	23223
513	9377
1452	5714
9690	22954
6518	196527
4695	4707
4173	7153
9436	259197
4508	4513
3912	3915
5599	9043
8021	9883
3912	375790
4736	6124
9140	83734
8243	23047
8970	85236
1536	653361
6158	6189
57405	79980
3190	9128
9553	29074
3340	375790
10112	22974
6224	7311
6202	25873
813	1435
1268	10803
5604	23164
991	9787
2242	3718
2967	9015
1778	11014
399	4983
6152	6227
80740	171169
2064	6714
11014	23046
5928	8085
3148	8125
6152	6181
10575	10693
4067	6776
6790	84962
9716	11325
3915	10130
8615	9570
9416	23451
6133	6159
9787	10403
9055	9928
4540	374291
90550	91689
55168	219927
6175	6205
963	966
3491	3693
6227	6727
10153	55131
6222	51187
2550	6363
2491	79172
6233	84133
351	78991
23160	84128
988	7112
3396	65008
79659	92104
10930	29974
56923	339403
915	3118
1524	55970
10652	11014
59350	94235
9341	10254
27076	154064
7337	26190
6233	25873
7094	22906
1000	1012
988	23435
4700	4708
6146	6230
57153	338339
3434	11274
3921	6155
3481	3827
6152	6202
4194	57690
7852	63940
4726	7381
336	3827
8925	197131
3240	5005
393	11014
10733	55142
1366	4072
6801	7871
6143	6158
1303	55214
6188	6203
1457	23411
5928	57459
6169	6227
26232	55527
5725	11338
6193	6194
2150	55970
5828	5830
23107	65993
4736	6171
6159	23521
3191	9716
1306	169044
991	55355
2799	23526
10890	23265
6182	11222
9727	23265
6130	6206
6453	10552
4670	10594
5880	9844
3685	196527
4736	9045
1062	1315
6169	6175
10618	26130
1933	9045
6175	6193
4508	4538
11157	57819
2197	6207
9793	22974
6218	7178
1511	4332
3109	3115
3912	51280
7311	64219
2033	7874
10592	157570
3688	6709
983	9631
8969	121504
9410	22826
27258	51503
29074	219402
6426	9879
6288	84432
219954	285093
3683	3693
1314	10959
3267	22848
1081	7252
6850	64170
2207	3937
6204	6232
3993	84612
6142	6203
4697	55967
6993	10755
6135	6144
10403	79682
4695	4725
8648	9967
6173	6228
6208	6232
3371	84141
1788	57332
3303	10963
3105	6737
6143	6201
3683	22918
6139	6156
1991	8635
57662	144100
4599	4939
2975	9329
1933	6154
6233	22888
3836	10971
3355	4889
778	783
6188	6204
3685	3693
3320	10787
23291	83737
6136	6189
11343	57552
4317	6947
8729	10945
1133	9002
1453	126003
2695	2792
6165	10952
5347	11004
22918	79895
10540	121441
6147	6235
3107	5696
388	399
3190	10921
6143	6168
971	29760
3886	286887
6129	6143
1435	401138
6181	6189
2358	57413
983	3833
5879	257106
64386	84329
6193	6233
1060	55320
25926	51096
54620	64708
5861	51014
719	8895
23322	80184
54821	57551
641	5424
4171	11073
6169	6208
7328	9690
64386	199675
8189	23524
7525	10298
8337	121504
57153	160364
983	5519
1058	151246
5930	84961
1660	3184
8570	22894
721	3426
6142	6169
3710	10235
1937	6222
1116	1669
6185	6729
197	2153
3202	3203
3683	326624
6165	6229
2912	5173
5878	8411
567	3659
6208	55127
84962	126374
9564	54518
5202	10471
6164	55176
392188	645402
3013	8351
8189	23636
1495	1499
10109	54874
2935	6170
2131	9672
3675	3688
6194	23521
1460	4086
6138	6160
29984	55843
3681	22801
1656	80153
6201	6207
6133	6207
6175	6202
8106	220988
10965	641371
2197	55127
11222	57129
6632	57819
6154	6230
6233	10111
4709	9551
9295	22794
4670	6434
23601	338339
8655	60673
5493	6707
302	23526
8976	29763
7314	26263
10540	11190
3491	5954
6132	6227
4948	7299
990	5422
10232	154064
1347	4726
7272	9833
2237	6240
6194	6233
4008	22954
9349	25873
4174	7298
3054	8314
344892	347468
6160	6164
6176	6727
10693	84617
6135	6206
2521	6421
7514	81930
2788	5368
6428	57819
6224	9349
4069	8635
84418	160364
55182	63891
4141	6301
983	129401
8243	9126
11116	440145
6137	6223
4175	6118
6141	7311
11098	84141
4715	4718
127385	344892
6227	6233
846	4829
1915	6147
7184	84141
6207	6229
1191	10916
6207	6232
3921	6138
3178	27316
174	3827
6122	6228
1062	10112
8453	8945
6194	6234
8349	8365
11218	79084
64946	147841
6122	6223
657	659
8886	23560
2033	8243
3675	3909
5338	9744
10735	23279
930	5336
5872	51715
1347	27089
378	55605
6129	6201
8688	286887
945	64386
3185	27316
4176	5111
2268	4301
6133	6224
6159	9045
9295	84950
3675	3693
197	462
6610	7132
6602	57492
23160	64318
3066	9014
1058	55143
6201	6227
6125	9045
6133	140801
6128	6224
8295	57634
6129	6152
26476	344892
3434	55008
6154	6168
344	9672
6137	6233
4005	4602
10919	79813
9793	23047
23423	54732
5518	6167
4508	4541
6734	58477
6434	27339
5439	10980
604	933
3903	7226
6144	6161
6122	6160
990	5985
695	5777
51081	51649
11236	79139
1537	4715
367	8349
7337	54778
6850	118788
701	23047
5335	10920
10767	22894
7316	27183
1291	1295
5393	10767
522	84833
23582	25949
187	5473
10540	27175
963	5795
5697	6750
5717	9020
9045	11224
23063	57082
728	50835
6430	8175
64151	83540
8881	29945
695	5336
2912	4889
683	94103
54778	57542
2099	7031
23279	57551
1455	89780
65055	138883
1783	2801
10618	23431
1500	4233
5590	23286
1994	3191
2810	4486
1601	6453
6169	6202
1950	8322
4707	4717
643	1268
259287	259293
9727	55770
23301	30846
3183	6426
6206	7178
6193	6223
9320	57542
55252	55777
6233	653604
6164	6206
4171	81620
5433	6426
6133	6154
2491	55055
6122	6161
1431	2747
6203	6209
10949	84991
6231	9887
2189	7517
9133	81624
4067	7409
64106	347148
5286	6233
5422	79892
84549	84946
79867	121441
1956	3912
3718	7297
6160	6201
1108	3094
163	9322
1956	10552
2801	10427
6138	6141
2155	2159
1937	4736
187	1233
50506	405753
4736	10399
1292	5033
51	5194
6138	6206
672	7153
6167	6176
1062	57551
3717	4352
2197	6233
6156	23049
830	6711
1292	7373
6138	6142
11338	23511
3133	6891
10112	23095
5438	27258
6141	6189
1938	23521
6157	6207
1537	54539
6209	10952
6129	6167
4736	6229
9700	64682
6161	11224
3663	23321
6132	6173
2444	84766
5433	53981
5711	6233
6144	6201
2783	6752
6385	7057
5048	79003
1793	100423062
9611	23118
1774	1991
1536	2204
5878	9341
8560	196527
4940	10964
23275	23509
1894	10112
5557	54962
4701	10975
23397	56992
3312	9128
4697	27089
813	3912
1445	54845
4069	116844
9183	113130
10432	23435
3921	6175
5433	6619
7124	10673
7311	56288
6688	7805
9320	197131
10426	440145
988	51362
5707	23526
11098	51280
4736	6125
6147	7178
6141	6222
64761	83666
8189	10921
6147	6173
1956	3918
4297	23269
3113	4261
6194	25873
6222	9045
6161	6202
1495	3799
6908	8812
11004	64151
988	5985
23014	80176
1500	4646
7098	7311
6136	6233
462	2155
1894	259266
6137	6139
5695	7979
27340	51202
5777	7409
324	5529
5435	5451
8924	10489
4670	10523
10959	11014
4839	6156
2149	2151
6262	11069
3855	144501
6201	140801
2521	3181
521	29796
3619	10274
81	55243
3937	11184
6160	6169
683	338339
11102	23160
3837	55706
3683	84329
332	9793
4514	4519
5368	50865
2132	2817
27077	55835
2064	7525
1781	57545
5970	23291
8131	64121
25929	57122
25820	317649
641	5426
6171	6228
4710	4724
1500	1739
891	9232
2359	11251
1660	3181
3688	5747
84261	154881
3725	9070
6830	85403
5111	7298
4736	6188
1024	1050
324	5699
51602	84946
1524	10316
3984	54434
55970	63940
4591	11059
29984	54509
1500	7409
6181	6233
3683	5023
6130	6164
636	22930
389	1894
4738	9978
3444	3451
5094	5725
90	4088
695	3725
336	2266
9475	9826
3683	64386
27257	57819
3267	10254
23279	81930
1660	2130
9793	10403
6122	6205
388	23370
8976	55243
25885	84172
4886	4889
51081	51264
9557	57804
7167	51071
5430	6601
6169	6230
3181	10713
6155	6204
1857	55361
5715	7979
11245	55970
6168	6205
6142	6157
2107	6137
9730	23304
6133	6142
9045	10399
9330	55814
3184	6427
6146	6160
2932	5704
1173	10552
1727	5707
1639	10540
6132	6204
7098	10695
6830	26043
5433	51362
6201	9045
64682	84085
53831	196883
11176	79595
6202	51187
2935	6176
6169	11224
6122	6135
4706	4717
2197	6230
8568	25926
1237	5173
7311	140458
7919	10236
6700	26239
50835	259287
1605	3909
6193	23521
4069	51646
3854	8689
1956	54874
6232	7458
4751	10112
2242	10371
1536	4689
2132	375790
3074	10577
5865	23011
6428	6430
11127	64837
2071	9015
2185	375790
56949	57794
1665	9128
338	3698
2873	8945
24137	259266
11128	84172
1783	6711
4738	9616
1783	51014
6442	6444
6207	6233
4588	192134
930	933
3688	9564
4210	9051
1062	9793
4172	9700
3685	4035
7316	89910
6194	6223
5519	6801
5985	83932
6139	6143
164	55330
830	11014
9439	23097
6157	6209
1111	4172
83540	259266
5441	79035
6136	6218
5795	55754
9410	29894
11103	51575
123904	146183
51465	51676
3687	8514
2932	3611
10112	10749
6208	140801
3192	23350
1937	6142
4670	5094
51003	400569
1645	8644
5471	10606
6152	6168
4173	4175
81797	344892
905	6667
988	56852
4713	4715
5516	81930
813	11098
4736	6164
1915	6205
338	2262
6218	6227
56165	91646
22984	64318
27258	51639
57794	220988
5093	27238
3075	3078
23322	57545
5518	6133
462	2159
7311	23586
6307	51478
7110	10466
5093	27316
3192	10921
11190	22919
6155	6229
6208	6224
5170	6197
966	8514
5093	6626
55970	196883
6830	22916
9436	9437
6141	56915
5528	151648
23295	140460
6850	9564
6147	6159
3633	29984
9367	201475
779	783
6207	6228
8453	9820
3326	7415
6230	9349
890	4999
2792	5145
23291	26190
6194	6203
6141	6203
6156	6218
6155	6158
381	23046
4852	283869
6194	6202
6133	6204
4736	6194
6143	7311
813	3371
3921	6147
6202	6232
5880	7454
213	5265
1595	4047
6147	6189
11091	81887
3698	3827
1230	2826
1829	11187
9371	24137
6136	6164
6147	6202
783	27091
6175	6207
6173	9045
6036	23526
5747	8976
22930	25782
25942	51317
2207	2212
7317	51343
6204	140801
2099	5241
8689	121391
6202	6233
6184	29927
7272	10592
6139	6164
378	10282
338	51156
3048	3050
24148	51340
22918	64386
156	55970
6130	6229
6232	9349
10920	26263
322	333
10121	10844
4512	4513
1793	7409
3640	53831
4736	6139
5747	10458
84085	84261
117	2792
8969	85236
9879	10250
6141	6234
57787	261734
4125	8635
6205	6230
6502	136371
60	5879
2197	6201
1088	160364
6144	6160
3949	5869
10615	56992
1783	10540
973	29760
6167	6201
1029	5925
5710	51686
6233	140801
2065	3691
9700	23122
3688	3693
4085	55166
11222	56945
3191	55749
2799	5707
26155	117246
712	714
3181	51593
6130	6230
23122	220134
79339	344892
1386	1387
1911	57504
23160	55720
996	25831
9757	26523
6133	6193
6138	6175
6142	6230
1329	1350
2064	2065
7476	7477
2244	3827
7082	55243
5571	60673
4508	4536
1981	6223
8895	326624
8452	200734
5873	80184
5591	55183
2683	84061
6921	55284
9844	10787
3672	3688
5433	129685
6672	79097
6155	6157
3283	6718
1398	10818
5879	6385
3190	23435
6181	6224
34	6256
274	54874
5905	6232
2359	5473
6124	6232
391	9901
5747	7456
6227	6232
6152	6154
3015	10284
6343	285601
6146	6233
23601	199675
1915	6124
23028	23186
9775	79902
10022	259292
4353	56729
4171	5422
6432	6434
659	9765
3685	3915
3853	3868
51692	55339
885	2922
6224	6727
8334	8349
6158	6203
4599	10964
6209	6232
161	5286
1639	10121
5528	9126
8317	23649
399	7204
3109	3111
10735	57551
5093	57794
5119	9798
9739	26523
6157	9349
23223	79711
9276	11070
6128	6206
336	338
9128	51340
1915	6228
988	51692
1933	10399
4436	254394
974	1445
6235	140801
11314	100049587
3594	149233
3111	3115
6159	10399
7469	9656
55970	126006
1937	6130
6748	90701
6189	9349
6130	6189
7531	10383
3689	7226
84418	100049587
4067	4254
3914	5829
4519	4536
6122	6139
5528	51143
3183	6428
130340	152503
1793	10458
2695	7434
5094	84991
7919	23511
5149	388531
10733	79959
6790	22919
64963	92399
7936	404672
6223	25873
3710	5575
6142	6170
8886	55127
23533	55970
6135	6232
23325	387680
6155	6206
1213	8976
3274	285601
6135	6160
1774	5199
10970	22918
988	4436
10332	30835
6208	6223
6176	7178
6156	6235
6426	6430
7305	9436
6136	6161
6170	7311
23279	23511
3660	10475
5693	5705
55835	79866
377	9493
1511	6037
156	7852
9730	84085
8074	8404
521	1329
6208	9045
3915	11098
1395	196883
6209	6229
6168	6207
11190	121441
3921	6208
1933	6135
219968	285093
8514	53831
6122	7178
4686	5725
1269	8698
988	10403
212	2038
4116	29107
4353	5657
5093	55749
351	9002
10907	51690
6136	140801
5933	132660
26190	54165
388	51291
84902	121441
1915	6144
6144	9045
1778	84902
6923	23198
3619	10403
3559	8651
53917	64284
10426	11064
4088	25937
23304	80204
6152	6201
3017	8341
2237	23649
4700	4726
6133	6138
6125	6194
23310	64151
2804	10945
6165	6167
8841	79685
3921	6232
6168	6202
9787	10112
6138	7311
4670	23020
5519	51400
6223	7311
5928	57690
6181	25873
830	10282
1081	3623
1457	7153
6233	55008
800	10398
9040	10517
2243	3026
51575	79954
3192	7536
8085	9757
6139	9045
1435	84141
6141	6175
3184	10181
2517	2720
3915	4233
55755	261734
8321	8322
153	6344
6128	6164
3479	51097
2932	5529
84131	347240
26123	79867
6232	25873
1453	23332
6135	6233
3190	5725
9276	10121
56929	79176
6181	6206
9410	10946
3838	6790
6181	6223
4670	51692
8729	9276
10075	26268
4736	6193
3937	7462
6159	25873
6189	6218
7846	203068
27252	55585
4297	6045
6159	9349
23160	23404
51098	83658
389	394
5705	5718
695	2268
796	5745
84676	140456
7040	57530
6432	10189
5880	8324
5707	6386
53905	90527
6122	6155
57082	220134
990	8697
5660	10970
2792	6752
6147	6232
54474	121391
7311	23291
1933	6165
5879	50807
4102	158511
9493	10749
6205	6229
121391	286887
6635	23524
705	56919
3850	3860
6173	6202
9972	23279
7164	152503
2243	51156
246	11283
4288	26586
9934	27199
963	6518
2197	6227
4736	6208
4057	10321
890	10733
10102	51021
5422	9126
6142	9349
10155	201514
3856	3880
6181	6230
3796	151648
6201	6233
6165	9887
3687	441864
6161	6193
6202	6204
9793	23279
6227	140801
55970	60675
6431	10482
11339	79172
9371	11127
4584	9245
6164	23049
6885	23118
2209	10787
6141	23521
9341	25977
1387	6938
6138	6167
201475	326624
1329	7381
5861	81562
4701	374291
6144	6208
6161	6181
6233	440689
6146	6203
1290	1303
5862	8548
2691	5739
55884	115290
9666	115290
7919	27316
2792	2918
197	3827
10274	51143
11258	93661
6164	25873
2197	6138
5439	6923
6160	6232
57678	253558
1453	6228
6135	6218
64708	80204
6203	9349
10540	80184
1277	4060
9320	51132
6146	6165
2672	6688
1445	9564
8449	79869
163	6453
1660	10713
8329	8337
336	4036
3071	6461
5624	10232
6135	6224
4040	8324
640	7525
26285	149461
1088	2358
891	1022
1908	6863
2938	2939
238	943
2243	5005
2792	65055
274	1956
8349	653604
6144	6159
6161	6204
6218	6224
51602	84549
6152	6233
10274	81930
9371	9493
5331	222545
4343	6233
53339	57531
6129	6160
8453	54165
6124	6169
7311	57674
1660	3609
3685	6385
4709	126328
890	51053
56945	57129
148	886
945	10857
1660	9716
7311	140801
6185	7841
672	4439
3688	7045
4686	25920
11065	83461
10484	51014
3071	10787
10285	53981
6210	6233
2798	56923
10920	150726
9133	10615
5347	54820
846	259293
79050	317781
6498	64750
2840	4986
6133	6168
6049	10193
8243	9793
6204	23049
7466	10970
6165	6176
56670	59340
7311	23014
3713	6699
5339	6133
7204	10316
6156	6207
553	6869
5697	6376
1601	5878
6168	6169
351	8698
6227	23049
5707	10383
1778	4735
2521	6434
51203	55143
4736	6224
1063	3832
5707	6790
1350	29796
1302	1310
4173	4998
6128	6135
7409	9844
10890	51552
6222	6229
595	4067
116541	219927
4734	22954
9739	55904
5879	9046
4853	6233
1660	9343
8687	8689
1062	2491
2521	23020
6139	6152
9378	54413
1439	3635
2205	5335
7057	56999
23122	23279
6168	6232
826	831
5094	9416
701	3832
4736	9349
344892	390064
950	22905
3192	79869
5426	9126
7536	55749
6432	8106
9700	23397
6122	6176
6142	6189
1387	9757
6130	6161
4736	6181
3084	85440
6714	7311
26290	56667
1497	23729
5528	57405
6157	6175
6208	6234
51234	55831
5707	5717
988	85313
1665	11338
8573	57669
7133	79895
6205	6232
56923	259295
10324	51666
9816	9875
3932	29760
11113	259266
317772	440689
983	7272
6228	9045
6232	10952
11196	126003
1453	6189
2064	3320
5781	10818
3482	22848
1269	56670
1022	2810
160	6233
2153	3481
6206	6230
22984	25885
3796	64105
3181	3185
3055	5829
23097	81857
55720	57647
6218	9349
2214	2215
146	84109
3675	7045
9886	84144
55166	387103
8365	8969
23142	26190
9493	10112
5331	27334
5725	8672
9927	10059
23601	57153
2268	6714
23279	25909
2535	2790
22984	65083
3909	9459
6124	6222
9782	10949
2790	9138
6159	6176
5093	10236
259293	259295
161	3482
695	7525
6383	10082
4514	4538
6124	6189
2623	6886
51350	112802
1933	6193
857	1956
6124	6205
5822	10885
23350	55749
332	151246
22984	57696
5094	27316
183	3357
6143	6169
3689	7409
4701	4713
5685	5705
9636	11274
1022	6929
2696	53831
2197	6210
6204	6235
6136	6169
79172	151648
10959	55605
6129	6139
4617	4618
5290	5781
8451	51514
8128	8703
4677	8565
2197	6189
4171	10036
583	27241
23560	84172
10403	220134
6850	7305
1233	2359
57630	83737
1387	9968
7311	55670
513	374291
7428	55208
4976	9927
6205	6234
3688	3913
932	3689
6135	6194
3796	5519
3192	5094
4540	51079
3836	3838
5928	9070
3796	25936
6142	6205
6170	6189
10316	165140
2537	8638
3911	3918
3122	3127
5950	7276
988	64682
2784	594857
3312	10808
4947	5716
4713	9551
348	5360
1894	5880
6189	23521
51258	64951
3308	9631
6156	6160
5439	6637
6128	6203
5930	7334
727	10022
5708	5887
11176	64426
3191	5725
3852	3860
2956	4436
8886	84172
1062	6249
80184	91147
2788	3269
2521	5094
10316	729230
6130	6204
945	966
1857	6233
6124	6147
5436	27258
5067	23627
1108	25942
3836	22974
389	4659
1778	9493
8663	728689
8449	27238
636	5048
1022	5887
2197	6176
10869	63891
6223	6229
2197	6727
3183	10949
25897	55175
6173	25873
6125	6129
2916	4887
5528	23279
6136	6207
972	3109
1088	138050
1398	6714
6146	6194
143279	154214
3619	151648
6218	6235
39	3157
353137	353139
6189	6223
2197	6168
1314	9632
1292	10491
7514	25909
1398	5781
7337	11275
6165	6189
5093	10594
1308	3918
5862	5870
1983	6176
23601	79895
7305	10870
9133	10403
6152	7311
6233	9101
51289	56923
1937	6125
64425	65083
1933	6144
2207	11314
7272	259266
6633	11325
1347	4695
3397	7057
115290	154214
26043	55666
6167	6207
329	51330
2846	4923
6707	126638
3133	3660
1717	6307
8698	59340
6133	6173
6156	6204
6165	6234
92	4086
6232	7311
3854	3861
2912	5179
6146	9349
864	64750
57787	146057
4599	51191
9416	53981
3799	24137
6175	9349
6167	23049
6204	6234
1337	29796
3309	7184
11017	22826
9833	29127
1781	5861
6157	6234
27089	29796
6193	8666
1398	2209
6230	63931
3853	196374
27229	54801
813	10130
2918	6752
2266	9715
8687	286887
6631	6637
6129	6194
6233	90293
112	7852
6144	6218
22918	338339
63891	64682
10926	63967
6692	6768
9702	22995
6142	6235
3190	23020
6205	6223
6234	23521
391	9743
50834	338442
6164	6233
2197	6159
7316	10920
1062	10051
2159	2243
9793	51143
6037	23526
4709	29796
29927	58477
6160	6188
1839	5782
5599	6272
1398	5747
9276	11014
4172	7298
3054	23269
1829	5493
6167	6210
5473	11251
50832	56670
163	9341
6158	6168
57647	84916
5930	23295
6432	10946
813	3569
2806	125061
56670	196883
10671	51143
857	3688
966	10652
7124	51330
55755	347240
4695	4708
84648	353139
9493	54443
6049	63891
1050	5925
1956	54206
4537	4538
6137	6209
4886	5733
4544	5443
3192	6626
2197	6218
570	1962
1062	9787
1962	6233
1432	6885
29763	51429
4116	6173
401505	100188893
891	6249
4736	6143
5422	10714
1937	6189
3092	3482
160	29924
6228	7178
4543	6751
6036	6037
2268	5783
1230	55970
5868	10618
51021	84545
6201	9887
6754	50837
6136	53918
6193	6205
2268	6503
3190	3191
1978	64223
6175	6232
1933	3921
6224	140801
10749	11015
2033	9757
6923	51755
5347	9918
50616	116379
23304	84085
9787	54443
51676	140739
4712	4726
6218	6228
1783	6709
3688	10298
23063	23244
108	6750
3185	7536
7337	9730
64386	79895
55755	57787
8514	22918
6176	6202
6233	23291
115290	126433
2197	6222
3912	4240
6147	6209
6924	22916
1062	5903
9662	10733
6122	6129
905	5431
6709	11014
6138	6194
705	51602
1794	5777
9742	23059
5435	55718
1783	6249
26005	26123
1476	10394
7027	7298
6147	6167
6154	9349
5706	5718
5023	5795
6152	6203
258	5179
2801	5861
22984	26155
9730	10425
6455	9341
8655	23601
11157	51503
9820	89890
6161	6230
332	3619
51676	64410
3688	3911
516	10632
4735	11190
6124	6159
6132	6208
2204	7133
3684	57153
3673	3918
3105	6890
5725	7919
9972	23165
204	4508
5795	6714
1783	54821
6168	6234
7486	11073
6249	8826
846	50838
3866	144501
5880	80728
7316	91445
5361	7305
10857	326624
5077	6663
6175	6222
1453	6231
3491	3685
5469	9444
2165	2244
8672	25820
6152	6222
1994	11338
6167	6209
8337	8365
5094	23020
6129	6188
4288	6241
1495	1500
635	29958
4641	23607
10618	79571
891	54908
4969	11081
389	51291
988	10574
6169	6210
6157	6203
7044	51097
10618	50618
4809	11325
332	24137
9730	10075
1859	10238
6160	6218
5411	51747
3355	4543
4519	4540
10193	26046
2935	6122
5440	80349
5438	6637
3433	23586
8027	51429
9790	22803
3008	3009
6229	6232
11103	84916
6125	6136
53905	405753
983	29127
111	9283
699	151246
55920	79023
5351	8985
8976	55971
6129	9045
3109	3119
10920	10980
6170	23049
6141	6194
5981	57599
10285	23283
55720	83743
4853	9253
3482	4905
23412	51725
1933	6224
9700	55143
6158	9045
6160	6222
92104	150737
7852	10316
7110	79571
6222	7311
6133	6144
5476	5834
867	10097
10236	10946
9757	23067
3903	7133
6156	6201
6189	9732
10403	113130
9055	10112
2266	5345
3134	3660
6205	6206
6157	6208
5879	5898
6189	6209
6830	9646
595	5694
5725	23435
199675	338339
4205	6925
3718	8651
10484	11196
4332	8635
6176	6223
3352	5540
6208	6233
3913	11098
5861	55605
689	4666
9700	146909
6135	6230
2204	8655
2813	55350
680	3358
5393	51010
10383	84790
6223	6227
186	4988
9491	200734
6138	6156
963	3685
3191	9782
3832	9585
1063	55746
8662	9669
5439	84844
6205	51187
6224	25873
1302	50509
3482	5868
5725	10432
3635	3667
3937	5788
8581	10232
1829	5318
2147	2153
5432	8450
9493	10121
6139	6142
6164	6167
5707	5708
10153	51602
10236	55339
1829	2125
1398	7525
6224	6235
10112	83461
51388	84916
2305	5518
6158	6230
1105	27161
2071	5985
6139	6144
2633	4938
6122	6206
1314	22872
6363	10563
4736	6158
4539	4540
2091	6217
5111	10714
1398	3055
9341	10652
8243	79172
639	3662
974	100423062
6124	6202
3832	10592
11100	11338
8317	84515
1490	25937
6173	6201
10285	10914
1911	23028
6168	6233
9277	51010
6249	54908
6205	27340
6159	6205
11325	84844
6210	9045
83597	390174
3184	6434
3764	10060
9493	24137
351	3913
6152	6159
1120	1375
23014	64410
4736	6175
10576	55970
23059	26146
26470	253982
3609	5725
25945	56288
6144	6194
6144	6164
6207	140801
570	23600
23279	55339
3884	3885
6790	24137
11098	147111
5048	5529
4588	56667
2935	6173
1793	6461
10236	51692
1949	2045
27258	83443
6125	6235
28972	90701
5980	56852
6234	23049
6157	6202
988	9126
4700	4707
3091	84962
5529	7525
10618	22848
9212	83461
1601	9341
23011	57403
2244	2266
3309	6836
5339	6189
10952	25873
5547	5660
6169	6207
1137	1141
1308	3655
5741	122876
133	2790
5829	7534
3912	5954
2771	3708
6235	23049
351	3912
6439	653509
4237	4239
1050	7124
920	3702
22974	121441
5796	6233
6206	6235
10285	10713
10919	53615
3192	11100
7454	10458
5590	50848
3191	79869
2521	57794
2968	9656
3006	85236
3185	23020
56902	88745
26046	197131
3655	3688
2033	8648
3135	3663
4670	9128
122042	285601
5747	10298
90293	143279
6130	6228
1453	6206
8698	63940
1432	7124
4116	6636
8243	55746
4536	4538
2224	6721
8945	89910
26589	51023
23223	65083
2967	51755
3837	348995
3240	5004
9551	84833
5469	10498
301	9002
6233	23168
10236	10432
3350	84539
963	57153
5433	9879
7525	10413
6135	6207
2967	9318
257313	387129
9156	55388
8334	8347
990	10592
991	5347
6234	8666
5725	220988
1453	6205
988	79869
6176	6189
3171	6927
5435	23524
2886	5155
6430	7536
6165	6170
10250	55339
6387	6754
2033	27327
1387	10498
3178	3609
4736	6144
6636	6637
963	5023
2475	6654
9883	23165
55720	84916
5441	84844
701	9793
6143	25873
6602	55193
1173	9341
4508	4537
1994	6418
1956	5782
1345	7381
29984	57449
399	57522
1915	6207
1981	6160
4707	4710
5266	5493
187	94235
999	3728
81537	259230
623	56923
1500	3801
6790	7283
6170	9349
1129	2912
6144	6203
4599	10379
6189	25873
4141	4677
3949	5868
3882	8689
11004	23332
990	9700
868	200845
10112	55872
6500	7314
566	6037
1991	51316
3301	3304
7311	57154
5879	10788
1511	1991
6203	6229
1500	7082
6157	6189
11190	54820
6129	6164
6429	9295
7305	23601
6426	10949
400	25839
4867	23322
988	10713
186	2913
3912	11098
23160	55127
4853	10046
163	5878
6173	6209
57542	65264
9021	140462
1950	7474
9156	84126
8349	387103
2956	5422
6154	6223
7514	23063
8729	10121
6129	6165
7335	55905
6128	6144
1111	8317
4700	4717
81	1495
10075	140460
972	5641
3184	3192
51289	339403
8312	53944
23658	27316
6237	10235
6155	6218
5516	5520
3915	5879
501	85007
6233	26091
6133	9045
5347	259266
10193	54778
811	5589
1050	51003
4116	6218
9793	203068
3689	3693
3909	3911
3543	7441
8843	27198
4736	6189
1521	10447
7514	9793
988	10592
383	56729
8337	333932
23350	79869
1915	6139
186	2914
6202	6230
6170	6188
5422	6240
3956	7076
4700	27089
6175	6227
6218	25873
9277	80135
90025	158506
6181	7178
6233	80351
4738	285231
1994	7536
6189	6205
6207	6224
26234	154881
57521	389541
153571	153572
84727	122769
6164	6229
6130	6160
6181	51187
2197	6209
79659	150737
24137	146909
7200	84634
6128	6156
4512	4539
186	4922
23047	55143
6234	140801
6205	7311
991	9493
6208	6235
6628	220988
3655	4233
64976	64979
10772	10949
993	1021
3191	10949
6206	6208
9493	9787
2790	5579
336	345
783	10369
1908	1910
6129	6161
6136	9045
6156	6227
3678	5329
4700	29796
6207	27340
9927	55669
4738	7979
6124	6138
156	9002
3433	10561
89910	90293
10403	51203
6223	8562
6133	6169
26523	192669
5435	6634
5330	8323
54677	83752
5747	10787
6142	6228
891	11065
8871	9341
6156	6169
5695	11047
7311	23049
3832	54892
5526	81565
23197	56729
6209	6227
163	8301
2491	3619
3119	3127
187	6370
972	3111
3183	27238
7428	10425
959	3689
3091	7316
5290	5970
5711	7321
4793	5714
5868	7879
6175	6218
7476	7483
5879	8976
6142	6201
2917	9934
9636	10561
6155	9887
3688	3918
5528	8243
6915	94235
8365	126961
335	4547
963	64386
5394	55127
2064	9475
79172	113130
11100	55749
5868	51715
3921	11224
6130	6142
122876	594857
4736	6234
6189	6208
2023	2026
26268	84085
27316	79869
3646	8667
1133	8477
1660	2521
6133	6175
8351	8365
6750	6754
28981	64792
10920	55884
988	4173
7153	11004
6130	6188
4171	6749
7862	54815
351	54972
10236	10713
3579	7852
2863	55970
2811	2815
6173	6203
23047	151648
4734	89910
7852	8698
746	1603
4708	4725
10075	23295
9039	10425
56729	126014
5501	25936
2519	5476
133	55970
6154	6170
27	1398
3903	11314
6426	6434
3184	10189
23309	64426
6142	6204
1783	10121
2625	7031
462	2147
5266	6707
4887	346562
84128	84946
4538	25915
6132	6168
1063	5347
683	199675
2243	5345
1854	4174
932	222487
1017	84515
566	1511
4281	4940
4736	6233
5928	51317
2107	6176
6170	6181
2865	6288
9582	27350
3832	10733
6428	6432
5199	126014
1069	8655
4738	59286
983	51053
6143	6222
4171	9156
1289	5118
6184	58477
6156	6209
10324	201456
6128	6234
3689	8514
9793	11004
174	51156
9887	25873
5880	94134
1915	6161
1290	10536
6201	6204
4726	7388
25831	80204
9276	10652
8565	51520
2002	6722
867	6654
7326	55819
51602	55759
6122	6194
10075	64682
1994	51362
6155	6209
522	9556
632	3381
4736	5339
4709	4724
226	5315
1511	4353
6168	6227
3185	51692
1933	6164
5605	84292
10097	10487
83666	151636
3482	26130
4952	9562
1017	63967
8615	10802
1610	4843
4519	4541
4924	10618
2475	57521
701	64151
10112	51014
3827	4295
5747	9844
6232	6249
1088	6556
7416	55669
55320	55839
641	7316
6161	6168
9984	10482
6138	6202
10615	146909
1395	122042
161	8650
81	9564
6605	29117
1129	5173
3192	10492
1933	6201
1902	7852
25	5893
5001	10926
2625	3169
1499	5781
3685	375790
6635	27258
3359	9177
84861	143279
4707	55967
10992	27339
6135	6202
7175	23511
6147	6168
3190	11338
6036	51316
6146	6169
10112	54443
3915	59277
1362	9698
2885	3563
472	5429
1861	27348
4171	4172
5829	10458
6599	6602
5609	9181
1291	55214
9877	100381270
6160	6170
1991	6036
23095	64837
226	2539
302	10383
7532	80097
54821	151246
6632	51503
5339	6194
6146	6161
3796	23244
5903	9126
5708	7316
6122	6141
6161	6224
6491	259266
6453	23149
983	7321
699	1062
84231	140460
389	114793
6204	11224
1603	58505
6633	84844
6205	23521
7316	10552
3685	8514
23160	56902
226	7167
8322	9341
9055	9493
988	3837
514	4695
8615	9276
9551	9556
472	51426
7478	7479
6175	25873
6621	79035
1495	1969
4208	5533
409	950
1937	6207
6631	6635
5869	10552
25831	57542
4540	4712
4173	5426
9320	51088
1398	10152
55832	115290
640	5079
1435	8542
6850	10787
11338	27316
10552	23149
22974	64151
4998	63967
5929	10238
8648	9282
6207	6227
23327	79176
6161	6203
25926	84128
5717	200734
11314	160364
6222	6234
637	3002
26146	79989
1154	23014
3908	10319
26239	353133
811	3309
5869	7311
1902	8477
6224	6232
1511	8635
6147	6224
23244	23332
701	10403
23295	54620
64928	64979
6418	7514
1981	6233
5880	10298
3836	7534
6208	6210
5054	5327
6169	6233
2033	6667
6601	9031
6133	6143
57479	58506
6146	6181
2740	94235
6152	6176
1062	3619
6135	6164
5519	10274
1942	2041
328	10038
1329	1351
3978	4172
29894	51593
1956	2059
6181	6205
174	2266
1241	29933
1660	10236
79685	94239
1398	3320
8175	56949
10663	259292
23112	27327
10945	10959
11314	79895
6130	10399
2810	3918
1816	3973
5339	6157
6168	6229
701	51203
8329	8349
6230	7178
9348	10082
119678	344892
6142	6154
5529	55055
57082	348995
9675	57521
9716	51692
6890	6891
4067	5294
6167	6170
54885	152503
2204	3689
51317	57649
3512	57050
57111	64284
9349	140801
6997	10637
6146	6229
10914	79869
6144	6228
4588	140453
6130	6167
6143	6208
7272	9700
8826	128239
197	3698
1062	54821
9128	11338
6235	9349
6164	65008
6202	7311
4678	83879
389	89846
6091	7852
10943	54556
701	8243
22954	64219
904	2967
22905	29763
6133	6234
6137	6234
29984	171177
1132	53637
6146	6224
10905	23193
6130	6194
4116	6206
6136	6224
6218	55127
5903	23279
6147	11224
6155	6168
5339	6234
8349	8969
9739	25942
57105	94233
4638	4659
4735	23332
3434	10561
1291	3672
9343	27316
1062	5516
3163	222487
6152	6208
2197	11224
6167	6232
10574	10575
8243	23244
9277	84946
3181	3191
5869	8027
28998	219927
990	84515
152	11255
6137	25873
5701	7316
26338	65055
3071	5747
6925	6938
6159	6169
9730	10293
4540	4710
6139	6235
1462	84141
5347	5905
22974	24137
833	4141
2243	2266
3362	5443
377	10540
2788	5331
6202	6227
6205	6208
950	8976
1230	2790
1994	23283
4709	4710
6138	7178
11014	11015
6144	6223
10466	10618
5519	22919
2935	6209
11059	23291
3663	4281
6222	6227
683	79895
7226	199675
1080	2147
9738	132320
4998	8317
3356	6915
7133	22918
6222	6235
4694	4724
389	6453
10992	79869
10733	84131
10524	10714
10693	63971
6228	11224
695	3937
514	4700
1062	23095
7337	8925
1991	4125
6182	55052
5584	117583
7249	7532
6125	6201
338	4973
6453	8027
1191	2162
6169	140801
2359	5196
1933	6207
23122	25936
6136	6155
6129	6135
928	3688
891	1783
92170	503542
6122	6189
3376	4141
5082	10574
7409	10787
6232	23521
2537	9636
4736	6203
4171	55388
6132	6224
5869	8976
6165	6209
6635	51690
8295	79595
332	22974
5432	79923
10885	65083
932	326624
3486	11167
1116	5199
6122	6175
6233	57154
6164	6175
6137	79707
6237	7525
6181	140801
1462	9469
5872	53916
10523	11100
10102	28998
7311	64750
1908	84432
11064	27077
399	23526
10489	22888
6194	6206
999	4646
5861	10890
60	57591
3689	199675
10121	57545
5707	64750
6427	79902
1933	6233
5610	23586
2791	115557
8969	440689
9126	23122
6453	9341
2491	6249
1455	2810
6168	6208
29933	55970
4609	7022
1660	23283
9700	29945
891	995
3855	3866
830	1781
6181	6218
6233	257397
6139	6147
2525	10331
5781	7525
9133	57082
10885	27042
197	2266
6167	6233
50832	54429
10250	27316
3127	4261
23601	160364
6272	11319
6170	6222
1749	1750
1880	55970
5885	286053
6667	8648
3190	10492
55124	221400
3833	9793
1871	192669
6207	9045
5829	7525
3655	375790
1500	1956
6201	6234
7456	8976
1314	10802
8689	286887
85476	116540
1292	5352
10403	10615
2048	5998
5149	54714
26190	65264
1234	4544
3688	23209
6233	6498
3091	5708
6204	6228
5928	192670
7532	653784
991	22974
10749	51014
5984	7298
8337	8347
6203	6228
3859	125115
6229	25873
197	336
2033	23013
64981	116541
1991	4353
3688	3914
6157	6176
3133	10475
6228	27340
6170	6176
6138	6139
1857	5699
4905	9527
1303	5352
2519	11098
7133	8740
683	23601
2131	6385
4541	25915
6637	83443
2033	5929
5747	375790
5903	23511
7409	7454
3973	104909134
10022	56923
8729	10959
6209	55127
9879	53981
6223	8666
6139	6165
3619	113130
8655	338339
5610	6774
1933	6210
2847	4985
3190	6421
10236	10492
9879	51362
25	5159
746	100128731
22974	81610
22995	55755
2892	2903
27042	55127
6136	11224
9276	51014
3559	3560
5438	9978
6155	7311
6233	27327
3827	5020
1292	3688
6613	7341
6173	6229
50835	50838
56902	84916
2916	346562
25942	57690
4116	6160
5930	140460
8453	55832
161	6233
6142	6193
6165	6224
8602	55226
983	2491
2064	2886
6152	6167
5878	10552
1829	1832
932	8514
6125	9349
372	9183
6142	6165
1956	284119
6169	6206
988	8243
160	22872
6418	54892
23160	79954
9904	57647
2537	3437
5336	79837
636	23299
1915	6189
7375	8717
1365	24146
10640	55770
153	6343
2197	6136
23326	79595
6455	8871
55142	440145
23160	56919
6122	6173
81696	344892
1991	116844
4712	4724
1398	4233
1490	10413
1832	5493
521	4726
6218	9887
7133	10970
25915	126328
108	7252
7314	64320
6117	7156
719	945
3002	5551
3852	196374
8065	84259
6207	6222
7536	84950
50835	51289
2837	5331
3918	5829
4088	7048
5519	5781
4519	4538
123099	340485
2177	11073
6146	6156
4735	91147
6142	6222
399	9459
10613	11160
10181	55696
6136	6160
351	1234
4148	11098
8243	9700
1933	6159
3434	55601
3875	3880
5869	25977
2982	2983
3833	9700
6133	6232
6147	23521
5868	10890
983	79959
6152	6173
10592	23310
6160	6168
2801	5862
1398	3685
3619	23511
6210	6228
6158	9349
6152	6165
2197	6160
22984	79707
963	10970
22984	84172
8542	84141
2197	6234
3728	5493
7316	55669
1394	3973
6159	6194
4694	29796
2197	6167
916	940
6175	6181
2691	59350
6169	6173
79019	85236
4540	4694
988	10640
6144	6204
64750	115290
6133	6161
6157	6168
4313	4323
4538	4539
8365	653604
9690	84231
1910	6863
5694	51330
2178	7398
2197	4116
6128	6207
54778	84231
996	5717
3437	4940
7846	57545
57405	348995
4312	4314
6434	57794
26259	55819
1781	121441
6144	6165
4332	5657
51143	113130
3688	91522
6223	6232
6152	6232
7226	79895
6160	6223
23332	146057
9570	10802
6202	9732
1781	10540
10594	23450
988	10236
4736	6209
2220	5648
6143	6175
3912	54972
10285	51692
3920	80331
6176	6218
6142	6223
2064	7311
23112	84441
5699	23198
9320	26190
9320	23291
6182	51081
6229	9045
4998	5426
2521	4670
23244	57551
79869	84248
3921	6204
6168	6203
57531	90025
6601	8289
9604	9867
6619	10623
5903	6633
23279	57187
3921	6128
4357	54205
7409	27071
1062	29127
285093	391211
10575	10728
6272	9500
3355	5179
10236	220988
4724	4728
6173	6234
966	51014
6309	6713
988	55183
6138	6147
506	8802
643	5368
6147	6191
10618	51246
4736	7311
3683	3903
6161	6167
6143	6232
4067	7462
26263	55884
8450	10401
6130	6232
5718	6790
932	3903
4141	8565
6159	11224
830	1604
391	171177
2848	6343
2912	4852
8365	8970
10426	55755
963	22918
6141	6168
3017	8334
6187	10557
6863	23620
983	219771
55339	79869
623	5737
5328	10396
4717	29796
6232	6234
1536	3903
6138	9349
8648	9968
3675	3685
6130	6165
5903	51692
1660	4670
6135	6193
5529	151246
1650	6745
6210	6235
1915	4736
8600	50964
3996	5584
6130	6235
5034	5611
55901	170692
4540	4695
4586	140453
3909	4233
1915	6204
2801	10802
5861	10484
6210	9349
274	5869
10053	152503
3684	22918
6173	6206
8349	85236
5338	11145
1783	81930
27241	166379
5896	5897
9276	10959
3181	220988
2767	5330
6137	6154
6201	114987
4709	4725
988	9774
1669	8993
5192	11001
6128	6160
6138	6205
890	10460
10014	54880
523	155066
991	4734
6135	6204
11004	24137
6128	6159
3312	129401
2625	5241
2792	219438
6257	7068
2776	2788
4707	54539
6047	23291
81	5868
11021	51762
344892	390059
1268	64805
23291	54165
2792	343172
55759	84154
5707	126374
55839	79023
4710	4728
26146	55112
6667	25896
6189	6201
6206	6222
887	3827
6233	9732
11064	55835
6136	6157
3921	6209
3827	5345
6139	6224
5706	51053
9533	112495
111	3354
4670	7536
831	3688
10681	338557
996	65264
115106	440145
3796	5903
6135	6139
3434	8638
50813	55884
945	5023
1933	6136
967	4033
10403	55143
699	3619
4512	4535
51	55825
6122	6157
3185	3191
10133	10540
4298	23168
6209	9887
6143	6160
1665	10885
6136	23049
10153	79954
335	3827
51650	64951
10574	22948
9322	22905
2071	2967
29796	55967
6635	83443
6602	6605
6143	6194
10199	84128
378	10959
4173	6118
2186	8467
1956	9341
146	886
10885	55127
9493	55165
1327	29796
4599	4938
6222	23049
5196	94235
915	7535
4585	200958
22794	23398
3689	84418
50838	259292
595	5707
3350	4988
6189	6227
6235	25873
6629	10189
2071	5887
846	3357
6169	6232
3304	3337
10403	57082
2997	6233
3673	3909
2975	11128
988	10657
84902	91147
338	2266
8945	11059
5829	64098
8881	63891
8698	196883
1991	5873
6155	6169
988	3987
5432	7316
3375	7253
9322	9341
9967	9968
10094	127833
117	2695
6141	6228
1794	4067
7532	10142
7311	9856
6241	51203
6850	23533
6128	6230
695	2207
4998	55183
2918	4985
5708	64750
3667	5293
10681	51083
7421	11198
6193	6230
54845	80004
79600	80184
331	6233
6207	6234
4700	55967
6625	10236
6193	6227
6130	6208
3685	160364
6637	51503
887	2147
301	7852
55279	285237
6772	83666
4695	4709
3185	10949
6132	6222
5529	81930
2968	9557
6157	6223
55131	64318
1605	84892
6125	6160
4173	7298
55839	55920
274	23149
996	9491
3267	5868
2197	7311
2197	6135
5116	27229
8895	10970
988	3066
92	7049
6152	6164
990	9156
5905	23225
3043	3045
301	55970
10274	220134
9564	10044
4724	27089
7158	7311
4620	8735
4689	5880
6181	6234
6209	6210
11014	51014
274	7316
51206	80739
10250	79869
2962	4298
114	1814
55759	84128
6128	6231
6128	6136
1511	2990
391	27237
11137	51187
5880	84144
6144	6205
6155	23049
6793	8514
10489	55832
10772	27316
5693	10213
2843	151306
10097	26130
5501	79172
8661	728689
1645	1646
9700	10615
7316	8325
1595	3157
391	55843
6426	53981
6129	6170
6146	100529239
8329	440689
2207	7226
3115	3123
9738	163786
22984	23160
163	25977
5747	6237
966	3689
10250	23511
3437	55601
7414	8993
2769	5335
7314	10980
8514	11314
1736	79050
8189	11100
1445	26191
1434	3836
6128	6232
2811	2814
6147	140801
6142	6176
10713	11325
6164	6169
1741	26037
8689	9119
1121	51715
6363	6752
6128	6138
6632	10465
8189	10181
116372	257194
27242	85441
945	963
9870	65264
6159	6161
5347	9793
2243	3698
4751	10133
9725	84443
4539	4541
55829	58515
5700	5705
7316	8673
6047	9604
8351	8363
695	6850
6207	7311
2521	3192
55008	64750
4288	9700
6181	6222
6160	6224
10133	81631
6124	6230
4512	4540
6173	6218
4710	4718
6434	8175
5929	9757
5441	10980
8453	51122
4540	4707
6790	10112
6169	51187
4712	55967
5347	10112
1536	10970
6233	154214
929	3689
3921	25873
3689	10970
671	4353
23283	55749
1738	4719
6138	6203
84366	360205
6160	6176
6657	63978
6167	140801
9631	9972
4116	6170
6429	6434
3903	79895
6122	25873
316	4837
5439	51755
6122	6202
6205	53918
5930	55294
6233	55666
813	3491
6209	25873
1116	4069
23160	51602
5310	9727
5318	11187
4735	121441
11345	81631
1783	11316
2801	51014
930	973
7320	7322
5746	59350
26589	28998
9221	23160
5460	55211
8775	9871
8976	25977
7316	25977
7311	8450
1453	6201
3356	94235
6207	25873
5880	64333
1660	5725
23149	115548
3308	10808
5741	594857
2967	9646
846	10022
64981	116540
867	8301
637	4170
6138	6228
9133	55355
6170	6208
3109	3122
226	2821
353132	353133
64951	64976
2782	26086
7249	57521
6637	11157
4889	6751
6160	6167
22845	57171
514	4726
8704	55624
7003	7005
7779	27173
28	2524
3437	10964
351	59340
6698	6707
113	259285
4700	4724
2633	3437
5269	5337
6147	6203
4724	91942
6143	6164
9968	23097
5861	10972
6204	9349
896	6776
1292	1303
4736	6138
462	3827
2633	117854
6836	9276
22954	23014
4709	55967
3659	5371
3422	6721
146	148
5048	7531
10484	90411
963	3683
27340	84916
1665	84172
8687	8688
6173	11224
890	9824
3437	4599
5985	8914
9341	23149
1453	6230
660	5747
389	7409
1781	6249
1981	6228
10383	84962
3433	91543
6202	6208
54657	54658
6632	6637
1902	63940
8289	57492
1241	1902
1445	7525
54716	153201
991	54908
6141	6158
5688	8312
4125	6037
10769	55835
81	7791
1232	8843
6159	6175
55143	151648
3978	4174
81567	93100
6227	25873
131873	256076
9341	22905
1105	23168
6045	192669
4436	7520
2597	5230
10155	25888
10097	50618
1739	4646
6160	6181
5725	9716
5725	9343
23521	25873
6430	27316
6206	9045
4927	50628
4172	5422
9221	25885
890	9133
3683	10857
6158	6233
5795	9522
5111	5434
7058	9507
259290	259294
3659	54739
580	1111
6426	10250
2790	7204
999	3918
6164	6168
6227	6229
4172	4173
26019	51121
353137	353142
9055	11113
3199	8338
1072	5216
3688	375790
4508	4509
3107	3133
6152	6169
11001	338339
6142	51187
1116	1991
6155	6161
1233	5473
6138	6218
7514	23244
6189	6204
3909	3918
2957	6619
51289	259292
3312	10576
5869	6453
9690	221687
5001	222229
4839	55720
8945	23014
1876	10445
5004	5005
4088	64750
5529	79172
6217	11103
9883	51692
6173	140801
116	5746
6233	11224
3434	4940
4713	4726
3912	59277
5438	51639
3320	10383
915	3559
26146	64792
7057	7424
6125	6169
4509	4536
641	4439
3685	199675
6146	6168
5000	7311
3055	3689
6637	51372
213	5340
11224	23049
2242	8829
595	6777
5519	79172
10342	81562
6161	6188
9133	113130
3797	10112
8805	27044
6137	6168
10733	22995
6143	6181
51203	64151
287	6326
6122	6142
1909	2922
57674	151636
6170	6207
55629	65110
1783	29127
23304	64682
8969	8970
2197	9349
6194	53918
6144	6207
942	7525
4172	6118
6386	10487
2740	5746
6128	6157
5869	11021
3797	9493
1781	4735
6193	6232
886	2922
60	10095
963	84329
6434	7919
10592	54892
2792	122876
7109	51693
79867	80184
51023	55052
996	9320
3558	3717
6135	6176
6158	6170
3066	6045
23398	85313
6631	22826
183	50832
10155	284309
6206	6229
332	64151
302	79026
6165	6233
6156	6159
1386	6602
5868	5870
1902	2767
22984	23195
7337	25831
6194	6228
4736	6167
9459	64098
1161	51397
80328	116372
5516	7525
1500	51474
6208	6209
9212	10024
9320	140460
1291	3685
6128	11224
6154	6164
9820	90293
1962	7311
1454	4751
3565	3567
23279	51362
6139	6222
9126	25936
3017	8351
351	1269
55720	56902
6157	6181
23511	51692
56995	84085
6206	7311
685	1956
2804	64746
9716	55696
800	3693
9329	10621
3192	51692
8514	84329
399	5879
5610	23118
6168	6230
9276	9632
63967	84515
57530	100506658
2623	2811
2535	8324
6152	6157
6142	6233
1234	1236
6908	7027
846	6870
3169	55766
9632	22872
84231	197131
2071	6830
2740	59350
4008	57542
6158	6222
1398	10458
6556	160364
4609	7020
10885	23404
10970	54972
6124	6193
3912	3918
10272	11098
7424	8828
9138	55970
867	5781
9221	84172
5928	10013
6934	283149
51728	79622
6175	6228
6147	6157
23291	79176
6319	6720
3931	4023
23291	89910
4701	126328
6709	7430
9875	22984
7004	25937
8450	55832
1174	10016
1508	1514
1906	2863
890	157570
5529	5718
1161	51426
2072	7158
10802	51014
6202	6206
2521	10236
197	2147
5434	8349
57082	79172
8775	388552
25984	121391
4718	4728
5266	6699
5194	7311
1277	3685
9371	23095
1043	2350
2197	6175
8541	64130
598	6774
6633	6637
11015	23046
2197	6202
1650	7841
3312	3320
51129	85441
6202	23521
2268	5829
7283	22897
4116	6135
6168	6188
122042	196883
4724	4726
6208	11224
683	932
3998	22872
6132	6147
3106	5696
10316	50832
405	1387
7311	10952
988	9967
977	5339
9933	84365
6160	6173
6167	6228
10970	11322
3308	55706
3921	9349
6137	6204
23451	51692
2932	5711
9655	26190
9716	10921
6209	9349
1576	2326
3837	10575
6233	26190
6203	6206
6154	6176
5431	9879
57721	79872
4736	6122
9793	84902
4512	4538
283111	344892
4736	6154
6167	6230
5725	10949
8563	23225
7311	65264
1781	5516
29093	219927
10458	10787
932	51382
2968	6882
6139	6175
6173	6194
9136	84365
174	2243
1008	1016
5330	29933
1084	138050
3512	100423062
5529	54821
26091	154881
1991	4069
344	4023
54474	286887
3007	3024
55142	203068
8329	126961
3113	3119
6625	51593
3055	6503
58505	200185
6136	6208
6160	23049
8907	23396
330	637
966	11322
3767	6833
5880	27237
1000	7184
338	4036
6160	6193
351	29933
6133	6189
23322	79600
657	9765
6201	7311
302	6281
886	887
27292	84135
2521	27316
9044	55814
350	2147
51069	55168
1008	1013
5529	5781
988	9631
4710	27089
6229	6234
8329	121504
2150	5021
10285	55339
6233	83987
2784	2792
2359	94235
3181	5725
51725	142685
8085	9739
344892	390061
9833	11339
29127	64837
1001	1500
28956	57153
6165	25873
6430	6432
5116	23354
6170	6235
7536	10250
10285	79869
6233	55670
5954	51280
6156	6228
1813	6364
109	59340
6139	6232
377	9371
8945	65264
6165	6230
8976	10254
383	671
9493	11113
6210	27340
6631	51645
9700	57122
64792	150737
2153	2243
1295	55214
9791	81490
8683	10569
6209	140801
701	10733
3340	6385
1524	56670
2204	338339
9636	23586
1457	1857
54577	54657
1232	4986
5435	9978
6157	6235
1656	27161
1069	4867
2048	3055
6137	6161
3054	3607
3216	3217
5173	6751
4041	6422
6138	6188
2197	6146
51079	54539
11059	65264
10975	126328
353139	353142
2537	3433
2517	2990
8881	55182
7153	57122
1859	5928
3133	3134
6891	6892
2537	4599
11145	122618
3434	23586
5528	9700
5822	55127
389	57522
9611	9967
8905	10053
6138	51187
100	4907
3433	4599
9833	24137
22918	53831
6164	140801
56949	91603
7409	10458
966	2207
3221	3225
6129	6206
3015	5438
932	79895
4957	55755
6229	6230
1406	4901
5688	7979
4171	4174
6208	6227
2359	6370
9877	10250
3672	3915
6165	6208
6235	7311
3913	4240
26354	54475
7057	83706
6159	6234
5604	7529
846	2798
10952	90701
9969	23389
2168	3158
3183	220988
6157	6173
10272	84141
3659	10475
6139	6233
6714	10298
57405	79172
7328	23608
6132	6170
114	2492
6128	6201
6453	54874
6160	6161
6156	6168
6625	6626
54820	55143
3355	6751
1650	3920
4724	7381
6125	6181
6132	6169
11251	94235
3713	6705
5822	8568
4707	27089
9183	22919
3183	4670
972	3113
351	8477
8648	10498
2185	7525
720	721
5093	5094
5528	23332
6124	6143
1660	6625
112	57413
1783	24137
1195	57396
9410	84950
5584	55243
6049	26224
2790	27334
1453	6235
8689	54474
6142	6167
10112	24137
6160	6203
1781	9493
87	51097
595	6934
3013	8334
2524	2525
641	6118
1062	259266
84154	84365
55	154664
10427	11196
6135	6154
1981	6210
9371	11014
8568	22984
3921	6133
6133	6203
8993	10394
6709	126014
3619	9700
10236	27316
6160	9045
6426	6432
9437	259197
3953	6774
6161	6207
3640	387129
6155	6230
701	10615
113130	348995
10236	10291
5903	7175
6143	6176
6133	6155
6631	27258
3609	10236
3921	6165
1994	220988
1063	9793
10489	197131
6714	8976
999	1942
10432	27316
3396	51081
3619	5528
51132	54778
959	1432
991	64750
9972	23511
3921	6222
6167	6203
6135	6167
6176	6232
9055	9133
1511	6036
521	4713
6132	6136
6147	6233
6136	6229
10316	29933
5318	5493
6194	6205
4736	6206
1536	3689
10592	64151
8687	54474
388	257106
50838	51289
9039	10293
4116	9349
5708	84962
4141	7453
29088	51264
6154	6209
3909	6385
988	5591
10285	23350
9716	10713
6189	6230
3074	23197
2072	6233
10540	57545
3915	5621
5725	10492
4666	6137
4670	10432
7272	24137
1500	7525
6453	9322
2792	594857
6138	6169
3326	10576
683	2204
10291	23658
9341	51429
9372	25930
6133	6160
6731	6745
5594	10971
5868	22848
2177	2968
6168	6222
6189	6210
338	345
10491	85301
64951	64979
6205	9045
1364	1365
6157	6201
4686	23511
10376	10693
55320	401541
25929	79084
3685	326624
1314	10945
2920	2921
2197	6139
2186	23067
9126	23279
830	6709
79172	348995
580	10714
6222	7178
6147	7311
332	7272
9493	9585
6203	6208
29945	90025
259287	339403
5371	6672
11338	23636
7321	84962
3886	8687
6147	10399
6139	7311
55131	84128
6134	6202
6374	27198
2147	2266
9551	29796
11340	23016
79600	79867
4707	4712
22984	55226
54960	79833
2788	10575
26118	51088
7133	57153
55970	729230
81930	83540
25839	84342
8514	10857
6147	6181
115827	326624
4535	4538
23020	27316
5518	5976
81285	285093
6456	9892
11064	23354
2058	4141
23511	55339
9126	9700
5699	11059
338	4547
54069	79172
5023	326624
2322	6688
164	2799
1457	10051
6141	6176
1062	10403
1816	4160
7311	23198
6125	6168
3655	3918
2912	6751
90480	116541
5829	23209
2197	27340
4584	140453
7428	10116
3181	3190
6142	8666
6203	11224
726	831
54742	80328
3683	5788
6129	6208
1906	6375
4867	8655
4947	5708
3106	10475
6202	6224
695	3710
351	7466
156	5021
7316	80233
6206	27340
6125	6203
6156	6202
1290	3685
595	5708
4240	51280
1364	1366
6188	6230
1933	6157
6748	10952
8365	333932
7466	51280
6453	22905
4736	6173
5878	7037
1537	4722
6133	9349
51264	65003
29984	257106
6231	23049
389	94134
680	846
10733	146057
1398	11184
673	152559
6159	51187
6230	6234
1639	24137
9188	25885
3691	3909
6170	6227
6136	6230
8976	10787
522	4713
4171	5883
29984	64333
5566	23332
1778	79867
121504	440689
1107	23028
1453	6227
521	7381
3675	4233
10749	51479
6129	6159
1453	6209
1478	9128
5547	10970
23404	54881
6142	6152
2533	3937
11325	83443
1793	10787
1943	2046
728	846
11004	55143
972	3122
3857	3868
640	973
5685	5706
5286	9685
57153	199675
712	7305
399	27237
8106	29894
1937	6201
6132	6161
6189	7178
9320	26268
9126	348995
2206	5335
90	659
3184	10236
4538	91942
6280	6283
4125	6036
6122	6158
1395	79924
2817	5673
6122	6130
25831	26091
3071	3320
3903	64386
6133	6146
9700	9793
11157	51690
1933	6168
259292	259295
1956	3675
488	4853
6142	6144
6950	84617
9416	10949
1394	4160
1111	54962
834	114769
3437	10561
26290	140453
81930	151246
6135	11224
6124	6207
1069	10383
3912	84141
3202	3204
5434	10594
6790	11190
6156	6229
4536	4539
51650	54998
3394	6688
3192	5725
5644	6690
892	9477
6189	51187
1937	6133
672	84464
6147	6222
5829	9844
1293	1300
6194	6217
3619	10112
51585	79869
6128	6235
79867	91147
990	996
1906	1956
1832	2125
2491	9793
2157	27095
6129	6233
2058	2617
274	8976
6130	6202
779	10369
991	5707
6130	6173
5432	11051
3200	8338
516	51287
5701	7979
6122	9045
1063	4288
23291	55832
5294	55970
6159	6170
4116	6637
25827	126433
5700	5702
5708	6790
6159	6222
11004	259266
10283	23517
6233	54778
133	2863
9879	23517
7316	8864
5493	11187
6164	6188
4718	5284
7450	54756
9787	81930
8314	23512
7466	8720
151648	220134
2204	2207
6209	6233
1642	79913
203068	440145
54625	83666
983	203068
1662	10528
699	83540
9320	84231
6168	6201
3914	3918
719	58191
7520	55183
6201	6218
51118	51154
813	5954
5433	10772
6155	6234
55832	90293
6233	221937
9793	25909
6235	11224
2197	6235
4641	10552
6144	6202
3889	3892
3192	10236
6750	50837
4992	344892
7155	10036
8175	10181
6164	6217
4509	4538
6135	6156
971	974
9277	10153
6288	6863
3619	23047
3339	3912
10890	23011
9648	79571
7175	23636
6129	6175
65055	128366
156	8477
54881	55127
2242	9855
6165	6218
9886	221472
6222	6232
55876	94103
5903	10274
220134	348995
2792	4985
50835	259292
945	338339
2784	2847
27125	55840
3320	10808
11128	55703
9776	55626
3190	7919
6427	7307
1642	56852
6443	8910
5872	6764
1857	27130
10236	11338
6709	8729
8021	55746
2785	5148
6133	6156
4999	84515
7311	121504
963	10857
6168	23049
6133	6206
6222	23521
3921	6201
9790	54881
6626	27316
6124	6156
1994	3609
1453	4809
5029	9170
2033	23774
6170	6206
6122	6232
10274	57082
1794	5199
677	56915
671	5657
6155	11224
26525	84639
1306	50509
23404	23517
6132	6176
5861	10749
9744	51454
6155	9349
6135	6161
26519	26521
8886	55720
7706	51426
50615	59067
8976	147179
3458	3586
5286	6272
6157	6233
6129	6234
5725	10236
7316	11001
6160	6227
9170	126006
9648	10466
6209	8562
51362	348995
3304	9531
6375	6846
1981	6232
26190	55236
10466	11014
1605	5579
1398	7409
6346	83756
10693	11328
5111	7027
5869	57403
4713	27089
1294	2157
111	1812
80321	91147
11022	143689
3437	8638
84085	140460
133	79924
9978	285231
4295	5020
966	64386
643	10803
9320	26046
6165	6206
6370	11251
6167	55176
10014	57459
344892	390066
2079	6432
6461	7409
3240	4069
3886	54474
26173	79034
6155	6228
966	2204
1329	1340
26	10562
5339	6164
6181	6235
55872	157313
6432	220988
183	50831
9833	64151
29889	51154
1956	2274
1062	83540
3684	79895
2222	4047
26046	26268
5878	54885
6772	6774
6434	27316
846	339403
6218	10952
6154	6228
23279	53981
185	2642
857	284119
8945	64219
28981	79659
5652	6692
10425	63891
10269	23463
7311	8453
23223	26155
5690	8742
5119	27183
23283	27316
23327	115290
1781	84962
1347	84833
9892	10092
2993	2994
4540	4701
6234	9045
336	2153
1062	11004
102	1495
950	25977
5693	5695
9892	10109
4697	4708
833	2617
7226	338339
6206	6233
3486	3569
3055	5336
6189	6193
5829	10787
3673	375790
567	6890
11051	85313
226	5230
9570	22872
8334	8337
2788	27334
54972	64856
833	3376
6139	6141
5438	83443
5726	6755
6790	121441
6189	6222
26043	54165
3685	6518
4686	8021
5977	57492
6154	6167
64951	64983
3921	6206
6207	53918
10885	54881
3836	3837
3684	8514
10574	22803
1894	9833
6224	6227
3912	10970
9382	10905
4867	9657
3687	5788
6169	6224
23224	23353
9798	27183
6161	6233
6385	375790
8648	84498
3685	7525
5725	10250
4709	27089
8648	23097
3267	10618
6202	6207
3619	11004
148	2922
2792	388531
5580	55970
5929	6872
1783	5861
1387	9969
7472	7482
640	974
2841	10316
6165	6173
3303	9531
23517	84135
5684	5685
4800	6667
6142	6156
971	5336
3683	53831
5293	23533
2033	8289
8767	23118
6185	57171
2841	8698
7328	22954
9700	348995
389	30851
9643	93621
6168	6181
79682	147841
335	3698
9918	259266
6159	6229
3133	6737
1290	1292
3055	3684
3619	81930
29127	55165
7021	83741
5435	6875
1933	4736
6129	6154
6160	9732
6136	6188
6194	27340
6189	6194
3837	23511
932	23601
8969	126961
10022	339403
1315	9371
274	6453
6224	6230
10499	23389
1287	55214
5516	5714
3433	3437
3157	4598
22794	348995
10919	29945
988	58517
6836	22820
1595	3156
3185	5725
1942	2050
10885	27340
6155	6165
797	7252
3191	10921
6181	6204
6135	6159
5880	171177
55759	84549
516	26521
6171	6173
10594	11100
6229	11103
9833	51203
51264	219927
6165	23049
1524	3579
24147	79633
54148	55168
3673	3691
117	594857
1933	6203
287	10121
3192	11338
7272	9787
79738	166379
1233	5196
7311	27327
4283	6364
10403	57405
5777	80184
1793	9844
6164	6228
6152	140801
7311	55914
2971	3146
1387	27327
6169	6170
1062	3799
6125	6146
6168	6204
9787	64151
2071	10920
332	55055
51023	116540
6154	25873
6144	6173
6128	6139
2932	23291
6229	23049
1605	3688
6202	6234
7857	54757
25804	27258
6228	6235
5715	7314
2769	5330
8658	80351
3688	5829
932	2204
3675	3912
3921	6167
6130	6193
87	6385
51692	55746
3190	3192
26091	64750
3921	6154
5689	5700
9330	53981
6122	6222
8807	8809
6175	6209
6233	90678
6175	6201
23291	56929
1050	2322
11116	79959
6205	6222
2197	55176
4709	4726
5094	51692
3479	7044
8349	440689
891	7531
2801	81562
999	9839
1915	6222
1870	4208
9564	9844
861	57332
6124	6129
23304	56658
4735	7283
84078	89890
2521	3183
51382	160364
344892	390077
6139	6146
6158	6175
65055	219438
4088	7316
6207	23049
53981	55660
9320	26091
5688	25906
6142	10399
6144	6168
1981	6139
22826	57819
3115	3122
6206	9349
6139	6194
4734	6047
2550	9170
23332	25909
1084	23601
983	4288
963	11314
6124	6139
84163	389524
10189	79902
9025	9656
776	51764
6133	6164
1329	1337
641	2177
301	2790
6144	140801
9183	79980
1398	85440
10885	25885
10857	64386
51172	84572
4297	23309
1601	8301
4952	5286
2353	4773
1269	63940
3572	3977
2197	6157
6146	6228
1022	5432
521	9551
1829	3728
1058	9833
3579	57413
7137	7138
5170	7249
7532	57521
143279	201456
2801	9276
6138	6232
928	113177
3062	64106
4985	10563
6218	23049
2186	196528
1956	7039
26146	92104
7311	115290
6146	25873
1738	4967
1871	6667
7334	55294
6156	6223
566	2990
4508	4512
4736	6161
6429	22826
2517	8635
977	3655
6135	6227
4584	50614
2197	6133
2071	6873
1103	6572
3915	5954
1500	84962
4519	4537
1956	3655
5529	6232
1490	7004
51289	259287
22905	54874
6207	6230
26268	57531
2633	5371
6227	6230
6135	6142
9493	23046
1676	3836
4726	4728
2965	9646
274	8027
2512	7163
7919	65109
2222	3422
6202	6223
2197	6193
2832	3827
5048	54821
5887	8450
6155	6231
2168	2169
3619	9793
8883	115290
6146	6173
5439	5451
6189	6202
10250	23279
6161	6164
6146	6206
4543	5173
9188	23560
10693	55970
6161	6194
160	26130
6233	8976
6233	56254
6203	6232
6204	6233
23332	57787
2863	9002
1717	3157
705	9277
1781	51014
462	2243
4837	284119
6139	6202
6701	6704
3123	54331
6161	6189
4952	9886
399	10144
6613	7421
6176	9045
26190	57542
8412	9564
4702	27089
3191	10657
4508	4535
6233	9045
6138	6181
5861	10540
9138	29984
3304	10963
6141	55272
4176	5982
388	64333
51514	64708
8945	80204
10714	80010
3190	55749
10552	100526693
10403	64151
920	1234
5332	55970
9320	55236
6138	6222
1175	5878
79861	81027
6709	6711
6430	6434
4736	6230
1347	10632
1933	6227
1524	729230
2521	3184
26224	55208
6137	6230
3192	4670
4173	23397
1670	1671
5155	83706
5179	283869
7018	9829
3921	6231
8972	93432
6210	140801
2204	10970
9318	27252
158506	285231
1933	6169
9055	10376
1778	81930
1783	11015
1387	25942
6203	23521
5695	10213
4049	115650
2079	6428
5725	10594
1669	10394
6230	25873
4736	6130
6142	11224
6201	6208
4717	4724
6176	6233
274	9341
1783	9371
3192	10250
23562	53842
2239	10082
6133	7178
6217	6232
6155	25873
8453	84085
324	1857
1453	7532
6235	27340
7514	55746
147	5021
2912	5733
1642	5931
389	55843
699	55143
6624	51411
2635	5371
6156	9045
9341	51542
6158	6223
55143	348995
904	6667
8648	96764
58191	63940
1350	7388
2274	284119
23014	142689
10236	23020
26524	126374
5711	8697
7525	9564
51429	152503
9126	9793
5868	10096
6135	6171
1327	1329
6160	6175
7096	10333
10749	23046
3856	3875
6133	6137
4710	4712
3190	10432
26235	90025
1933	6152
10403	348995
25977	54885
6223	6235
3921	6161
6128	25873
1111	2178
154214	221687
4131	5048
6209	6223
4926	5116
6137	6210
988	6602
197	51156
1870	5928
3909	5829
6125	6139
4725	55967
6426	7536
8347	8969
9295	10250
344	26020
6133	6229
595	1956
5981	7516
6139	6168
5558	11169
10112	10540
4696	4718
29089	197342
4867	57545
3190	10236
2798	10886
6128	6229
83732	84946
5797	25945
2266	2719
5862	10890
5516	54908
10193	25831
102	3915
2803	5870
1880	196883
4116	6169
919	3122
1660	55749
1667	1668
6138	10399
6923	9978
833	6301
1048	171169
1577	54576
3912	7184
472	63967
6155	140801
4173	81620
6168	6224
9738	23354
9787	11339
5928	7343
7536	220988
6138	6230
388	55160
6128	6233
9493	11015
134	5660
5094	27238
6137	7178
10316	196883
1000	10970
6156	6165
6194	9349
5704	5714
4923	60675
6158	7311
5822	7109
3685	79895
9793	26005
5435	5439
3170	3651
1407	7311
9039	136371
3190	220988
84231	90678
8329	8341
514	4724
1956	5328
6430	7919
6139	6159
1660	23020
23358	84132
3688	3912
3111	3122
6125	6142
6167	11224
5433	23398
4148	10272
6125	6206
3921	9045
8925	54778
1665	9879
6122	6193
7189	55626
57111	401409
3101	64841
4712	91942
919	3559
9128	9879
3320	10598
6176	6224
6164	7311
10096	10097
983	5000
1605	10298
1956	2064
1981	8672
3183	6434
2648	5469
7398	56852
10199	11102
3156	6307
6602	9031
6206	140801
5335	7305
144699	154881
891	5516
26271	51053
5717	10575
378	5861
5929	8945
7337	9867
6181	6209
51602	84128
3914	4233
57539	79659
2847	594857
5777	7852
79583	79867
1398	1793
3054	9739
22888	51343
6124	6203
10892	257397
1315	23303
88	4626
6202	6222
514	27089
6204	6218
6161	6235
891	51433
1434	3837
3909	375790
55339	55749
3305	9530
2207	5777
9282	84498
5872	8766
5558	8317
1154	222235
9371	79989
6233	140459
9631	65250
6228	6230
60560	80018
6122	6164
22974	259266
9170	60675
5528	10726
1660	3192
381	8655
10189	29107
4736	6157
29118	63876
6227	6234
6132	6235
9919	149111
6233	10110
5978	80012
5528	348995
4853	27327
5880	9743
1453	6193
6147	6204
6165	140801
29945	63891
6877	51593
2633	4940
8334	8341
25831	197131
2524	10331
2064	5336
929	387522
140881	245911
25873	140801
7311	115548
3312	8871
5739	5746
29127	81930
4512	4519
6874	83860
841	1281
4161	7432
332	1063
2033	25885
6154	6222
6142	6175
521	1350
6207	11103
2107	6234
4738	54939
1915	6202
7124	8740
10970	11001
3267	3949
6210	25873
6141	6142
6159	6202
3880	144501
3549	6469
55166	57405
6188	6232
7204	8976
2197	6152
945	11314
3911	9459
51465	140739
6139	6210
8351	8970
5048	55055
632	4094
6129	6228
1121	22930
5311	9727
6774	9021
7520	79840
4709	51079
5868	51552
988	24137
5829	375790
904	51755
1576	2327
2060	50618
7316	26986
6285	6288
988	5725
1981	6202
6176	9349
1665	3191
3309	9531
4116	6233
1453	6229
4599	8638
6156	6206
3183	5094
5516	5519
54509	445328
6138	25873
521	10632
5660	55970
57551	79172
6146	6164
6159	6164
79132	91543
5701	5715
64410	143279
6152	8666
567	3105
336	2262
4540	29078
2207	7462
3490	6696
5685	5700
2241	6850
55872	83540
595	896
4670	27316
6201	6202
23304	26046
23370	56288
5708	7415
8924	8925
3797	92104
4008	7321
6227	9349
51118	84946
3761	3785
25885	55703
6218	7311
7311	9341
10803	50865
1069	55835
6189	9045
6135	6210
6625	11338
6165	6204
6143	6234
8661	8672
10274	23122
5739	94235
4116	6235
4713	51079
10293	200845
377	1783
3909	59277
6133	6201
57403	81876
3107	3659
2767	5296
5903	7514
10412	79039
1495	3801
6222	25873
2623	10661
28	2525
26224	140460
4528	28973
7979	9978
7057	79875
988	4999
462	51156
134860	319100
6152	6188
6135	6209
6122	51386
6135	6181
23067	57690
344892	390084
9790	55127
10013	57649
6418	10051
6152	6223
6146	6189
1048	80740
51465	84541
1431	1737
643	64805
4713	4724
545	5889
1595	4597
377	10112
5034	5479
6141	6223
120776	344892
7325	7704
6128	6152
6233	140458
6747	23471
6167	6208
1111	4361
6157	7311
6426	23517
6232	6235
9462	153090
813	84141
4712	29796
1981	6206
6152	23049
1595	5447
1956	8976
55143	220134
219960	285093
2990	6036
2099	6387
9092	27339
6165	6181
645836	100287238
7003	7004
6147	6169
64951	64960
9793	57551
8740	10673
6204	6229
7204	58480
5469	6667
5711	7311
6136	6209
2033	8085
2800	9827
7343	9112
3017	8349
6233	23049
6249	81930
1129	6751
8843	50834
64963	64976
3355	4852
940	8516
5714	5718
6135	6137
4512	4536
6137	6158
5869	51715
1665	3190
10525	29927
5347	81930
2990	8635
6128	6169
2621	10272
9320	151636
10574	84617
3184	27316
5737	56923
10952	11224
6430	57794
57107	116150
1781	10383
3822	8302
6233	7098
11102	84946
9343	23020
6147	6229
4173	5422
2784	5741
28973	64928
6203	25873
56624	259230
3837	22974
6130	6147
5265	7040
6201	6223
6201	6235
1084	160364
320	5864
6136	6173
6147	6206
1292	3672
57082	113130
6135	6228
221	5328
566	1991
325	3015
6128	6154
695	7454
1902	2185
248	152330
3619	10592
1650	6122
6165	6227
212	2623
6599	57492
3105	3659
3046	3048
9126	11130
6147	6152
6233	22954
5315	7167
351	10970
57381	57514
57122	79172
2519	51816
11224	25873
1774	4069
51121	79048
26235	158506
6869	64106
54751	83706
6203	6224
6159	6168
1033	9232
916	917
1812	10268
102	1499
5528	11004
8655	10540
6155	6203
6234	27340
2071	8450
127247	131405
2033	9031
9700	10403
65003	219927
2185	2268
27316	65109
6160	6209
1116	10394
6430	10949
2959	6883
2247	2260
2550	51083
2185	3718
50865	64805
8243	10051
776	27092
10970	222487
1337	27089
6223	9349
8826	55109
627	5879
6801	8428
25929	55706
1345	4695
9181	29984
55252	221937
23279	79172
7038	7173
3664	11074
3048	4778
1937	6188
988	9793
2147	2243
1116	5004
623	2357
4710	29796
1783	79659
857	858
10250	10946
5592	8654
6036	8635
163	274
6130	6154
2185	9475
6206	6207
4116	51639
6204	6230
5196	5473
2153	3827
6159	6193
2767	8477
6037	51316
991	9055
1522	8673
3827	5005
5861	5878
9246	197131
1933	6194
2197	6128
3187	23517
5903	8243
6204	25873
7316	9929
5438	51755
4736	6223
8698	56670
10075	23304
1459	9918
6224	6229
5199	56729
351	5660
6790	9833
6175	7178
6128	6171
2260	10818
3062	6869
1894	9493
83551	319100
915	3560
9354	83737
4171	7298
6189	140801
6059	8886
8607	54881
10484	126003
3308	5903
6206	11224
341152	344892
4233	64759
6129	6155
3980	6119
6147	6155
966	11001
3897	57698
5948	5950
2243	3481
9968	10499
6125	6143
2058	3376
3796	220134
6233	23112
3105	3134
8590	285093
2178	11073
6135	6203
6130	6175
6203	11103
4353	6036
6176	6206
8602	83732
22919	22974
6154	11224
332	1062
9700	57082
6139	6228
6234	8562
6173	6227
6455	23149
6868	11319
3190	11100
2925	9170
147	2150
10112	29127
2159	2266
1937	6229
2803	90196
701	4288
2848	122042
353142	353145
121504	333932
336	350
4332	6037
9283	51764
4712	7381
2317	54751
3937	7305
3685	5795
28981	79989
51264	51649
6233	9341
6137	6208
6159	6230
25885	55127
399	257106
6168	23521
1063	5501
55127	84172
10970	53831
932	3683
6223	55127
7434	594857
6168	11224
5528	9793
3921	6189
6233	55366
6158	25873
6146	6208
972	3123
28998	64960
983	3832
3491	11167
23160	27042
5427	9768
8243	57082
6165	6202
6223	23049
6224	6228
3301	10963
5469	9282
6143	6159
79600	91147
3796	348995
6168	140801
6133	6176
1058	11339
6233	84231
4171	4998
7316	80176
6136	6206
6133	6233
988	79595
2790	7852
6144	6147
6222	6223
1756	284217
6133	11224
4541	91942
6556	84418
3105	3133
1387	6907
53981	348995
10857	10970
4904	9410
9972	10482
3113	3127
7039	10652
10084	27238
10413	51421
4541	4712
84105	347732
6209	6727
5700	5706
6210	9887
2204	23601
80168	346606
2491	5048
567	3140
4717	55967
23076	57696
3797	26146
6667	57508
3710	5330
867	50618
9493	10540
9879	58517
6809	9341
5023	10857
1453	10427
1659	9716
945	3689
3903	6793
6228	25873
6428	6434
8021	79023
23431	27131
6230	6235
23332	27229
7334	7353
10540	91147
9631	23511
1062	151246
3119	7535
5023	84329
1329	4701
6133	23521
3659	6737
6175	6176
6155	6193
64926	153090
3832	3833
65264	90293
6169	6171
1778	5347
996	5699
1536	22918
6136	6202
51552	116442
4221	11168
4709	91942
23197	26043
6203	23049
2935	6157
6175	6224
5741	7434
5829	7430
3689	79895
8237	10574
6233	8445
9320	57154
6230	9045
51649	64928
5435	6637
6168	6228
9879	10285
6156	6233
6202	55272
10552	54874
11128	25885
11167	84141
6165	7311
6125	6167
6279	6283
963	3903
1398	2185
6427	6432
4174	5424
9968	23186
57545	91147
1660	11338
6233	7311
6156	6171
8356	8365
6714	375790
1728	3162
6136	6144
55127	84128
10181	10250
1824	1832
988	9879
4696	4710
4172	55388
2197	9790
4513	4538
4736	6128
4513	4519
8607	11091
1435	1462
6188	6235
7337	55175
4751	259266
7153	56992
2863	5332
9459	29984
50838	259293
6136	7311
6175	7311
514	4694
6181	6202
6125	6159
6167	6227
6453	51429
5699	8945
2537	10964
5093	5725
23076	55131
1495	5781
8085	23067
23014	79791
3911	5747
23030	51588
374	2065
7316	7328
1950	2277
126638	353135
932	7226
4670	23435
1660	5094
8243	10274
1329	55967
6135	7178
10524	54107
6631	57819
28959	55365
2305	4288
51692	55749
683	3689
3912	3913
1994	4670
1994	10285
699	259266
6159	6165
10663	56923
945	222487
6175	6206
472	5884
25909	57122
10199	79954
928	3655
288	2348
5566	7283
6167	6202
6128	6133
8334	8970
6233	285231
896	3717
25831	65264
7337	26046
3725	4772
6129	6147
728	5697
4624	4635
196883	285601
9972	51362
3309	10049
983	6502
3174	6927
3354	6387
3799	9585
5717	8453
9716	27316
2521	5725
1237	2917
2923	6185
4690	10152
6161	6170
6240	10051
6169	6222
5199	80184
3685	3688
6218	6229
6224	6234
10576	55135
22954	23291
7398	10714
27340	55127
3664	23650
3811	3821
4067	5788
4637	103910
6181	7311
4641	5872
7538	9261
1915	6138
6201	6222
246184	285231
3190	79869
4602	5432
3181	10236
112	1269
389	9938
1783	3799
1395	285601
6194	6224
6135	6205
6142	6171
8648	10499
400	23041
79090	149111
7175	9877
890	9833
6130	6136
2885	3655
8581	27076
51602	84365
3055	5747
23627	137797
1783	5516
3903	199675
10577	56729
51264	118487
6124	6128
2185	5879
8337	8970
3127	7535
7454	7456
6934	83439
6122	6208
6147	6156
50838	259295
595	11186
64979	116540
6709	51014
3339	7045
1280	84570
712	713
5861	10959
5519	9183
4809	5435
10539	57019
2033	10735
5702	5706
7337	10193
6204	7311
10425	84085
9702	55142
6144	6206
5439	9978
23646	147746
9320	154881
1277	8974
6202	6235
8027	25977
7003	10413
5094	53981
6228	6233
778	10369
8871	51429
2162	3688
25897	27252
