801	6263
1783	2801
5868	26130
6233	90293
6171	6228
10383	84790
6143	6201
6279	6280
4710	27089
6235	9349
890	26271
1915	6222
6175	25873
2641	113091
6165	6233
2625	7031
6129	6135
5692	5701
6176	6230
963	6518
6233	26190
7979	11047
9656	11073
2099	6387
2207	2212
6222	6233
23291	55236
2783	6752
5983	8451
6137	6160
6204	25873
5590	23286
9793	57551
988	3066
3178	10949
5430	11338
6158	6205
6156	6227
7507	10714
671	8993
4712	51079
22930	25782
718	6288
2131	2817
1327	1337
51650	116540
7871	8428
5584	56288
1832	11187
3916	5660
8976	9341
55629	65110
6171	6235
5157	7991
6142	9045
22954	23014
26589	219927
5330	60675
3178	6626
6193	7311
372	9183
6237	7525
506	8802
1302	3690
29093	92259
57531	90025
389	394
991	151246
5286	286451
1915	6230
6422	7474
6135	6157
6135	6193
2521	10921
6137	22916
10436	51202
420	58530
6700	353133
7514	23039
259287	259292
374	2153
2072	51426
90480	116540
950	25977
6125	9045
6170	6207
6135	6233
6137	6167
6442	6444
6386	10487
3915	54972
6132	6147
332	29127
6235	25873
783	10369
558	6464
1314	9570
23291	197131
6136	6232
9972	23279
388	7409
6125	6235
4701	10975
23014	64219
6130	6205
9700	57082
3308	10574
4724	29796
1307	50509
1173	5868
10121	26123
1460	23397
6427	79902
813	5589
1543	3284
6625	11100
4736	6168
2993	2994
6161	6227
4738	285231
9738	10733
4544	5443
197	336
6160	6170
3912	84141
9739	26523
11004	24137
3688	3695
6141	6142
163	7311
158506	246184
1233	11251
5725	10432
5829	10298
1301	1302
57551	79172
3113	10346
718	2919
9690	23608
6147	6222
705	23560
3837	3838
2918	10563
5526	5708
8243	9700
6185	29927
959	10673
4541	4712
2792	5741
3030	3032
90293	221687
399	94134
156	9002
6133	25873
10199	11102
2036	4646
10552	100526693
3921	6128
7846	203068
7337	8697
991	29127
3394	3430
3921	6164
4542	4641
797	7252
6181	6189
7089	83439
988	9533
163	8301
891	1062
6144	6175
6128	6173
3178	7919
3916	5878
6155	6175
1956	3918
2033	8085
10930	29974
3301	10963
5437	23524
23451	55339
5715	7979
7516	348654
5347	9793
5493	6707
9533	64425
904	2967
5880	9743
3833	10615
3055	5336
57403	81876
9410	57819
6201	6232
8175	57794
51585	79869
388	9826
2521	3183
3978	4176
1495	7082
6709	124583
226	5223
56670	59340
899	140460
2695	122876
6429	9295
6453	10552
6223	23049
3119	7535
6142	6175
6189	11224
993	1111
6130	6223
3833	9793
1277	4060
50835	51289
51023	90480
23223	79039
1915	6122
6193	6218
928	113177
5432	84962
23291	83737
3185	23283
28514	54567
5330	9002
9212	83903
932	10970
6158	6234
6147	6167
661	10623
3767	6833
3619	57082
6159	6218
1445	1956
1727	23526
3916	7879
5699	11059
3640	5443
6125	6206
1783	10121
3119	3127
7421	11198
10112	11127
5869	57403
143471	161742
28959	55365
11095	157869
6164	6188
6548	11261
3115	4261
28998	65003
7139	7431
6204	11224
1299	1310
4736	6204
29945	64682
6133	6154
80346	402135
6698	147409
6137	6218
4008	57542
1956	5879
2597	7167
7329	197370
6160	6229
25885	55127
6144	6204
23560	84172
966	2207
3133	3134
1063	7153
7311	25831
2919	6357
7311	54874
338	4547
6135	6231
5954	51280
4924	10618
846	51289
891	3838
2967	9015
23011	57403
4701	374291
3895	11167
133	79924
3190	220988
6135	6138
5930	80204
5528	51143
7311	8453
6142	6156
29078	126328
6155	6168
1499	7409
1387	2033
1387	5929
6138	6169
3875	3880
6155	6227
9564	10458
7204	29933
1500	6714
3836	3838
1511	4353
1950	3912
990	5985
7343	9013
6122	6135
6135	6204
7272	259266
6181	6218
11322	55754
29984	64333
10484	90411
516	51287
6206	140801
378	830
6194	25873
701	64151
9354	23304
3192	11338
4725	9167
10945	10959
8453	115290
6827	51755
10575	22948
8689	286887
1910	84432
799	51764
6156	25873
26046	197131
3692	90441
9221	25885
6152	6231
3684	53831
2846	4923
3115	3123
5519	10274
1084	23601
1134	8973
9276	57410
2305	10112
8337	333932
27316	55749
84296	84515
3185	3191
64963	116540
1778	6709
197	2243
26268	64682
6672	10475
5361	8829
5199	10394
10022	259287
6426	27316
3043	3045
2625	3169
6124	6141
1365	100506658
3183	10949
1650	6185
6232	9349
5179	7857
3183	6434
6170	6229
9128	9879
991	5708
6605	7421
8661	8672
950	9341
23279	55746
6142	6235
4670	220988
6233	11224
6556	84418
102	3915
6139	6204
6135	6224
2848	285601
3222	3223
1994	4670
7320	9604
1536	338339
1116	10394
10618	22848
6139	11224
2914	3350
4736	6234
6130	6210
5706	5714
338	2262
10274	10403
3301	10808
6203	27340
3304	10963
2132	6385
6836	29927
6647	11315
9495	10369
2963	11193
274	9341
23517	84135
6139	6233
8698	63940
3659	5371
3482	22848
6182	55052
1660	3190
5867	5874
4677	8565
351	1234
4539	4540
4057	10321
9076	137075
6135	6232
4171	4175
5529	5781
2125	11187
1234	4544
6218	6227
8065	83737
861	6595
6137	9732
3718	7297
5501	57551
6147	51187
3491	3685
51118	84946
8243	10274
695	2206
966	199675
6453	9341
6203	6234
4867	91147
10403	64151
6427	8106
4514	4537
1949	2045
2207	3689
6207	7311
2551	3054
3687	53831
3434	3437
3191	11338
2968	57804
54821	151246
5781	7525
2197	6154
3376	51520
2642	4922
9318	140461
8655	10540
6160	6230
259292	259295
8452	9870
2185	3688
6426	79869
6167	11224
6137	6141
4585	200958
846	50838
1639	10112
1453	6207
977	5339
197	335
5694	7979
983	9793
79600	84902
3797	29127
3852	3868
25831	197131
3191	10432
9820	89890
1763	55388
1500	4233
1129	5173
1650	23385
846	10022
9553	51650
6147	6218
1315	9382
643	10803
4700	4726
6156	6167
6124	6189
6167	6232
1062	9787
84085	84261
6827	25920
6138	6202
9044	55814
1933	6137
3309	9531
988	5985
9354	83737
3921	6161
2798	10886
6181	6222
2597	5315
6132	6176
121391	286887
8976	10254
6429	10250
51079	126328
5829	9844
3688	3913
3066	84289
57111	64284
8334	85236
4586	140453
1742	8831
8314	23512
29126	80380
2197	6203
570	7311
6234	27340
5869	8322
2588	9798
23279	53981
7317	89890
2033	23013
2623	2811
890	9824
972	3109
6696	84141
203068	440145
3796	5519
890	151648
6156	6218
29796	51079
4695	4726
6432	6628
6175	6224
2691	59350
796	6344
6156	6206
9371	24137
1943	1949
351	27242
3437	91543
6810	6814
5516	6249
6144	6157
6434	27316
4886	4889
3185	84991
116	5739
8453	9666
84154	84365
81	5868
10250	10285
6194	6235
64106	347148
8412	9564
7536	10921
6139	6154
5870	8766
9493	81930
2956	5422
890	4999
1386	6602
83732	84946
10552	29763
1981	6137
940	50943
6169	6235
55832	154881
1307	1310
3856	144501
567	3140
26190	54778
9716	10250
1908	1910
4116	6135
419	83639
8914	9126
580	2177
6357	6364
2990	4125
6147	6202
1994	10236
9350	148738
160364	338339
1291	8985
904	5431
9824	10112
1062	57551
811	10130
351	9002
6146	6164
163	51429
185	4922
2792	2918
1981	6164
54069	64946
8871	51429
5526	81565
6130	6189
5869	7316
6144	6232
701	9793
1457	25942
6125	6185
8687	54474
6133	6176
5438	27258
6130	6142
4509	4519
5528	8243
974	29760
143279	154214
6136	140801
51121	79048
5426	9126
5747	10787
6637	51690
1500	7409
4666	6202
6189	6209
640	5336
5433	55660
2033	6872
5094	23020
6167	6209
6432	6632
1933	6154
112	1269
4952	5286
22948	63971
9126	55746
6434	57794
4599	10964
2967	79577
6224	6233
5111	10714
5822	22984
6160	6208
1062	1315
4713	55967
4694	7388
8349	126961
637	3002
7478	7479
2243	2244
2535	5599
6231	114987
6141	6202
2521	57794
399	57449
4353	56729
6122	23521
514	521
7756	64149
830	51014
2491	9793
6168	23049
830	10282
3112	114876
3434	8638
6235	9045
7032	7033
7316	9341
4069	8635
2629	5660
896	3717
1814	259285
2305	5347
4288	51203
1832	2125
5528	10726
5336	79837
3434	55008
5903	57551
6136	6164
1033	9787
391	9743
3422	4800
4514	4519
6135	6164
6181	23049
9294	64805
11064	27077
6175	6189
4641	10890
1174	10016
2892	2903
4670	51692
287	10121
6130	6204
5872	8766
1269	53829
1579	8529
3881	54474
6210	6228
10533	26091
1476	8993
10489	51343
6233	25873
5880	27237
2683	84061
6157	6164
2935	6168
5777	7077
51	6233
9031	221830
53829	59340
51068	117246
1915	6228
7514	23279
6161	6234
10920	26263
5718	8453
6161	6230
54657	54658
6141	6223
27316	220988
9133	81624
51444	57531
89890	221687
55003	84154
1080	2147
4116	6152
9984	10482
6147	6207
833	8565
6330	6340
3698	3827
1291	5033
29945	90025
974	1445
4172	4998
6045	23028
4288	10112
5528	11004
153571	153572
9787	81930
108	797
9757	23067
10813	10885
1476	10394
2147	2266
932	338339
2209	10787
6383	284217
5469	10498
2957	5433
6201	9349
1062	5528
3675	3918
8356	126961
54908	55055
3359	9177
8086	84271
6175	6193
3361	4283
9887	23381
1062	54821
6936	51645
5338	11145
996	115290
10466	10540
2153	3827
6233	8322
1290	1301
5435	5439
1062	7272
6453	8976
6155	6235
1282	1284
26519	26521
10574	84617
4852	283869
23301	30846
6222	9887
1573	8529
1639	8729
8356	121504
488	4853
8192	9361
6156	6164
2151	6865
1856	27130
1435	5589
23168	27125
11339	79682
1956	5782
8065	84259
6144	6160
23122	23279
4538	25915
6165	55176
566	6036
1915	6144
9967	23097
1933	6124
9886	221472
7766	10155
7184	10970
5699	51684
2150	2863
26046	140461
988	1660
2197	6173
3685	199675
966	51014
6170	23049
6194	53918
6152	6194
6169	25873
23354	132320
6156	6203
7529	51552
6154	6234
2912	5733
8544	10787
2829	23620
6426	6434
23332	25909
3434	10561
2033	10735
7311	57154
23223	79711
6229	9349
55920	79023
6130	6164
3659	6737
5725	8661
6637	84844
3921	6130
2197	6209
336	3698
6790	55165
10285	23451
4323	4811
3912	3915
10285	55339
7175	10250
2803	5870
6605	55193
2197	6167
9462	64926
5528	9793
4709	4710
990	10592
846	259292
6139	6147
9039	10425
5741	122876
718	4283
9276	22872
23304	26268
1237	5173
4641	9371
10574	10693
50616	116379
1981	6223
6176	6202
9904	57647
6193	6234
6129	6154
6430	7919
6207	6232
1268	9294
6201	6224
671	4353
6189	11103
2099	8202
3683	5023
64792	92104
5347	81930
3178	3183
27334	55970
56670	94235
2058	4141
6157	6203
6625	51593
22974	81610
56995	84085
6136	6156
3949	5869
9126	9700
2197	27340
6234	25873
930	933
10525	29927
54577	54578
2770	5599
3579	8766
10963	22948
5439	8896
10733	347240
6135	6209
8663	728689
25831	140460
8841	9794
2768	2783
6223	9045
9904	79050
2828	2829
8085	8945
285093	391211
79861	81027
102	2358
462	2155
967	5878
10489	197131
1983	6175
7328	23608
5438	9978
6703	6704
6233	140801
2784	3763
5594	10971
891	991
1340	27089
6309	6713
6426	10772
57530	100506658
9320	84231
1933	6230
1291	3672
4509	4538
4513	4514
3433	4599
3619	23279
1303	10536
5708	7316
1555	1576
1595	6307
830	11127
6181	23521
5686	11047
6157	9349
80740	171169
3009	3024
5861	51715
712	7305
6750	50837
5179	5733
53905	405753
2491	57551
3685	326624
6136	6229
6635	27258
1062	22974
10097	10618
4436	254394
7409	10787
5023	64386
6125	6158
51725	142685
1660	11338
4718	4728
4736	6175
10112	11113
10905	23193
26224	55208
1555	1559
6189	6210
274	1956
3491	51280
4738	59286
1933	6138
9320	84085
6152	6223
7317	9820
6133	6152
3903	57153
23107	54998
11193	22826
338	5948
55166	387103
6129	6143
3113	4261
6152	6189
3184	6626
6059	55720
2935	25873
4839	10885
4726	29796
3673	3675
6147	10399
3918	5829
80176	142689
8334	8365
60	1072
968	5878
51234	55831
9533	112495
4690	10152
6228	9045
6137	6230
23160	79954
3178	6428
64318	84128
5566	5573
8648	23097
27242	85441
1511	5657
3361	54331
6364	9290
6167	6230
6130	6232
5284	55004
4166	5549
6165	9887
6161	6175
5705	10213
6233	126961
2617	4141
1232	338442
5868	9341
10484	56681
1774	5199
54331	84432
4141	8565
23451	51692
3685	3688
10539	57019
332	23332
2832	3827
813	3490
3576	6357
6203	9045
5777	5806
7328	22954
8329	8347
10949	27316
9228	9378
1062	9276
6152	6159
3111	3123
329	5708
6602	55193
2491	81930
6189	6222
7110	79571
1062	83540
2207	160364
3192	55749
9493	24137
3113	3123
4736	6201
64114	196527
6136	6139
4057	6709
5903	23332
4116	84844
3113	3119
9493	10749
9553	64928
344892	390326
6129	6170
10735	57551
344892	390079
7840	55755
6790	7283
991	5347
2832	117579
7532	26123
4763	7311
353132	353133
996	25831
5451	23248
6233	6235
2358	57153
4738	5693
8341	8969
6167	6218
3655	3675
6556	79895
1111	2177
26232	55527
1063	9793
5335	8698
5777	10630
5764	5803
3685	4035
23295	54620
3866	3875
8329	85236
5829	6385
3903	79895
1605	8910
6136	6194
6125	6222
2916	3351
3675	3914
3111	3113
6208	9045
6146	6233
160	1213
6167	7311
6136	6147
1942	1969
6133	6218
4793	5704
6455	10552
6164	6232
26091	65264
7311	11059
3354	9283
6142	7311
6129	6137
2147	2243
2197	9349
6210	9045
113130	151648
6426	7536
1660	2521
23309	64426
6164	6209
28981	64792
996	51088
701	113130
3178	3184
3866	144501
6154	6170
6159	25873
7153	9824
4725	27089
3799	10540
1282	5351
514	4695
2801	11014
1738	4967
9787	11339
3558	3717
796	5745
161	5286
140881	245911
23521	56915
5872	53917
5707	10575
57413	58191
51203	55143
6142	9349
26091	57154
26239	353133
6138	6224
220134	348995
833	4141
2733	23511
8473	10724
389	11156
3355	6751
6133	6202
10749	11014
3640	387129
1084	160364
26091	26190
3181	51692
174	6694
988	203068
6233	23049
10693	11328
705	9277
7434	594857
3486	84141
6142	6206
55166	79682
3689	79895
1783	11127
23279	81930
6204	6234
6203	6233
6189	6208
567	6737
6129	6169
351	63940
2205	2206
6218	6224
8697	23291
720	721
6155	6159
160	26130
6128	6168
9833	22974
84078	89890
84231	197131
22919	22974
3675	3683
10199	79954
23	6059
7316	27248
5908	7094
6373	10563
9662	79441
29927	58477
3909	9459
26190	65264
988	53981
4172	11073
64951	64976
3619	10112
1639	10540
25879	56902
7317	8924
5879	50807
1062	2491
3320	84131
4709	55967
10193	26046
4233	64759
329	330
6227	6231
5519	22919
4148	10272
8886	56902
7375	8717
378	11014
6155	6181
23160	27340
6209	6228
4436	51434
6168	6175
2792	388531
10324	201456
6233	26130
2797	2829
6233	51592
6122	9045
3695	5747
6128	6161
11127	23095
344892	390083
10952	28972
537	10159
1793	5880
51343	142689
6746	58477
6193	92856
2920	6347
6788	60485
990	55388
2767	9002
1781	10466
10523	11100
983	7514
27316	84991
5094	10236
51264	64928
8661	728689
6189	6230
3685	6518
6923	285231
6122	6229
8329	440689
1536	8655
11339	51203
399	7204
6141	56915
10193	26118
3799	9493
89910	90293
1830	6699
6169	11224
6122	6147
10285	23283
6147	6156
10749	11127
1282	10536
2792	7434
5822	7109
4116	6218
5411	51747
6128	6233
1495	1499
29889	51154
10969	29997
3013	8334
3685	3912
419	349633
60488	116540
4734	64750
5516	5519
6208	6228
5726	6755
659	9765
1018	1026
683	199675
3725	9070
7311	83987
968	25798
10693	84617
9787	9833
6036	8635
6168	7311
87	7525
3163	3725
6144	6194
9702	22995
6218	7178
6128	6154
5725	8672
388	23370
983	4288
8607	11091
8969	121504
5684	5694
6128	6224
6375	6846
6135	6154
5954	10970
1495	5584
2207	5338
3202	3203
9371	23095
29763	54874
8189	10921
2865	6288
10283	23398
909	915
10499	23389
10484	11196
5528	9700
6143	6209
6189	6205
8189	23524
6142	6209
1462	3915
5584	55243
161	26130
388	64333
4208	5533
3185	4670
3921	6138
10890	10971
23030	51588
920	29988
4775	5534
6202	55176
6209	6223
8329	121504
4926	79959
259287	259293
23049	25873
2197	140801
5696	6890
4508	4537
4514	4536
6144	6206
6217	84916
3444	3451
6232	8662
5435	9978
1645	8644
5707	6790
4708	51650
1315	2804
988	9967
6157	6165
64105	151246
6631	10465
3482	5868
6128	6156
2318	54751
10970	338339
9716	11325
1301	1306
2792	343172
6950	10574
635	29958
51684	80199
329	5701
4736	6209
55662	80351
7204	55970
6165	6227
10970	84141
353137	353139
3190	10594
6128	6155
3183	5094
1950	2277
6147	6176
5422	9126
6124	6222
6133	6207
26270	93611
5592	8654
6125	6133
6208	23049
6128	6169
90480	116541
6152	6201
2207	338339
6202	6207
26005	84902
6224	6234
6143	6161
155	6344
259290	259292
3687	441864
9738	146057
5688	8312
2958	79035
4543	4889
1812	51764
2079	6637
185	2641
1431	2747
1660	27316
6141	6158
8687	8688
6279	6283
632	3381
259287	339403
6175	6206
1356	54757
26005	121441
6161	6169
6155	6204
3356	6915
5879	257106
251	152330
2197	6164
6171	6231
5335	6850
5764	9672
6207	6230
710	10747
6170	6188
2197	6175
27340	55127
6133	9349
1394	4160
3134	3660
6141	6161
3832	10592
8337	126961
5981	57599
4301	7082
329	51330
3688	3918
5725	51692
6128	6222
285093	390190
5930	55294
5422	55388
3914	5829
7311	23521
2997	6233
4734	26091
3115	3119
6137	6175
64284	401409
5584	117583
3184	3185
1500	5795
3838	4343
11127	64837
1063	57551
6171	25873
389	6453
1439	5568
10952	11224
6156	9349
4717	51079
521	27089
9276	10652
6772	23586
6500	7320
6132	6169
6193	25873
7398	10635
81930	83540
26146	150737
351	2841
55703	55720
3512	100423062
1081	3623
10013	25942
1289	7373
6249	81930
8301	9322
22984	65083
148	886
8106	29894
6142	10399
1301	3690
830	5048
3673	3683
6201	6228
1981	6139
11224	140801
830	10540
2912	3355
4986	338442
5868	64145
4283	27199
6128	6208
9329	84265
6599	6602
3683	8514
1315	23303
7476	7483
102	6556
2768	5879
9791	81490
1595	4597
10885	54881
6160	6175
6135	6235
10749	23046
3619	51203
2798	4829
6189	6232
3091	5707
5708	7415
9632	10483
6632	57819
1387	3064
9371	11127
10574	10575
3434	23586
695	3937
6175	6205
6152	6202
9675	57521
55008	64750
50840	259295
4116	6169
2829	84432
4641	5898
813	11098
6128	6227
6165	6232
6122	6234
6207	6233
6009	60673
9277	26155
4736	6130
5023	84329
1493	3586
2197	6206
83597	130075
8581	154064
1173	24137
1981	6146
7326	26259
6234	9045
1639	10121
2962	56949
6203	6223
6122	6128
50838	51289
6418	7514
7514	25909
1660	10713
6632	10907
4738	9978
27043	57647
57082	348995
783	10368
1655	25804
8451	51514
6142	6208
6135	6168
6232	6235
6202	11103
5516	5711
1577	54576
6201	6223
9277	84946
6232	7311
5330	55970
6146	6218
23067	57690
3106	3107
5739	5746
6152	6154
4540	55967
26043	51122
5518	5976
1660	3181
1783	6711
2359	11251
6122	6129
3620	169355
156	7852
4584	9245
6173	6232
29089	197342
10574	10576
174	2243
6141	6189
1453	6234
6157	6173
3364	5810
6144	7178
4686	23511
9551	84317
1956	115548
2519	11098
7003	10413
1291	1292
6208	7311
6139	6165
10489	84231
6159	6189
5034	5479
6432	6636
1739	5290
26589	64963
27	1399
11316	55850
7334	64320
57542	65264
991	4734
6204	6209
5684	5706
1314	26286
3354	11255
2967	9646
6130	6202
3861	8689
9055	9928
11004	259266
79659	150737
1315	84516
6138	6154
6147	140801
160	29924
6168	6222
1277	1292
11004	55143
1105	23168
6132	6168
6203	6217
11059	65264
10749	24137
5196	56670
5693	10213
6161	6204
3106	10475
5747	7456
2359	5196
6141	7311
6143	6202
6426	6432
6129	6133
3074	5707
4512	4535
5515	6500
6176	6208
8347	8365
1394	1816
6206	6228
983	9126
23376	26235
10193	80204
6223	6232
3913	5747
7097	7124
5861	10959
6167	6173
4998	7027
2353	2354
1062	3619
3688	23209
10885	25885
3913	51280
3912	59277
10142	80097
8356	653604
3921	9349
2782	2784
3109	3123
3973	104909134
2790	5294
5861	55605
2787	10803
3675	375790
81	3688
968	3916
8514	79895
9793	84131
5747	10458
1956	5336
22919	79172
6613	7421
4116	6201
6128	6139
8334	8347
2788	2863
6605	57492
83551	134860
57405	348995
9341	25977
3797	79989
64928	219927
3007	3024
7317	51343
1116	3240
5862	5870
1908	6288
58505	200185
389	64333
23304	26046
6132	6167
5869	5870
6809	9341
813	6696
7058	23275
5822	55127
6143	6208
811	9601
109	2358
6144	6152
6633	6637
6159	6168
1859	5928
4069	4332
11014	60561
2197	6139
6205	53918
1981	5976
140456	140462
4512	4541
2557	2560
3912	4240
6152	9349
9793	113130
79050	317781
23585	54741
87	7044
2962	8175
4735	23332
988	10592
25957	51747
6167	6176
6143	6169
3301	3304
3911	5747
6187	10557
6135	6159
26290	56667
6181	51187
5432	79577
595	5707
4641	5879
3111	3118
6170	6181
23586	54476
945	10857
4726	27089
6923	140458
6117	7156
51692	55746
6249	8826
1981	6222
963	966
10298	375790
51602	55759
3913	10298
25831	143279
6136	6144
10946	22826
3354	51764
6133	6137
6141	6147
409	950
3512	57050
6173	6188
23279	55339
84418	100049587
6144	6161
8985	169044
1933	6129
6711	10466
3832	4288
6181	7311
6632	51690
6141	6159
23112	192669
6160	6223
5430	55215
2843	151306
6158	6218
1665	10885
79867	84902
3560	8651
1471	2519
8541	64130
1511	6037
3192	5725
345	350
22974	23397
4254	7409
10576	23526
1432	6885
9025	9656
155	796
197	462
4599	8638
6143	6175
5507	6233
552	6866
5747	7454
3569	3576
1123	11015
6205	6232
3183	7919
1434	3838
4050	5716
5981	56655
6229	140801
6222	51187
2535	64750
10075	54620
301	302
274	23149
6202	23521
54677	83752
5879	9046
6167	9349
1605	55624
5170	7249
2917	27199
3619	9793
55125	55755
405	1387
1537	4715
6193	6230
4904	10946
4707	4717
55720	56902
4734	6047
51429	54885
6233	8976
6157	6161
6135	6175
80328	116372
3921	6157
4173	8914
7311	151636
1793	8976
6189	6233
8886	55720
419	390243
84648	353137
4240	51280
3301	3303
4862	8864
4172	9700
6176	6233
2935	6209
3921	6155
6850	64170
10733	163786
5695	5715
1499	5819
7153	259266
6133	6160
10960	51128
11251	56670
6176	6218
54885	152503
4952	6233
6141	6154
6124	6139
6125	6144
643	50865
4172	55388
208	2475
726	831
3921	4736
6129	6136
9556	84833
10540	11190
5725	10657
54778	84231
6193	6222
6160	6235
3397	7057
1956	10552
1559	2326
6176	6727
899	9700
10112	55872
2847	594857
1314	22872
6135	6205
84231	90678
5868	10618
6154	6160
6158	6206
9631	9972
6168	6230
344	26020
6189	6206
338	51156
5529	51143
2197	6138
8740	10673
1000	1012
3619	23047
5518	6167
2123	2124
5728	23608
1113	6855
26005	80184
5880	64333
29127	81930
1902	7852
23218	196527
3240	10394
4717	4725
8337	653604
6139	6157
6144	9349
6142	6227
891	10112
393	11014
4597	4598
6208	6229
1303	55214
8969	440689
10749	11015
51429	152503
3185	5725
274	8976
341276	344892
6147	6169
1058	8655
6181	6228
389	9475
5861	57403
6137	6201
9716	55696
6206	23049
25909	54821
378	9276
6169	6209
6169	6224
6165	6173
966	11014
51023	54998
5695	5707
8636	11258
6233	8445
10640	55770
1329	55967
3376	6301
988	11193
251	137797
8189	10523
4288	9700
3688	9564
7164	10053
462	3827
4514	4535
3115	3122
4343	7311
6146	6230
996	51132
920	5335
23	988
23014	143279
1329	4713
2197	6176
6133	6138
3434	55601
4171	55388
6224	27340
6629	6634
51258	64928
2784	6752
23291	57154
3190	9128
6159	6164
226	2023
10014	57459
2833	83756
972	3122
3627	9290
26046	26268
5731	94235
3074	6386
5528	5702
6152	6207
7057	23275
521	7388
26531	344892
5108	22832
2975	9329
102	6233
2048	5998
23586	83666
857	3688
4734	65264
388	26084
718	3361
2173	8850
7311	55914
6165	6208
3688	3914
2683	54918
5347	9055
8131	64121
5868	23011
1111	4361
6181	6204
10133	10540
9322	22905
813	3491
6135	6218
6154	6235
1347	9551
6130	6209
2147	3827
6137	140801
3837	7175
1824	1825
3123	54331
6194	6223
6793	10857
2919	5806
701	3832
26525	84639
6346	83756
10236	22826
1605	375790
830	1315
6169	6194
6139	6168
6147	6189
831	23209
3148	8125
3843	10527
6202	6203
115290	143279
3912	51280
5699	23198
26173	79034
6156	6171
6206	6222
2197	6222
86	8607
6136	6176
6161	6181
10425	84085
4141	4677
7283	10540
3687	22918
1856	5528
7311	55366
22984	55127
5529	7525
55601	91543
23223	79954
64981	116541
5879	100423062
5526	7316
7164	152503
4176	5422
6158	6203
6130	6133
1062	9493
5436	27258
6138	11224
1536	3163
96459	201163
640	973
3383	3569
6144	6224
830	1781
4508	4513
10592	157570
9700	79172
2197	6125
705	56919
64976	64979
1387	6938
1937	6130
1230	55970
7321	84962
1605	3912
3183	6428
4283	6288
7156	63967
6146	25873
2197	9045
4839	6156
8329	8337
6155	6223
5701	139285
83597	403253
5048	7531
9883	10898
5315	7167
6169	140801
9879	55660
3240	4069
514	4713
6155	6156
1783	25839
3797	28981
2935	6164
6130	6135
1557	1576
1043	7512
1933	6144
701	4173
24137	285643
22974	64151
3304	9531
1314	9632
7316	7328
7082	25937
1398	85440
10389	84108
5879	10552
5476	5834
1994	10594
9128	11338
4712	4724
55055	79172
23160	84128
55790	79586
6122	6144
3091	4088
10733	79959
1969	6714
4519	4536
4666	6129
6159	6193
219965	285093
22948	84790
6228	10399
8945	9820
23304	90025
3918	9459
5566	7283
6164	6224
955	374659
4717	4718
9927	55669
6143	25873
9410	10236
6173	6175
5290	6667
521	84833
2274	6281
1781	4735
4008	7321
3688	4233
351	8477
7311	8976
3889	3892
5709	29882
2147	2153
7328	51444
3912	10970
22948	84617
3614	23593
116	59350
887	4295
3838	6790
570	1962
1058	11004
7412	388646
57129	63875
3157	6307
6202	53918
5529	5903
990	5422
1022	2810
3886	54474
701	4288
1291	8974
6142	6168
51166	125061
3178	4670
6235	7178
1669	1991
5023	10970
3491	3895
23122	113130
6500	142689
10618	23431
6147	6208
10576	10693
5861	10749
22848	26130
1991	5199
3576	9672
6370	165140
10250	23636
23376	84085
8085	23067
3053	3569
1778	4867
23620	84432
6207	51202
1434	7514
6205	6222
64750	65264
23291	26190
1793	10458
566	8635
3799	81930
126638	147409
6210	55127
1994	10492
2641	10203
29127	54443
4609	7022
6223	51187
6233	26523
6132	6227
4738	5715
5516	5903
7994	9219
6890	6891
6170	6176
9435	50515
4295	5020
3849	140807
79600	79867
6229	25873
351	1524
988	3837
6206	6235
5439	5451
6232	81930
4957	55755
7454	10458
2185	5879
1902	9002
813	7184
164	10618
79895	338339
719	63940
5529	81930
4312	4313
8329	8365
8924	8925
1830	5266
9666	65264
3308	5903
1915	6207
3309	9601
6223	6233
2185	5829
56165	91646
1329	10975
2776	5331
55339	55749
65003	118487
23511	25929
6134	6228
6158	6202
3912	10971
25831	57542
89910	144699
10197	64682
10657	11052
6160	6205
1859	10238
6156	6204
3683	84329
7153	7175
3434	5610
23122	23244
993	84126
945	100049587
3912	7184
1022	6929
4171	7298
6206	6223
5293	23533
1906	6375
930	118788
6156	6159
1453	6229
4713	29796
6161	6176
6194	6232
6154	6203
6208	6727
11014	23046
3884	3885
1660	51593
6993	8655
2197	6233
2957	51808
9437	259197
6173	6224
25885	84172
259	2266
916	940
5822	8568
2023	5315
2359	6370
6233	9732
3362	3640
6159	6233
6130	6170
1824	5493
5339	6189
3214	3217
1991	4332
3998	22872
699	6241
6925	6938
8349	653604
2207	199675
2914	4988
6203	6228
389	23526
5695	7314
9277	51118
6164	6234
3283	6718
6155	25873
2625	5241
6748	90701
1495	3801
2550	6363
5093	10594
10964	55601
6124	6206
2801	10427
6167	6222
7153	7298
8189	11100
10112	10749
10316	729230
22984	26155
7311	23118
6152	6203
6161	6209
963	5023
54474	286887
107	3361
2185	2268
2242	3320
1763	5426
10554	55750
1601	5878
246184	285231
121504	333932
391	394
6137	6155
5529	55055
6181	6230
51081	51649
2036	116986
5196	94235
521	7381
5048	54821
816	4137
4736	6160
6137	6206
6155	7311
27340	56902
9585	10112
7454	10552
8945	23014
2695	7434
56902	79954
6139	23521
6201	6202
6233	221687
1398	5829
6218	6235
6773	10379
6129	6159
6164	6173
472	5429
1495	4233
1813	6364
8189	51639
6208	6210
701	10615
3433	91543
1116	5004
57082	151648
6175	6222
2317	3688
699	259266
811	3309
1282	1292
6209	11224
4736	6176
1063	55746
7316	11001
2244	3827
5931	6839
6203	6229
1241	7204
345	2262
55839	55920
1287	3688
7514	54821
4005	4602
6707	147409
4701	29796
887	2147
2358	2767
8175	10181
1062	10274
79583	79867
6602	9031
1915	9045
2064	85440
2153	2159
4599	4938
6227	114987
4713	51079
6202	7311
6515	144195
2059	5294
6129	6142
966	11322
6223	9349
6206	23521
6193	6227
4710	4725
6128	11224
6157	11224
4853	6233
1994	9416
10733	203068
11339	55143
988	51362
6139	6189
521	4700
2946	2948
6157	6235
57191	400720
6223	7311
10920	10980
23244	57551
6170	140801
9918	259266
3685	6461
1060	57082
1933	6128
6138	6205
133	2863
3594	149233
1950	7474
4049	115650
6138	6203
55832	115290
2790	9138
1906	1956
1783	5516
50865	64805
54480	55790
6206	6233
317	835
6142	6193
1088	138050
813	10618
3190	10236
6143	6160
1398	1794
6790	9493
6836	22820
6626	27316
1910	6288
6154	6204
6147	6152
7311	85015
6128	6234
1302	1306
197	350
5861	10342
197	3827
3181	10594
2865	6863
163	25977
3855	3866
1933	6157
7058	9507
7852	9564
6619	10623
6235	27340
2185	9475
3579	57413
1536	653361
4332	6037
10749	51014
6129	6188
6128	6167
55832	57542
7337	9867
64951	64979
351	8698
6155	6231
3903	10857
4736	6194
3098	5236
617	10469
4174	10036
2521	3185
6307	51478
7514	23244
1116	5005
1937	6136
6156	6189
6141	25873
2197	6146
1337	27089
3627	6288
11113	259266
8463	25937
9978	81559
6613	79902
23160	84916
1605	6714
1439	3635
3046	3050
6610	7132
183	846
26005	26123
9879	51362
1646	8644
4939	10379
6137	6234
2058	2617
6288	6357
983	7272
890	7272
9604	23291
5930	54620
2633	4940
6208	6224
6168	6218
3190	3191
4926	9793
6156	6232
57405	151648
5717	10575
5829	9459
3192	6625
3683	10970
5880	84144
4050	7124
23322	121441
1660	3191
567	10475
3691	3918
6173	6203
50835	259287
1933	9349
4057	57554
29984	257106
7153	57122
59350	94235
9700	348995
1793	9564
9276	10959
2801	81562
9349	25873
891	2491
10618	26130
6207	9045
8861	90780
6135	6144
5878	54885
6189	8562
886	887
3619	11004
3267	3949
4194	7316
6227	11224
6158	6173
9793	23244
6128	6194
991	5707
6218	6223
419	50863
4736	6229
1116	5199
5476	10493
3619	29127
6156	8667
988	4436
8317	23649
5970	23118
3178	3191
6701	6703
6157	6202
3109	3122
6206	6209
23327	51088
3040	3048
23325	387680
2847	6752
388	257106
3683	10857
6189	6194
5747	9475
5093	10523
3191	55749
4540	4709
3184	51692
1956	3912
7124	7316
6157	6223
4905	10905
51116	92399
4008	22954
6169	6207
7020	284252
5870	57511
2034	9314
3062	6869
3178	3185
29796	55967
2957	51616
6168	9349
813	6790
55876	94103
3183	220988
10121	26005
163	1601
2197	6235
796	797
9700	10615
399	85360
7027	7298
905	27125
6137	6235
1007	1013
163	54874
6155	6218
1062	79172
9371	10749
1601	8976
3921	6168
3827	51156
6139	6205
1915	6206
1004	1016
718	2920
6130	6222
9410	22826
367	8349
6461	9844
974	3635
4116	6633
60560	80018
3433	3437
6135	6194
811	5034
1981	2197
6133	6141
334	3915
7153	56992
1230	2833
177	351
9725	84443
6142	6201
6189	51187
1739	4646
7021	83741
3710	5575
4736	6125
1084	138050
23322	79867
65083	84172
1786	7027
353137	353145
7058	56999
2696	53831
2792	219438
10959	50999
6625	8189
6173	6235
11137	84916
3689	338339
672	84464
6632	6636
6137	6158
9601	10130
8886	51388
1515	3113
3361	9290
6147	7178
6133	6222
4736	6147
8974	29920
6185	7184
9631	23511
258	9210
5747	7204
1969	5879
6155	6224
5860	84105
6133	6201
3832	10121
1062	51143
351	5340
6210	25873
4519	4540
6161	6202
2537	3434
3669	4939
10466	11014
3837	7514
6632	11157
4540	4694
9553	51264
161	867
4734	23327
3856	5493
6165	7311
4584	4588
3921	6181
7311	10110
1230	29899
57381	201176
2059	10458
55014	126003
1857	27130
4738	55294
5434	8349
7311	55008
1116	1669
9493	64837
919	3559
3106	3134
6204	6206
3655	3912
6663	27022
8615	100302736
551	6846
9320	23291
4926	55755
5546	10262
908	9628
3181	3189
219954	285093
1937	6222
1832	5493
6124	6235
219858	344892
6146	6727
1937	6137
4713	9551
2214	2215
966	79895
50838	259292
6232	23521
10250	10772
6232	54820
7454	7456
6147	6159
680	4829
4700	126328
394	7204
5365	10507
26519	56993
705	55759
6124	6232
7311	126433
10425	79876
6156	6161
8881	29945
5869	10890
3376	8565
1956	2059
6230	9349
3685	5023
201475	326624
6194	23521
72	58498
1915	6130
3799	11127
3659	10475
4540	4724
6205	6223
566	1511
329	5717
9133	10403
1292	3685
6161	6223
25793	84676
6124	23521
9700	10403
3832	6240
10155	79943
5903	23511
826	831
6997	10637
399	57522
1387	4205
567	3105
332	9493
1933	6130
1063	3619
1058	55839
6189	6224
3549	6469
3048	3050
10121	80184
27241	166379
2521	3192
6184	58477
2863	7204
6223	9790
6175	6223
54625	151636
518	9551
9277	55131
966	79090
6748	10952
3054	4899
29933	55970
24137	55614
4670	11338
8969	126961
1236	2841
10972	51128
3912	5747
23511	51692
3185	51692
1455	2810
344892	390059
6137	6176
9833	64151
6135	6234
6158	25873
113	259285
2207	3903
322	333
7184	10130
6152	25873
2197	4116
6202	6209
9045	25873
5657	6037
2064	5747
9790	54881
5930	23295
1956	3655
1329	4726
55127	57647
3799	10112
6135	9349
10640	23265
2491	5519
5294	55970
1387	6907
1642	11091
3921	6232
1601	6453
7311	114987
3188	10594
111	3354
6228	6235
9793	10733
5093	5094
81930	259266
1829	5493
6189	6217
996	65264
11004	54820
6133	6204
899	22888
8993	10394
4952	286451
6138	6173
6133	6203
9133	57082
6141	9045
6161	6229
1781	9493
1488	6934
4724	4728
10540	22930
6129	6138
6228	6229
1830	3713
51129	85441
1233	5473
890	1062
6173	23049
9793	10274
9181	29984
6223	6234
3797	10749
5725	220988
4361	10635
1991	6709
1457	10592
2635	6672
595	5694
521	522
3433	23586
22954	57542
2491	5048
6122	6124
4736	10399
6233	27327
28973	55173
10921	55746
7058	11093
6169	6222
6154	6193
2791	115557
1738	4719
6168	6228
6233	65264
6155	6233
6141	6228
25984	121391
4088	25937
6122	6130
9793	84902
1292	3672
11021	23011
5605	84292
6202	6218
930	974
338	2153
329	7316
6193	6232
127385	344892
6453	8322
3482	26130
64410	79791
6714	7311
8452	26091
5435	55718
3191	10949
6173	6207
5441	84844
727	51289
146	2922
4116	6636
29984	171177
6165	6218
6218	6229
5711	6233
2975	10621
4537	4539
10919	53615
6227	10952
1033	9232
6188	6206
6133	6155
2960	4763
54998	219927
1495	5770
10885	55720
79682	387103
51650	54998
9371	79989
1292	5351
3685	7525
3560	3718
1601	8027
2740	59350
945	84418
5438	83443
3190	5725
6142	6228
990	5707
118487	219927
5189	7311
6144	6202
4116	6146
604	933
6168	6205
1062	5516
2266	3827
8453	51122
6176	6207
5707	23526
7469	9656
4221	11168
2042	2044
6455	8673
3119	4261
3433	3434
5705	11047
4495	4496
9040	10517
2197	6161
5586	5879
567	6890
5695	9232
22974	24137
2033	27327
4700	27089
9188	84172
11118	11119
675	10111
10540	57511
9320	64682
8688	121391
6155	6208
1132	53637
3609	5725
2792	4985
2277	3791
6128	6189
1500	1956
9690	154881
3157	4047
4116	6222
50831	50832
8334	8349
1969	2268
10426	11064
991	83461
10199	55131
8463	10413
5111	10535
6129	6235
1058	9833
6124	6205
5660	7852
51143	79172
226	5230
50506	405753
161	5869
6159	51187
127247	148581
6281	79026
1453	8636
6176	23049
3105	3106
9892	10109
6175	6228
6152	6222
905	79577
23160	55720
8453	89910
60	2597
57154	151636
6160	6228
6170	6189
3122	3123
4715	10476
6205	9045
8687	121391
3921	6152
8337	8365
988	79595
9349	11224
5149	388531
6128	6147
1435	6696
1660	51692
6453	29763
10254	23149
10376	150465
6144	6181
712	713
2197	6144
3837	5903
25793	26272
56165	136991
5547	5660
5519	51400
25836	29072
6147	6235
3683	6518
5077	6663
4171	6749
988	8449
830	10652
6629	84844
1314	8729
22974	83461
344892	390067
6202	6223
6136	6155
2846	2922
9820	26268
1778	5347
6921	55284
23601	199675
3913	10970
26235	90025
1595	3156
6161	6201
4008	154881
4709	4712
6203	6224
3912	6714
6139	6142
6136	6138
1555	1577
8568	57696
56923	259293
117	594857
9318	11275
51234	56851
1307	5351
6629	24148
3827	4295
3761	3785
9290	54331
23197	56729
3119	3122
3240	5005
5516	151246
6207	25873
10097	50618
3434	10964
3913	3915
6204	6222
10527	55705
3832	10733
6747	60559
9833	10403
867	10097
4734	9320
3355	4889
6139	6203
6176	6222
11222	56945
3912	375790
3920	80331
6136	6204
6135	6141
2222	3422
2692	2843
5435	6875
6210	6235
238	943
377	10749
6169	23049
3903	8514
7272	55635
4620	8735
6206	6224
6158	6194
10193	25831
65264	143279
1778	6232
3673	3918
23279	23332
4853	10046
1445	2213
7479	7484
2491	5529
5747	7852
1778	79867
6141	23521
4736	6228
9928	259266
6202	25873
51575	79954
5896	5897
2837	5331
8175	84811
335	350
5516	5707
9188	23560
4171	10036
1062	81930
4709	25915
6168	9045
7456	10458
4085	55166
6170	6206
4176	4998
324	5699
6426	100526737
9378	54413
51289	56923
4040	8324
6160	6202
2242	10371
1642	56852
10274	23279
4584	192134
6233	285231
3685	10857
6165	9045
5435	79035
6146	6161
5878	7037
6165	6204
813	3053
6193	6203
4678	83879
7531	8655
1453	6210
6201	140801
3655	4233
8945	90293
3921	9136
6132	6170
4709	29796
972	3123
933	973
163	6453
1292	10536
323	351
4173	7298
1894	9833
5829	10458
117	2792
1910	2797
79867	91147
332	9700
701	7153
6138	6227
1937	6125
221	5328
9295	10250
6144	6189
4736	6137
4736	6169
6144	6207
6167	6228
6222	23521
23149	51429
2932	5714
8829	10512
6185	58477
6626	10523
4867	80184
6125	6159
1908	2865
389	89846
1793	5747
1161	51426
4736	25873
6135	6202
6205	6206
6188	6222
10663	259292
3635	3667
6128	6141
26123	79600
23533	55361
3659	7015
1129	4889
5879	375790
6142	6170
11015	51014
6175	6233
5347	54820
7334	55294
1781	5861
6207	6229
6139	6169
6556	196527
9870	26091
1665	9128
57154	57674
3915	4240
6830	55677
9320	57154
3619	3832
6836	9276
6128	6171
5552	83706
11169	84296
1783	6232
1364	137075
2071	6878
1933	6207
26190	55832
156	351
3107	6672
11338	84271
3310	23225
10959	22818
3017	8969
6138	7178
87	51097
6164	6217
6124	6125
1650	7841
6147	6160
1793	6714
6426	9782
891	51433
51088	144699
4712	4728
102	1499
1812	10268
3579	729230
2920	55970
4771	122786
1282	8974
3309	6836
3312	10808
6228	6232
6230	23049
6155	6232
9183	79980
6164	6208
6129	6147
4343	6233
4343	84441
6154	6175
1639	1783
1062	6249
3672	3915
10952	58505
2033	9967
1387	6601
9276	24137
51604	84720
1233	94235
9700	23397
50506	90527
3192	6626
1908	6863
6133	9887
9967	84498
6152	6173
7311	10818
10236	10949
23350	79869
23566	27199
891	1058
3764	10060
7862	54815
462	2147
1490	25937
5869	10552
7704	142689
6233	54677
886	2922
1656	27161
4736	140801
248	6975
6157	6228
5048	121441
1662	10528
23160	64318
636	5048
3854	8689
9126	23063
521	9556
2828	54331
10592	24137
4283	9290
6625	10236
891	9833
945	222487
4700	55967
6132	6173
11176	79595
1327	29796
3371	3569
6210	27340
8886	84916
50834	338442
1950	5771
7311	9978
2222	3156
8074	29106
5433	6426
10155	25888
3710	10235
8338	10526
8615	9570
3672	3688
3915	4811
10514	10885
7532	80097
699	83540
6203	7178
5707	10576
7316	25977
6176	6206
1315	29127
8826	128239
6201	6209
1129	8322
6175	6194
6139	6229
6159	6206
6790	29127
5093	6625
2358	57413
6194	6222
4691	9136
6363	6752
545	5889
6155	6165
722	725
607	8945
6790	9833
9282	84498
27229	54801
6210	6222
2064	54206
1994	220988
4588	56667
930	29760
6170	25873
10403	51143
6124	6203
6227	6234
5700	5706
6138	6168
6173	6194
24137	146909
5686	8668
6189	6229
6139	6152
10083	257629
5715	11047
699	3796
6142	6157
4332	6036
10540	29127
1499	5777
6146	6204
3340	6385
1994	8570
4125	5657
140453	192134
5706	51053
1299	1307
867	5290
6128	6143
6136	6189
891	5516
1495	51474
1783	9371
3659	3660
51143	113130
1933	6135
9416	55660
6137	6154
2873	8945
152	5179
10914	79869
55131	57647
4915	399694
3646	8667
1292	55214
199675	338339
5094	9343
126006	729230
10324	51666
4512	4536
161	3482
7272	9787
1434	3837
377	3799
23291	89910
9833	55165
4924	5589
2535	55970
963	1536
332	1063
6230	25873
1983	6232
5725	9879
1088	338339
5887	8450
2962	80004
2197	6228
5610	11274
945	6556
6157	6232
63915	84062
545	6233
746	100128731
2243	3481
6728	51121
11128	25885
988	6950
4512	4514
4839	55720
143502	285093
6135	23521
1058	151246
7514	9972
1536	51382
6155	6201
9870	64219
8969	85236
3192	4670
4700	4708
999	9839
2792	26339
6142	7178
6201	9724
7311	89910
1000	84141
9367	55275
2730	2937
6129	25873
3887	3889
55142	146057
29093	118487
9045	11224
335	2243
6156	7178
672	8314
983	6502
3655	5339
4085	79682
4691	22984
6147	6173
5528	55143
187	11251
1347	84833
1857	55361
9776	55626
3091	5708
2131	6385
3008	3009
1783	6249
2243	2266
1499	5781
553	6869
3190	51692
10121	10844
2695	2784
6135	6155
187	5196
8886	23560
5861	10540
27340	57647
6160	9349
10592	22974
344892	390061
1103	6572
26589	64928
23322	57545
288	2348
1783	29127
121504	653604
23332	57551
1511	8635
7316	91445
6161	6189
6207	6209
23275	56999
9700	9793
5879	10788
10466	79571
6139	6208
1965	8892
6135	6228
6205	6208
5985	8914
6396	9871
5436	85437
9277	51010
991	1781
996	23327
2266	3698
51289	259287
2185	6461
6133	6189
1937	6138
5747	11099
54742	80328
991	9918
6161	6206
4736	6122
800	3693
6147	6170
259287	259295
988	6596
1350	4726
6129	6157
988	10767
9730	23304
1969	9564
54716	153201
6170	6202
26146	79989
4706	4717
3836	3837
1781	57545
1758	8404
10772	27316
6135	6143
301	27334
1048	8434
351	3913
1870	4208
1173	8301
2197	3921
6124	6135
6193	6206
6208	25873
9126	54780
10652	11014
6746	28972
3569	4286
274	51411
6628	6636
6154	6208
1910	2867
891	9787
6234	9349
2268	5829
6210	8662
6165	6201
695	7305
7536	10772
6161	9349
9183	113130
3913	375790
1453	1855
8243	10735
64976	64983
11073	63967
10254	25977
699	9824
3689	7305
5501	9793
3915	11098
1347	4713
1072	5216
6233	9927
5516	10023
6790	10112
516	26521
7516	11073
5318	5493
4670	9128
6124	6161
6240	10592
6204	6229
6204	9045
2792	128366
3184	27316
3111	3127
8074	8404
1665	4686
983	79959
11252	29924
7321	65264
2865	2867
1911	57504
57521	389541
5528	23047
113130	348995
6132	6218
6135	6136
6122	6205
3360	10888
2784	594857
6194	6202
6158	6168
9320	54778
705	8602
8337	85236
9320	26268
5795	6714
6158	6233
6208	6218
50835	259293
9128	55234
8697	11059
6923	23198
344892	390077
4736	6170
6556	100049587
4724	4726
1829	1832
636	22930
1111	7486
4332	8635
9341	51429
2206	5335
397	5880
9700	113130
51088	51122
6143	6228
6124	6160
2033	23112
7249	57521
4171	5984
5217	55740
746	1603
1050	7124
6124	6176
3481	5005
4313	4314
9527	84516
10051	23244
2828	2865
6124	6143
1291	3688
9793	121441
51320	55175
2923	3309
6203	6207
699	3619
378	10282
3646	6156
3688	7424
1670	1671
6122	9349
2767	5296
4599	23586
799	1812
1365	1366
164	55330
7846	57545
9341	115548
3178	6430
6208	6230
3838	22974
641	7316
4715	4718
10285	53981
2358	338339
5869	8976
2840	4986
116	5746
11070	22820
701	10733
9221	23160
10540	57545
2197	6137
4116	6227
657	9765
6185	6729
259290	259295
163	8976
9246	11275
857	4088
5698	6890
5518	6228
6137	6224
6132	6235
57551	81930
6181	6232
6139	6181
5094	84991
1741	26037
11176	64426
6727	140801
2867	6288
4539	4712
23291	55832
2197	6234
9350	56963
29088	51264
11338	23511
4670	5094
1639	9371
837	841
8533	10445
4736	6138
7337	51132
353139	353145
84727	122769
160	6233
6154	6194
1933	6168
25929	79084
1121	79958
6700	353132
6156	6173
2204	79895
25827	115290
2207	3937
5708	5887
1063	3832
4171	5426
2804	9276
1793	10787
5739	94235
64963	64976
4172	4173
990	84515
7158	7311
51692	55339
2033	10498
4540	4726
6138	6223
10121	79867
9787	55165
3714	4854
6138	6175
9793	55746
2847	10563
6170	6228
2800	9827
2919	6947
11127	64792
6207	6227
4670	10594
7042	10490
9144	11322
4707	29796
7178	10399
64981	116540
10959	22872
2865	54331
1933	6228
23122	25936
10799	88745
6173	6227
10427	126003
6556	160364
1650	3920
6167	6169
6136	6152
6170	6227
58191	63940
6231	9349
6233	56254
23326	79595
351	7852
1453	6224
10489	79654
1314	9276
2962	27238
6203	6204
963	10970
6631	6637
6224	11224
3163	5023
1008	1013
4736	6144
6091	7852
6218	6234
5469	80205
2165	2244
6136	6218
3111	3115
55008	57154
5589	56975
8085	8289
1551	1555
2880	6648
5977	8289
1329	29796
28977	54516
2177	11073
6637	51639
5903	9631
6164	6201
6169	6208
55143	220134
28981	79989
1991	4069
148	2922
6218	25873
374	2069
3433	4938
1783	54821
7004	8463
6168	6208
580	10714
8945	55832
55970	126006
5036	203068
627	6272
9730	84085
6128	6202
9892	10092
10594	23450
6157	6234
5861	326624
7317	64682
3191	5725
2197	6189
79867	80184
675	27030
351	78991
6209	6231
3320	10458
5705	5718
27044	55750
627	5879
6147	6158
858	1956
55127	84172
6139	6173
567	3133
7003	8463
4712	29796
7096	10333
3184	220988
6204	6207
3683	3688
3635	5294
6142	6194
2268	9564
375	1314
1894	54443
3655	3918
4697	4708
3693	5829
6631	57819
514	10632
1956	2247
4312	4314
6188	6203
2197	6170
9363	9367
7311	8290
6233	158506
55143	151648
2197	6224
6204	6235
6164	6222
3320	10787
6168	6231
5347	10112
6790	22919
6209	140801
2695	2792
7311	11224
29796	126328
6714	57670
23332	79172
3326	7415
6141	6168
6165	6228
6130	6218
5529	151246
122042	285601
4641	11127
701	9700
6146	6173
6152	6229
846	339403
1105	4343
6207	6218
1329	4712
891	55872
4353	6036
1398	10818
689	4666
4904	10465
9662	10733
6167	6224
6146	6206
9870	57542
6159	10399
695	3725
3071	10458
11190	54820
2475	9675
1081	7252
6138	6141
2071	6830
7311	25873
5695	5706
54820	55143
2064	9475
6155	6234
174	2266
4509	4539
87	1499
4116	6637
51465	84447
9371	64837
84135	134430
6132	6222
6709	56729
7514	57551
6227	6232
6158	6222
6146	6165
1793	5829
9382	10905
5714	6790
64219	65264
5473	10321
6632	51503
640	7525
3355	4543
9847	23265
23279	51362
1241	56413
23014	55832
8841	79685
1605	3672
1915	6202
3055	6503
2197	6181
4670	23435
4670	10523
1325	2847
846	2798
1509	10159
8329	653604
5701	11047
90293	143279
800	10398
4852	5179
6135	6137
6635	23524
983	3832
5970	57506
7337	54778
3643	9021
1650	6122
3134	3659
377	29127
1854	4174
3689	3693
8453	79699
5878	23011
53339	197131
2920	6288
6157	6181
996	23291
153	6343
6164	6205
6625	23524
6164	6175
6175	6218
6175	6229
2769	5335
26232	93611
3190	10657
6222	140801
8243	10592
5930	84961
5528	57405
1544	3620
8453	8945
2252	83888
9410	84950
7305	100049587
9557	57804
23350	55749
6698	353135
3361	27199
3655	3914
51692	55749
641	5424
988	55631
9611	9967
6235	140801
1793	100423062
3984	54434
23291	65264
1576	1577
4593	57144
6164	6194
1915	1937
5707	84962
4734	23291
5880	80728
941	942
56902	84128
335	336
7133	8740
9126	23122
7388	29796
1453	6202
2982	2983
10575	10728
1347	1350
6747	23471
6152	6233
55781	84135
6130	6208
3490	6696
23122	55746
636	25782
6136	6173
988	79869
4173	4175
8615	10802
2318	3688
6130	6188
8581	10232
705	84549
55832	80204
6132	6727
4700	51079
11103	27340
7311	9020
6141	6144
3267	5878
54578	54658
6173	6222
8322	9341
617	26517
10594	11100
7314	26263
2776	2788
5685	5700
6122	6142
4953	51686
6428	220988
1133	8477
2186	9739
7536	10236
6152	6170
6159	6173
3836	10971
6233	221937
6158	7311
79090	90411
1478	9128
1062	5526
10395	23371
2242	6237
6125	6233
6233	11059
6156	6175
988	9475
2132	2817
4509	4537
3054	9739
6428	6432
2803	90196
114	1814
1290	10536
6137	6170
3017	8337
140807	319101
54620	80204
50617	155066
4695	4707
10112	22974
7334	7353
7200	84634
11322	326624
174	51156
4710	4726
3633	29984
3861	9119
26091	57542
4701	7388
928	3655
701	56992
5747	10298
4800	6667
1981	6232
890	55165
111	1812
160	22872
2151	2791
4952	8976
3921	6142
5516	51400
10250	84950
2147	3481
932	326624
1783	2491
5928	25942
1111	8317
1495	1969
26239	353132
1994	9879
58	3912
1493	3690
3688	83660
6176	7178
1956	3691
6133	6234
3001	5551
6142	6232
6154	6233
3156	3157
6222	11224
2207	100049587
945	3903
6147	6164
3675	4233
6155	6202
5976	56006
3921	25873
6159	6232
7337	11275
1439	5777
8450	55832
6209	9045
4736	51187
683	338339
389	9322
966	9276
1387	8289
6208	6222
259	2244
10256	54845
11014	11015
892	9477
6231	25873
6202	6229
1645	1646
10714	23649
1981	6208
10403	56992
29796	54539
26476	344892
7454	8976
999	8907
6160	6193
4288	7272
11014	22818
10427	10484
1329	1337
6203	6208
8662	9669
3355	5173
5928	10014
6188	11224
7478	7484
4591	65264
3956	7076
971	29760
6143	6171
6125	6128
3326	10576
23275	23509
51258	64976
552	2847
6181	25873
197	5005
9716	55749
55175	56995
6141	6176
4543	6751
6144	6235
23322	80184
7311	8945
6130	6155
28973	64928
6154	6158
6130	6147
3071	9564
6137	6152
351	1269
5685	10393
6173	6201
9585	24137
6139	6160
332	3619
4707	54539
6637	51503
890	5347
3122	3662
25798	326624
10000	55970
79664	92105
991	10112
3192	27316
23521	25873
51433	246184
9212	83461
5797	25945
5329	11322
8976	55971
107	6288
6157	6230
9984	23279
6161	6194
6155	6157
8905	10053
23142	23291
8334	121504
1268	50865
1133	9002
64979	219927
8886	23160
6194	9349
9903	84676
9787	10592
1781	11190
80184	117177
6188	6202
6122	6194
6208	9887
1717	6307
5093	5434
6237	10235
2833	6346
5822	10885
915	3702
3912	10272
79501	285093
5540	6755
26123	79867
6201	6233
5230	7167
301	7852
27161	192669
6157	6159
57678	253558
11314	100049587
1555	1557
7514	23122
2033	8648
3064	55660
6500	9604
2801	5861
7003	7004
6709	51014
7272	10403
6164	6203
5657	56729
6709	8729
90025	158506
6165	6170
4736	6158
4288	26586
114	2492
51289	259292
8085	26523
3071	8976
1161	5887
6125	6201
3921	6144
1783	6709
6142	6167
27327	80012
5604	23164
6628	55110
8322	8324
2537	3433
6184	6185
6176	6204
3122	4261
6142	6202
6203	6232
6152	6234
929	7097
4599	91543
5529	5711
1287	8974
55720	57647
7057	83706
4584	50614
6130	6230
6170	6234
8349	8365
5422	7027
973	29760
26155	84172
932	966
6130	6139
988	6602
1551	1576
6164	6230
3882	8689
566	5657
9833	11339
1453	6223
4710	4724
4736	6139
1063	81930
6128	6159
5501	79172
2935	6122
9439	23097
3681	22801
151648	220134
6224	6232
3190	11338
3937	5788
3313	23511
1495	8394
1387	25942
2444	84766
1445	7525
5868	8301
2155	2159
6135	23049
1337	388753
6201	6204
1946	5294
6232	23049
6157	6207
5286	29988
10163	147179
3274	285601
3672	3696
29093	51023
4171	81620
7453	8565
55863	91942
55970	63940
245937	613210
125988	440574
6146	6228
1292	7373
122876	594857
1495	128239
51071	126133
6193	9349
160364	199675
11190	22974
2177	2189
6518	84329
186	3350
991	6232
130340	152503
351	3912
4686	9128
988	3843
2266	51156
6124	6175
2071	8450
705	84946
3685	9475
6167	6194
3434	11274
9138	55970
6157	6204
932	222487
6164	51187
9341	10254
335	338
5438	6635
1557	1559
174	3827
7057	56999
3191	5094
6233	54778
6159	6223
9636	10379
1062	4751
2962	10291
3859	125115
6133	6158
56923	259287
1933	6218
10733	84131
10396	25798
2107	6173
7337	26046
4584	140453
6158	6175
4361	10714
6461	10787
117177	121441
1241	55970
54751	83706
1994	5725
3422	4597
3192	23350
3491	10272
3437	4940
2197	6128
4700	4713
6426	23517
3178	3609
4701	51079
6142	6181
6229	6230
140460	197131
6170	11224
7852	8698
1659	51503
10022	56923
6146	6175
1822	57504
4111	158511
6139	6185
6135	6142
6125	6228
10153	55131
81	55243
6189	23521
10321	57554
389	114793
905	55677
1435	84141
2962	57794
9136	84365
9787	24137
6206	11224
393	11015
6133	6165
6139	6202
521	4701
3017	126961
2359	94235
6385	7057
3627	6364
6165	6209
6129	6155
84643	93661
2131	375790
1991	56729
6626	51593
5339	6164
6159	9349
7337	23309
1650	6130
6161	6173
5597	5718
963	64386
55008	151636
328	10038
6175	6209
6701	6704
1387	27327
719	58191
2817	4035
23304	56658
6152	6165
351	6370
23608	140456
3673	3688
6173	6209
117	2695
6136	6202
1933	6193
351	2817
9730	63891
2784	2847
6157	6189
10075	51132
6137	6202
23014	65264
1350	10632
6164	23049
28973	51069
174	3698
3181	10713
871	1291
6189	6204
2224	6721
1781	6993
29093	51264
5286	6233
996	8453
5976	6167
3833	9700
3854	342574
10749	51479
3240	5004
6133	6142
10153	79954
7311	26249
6173	6181
10577	56729
3006	8337
8452	200734
344892	390066
53354	60490
6181	7178
4707	55967
1856	7314
7311	140801
1605	5879
6427	6432
1660	10523
891	6249
2243	9715
6122	6169
1915	6138
6159	6234
9636	23586
2358	53829
5361	55558
3915	5621
857	284119
6143	6155
1497	23729
3071	6461
55759	84128
2767	64407
5707	5708
6227	6235
6142	6189
5660	6376
29127	51014
4726	9551
400	23041
1544	169355
81	9564
1727	5707
6188	6235
2197	6130
6141	6232
6181	6205
9793	51143
7311	64750
5869	26130
6233	7311
60	57591
6133	6206
10772	10949
3091	112483
940	8516
6176	6232
3190	10432
2537	10561
336	338
3185	10921
9055	10592
6138	6170
3181	5725
5528	113130
4853	6868
2359	56670
6167	23049
3267	5868
6146	6201
3849	319101
1432	5062
4854	5087
9716	10236
84648	353139
6160	6164
2956	4436
4540	4695
6133	23521
988	64682
10484	126003
6233	26043
350	5267
2204	199675
5290	259230
2537	8638
3655	375790
7314	9134
6160	6181
57105	94233
1387	81857
4867	23322
6168	6227
6176	9349
79583	80184
1063	24137
2023	2026
3433	10964
6167	6234
2159	2266
3437	4599
2965	9646
377	9371
6156	6202
2197	25873
5594	5781
6136	6181
7272	10592
5694	7314
9877	10250
6207	23521
5432	8450
6136	25873
4867	79867
6874	51230
1915	6159
11224	25873
3683	3693
5878	8411
6625	10523
56929	79176
9363	64284
1933	6155
5872	79958
1314	10945
6233	55670
6152	6227
3837	9972
886	3061
3191	3192
6207	9349
111	799
22856	55454
6520	8140
336	51156
4713	4715
4599	10379
2804	64746
6181	140801
9341	10552
3921	6201
4161	7432
6176	6229
6176	23521
1062	24137
834	114769
3897	57698
3267	10618
6154	6155
3635	5777
7311	9349
4736	6218
6138	6152
10885	26155
5695	5700
6428	6430
6168	6233
8365	8969
79470	344892
6136	6161
7272	10733
6125	6139
6206	6210
6175	6232
6122	6175
999	1001
6142	6229
891	5861
1511	4332
6229	6235
5869	51715
6618	79035
4670	23020
5558	10926
3576	6364
1453	80097
6160	6234
83597	390327
4738	54939
8648	9968
6233	26091
1906	2150
6205	25873
3685	196527
6142	6173
6147	6201
10112	51014
6201	6227
6165	6188
6157	6222
2934	51411
10802	51014
2847	6363
6357	9290
6146	6176
4904	22826
3304	3320
4695	4700
2099	6198
3837	348995
2921	3576
9320	25831
3183	6426
3619	79172
1956	8976
1398	6714
4236	10291
6210	6223
10236	10594
2475	57521
153	796
4174	7298
5868	51715
6204	6232
3674	5829
6139	6222
643	5368
3190	3609
57787	146057
7337	9730
183	259287
1026	1029
6156	6230
6430	220988
3361	3627
3172	6927
1350	27089
51143	55055
3006	85236
9968	23097
1937	6228
22872	100302736
11100	11338
389	30851
1232	50834
5557	54962
6169	6176
9055	29127
6173	6202
2810	3918
1315	4905
752	5217
1022	4005
6170	6173
26190	54165
1856	5869
6146	6159
4686	8021
6161	6165
6434	8175
4707	4712
963	10857
3308	3312
6122	6206
6139	6156
348	5360
11102	134430
3134	6890
1282	1295
6202	6230
391	55843
7189	55626
8560	10970
6160	6176
2695	5741
9045	10399
4738	5695
23601	79895
3107	10475
183	51289
9793	26005
6631	6635
999	4646
6176	6205
9126	11130
1894	29127
1630	137970
645836	100287238
3569	6347
4993	344892
51593	64859
5604	8826
6161	7311
6160	6210
1676	3836
3066	9014
3479	54863
7082	55243
6130	6207
58506	130074
9277	65083
5579	55970
10959	100302736
8178	11267
570	23600
400	57511
26091	151636
3192	5093
3921	6133
1991	3240
945	3685
6181	11224
51382	338339
2242	5361
108	6750
9126	23244
6135	6230
1398	7409
2792	391195
3491	7184
1660	55749
871	1287
836	6789
50509	169044
5520	6132
9459	29984
2968	9656
7311	126961
1894	5879
6139	9349
64792	150737
1956	284119
2195	7124
6181	6207
4700	4712
2792	2847
23376	142686
5885	286053
5023	326624
3688	7052
2237	23649
259293	259295
6164	6207
1048	171169
2537	3430
259290	259293
3690	3791
83551	319100
8514	22918
887	5020
945	2548
6165	25873
5872	51715
5983	56852
8581	27076
23310	64151
1908	2797
8453	56995
4008	144699
5725	10949
3309	29927
3352	5540
2524	2525
51382	160364
134	6376
3579	55970
1655	11325
10285	55749
1445	54845
6168	6234
1783	11014
50835	50838
1350	4695
6136	9349
5557	23595
6122	6139
23431	27131
7458	8662
6205	51187
23327	115290
3691	3909
5880	9844
3837	10575
56919	57647
8349	85236
302	3074
6154	6223
9276	10427
6144	7311
301	2788
5437	7874
2266	9715
4144	4548
6233	10111
1453	8945
9493	9787
10403	10592
6229	11224
991	9787
11004	64151
990	63967
2719	3698
4734	8453
8351	8970
7311	9666
9702	55142
3133	6890
6688	7805
4736	6136
1310	169044
3312	6804
885	3061
4758	54472
3921	6228
23291	26091
5501	9700
6133	6173
10970	11322
2790	27334
4116	6167
5610	6774
64151	157570
23014	142689
830	55604
5430	9611
1435	1462
4713	126328
9867	197131
108	283869
5547	326624
54998	55052
5119	9798
2641	346562
6175	6181
7415	56729
10236	11193
6181	6223
672	51755
344892	387748
4735	23322
389	399
10489	221687
2036	8573
2817	3340
4588	192134
9833	10112
7175	55746
2790	7852
11218	23511
22984	25885
6229	65008
6203	6205
10071	50614
915	3118
5339	6133
6132	11224
8878	55669
3491	54972
10075	80204
3215	3216
1741	22941
2867	23620
1116	4069
11103	84916
5347	11190
6130	6167
950	8976
3685	80781
3071	10552
55127	65083
185	4988
351	7466
3375	7253
2792	3763
6272	79158
383	3240
3833	55143
6133	6193
6135	6161
29093	65003
152	11255
830	1604
932	2358
6249	151246
4735	7283
55746	57122
6156	23049
10394	56729
25885	64794
3915	7402
6230	7178
1942	2041
6625	11338
4710	29796
1915	7178
10376	10693
891	6790
7311	23607
345	4036
9564	10787
890	9833
6136	6160
6830	22916
3797	24137
9632	22872
2132	375790
4331	5436
6426	6430
3853	3868
6147	6205
695	3710
2197	6194
3429	8638
3157	4598
4297	23269
1237	2917
2358	160364
2967	27125
1662	9136
6233	9045
3683	7409
8570	22894
83540	259266
6128	6228
1062	29127
1933	6165
23332	27229
23608	84676
996	5717
2791	7474
3191	23283
1364	1365
6667	8648
6157	25873
4709	4726
8548	64746
813	5954
6230	55272
1291	5352
57154	89910
6169	6202
5879	64333
8514	10857
988	10574
2358	170482
8976	29763
79895	222487
9283	51764
966	5023
2151	3356
55168	56945
7311	9856
3190	5094
6164	6228
2791	221391
6631	51639
7311	23586
5566	57787
5529	22919
6164	25873
972	3119
5529	57551
2537	4599
6152	23049
6157	6233
991	9055
7175	57122
6232	7514
55326	137964
1387	10499
1933	6175
213	5265
23309	27327
1303	10491
1398	3055
9738	54820
5684	5685
1511	4069
3101	64841
5711	8453
5929	8085
3685	160364
2535	4919
23076	57696
930	973
3725	4772
3434	9636
83743	84172
9700	64682
26249	140460
64386	79895
10458	55740
10189	29107
6204	6228
10959	51014
5422	10592
1329	1350
4985	6752
5717	200734
336	3827
4809	6633
6232	7178
6138	6176
6154	6167
10618	79571
57084	140679
226	5768
6194	9045
2048	5921
8568	22984
6152	10952
25926	84128
9730	64682
6175	6202
6147	6155
1435	3690
8697	8945
3913	11167
6168	6201
8082	8910
10802	10959
8349	79019
4283	6364
1781	10540
6169	6230
6241	64151
25977	54885
6136	6168
4736	6156
8881	26224
6130	6154
2209	3055
51023	55052
841	1281
4035	10082
2064	7311
350	462
2828	84432
117	2784
6222	53918
4536	4539
4736	6152
1063	25909
258	5179
54996	64757
246	11283
6169	6233
6850	9564
2491	54821
5660	63940
3017	8349
332	22974
3053	7018
6601	8289
1894	10112
9320	144699
705	84154
2242	9855
5368	50865
5591	7486
1116	56729
3066	23028
3827	5345
1956	3688
2767	5335
6233	22888
8301	9341
9126	79172
3339	3912
5715	7314
2491	6249
1910	6863
6209	9349
9875	55127
999	1500
2002	6722
1983	23521
7155	8289
7336	9867
2358	6556
7110	10618
8916	9039
7852	63940
399	5879
6124	6146
336	2243
988	1994
64761	83666
1880	196883
6168	6235
3054	25942
5878	51715
5433	9879
2919	4317
2197	6157
1500	1969
3852	3860
4734	89910
2197	7311
1043	2350
3184	6434
6427	220988
51143	57405
4666	11224
65264	90293
6156	6160
988	23595
6155	23049
637	8626
10885	64434
4116	6206
1660	5094
2776	27334
1108	3094
1062	55055
1129	6572
7409	27071
1909	2922
9716	23350
2811	2814
8329	8349
5950	7276
55781	134430
6700	26239
864	64750
1069	10426
7779	27173
3619	10274
351	5443
11187	64065
50832	54429
335	2153
389	393
5878	11252
3183	6432
1778	22930
26682	344892
23014	80176
7514	9793
2994	6005
64151	83540
6146	6152
3017	440689
1981	8672
6193	23521
22974	29127
5928	51317
1642	9730
1292	5352
2801	5862
2919	4283
6827	80349
6147	6175
2177	7398
1230	83756
1783	3799
10112	54443
185	186
5500	5516
6173	9349
6137	9887
7004	25937
3797	26146
8085	57690
6129	6204
4591	11059
3915	59277
4927	50628
5338	9744
6159	6160
1329	1351
3609	10236
9700	10735
2099	5241
2975	11128
79659	92104
1455	89780
4736	6167
3903	5023
22938	220988
23028	57504
6154	6206
2932	5707
6774	9021
2962	6618
1435	10618
3817	4317
1058	9212
2551	4899
6188	6229
5347	29127
1269	8698
5036	10576
10236	11338
6147	6154
6692	6768
54821	79172
1937	6188
1879	5079
1136	1137
695	5335
51023	219927
107	3627
5266	5493
3190	7919
10376	84617
9564	54518
6122	6158
1350	7381
8658	80351
9276	9371
9459	64098
5438	51755
11314	196527
1301	50509
728	846
6222	6224
3191	79869
2801	10802
3667	5580
51289	259293
10992	27339
1290	1303
5928	9070
10282	10652
9585	10749
988	55215
3611	6790
10802	22872
6231	9724
7314	10980
9655	50813
10574	10963
3836	22974
377	5861
7311	92421
8826	55109
6176	6189
3491	11098
79172	348995
6209	10952
9021	57674
91	92
79711	84172
9551	27089
6754	50837
6202	140801
6206	6208
718	1369
10949	23658
2736	51684
821	10802
2153	3481
5970	6667
6129	6233
598	6774
6135	6181
3833	24137
4298	9646
3240	56729
1453	126003
977	3655
4116	6202
9551	9556
26268	84085
2033	8243
1981	6175
4998	5422
6152	6156
1062	5903
891	81624
1287	3685
7536	27316
6714	10298
3672	3912
4709	91942
3895	3915
26338	65055
1634	4060
5196	11251
522	539
6727	7311
672	7516
4724	91942
26268	140461
9493	10121
6228	140801
6869	347148
1781	10383
1173	5962
1029	1030
3178	8175
53831	441864
6227	6229
2740	94235
1062	9585
23291	56929
8729	10959
6868	7311
27327	84441
64976	116540
5589	23193
9277	80135
27340	55720
6133	6146
4700	4717
6129	6160
5717	126374
6156	6235
8027	51429
6138	6144
4848	23019
1241	2767
3190	27316
6209	6227
27134	100506658
6152	6204
23423	54732
10959	222068
6241	55143
3355	5179
5579	9564
6161	6207
3313	5903
846	56923
5433	55197
4709	27089
3190	11052
6193	6231
6453	51429
6129	6208
6154	6230
1347	10632
3187	7536
6128	9045
5985	83932
6206	25873
3796	10735
6878	8295
23279	51692
7124	8740
8065	9354
22954	23291
338	462
6432	10189
6709	7430
6208	6209
641	2189
251	23627
10403	57082
3689	199675
1813	4283
3921	6154
6142	140801
6234	23521
5519	79172
1499	23291
6164	9045
5879	5898
6637	83443
3945	4200
3046	3048
9295	84950
6194	6205
4159	54331
1515	3122
6154	6189
831	3688
9798	27183
1269	56670
1994	10949
10236	51692
677	56915
2935	6173
1908	23620
60560	80218
6047	23291
623	56923
6426	10949
4670	5725
26539	344892
24137	259266
10285	23350
219960	285093
10561	55601
10621	11128
10043	25798
6134	6154
28998	118487
991	54908
6133	6169
23011	51715
915	3560
5747	9844
11325	51690
567	3107
10540	24137
2064	2886
142	56655
6455	7474
11004	113130
6229	6232
2185	9564
5708	5970
6168	6193
5501	23332
988	9879
6209	9887
6133	6157
6122	6138
351	83706
196527	326624
11015	23046
23279	79172
2935	23049
932	3689
133	2790
8453	55832
6122	6185
6228	6230
4116	6173
6176	6203
6222	6229
3491	84141
4695	29796
6176	6209
4736	6207
996	57542
6209	6222
4540	4710
60560	80155
2919	6288
3071	3320
51003	51586
983	9631
2810	4486
6130	6229
6152	6168
6156	6168
4952	22905
3921	6175
4540	4713
5704	5718
6285	6288
966	11001
50863	116372
6173	6223
6617	79035
3191	4670
5710	51686
4602	5432
6160	6201
23566	84432
1933	6188
4736	6133
55720	79954
4322	7373
9318	27252
2197	9790
5361	7305
1325	10563
336	4036
1277	1289
9133	56992
6500	7314
2033	10847
5708	51330
8453	8697
9295	22794
7038	7173
6202	6234
1915	6175
91543	129607
3106	3133
1665	84172
3309	51726
811	813
988	55770
6142	6155
6159	6227
2911	594857
5879	7454
6130	6235
3903	22918
534	7037
54998	64979
4736	6181
5518	6164
324	5519
9655	57542
8515	22801
6429	84950
6218	140801
344892	390084
26190	55236
6128	6206
274	11252
566	4069
904	5451
705	51154
9371	10112
57153	199675
1665	3192
6869	64106
2888	5584
54606	55131
5426	23594
695	3055
156	2863
6176	6224
4540	4701
2033	9757
3627	4283
7525	10413
4088	5594
50831	339403
4540	4541
1121	79090
6633	11325
116541	219927
4540	126328
4171	11073
1595	4047
80018	80155
6159	6175
6428	22826
109	10681
983	5519
28981	92104
3916	3920
2081	7494
6155	6158
10540	22974
595	6777
10193	10489
2886	5155
7283	22919
5604	7529
6455	23149
5747	8976
5094	10285
3797	57539
6175	7178
3122	7535
857	64750
10943	54556
996	9320
3895	5879
6222	10399
916	50852
5660	84061
5707	5717
5347	22974
6154	6165
1943	2046
6143	6231
10618	84141
11065	83461
336	345
6201	6206
8560	11322
3127	4261
160364	170482
1610	4843
3491	3915
6387	57007
54148	55168
2692	2838
5741	7434
6950	84617
6203	6227
1994	10250
6223	27340
10112	29127
64386	84329
5739	59350
728	5697
6189	9045
2033	5469
5430	6601
5714	5718
3105	3133
9903	140456
4317	6947
920	1234
6125	9349
6154	6201
6224	9887
2043	2050
7852	55970
6154	6232
259	3698
2205	3702
9968	23186
9820	90293
9282	9968
79895	199675
1453	6235
50838	259295
2814	51206
6142	6223
6138	6210
131873	256076
79019	85236
6227	6727
672	7153
2237	5111
6139	6218
2475	6654
10153	51602
1477	24148
972	3127
9320	154881
3861	342574
4793	5714
399	117289
971	974
1453	6204
3191	9716
2782	26086
55168	64928
9276	9632
6201	6207
3192	7536
3170	3651
8683	10569
23112	27327
6201	6210
2919	25797
1665	9879
9636	11274
23533	55970
3106	5696
11314	79895
6143	6222
7388	10975
6201	6208
6164	6233
2847	2918
6206	6229
5708	6790
563	5304
10885	27340
999	3918
5695	6790
1103	162466
6156	9045
80224	374291
1756	284217
1933	9045
6138	6207
4724	10476
4694	27089
5440	10302
7415	10383
84861	143279
56963	148738
8843	338442
5928	10013
2956	23028
6205	27340
6891	6892
988	10059
1398	5781
1665	55127
6134	6202
983	219771
6203	6206
51317	57649
6146	140801
4736	6223
9742	57560
8976	10458
3850	196374
4830	4831
6453	22905
6135	6167
51023	116540
3854	3858
3008	3024
23304	64682
3191	10492
10574	22948
3915	10970
163	9322
55127	79954
6141	6193
5335	10920
108	7252
701	1063
6158	6228
3932	29760
351	2767
1173	29763
84870	343637
778	27091
1669	10394
988	6601
6209	6234
161	6233
6206	7178
8454	9690
79895	100049587
3284	3293
8453	55884
8453	23291
5870	10890
50615	59067
65993	124995
8907	23396
10291	10523
55635	259266
6133	6181
2932	5708
226	7167
54939	55294
566	4332
988	5903
1453	6209
6208	6235
389	10398
187	5473
6155	6229
2491	79172
5000	5558
3855	144501
9181	171177
2919	5726
157	2869
6157	6209
6164	11224
7204	60675
79954	84916
51602	84549
7327	26046
4535	4539
6135	6158
22995	146057
6155	6228
1302	50509
51465	140739
6288	23566
8667	26986
8317	80174
4297	23309
1824	1832
6272	11319
974	100423062
2817	6385
6147	23521
8648	10498
6159	6230
399	7409
3662	4261
25793	140456
121504	126961
197	338
2197	55176
3091	6233
2064	6714
4867	79600
6193	6228
2932	5516
10592	259266
6207	23049
7082	100506658
5741	8074
2801	10959
4695	4725
1915	4736
3157	3422
6456	9892
6232	140801
377	51014
6133	140801
1933	6204
3675	3909
6224	6227
3993	84612
6233	89910
7327	8925
10112	64837
57545	80184
1778	6249
6138	6235
84163	389524
1299	50509
3903	326624
9212	79003
920	8976
6208	27340
55055	151246
27258	51503
3921	6208
1278	1634
904	79577
2935	6170
9655	10489
695	6850
2064	7525
6161	6193
6613	10038
10285	10914
7337	55175
988	55183
3921	6122
6147	6228
2239	10082
3887	3892
5173	6751
1306	50509
23332	91147
3320	10598
6202	6208
8914	11169
10615	56992
991	1058
1063	5347
22888	51343
4712	4713
3091	84962
3832	51203
966	10970
10274	57082
8329	333932
6152	6224
3850	3860
727	259287
9666	115290
6230	140801
6135	9045
4171	5883
522	84833
4288	6241
65055	128366
9475	9826
6233	9341
5438	51503
389	5217
2305	4288
3675	3685
5422	84515
1241	29933
899	51343
3937	7462
7321	23198
5558	23595
6144	6154
11196	126003
2197	7178
4173	9126
130	10720
4718	4724
6233	9887
9967	10432
6632	6637
23595	51053
2197	4736
5768	11167
5869	11021
6181	9045
8452	57154
1605	5747
3190	55749
5725	7536
5331	222545
867	5781
3191	10921
2790	7204
3619	81930
3113	3127
4171	4172
8638	10379
1121	51715
6188	6189
6208	140801
4624	4635
488	489
6170	6175
8301	10096
5696	5698
6218	11224
4952	9562
1933	7178
6232	54821
5707	6386
8568	51096
6223	9887
9212	57405
6168	6202
1915	10399
7532	653784
8085	25942
6165	6223
5347	11004
3213	3215
3655	3915
963	326624
4591	55658
3855	3880
9055	22974
6152	6160
5579	5583
6125	6202
60	10095
6135	6165
4735	57545
10890	51715
6158	6160
9133	10615
332	79172
701	9824
10084	27238
3187	10949
6165	6189
1062	5529
6137	9349
10236	10291
705	5822
329	353376
4735	11190
6137	6142
4736	6173
6167	6181
2792	65055
1291	10491
3683	326624
4736	6188
6224	140801
2519	3074
1595	51478
4102	158511
6122	6189
5715	139285
6155	6230
4702	4710
163	8027
6146	9349
6142	25873
831	5747
6272	9500
10403	10615
2958	5435
6173	6204
3672	6709
6133	6156
6176	6201
3882	8688
1233	6370
1816	104909134
6135	6152
2912	5173
1660	6625
3576	4283
3396	65003
6169	9349
1291	10536
6218	10952
1783	5903
4694	29796
11128	84172
6158	6176
5977	57492
5685	5706
6175	9045
5023	10857
11190	22919
7337	26190
2197	6229
5781	259230
3903	64386
9341	23149
10970	64386
5872	6764
2243	3026
10102	28998
3685	6850
1062	10051
4670	11052
2801	9276
6709	6711
80168	346606
4116	6233
2048	3055
22954	26190
3015	387103
135228	266727
705	8886
54625	83666
8687	8689
7175	51692
2268	4301
6155	6222
932	79895
7184	9601
338	3698
1063	79172
6128	6188
1387	9967
51692	220988
3685	4240
6432	220988
9739	23067
22995	163786
1824	3728
51143	348995
9700	29945
1495	6714
4172	10714
1499	4233
8243	79172
9604	9867
10342	10427
6138	6201
988	7919
2517	2990
1268	64805
523	155066
301	2790
4717	55967
9493	10540
6130	6136
9416	23451
1459	9918
1329	4700
9887	11224
9604	83737
9738	54806
3856	3875
8349	440689
55582	89953
9833	29127
6139	6141
813	3569
570	54363
3394	6688
1208	5406
4695	84833
6142	6210
5067	23627
3199	8338
4738	5688
56945	57129
197	2153
5686	7979
5933	132660
1315	9371
6233	653604
6125	6129
302	23526
7525	10298
3191	9782
2266	3026
6137	6139
5290	5781
1500	1942
3673	3912
3675	7057
6201	9887
4512	4519
6206	27340
25804	27258
4736	6232
4695	51079
27340	84916
6129	6206
10236	27316
51258	64951
6616	11322
1022	5887
302	10383
988	10640
3915	84141
6168	6224
974	5336
6698	6707
967	25798
6235	27042
11235	25843
6129	6203
6426	220988
988	51692
1022	91603
966	6711
3185	3190
6122	6155
51203	64151
1398	3685
3921	6230
341152	344892
1778	10112
6160	6224
5898	5899
332	9833
9742	23059
6128	6152
6194	6207
1111	54962
6142	6165
6142	6158
8021	55746
4116	6170
8365	440689
11339	64946
6132	23049
6426	7919
2147	2159
3856	3866
57479	58506
3685	64386
5928	116092
6159	9045
6155	6161
6233	57674
6923	51755
3437	8638
3832	9585
3122	3127
1062	23095
6156	6208
10959	26286
4176	5982
4718	5284
4708	27089
3915	4233
4700	9551
7311	285231
6161	6222
7335	55905
6233	10818
3181	4670
3886	286887
9903	23194
3915	6714
23517	134430
6164	6204
4713	27089
27089	84833
4707	51079
6601	55193
6201	6229
3437	4939
4710	4728
7415	10576
566	4353
23562	53842
6144	6209
833	3376
566	6037
5880	9138
399	10144
4735	79867
9372	25930
6204	6218
6165	6206
6152	6232
5590	50848
8243	9793
2125	6699
5869	9341
1395	79924
6621	79035
6049	26224
9793	347240
4172	6118
3609	4670
6139	6235
7311	140458
6128	6130
1306	1307
1536	4689
2153	51156
6201	25873
5829	55742
1665	1994
4172	5426
10975	126328
4641	10552
6128	6142
378	10959
6136	6222
988	23435
6161	6164
9493	29127
3619	5501
6146	6227
3565	3567
5695	51330
6161	6203
2623	10661
26146	79659
81930	113130
2865	84432
6189	6218
914	924
5657	8635
10523	27316
3543	7441
4717	84833
1933	6160
5644	6690
940	5879
2255	26281
6135	7178
2197	6136
553	3062
11329	55233
6161	140801
3619	9700
4172	4678
64979	116540
1000	56975
10254	51652
6181	6224
84131	203068
3921	6204
4734	7316
4694	4713
7311	8139
1290	10491
335	462
9886	84144
4738	7979
7316	353376
1665	4839
5611	10525
6747	84061
1660	23020
1981	6235
9903	25793
567	3659
3482	10618
2691	5739
6157	9045
8491	10746
63891	390594
57545	121441
891	29127
8349	121504
54617	57634
2828	23620
2147	2244
1325	283869
6222	25873
6233	9690
6122	6232
5290	9208
3882	286887
6233	84231
3799	10749
8925	53339
1933	6156
940	3695
4352	5335
5048	5516
3491	10970
7474	8324
57662	144100
55750	119548
3171	6927
1933	6224
55755	57787
1453	6193
27097	79595
1453	6233
4694	4724
1121	81846
6863	54331
11127	51014
5330	29933
1129	2912
8021	79023
1660	3184
1956	9341
6129	10399
7175	23511
26716	344892
6223	25873
2923	6185
81	7791
4508	4509
1306	8985
302	6281
3619	9972
9793	23047
5725	10236
3687	8514
54577	54658
988	7112
514	27089
4708	29796
3837	22974
988	56852
4710	4715
3998	6745
112	3579
1650	55754
6132	140801
1981	6230
3486	11098
28998	51264
54575	54600
1387	6667
783	27091
5869	8027
7311	158506
6203	25873
6173	140801
1500	3801
51715	326624
6133	23049
9341	22836
5777	80184
8351	121504
9126	113130
6194	6203
26268	57531
1994	7536
932	199675
8853	11015
6625	27316
2071	27125
5331	27334
54552	55720
2841	55970
55720	84916
1783	81930
10013	51317
701	57082
6204	9349
1508	1514
6138	6159
1794	5880
7110	10466
5441	10980
8915	29775
5954	7184
1793	6461
1981	6210
10112	23095
2767	55970
2837	3358
23046	51014
6427	6434
1453	6189
5688	5715
3689	5023
6934	83439
891	54908
6164	6170
11065	64151
6152	6169
6428	7307
3949	10552
4599	4939
928	3688
3718	6777
3561	3635
8590	285093
991	51665
4088	7048
6427	10189
6189	6201
5829	375790
6142	6154
506	1431
3725	4088
9744	51454
6135	7311
6147	6233
8087	9444
6122	6143
3911	9459
6165	140801
336	4547
813	1435
3655	7057
983	7321
6233	440689
2633	10561
3017	8365
721	3426
3897	3912
122042	196883
3113	3115
6161	10399
6633	51690
55055	81930
205	513
4172	4176
6745	6747
6233	55366
22936	64859
5435	23524
1870	5928
6189	6207
9246	54778
7919	348995
1500	84962
10767	22894
1213	8976
1084	1088
3833	29127
10540	121441
6159	23521
6152	6218
4853	9253
6790	10133
6204	23049
4537	4538
83597	135924
1232	4986
3015	79682
26	10562
930	5336
7316	22954
1290	5351
890	10403
5693	5700
7337	9320
25831	26091
2091	6217
6201	9045
302	5707
8467	64426
3998	10959
6170	6209
6233	10401
9412	55090
1063	2305
5493	11187
51690	54464
6144	6223
4726	55967
3921	6160
1650	6836
11073	84126
8563	23225
2222	4047
1933	6194
84676	140456
6144	6173
6233	7158
4736	6210
1457	1857
1660	4670
8697	65264
1161	51397
1280	84570
811	5589
5332	55970
5872	326624
10432	23435
8886	84172
5702	5708
1956	54874
3437	55601
6139	6210
2207	79895
197	2147
4041	6422
3105	6890
5660	326624
2803	7110
7311	8666
5880	94134
6209	8562
8453	54165
23327	79176
6147	6234
4736	6129
5528	79172
10660	390598
6631	84844
3055	5747
1660	3609
699	55143
8972	23250
514	4700
7525	9844
5067	137797
22954	55236
392188	645402
9690	57154
3688	3912
8648	9282
6129	9349
9119	342574
136	2788
29945	63891
4738	6635
2178	6118
1950	3671
518	521
10885	117246
3797	92104
6233	55666
9282	9967
1173	6455
6147	25873
9879	58517
3619	10403
4541	4724
5903	54821
916	917
83597	390181
8807	8809
6146	6181
6139	6175
302	383
966	3903
6124	6133
83597	390174
1500	51474
3190	10921
2203	5213
1213	10254
4069	6036
81797	344892
138805	344892
3837	23511
2965	6749
5930	26249
8289	57492
3185	10949
3185	55749
344892	390063
9227	9249
9793	23332
6164	6218
6138	25873
6173	6189
6430	27316
4313	6678
25937	51421
29127	55872
3659	7706
6122	6203
6152	6230
4288	259266
1191	2162
6227	6228
6154	6229
1457	7153
3200	8338
55215	64858
5529	7311
2358	3579
1778	5861
990	9156
9787	55635
6207	6208
8322	22905
4736	6135
10458	10552
2922	3061
23608	89122
6152	6188
890	84515
320	5864
1299	8985
9341	51542
6233	143279
6129	6130
2828	6863
1295	55214
107	3552
8655	23218
5469	9968
2797	84432
9739	9757
6170	6203
6133	6170
1456	7534
1487	5928
10890	23011
2521	5094
55252	221937
377	1781
6175	6201
6208	6234
6223	6231
1292	10491
6137	6233
81	5829
1660	9343
1778	121441
5978	80012
3133	3660
3827	5005
6124	6230
2967	51426
2033	25885
6169	6171
6173	7311
3178	3192
51109	54884
2045	285220
705	55720
6146	6234
5868	10890
10902	54617
4736	6171
26284	64965
6036	6037
10857	326624
8945	55031
1536	3683
79339	344892
3799	9585
6135	25873
6142	6143
7316	10254
5394	5822
4541	374291
10155	10780
8351	653604
6141	6203
7476	7477
1603	100128731
6228	6234
3934	6947
6160	6209
1453	6206
942	7525
6635	51690
8698	59340
54998	64976
57405	79682
117	5741
6173	6228
5155	83706
7919	8106
6135	140801
10112	10540
393	399
6173	6229
6167	9887
6139	6207
6194	6218
699	151246
2079	6432
1524	729230
1453	6205
3267	10254
6154	6222
3915	10298
6139	6143
8243	23244
6455	9341
3676	3691
27095	149111
6125	6161
5878	10618
972	3113
7520	55183
6164	6189
150684	150726
6138	6164
4710	4717
718	27199
3921	6159
1453	3921
6159	6208
2207	11314
10635	146956
1983	6205
3135	3821
6227	23049
5594	7533
1306	1310
28972	90701
699	1062
4116	140801
1778	4735
10342	81562
6206	6230
6133	6144
2079	6428
10381	84790
641	5427
10552	22905
6160	9887
6194	6234
6168	6189
2792	5145
4069	6037
25873	55176
7018	85021
6136	9045
64926	153090
29074	51069
3355	5733
11130	79902
10155	201514
2071	9015
868	200845
336	350
1175	29924
1937	6133
521	1350
9276	10802
5688	51371
57787	84902
4710	4718
3912	11098
2932	5704
6157	6201
1915	6161
9002	55970
6128	9349
5688	5705
4131	5048
23244	23279
83540	157313
11128	55703
3912	5954
861	57332
3822	8302
10094	10095
6144	6201
6427	7307
4541	25915
2960	9412
1822	1911
4670	10657
6047	9604
1471	5034
6230	6234
580	1111
6170	6204
332	9787
127247	131405
5861	11014
5795	326624
5501	23122
86	988
2099	7031
1144	1146
1994	11338
719	8514
9329	10621
23028	283248
2197	6129
8106	9410
6712	11316
1536	23601
389	85360
6209	6727
2159	2243
10254	10552
57542	197131
6137	6210
8243	23047
8334	8970
3920	5878
9837	11169
6147	6204
23160	57647
54821	81930
3619	10735
8655	55839
6128	6133
4707	4710
6147	6206
4175	81620
6135	6156
7840	57787
1781	29127
2533	3937
472	84142
6430	10949
521	4713
3093	27252
6169	6181
39	3157
966	100049587
3796	10274
6144	6147
6799	6817
1495	5868
6143	6168
695	971
3437	4938
1499	5795
55168	219927
553	64106
1062	1894
4194	57690
5981	23244
5878	6455
6152	11224
4172	81620
988	9793
3433	10561
5433	10772
6144	6228
9700	25909
1660	10492
2197	6135
632	4094
2960	2967
9462	153090
212	2038
8450	10401
10022	339403
6128	6201
4035	5159
9320	10489
6168	6194
1589	3290
51650	64951
6128	6160
54821	57551
553	680
6147	6229
2932	5526
6156	6207
6122	29997
1991	6037
1536	84329
6667	26512
967	5660
23291	56995
9716	27316
1495	5819
891	55165
57545	91147
3190	9716
6201	11224
7311	154214
10574	22803
919	3123
6160	6207
5688	5695
6159	6167
6750	6754
4736	6159
6209	6224
3119	3123
2550	51083
5347	24137
8737	8878
10051	64151
9903	221687
3181	51593
6144	6227
7317	140459
1453	6232
1660	1665
6161	25873
6207	7178
10482	23279
919	7535
6139	25873
3832	54892
2917	2919
6233	55669
23063	23244
353139	353142
10890	55667
3350	4988
6170	6208
10236	10946
963	5795
1639	29127
6232	6249
27258	83443
10713	53981
6122	6222
890	11339
4626	8735
6240	10051
6152	9045
6164	6227
400	55275
5432	6205
3688	91522
6772	83666
1453	6201
6124	6202
3015	5438
187	94235
55839	79023
5286	7311
57647	84916
5093	51692
3214	3216
6157	6168
1364	100506658
5518	6232
26043	54165
1499	128239
10274	79172
5868	5869
3491	3913
1981	25873
6194	6228
25926	51096
6714	7525
3672	3913
5519	5903
3361	6364
950	7316
643	64805
4736	6208
2268	6774
4867	9657
55131	84128
1937	6229
5347	54908
1639	22919
6129	6194
6129	6228
4992	344892
6125	6143
9564	10044
2177	2178
4343	6714
991	5905
3313	9093
6124	55629
6156	6165
7846	150465
6418	10592
6142	6152
8542	84141
6202	6205
2788	2790
5310	9727
2491	151246
1660	10236
57154	154881
160	8867
967	3916
338	2266
3054	6872
50835	259292
4173	5426
4738	9616
9877	100381270
3688	6774
5438	6637
1781	10112
4736	6142
4736	6141
5693	5705
6631	6636
102	5795
3848	162605
3002	5551
1175	5878
6872	83860
1793	9844
10970	79895
351	7184
54509	445328
2071	55677
10130	10549
6130	6137
7783	11085
10921	55749
3684	3687
3360	7253
3178	6421
377	10540
5725	9343
1981	6233
6138	6204
7474	8321
5054	7424
6146	6167
64928	64979
1435	3371
3015	10284
657	659
79473	344892
10201	87178
3481	3827
158506	285231
6133	6159
5861	81562
2963	3312
25897	55175
3695	8516
521	55028
6159	6205
3109	3113
2207	5335
6175	7311
5179	6751
6228	6233
6156	6229
6167	6189
324	1857
830	9371
23295	140460
5578	5588
6157	6175
6155	6209
3066	6045
5435	84844
5861	5878
2033	9031
5905	23225
5571	8655
799	10268
10161	257313
4736	6233
6136	6235
156	55970
6208	6231
4353	5657
7328	57154
27	1398
9611	23118
26267	63893
116	4914
3685	5795
186	4988
6428	7919
3832	10615
387	7046
6517	84246
9700	10051
1933	6222
1668	1669
9533	84172
6181	6208
4298	6830
8453	84085
9978	158506
6144	51187
6181	6203
2197	10885
1237	27199
116	94235
5294	7409
8356	8365
10952	140801
6518	196527
4436	7520
3048	4778
6135	6203
6430	22938
1511	6036
3184	55749
5747	9564
3071	9844
248	152330
1161	7518
51649	64928
3920	5660
10112	83461
3383	6347
7037	54885
4736	6165
26155	117246
6223	6230
10427	11196
7525	9564
51118	51154
3203	3204
22974	23332
9844	10787
9972	348995
332	5501
26005	79867
1794	3055
2197	8662
6146	6202
287	6326
6176	6234
7919	10236
6157	6160
1601	8322
10426	55835
1062	1783
23291	54165
22897	79598
6222	6235
80097	653784
6160	6194
51639	84844
226	5315
2247	3685
11275	283807
6168	6209
2091	6188
5048	5515
6429	10236
3191	10236
2935	6229
6202	6224
1829	11187
388	393
6170	6232
102	160364
1894	5347
9793	81930
197	51156
5688	7979
5829	7852
6128	6235
9793	57787
6667	23248
84464	201254
1902	2767
3702	9402
9738	347240
9616	150726
6138	6206
10458	100423062
6234	7311
6194	6229
6128	6157
3156	6307
3710	6804
1822	23028
4712	27089
824	831
80155	80218
5878	10254
1956	5829
8453	65264
10663	56923
3308	9631
5558	11169
3681	8515
6230	6232
6602	6605
8655	64792
6133	6161
3190	3192
2033	23774
1938	23521
23122	57551
3113	3122
11325	83443
824	3688
5694	5695
8905	8907
302	6386
6147	6223
4536	4537
6130	6141
6288	9290
5707	5834
6338	6340
1395	2848
3301	3320
2920	2921
7249	7532
2525	10331
10714	80010
51	7311
3921	6206
163	6233
8945	11059
6167	6210
9126	348995
87	6385
3221	3225
857	858
5048	11190
9493	11014
5426	5427
1717	3157
5119	27183
727	56923
4033	5660
6161	6233
1548	1553
5704	5714
28987	51388
6229	6233
286	6708
4706	4725
3619	24137
6194	6217
6155	6169
1387	8648
684	4939
6601	6605
2286	5479
57545	79867
1062	23279
3921	6209
6147	6181
3312	8871
1956	10413
4288	10051
8477	9002
55003	55299
7531	81565
23014	56995
6176	25873
6461	6714
146	148
6139	9045
10096	10152
6188	6204
1293	1300
389	29127
5311	9727
2064	5364
187	2359
344892	390081
5286	9685
3181	220988
6122	10399
51099	79948
222487	338339
2197	6168
22984	23223
1910	6865
5781	10818
5609	9181
6169	6223
1937	6207
399	9938
6154	6176
6129	6152
2788	3269
1983	6234
3833	56992
55279	285237
5725	23435
4969	11081
5394	55127
51592	64682
891	5515
11004	51512
1639	3326
671	1116
2813	55350
6155	140801
1499	5707
1329	1340
1365	24146
2064	5336
393	5879
2268	6714
3312	7037
5430	81556
10376	203068
9276	64837
11202	25818
1337	29796
6865	84432
6128	6204
9183	64105
9820	115290
1282	5033
81567	93100
6193	6202
118487	128308
4543	5179
5693	7979
63967	84515
8349	333932
3856	3880
64837	81930
1329	1347
3914	3918
1398	11184
5689	5700
5196	5473
10051	10592
6144	11224
3882	8687
56667	140453
1001	3728
8514	57153
6165	6235
3054	81887
3915	5879
5879	6385
4088	7316
7311	23032
10403	81930
6182	51081
6167	6223
6128	6165
51725	55819
10970	222487
389	6242
7919	27316
5571	60673
5695	51371
9320	55236
6144	6229
9969	23389
6232	6234
1291	1295
1994	3609
9371	11015
10663	259293
1385	1387
259292	259293
9188	25885
6188	6207
2920	3569
4713	4726
377	1783
9727	55770
9320	26046
6136	6157
84105	347732
991	22974
824	7525
4829	56923
4736	6222
6147	6161
6204	6233
4582	10164
2243	5345
6144	6169
5861	10802
5093	23020
649	3339
6137	6161
6233	140458
6667	6670
2740	5746
1783	5529
705	23160
5339	6194
2197	6218
9133	51203
6047	9320
51715	57403
643834	643847
4798	79913
3312	29763
2829	2865
7979	139285
2251	8823
3978	4171
10980	55294
9015	284119
6138	9349
6124	6138
3912	3913
86	1642
6142	11224
53905	90527
3909	59277
2521	220988
6208	55127
6037	8635
28	2524
10403	57405
5435	6629
6167	6168
1783	24137
6175	6176
1933	6133
5879	10458
671	1669
26091	64750
1058	10726
51	5194
3074	5476
6122	6208
6233	151636
57122	79172
996	4734
25879	84294
623	2357
51382	79895
81930	151246
127544	154881
1017	5707
388	397
6132	6165
6514	6927
5697	6376
988	58517
6667	10499
6319	6720
2965	8731
5624	10232
6138	6233
1669	56729
8945	143279
830	10466
55275	55610
114	259285
10236	10250
3689	3903
1956	2274
973	974
9700	146909
5516	5598
1969	2050
335	4036
6165	6234
1453	6227
10576	55970
1991	8635
521	9551
7316	26986
999	1942
332	1062
932	3685
10491	85301
26589	28998
51650	64983
1088	170482
10112	55635
7320	7322
1854	7298
4736	6124
6233	84749
11190	203068
5368	64805
6222	6227
3675	3912
6133	51187
10857	84329
3921	6207
27198	338442
6139	6144
932	51382
3214	3215
4343	4853
10733	22995
671	56729
3685	84329
6164	9349
4736	6189
8615	9276
4736	6164
1950	85021
4141	7453
5202	10471
6142	6171
388	55843
634	8972
4695	27089
6218	6222
6202	51187
3312	9128
2826	84539
2185	2932
1605	5829
1499	9314
2623	6886
5905	10762
11167	84141
6429	22826
4702	4708
3676	4192
6222	23049
23142	26190
2125	5493
4809	5435
399	9828
6709	6714
6804	6813
8655	27077
4712	91942
1173	2535
51081	51264
6202	9732
5980	56852
6136	6224
2539	3098
7434	122876
3084	85440
2916	346562
3921	6147
2065	7039
9968	10499
2767	7204
3118	3135
6204	6208
3192	5094
389	94134
6139	6232
1816	3973
4841	6421
5004	5005
3115	10346
8365	333932
9551	29796
3797	11015
4736	6205
1908	84432
1445	9564
6234	23049
6142	6222
2864	27334
4588	140453
1232	8843
55884	115290
1124	5879
9724	27042
375	10959
1968	8661
9055	9133
2107	5515
2243	51156
3091	5594
3832	5422
5345	7076
4695	9551
3107	5696
6202	9349
4538	4540
65083	79954
1778	5707
3017	121504
1462	9469
7317	22888
1234	1236
727	50838
9933	10153
1981	6202
919	3122
8356	440689
6142	6147
6203	9349
6228	7311
6181	9349
2935	6157
2197	6207
5929	8945
2932	5718
1605	84892
8970	85236
57187	65109
7184	84141
3192	10236
6135	6210
7869	8828
3123	4261
2197	6142
1536	3685
389	90627
6128	6209
2033	4089
6613	7341
1933	6176
1062	3799
5290	5970
6921	10987
4646	23607
3559	8651
6133	6230
10403	151648
6165	6229
5707	51330
10236	11100
7044	51097
2186	8467
3105	3659
1292	8974
185	2642
2209	2268
3488	7857
5000	7311
1366	4072
444	3091
377	830
2736	2737
23279	25909
988	5983
6185	84061
10403	51203
27042	55127
3062	64106
6201	6222
6202	6206
25929	55706
6133	6229
6202	9045
3357	5737
8337	121504
1406	4901
9969	10499
8704	55624
846	6870
3796	5515
4735	10540
25885	83743
5529	7514
6235	55127
5605	10256
6138	6208
5435	55656
5347	10592
6132	6204
1500	7082
6136	6142
6234	8562
6218	9887
1933	6142
2935	6169
3187	7919
6170	6223
3092	9146
22845	57171
6122	6161
1650	6745
102	1088
3913	11098
6155	6189
6204	6227
1650	5660
6124	6129
2912	4889
996	6790
6175	6235
1069	10383
891	1022
4535	4537
23291	23327
5929	6872
4069	5657
11070	51226
54069	79172
10236	220988
5984	7298
5899	7852
1933	6227
1933	6136
9972	51692
7316	10043
6231	9887
6204	7311
1994	3191
6135	6201
3422	4047
991	51088
966	64386
1048	80740
891	1033
1906	2863
6144	6222
6175	6230
1294	1295
3184	9716
2147	4295
6161	6228
5432	79923
10403	26271
6194	6208
6159	11224
5338	5579
8976	51429
6125	6136
890	9133
6135	9887
6434	10432
3185	3192
6711	8615
6161	6205
84231	140460
4867	57545
6141	6234
6209	114987
6142	6203
2797	2828
1956	3675
1063	4288
6167	6207
3675	3688
3857	3868
6155	6207
6233	55252
10075	84231
3664	11074
9972	23165
4736	6143
9716	10949
5777	7852
6227	140801
6146	6189
51264	118487
2150	5021
5861	10484
3015	5436
7311	54363
80321	121441
595	4602
7311	55669
6181	6209
7037	10618
6135	51187
3184	3190
6152	6176
990	51343
6868	11319
6125	6203
394	11015
637	4170
6164	7311
10890	51552
990	5717
2633	5371
51118	80135
51421	60485
92170	503542
1062	6232
3921	6233
5819	201633
10489	55832
8351	126961
23586	55601
6129	11224
595	5708
2956	6117
5657	6036
2197	6202
5435	171568
3713	23581
1005	1009
23042	23420
156	2121
335	345
6133	6210
6193	6233
6205	7311
6147	11224
56949	57794
8467	25942
5294	7852
3811	3821
6222	6228
6175	6207
6207	6228
8976	54874
1822	1912
10382	91147
4343	27327
6137	6229
51602	84128
6144	6233
6230	23521
6176	7311
6129	6175
7994	10499
5435	5441
6132	6171
6176	9045
3688	6709
1000	10970
79172	151648
6125	6160
10022	259292
332	151246
161	24137
51429	54874
6370	11251
4726	7381
10153	55759
6616	8673
1994	23435
7414	8993
1781	7531
2222	3157
389	9938
6643	58533
1495	5795
1400	56896
4713	10975
2747	4191
4116	29107
8907	10053
1453	6231
5683	139285
8085	9757
26190	57542
2962	4298
332	10615
4697	4700
1453	4809
1499	1969
285093	390191
988	4999
257313	387129
6698	126638
2980	2984
1605	29954
6139	6223
2867	84432
26268	56658
1956	4837
3178	220988
1969	7525
6142	6233
7409	7454
6132	6209
11343	57552
8976	22905
1111	2178
9585	81930
6708	11280
25909	57551
6206	9349
6143	6223
5720	5721
9787	64151
9690	9903
2597	5230
6498	64750
5347	6232
377	11014
4940	10561
890	51203
153	6344
6049	8881
8337	8347
6189	6223
6124	6194
54539	55967
6626	220988
6874	83860
6224	9349
6233	25831
8337	8970
6461	7409
22930	84516
377	10112
6130	6168
1500	55740
301	9002
6204	140801
3799	24137
5199	126014
10274	113130
4697	55967
6430	8175
81	1495
6138	6194
2033	23067
6152	6210
1727	5594
5336	7525
6133	6224
1910	2829
5753	6725
336	5948
6155	11224
6143	6181
79600	121441
1933	6210
5725	11338
6217	6232
55320	401541
4173	7153
344892	390058
6667	57508
6168	6229
3627	6357
1991	6036
6288	6364
353142	353145
1233	2359
9045	9349
6176	6181
9875	27340
6160	23049
7316	54677
4519	4537
6678	7424
51023	122704
6206	6207
6144	23521
8365	8970
65003	219927
54856	55870
5433	51362
24137	29127
2837	84539
332	5528
57405	113130
1063	5501
26268	56995
1308	3918
3853	3860
1937	6201
4809	11325
2204	338339
51069	55168
3184	3191
6699	6707
6136	65008
6139	6228
1933	6206
5451	79664
9126	57551
87	5768
991	10726
6206	6218
10403	220134
6210	10885
2359	5473
9510	11096
1559	2327
3190	23435
3107	6890
6156	6169
8976	23149
6170	10952
2023	2597
2247	6233
8329	8341
5707	200734
2788	55970
9138	29984
81794	339366
1983	6223
904	6667
988	1654
5519	5781
7057	7424
10425	63891
1462	10618
3921	6222
5746	59350
3054	80335
6217	11103
6122	7178
6125	6167
1398	10787
23511	55746
51465	51676
1933	6189
2197	6727
6164	6229
4540	374291
5526	6249
26470	253982
1956	3084
6636	6637
2788	5294
83666	151636
6143	9045
11258	93661
156	8477
1290	1292
3191	10657
7041	7414
1810	26009
336	2153
6635	83443
9793	22974
9039	10293
5298	8394
6138	51187
6138	6189
6230	6233
2735	132884
640	29760
4242	4853
6159	6210
6229	9045
2848	122042
29127	51143
8451	55208
6128	6129
26589	29093
6136	6228
6128	6229
9277	10153
6130	6194
3915	5954
1669	8993
1660	9128
23646	147746
6132	6224
8976	10787
6122	6202
6130	10399
2521	6434
1857	5528
4313	4323
1302	8985
2790	2837
6169	6175
3190	6434
932	3903
2747	6648
3490	84141
54908	79172
1933	6202
2197	55127
1933	6201
9787	10112
3491	3912
4736	6202
329	8887
2222	51478
4736	6193
728	6376
6132	6160
10885	65083
6234	6235
971	5336
6181	6206
6152	6164
2719	135152
10965	55825
1793	3071
2207	7305
1173	10552
3728	5493
4976	55669
8454	23608
29763	51429
6143	6159
10615	146909
6363	10563
1398	3937
81	7057
1783	10540
26019	51121
1129	6751
6233	22954
990	5708
6146	6156
7184	51726
23524	51639
3184	3192
4725	4726
5725	23020
6223	6227
6130	6176
5652	6692
6233	80351
302	10577
6157	6194
5715	7316
6130	6161
6144	6167
25831	80204
6143	6234
1894	9493
6218	6230
3683	3685
5438	51639
4734	26190
1290	1291
988	3839
3133	3659
23014	115290
23332	121441
3842	10527
6154	11224
5903	22919
27257	57819
1660	1994
8243	23279
890	64151
26168	88745
3710	5330
1937	6124
991	9493
6154	6228
2790	2863
2773	29899
3351	346562
10403	23310
4609	7020
6233	6498
23279	23511
9493	51014
5516	7525
9564	9844
5335	7305
6128	6232
705	83732
5869	8411
6230	63931
2971	51082
152	719
1536	2204
6128	25873
6223	140801
6158	9349
3013	8351
6168	6206
6235	23049
6233	23291
9700	57551
3915	5829
55143	57082
3921	6203
680	2798
3190	11100
6165	6207
1783	51014
7153	9688
813	3486
6173	6230
10272	11098
107	10268
6631	27258
1069	4867
6176	6223
1665	3191
9265	27128
51096	84128
6159	6181
8655	79023
1981	6234
6144	6168
4999	84515
9341	54874
3361	3576
4040	8322
6128	6207
8871	9341
1121	326624
11190	121441
5701	7979
8886	64318
917	5296
4508	4535
146	2846
148	2837
3627	6347
891	8697
26234	154881
2912	4543
778	783
10749	29127
2801	10972
89910	154881
6160	6222
23774	57459
100	51816
3921	6194
1499	2932
6170	6235
4666	6136
383	56729
8334	8341
22917	57829
3183	3190
7514	55746
967	4033
8334	8969
10949	84991
695	5777
6628	220988
3860	196374
695	7409
338	3827
983	26005
2064	5599
6181	6194
6129	6161
1659	9343
4690	9448
11224	23049
4582	10331
8334	440689
5549	6484
55872	83540
6175	6203
695	7454
54778	140460
5701	7316
3569	84141
22954	89910
399	64333
2358	23601
2935	6234
1601	8301
6934	283149
6167	6203
3659	6672
109	59340
1453	6208
51350	112802
1537	6390
9126	9656
1062	64151
5829	7525
1911	6045
60488	64963
6169	6170
3921	6234
4069	5199
1759	7311
2537	3437
6134	6175
7178	25873
1605	10298
7532	57521
8349	8969
5437	10921
6429	9410
2189	80010
5928	57649
6130	6144
6133	8662
3607	7311
1650	29927
8321	8322
6154	6231
10133	81631
6159	6222
80321	91147
4694	4725
6135	6222
2829	6863
5701	51330
1944	1945
891	5526
4297	6045
3576	3627
4088	5054
1314	10802
5829	23209
51079	54539
4809	51065
489	4853
6224	9045
10199	56902
9700	55143
7311	65264
5435	11325
830	6711
2197	6133
3921	9045
3267	9341
5708	29979
6176	6194
7316	150726
813	84141
3685	9564
10293	200845
2222	2224
23279	113130
2064	6233
6161	11224
6122	6173
6288	6863
27125	79577
1453	6222
1453	6218
4033	10970
6152	6208
5868	10096
9306	9655
9493	9585
2131	2132
79954	84154
8648	96764
1933	6233
5788	6688
3978	4174
23067	25942
2157	27095
9700	23332
54821	55055
831	5829
3304	3337
9055	11113
6203	6209
335	4547
6147	6165
6124	6147
3672	3685
1981	6206
6142	6144
9276	11070
2125	3728
6143	9349
9037	23275
6678	7057
2321	3791
10112	64151
3921	6189
6125	6189
9382	9827
1173	29924
2178	2189
1642	79913
5266	6707
6128	6230
2917	23566
55759	84154
10193	53339
9320	10075
6184	29927
6135	6223
186	2913
5339	6234
9793	79172
1084	338339
3799	55605
9790	55127
8925	54778
55131	64318
10920	150726
6396	8655
1981	6154
8027	25977
3685	375790
6201	6235
102	1495
471	441024
1933	6152
6129	6165
2153	2243
335	2266
1287	80781
5928	192670
1118	3417
6222	6230
534	8992
5516	10213
2206	2207
6232	11224
4712	55967
4713	4725
6147	6230
9320	22954
6189	6203
5711	8697
6207	53918
163	274
389	7409
695	5336
8969	8970
3303	9531
6230	27340
3071	7409
1062	9793
10014	54880
6202	7178
6165	6202
65055	219438
1981	1982
3055	3572
8729	9371
351	5660
4538	4712
3107	3659
4709	126328
2197	6201
2033	55904
10885	55127
10693	63971
5433	129685
10403	113130
4670	10236
50835	56923
3912	5829
7175	9877
680	64106
699	10592
22984	64318
7328	9690
56624	259230
10652	10802
2847	2911
6222	6234
1478	24148
779	10369
6157	6176
6124	6224
6203	6235
302	2799
16	2617
6136	6165
6141	6194
351	10970
4691	10528
3660	5696
8453	9320
6207	6224
1994	3190
79867	121441
120796	344892
56923	339403
55720	84172
5054	5327
988	10236
5048	55055
11059	23291
6168	6170
6156	6224
2197	11224
10528	55226
79132	91543
6164	6165
338	4036
705	51602
915	3559
5869	6453
51602	84946
5443	6370
7857	54757
55165	259266
383	4353
9648	79571
6152	6161
6193	6205
5529	54821
695	118788
7533	10971
3433	4940
57539	79659
988	9126
3913	5954
9782	10949
5829	9564
1462	84141
4173	84296
51258	51650
25793	140462
6241	9700
54577	54657
2919	3569
1604	54732
1285	1286
8337	440689
5690	5709
2788	27334
6205	6230
3106	6890
3181	10432
383	3074
2692	5745
23014	64410
1088	6556
5433	8085
1857	5699
988	9774
7110	90196
8886	79954
991	2305
6122	6209
10921	23293
6755	339403
2178	7398
567	3660
2767	5599
3683	3695
5725	10492
6944	81611
4853	23509
3920	55754
2784	7434
5869	10254
3688	7057
92104	150737
6133	6167
6280	6283
55212	84100
6189	25873
6160	6206
54578	54657
5741	594857
23291	51122
4736	6224
841	843
2168	3158
11250	83551
6224	6727
9136	84946
1287	55214
6128	6144
8881	63891
6155	9349
10367	90550
4014	5317
1781	121441
991	55355
8341	85236
388	389
51069	64928
2932	23291
51388	84916
3875	144501
1022	5432
81285	285093
7311	57674
11176	23309
3309	7184
6202	6232
3953	6774
4736	6235
640	974
4538	4539
1991	10394
9183	22919
10552	10787
6206	9045
5828	5830
55166	57405
988	6599
1120	1375
6206	6234
8560	196527
1269	59340
23526	51816
10193	197131
25897	27252
6142	6176
4513	4536
10575	84617
5868	51552
3133	10475
6194	6206
5431	9879
7314	64320
2919	27199
2792	2911
2242	3561
7454	10787
8689	9119
6129	6222
3192	6434
6158	6208
1537	54539
9875	22984
3921	11224
4709	4713
6877	51593
6130	6152
23295	90678
3920	6836
4670	10291
139322	374354
107	6357
57674	151636
23332	80321
1129	5179
22897	653784
6156	6201
8351	8363
23412	51725
2222	6721
2209	10152
2847	4985
2033	5929
3683	3903
6518	326624
3109	3127
988	9611
5516	5520
4736	6128
6207	27340
25942	57649
6168	6727
8337	317772
9816	9875
6155	6170
988	3326
6139	6201
6203	23049
6141	6175
336	462
6154	6168
55236	197131
10975	51079
2244	2266
4313	4325
3312	10576
6202	6228
10274	151648
3664	23650
4283	6357
4538	91942
6194	6230
6168	6223
7936	404672
29984	55843
1933	6205
6159	6229
9114	127124
5870	81876
1327	1329
472	84464
11021	51762
5034	5611
5347	51512
4548	10768
6129	6173
27316	51692
6139	6230
6164	6206
387	7094
56923	259292
146	886
2521	4670
6601	57492
6124	6159
514	1350
3157	4597
3908	10319
1294	2157
1439	6776
521	4694
6146	6235
813	56975
7409	653361
5529	5718
55872	64151
4317	25797
6206	7311
685	2069
6189	7178
4519	4538
1457	9918
3880	4072
1781	6249
6159	6165
3659	54739
1290	3685
6142	6205
4233	6233
8085	9739
9887	25873
1398	1793
84085	197131
3192	51692
6157	6229
4694	4726
915	919
7536	9716
2920	3576
3572	3977
3854	9119
2784	2792
3192	10523
6129	6156
116	2740
4641	5872
25942	51317
3912	11167
6233	27340
8295	57634
7311	10952
3115	3127
1876	10445
377	9493
521	29796
5700	5702
4708	4725
3434	4940
891	129401
2865	23620
6233	10110
90293	285231
1676	3837
9833	24137
152	2916
183	3357
51280	54972
6161	9045
6128	6164
3833	9212
1017	10926
905	2967
4512	4538
6209	7178
6167	6204
351	55970
23047	55143
10575	10963
6130	6228
5516	5714
6175	6234
10274	57551
8945	80204
891	7531
6159	6228
3913	54972
1445	26191
3339	7045
6122	6160
6144	9045
6133	11224
60	10093
1778	2801
1452	6500
3854	3861
8886	9221
10857	64386
2817	375790
6208	6227
6181	6201
6193	6223
5516	81930
6233	8295
84366	360205
6158	23521
4839	25885
6205	6228
6171	6173
6146	100529239
7039	10652
3361	6288
6136	6167
462	2243
10607	92856
6202	27340
3181	10236
6167	6201
57542	144699
10970	54972
3320	84962
25936	100527963
10262	27238
4542	4646
8924	10489
29984	54509
10965	641371
8655	83658
2034	84962
6154	6202
2919	3361
3055	9564
3978	5424
6233	6234
2896	10493
7153	9700
6160	6168
1062	259266
5706	6790
383	10394
84648	353145
26263	55884
7311	57530
9341	22905
6133	6164
3350	84539
6202	6235
3178	6294
9582	27350
112	1880
4867	121441
5111	7329
57647	79954
3640	53831
996	9820
11338	23636
1434	3836
10652	51014
6734	58477
5347	9918
5747	23209
6137	6209
462	2159
25978	51652
8329	126961
25831	65264
5985	63967
2792	6752
5725	27316
6147	6168
6129	6139
6829	54623
2788	5331
6518	10970
1981	6160
26146	28981
9972	23511
6709	126014
5270	5327
4116	6632
2521	27316
2197	6223
6143	6158
3091	7316
79172	151246
3880	144501
3123	3383
1277	5118
2918	4985
344892	390064
151648	348995
6232	6233
10540	27175
1981	6218
26524	84962
2788	50865
3361	6357
7919	65109
6154	6164
4837	284119
2801	6709
2053	7311
1050	2322
55831	56851
1981	6228
6155	9887
4867	8655
4689	653361
4173	9837
4686	50628
399	26084
5528	23279
10426	440145
1302	1307
6223	6228
1933	6147
3191	27316
6222	6231
1058	55143
624	6755
1832	3728
10592	23310
51330	115650
1981	9887
6426	10250
6130	6160
10663	51289
55052	64976
6223	8562
5868	22848
23283	27316
6135	6207
4535	4536
10413	51421
6152	6175
2550	3579
971	973
10813	65083
6790	11190
3685	8514
22826	57819
161	8650
6202	6222
6154	6159
4736	6161
3921	6135
1062	1063
6142	6169
9636	10561
954	158067
6143	6194
2491	55055
2521	6421
6206	6232
2916	4887
60	5879
26523	192669
846	259295
1129	3355
2205	5335
7415	23526
4512	4539
2491	22919
8615	10959
7343	57459
1660	5725
5347	9738
2268	2817
6144	11340
6502	136371
6130	6173
6210	22984
5516	5523
10332	30835
5435	6637
1457	23411
1394	3973
4067	7409
109	53829
1983	6176
65264	89910
6426	6428
8449	27238
1287	3673
6637	23524
6136	6159
126328	374291
988	24137
8365	653604
4867	27077
513	9377
6232	10952
8729	10121
3109	3115
3362	5443
1937	4736
6129	6224
1601	9341
996	54778
1500	5880
6124	6228
3619	51143
1524	56670
6137	6228
3017	8351
6233	55008
1345	4695
22919	54821
26118	51088
6169	6228
25	5159
7316	10552
4541	4726
6137	6181
11218	79084
4725	55967
6605	11198
6227	25873
1981	6201
6143	6176
10250	58517
1946	2268
6173	11224
8313	10297
6160	140801
8687	286887
6228	7178
6138	6167
10733	55125
7311	27327
1236	1901
119678	344892
9493	9833
5426	8914
10592	11169
5725	10594
1133	7200
2023	3939
1665	23350
2033	6667
3187	55696
64963	92399
55066	57546
51088	84261
3178	7536
6217	27340
11340	23016
25885	27340
6139	6164
2197	6204
10652	11015
5707	10213
3921	200916
3221	3222
988	10403
92815	128312
3190	7536
966	11314
2799	6386
1938	6122
4638	4659
972	3115
51676	64750
399	6453
5861	10972
6202	11224
351	10130
87	3688
3270	147111
1595	5447
283111	344892
1453	57787
9978	140458
5518	6235
6160	7311
3213	8338
6129	6201
5861	10890
6907	10013
6181	6229
2683	2720
4535	4538
5471	10606
6224	6235
6136	6201
6237	10371
5898	10890
2792	10563
2177	5883
3185	27316
2149	2151
1738	4191
3430	8638
6147	9045
983	9833
187	56670
1954	23295
1665	5725
8816	79269
8886	55127
1301	1310
4887	346562
6790	22974
6159	6209
7536	10181
701	8243
6138	9045
9631	23279
27089	29796
6138	6218
7316	55669
6138	6229
6147	6209
1299	169044
6136	11224
680	846
3437	23586
1490	10413
9700	10592
55703	84172
6625	6626
6202	6233
23398	23517
890	11065
5516	55055
6164	7458
4666	6137
86	55193
5435	55749
6168	6176
6159	6204
6228	25873
1910	2775
4659	5515
5869	25977
10096	10097
2767	29933
3111	3122
6208	6233
4666	6124
7536	10949
51602	84365
5427	9768
23322	79600
10610	143662
915	286749
6147	6191
7456	10787
5869	8301
6160	6165
2767	5330
1660	51729
6144	6155
6157	23049
9927	10059
2168	2169
1062	11004
4947	5708
6230	11224
9767	11143
967	3920
4298	23168
9820	23304
1962	6233
5878	8976
580	80010
4539	4541
1340	1351
5795	6518
22826	85313
383	1669
680	3358
8290	29086
3635	3718
9690	221687
4948	7299
4508	4512
11258	11316
5903	79172
55124	221400
4205	6938
84261	154881
950	10254
23601	160364
2197	6159
10022	259293
1315	3799
51122	56995
6181	6234
338	350
9551	84833
3127	7535
3107	3133
6317	6318
1398	10458
351	5330
1956	55914
8945	65264
399	9138
23279	57551
3882	121391
4694	4701
3909	375790
5706	5718
5460	55211
6189	6228
6137	7178
1307	169044
6139	6167
5717	8453
302	56729
2919	2920
996	5708
688	5468
79600	80184
22974	259266
950	22848
29974	403314
3717	4352
10466	55275
5627	10461
7283	27175
6518	10857
3433	9636
6157	6208
8394	23533
9738	132320
813	1000
6122	6176
6155	6193
4064	9450
963	3683
9793	23279
5094	51692
6173	6233
4509	4536
4952	9886
3071	5747
7175	23279
89122	154881
6169	6218
1445	5829
4736	6230
10250	27316
4701	4713
6222	6232
6387	6754
54778	57542
6158	6193
472	5884
10693	55970
1435	8542
1237	8811
6737	283807
9055	10112
6144	6230
23608	25793
28	2525
6154	6210
2207	8514
10489	22888
2204	2207
56729	126014
6141	6205
3607	7528
301	55970
90	659
332	54821
2207	6556
6235	11224
1291	55214
4540	25915
2912	6751
11098	84141
3320	6461
51264	51649
6209	7311
11091	54881
5777	7409
2919	6364
2695	594857
6155	6167
51203	56992
5697	6750
4116	6160
226	2597
3688	5879
25909	55746
5714	10213
7536	220988
6132	6156
6383	10082
160	1601
2521	5725
871	1290
1660	3185
6133	6228
4736	6154
6201	6230
6222	7311
399	257106
3683	5795
5684	8658
399	23526
9655	55832
57674	64219
29927	100526842
1292	3688
23332	146057
84676	140462
22905	115548
6233	57154
3552	3569
4670	6434
1910	2865
6205	8562
3184	9987
1915	6124
6155	6206
4736	11224
6168	6210
5695	10213
6143	6233
1398	9046
4240	5954
6170	7311
10232	154064
4738	28991
109	51083
5695	7979
55829	58515
2197	10952
6161	6167
6637	51372
26272	55236
54850	63891
140458	285231
2305	5518
11190	57545
9739	25942
2521	3190
2099	9687
6707	126638
1969	3055
6228	11224
6637	11157
6599	55193
10524	10714
6160	11224
2023	5230
2317	54751
1058	55355
6139	6224
23223	26155
7316	83752
6164	6181
1350	440567
10403	348995
65055	138883
351	29933
4713	7388
521	4726
64946	79682
80184	121441
6130	23521
11103	56902
6923	9978
23398	85313
51676	115290
4696	4718
6122	6159
5701	51371
7343	9112
6171	6234
1236	4544
23355	27072
5707	7316
5516	5781
6147	9349
7272	64151
6144	6176
10403	55143
6161	6210
6218	6228
5701	5715
6173	25873
3692	10969
7322	9867
701	51203
351	59340
10762	84271
2023	7167
57153	79895
9553	54998
4686	10302
864	10413
3915	10130
2740	5739
11004	23332
1387	8085
7298	10403
1111	10524
1278	4313
51289	339403
3635	4233
1937	6189
5694	5715
8243	57082
6138	6165
79600	91147
3376	4677
10552	23149
335	5948
3842	54464
10713	26121
5437	23248
6155	6194
3909	3911
50813	84727
9700	23122
699	220134
6207	11224
3646	26986
5194	7311
9570	10802
50831	51289
88	4620
111	9283
4751	259266
7031	7033
4357	27304
4588	26290
2107	6176
920	5286
10920	55884
1911	23028
6233	83987
1290	3672
2186	196528
983	51053
813	10970
623	5737
5903	7514
6455	29924
5737	56923
6921	79754
383	5657
23197	26043
5796	6233
6135	6170
9655	154881
8128	8703
5439	6923
26285	149461
7416	55669
23112	26523
3886	121391
7317	10489
1398	7525
9343	23020
7283	22897
10959	11014
6047	26234
1639	3797
5861	9276
6144	6234
156	5578
5829	6461
23590	56997
996	5699
6129	6168
6201	6231
1665	11338
1314	8615
8347	126961
9820	56658
6233	7844
9793	10403
5878	9341
6176	140801
3308	55706
4889	6751
6170	6727
516	10632
5788	7852
6142	6218
6155	6203
1329	9551
9436	9437
8775	10618
3433	8638
6155	6176
1778	10577
3486	3491
10193	54778
2204	23601
501	51166
3858	342574
5599	9043
3916	25798
57670	283455
7272	9700
7316	10920
1063	54821
330	8887
3672	9564
8451	9730
6130	6206
226	2539
890	10733
1362	3482
6193	8666
3688	3915
695	7525
2071	10920
4303	5901
29093	219927
10713	23451
11017	85313
4952	54874
90025	91694
4696	4710
3071	10787
2799	5476
1994	55339
1195	57396
56902	84916
3693	7525
2072	7158
6218	27340
6122	6133
5610	23586
3690	5297
3122	54331
4171	4678
996	5707
8875	55350
7520	79840
6232	7458
4116	51639
51649	54998
6125	6135
6146	6222
51514	64708
6128	6181
4172	4175
6138	7311
388	4983
6194	6224
3437	6772
10885	84172
2848	196883
4513	4537
5515	10776
5708	84962
389	257106
6455	7316
23225	79833
4829	10886
10285	10713
3921	6227
2863	55970
2054	8673
641	2177
671	5657
6133	7458
4254	5777
7311	121504
6209	23049
54443	55165
22974	121441
5516	5526
3200	5438
945	5023
3181	10657
966	326624
3133	5696
9787	29127
9320	57542
10735	23279
5529	23279
4543	5173
3192	23283
7314	10920
2535	2790
3267	22848
2675	220164
6634	22827
1778	24137
9787	22974
3105	5696
4700	54539
2932	6790
6205	6207
6337	7311
1287	1288
1478	8449
3559	3560
11091	81887
1347	27089
6235	9887
2966	728340
1325	6752
133	55970
6130	6203
24137	81930
9276	11014
6635	6636
6173	6208
57082	113130
6222	9045
894	3065
4512	4540
9700	151648
2968	6882
6230	7311
6208	9349
1398	6461
1816	4160
4620	4626
4160	104909134
6227	6233
671	3240
3105	3107
6160	6169
353132	353135
6160	6203
4543	4852
673	57498
1749	1750
5695	11047
6133	6232
134	5660
6709	11014
6135	6208
4700	4725
3663	23321
2060	50618
6173	6234
8925	10489
1857	6233
4514	4538
10540	80184
8976	55243
23020	27316
9685	10618
6233	8290
5422	5983
3895	5954
4689	7409
6168	25873
6168	6169
54148	64928
1315	8729
2935	6207
6135	6139
344892	347468
999	3691
6164	6176
6229	11103
6133	6205
2792	26338
25	5893
144699	154881
23223	64318
9354	89910
6129	6230
24147	79633
9320	9690
6133	6209
4736	6206
5692	5715
2967	9014
6142	6164
3309	10049
1453	6230
55850	113220
302	5834
6885	23118
6790	121441
8349	8970
6208	11224
55143	348995
521	4724
1991	5657
727	846
6181	6233
7316	8864
9782	27316
6209	55127
1457	10051
945	2207
8473	284058
3688	10298
64682	84085
3659	5696
187	1233
3683	64386
6224	25873
23112	84441
8688	54474
9793	25909
10274	55055
57405	79172
6159	6202
6790	11065
4690	10096
3135	3663
9410	10946
5266	6699
2521	6626
6218	7311
6155	6173
3914	4233
6125	6181
5777	6850
6363	6373
55125	79959
6154	6218
11051	85313
5339	6157
6625	23450
5861	5868
6133	9045
2913	4988
57111	401409
6144	6159
6130	9349
904	51755
6118	9557
6169	6203
6209	6218
720	375056
6203	6230
4926	10733
988	8243
9493	22974
6143	6173
64792	79989
10274	81930
6136	6207
6159	6207
1435	3490
6637	27258
9276	51014
1783	5861
6142	6207
3690	3897
4701	126328
5001	222229
1933	6181
2792	138883
1490	7004
10250	79869
1062	10592
891	10592
857	7132
6139	6155
3688	375790
2767	8477
2867	6863
351	54972
9439	9967
3486	3569
4514	4539
25873	140801
4171	4174
6161	6171
115290	154214
9631	65250
5516	54908
3691	4233
29984	445328
9883	11218
4809	6231
6128	6146
6159	6235
57630	83737
8477	55970
988	22803
22905	51429
1084	2358
2648	5469
2033	8289
1803	59272
3185	10236
1639	9493
8085	55904
6143	6232
11190	23332
9984	79869
9918	54892
9844	10458
4357	54205
6208	22803
27316	65109
6159	6188
3189	9987
29074	219927
1962	7311
55755	347240
983	11130
6227	9349
3921	6139
6147	6231
3688	3693
1605	5579
6130	6165
4173	81620
6161	6232
4988	84539
6142	6224
10254	10617
56902	88745
6156	140801
6124	6128
5001	10926
904	5433
9648	10466
262	4143
6152	6228
23601	338339
6637	55505
5111	7027
6137	6164
5286	55361
8514	10970
107	2775
4035	6385
152	5580
6181	6202
6146	6203
5431	5433
3627	6355
9277	88745
6138	6230
58	60
6146	6208
1942	2268
5443	53831
4697	27089
991	64750
9439	9611
7862	9219
332	64151
1340	1347
6185	7841
1667	1668
2865	6865
213	5340
6194	6204
11274	23586
2976	11128
6170	6222
904	905
1111	23595
3921	6167
10693	22803
6169	6206
10970	11001
5594	51316
4710	4712
350	2266
6176	6228
3303	10963
4724	27089
10121	57545
6201	6218
26168	27043
3837	57122
3339	6385
336	2262
595	896
6830	9646
8976	25977
9349	140801
6228	9887
885	2922
1284	1307
6233	9101
9727	23265
83597	219865
57405	79980
6160	6227
5566	5970
8317	84515
6218	6232
9493	54443
5469	9967
567	3106
6128	6203
1601	10618
6160	6231
891	81930
23627	137797
28998	64960
776	51764
5707	7415
3105	3660
8843	27198
2932	5529
6175	6204
3190	4670
383	8993
2033	7874
6636	8683
317772	440689
6168	6203
6827	10302
378	51014
6208	6223
6635	6637
6170	6201
6161	6218
10466	57511
10053	130340
6205	6234
6170	6171
9416	51692
2099	2625
2197	6155
7984	29984
332	2305
388	117289
2537	10379
3678	5329
27076	154064
23404	54881
904	25896
26146	64792
54908	151246
6139	6146
991	9491
6205	6233
1937	6128
9493	259266
6132	6135
695	3635
5692	5710
55249	55870
6711	11014
3422	6721
23304	57531
2122	8535
23309	79595
3918	4233
5528	151648
50865	63940
6434	27339
6234	7178
4116	6635
558	7409
9551	55967
1781	11015
3978	4172
6168	6232
11325	84844
1306	169044
6229	27340
2533	7408
6205	6209
6183	84545
6164	6169
6167	6202
6288	84432
55720	65083
6204	6224
4241	53942
5093	10236
6160	6204
6165	6168
10664	11091
3915	51280
23224	23353
6160	9045
6830	85403
1576	2327
6167	140801
4519	4539
2790	5579
64750	115290
6124	6156
1337	1347
6491	259266
4999	23595
5008	7297
6703	6705
5516	79172
22954	64219
6230	6235
1902	55970
6152	6157
10849	25885
6154	6227
1783	79659
88	1950
462	51156
966	11015
6556	338339
6233	8450
2967	51755
6137	6232
54069	79682
55832	90293
55759	84549
79895	160364
6209	6230
2197	6227
146	84109
55737	58533
9219	23186
388	89846
5529	79172
2792	122876
401505	100188893
10926	63967
6428	6434
5868	11021
212	2623
636	23299
6141	6222
9493	11113
7137	7138
3827	5020
4670	10432
23160	51602
87	5879
1129	4852
5700	10213
4725	10975
3357	56923
4829	5737
3174	6927
8925	197131
5708	64750
27042	55153
6122	51386
3148	8971
11051	55660
3074	10577
6175	23521
983	79172
5426	10714
2185	375790
84549	84946
6122	6181
2185	3685
2535	8324
7337	197131
6133	7178
6203	6218
1595	3157
23194	25793
6202	6227
1559	1576
2800	2803
779	27091
6169	6204
3303	3320
57122	57551
5878	10552
6160	6167
1956	2064
522	4714
53981	85313
3123	3127
1058	79172
5711	7311
9928	11113
6135	6189
4707	27089
7322	7428
27	10486
846	259287
6173	6206
153	155
5829	10787
1778	84902
990	3832
7874	56655
5441	6629
84085	154881
6161	6224
5707	10493
6130	6181
5746	94235
5869	22905
4116	6132
3685	3693
3192	10921
6167	6229
26271	51053
1642	8607
1908	2829
991	1062
84128	84946
6227	7311
963	3903
9126	25936
6556	170482
1387	5469
1910	23620
3184	10181
4088	57154
3897	284217
4436	23028
813	3915
1783	22930
867	6654
7311	10111
6161	6170
4233	5795
4736	6203
3054	23067
7043	10916
8723	51143
377630	401447
5116	23354
2206	3702
25915	126328
1069	9657
56923	259295
9039	136371
2305	22974
6207	11103
1107	23186
9730	10425
79023	129401
641	116028
2841	7852
811	7184
6129	6202
6128	6170
5501	25936
2623	3674
1576	2326
2848	3274
6155	6160
6863	84432
5048	81565
1387	5437
1933	4736
3356	94235
6135	6173
3918	375790
6169	7311
10022	50838
51650	64976
389	57522
90550	91689
5688	5701
6863	23620
10857	10970
6872	81887
1783	9493
6233	8945
6790	24137
830	57511
7283	22974
6167	6208
4297	51230
10236	55339
6130	9045
4283	54331
27237	171177
6231	140801
6154	9349
4116	6235
6233	140459
6950	10575
6210	6233
388	23526
6125	6146
514	4724
10236	51729
6229	23049
1121	5869
8816	51122
2243	5005
4726	7388
274	51429
351	1241
6288	23620
2735	79809
2801	2804
332	1058
5795	55754
1337	1340
1778	57545
6704	6705
1462	3912
1337	1351
6233	54363
9782	23435
846	3357
873	874
8969	653604
6228	27340
10803	50865
51510	51652
57678	256356
388	9938
1302	1310
990	64151
4853	27327
1387	10498
9616	28991
8688	286887
6138	6209
23095	64837
186	2914
6601	6602
683	94103
9833	259266
4709	4725
846	259293
23586	29761
972	5641
6233	9349
9128	10594
55168	64979
6218	6231
54845	80004
6233	154214
4736	23521
1289	5118
6160	6189
6122	25873
4067	5788
6165	6222
6147	6224
1108	2033
6210	9349
1650	58477
2791	6865
8767	23118
6224	6230
2033	26523
5880	6453
6133	6175
2938	2939
501	85007
3184	4670
50838	259293
112	57413
3183	27316
9716	10921
3882	54474
10970	326624
1213	6233
51206	80739
8843	50834
6209	6235
1511	1991
7979	8312
4512	4537
6154	6173
23063	23122
6189	9732
47	2799
84962	126374
5048	151246
890	9787
58	5879
10236	23435
6863	23566
11325	55749
1063	9700
3718	50615
6169	9045
4233	8976
6233	51132
3683	57153
2617	8565
1347	4695
4735	151011
6133	6168
10733	55142
4700	4709
6133	6147
6142	6204
2861	23566
10489	54778
5438	6633
55143	113130
23014	79791
90	4088
6203	23521
23160	84172
5970	23291
890	983
6161	23521
6228	55127
60485	84962
1452	5515
351	3491
1937	6202
4751	4867
6168	51187
7124	10673
9377	54539
5594	5707
1490	7003
399	1894
3185	5094
6227	6230
6128	6136
6157	7178
3619	5528
1453	10427
7531	10383
5054	5329
5872	5878
4700	4707
695	974
419	116372
6135	6169
6132	6201
5376	284217
51143	151648
522	4713
2243	3827
5439	6621
5199	6709
22954	57630
335	51156
338	345
11338	27316
1329	27089
6138	6161
4712	4726
3039	3048
5473	11251
4694	4710
4331	404672
2147	5020
54960	129401
5688	11047
6194	27340
640	5079
1329	4701
9140	83734
4952	9341
6203	11103
6234	9887
2033	9739
389	2064
1277	22801
6128	6135
142	5981
2197	6232
23283	55749
9320	10193
4513	4519
3797	9493
2185	3320
23327	29082
2220	5648
643	1268
1861	27348
23059	26146
5879	9564
5868	57403
5286	6272
6453	54874
4172	7298
8139	55336
3190	10949
9133	51512
10458	10787
891	22974
6137	6143
6194	51187
5435	55599
10980	90864
3980	6119
10914	53981
1969	2048
6152	6235
4237	4239
9493	55165
6950	10376
800	5829
3340	375790
6189	9349
4536	4538
54663	84365
3017	8334
22974	203068
6165	11224
1241	1902
27237	29984
6154	6161
887	3827
6136	6169
1314	9527
26354	54475
247	3479
27252	55585
3191	23350
7466	51280
134860	319100
9436	259197
1950	6678
6164	6202
3437	10964
10921	10949
1915	6139
6209	6233
4297	8085
79682	147841
10671	51143
1069	27077
10092	10109
6168	6207
3673	4233
813	3912
6135	6146
226	2821
514	4726
11169	79915
6138	6147
7272	10615
5438	5440
6167	55176
6570	140679
6249	54908
51645	85313
1345	7381
566	4125
1994	10285
9652	23517
689	6160
5439	9978
6439	653509
1500	4646
6133	6223
6138	6160
6169	6229
2798	56923
54620	84231
6385	375790
9570	22872
10802	51128
4725	51079
5519	6801
2268	5747
6138	6222
2521	51692
3491	5954
226	7057
1605	3688
6129	6164
2768	2790
2189	7517
6147	7311
641	4439
5441	79035
3222	3225
64951	64983
9738	55755
3181	3190
6194	6233
6161	7178
3921	6165
10618	55330
6144	25873
3619	25909
1314	10959
3685	3695
3240	5199
5725	10291
8341	8970
890	4288
84962	121441
4057	56729
6132	54512
1763	10714
27292	84135
514	4708
5880	171177
2194	6319
8468	91646
53637	63940
3371	84141
1781	5516
8698	55970
4686	9879
9801	28977
6156	6176
3689	7409
79954	84128
5930	140460
1398	9844
6136	6208
5516	5529
9015	57504
6141	6173
6136	6230
5204	6637
3683	79895
3191	3609
10432	27316
4714	54539
640	3932
2322	6688
1894	6790
4717	29796
3698	51156
1347	4726
6924	22916
6222	6223
6175	6208
11102	84946
6137	6223
11145	122618
6152	6209
187	6370
3579	126006
4736	6157
50848	57530
147	156
643	9294
5093	27238
6171	6227
6430	6432
2925	9170
6122	6156
5435	6634
6139	6234
5094	9416
391	80728
945	79895
389	7204
6146	6147
5879	8976
10142	26123
47	1431
6428	6632
332	10112
9666	89910
778	10369
6233	7098
6193	6194
2799	23526
6142	51187
163	5869
197	3481
6159	6203
2207	23533
1462	8542
1435	4924
3055	5829
9371	51014
6150	116541
6428	10946
6160	25873
57115	114771
4541	91942
891	1781
377	24137
378	5861
6170	6218
10250	11100
1337	4697
4172	10036
1915	1933
3320	85378
4508	4539
6218	6727
57153	160364
3354	6387
51079	374291
10013	57649
3886	8687
6136	6203
10382	23332
6138	10399
4586	4588
23112	80012
6169	6234
4928	7514
6133	6143
8329	317772
6135	6171
1364	1366
8290	121504
23601	170482
8365	126961
335	3698
1017	63967
1778	3831
7305	10870
890	10460
2922	4923
3488	54757
398	5880
3184	10921
9126	23279
1237	9934
6144	6208
2353	4773
7316	8325
5432	11051
1639	22930
4173	55388
3619	55143
1639	24137
3017	8329
6164	6235
6133	7311
6122	6141
89910	115290
4540	4707
91147	121441
10102	51021
23047	151648
3055	5788
335	2262
932	160364
10949	79869
51650	64979
6135	6227
7919	10949
302	79026
22984	84172
6160	6161
3357	4829
1660	23283
3832	3833
57129	219927
6801	7871
3660	10475
6207	6223
1778	81930
7316	64326
1292	1295
6249	10540
8243	10051
6137	6138
123904	146183
302	2519
6156	6233
2072	6233
990	996
6139	6176
6133	6136
1994	27316
8260	79903
10383	84962
7153	55746
6138	6142
1058	5528
1000	6591
3017	85236
10869	63891
830	11014
5336	118788
3017	8341
6135	11224
6129	9045
10523	11338
6189	6235
6208	55176
2912	4852
1398	10152
25885	55703
718	3053
54820	57787
8243	23332
6059	8886
26224	283807
5869	23011
6137	6189
833	4677
23160	27042
1839	5782
11339	54069
783	2784
3909	6385
23223	65083
4707	4724
4519	4541
1933	3921
701	23047
11004	22974
9371	11014
6122	6137
6176	6227
8349	317772
8655	60673
55755	261734
8805	27044
186	84539
6130	25873
23020	51692
6139	6206
7514	9126
915	29126
6125	6175
5717	6790
3790	7881
6218	9349
6189	6234
81696	344892
6137	6168
1495	5781
6224	6228
7514	79172
4712	7381
10921	23524
335	3827
10250	22794
10514	65083
5547	10970
3903	11314
7311	7321
5981	10051
8337	8349
7316	64320
472	64421
8717	9530
6233	23014
9870	65264
6168	6173
3797	79659
9793	23122
79583	79600
10484	81562
2863	5332
1478	6629
6133	6139
7536	10250
3937	7454
163	9341
23265	50807
10890	11021
2209	6688
6144	6170
6146	6168
1994	3192
9611	23097
4508	4541
54509	57580
6144	6164
9341	10652
6138	6232
26190	51122
1062	5347
88	2890
639	3662
7311	56288
9320	197131
117	7434
29127	64837
4736	9045
776	786
6169	6231
26146	92104
6152	6155
1763	348654
9227	50700
2151	6915
3685	10970
1956	5796
6154	6209
4508	4514
10594	11338
55720	83743
6234	140801
4670	9343
5880	7454
6146	6224
6152	140801
830	9276
6135	6176
22794	23398
2672	6688
6233	257397
10613	11160
2935	6203
778	779
1137	1141
6169	6201
1783	11316
9295	9410
7311	55272
6231	6233
9918	10592
6129	6189
164	2799
5829	64098
1495	1500
1499	5708
3799	29127
2266	5345
23011	51762
6165	6167
84154	84549
4332	5657
6164	140801
6152	6171
1398	2185
10949	220988
2519	5476
6205	9801
3882	3886
1398	5747
2633	2634
51382	222487
9643	93621
25909	79172
6714	10413
3304	6233
121504	440689
10199	84128
6142	6159
6122	6136
1981	6189
5433	10285
857	1956
399	9743
51602	84154
9585	29127
1116	1991
514	4694
6201	6203
6233	23168
6156	6222
6169	6232
6233	7178
3383	3586
6167	6227
846	4829
3071	5829
10610	727897
9318	54165
6133	6188
4171	4998
6443	8910
3797	10112
1398	9564
2811	2815
329	5707
6202	6204
6157	6188
10618	51246
685	1956
28998	57129
1495	3799
11184	27071
3903	10970
1302	169044
6170	6230
22918	53831
2197	6230
7311	23049
1284	8974
5984	23649
6146	6160
3852	196374
5693	5695
8334	79019
2243	3698
1981	6167
6173	6176
6223	6235
5439	84844
6218	55127
988	29127
10681	338557
2064	3320
155	6343
4174	5424
6161	6235
8175	56949
6428	10236
917	29993
23601	57153
6165	6203
9700	10274
2957	7702
3886	8688
6218	6233
8295	8945
1499	283149
383	4942
3837	3839
9655	26190
58508	84661
26235	158506
9919	149111
2197	6147
24137	64837
26224	84085
1781	84962
11236	79139
4713	4717
2788	5368
23304	29945
3109	3119
9330	53981
54960	79833
905	5431
3688	5747
55252	55777
6147	6203
10426	55755
4208	4209
8802	8803
6130	6157
22984	57696
115290	126433
10155	90233
259290	259294
2197	6210
896	6776
5529	6233
3619	8243
6772	6774
111	51764
972	3111
4099	4804
6176	51187
57082	79172
11245	55970
4116	9349
79090	149111
4695	4709
5516	5708
6147	6194
963	7805
6233	8334
3191	9987
1500	7525
2633	4938
988	10657
11017	11051
6159	6201
6170	6233
521	10632
695	2207
2919	3576
3054	8314
116540	116541
3912	54972
22905	54874
1131	2769
5365	7869
9493	23046
8972	93432
3437	10561
6160	6171
6870	51764
1605	3913
4088	64750
6139	6159
11218	25929
4088	5784
1653	25940
1062	23332
1981	6133
2242	3718
6801	8428
5439	6631
3619	10592
5427	7316
6128	6231
7385	7388
26155	65083
2268	7525
566	1991
23304	84085
3490	56975
6387	50837
26190	197131
6223	6224
813	2519
6168	11224
344	6382
2197	6156
2912	5179
2919	6347
400	90196
996	1017
1669	3240
5684	5688
4173	5422
6157	6224
26146	55112
6667	27327
6129	6229
4736	6155
5693	5707
5432	7316
5426	8317
6136	6170
6205	23521
6165	6224
5880	10298
996	80012
6188	6230
5707	54583
3094	57649
1915	6189
3075	3078
4736	7311
1783	10112
6133	6233
9133	113130
6193	6208
9790	22803
372	57511
1781	3797
3109	3111
6167	6206
963	8514
6147	6210
4617	4618
6165	6169
1660	2130
5439	10980
6144	6158
6601	9031
6422	8321
6164	6223
9349	9887
4513	4538
7311	440689
5861	51014
54555	57050
89910	143279
4670	27316
5657	23197
8453	22954
6631	51645
7272	9833
3853	196374
4540	51079
10189	79902
54778	197131
4709	7388
50813	55884
1462	6696
57154	65264
9276	22820
6122	6157
6428	348995
1629	4967
5725	9128
6154	6169
3689	84418
521	1329
6128	6218
9742	55112
846	5737
1956	54206
3673	3914
1299	1302
6176	6235
6122	6223
2792	594857
4172	5422
10713	51692
2521	3181
6181	6235
8295	79595
5501	9126
6203	6231
399	9411
10592	54892
11157	51503
701	221150
9793	151648
1310	50509
6135	6160
5879	6249
1495	4301
6144	6203
5029	5724
29127	55165
6139	6194
336	2266
6160	6173
891	4751
51021	84545
3685	5829
79865	340205
1793	7409
332	24137
1088	150372
6863	6865
11127	29127
79172	113130
2784	5741
6175	51187
3267	5869
55755	146057
5566	23332
10236	10432
6714	7402
23658	27316
3491	11167
4508	4536
28981	150737
3184	6427
5862	8548
54820	146057
4736	9349
3107	3134
6161	6208
2071	5985
9739	27327
886	2846
6160	6233
3156	4598
3635	80271
6128	6175
715	716
1088	23601
966	3683
3105	3134
6517	9968
10112	24137
10890	57403
4976	9927
3183	6430
5119	51652
950	3482
23160	56902
4725	29796
3576	6347
4076	55226
84131	347240
3685	6385
5023	5795
6122	6207
10592	51203
2519	51816
8347	8969
3351	4887
25	10163
3685	5817
6122	6228
50838	56923
5660	55970
5037	10256
2919	3627
6228	8662
1894	259266
1605	3915
120776	344892
2197	6160
7204	10800
6228	9349
5707	8452
6133	6208
6137	6208
3903	84329
23028	23186
3178	27316
123099	340485
712	714
5529	5699
23332	57787
3832	9700
9133	23397
1717	50814
6130	6138
274	8853
915	7535
7317	9690
6147	6193
23582	25949
8985	50509
3093	6047
4586	26290
5704	5705
1783	8729
6137	6222
1981	6135
3912	4233
3619	151648
6167	6727
988	5094
9700	57122
9655	84085
163	24137
64131	375790
6224	6229
5435	5451
6135	6229
1994	51692
11251	94235
51264	219927
4171	4173
8945	285231
1062	151246
3437	10379
6194	6201
10885	57647
8351	8365
4986	50834
3710	8826
1307	8985
3635	5579
285	7010
10885	27042
5318	11187
6908	54815
4599	51191
891	995
9793	55755
338	2243
3184	7536
11014	51014
513	374291
6167	6233
2814	2815
3320	9844
6146	6169
10112	81930
6144	6165
6262	11069
5571	6009
5451	55718
5700	5705
8945	25831
5406	55750
5699	64344
6189	27340
6122	6164
1936	6132
2799	5707
1398	3071
3766	54331
6167	6175
6175	9349
2841	8698
6136	53918
6144	140801
1994	10498
1080	4036
6159	6170
5591	9656
2200	401138
4862	79365
23047	57082
7472	7482
5928	9112
996	6233
117	122876
5702	5706
4867	80321
5868	5870
1088	160364
945	3689
4708	4709
4809	84844
197	2266
1281	4060
6222	9349
331	6233
54509	57381
695	8976
7336	7341
108	50837
3360	3375
6146	6194
6143	6147
7514	81930
4952	6272
51023	51649
5439	80349
10274	51143
5519	9183
83597	135946
6203	11224
2255	143282
2521	10236
1058	10112
5528	23332
64318	79954
2935	6181
10413	25937
5610	23118
6156	6170
3305	10963
6206	6227
1994	55660
8729	10945
6434	220988
6160	6218
9700	23279
7337	84085
3913	5829
966	10652
23295	84231
6203	6222
6152	6167
5887	7415
3688	5829
3655	3688
6142	6160
6128	6138
2491	3619
9730	10293
26173	51593
6464	6850
10921	27316
2788	2864
6129	6167
88	4626
472	7468
813	3371
2537	10964
6207	6222
11137	51388
22984	79039
51692	80335
2801	51014
1107	23028
3619	9493
6167	6235
6142	23521
7311	10252
1431	4191
3713	6699
53981	348995
64426	79595
399	4983
5781	6774
8453	26043
5995	54331
4735	91147
5903	7175
3191	23435
8570	11052
6218	23049
3909	4233
10484	51014
6556	23601
1063	259266
1991	4353
1650	6184
5435	6633
1915	6204
6130	6175
8976	10552
4088	23327
8648	10499
3187	10181
779	783
6142	6234
2266	3481
3579	5515
6233	22848
5829	6709
824	5829
1668	728358
1778	2491
4116	6168
6135	6206
5695	5701
6168	6204
10153	84128
10155	25799
23244	55746
7316	8454
3685	3915
1495	84962
6636	10465
1638	6490
6385	7852
1478	8563
1933	6203
3909	3918
3191	7536
1555	54600
26249	55521
6633	84844
8450	51122
34	6256
80184	84962
988	5725
4695	4713
5149	54714
891	9493
5573	23209
6125	6194
6139	6209
7316	50813
7398	10714
353137	353142
10491	10536
4735	121441
6135	6147
6430	7536
6222	27340
10952	90701
846	50835
9883	23165
6453	10254
6147	6157
920	9026
5432	27125
7184	7466
6136	6188
5351	8985
3837	9631
383	671
671	10394
3675	7045
466	1386
6165	9349
1880	3579
9655	9903
8573	57669
2348	11316
6124	6142
9879	23517
1956	5328
3553	11213
1933	6209
2863	9002
4709	51079
10022	50835
2222	4597
6432	6434
6233	23112
6165	6181
1942	9564
7316	23072
920	3702
3949	5868
988	60682
2799	5834
6137	25873
2315	6490
9829	26052
6165	6176
6133	6194
6137	6147
5439	51755
8853	11014
2274	284119
9092	27339
108	5179
595	11186
1233	56670
3911	3918
4702	27089
79869	84248
4724	7381
4707	7381
10959	55605
1233	5196
6161	6168
1656	54464
6170	9349
6385	10755
23160	55127
3181	5430
2810	3691
5335	10818
624	339403
5438	85437
332	81930
1060	348995
10900	284069
1453	6228
5439	6637
570	6233
5330	8477
3884	100653049
6232	25873
6204	6230
3434	4599
338	1080
1277	7373
6138	6188
1778	9493
3135	3805
6130	6159
6133	6235
6209	6232
891	1783
5862	10890
5903	25909
6132	6161
9014	57504
6218	9045
3685	3903
1453	2197
9787	10403
53339	57531
332	55055
274	6453
147	5021
9055	10376
64951	64960
55749	79869
2185	5747
1946	1969
1524	126006
10432	10949
54474	121391
6158	6223
6635	51639
138803	344892
7979	9978
3111	3119
10412	23517
4691	8602
991	9133
2524	10331
4670	51729
1063	23332
10022	51289
3915	375790
8237	10574
6207	6235
3866	3880
1915	6147
6142	6161
7003	25937
9867	53339
871	1303
9666	143279
7532	10142
10254	22848
57381	57514
6159	6194
6146	51187
5179	9210
7133	10970
6168	6181
6168	140801
6204	6223
6141	6230
6714	8976
10841	200895
1294	79090
23095	24137
8453	9820
1933	6169
3433	4939
999	3728
11103	88745
3619	113130
2805	3242
1781	51014
26524	126374
6136	6233
1000	7184
8600	50964
6164	6168
273	6455
5879	9475
23160	56919
8729	9276
3921	6136
9322	23265
6160	6232
6605	29117
5269	5337
3832	9833
55143	57405
5948	5950
4734	9604
6155	6164
3093	22954
991	11004
6164	6167
83540	220134
9320	89910
4508	4519
1315	81930
3320	10383
10575	10693
1933	6164
23244	57082
899	56995
673	152559
1173	9341
1017	84515
4905	9527
4717	4724
6188	65008
10487	11344
126638	353135
990	9700
2107	6181
107	4283
3685	5747
6155	9045
10592	64151
1969	5747
2197	6152
186	4922
87	7791
6156	6228
8027	8301
11345	81631
6133	6135
1362	9698
50838	259287
9076	24146
1292	5033
5339	6124
9978	285231
2957	6619
6136	6206
6167	25873
6142	6230
5905	6232
6158	6170
6157	6169
6156	6188
25847	150726
6165	23049
6714	375790
6143	6164
1829	64065
3156	4597
6752	10563
6161	51187
6167	6170
2648	25885
6223	23521
7204	8976
4726	4728
26589	51069
4538	4541
3267	10096
156	301
4710	4713
4540	4712
3054	3607
727	50835
2197	6158
197	3698
10269	23463
3837	55706
6741	9533
1908	2867
6745	58477
5869	6233
6159	6224
6208	6232
3371	3912
8365	85236
23020	51729
6233	6868
3619	9126
7305	23601
6169	6189
9877	23279
22794	348995
2073	4331
6500	8697
9416	10236
6159	6169
6850	118788
10857	196527
22976	58508
3852	3853
6688	7305
156	2767
6133	6227
2932	3611
4734	22954
1308	3691
4074	6456
7153	23397
9604	22954
6164	65008
54874	115548
9126	9793
2519	7184
521	10975
84648	353142
6154	25873
5199	56729
6165	6230
51122	54165
659	23118
411	153642
10199	84946
2197	6208
6209	25873
2262	2719
1062	10112
5094	5725
1453	6203
7042	83706
2277	2321
988	5062
9069	9076
56949	91603
5903	10274
6124	51187
9493	10112
87	6714
5928	57459
6118	10459
1781	11014
6201	6234
3619	23511
23291	79176
4709	9551
5718	6790
6159	7311
6222	7178
1349	10975
2034	3091
4713	4724
8514	11314
6672	79097
4697	4717
5929	23067
6207	6234
10075	54926
9282	23097
701	3619
6461	9564
6160	7178
11017	22826
1524	6370
6159	6161
5699	8945
11222	57129
999	4072
10652	149111
10155	80110
4886	5733
25909	57122
1129	4543
3355	4852
6138	6139
2791	6915
5430	27316
7525	11099
3190	10492
6138	6181
1299	1306
1435	3912
3362	53831
3683	5788
6168	9887
6152	6181
25929	57122
2804	10945
2918	6752
10250	55749
6173	6218
22954	23327
4508	4538
9793	57122
988	4173
10236	23020
1731	23157
6169	6227
350	2147
4332	4353
6144	6218
9320	26190
2621	10272
10466	10618
6230	9045
6169	6173
23327	89910
8775	388552
3183	6628
4709	10975
7538	9261
2185	5579
6122	6168
867	8301
6144	6205
388	399
389	117289
1291	5351
6429	10946
9343	51729
9055	9493
9493	11127
6167	10952
83597	120775
23608	140462
4940	10612
1601	29924
4584	4586
8607	54881
9221	84172
23160	25885
6790	9787
6249	401541
1983	6133
6143	6206
23397	56992
6210	9887
3308	10808
7004	10413
388962	654483
680	6869
6210	6218
963	84329
1829	2125
3339	3915
9752	56141
4707	4713
4233	9564
8322	8976
9870	22954
2107	6234
6152	6206
3843	55705
6143	6157
5023	8514
6235	6727
1315	9276
2633	3437
1902	63940
1058	57405
324	6233
830	29127
2491	5903
6159	6176
51429	115548
6430	6434
891	7314
1088	2358
3594	7297
26290	140453
8334	8337
208	57148
3458	6775
51003	400569
2033	81857
325	3015
1576	54600
5928	57690
983	10733
399	7984
57787	261734
51023	116541
800	3672
22918	79895
1915	6142
6147	6232
658	4093
6130	11224
9757	26523
2935	6176
641	5426
5660	10970
7311	143279
932	945
7204	10316
2537	9636
6908	8812
9320	65264
4738	6923
1291	3685
6139	6161
8329	8334
6772	9021
338	4973
6138	6156
1738	6470
6138	6228
6993	10755
3663	4281
1793	7525
5179	283869
3619	54821
2204	160364
1022	55840
1063	7514
6461	10458
6161	6188
81697	344892
10952	25873
3881	112802
3202	3204
8683	9785
1063	22974
29074	64928
81537	259230
6125	6164
4509	4535
6147	6227
1236	5443
5930	7334
6599	57492
5347	259266
3212	8338
727	10022
6175	6210
963	3685
6202	6210
65264	115290
3675	3693
1129	5733
4700	29796
51023	64975
5094	27316
3576	6288
5861	11015
4359	5376
3627	54331
2197	6165
1933	6159
6870	56923
5901	729857
6189	6202
4947	5716
3191	51692
5880	257106
2913	84539
2107	6137
3690	3696
10802	100302736
6157	6206
813	10130
629	4179
27125	55840
3178	6434
1154	23014
718	6357
5351	50509
5879	94134
57332	84733
2635	5371
6599	6605
6137	6173
2769	5330
7135	7431
1956	5579
988	23397
2197	6169
6176	11224
391	8503
3071	7454
2071	9014
1001	1500
1933	1937
3858	3861
3017	8970
1660	3192
4627	5898
2491	6232
