156	1902
4736	6176
2767	5296
10250	27316
7272	9787
259290	259293
5335	7462
6205	51187
1302	1306
55582	55614
6135	9887
3123	54331
22954	57542
6229	6235
864	3683
6708	11280
6233	9732
6453	8301
388	2064
5707	7321
5717	10575
8329	653604
5707	10577
6128	6147
6133	6206
598	6774
5720	5721
3579	10316
1314	10959
55749	79869
5701	5715
3309	51726
383	1669
10489	79654
112	729230
2222	3157
800	3672
2185	5747
9824	10112
6176	6232
9138	55970
966	6709
5469	9967
4695	4707
3071	6461
3376	6301
11014	29127
1022	4005
1495	5868
9793	23244
6209	6223
6144	6204
3659	3660
3122	11184
7706	51426
2521	27316
374	2153
6827	25920
11127	55605
7311	83987
2958	79035
6160	6228
6138	6193
2131	9672
728	6376
29796	126328
1949	2045
1453	6231
5880	9844
1660	6625
29945	63891
383	8993
6181	6230
89910	90293
5347	51512
55142	440145
6164	7311
2197	6154
108	6750
5707	10575
54960	129401
8514	64386
50615	59067
55720	84172
9371	10540
5529	5781
3921	6207
699	3796
197	2266
680	846
2635	5371
8453	56995
114	259285
7381	29796
9212	83461
6173	6209
988	60682
1933	6165
1906	2150
6141	6168
2792	65055
56945	57129
332	151246
6138	6168
6160	6229
389	30851
6233	23049
3356	94235
6164	6209
3713	23581
1398	3071
51362	348995
6156	6202
6141	6159
8683	10569
521	4724
4540	4728
996	5717
10540	91147
2767	29933
6711	11316
7311	10110
7311	57154
3355	4543
4736	6143
6727	140801
51096	84128
10051	10403
54625	151636
51264	51649
3017	121504
5335	7852
5688	7979
932	3683
2222	6721
6430	7919
81285	285093
6137	6218
7466	10970
9967	10432
5094	5725
9276	22820
1268	10803
102	3915
2920	55970
1062	9585
1500	1956
3066	6045
6122	6158
51122	56995
890	9833
1022	5432
2800	2803
50506	90527
9076	24146
1994	10285
6667	27327
1783	22930
6165	6169
1778	79867
6129	6137
3921	6234
1495	84962
10749	51479
6230	55272
9318	54165
6144	6165
6678	7424
6194	6222
6124	6175
2318	54751
1994	23435
1639	3326
4713	4728
8638	10964
905	6667
2072	7158
5361	7305
6129	6157
4867	79867
2491	57551
1302	169044
3687	441864
5887	8450
5116	23354
857	1956
5903	9972
6142	8666
5781	7525
2197	6203
7979	139285
23046	51014
6175	23521
9439	9611
26268	84085
4924	5589
29126	80380
147	2150
54998	64976
9020	10673
4734	23327
5905	6232
6203	6233
813	11098
472	5429
11128	55703
966	10970
6136	6222
4599	8638
9117	90411
1445	5829
8914	11169
915	3702
10920	55884
391	9743
187	56670
6158	6202
1832	2125
1650	6185
6154	6189
6136	53918
6202	6205
335	2243
89890	90025
22897	653784
521	4700
1814	259285
6227	9349
6144	6224
2064	6714
3303	10963
1398	6714
7311	84962
5519	5781
5725	51692
9126	54780
6601	55193
6129	6206
6621	79035
7311	55252
6139	23521
1933	6155
3115	7535
890	157570
6170	25873
6125	9349
3376	4141
9188	84172
4736	6207
3184	9343
3882	3886
1347	9551
7337	10489
1062	23095
8969	653604
1783	25909
6144	140801
2792	3763
6663	27022
1511	4332
2033	5451
6130	6223
1497	23729
26235	158506
1956	5328
4735	10540
6138	6165
5741	8074
9870	64219
4599	91543
4540	4726
6429	10250
1062	259266
83540	259266
3115	3123
3693	7525
6204	25873
1500	4233
701	8243
6224	6228
389	5217
2205	3702
28	2525
4116	6636
351	7042
92	4086
8723	51143
64425	65083
6161	6218
659	9765
1915	7178
6132	6173
6155	6201
5552	83706
22981	57545
6125	6143
54575	54600
6130	6138
1991	80184
22919	57551
990	9156
3643	9021
871	10491
5023	10857
2222	3422
6124	6129
6207	23521
350	2147
3675	4233
6137	6206
6203	6208
377	51014
6625	11100
5684	8312
3619	23332
2521	3190
3267	9341
6137	6176
5707	6790
1043	2350
26476	344892
3796	5516
6136	140801
6230	25873
1088	138050
1314	22872
6233	56254
7532	653784
887	3827
2242	9855
6135	6210
4194	57690
116	94235
5082	10574
5516	7525
3066	84289
9133	55355
23291	79176
6137	6169
6520	8140
6122	6209
699	9928
3611	6790
7311	114987
10970	11322
10992	27339
5928	8085
2917	9934
6885	23118
6500	8697
3685	160364
1329	55967
4853	6868
3710	5330
7057	23275
6950	10376
6228	6233
10112	10749
1439	5777
6209	55272
4090	285704
378	10959
10849	25885
833	2617
6137	6222
6125	6129
462	3827
1981	6154
6165	6204
5834	93100
1577	54576
6155	25873
3675	7057
2033	5929
2917	27199
904	2967
6233	8295
2247	2260
1763	348654
2151	2791
51690	54464
54069	79172
1337	29796
6605	55193
2185	5879
27097	79595
10713	51692
6157	6201
8688	8689
57154	151636
6194	6208
29927	100526842
2071	5985
6193	6234
6453	29763
5286	286451
627	5781
6122	6175
1915	6142
712	713
6167	25873
1937	6138
6139	6155
6233	653604
2358	79895
11339	55143
5328	10396
375	10959
1063	24137
57082	151648
1650	3920
2222	51478
54148	55168
23095	64837
6234	9045
4718	4724
8697	23291
5501	23122
1108	25942
7314	10980
23	6059
5155	83706
6143	6232
705	9277
6222	23049
9879	55660
6146	6194
4736	6173
55168	219927
23223	79039
7514	23039
27316	65109
1511	6037
153	796
3074	56729
8886	79954
6206	9349
3684	79895
6133	6135
8295	79595
1665	3191
5898	5899
3191	4670
6138	6147
8301	9322
4008	79176
3837	55706
131873	256076
9320	144699
3688	3693
6146	6202
3685	84329
6139	6205
8638	91543
2033	23309
2935	6181
8365	126961
1347	4713
7305	100049587
388	397
6138	6224
514	1350
22888	51343
1062	1315
6141	6173
1605	3909
607	8945
891	1062
6156	6168
3673	3914
5436	27258
6233	26091
3013	8334
8648	84498
3921	6206
50831	50832
4585	200958
1894	54443
6157	6234
637	4170
1604	51014
26146	92104
974	5336
5747	9564
79664	81556
6429	10946
4116	6132
6157	6209
6233	6498
695	3635
10552	54874
156	7852
890	84515
1233	6370
111	10268
64946	147841
338	2153
2847	4985
7852	83737
6218	6233
1655	25804
1499	5777
6181	51187
161	26130
1870	4208
6453	9322
7184	9601
23582	25949
6921	79754
6193	7311
521	9556
51715	326624
9527	84516
2195	7124
2197	6235
2773	5594
3178	6430
6154	6164
2239	9348
7450	54756
6138	7178
6129	6188
65003	118487
3921	6181
966	2207
8243	23279
26524	126374
1129	5733
6122	9349
1069	4867
1524	126006
4992	344892
6161	23049
6169	6202
5440	80349
5887	7520
5516	54908
6129	6222
1859	10238
983	7514
6218	6232
2817	3055
3312	10808
9787	22974
1111	8317
1062	3799
1462	84141
5869	10254
1385	5290
5119	27183
6556	196527
991	83461
5869	8411
5880	171177
51023	90480
595	5708
988	3843
3148	8125
186	84539
10175	26984
3853	3868
9282	23097
1783	54821
689	4666
522	9556
6135	6218
5335	8394
4707	4713
383	56729
5868	57403
7311	65264
5529	5718
2151	6915
23309	64426
23517	84135
6155	6209
3174	6927
1457	23411
6128	6155
1991	6036
400	60592
1660	1994
6204	6222
9793	10274
7314	10920
4008	144699
6170	6203
3833	9700
6167	6727
351	78991
10952	25873
6135	51187
5868	26060
6118	10459
5869	6453
6147	6167
9787	54443
6136	6217
6667	7402
6133	6194
3884	3885
444	3725
6138	9045
11176	51742
6170	6201
79738	166379
23586	29761
1062	1063
3178	3192
29922	121441
6210	9887
6231	9349
5515	10776
187	5473
6142	6227
1269	59340
5796	6233
6135	6142
4172	4176
6139	6157
10618	26130
4599	4939
1435	3490
9833	55165
553	680
2642	4922
6154	6229
9320	84231
6133	6170
1048	80740
5286	7311
22826	85313
4514	4538
2801	10959
57678	256356
6137	6189
2214	2215
51234	55831
3837	7175
25926	84128
4144	4548
83551	134860
566	4332
2965	9646
1435	3371
6176	23049
6169	6207
2767	5998
4690	10152
6159	6232
6139	6218
6147	6207
6233	26523
51023	51649
1315	9382
4069	56729
712	7305
55755	347240
6207	51202
5887	10401
4709	10975
6147	6224
163	274
26146	79989
1452	5515
9793	121441
8453	9820
3688	3695
6203	23049
262	4143
6160	6203
154214	221687
566	8635
2633	2634
142	56655
351	9002
1983	6175
1880	3579
6189	6234
6137	6210
6167	6169
7321	79176
7038	7173
1292	55214
3356	6915
6147	6159
6122	6133
783	27091
23197	26043
3669	4939
6194	6235
6135	7311
6173	6208
701	3619
6135	6204
3685	3695
6231	9724
8560	196527
830	10466
6155	6161
1456	7534
50838	259295
1933	6168
4939	10379
84128	84946
6144	6228
3921	6222
627	5879
10112	10540
6232	23049
1452	6500
6517	9968
5546	10262
3915	4233
6160	6164
3937	7462
9277	65083
51649	64928
6222	27340
6184	6185
5438	51503
6636	6637
4508	4536
1956	2059
6122	6203
6209	140801
6708	6710
2817	4035
636	5048
6206	6224
9662	10733
3832	9700
3973	4160
26146	28981
6169	7311
11190	55142
7516	348654
3308	55706
6152	6167
3921	6168
6158	6159
6827	10302
6385	10755
6137	6168
400	10564
972	3115
10907	51690
1642	5931
10109	54874
1660	3181
1062	10274
6205	6233
6146	51187
996	4734
6626	51593
1605	5879
6132	54512
2788	3269
9816	9875
7704	142689
8243	51143
1314	10427
1350	7381
1500	3801
566	4069
6161	6167
22905	54874
6143	6209
5580	55970
3488	7857
6144	6189
6137	6205
150684	150726
8334	8341
8365	440689
3837	7514
6428	10946
7514	55055
51023	122704
4713	10632
5725	27316
6727	10952
6168	6181
6464	6850
8065	83737
1857	6233
51280	54972
55703	84172
7311	9045
988	6596
27237	171177
6625	8189
1639	22930
6130	6235
5829	7534
6201	6234
3683	5795
811	7184
4985	6752
148	2837
11014	23046
54908	151246
6152	23049
34	6256
6164	6170
6173	6181
6230	27340
3685	79895
6156	6233
7412	388646
3866	144501
79172	151648
1659	9343
6154	6232
6133	6229
7311	55914
26155	84172
3915	375790
9320	9604
846	50838
990	9700
3109	3115
9092	27339
6637	23524
6142	6229
287	6326
22995	146057
1499	283149
10432	23435
6181	6235
7456	10552
6160	25873
1956	10413
6426	100526737
1933	6142
3267	8301
3882	286887
920	5286
3339	6385
87	6385
11021	51762
5707	8452
3486	11098
6156	6227
6631	6636
3437	6772
3915	10298
9354	23304
1062	9371
1665	23350
6207	11224
3690	5908
3017	8351
1822	6045
6500	55884
3913	11167
57545	79867
6288	6863
3055	6503
11235	25843
3685	3693
3655	5339
9739	23112
1610	4843
117	594857
302	10577
6222	6235
1116	56729
1398	7409
6139	6193
6152	6188
8087	9444
1894	259266
9833	64151
3184	3190
25937	51421
4736	6234
25909	57551
983	6502
6208	6233
8636	11258
3054	4899
1457	7153
1365	24146
1983	23521
10484	79090
5872	326624
60	57591
2197	6175
1783	2491
1058	10726
6619	10623
3109	3111
51203	64151
6168	6234
9666	65264
8853	11015
5339	6205
27076	154064
9183	51143
9968	10499
4717	4724
9277	10153
7311	23607
6143	6171
23291	154881
6147	6234
6138	6208
983	9126
8615	9276
6157	6232
399	23526
351	8477
3685	10857
10970	84141
6205	6224
5347	10112
5516	5520
3190	9128
6135	6171
6130	6193
1290	1291
96459	201163
7852	8698
811	2923
9793	84902
10425	79876
1462	6696
840	3912
83540	157313
521	10632
7311	9341
966	6711
7316	399473
2784	2847
3619	10735
5984	23649
9787	11339
6208	6224
6203	6222
6128	6142
6165	9887
9585	10749
10022	50835
6229	11103
9790	54881
6934	283149
27327	192669
5701	7979
5707	5717
6173	6175
6175	25873
6700	353132
6135	6161
10250	84950
1630	137970
966	5023
5699	8945
6206	11224
657	659
2975	10621
9150	79577
3619	25909
3115	4261
6144	6206
627	5599
2153	3827
5657	23197
5594	6667
9183	64105
6128	11224
4904	10465
991	9133
6147	6176
6135	11224
864	64750
55127	84172
6144	6227
688	5468
604	933
6301	23395
9126	25936
6139	6235
3071	10458
10857	10970
25926	51096
79895	160364
351	58191
4240	51280
6176	6202
351	10970
672	8314
55168	64928
570	54363
409	950
55831	56851
7311	89910
1462	8542
55759	84128
6141	6203
391	394
2222	2224
55320	401541
3799	11127
6175	6205
1991	5199
1302	50509
4666	6129
6631	6637
4734	7316
29894	51593
3937	7305
51021	84545
5981	10051
6036	51316
6128	6141
3903	84329
2034	84962
7184	10130
6194	9349
79895	100049587
10274	151648
811	3309
3921	6231
1778	91147
6135	9045
332	1063
7311	64750
6168	6207
55165	259266
55970	126006
23047	55143
351	63940
6204	6209
23309	57169
6136	6168
1347	27089
4691	22984
6146	6169
6129	25873
1786	7027
534	8992
3304	6233
10574	10963
6158	6193
2798	56923
661	10623
991	5707
6169	9349
6556	11314
1969	2048
1063	259266
9533	64425
11127	23095
9371	64792
5747	7204
4069	6709
3357	56923
9690	84231
29974	403314
3304	3320
2967	51426
80328	116372
2790	2837
383	3240
51465	51676
7311	55272
332	7514
1660	27316
1105	23168
64219	65264
7175	57122
6158	6208
4599	4938
6122	6176
5688	5705
6799	6817
9320	57154
50831	51289
6159	7311
6154	6231
6205	8562
4361	10714
85476	90480
4695	4700
6232	7178
6428	22826
3797	28981
5706	6790
6217	84916
4993	344892
3312	29763
942	7525
11339	51203
4242	4853
6122	6128
174	51156
6229	27340
705	84154
4172	55388
6224	7311
7097	7124
10919	29945
2968	6882
51234	56851
1121	22930
6170	6202
6132	6208
8450	55832
6709	7077
6204	6230
1639	11014
5795	55754
2064	2065
7311	26046
6386	10487
6442	6444
4297	192669
701	56992
5929	55832
7039	10652
1933	6206
6223	11103
6135	6222
6233	89910
6235	25873
23	988
4736	6125
701	64151
3444	3451
5575	8826
5201	84617
5338	5898
10663	51289
6804	6813
1435	1462
1062	6232
1398	5829
705	84946
6152	6230
1781	121441
5023	6518
6175	6223
393	11014
1824	3728
6128	9349
1062	22974
6908	8812
11004	23332
4709	29796
2865	23620
10713	23451
3875	144501
6202	6234
9276	9371
752	5217
7421	11198
1292	10536
2935	6157
5469	9282
6135	6193
1639	1783
3017	126961
6170	6171
10413	60485
5347	259266
6217	27340
4736	6161
891	2491
3156	6307
1915	6138
2916	3351
6136	6206
2036	8573
6143	6161
10254	25977
344892	390084
963	6518
6146	6189
5829	375790
4591	11059
26290	140453
6232	140801
1781	6249
4641	10552
3183	6432
1576	1577
6133	6167
1173	2535
6152	6231
3301	10963
9700	23332
9126	9700
3111	3113
2847	2918
3190	57794
6709	7430
3887	3892
6152	9349
1991	4353
6181	6218
8760	129642
10466	57511
1191	2162
3921	6155
3912	375790
4695	4709
10274	10735
6154	25873
126638	353135
8349	121504
1453	80097
2033	8648
9329	10621
5438	6635
7337	9867
6130	6230
10285	10914
11102	23160
3178	6626
6156	6164
5584	55243
80321	91147
1981	6164
2634	3659
6141	6205
10963	22948
5573	23209
187	5196
5660	7852
6160	9887
1778	2799
6203	6206
3688	5829
3911	3913
153	6344
2792	5145
5296	10818
9276	9632
6128	6230
3512	57050
3105	3659
26091	154881
4539	4540
3797	10749
6175	6176
336	4036
6836	22820
996	6233
344892	390326
51373	64951
3673	3912
7089	83439
3184	6434
5880	91614
11128	84172
6628	8683
351	1241
23601	338339
27	4690
11176	23309
6129	6235
4116	6147
335	462
5518	6235
5708	29979
6132	6218
329	51330
6175	6224
388	9459
2672	6688
999	1001
8729	9276
5777	6850
699	3619
6164	9045
22794	23398
4357	54205
4867	80184
2197	27340
3687	8514
23423	54732
3916	5878
462	2243
9730	84085
945	84418
1174	10016
6136	6231
9700	57122
7043	10916
84962	121441
905	5431
6709	11014
6124	6156
7004	8463
23533	55361
3799	23095
8329	85236
4160	104909134
2525	10331
6142	9045
988	53981
10484	10959
388	55160
8544	10787
891	9787
6164	6181
6202	9045
5558	23595
6128	6201
3433	10561
2268	2817
9604	83737
6164	6169
1289	5118
6165	6188
1499	10971
6330	6340
80155	80218
9320	10075
1237	9934
705	23560
1121	326624
920	950
891	6790
102	3895
2185	2932
6556	100049587
23304	84085
1956	9341
11065	83461
1830	6699
1121	51715
1453	6222
9341	51542
6165	6173
689	6160
10316	55970
330	8887
11137	51388
695	2207
64979	116540
1453	6224
6138	6175
6159	6176
6222	6229
6228	6229
1241	7204
6133	6189
3351	4887
286	6708
857	64750
890	26271
4751	10133
2071	9014
79339	344892
5435	6634
7311	9856
4952	6272
990	84515
6142	6173
336	462
7311	154214
6164	6193
8916	9039
988	64682
1956	3675
6133	6205
81	5868
6142	6228
2023	7167
6133	6147
22984	57696
2358	6556
142	5981
10919	53615
6232	57551
6418	7514
80184	91147
5584	7124
8317	23649
1394	4160
51429	152503
8655	27077
9133	11065
1495	51474
1291	3672
3607	7311
9742	26146
3301	3320
4793	5704
6152	11224
5351	8985
51289	259287
2207	3903
1445	2213
639	3662
84648	353139
3903	11314
7305	54209
8895	10970
10920	150726
10189	29107
55884	115290
6168	6203
1793	6714
1738	4719
57082	348995
6152	6235
6205	6230
6209	7311
2788	50865
6206	6227
7316	22954
10885	65083
136	2788
10561	55601
9968	23186
7409	653361
2033	5469
6205	51386
23511	55339
6157	6176
2033	26523
7478	7484
6156	6235
4361	10635
3688	7430
6385	7057
22794	348995
5878	11252
6158	6205
3659	10475
3115	3122
6147	6210
3561	5296
8729	23095
1462	10082
6155	6210
1601	8027
26268	56658
4717	29796
6155	6234
8175	10181
4171	55388
9636	10379
1453	6207
5697	6750
23160	27340
27161	192669
9295	84950
1277	5118
9690	57154
9246	51191
6772	83666
6202	6222
1277	8974
2673	3101
6223	55127
8334	85236
904	905
4735	23265
991	1781
1783	5861
6124	6194
891	5515
3912	3913
695	5336
2197	7178
4584	192134
3301	3304
846	259295
2033	23112
5983	8451
1455	89780
6877	51593
64219	80176
1105	4343
7311	54363
3214	3216
5930	7334
5878	8411
11251	94235
1292	5352
6143	6181
3361	4283
6125	9045
51099	79948
7316	80176
6141	6189
9276	22872
160	6233
2185	3685
3191	10949
988	9475
3491	51280
2695	7434
2255	26281
6189	7178
5704	5714
4726	9551
51382	79895
58191	63940
54620	80204
1007	1013
1476	10394
11137	84916
5610	6774
5660	10970
1933	6194
6129	6209
6144	11340
3895	11167
3309	9601
6142	6171
87	7525
3106	3133
3799	24137
2537	3437
6206	6207
2157	27095
5432	7316
800	3693
2912	5173
6142	6202
8351	8970
4694	27089
57674	151636
1282	1295
5528	9700
5684	5685
1639	1778
1969	5879
6167	6228
5611	10525
2957	7702
3171	6927
10663	56923
6176	23521
6165	6176
9382	9827
2099	5241
2305	22974
4298	9646
7415	10576
25909	54821
7153	57122
72	58498
22995	163786
6176	6727
51491	55651
10970	79895
25885	64794
133	2790
8697	65264
23332	91147
6233	126961
2491	7514
8687	121391
23304	90025
890	9133
6161	6208
5515	54908
5335	6850
6138	6167
6152	6164
6142	6144
6667	23248
6133	6139
8365	85236
1327	1337
945	199675
5688	5695
2359	11251
5929	284058
2935	23049
1906	6375
2033	9031
10970	222487
4713	55967
29984	54509
156	2121
336	2243
50506	405753
335	2262
5868	5869
10112	11113
23524	51639
6133	6222
8648	23097
6173	9349
959	10673
6160	6207
7311	23600
146	2922
7520	55183
3305	10963
5439	6637
6142	6155
6228	7178
5880	27237
26589	51069
1915	6189
6152	6175
1315	2801
197	3698
6830	79577
2635	6672
6790	22974
2966	728340
338	462
3181	51692
5980	56852
1233	94235
6203	6209
6714	10298
4233	64759
6427	7307
6133	6228
5528	11004
940	8516
6167	6208
23224	23353
991	1058
9636	10561
6125	6194
65055	128366
6171	6173
23332	25909
51069	55168
23160	56902
1983	7311
6176	11224
5684	8658
963	10970
26190	54165
7533	10971
1915	4736
6206	23049
831	3688
1069	10426
121504	126961
6144	6181
11339	64946
23332	25936
4736	23521
338	1080
6635	51690
6124	51187
3978	4173
8697	8945
4176	4998
5093	27238
7317	22888
3832	6240
6223	6233
5984	7298
3184	55749
54778	57542
5868	10618
6146	6168
680	4829
6204	23049
2305	4288
1387	10498
29127	54443
9126	23244
9672	64131
10466	11014
7272	10403
2967	27125
6201	9724
1783	6711
6156	6159
6128	6222
9133	56992
6160	6194
6209	6229
1161	51122
1738	4191
9025	9656
11251	56670
5768	11167
595	5694
6142	6209
1843	5921
111	9283
9411	29984
7756	64149
1495	7082
1088	160364
1062	9276
1595	5447
6672	79097
2938	2939
8945	64410
545	5889
1660	3609
6139	6165
152	11255
6201	6208
6154	6193
6181	6204
6698	147409
23511	51692
3181	3190
3008	3024
3109	3122
3267	3949
2042	2045
2239	10082
5438	27258
1499	9314
7311	56288
2847	2911
6164	11224
1490	10413
9790	22803
25942	57649
8349	653604
26290	56667
51593	64859
1121	5869
1781	6993
950	7316
8542	84141
1307	50509
1956	2247
6133	6231
3920	6836
3921	25873
6453	8322
5426	8317
23279	79172
23586	54476
1991	56729
5822	8568
4734	23291
1233	56670
5528	57405
6135	6202
6161	6168
6129	6201
1062	1783
3912	84141
6122	6144
3921	6227
6129	9349
830	1315
5928	57649
6430	8175
8349	387103
54165	55832
6204	140801
2801	6709
8450	10401
118487	128308
6637	55505
3434	55601
623	5737
6125	6135
1315	24137
226	7057
2956	6117
11314	79895
51510	51534
87	51097
6156	6175
6137	6141
779	783
4008	23014
1062	79172
9322	23265
26173	51593
4986	50834
6169	6194
11021	23011
4514	4539
4700	4717
9927	10059
9793	26005
6133	6168
6169	140801
1665	55127
6143	6234
6122	9045
988	6599
6176	9349
3320	10598
2537	10561
160364	199675
5430	9611
6189	140801
2521	6421
6233	8290
117	122876
462	2147
2125	6699
332	64151
4887	346562
3911	9459
4240	5954
1453	6202
55832	90293
26682	344892
22917	57829
55720	57647
2790	2863
9967	23097
4793	5714
26168	27043
6601	6602
983	79959
9436	259197
4715	4718
7852	63940
6657	63978
933	974
4700	4724
1956	5879
8027	51429
5519	5903
2790	5294
5695	10213
6223	11224
6138	6173
6169	6170
55055	79172
1660	5725
9320	53339
7525	9564
4172	11073
6745	58477
4999	23595
4854	5087
3092	9146
1063	9700
5604	8826
6138	51187
6164	6208
6155	6232
3181	3189
705	56919
302	6386
10256	54845
11190	57545
988	51645
6154	6235
123904	146183
27043	57647
6233	51592
65264	90293
6135	6206
1856	7314
7454	10458
6147	6218
1453	6209
6189	6202
64926	153090
6165	6227
2242	3718
6139	9349
2625	5241
945	963
5578	9564
1793	5880
10412	23517
335	2266
1812	10268
3187	10181
10592	22974
890	1058
6138	6204
9716	10250
6232	6249
6124	55629
3688	9564
6230	6234
6272	7164
4686	23511
3837	3839
5590	57154
5529	57551
6193	25873
6188	65008
6167	7311
799	1812
7133	79895
57187	65109
23521	51386
7280	51807
3886	121391
9738	203068
274	11252
25978	92421
2537	3433
5597	5718
6168	6223
4736	7311
10403	23310
8875	55350
27292	55781
1063	5501
2243	9715
5566	5970
6249	81930
6193	6223
4724	10476
5872	79958
5529	5903
7328	57154
3185	3191
890	10733
6152	6224
813	3491
6154	6228
10552	22905
896	3717
6209	6235
1457	10592
472	84464
22905	29763
5929	8816
3433	4940
6160	6231
7415	10383
6157	7311
6136	6188
1783	9493
5433	10772
3326	10576
5657	56729
1937	6189
1994	10492
8886	51388
3921	6230
830	9371
5432	84962
3685	9564
9585	29127
9820	90293
915	919
6201	11224
3832	5422
5094	23020
3913	375790
10285	55339
1983	6157
10920	26263
974	29760
10121	26123
25909	57122
701	10615
988	10236
6125	6235
2767	55970
6772	23586
9611	9967
50835	259287
6147	6205
197	2243
5170	7249
2837	84539
6147	6181
6133	9887
10254	51652
3133	6890
3799	55605
7779	27173
4736	6193
3184	10181
10885	55127
10232	154064
6224	9887
259	2266
27339	57461
208	2475
50840	259295
6176	6203
1794	5199
1956	5579
6872	83860
9156	55388
3071	5829
8349	8970
51081	51264
5726	6755
9870	57542
6228	27340
5928	57459
7919	10949
6135	9349
8871	9341
4288	10051
5196	11251
351	813
3422	4047
5518	5976
10236	11193
5777	7852
5872	10971
5429	56852
6147	6193
4736	6171
1778	121441
9666	23014
1793	7409
64682	90025
60	2597
161	24137
3903	5023
5777	5806
7536	9716
81537	259230
8301	10979
6223	9045
2195	3725
4713	51079
6176	6222
6133	9349
891	6249
945	3685
27340	57647
1495	5819
2033	56655
6203	6235
51096	57696
4904	84950
4852	283869
7984	29984
6752	10563
50831	56923
6218	9045
904	5431
4709	27089
1783	9371
156	9002
6207	6222
11065	64151
3797	26146
990	10592
1325	6752
5094	9343
8805	27044
915	3118
4927	50628
6124	6142
2695	122876
389	257106
51602	84549
521	7381
8969	8970
1738	6470
1287	8974
6188	6229
6159	6230
6171	6227
1453	6218
23047	57082
1994	10236
9968	23097
7316	10920
6161	11224
26268	57531
57787	84902
50838	259293
5861	11014
6168	9349
6122	6194
10533	26091
966	3683
3190	10949
3178	10949
6157	6181
6130	6158
3673	91522
7280	347733
3675	3909
7531	81565
54657	54658
6202	7311
55215	64858
6228	25873
3921	6232
4540	4709
9801	64965
6144	6222
5469	80205
7158	8243
9055	10592
1490	7003
6154	23521
6133	6137
25984	121391
10458	10552
8453	8697
6317	6318
1350	29796
2186	8467
2073	4331
64963	116540
7337	51320
3998	22872
6233	151636
7311	26523
6202	6208
389	57522
6169	25873
7155	10036
6629	10189
6232	7458
1894	9833
1933	6201
3921	6189
10274	79172
4709	55967
6188	6203
5747	7852
84464	201254
6135	6173
51079	374291
1604	54732
6136	6218
2935	6207
26	10562
5435	9978
6129	6173
1956	2274
2033	8289
5777	10630
25885	84172
9666	143279
1340	1351
2207	6556
6170	6232
6137	6202
6307	51478
25831	26091
3134	6890
991	24137
6142	6193
320	5864
4724	29796
7272	10592
9820	89890
2125	11187
6129	11224
10161	257313
1347	4726
6138	6189
79600	91147
9343	51729
1105	27161
8886	55720
7321	23198
9320	51132
3659	7015
5829	7525
3181	5725
6235	9887
54881	55127
5443	6370
10970	11001
3921	6161
10193	53339
513	374291
10907	57819
6429	9410
353137	353139
8720	51360
102	1315
6130	6157
5747	10787
5867	5874
8449	79869
9551	9556
2064	5747
2549	3055
1938	6122
4694	4712
5822	7109
164	10618
55236	154881
302	5834
623	56923
3843	55705
22984	23223
5266	6699
3915	59277
6164	6189
6201	6223
8886	84916
9371	64837
9793	55755
9978	81559
23059	26146
6139	6181
983	11130
695	3725
4172	7298
545	6233
6125	6161
57542	197131
2935	6142
9833	51203
10199	79954
813	7184
1854	7298
6137	79707
27	10787
6133	6217
5433	55660
51676	140739
6160	6230
10592	54892
1241	1902
6133	6143
5426	10714
6138	6222
6633	6637
1395	2848
1063	3619
6233	9320
6165	9045
4171	4678
5591	9656
8976	10787
1605	3913
1277	1292
4695	4708
6156	6188
9493	11113
521	29796
1832	5493
1778	4735
1994	55339
6188	23049
4706	4717
3915	5829
8976	23149
6125	6233
64151	83540
1113	6855
6461	6714
466	1386
5746	59350
6157	6173
6133	6158
1120	1375
6230	6231
6176	7178
3594	7297
6160	6165
3913	54972
2204	338339
945	160364
23350	79869
1601	8976
6137	7178
344892	390059
5347	11190
6133	6203
9632	22872
1058	9833
4540	4695
23322	79867
1794	9844
5431	5433
988	23397
6227	6228
11015	51014
10112	55635
657	9765
1060	57082
5196	56670
10285	10713
5318	11187
10540	24137
3320	10787
6667	8648
8178	11267
6233	26190
5424	5426
991	10112
3921	6152
2274	6281
6133	6161
2519	11098
3673	3693
1398	1794
5878	51715
3111	3122
8065	84259
6230	6235
1731	23157
6601	57492
2266	5345
6232	25873
7020	284252
6227	10952
259293	259295
2551	3054
1387	5929
5869	9341
471	441024
9833	259266
4540	4712
29984	57449
950	5286
23160	64318
6337	7311
1579	8529
6160	6168
23244	55746
5430	10250
3683	3693
890	51203
6138	6181
10269	23463
905	5433
629	4179
2962	56949
11245	55970
1004	1016
11190	22974
8453	22954
2491	55055
1911	4343
6207	6227
8843	27198
5217	114793
117	7434
4508	4535
4297	51230
55003	84154
6217	27335
1642	56852
7204	55970
5501	57551
388	391
6203	6223
8861	90780
6202	6206
6209	6210
6132	23049
2912	4543
4591	55658
6159	6229
6139	6173
5861	326624
6181	6232
6136	6138
6209	9887
5747	7409
6169	6223
2932	5529
246	11283
3915	10130
5439	9978
6147	6157
5708	64750
1241	2863
6176	6205
84366	360205
5594	5781
5829	10298
5725	11338
6141	6228
5048	54821
26190	65264
2197	6161
10857	196527
8365	653604
5335	7305
3437	55601
5432	27125
4116	29107
351	55970
2804	64746
4313	4325
4540	4724
55755	146057
26271	51053
6128	6170
3491	3915
400	55275
4867	79600
1325	6373
5879	257106
6632	10465
332	10112
6223	8562
251	23627
3183	27238
6138	25873
6169	6206
6146	6167
6137	6233
7027	7298
2222	4047
2177	2178
6202	7178
10964	55601
1783	79659
6182	65008
9349	25873
1058	57405
388	9938
2197	6230
657	64750
50813	84727
9730	80067
5422	10592
2537	3430
6154	6208
4666	6136
2633	10561
6137	25873
523	155066
5586	5879
5515	6249
5829	55742
8829	10512
6426	27316
64284	401409
7994	27154
1758	8404
1781	10383
3119	3122
8969	126961
6168	140801
79659	150737
5741	7434
6160	6171
1387	8648
4171	81620
1551	1576
899	51343
2957	6619
3881	112802
3192	5093
8683	9785
1287	3673
5094	9416
85476	116541
6136	6232
1983	6133
64682	84085
4670	51692
22954	23291
5179	9210
7021	83741
51692	55749
419	390243
4696	4710
8337	8365
51676	64750
6139	6142
6209	6234
6222	10399
2071	6873
1062	5347
5438	51755
7004	25937
5777	6709
378	9276
680	2798
4343	27327
891	24137
830	51014
9341	10228
51650	64983
6159	6194
160	8867
5578	5588
6624	51411
6167	9349
6168	51187
8976	54874
3184	3192
51444	57531
6633	25929
4085	55166
6122	6160
4040	8322
899	9700
6233	9101
1315	8729
996	25831
6171	6234
6429	6434
9700	259266
1942	9564
7136	7170
6633	84844
7175	23279
5604	23164
9183	113130
996	51132
9801	23521
9879	51690
6133	6142
259287	259295
2918	10563
5869	6233
50616	116379
7536	220988
7317	140459
522	84833
2358	3579
51122	54520
9277	80135
9045	11224
6125	6146
5696	6890
6205	27340
9631	23511
6155	7311
6189	11224
5426	9126
5716	7316
3672	3915
6128	6207
5903	54821
6161	6232
3433	4938
7082	25937
2740	5739
6160	6167
6143	6160
2935	6136
5930	23295
1902	2767
8689	54474
4734	154881
3683	3903
2266	51156
3921	6128
6188	6232
3565	3567
6176	6234
3953	6774
90	4088
988	1654
26043	51122
996	65264
928	3655
53637	63940
4173	7298
6206	25873
6129	6233
22948	63971
60	10095
6142	6224
3071	8976
4736	6137
23279	57551
1859	5928
6173	6229
6135	6235
4697	55967
3190	5093
5430	27316
3178	27316
79090	90411
90480	116540
6227	6232
7272	10733
161	5286
25827	115290
5624	10232
23291	83737
3017	440689
26589	51649
2935	6217
6164	6235
3880	144501
1603	100128731
161	8650
6233	7178
6133	6156
5347	5905
3843	10527
1601	10618
9031	221830
27292	84135
6158	6160
1315	3796
1660	1665
891	5516
9604	89910
6714	7525
8590	285093
3921	200916
50835	56923
3833	56992
3190	10492
6272	11319
6228	23049
6234	8666
6146	6176
3354	6387
3429	8638
3303	3320
25827	126433
27198	338442
6181	6203
1081	7252
6205	6228
6164	6205
9223	9693
640	973
3799	10112
54509	445328
5473	11251
6773	10379
8453	55884
4734	9666
8514	10857
55252	55777
861	6604
1824	5266
1062	5903
332	23332
6204	6224
353142	353145
6160	7178
7153	7298
4528	28973
9117	81562
8295	57634
6138	6142
4853	7311
10094	10095
8175	84811
5880	7454
51382	222487
5294	7409
23355	27072
6176	6227
6141	6175
79003	81565
954	158067
905	2967
5426	8914
5903	22919
26239	353133
10163	147179
1639	24137
10013	25942
6206	6228
1537	54539
1084	23601
11236	79139
4700	9551
6133	6160
3192	5094
2912	5179
9330	53981
39	3157
1499	5795
23244	57551
800	5829
23160	134430
3579	55970
3156	3157
6130	6137
27241	166379
2535	5599
7316	89910
6136	6164
139322	374354
10193	10489
1642	8607
2848	122042
891	9833
134	6376
5981	23244
915	7535
701	10403
10426	11064
1453	6208
6170	6175
23291	55175
1783	6249
2956	9126
695	2206
1434	3838
2805	3242
6132	6136
5048	9183
4436	254394
5157	7991
6175	6202
399	9828
118487	219927
6637	83443
3767	6833
5338	9744
2916	346562
6203	6207
3912	6714
930	974
8729	9570
7936	404672
4297	23269
6159	10399
831	5829
9126	23279
23042	23420
3376	8565
830	55604
3181	10657
3109	3123
6228	7311
3309	29927
5347	6232
3895	5879
51143	348995
377	1781
1824	1825
4519	4539
1340	1347
9320	57542
6138	6169
2932	5708
6156	6165
5528	151648
64105	151246
1906	1956
857	3688
6205	6229
7311	10111
10693	11328
1829	3728
5777	5781
5689	51371
23521	56915
29074	64928
1387	6601
6156	6170
6155	11224
1781	11015
6128	6167
4708	51650
4626	8735
6122	23521
3909	4233
6136	6161
54820	55143
51068	117246
3688	3912
6203	6205
5048	11190
4116	6222
274	9341
6142	6154
22954	55175
4538	4540
4976	9927
2932	5704
2782	2784
6233	11224
6045	51230
9643	93621
2034	3091
226	2023
6223	23521
3320	7415
7862	54815
6168	6206
1778	57545
6129	6193
160364	338339
140807	319101
9343	27316
3240	56729
6037	51316
1500	7525
6154	6203
6194	27340
2247	6233
5903	23279
1933	6210
3017	6688
4519	4536
9212	79003
4736	6138
6181	25873
3312	8871
6209	6233
64682	154881
6129	6208
8648	9967
338	2266
5717	126374
51510	51652
4709	4710
5394	5822
55008	151636
2205	2206
8467	9188
5311	9727
671	3240
813	10130
7137	7138
57542	144699
4736	6210
2359	6370
6144	6235
6194	6201
1956	54206
6137	6232
6189	7311
23332	57551
6157	11224
991	6232
1511	4069
9437	259197
51322	79577
988	79595
5880	8324
11190	54820
4700	27089
4343	84441
712	714
6155	6173
6667	26512
1291	10536
6498	7311
950	5868
7316	55777
9276	23095
6227	6229
6203	9349
4736	6130
3362	5443
87	7791
197	3827
6146	25873
4734	64750
1857	5699
10749	23046
6138	9349
10075	84231
6146	6233
3912	11167
861	57332
7454	9322
6133	23049
6194	6209
4512	4519
86	57634
3685	199675
813	6790
6155	6223
1080	4036
8976	9341
4940	10612
29074	219927
10693	55970
3685	5023
6164	6233
10594	11100
2197	6147
57191	400720
6232	7311
6605	11198
1453	2801
10097	50618
8243	9793
4736	6222
6207	25873
10914	79869
6631	57819
996	197131
302	383
378	22818
9128	55234
1739	4646
1173	29924
377	24137
5878	23011
11004	81930
891	995
8945	115290
3133	3134
11339	54069
1962	6233
8341	8969
3512	100423062
6152	6156
23014	115290
3122	4261
5689	5700
6206	6218
4738	5693
8924	23030
3178	7536
6130	6154
10552	23149
940	50943
4088	57154
55703	55720
9276	10652
6170	6188
8243	57551
4724	4728
1445	26191
4332	6036
2692	5745
23112	84441
3937	5335
3203	3204
6230	23521
695	2268
6135	6139
1407	7311
2358	196527
9972	348995
5708	5970
2537	10964
5599	9043
7311	9927
8945	22954
112	2358
5716	51330
6159	6234
1830	5266
8452	9870
302	23526
6167	6189
4141	8565
10189	79902
1908	1910
1605	3915
2537	3434
26268	53339
2982	2983
57545	121441
11275	54778
6209	114987
955	374659
25978	51652
3105	5696
6161	6204
8337	8349
3458	6775
163	8301
9021	57674
51320	200845
6434	57794
3191	10236
6202	53918
2244	2266
8717	9530
22919	55055
10112	81930
6144	6193
9972	23165
6164	7458
3832	3833
51088	55832
3046	3050
164	55330
6188	6204
22954	23376
8453	89910
988	10767
2784	7434
643	50865
6181	6224
2153	2244
6122	6142
6136	6144
6130	6165
372	9183
3937	7454
9493	23095
5093	5094
6208	6209
1398	6850
6165	6229
6233	221687
2792	4985
6135	6228
6144	51187
25909	55746
1431	2747
6201	6203
3619	23047
6130	6159
6288	84432
1933	6175
177	351
23112	192669
6234	23049
4064	9450
3091	5708
23291	56929
3433	9636
1453	6227
891	129401
3093	83737
153571	153572
338	4973
56923	259292
6233	84231
8886	84172
6160	6202
4512	4538
1650	6122
4710	4717
3006	85236
6129	9045
7124	8740
1329	1347
3071	9564
160364	170482
2848	285601
9655	84085
9666	64219
2212	3689
2521	5725
6170	7311
6189	6201
2792	128366
5347	81930
23327	64750
4738	9616
1778	6709
1981	6176
840	3688
10930	29974
9790	9904
1500	7082
3074	23197
26270	93611
1911	23028
6205	9045
1639	9493
1956	3912
8477	55970
6161	6233
5898	10890
8085	9739
6154	6230
6232	6235
50865	63940
6455	8673
6168	6235
5199	124583
6168	23049
23122	55746
10274	23279
2209	10152
6157	6204
8085	9757
187	11251
4540	4707
6130	6218
705	8886
7249	57521
1111	54962
4734	83737
4725	27089
288	2348
6147	6165
51081	51649
10458	55740
4697	4700
988	24137
11059	65264
999	3728
1994	10250
51649	54998
10285	11017
5970	23118
6152	6189
9875	22984
6133	6209
7311	22954
5434	10594
4540	55967
6208	6218
22918	53831
10813	10885
6147	6194
55275	55610
640	29760
4174	10036
56929	79176
6427	6434
6152	6176
10959	22872
11224	23049
9295	22794
25879	56902
6176	6206
25831	154881
3659	5696
126638	147409
1778	5347
367	8349
6189	6205
54881	65083
516	51287
9045	25873
685	1956
7514	81930
26539	344892
967	25798
112	1880
3799	51014
6233	57154
9662	79441
9522	160364
1500	4646
6136	9349
11103	22803
3491	3912
1601	6233
891	1781
54577	54657
4116	6168
6137	6204
1398	10818
353139	353142
400	57511
1033	9232
9793	79172
55127	84128
123099	340485
388	51291
891	8655
6709	55243
26190	57154
6130	6168
6426	23517
6139	6224
6228	6235
351	5330
55236	197131
6155	6189
4543	5179
7057	7424
9700	29945
10484	56681
6636	10465
400	25839
5829	64098
1933	9045
24137	64837
1936	6132
9847	23265
6193	8666
6128	6146
8925	54778
122042	285601
1894	9493
7525	11099
5872	201475
3633	29984
9700	57551
6208	11224
10403	51143
10112	23095
6137	6143
4125	8635
23279	51692
1008	1016
3190	6434
7311	11059
5878	10618
4172	4175
6036	8635
11275	283807
5519	9183
846	259287
8412	9564
3113	3115
9879	23350
6231	114987
6233	54677
5928	7343
4713	10975
1933	6152
6774	9021
138805	344892
92104	150737
8451	51514
5427	9768
8881	63891
6169	6203
2107	2935
26190	83737
1462	10618
2197	6133
5023	5795
7994	10499
871	1303
6118	9557
966	326624
3895	84141
7311	126433
4712	91942
3190	27316
4538	4541
10403	51203
187	94235
8189	11100
6224	23049
1398	5599
2803	7110
27340	55720
2633	4940
57545	91147
1778	2801
55175	197131
6279	6283
967	4033
2033	8085
389	29127
186	2914
4116	51639
2359	94235
1956	5336
4541	4712
2071	55677
6133	6224
6133	9045
6136	6223
2801	51014
23304	64682
4343	6233
1937	6142
5896	5897
5529	79172
2185	5781
54625	83666
5716	5718
11073	84126
55339	80335
10772	10949
6124	6160
3350	84539
1129	8322
977	5339
3659	5371
6159	6206
2848	3274
109	10681
1942	2268
4724	27089
2521	10921
338	5948
6147	6230
6234	6235
9350	56963
2788	55970
3691	3909
6234	140801
3320	85378
1281	1290
10489	54778
11167	54972
6189	6229
3313	23511
10663	259293
6156	6167
7311	8322
1387	9967
143279	154214
51465	84447
9277	51010
5700	5702
7456	10787
6137	6160
4726	7388
1605	3688
7479	7484
580	10635
6159	6193
3949	5869
1969	2050
4343	27161
51725	142685
25942	57690
26470	253982
10592	24137
3183	6434
3978	5424
6790	10133
2205	5335
2147	2266
5330	9002
3212	8338
2185	6461
5023	8514
1783	81930
4538	4712
1915	6161
988	7112
6754	50837
22930	25782
5347	54820
4116	6633
6714	8976
3660	5696
6130	6209
2695	10266
2197	6229
3832	7272
8468	91646
5433	23517
10285	23451
116	5739
6143	7311
6176	6235
996	1912
1439	6776
2243	2266
1824	5493
5707	7316
121504	440689
6383	10082
5903	23332
2132	6385
7175	23511
4736	6223
1511	4353
23283	55749
1908	84432
274	9322
1822	57504
8816	51122
1069	10383
378	11014
2207	5338
89910	115290
6185	7184
226	5768
996	6790
57531	90025
23376	26235
988	8243
6850	10787
226	5223
9318	51122
2792	138883
2475	9675
6428	7919
9700	25909
11095	157869
6139	6194
6144	6160
6728	51121
27340	55127
79867	121441
5290	54209
393	5879
6125	6139
3635	5579
5685	5706
156	2863
25	10163
7525	10298
3320	10383
10890	57403
22954	23014
7328	22954
10324	201456
4734	115290
6124	6125
1660	3190
6625	23450
6139	6154
4116	6218
22954	23327
2491	5516
22974	203068
6161	6173
6193	6231
7514	79172
3897	284217
6128	6173
6132	6204
5879	10458
3619	57551
3889	3892
6157	6224
1387	6938
6232	11224
6144	7311
6237	10235
4686	8021
2629	5660
6122	6232
4116	6632
6142	25873
1398	10152
6136	6139
6194	23521
26123	79600
4513	4519
1576	54600
6133	23521
23112	80012
54998	118487
7316	10254
2033	10847
5707	23526
1453	23332
11218	79084
3312	9128
332	79902
8615	10802
23067	25942
6456	9892
1660	10523
5439	10980
6170	6206
6147	6232
5471	10606
3685	8514
6130	6139
1956	3688
6156	6229
11004	113130
6709	126014
6206	7311
6144	7178
3074	5707
6755	339403
2197	6727
301	9002
2935	6209
10193	26046
3660	10475
3009	3024
1639	10540
2243	3827
3549	6469
7311	54677
983	5519
2209	10787
1345	4695
6850	10152
6124	6135
1315	64837
183	259287
3192	10523
3001	5551
79172	151246
3799	10749
6453	10552
9927	54708
9690	221687
5501	9793
3675	3685
6176	6230
5048	121441
8243	57082
6155	6224
5869	23011
983	9631
4116	6146
6136	6203
636	25782
846	10022
8541	64130
6124	6206
399	1894
6129	6234
7453	8565
102	1499
11004	51512
5435	23524
111	1812
9320	25831
398	5880
695	3937
7004	10413
4620	8735
7037	54885
7204	10316
10902	54617
5660	84061
1453	10427
705	8602
2932	23291
6133	6204
6233	158506
54578	54658
6159	6209
84296	84515
55142	203068
56729	124583
22974	23397
988	203068
163	9341
1058	9133
27237	29984
1058	151246
6091	55740
6210	6223
6601	6605
6224	6232
350	2266
23142	26190
3912	10970
10193	80204
6156	6189
27125	79577
8945	10075
1942	1969
841	843
2784	5741
7311	23032
983	129401
6160	6161
10121	80184
617	26517
6173	6203
6520	23657
81	7057
2207	3635
11059	23291
1453	8636
1650	29927
6142	6218
1315	160364
1994	9879
673	57498
6189	9045
5869	8027
5290	23533
22936	64859
29127	81930
2197	6207
1398	9844
9632	10483
778	779
3796	10735
6209	25873
2185	3688
57403	81876
399	7409
7320	9604
9295	10250
6204	6206
7184	51726
3576	6347
846	259293
57521	389541
23160	84172
55662	80351
251	152330
6175	6234
6203	6224
6173	6189
84135	134430
6146	6208
6129	6203
6203	9045
336	5948
6181	23521
950	4952
7337	197131
6222	7178
3482	26130
10193	197131
7311	23291
1536	653361
1499	1969
2197	140801
8085	25942
7311	80351
1290	1303
10272	11098
1956	3918
6223	55272
963	11314
472	64421
6167	11224
6135	6156
6233	7844
11116	79959
1880	196883
9883	23511
6122	6168
6141	6144
521	1350
5439	51755
5861	5878
22826	57819
9320	65264
3491	5954
6205	25873
60488	116540
8322	8976
1822	1912
5725	9716
6707	126638
5928	51317
7200	84634
648	80012
1499	5868
4736	6194
6143	6206
2107	25873
6161	6210
1946	1969
1524	58191
4710	4718
5526	6249
23112	26523
226	2539
1601	9341
6714	375790
2186	9739
6152	6229
3486	84141
6207	6208
3091	8453
3882	8687
4172	8888
9320	26190
1857	5528
567	3106
7486	11073
4709	126328
57542	65264
6135	6157
3856	5493
4686	9879
7272	9833
9553	29074
932	64386
988	5062
9295	9410
54996	64757
3688	5788
2892	2903
26589	116540
5519	6801
6747	84061
983	10733
8329	126961
399	84144
6164	6227
2071	5887
5870	10466
2197	4736
26091	57542
2194	6319
5702	5706
5422	7027
1398	9564
1327	1329
335	2153
2048	5921
332	24137
5746	94235
1717	3157
2782	26086
113	259285
695	5293
6154	6159
24137	55614
6156	6232
5660	63940
10540	57545
6137	6158
4736	6164
2491	3619
3842	10527
5516	6249
4508	4541
699	79172
1080	2147
6049	23304
29088	51264
4738	9978
983	7321
9820	115290
1942	1945
4715	7381
3921	6147
127385	344892
6133	7311
2023	5315
2197	6232
1668	1669
10199	84128
5929	8945
607	5929
837	841
80321	121441
3312	10576
776	786
7514	57551
5880	9138
1857	5708
4593	57144
6144	6147
8453	65264
1605	55624
10652	11014
6136	9045
11015	23046
5903	57551
6626	220988
6156	9045
5685	5688
377	10540
6233	10818
9793	25909
796	797
3678	5329
3683	10857
966	64386
1737	8050
6168	6227
4700	51079
1981	8672
6139	6185
5155	7057
7178	25873
6168	6175
9276	11070
5599	9479
685	2069
2782	5082
57405	151648
4049	115650
10733	79959
23223	65083
5432	6205
6138	6188
6155	6167
7175	51692
23014	142689
3190	10921
26716	344892
988	4173
8322	22905
2033	27327
6146	6160
6218	55127
2242	6237
7343	9013
23291	197131
23517	134430
4116	6235
1660	3192
3320	57545
6635	6637
11100	11338
6124	6193
1398	11184
10946	22826
1241	2767
2107	6181
966	79895
26239	353132
6045	192669
2841	7852
3361	3627
6160	6169
6631	51639
6133	6152
4736	6230
3213	3215
6224	6233
22984	55127
51382	338339
29984	117289
6206	6209
4666	11224
10274	113130
3579	5515
9276	10484
6122	6205
6164	6203
516	10632
4125	5657
1453	6194
3710	10235
6176	6233
51143	55055
26524	84962
3956	7076
6130	7311
6130	6135
27340	56902
56995	144699
3915	51280
10857	64386
8514	79895
10552	29763
7913	9015
399	7204
3002	5551
5898	10640
988	22803
6173	6202
830	57511
6223	27340
928	3688
6124	6128
10921	23524
23014	55884
5189	6233
3921	7311
728	50835
9928	259266
79090	149111
23586	55601
1453	6206
345	350
6154	6206
3689	79895
10959	22818
6147	6189
6139	6147
6170	6209
695	7409
6206	9045
6202	55176
3675	3913
6189	6223
344892	390083
632	4094
10274	220134
4709	9551
8648	9282
8334	8365
5869	8322
991	9787
4927	9212
9564	10787
6204	6227
9126	348995
3093	23291
6130	6234
1315	81930
6518	84329
2962	4298
988	56852
6169	6232
6637	27258
4173	23397
5693	5700
11103	51575
6160	6205
81697	344892
2317	54751
1605	5579
3859	125115
4033	10970
5594	51316
6155	6222
8666	25873
783	10369
6159	6227
6158	6234
3267	10096
671	56729
1488	6934
10523	51593
4297	26523
3192	5725
3191	55749
5869	57679
3055	3572
8607	11091
6224	11224
160	29924
6193	6206
4953	51686
6208	55176
1793	10787
6142	6203
7057	83706
1147	2475
1291	10491
6154	6234
6176	6210
6156	6171
5347	24137
701	9793
9341	115548
2767	9002
9282	9967
4952	54874
3185	10949
54443	55165
2956	5422
8175	57794
4736	6203
2185	5599
6142	6170
8945	89910
6279	6280
1329	29796
1994	23283
3673	3909
6122	6229
79954	84916
388	4983
6672	10475
80740	171169
6125	6128
3434	4940
8905	10053
6136	6170
6144	23521
6135	6141
81930	113130
4947	5708
2848	196883
5829	10787
1062	5516
55832	57542
4173	79892
6147	6202
4829	56923
6230	114987
10250	10772
5339	6189
4041	6422
1315	1783
23658	27316
7321	65264
2072	51426
904	79577
151648	348995
2550	51083
185	2641
6890	6891
80018	80155
3688	7057
3178	3609
2071	10920
6147	6208
4694	7388
972	3113
4736	6206
7311	8295
5433	129685
3619	9126
6138	6160
9870	65264
6135	6201
329	7316
391	26084
1669	3240
6147	11224
112	3274
1983	6234
1453	6203
378	55605
102	7311
8329	8334
2353	4773
9354	89910
6130	6161
6229	6232
6144	25873
3486	3491
4588	192134
811	10130
673	152559
338	4036
988	5985
3360	3375
6633	55706
6152	6159
3017	8970
966	8514
8351	653604
23332	27229
23511	25929
22794	81608
1453	8945
9495	10369
4952	286451
5566	57787
353137	353145
1329	4712
6129	6154
6133	6159
3482	5868
6698	6707
6229	6233
22926	51360
3832	10733
10014	57459
6428	7536
4734	89910
5879	6385
64951	64960
6176	51187
972	3127
6426	10772
2150	55970
3123	7535
1490	25937
4171	4176
990	8697
301	7852
1232	8843
26224	55208
2204	23601
1981	6202
6155	6176
9341	54874
7311	143279
23279	53981
54845	80004
966	51014
5868	22848
891	7314
7514	9126
6210	6228
7857	54757
58506	130074
1453	3921
4008	23327
1739	1741
4509	4535
9928	11113
5347	9918
10890	51715
6135	7178
1655	11325
156	5021
57154	89910
9055	29127
6338	6340
2792	26339
2695	2784
4540	374291
6500	7320
727	846
247	3479
4233	8976
6132	7311
9666	89910
4236	10291
6122	6124
1933	6137
1793	9564
6141	55272
6206	6208
7124	8439
1655	51690
8301	10096
54998	219927
4689	7409
1499	5819
10121	57545
6129	6161
1062	57551
3619	3832
6169	6228
6790	84962
5119	9798
2535	2790
259287	339403
133	2863
10594	23450
7311	50848
22919	22974
3912	51280
3619	10112
4116	84844
6130	25873
248	152330
51264	64928
55143	57082
6133	6154
5781	7311
552	6866
932	7226
8945	25831
1400	56896
9277	84946
10432	27316
9616	150726
3351	346562
1236	5443
65264	143279
3667	9564
6154	6209
8886	27340
3882	121391
160364	196527
4736	6155
65264	89910
6156	6207
147	5021
9371	11014
7531	10383
2197	6201
2491	6232
3909	9459
148	2922
3619	10592
1230	58191
1981	6233
4736	6227
9879	58517
2788	27334
3681	22801
63915	84062
890	7298
6142	6156
2036	57669
8766	10890
3433	8638
9377	54539
6138	6210
4724	91942
6133	6138
2980	2984
25929	79084
1291	1295
3055	7409
2317	3688
64951	64983
891	2801
1763	10714
2033	23013
5903	10526
7311	10818
10885	84172
6137	6142
1062	23279
4736	6157
1063	57551
1500	1969
146	84109
861	6595
5547	84061
302	56729
904	5433
6154	6168
4707	4717
1241	29933
6152	6228
6167	10952
3339	7045
4926	5116
6138	6201
28987	51388
6128	6157
4317	6947
1778	2491
8337	653604
51429	54885
983	9972
197	350
11167	84141
112	5660
3191	7536
813	3915
5093	51692
3430	8638
1778	10577
6205	11103
3458	3586
966	11014
64318	84128
23304	140460
4659	5515
1282	1292
1457	1857
6155	6206
9322	22905
6128	6208
5332	55970
2002	6722
1774	1991
830	22930
8648	10498
4736	6133
4171	5422
1495	8394
6142	6194
23014	64410
6232	6233
3914	3918
8349	440689
6130	6175
945	3903
6165	6231
9833	29127
945	5023
29127	51143
4736	6154
2197	6128
1937	6222
3184	6427
1829	1832
6224	25873
57129	63875
6142	6161
3619	151648
6154	6204
5547	25798
6176	9045
6223	9349
4736	51187
4172	4678
60560	80218
6159	6204
8337	317772
23279	51362
6125	6167
2790	55970
6136	25873
6135	6143
1234	729230
6137	6155
8740	10673
1022	91603
54960	79833
5700	5705
6133	6227
3921	6194
6157	6164
108	797
86	55193
55168	56945
3797	9493
1660	3191
6147	6204
1499	5707
8452	57154
23160	51602
22872	100302736
2935	6168
3093	6047
2266	3698
472	5884
6161	6181
6161	6164
111	3354
6133	6207
6144	6201
2197	6224
8317	80174
4538	25915
3199	8338
6171	6231
4862	5054
5868	201475
9666	23291
5985	10635
1269	56670
991	11004
5528	23047
6194	6223
3908	10319
963	5023
9738	132320
7409	10787
5034	5479
2262	2719
1665	9879
6161	9349
1129	4889
28973	64928
8972	93432
22984	79707
8243	113130
8881	29945
4540	4541
332	79172
6189	23049
9459	29984
3710	5575
6229	6234
10250	58517
1983	6164
6194	6229
2861	56923
2932	5711
3903	64386
10133	10540
4208	4209
6036	6037
2675	220164
3937	5788
388	64333
23076	55131
988	1660
4514	4519
5008	7297
301	27334
6136	6142
799	10268
6169	6189
6548	11261
727	56923
1983	6205
222487	338339
86	1642
2268	5783
8349	79019
1500	51474
1676	3837
6157	6168
2200	401138
336	3698
8704	55624
6154	11224
351	83706
6307	50814
824	3688
3181	10713
3683	57153
9557	57804
7335	55905
10970	11167
833	4141
3685	10970
2932	5516
4288	26586
2033	9757
6455	23149
9493	10112
1813	5443
6203	6217
1956	22905
344892	390061
3915	10970
3659	6672
55746	57122
6222	25873
6218	6229
6625	6626
6161	6194
3066	23028
6453	22905
6711	10466
87	5879
10555	94103
7905	127623
5905	23225
6170	6207
4535	4537
8329	8347
9416	53981
6122	6143
930	29760
81930	83540
4738	5688
345	4036
84085	197131
88	4620
29933	55970
399	9938
9700	23397
983	26005
6142	51187
6602	9031
26123	57545
6059	8886
9564	10044
324	5519
2521	57794
1062	51143
5718	6790
6194	6224
10112	64837
5695	7314
6165	25873
9219	10919
3687	79895
6208	6234
2550	729230
7316	55669
7316	8323
23279	113130
5657	8635
7153	259266
3913	11098
22954	197131
56670	94235
695	6850
1340	27089
1829	11187
10155	25888
8351	121504
6147	6175
1292	3672
6129	6170
3912	59277
4952	9886
9055	9133
9371	11127
1639	8729
6139	6168
5290	259230
9739	23067
890	151648
5928	25942
1290	1292
683	338339
23011	51715
6201	6227
2064	5336
7311	7321
6136	6228
9887	23381
51264	219927
5439	8896
1398	85440
1855	81839
1387	2033
4069	29108
55014	126003
10413	51421
719	8895
5023	64386
6122	6156
7124	10673
977	3655
3433	4939
3157	4598
6201	6204
1783	24137
9138	29984
701	10592
4736	6181
6128	6161
6207	9045
10022	50838
963	3683
9553	54998
4641	10890
8970	85236
10540	22930
5469	10498
991	9491
1956	2064
6138	6154
23304	26268
3683	84329
26146	55112
6181	7311
274	8976
891	1058
5699	64344
567	3659
6152	25873
4069	4125
2491	113130
6233	25831
10735	23332
3178	6294
56963	148738
916	50852
3190	220988
9126	23122
5501	23332
5711	8453
2197	6227
1659	9716
9306	9655
54577	54658
996	23291
9126	113130
6130	6155
3912	4240
7316	54677
324	5529
6158	6230
6164	25873
5328	5329
1994	10291
6605	29117
9730	10075
1991	4125
4088	5054
1994	9343
3190	3192
389	4659
891	54908
5978	80012
6128	6209
3913	5747
6176	6229
9320	54778
1933	6157
7311	126961
338	51156
3017	85236
1906	2863
4708	27089
990	55388
7337	23309
6201	6207
3437	10379
4088	23327
813	84141
3850	196374
81797	344892
6223	6230
3119	4261
29118	63876
84902	91147
2206	2207
1937	6229
3274	55970
6152	6173
6155	6168
6128	25873
6161	6202
7082	55243
9283	51764
3838	22974
3703	6185
1902	9002
5519	22919
6173	6235
963	64386
6193	6208
2976	11128
27242	85441
6158	6223
3921	11224
10749	81930
2197	6144
6157	6235
55143	220134
6158	6203
5717	8453
351	3912
7454	10787
6167	6218
6500	7314
64979	219927
259	2244
4288	9700
8688	121391
6164	6204
5725	7536
10153	55131
6230	140801
11004	64151
54998	55052
56902	84916
53905	90527
6203	6227
10574	22803
4712	27089
6158	25873
6453	7311
2203	5213
1933	6218
8334	8347
10236	10250
6147	6160
5714	5718
3156	4598
6135	6227
7328	9690
3354	11255
6132	140801
963	8514
1291	1292
79895	338339
1956	7039
8688	54474
6125	6203
521	84833
9320	51088
8689	286887
6130	6152
4751	259266
963	10857
1915	6175
677	56915
783	2784
54742	80328
6173	6232
5870	81876
9014	57504
3106	3107
10236	220988
6170	6222
6241	10403
53905	405753
23451	55339
2147	5020
28981	92104
2247	10818
9371	29127
6158	6168
11022	143689
1062	9493
9276	10749
6144	6207
9349	11224
8573	57669
2207	160364
1902	7852
890	5347
6139	6203
2617	4141
5422	5983
25	5159
6136	6176
4148	10272
3048	4778
6235	7311
389	9322
6218	10952
6319	6720
6181	23049
6135	6159
6144	6169
6159	6189
3191	3609
6173	6222
6128	6135
6146	6234
5829	23209
1495	4301
8322	54874
377	29127
5434	54845
6169	6230
6204	9349
7852	9564
6164	6218
6208	25873
5199	6709
117177	121441
6237	10371
6158	51386
6147	6169
10250	10285
23076	57696
6209	27340
1398	4233
10885	27042
5870	8766
891	9183
5981	57599
10524	10714
6745	23471
6128	6181
5707	8453
988	9793
2305	55165
6872	81887
1058	55355
22984	84172
5516	9183
60	5879
2873	8607
6234	7311
6128	6232
5432	23379
6143	6193
3491	54972
10427	55014
3797	285643
174	3698
7536	10949
335	350
830	10959
9666	51088
6218	25873
163	6233
988	10592
9742	28981
3184	51692
2692	2838
5441	5901
22984	23195
5451	6667
51023	64976
10575	10963
10952	28972
6129	6142
6209	56902
1933	6207
338	4547
10671	51143
6158	6161
999	1942
5439	6923
7311	8290
1432	5062
23279	25909
6233	8445
6227	6727
1398	3937
6176	6201
7280	10693
55125	79959
6169	6227
5954	10970
6208	6222
4707	55967
6142	23049
4288	51203
4670	11338
6142	6205
23165	51692
7846	150465
5861	10749
10155	80110
10193	25831
351	7466
8329	440689
2617	8565
6229	6230
5578	6868
2932	5714
6155	6207
5469	9968
8175	56949
6631	51645
10618	22848
6135	6194
6144	9045
1278	1634
248	6975
6161	6193
5067	23627
7311	10952
4948	7299
1269	8698
1832	3728
100	4907
6139	25873
1329	1337
6231	140801
1937	6175
2767	5599
3187	7919
8661	8672
4332	5657
23014	65264
1944	1945
3178	220988
9867	53339
6164	6217
51109	54884
6128	6202
5435	11325
8178	55840
2521	3185
6223	23049
6167	6176
6142	6158
6122	6147
1062	113130
2801	10802
26091	57154
6122	6161
4736	10399
1241	55970
6632	57819
2079	6637
6201	114987
5189	7311
4509	4538
6154	7311
5701	11047
6709	56729
3683	5788
10540	27175
6122	10399
1292	1303
3101	64841
9690	57630
3091	5707
6636	84844
332	1062
1981	2197
830	10540
9341	10254
329	5707
4686	10302
1452	5714
6232	10952
5451	55718
5529	151246
3394	6688
7311	23198
2769	5335
3854	3861
3672	3912
4057	57554
6139	6159
8843	338442
10618	79571
7514	54821
3619	5528
6049	8881
6233	10618
5868	64145
1857	27130
55876	94103
57154	154881
9183	10403
5436	85437
161	6233
920	115548
2247	3685
2696	53831
23030	51588
22848	26130
1994	4670
3685	7133
57787	261734
6157	6228
932	199675
1943	1949
8021	79023
9371	79989
8969	85236
3113	3119
6130	6169
10427	11196
23225	79833
2071	6878
9320	9666
2033	6667
6637	11157
1793	8976
6157	6202
4707	27089
4173	55388
6161	51187
3355	4889
7343	57459
779	27091
2633	4938
3091	5716
2810	3918
5194	23600
3060	5290
641	5427
6128	6138
27043	27340
9020	23118
3619	3796
7874	56655
9330	55814
87	6714
945	3689
102	6233
4700	4713
10403	57405
5529	81930
5879	94134
79600	84902
6142	6210
4670	10594
6138	6144
2185	9475
5082	10693
994	7534
6218	6727
3303	9531
5338	5579
6142	11224
5725	10657
6201	23049
5594	28956
6130	6147
857	284119
5861	51715
3833	29127
4670	10657
1314	9570
3937	11184
3267	10254
3849	140807
6167	6170
344892	390275
6201	6230
1876	10445
4940	10964
51350	112802
5339	6234
6169	6201
9782	10949
5330	55970
5347	9793
2099	8202
973	29760
26519	56993
5294	55970
9459	64098
10075	80204
2045	285220
4701	51079
643	9294
10920	10980
6152	6201
930	933
5347	9738
55212	79738
1991	8635
2864	27334
5869	10890
5903	6249
1269	53829
6157	6175
1822	23028
4952	5286
963	326624
341276	344892
8491	10746
891	29127
6130	6164
996	7337
5036	10576
8243	10735
6146	6152
4928	7514
8687	8689
6132	6165
6122	6222
1981	6189
8321	8322
6229	23521
197	338
8453	55832
1994	10921
6157	7178
1302	1310
29127	64837
10285	23350
5048	23322
29127	55872
595	4609
6125	6164
7110	79571
5695	51330
51592	64682
1910	2865
1981	6222
996	9820
3190	11052
6143	6233
6144	6194
26190	89910
5331	27334
9055	22974
5610	9246
4513	4514
2916	4887
335	338
857	858
1956	54874
1154	23014
1589	3290
1072	5216
9631	9972
6122	6228
4736	6168
5433	22794
10285	53981
8021	23636
9801	28977
57662	144100
51079	54539
2935	6235
29796	55967
8843	50834
51320	55175
26123	79867
8581	27076
64151	157570
1062	3619
9276	11014
84078	89890
4734	22954
6202	6233
6699	6707
6160	6201
8106	29894
6185	58477
8976	10254
10236	11338
11196	126003
2792	122876
6157	23521
54578	54657
10153	51602
3937	5336
10733	55142
3191	10492
6224	6235
9738	10733
10921	27316
3434	11274
51429	54874
6176	9887
6129	6175
3109	3127
9329	55814
1315	29127
6165	6235
945	57153
25885	83743
338	2262
4736	6152
3689	100049587
2197	6139
641	2189
513	517
945	100049587
5781	6774
4713	7388
9475	9826
64981	116541
4736	6142
9790	55127
3909	6385
3655	3914
399	9743
4691	9136
6152	6209
715	716
4736	6209
4540	51079
1063	79172
7321	84962
6461	7409
10574	10576
54677	83752
6165	11224
28981	150737
332	5501
1303	55214
2847	6752
2491	22919
6129	6228
4694	4701
9341	51429
6164	6202
6491	284403
6175	6210
1783	54908
8945	56995
1605	9459
27042	27340
1956	55914
197	462
10525	29927
8655	79023
23279	23511
3688	3911
993	1111
3054	8314
6223	6229
6130	23521
9700	23122
6194	6218
3055	5788
472	84142
2521	3181
5870	7110
6146	6228
1387	4205
6916	80142
10905	23193
7316	8454
9969	23389
6233	221937
3192	51692
1778	81930
203068	440145
9666	22954
2960	2967
55142	146057
1365	1366
28998	64960
1894	29127
7316	25977
6138	6141
6428	220988
521	1329
2237	23649
6159	6201
1994	5725
4171	10036
1062	151246
991	5347
6187	10557
324	8945
6147	6228
6129	6164
4924	10618
51	55825
10621	11128
6188	6227
6142	6181
1356	54757
5347	22974
2197	6169
6159	9349
10714	80010
10949	23658
3320	10458
158506	285231
6181	11224
1499	5781
2159	2266
8945	9666
6232	8662
113130	151648
6152	6171
5869	7316
8878	55669
6714	7311
2683	5660
5627	10461
389	9938
10489	84231
2322	2885
6165	6224
3655	3918
1781	57545
10959	100302736
6130	6167
932	326624
23160	27042
4952	9341
4141	6301
3619	10403
3913	59277
6209	7178
102	1495
3688	4233
2865	6288
4738	6635
6137	6224
3797	24137
5880	10298
26005	26123
9744	51454
6169	6233
3320	6461
27089	29796
1915	10399
57153	79895
6155	6230
11157	51503
9055	51203
4700	55967
6223	6231
8976	55243
8337	8347
112	3579
720	721
1511	6036
6201	6206
25798	326624
6159	25873
6228	6230
10523	27316
1290	3685
8775	388552
54885	152503
4734	7311
3796	5519
5781	7852
6434	8175
56165	136991
1364	100506658
6206	7178
389	94134
6146	6161
9793	22974
6155	6227
5435	5451
6159	6208
51692	80335
3664	11074
5869	22905
6122	6136
3071	7456
891	51433
2633	3437
462	51156
8453	8945
996	115290
9870	22954
329	5717
2178	2189
25831	57154
1660	51729
7311	115290
6128	6227
3921	6160
1398	1793
3355	5173
3135	3663
4700	4725
335	3827
56667	140453
6601	8289
6714	57670
641	2178
27258	51503
950	9341
6135	140801
5179	7857
3886	54474
2767	10287
6122	6207
2994	6005
6156	6230
945	3683
5688	11047
3663	23321
2197	6125
7424	8828
10014	54880
4111	158511
9793	11190
7434	122876
10403	151648
57674	64219
6169	6171
8243	10274
6233	7098
3852	3868
1793	10152
57674	65264
6207	6229
3796	5515
6154	6175
5547	326624
144699	197131
10199	84946
28981	79659
4541	4726
6049	26224
2521	3192
6132	6156
6224	27340
699	988
6202	140801
3437	4599
5589	23193
5230	7167
54850	63891
23332	57122
5870	57511
6228	11224
6128	6228
963	3685
5579	55970
4957	55755
5029	5724
991	9918
1969	5747
9367	201475
1237	2917
2033	25885
2197	6210
1291	5352
2358	57413
5584	5590
5433	8085
57405	79980
7337	9730
1073	54434
3619	81930
9318	26190
5558	11169
6168	6193
6229	9349
3912	10272
1902	2185
2242	5361
2178	6118
393	11015
1781	84962
54939	55294
6165	6201
6144	6229
11051	85313
2058	2617
6189	25873
23244	23332
3376	51520
9318	11275
5931	10664
4736	6128
640	7525
1981	25873
4069	5657
991	9493
830	10282
6138	6209
6194	6234
1793	3071
4736	6124
7311	55666
1234	57413
186	4922
6428	7307
7155	8289
3855	3872
5829	6461
2197	6222
1350	440567
6160	6209
6143	6158
6194	6206
10539	57019
988	79869
25945	56288
3921	6130
5707	200734
5879	10788
10342	10427
1116	5004
130	10720
6202	6224
6155	6208
5725	8661
6233	65264
6202	23521
595	896
6159	6168
6176	6223
6138	6203
84648	353142
3433	23586
3091	51122
3688	375790
3690	3791
7454	8976
705	83732
116	4914
330	637
2197	6157
5433	10285
6426	10949
83666	151636
1933	6147
2846	2922
2790	9138
6518	10857
6047	9320
2885	3655
8945	55031
7184	10970
26123	84902
9585	10112
25839	84342
6207	7178
8924	8925
3685	4240
6168	7311
1121	26130
5330	29933
5194	6233
9136	84365
3659	54739
25847	150726
9462	153090
6790	10112
1813	4283
351	54972
2935	6160
3113	7535
24137	259266
329	5708
6202	6232
274	23149
3673	3675
2197	6155
6194	6202
3178	3183
6688	7805
1500	1942
107	2775
5119	51652
1133	8477
7189	55626
1478	9879
23291	89910
6142	6147
3115	3119
9844	10458
7311	10252
23309	51742
8365	333932
983	4288
29093	51264
6136	7311
2521	51692
116540	116541
5660	55970
6160	6222
391	80728
595	6776
6203	6229
23590	56997
6625	11338
2784	2792
6122	6139
5699	23198
1062	64151
6161	6206
11014	11015
6139	6167
57115	114771
7272	24137
1639	3797
2792	594857
1737	57546
5529	23279
8243	55746
65083	84172
6515	144195
8514	22918
6128	6193
6556	338339
4221	11168
5928	116092
6809	9341
7311	26249
6144	6205
2475	57521
163	1173
163	24137
53829	59340
89910	144699
9782	27316
10970	199675
2788	5294
4926	55755
55755	57787
8337	440689
9585	81930
3912	7184
617	10469
2033	81857
3308	10574
10121	79867
9371	11015
9564	9844
6204	6235
389	64333
6139	6228
8886	23560
5111	7298
6129	6194
7317	89890
5194	8239
3837	3838
5713	5715
6157	9045
4706	4725
5731	94235
3062	6869
6125	6201
23265	50807
867	8301
5439	84844
92815	128312
79470	344892
4331	404672
9752	56141
64750	65264
1879	5079
6230	9045
6167	6235
3320	84131
4986	338442
9927	55669
4090	9765
111	799
6189	6217
134	5660
10283	23398
8915	29775
3915	11098
5781	10818
6128	6171
10274	57551
6147	6154
11338	23511
6128	6129
6129	6136
6208	9349
1495	5770
6189	6232
830	1604
5879	9475
9636	11274
6161	6171
993	84126
1969	3055
399	445328
10236	23435
51388	84916
8661	728689
80184	117177
1161	5887
351	6370
6164	6194
3191	23435
10466	10540
5718	11059
3123	4261
1495	5584
6950	10575
26285	149461
81	9564
8301	10618
9276	57410
513	9377
10274	55055
6147	9349
7375	8717
383	10394
6128	6206
6207	27340
890	7272
9790	27340
695	7305
6233	55008
996	5707
6181	9045
1774	56729
9436	9437
1871	6667
3911	3918
3191	10432
23291	54165
1001	1500
3122	3662
641	4439
4736	6218
7311	55366
6136	6169
9793	55746
1933	6138
9133	51203
4736	11224
5310	9727
5694	5715
6233	25873
8329	8341
5433	6426
336	2153
6514	6927
6170	6233
9212	57405
25977	54885
514	4726
1665	1994
6139	6176
400	10466
9126	11130
50835	51289
51122	54165
7337	11275
9282	9611
4712	55967
6129	6207
8697	11059
4678	83879
6631	84844
4714	54539
7298	10403
197	335
6147	6231
9655	26190
6727	7311
6280	6283
1495	1942
9276	24137
274	6453
1660	4670
905	23168
6168	6170
6234	7178
156	5578
55131	64794
29763	54874
6637	51372
389	90627
5879	9181
6165	6232
6233	10111
23354	132320
5708	84962
4171	4998
1398	3055
2935	6173
2801	9276
2623	2811
3106	10475
1956	5921
3191	9128
9833	11339
3320	9844
5516	5717
6202	6207
79895	199675
6124	6230
2242	10371
6203	11224
3267	5869
8085	8945
514	27089
4323	4811
1669	8993
10523	11100
7316	150726
2788	2790
1394	1816
6152	8666
7031	7033
9371	55605
3355	5733
6632	6636
6936	51645
6125	6159
2359	56670
335	4547
4886	5733
9527	55014
1291	5033
3683	79895
983	219771
3091	4088
5529	7525
988	55631
9378	54413
3688	5290
1829	5493
9341	10552
6455	9341
2079	6432
10484	10802
6155	9349
6129	6156
6164	6173
1017	84515
8453	26190
9493	9585
11187	64065
6228	9887
10943	54556
4641	9371
6167	6233
4607	4624
6233	140458
5435	5441
3856	144501
3340	375790
11218	25929
641	6118
9978	158506
3683	199675
344892	390077
9879	51362
6159	6160
9700	10735
6122	6173
8237	10574
7124	51330
6189	27340
3915	4240
2197	6164
23028	283248
3093	9320
2197	6168
6152	6194
133	55970
10970	326624
3842	54464
6228	10399
7536	27316
6688	7305
6125	6160
5594	8826
4641	11127
4738	5715
79019	85236
4609	7022
6788	26524
51118	84946
6144	9349
389	7409
8329	8365
5361	8829
6556	170482
3106	5696
7110	10466
58	60
6605	9031
5441	84844
6461	10458
1634	4314
51134	80184
6138	6230
6233	55666
1500	5880
5829	10458
3105	3660
6164	23049
1398	2185
389	51291
6173	6223
79172	348995
3882	54474
6625	51593
10615	146909
23014	26190
9793	57122
1500	3728
6139	6233
6139	6232
6461	9844
10213	143471
9904	79050
1822	1911
6223	9887
1660	9716
23322	79600
3039	3048
778	27091
867	26130
567	3107
6309	6713
1478	9128
1605	375790
6122	6164
6426	9879
6206	140801
6159	6235
521	27089
3437	4939
6189	9732
4867	10540
4283	6364
6171	6228
23291	65264
2155	2159
1793	10458
6133	6223
7305	10870
1639	10112
387	7094
5604	7529
567	10475
8349	8365
23309	27327
6164	6168
8329	8349
6868	7311
4710	29796
3675	3918
6160	7311
8337	333932
3833	9212
8515	22801
335	3698
932	222487
56995	154881
6233	6235
7314	64320
26272	55236
1669	56729
988	9533
27316	51692
55832	80204
6154	140801
5584	117583
5706	51053
6237	7525
6774	7525
2359	5196
161	3482
10885	22803
7283	27175
6147	6203
1983	6223
6430	57794
7311	22905
1595	51478
6143	6222
388	221472
4116	6202
988	55183
2788	5368
1956	3691
3191	5725
8295	8945
695	118788
6152	6160
5929	6872
3673	3688
6997	10637
7158	7311
1111	4361
2099	2625
566	6036
5590	7311
3796	348995
23059	28981
1445	54845
624	339403
56923	259295
2079	6428
6159	6170
5528	9126
6188	6202
7311	9349
1337	1351
6503	7525
6170	11224
6161	6203
6144	6167
10197	64682
9886	84144
6206	6233
10403	81930
5094	10262
1349	10975
1950	3912
945	79895
6159	6218
4701	126328
3178	10523
57082	113130
3305	9530
9793	57787
1107	23186
3267	26130
6208	6727
675	27030
6209	6228
1233	5473
2053	7311
8886	56902
23601	170482
54908	55055
2197	6136
6156	6173
3918	9459
9787	81930
1063	54821
10484	81562
6233	6234
1809	10371
6222	9349
972	3119
9553	51650
388	7409
6141	6232
5781	259230
6157	6206
29078	126328
2801	10427
6830	22916
813	1462
54751	83706
51602	84154
886	2846
2911	594857
567	3133
9648	9827
2925	9170
6059	55720
3688	7052
57405	113130
1956	115548
389	9411
23327	29082
316	4837
6158	6175
1781	7531
6136	6194
2197	6129
4689	653361
1347	1350
1783	5903
6170	6230
6709	6711
1839	5782
140458	285231
6790	24137
3698	51156
2071	9015
1398	6461
896	6776
695	8976
3433	10964
1453	6205
65055	219438
6146	6727
4736	6169
3119	3127
27229	55755
4734	26190
1292	10491
6428	6632
2801	5862
4233	9564
23279	81930
3655	3675
3640	5443
990	64151
9793	51143
9126	57551
6132	6171
9265	27128
4710	4715
3921	6139
3434	8638
891	991
57082	79172
3394	3430
3214	3215
3797	29127
2803	5870
399	94134
7343	9112
974	2213
6125	6168
6233	8334
10733	163786
3183	5094
2207	79895
6227	6231
1793	9844
3855	3866
6142	6167
8667	26986
6154	6218
27089	84833
55339	79869
5684	5694
2266	3481
3827	5345
2551	4899
6144	6202
57479	58506
6125	6206
24137	29127
3157	4047
6181	9349
3579	729230
1287	80781
3093	27252
3903	8514
86	54617
6135	6181
6135	6229
6155	6165
6124	6139
6124	6189
51088	144699
641	5426
4508	4514
26046	84085
5111	5434
6141	6223
9700	10051
8698	63940
6154	6205
3190	10657
10488	51360
6218	7311
2071	8450
6729	23471
9020	51330
3105	3134
3375	7253
91	92
2048	8976
705	84549
3903	6793
1435	401138
344892	390066
9551	27089
6161	7311
1937	6128
9648	79571
6142	6157
4694	4726
6453	115548
3655	3912
26005	79867
6647	11315
23431	27131
28972	90701
3836	7534
29089	197342
1778	5707
64410	79791
6232	81930
7322	9867
1639	2697
1351	9377
22984	25885
6170	10952
6139	6164
4208	6929
5880	257106
1088	6556
2914	3350
5335	10920
1457	25942
4708	55967
394	9138
9918	10592
9329	84265
4116	6125
1103	162466
5685	5705
377	10749
51650	64976
6222	9045
5438	9978
6208	140801
1783	8729
3831	64837
6235	140801
1894	6790
6159	11224
8607	54881
23627	137797
2967	79577
10250	79869
1236	2841
1129	5179
4035	10082
274	5869
9918	259266
79583	79867
22930	84516
6128	6156
9978	285231
22919	79172
8356	440689
2790	27334
595	4602
2810	3691
1237	5173
351	1524
23326	79595
3655	4233
3822	8302
6160	6193
5431	23398
6133	6230
10254	10617
9655	154881
4131	5048
4301	7082
3572	9180
5345	7076
9611	23097
746	1603
10489	25831
10426	440145
721	3426
6218	6234
1022	5887
6428	6432
891	151246
932	2358
9371	23095
864	7004
887	5020
3914	5829
3187	55696
6232	27340
8334	8337
1639	22919
6205	53918
9969	10499
10403	55355
10022	339403
6210	6222
2524	10331
5566	23332
3122	7535
22954	89910
6168	6230
6202	6204
5695	5700
22974	64151
1665	5725
26190	197131
4709	91942
5878	10552
8945	26268
22803	27340
1173	8301
4725	9167
11127	29127
11224	140801
3895	3915
6205	23049
2550	6363
5594	7249
932	3903
1432	6885
6143	6173
6124	6169
1062	10592
3882	8688
2060	9829
1981	6139
11004	55143
51122	84085
5436	7936
9382	9570
26249	140460
389	9475
2740	94235
4696	4718
5861	55605
1634	4060
6136	6208
10321	57554
2769	3579
824	5829
9918	54892
22897	79598
8341	85236
2623	3674
397	398
7536	10181
3569	84141
23327	55236
8027	8301
6141	6142
2071	5433
514	4700
51098	83658
377	9371
1237	27199
4646	7311
9782	23435
6185	84061
3619	5501
4208	5533
7057	9070
79050	317781
26267	63893
6233	9690
1314	10945
8615	8729
1910	2147
2935	6203
9318	27252
3685	5795
5872	23265
6160	9732
1136	1137
2811	2814
4173	4175
9144	11322
6037	8635
2197	6181
905	55677
5199	56729
6201	6233
4050	5716
6223	9790
4985	10563
3112	114876
1555	1576
6173	6201
3921	6159
117	2784
7311	23049
6233	8450
890	1062
10199	11102
6181	6207
6139	9045
6170	6173
55720	56902
6224	9045
10155	284309
336	3827
8175	10523
4174	5424
3850	3860
80184	84962
411	153642
7153	23397
9690	154881
112	7852
6132	6167
6130	6136
6517	84246
988	3839
4736	6202
4173	7153
6189	8562
259287	259292
4303	5901
6241	55143
10466	84516
6165	6223
54148	64928
1362	9698
1062	9793
6249	8826
226	5315
3619	9493
6164	6206
2784	6752
6210	6233
1290	5351
3856	3880
9039	136371
6711	8615
570	1962
53917	201475
8289	57492
988	5983
2197	6233
23404	54881
6122	6169
29796	54539
6176	6207
3184	6626
3434	9636
11224	25873
8697	9604
6229	11224
389	1894
1739	3996
6790	9493
6152	6203
779	10369
2792	391195
9791	81490
1495	3801
6667	6670
3832	10592
6152	6232
1536	338339
22954	154881
26263	55884
2204	199675
83597	403253
2071	2967
2776	2837
399	57449
6168	6201
399	7984
10403	56992
22984	79039
6159	6210
83597	135946
7316	26986
3619	11004
11314	196527
6141	6193
6737	146330
27125	55840
4738	285231
8514	10970
22803	55127
8085	23067
6158	6222
5879	100423062
1659	51503
6158	6228
6500	142689
5001	222229
6155	6204
5660	729230
6635	6636
1749	1750
988	55215
7316	7328
7398	10635
5094	84991
6159	6181
6208	6228
57403	201475
6233	55669
6176	6228
1933	6144
2207	7305
7003	8463
6161	7178
335	345
6159	6165
8334	8349
6208	6229
5609	9181
4707	4710
10051	64151
6168	6222
6205	6206
8349	126961
2197	6165
5516	5711
4008	22954
6143	6164
79600	79867
2920	3569
10342	81562
5701	51330
1942	2041
1783	11316
864	10413
26046	64682
8356	8365
10102	28998
1717	50814
6160	6208
5566	7283
5116	55125
3240	5005
1605	84892
2107	6176
3490	84141
4602	5432
6156	6169
23601	79895
3240	5004
6130	6181
988	5094
966	79090
6249	10540
966	6556
6152	6170
26249	142686
1213	6233
5594	10971
9128	9879
2033	9967
389	57449
7514	9793
6143	6155
25831	140460
6129	6130
3192	23283
6233	80351
8351	8365
10970	11098
6156	6161
971	973
5432	11051
6130	6160
6233	285231
372	1315
378	51014
3579	5868
6173	6224
6193	6228
9793	10403
185	186
29927	58477
9793	54821
389	2064
27316	55749
5701	7316
6194	6232
341152	344892
87	1499
10236	10291
3687	22918
3107	3134
7164	152503
890	10403
55326	137964
102	5954
3437	10561
983	79172
6426	10250
3921	6154
5747	11099
2107	5515
389	6242
2792	2911
6157	55181
23244	23279
1292	1295
6703	6704
940	5879
2243	2244
3185	84991
1329	1340
10097	10487
4540	4694
4005	4602
3827	5005
6124	6161
353139	353145
3832	259266
10803	50865
11218	23511
1350	4726
55166	348995
5048	5515
1063	5347
7871	8428
3107	3133
10053	152503
6231	25873
6167	6227
55212	84100
135228	266727
6136	6173
6154	6167
6173	6228
2060	8301
3895	5954
6168	6209
26338	65055
3184	4670
6387	57007
4715	10476
51143	57405
5438	6827
7337	26190
6790	7283
7311	140801
6233	10401
8349	317772
3304	9531
6363	6752
6130	6188
10802	10959
6637	84844
5286	9685
5948	5950
83540	220134
2960	4763
102	160364
9716	10921
6175	6229
2348	11316
6209	9045
51088	54165
566	5657
6168	23521
11169	84296
3313	9093
7409	7454
6138	7311
9412	9442
1029	1030
5725	8672
6154	6173
3105	6890
2519	5476
389	55843
6667	10499
420	58530
79867	84902
55055	348995
3111	3118
6201	7311
126006	729230
4999	5558
1956	4145
6146	140801
6142	6233
23332	121441
1062	23332
1783	11127
9730	10293
3853	196374
25885	27340
5368	64805
1956	2268
7316	9341
1230	2770
6208	6232
1933	6209
58508	84661
6218	6231
2197	4116
8945	51684
7337	55175
632	3381
3725	4772
6230	11224
323	351
10250	10291
6201	6228
3127	4261
6224	9349
3855	3880
6234	8562
6375	6846
988	5394
26091	26190
2023	5230
2623	6886
8514	9522
6168	6208
6194	6203
1121	54453
4436	7520
7311	25831
2197	6218
6160	6218
54480	55790
22954	80176
54908	79172
1511	8635
10841	200895
5861	10890
3561	5599
10693	22803
867	5290
5706	5718
2209	3055
4735	23332
1069	9657
10618	51246
7058	9507
6124	6224
11274	23586
6234	11224
55872	157313
23304	154881
1981	6137
8322	9341
11014	55605
5870	10890
6144	6154
6158	23521
8648	80205
8533	10445
2767	64407
6125	6175
11102	84946
905	25896
640	974
2919	2920
5868	9341
6117	7156
1453	6210
2935	23521
3015	10284
4691	8602
5529	51143
6222	6227
6161	6224
6143	6175
868	5930
2071	6830
4008	57542
10250	11100
51289	259293
5708	8453
672	7153
6430	6434
2491	5903
5717	200734
3119	7535
1116	4069
5432	23543
635	29958
5432	79577
2358	23601
25942	51317
1774	5199
1603	58505
4069	6037
7514	55746
6634	22827
699	220134
10613	11160
1129	5173
3312	6804
4677	8565
10254	22848
996	23327
2177	2189
9793	23279
858	1956
11218	55746
6189	6233
890	983
462	2155
1327	29796
3619	54821
6233	257397
1783	6709
7324	79876
7316	9929
996	5708
988	1994
3362	3640
8085	26523
10332	30835
727	50835
2782	2833
6142	6206
6667	25896
1783	5516
5777	80184
811	5589
6635	83443
846	50835
7057	79875
6632	10907
8945	143279
4033	5547
5476	5834
54778	140460
1983	6122
6129	6160
29093	51258
871	1291
6443	8910
8477	9002
5797	25945
4033	4257
2962	8175
11091	81887
1230	55970
1329	4726
8301	9341
6169	6181
6218	6228
8329	8337
885	2922
6175	6203
26589	55168
1937	6188
6135	6168
55112	150737
6228	9349
522	539
353132	353133
5516	10023
11130	79902
302	6281
1956	7311
1062	5529
11127	51014
3481	5005
3903	199675
1783	51014
5869	26130
3683	3688
10403	57082
2168	2169
6147	6191
6863	84432
47	1431
4670	23435
8969	440689
1291	3688
699	55143
5515	5526
5435	5439
699	1062
6189	6193
4735	11190
6427	220988
8347	8969
2207	84418
3886	8688
641	116028
4708	29796
24148	51340
4116	6135
3202	3204
988	9774
4734	23014
1595	6307
4853	23509
6175	6206
640	5079
6124	6232
6152	6234
6363	10563
3796	23095
4125	6037
2274	284119
4588	56667
53917	64284
3267	5868
3491	10272
4734	65264
2788	2864
22981	91147
1783	11015
6235	6727
5715	11047
3304	10963
6157	23049
3799	9493
5788	6688
6164	6234
4736	25873
3607	7528
1511	56729
3797	79659
7316	8673
9320	55236
57560	79659
6168	6727
7476	7483
2033	2072
4670	9128
1781	29127
2533	7408
6141	25873
4736	6135
2197	6158
671	1669
8451	9730
6229	140801
6164	6222
26019	51121
23291	26190
9493	23046
3434	10561
6167	9887
5067	137797
1876	6045
6228	6232
6175	6232
56995	84085
9631	55339
377	1783
163	25977
2801	8615
6129	6232
2186	23067
8729	10945
2153	3481
391	55843
53339	197131
8729	10959
4508	4509
8581	10232
11253	23193
4694	4713
1794	3055
3396	51081
3921	6135
301	2790
1133	7200
6169	9045
3725	9070
51690	83443
5529	5717
64426	79595
950	22848
6235	27340
3491	3685
163	5878
7334	64320
8729	9371
5747	10458
4512	4535
3185	23283
54663	84365
5431	9879
2769	5330
23304	56658
9493	11015
57153	199675
219960	285093
1555	54600
6205	9801
5501	9700
9787	10592
3655	7057
5438	6637
55635	259266
9341	22905
3017	8329
2033	7874
1453	2197
514	4694
287	10121
4088	64750
163	54874
10799	88745
4717	4728
332	9793
9700	23279
81	3688
146	148
6233	26043
1406	4901
3799	10540
1950	8322
116	5746
11059	22954
1778	24137
6601	8467
2735	132884
1933	6205
6231	6233
6152	6208
7124	8491
1857	2932
3054	23067
6147	6222
51289	339403
29093	219927
57111	401409
51203	55143
5199	126014
23332	80321
3017	8341
2799	5476
6157	6230
5693	5707
1478	3188
79861	81027
4343	6714
6205	6232
1933	6203
6175	6193
4735	23322
8886	55127
9045	10399
3192	6626
7272	64151
7316	27248
65083	79954
3685	5817
2268	9564
9700	64682
7311	55008
11098	51280
6175	6181
377630	401447
25977	286451
5605	84292
23223	26155
4048	4056
9833	22974
23014	64219
864	7003
5437	7874
79172	113130
174	2243
3048	3050
6370	165140
5516	5781
3115	3127
4736	6144
10071	50614
1499	7534
10975	126328
10965	641371
6233	23112
3071	10787
1781	4735
55582	89953
891	1783
3687	53831
920	29988
2768	2783
1453	1855
488	4853
57678	253558
6173	23049
8314	23512
5529	54821
4738	7979
8453	79699
988	58517
6164	6175
22954	65264
4233	6233
5868	26130
1063	3832
521	4694
9776	55626
6173	6227
1062	54821
10412	79039
4343	23309
1856	5869
5903	79172
6130	6176
6152	6181
10236	23020
6154	6155
8467	64426
3015	387103
90293	143279
2058	4141
6122	6141
1329	1350
6203	7311
2255	143282
6168	6202
5702	6790
6234	9887
3240	10394
9875	27340
6176	140801
6224	6727
6124	6143
6432	10189
6156	6223
26118	51088
2491	81930
6168	6173
122876	594857
1856	5528
3978	5426
115290	126433
6176	6189
4116	9349
10885	64434
6229	23049
8085	57690
332	10615
6159	9045
4709	4725
2491	5529
6188	11224
84418	160364
6132	6227
389	23526
4171	5984
3845	4763
9493	9833
1129	6572
51	6233
3091	5594
4725	55967
4700	4707
5566	5573
4536	4538
9887	11224
84648	353145
1315	9276
6165	6209
29984	257106
4584	4586
8463	10413
2064	5599
3191	79869
6233	23014
7469	9656
6139	6141
344892	390067
6147	7178
4343	4853
8976	29763
9700	151648
9877	10250
5903	25909
2243	3698
974	3635
6632	11157
6164	9349
7520	79840
3109	3119
9183	29127
4288	10112
6233	51132
3133	3660
5885	286053
79867	80184
332	3619
5438	51639
102	2358
8976	25977
4069	6036
6181	6222
5436	6631
6747	60559
6175	6194
11345	81631
890	4288
153	6343
4867	91147
3688	23209
1277	7373
1576	2326
8347	126961
1783	3799
6139	6201
11118	11119
4736	6136
5516	6801
2491	6249
6167	6206
6696	84141
891	55872
4999	84515
9212	83903
9349	140801
6850	118788
1676	3836
9493	64837
2197	3921
3040	3048
6139	6152
3921	6175
130340	152503
1524	729230
6210	140801
25831	89910
6146	6206
2147	3827
6202	55272
2863	7204
6233	9927
4947	5716
4701	7388
8128	8703
5711	7311
673	5566
6155	6218
671	4353
24147	79633
8189	23636
643834	643847
1793	5747
983	9833
4724	4725
971	29760
2957	5433
2776	27334
6181	6206
6173	7311
55720	79954
3915	5879
26190	51122
6500	10920
1909	2922
7409	10458
6128	6168
9188	23560
3685	3688
9793	23332
1933	6128
6164	6230
27248	79139
22995	27229
6139	6207
4734	9604
7415	23526
158506	246184
186	4988
6144	6203
2740	59350
6169	6229
10949	220988
6234	9349
344	9672
57405	79682
3827	51156
5880	7409
6204	6208
60560	80155
4853	27327
6201	6235
9510	11096
3185	55749
8697	9320
6830	9646
1601	8301
3685	7525
23014	23291
6128	6234
7514	22919
213	5340
4508	4519
4436	51434
945	2207
9820	56658
1910	84432
83597	135924
27	10486
9700	10592
3832	10121
6142	6165
388	4952
4736	6224
4726	27089
23376	142686
163	5869
641	5424
1062	54908
3183	7919
6165	6230
7846	10376
10022	259292
55125	55755
1915	6147
2268	5829
2268	6774
6173	6233
6208	9887
8853	11014
6599	6602
23160	84916
5361	55558
3973	104909134
9002	55970
2696	55970
6159	6228
54577	54578
1325	2847
27327	80012
1793	6461
4734	9320
4763	7311
5694	5695
4701	9377
4353	6036
1933	6230
1937	6125
945	11314
9972	51362
9341	23149
5519	79172
6142	6176
5717	6790
1347	10632
259	3698
1453	5500
4116	6173
302	79026
3362	53831
833	3376
6161	6230
1499	2932
3903	100049587
9076	137075
1022	2810
4736	6233
1605	5747
55601	91543
6181	6202
6129	6167
6146	6204
3191	27316
7272	22974
25831	64682
3192	4670
25	5893
5432	8450
64928	219927
3619	51143
50838	259292
2967	9014
566	4353
915	3559
29763	51429
1660	3184
6181	140801
2776	5331
6202	6230
2695	5741
5796	7316
4701	10975
6637	51690
1434	7514
351	2817
57551	81930
1439	3635
6152	6222
7398	10714
4067	5788
11190	23332
5977	57492
6134	6202
9887	51065
6128	6204
23327	79176
3911	5747
1933	6222
6137	6235
10577	56729
6230	6233
115290	143279
5500	5516
6129	6135
51602	84365
991	51665
2266	3827
6142	6159
10489	197131
6157	6222
4670	9343
6142	23521
9126	9656
6159	6207
6146	6227
6143	6157
2975	9329
57674	64718
8453	115290
6143	6169
1783	10540
6222	6233
4508	4512
185	4988
6152	140801
3054	25942
10466	79571
1386	6602
3191	23283
521	4713
908	9628
2810	4486
1457	10051
1173	29763
2537	10379
5714	6790
3127	7535
6135	6208
6202	11224
2922	3061
23160	84135
6160	6224
3912	5954
23160	25885
830	6709
1315	84516
1103	6572
27252	55585
57153	64386
2189	80010
344892	390064
51122	115290
22974	81610
1915	1933
595	891
50865	64805
3685	326624
285093	390191
988	11193
9648	22796
10959	51014
673	55750
3192	55749
25885	55703
6165	6228
3728	5493
6241	9700
7979	9978
28998	51264
4332	4353
2224	6721
6182	55052
11190	22919
3913	5829
9371	10749
5529	55055
6130	6206
566	6037
7905	341416
6129	6204
1911	57504
972	3111
2792	5741
10499	23389
904	6667
2790	5579
2792	10563
1991	6037
8131	64121
905	79577
8334	440689
4175	81620
6222	6231
6144	6223
4281	4940
8086	84271
1783	10112
9246	51088
5528	348995
11314	100049587
551	6846
5433	9879
23376	56658
553	3062
2033	55904
6161	6176
3190	10236
83737	89910
3635	4233
4116	6152
10382	91147
23112	27327
1933	6224
88	4626
9282	84498
8775	10618
55829	58515
56624	259230
2975	11128
8450	54165
891	9493
23291	64750
9246	54778
3998	9570
8329	121504
6136	6227
8243	10592
10594	11338
6518	326624
100	51816
2036	4646
6142	6160
6181	6228
5469	6667
6129	6143
9416	23451
5346	400569
6632	51690
3717	4352
932	8514
8675	9382
377	10112
8548	64746
1121	81846
6189	6227
10767	22894
5741	594857
6169	6231
5584	23085
6169	23049
570	7311
10952	140801
641	7316
302	23197
6635	27258
10155	201514
51514	64708
9320	64682
2625	7031
6045	171023
6170	6218
334	3915
11258	93661
3837	348995
6047	23291
9877	100381270
9320	84085
5330	60675
57154	65264
9787	9928
9371	51014
6169	6209
6168	6205
2886	5155
7098	10695
10575	22948
891	54821
2863	5332
6224	140801
54908	91272
23586	83666
6137	6147
5196	6370
6223	7311
2197	6167
1981	6209
4713	4725
6134	6228
6154	6169
6137	6209
6122	6135
4670	10432
125988	139322
1956	3655
6210	6235
919	7535
6161	6228
4237	4239
64928	64979
5707	64750
10733	79441
3915	4811
5657	6036
1810	26009
6422	7474
6194	6230
84105	347732
4926	9793
23063	23122
4713	4717
1778	1783
87	5768
4700	4712
9282	9968
54165	84085
6208	6230
6432	6628
5565	51094
10552	10787
5829	9564
81930	151246
11250	83551
51692	220988
4736	6139
6206	6229
891	10112
10285	23283
6133	11224
57670	283455
23028	57504
22974	29127
1287	5155
3123	3127
2918	6752
3685	6385
6152	6161
8085	55904
51429	115548
27229	54801
7156	63967
60485	84962
10403	26271
81696	344892
50835	259293
5725	220988
29997	56902
5290	5781
3852	196374
6173	11224
6218	23049
6232	54821
1650	58477
55279	285237
7434	594857
60	10093
378	10282
9883	55746
1282	10536
2197	9349
6229	65008
22995	23332
6142	6232
3672	6709
10403	113130
3689	199675
9636	23586
2967	9318
1933	6193
1950	6678
1813	6364
2817	7525
6168	6194
51	7311
8945	80204
6168	11224
55872	64151
79954	84154
1981	6135
10112	11127
226	7167
5903	23511
1308	3655
23149	115548
2535	8324
6128	6164
1548	1553
335	5948
5880	94134
5284	55004
1308	3691
2243	3481
10102	51021
915	3560
3178	3184
4088	7316
7204	60675
3579	8766
2719	3698
6170	6228
6201	9349
6227	140801
514	4695
5879	8976
1121	79090
51143	55166
10236	10432
5037	54845
4519	4538
6205	7311
6128	6144
6128	6233
891	81930
1576	2327
6210	55127
3655	3909
6223	6235
4725	29796
1781	10540
6158	6206
23014	55832
1069	27077
6160	6204
566	51316
6223	6234
6194	53918
8615	10959
11102	88745
7320	7322
90411	126003
3183	3190
5094	27316
5048	151246
5868	11021
7337	51132
11176	79595
1431	1737
5903	6633
317772	440689
1350	7388
1062	10112
4839	6156
6207	6223
6637	51639
6206	27340
3013	8351
2209	3394
830	11127
6139	7311
2832	729230
5434	8349
8945	55832
28514	54567
4599	10964
6194	51187
2123	2124
3326	7415
3304	3337
6632	6637
2792	219438
8687	8688
9188	25885
6208	27340
4707	4709
3914	4233
6142	6201
10592	11169
219965	285093
6790	11065
23451	51692
5298	8394
23511	55746
783	10368
3673	3691
2305	7153
10389	84108
1062	9787
1595	3156
2588	9798
11339	79682
7840	57787
2048	7525
6136	6201
4889	6751
9014	25885
4708	4725
10857	84329
5529	54908
1387	8085
344	6385
6156	6228
51645	85313
6950	84617
9877	23279
64750	115290
1910	6863
51426	57654
3106	3134
6224	6227
1938	23521
6161	6231
29889	51154
6206	23521
10383	84962
3308	9631
6155	9045
6232	6234
6453	10254
6426	6430
4736	9045
219858	344892
5433	55197
6144	6155
6432	6632
6122	6130
3106	3659
1741	26037
226	2821
51692	55746
6143	6201
6155	23049
3866	3875
23149	51429
351	27242
29093	65003
1017	5707
904	6619
3921	6144
6205	6234
5199	5777
10959	50999
930	5336
8687	286887
27042	55127
797	7252
6133	6208
6159	6205
1857	7311
4702	4724
6227	6230
10403	83540
11190	121441
10574	84617
5697	6376
1277	1291
23020	51729
4172	10714
6125	6228
1230	2833
5179	283869
392188	645402
3491	7184
212	2038
3178	6434
643	10803
867	6654
197	5005
11145	122618
2799	5707
372	57511
3308	10808
2207	199675
6159	6223
3267	10618
3434	23586
3921	6203
4176	5422
1398	2209
1660	23283
26589	219927
6165	6222
301	5368
344892	390079
1462	3912
5870	90196
1277	1289
1292	3688
914	924
55720	64318
9767	11143
3396	6182
4057	56729
4736	6188
6155	6229
10155	90233
2804	9276
5702	5708
1551	1555
4670	5094
1062	1639
7082	100506658
6135	6189
1495	128239
1915	6204
3912	11098
8519	10581
1536	8655
9826	23365
6168	6218
64386	199675
22974	121441
8924	10489
6218	7178
2695	2792
26146	79659
90550	91689
3215	3216
514	521
916	940
4713	29796
4172	6118
6154	6176
6175	6228
4586	140453
3675	3683
55832	154881
830	9276
6432	6636
3921	6165
2033	25942
26190	56929
28998	118487
4695	4725
2691	59350
6788	60485
23067	57690
9585	24137
6161	6165
6156	6176
5438	83443
7536	10250
3122	55824
4736	6160
6934	8945
6147	6229
6613	7421
5977	6601
2923	3309
86	988
4172	5422
2932	6790
2071	27125
5725	10236
4050	7124
84727	122769
1453	6229
7919	348995
6370	11251
1508	1514
23291	55832
6129	6159
8243	9700
10900	284069
4332	8635
4713	4724
5587	112476
6161	25873
8243	151648
5516	5903
6135	6165
6175	9349
5054	7424
3998	6745
8612	166929
9793	11004
4535	4536
8945	9320
50813	55884
400	90196
9585	51014
5526	5716
23291	23327
1350	4695
11052	51692
79600	121441
6130	6203
56923	339403
841	1281
864	5708
3912	5578
6203	6232
932	5023
6130	6208
6222	6230
3133	5696
6160	6170
8243	57122
8976	115548
3655	3915
10425	84085
3689	7409
23011	51762
1495	3799
1915	6202
5880	84144
6141	6154
4194	7316
4837	284119
9371	9493
6144	6159
6159	6188
6234	23521
3183	6428
3978	4171
1291	55214
6130	6232
8189	23524
10885	25885
3909	59277
6233	7158
7919	27316
1660	3185
2867	23620
1969	2268
6129	6169
8334	121504
51676	115290
972	3122
2242	3320
4829	10886
5711	8697
6228	9045
55702	56949
6133	6176
301	55970
4841	6421
54821	57551
6138	6202
7249	7532
6137	22916
6133	6164
6124	6176
51023	116541
1292	7373
2268	7525
4853	6233
3655	375790
10403	55143
6130	6205
2147	2244
8969	121504
3921	6122
1544	169355
9685	10618
2220	5648
6159	6175
6128	6189
6136	6235
6233	90293
5693	10213
6160	9045
10112	22974
23332	146057
84962	126374
3354	9283
1937	6130
6193	9349
4701	374291
6206	6223
336	2262
5718	51330
5315	7167
9904	57647
51121	79048
1058	11004
9055	10112
7311	57674
29984	64333
9371	10112
4853	10046
3915	84141
4690	10096
274	51429
6144	6218
26005	80184
9883	11218
6233	9045
6635	11157
6138	6159
4670	10236
2237	10535
6430	10949
1232	338442
10236	27316
2197	6234
7337	54778
1956	3084
1129	3355
1173	5962
5493	6707
8907	10053
5194	7311
2521	220988
6188	6189
3921	9349
4867	23322
3688	6709
6169	6204
6135	6203
7514	23122
84231	197131
3357	5737
6144	6208
54069	79682
4171	4172
84329	196527
5094	10236
10051	23244
6772	9021
1287	55214
1017	10926
4254	5777
64761	83666
988	27316
4710	27089
4726	7381
6188	6206
6230	23049
10975	51079
6133	6210
6167	6232
3191	10713
6170	140801
6136	6159
9246	197131
5286	6233
6125	6202
1511	1991
2197	6173
9787	64151
8189	10523
11325	55749
5977	8289
23014	154881
6204	11224
6218	9349
9700	146909
57504	333929
4008	7321
6235	9724
6944	81611
5711	6233
55781	84135
1911	26523
1058	8655
4088	25937
6201	6231
5879	10552
991	55355
813	3913
816	4137
84154	84549
6233	55670
1994	8570
521	7388
5868	23011
5054	5327
5111	10714
6132	6176
6491	10733
56658	84085
3848	162605
2048	5998
6169	6188
3113	3127
1660	23020
23322	80184
6142	6169
5094	10285
6224	27042
11051	55660
6138	6229
29796	51079
57111	64284
3066	9014
9354	84085
54555	56915
2197	10952
7311	158506
3434	10964
1315	23303
9655	55832
1084	1088
6138	6156
116	59350
6157	6161
6205	6207
2832	117579
23304	26046
9700	10403
3170	3651
1559	1576
3689	8514
1601	6453
9276	10112
9076	100506658
56902	84128
6168	6231
4173	5426
4695	9551
831	23209
6194	6228
1667	1668
2641	113091
5869	8301
1983	6232
4738	6923
6167	6203
1783	10121
1741	22941
6156	8667
6228	11103
1063	4288
1314	8729
4048	5199
6122	6129
2218	55624
10714	23649
9551	55967
1121	160518
920	2533
5516	10213
5718	8453
2935	25873
114	2492
6133	6141
6122	6155
5954	51280
4519	4540
9276	10121
119678	344892
3646	6156
351	3913
7184	84141
10959	222068
6176	25873
6152	6204
9354	83737
5347	10592
152	5580
5862	10890
6135	6175
5451	79664
10112	51014
4713	4715
6168	25873
1660	2521
7178	7311
4322	7373
4686	9128
25926	117246
4508	4537
1118	3417
9128	51340
29127	55165
1908	2865
117579	151306
2059	10458
5725	10432
26249	55521
514	4724
3672	3688
9648	10466
6122	6181
3371	84141
2491	9793
6147	6227
2165	2244
4582	10164
4736	6175
5540	6755
9727	23265
2064	9475
26190	154881
6156	6208
79682	147841
1062	29127
6156	9349
1063	81930
3360	7253
6209	55127
4514	4535
9493	10121
1557	1559
3921	4736
3192	11338
6161	6169
6207	6228
9491	200734
9829	26052
78988	116541
54716	153201
6159	6161
1364	1365
3921	6164
6233	27327
5290	6654
301	2788
6175	140801
9787	55635
4702	27089
23397	56992
3355	6751
57122	79172
1120	5130
5880	6453
10022	51289
6426	7536
1315	2804
6193	6203
9793	81930
51088	84261
2491	5048
3482	10618
4718	4728
6132	6235
6167	6194
64979	118487
3092	6233
10427	22872
928	113177
28998	65003
5000	7311
4867	57545
10075	51132
7514	23244
6137	6157
51585	79869
23376	26259
1665	10885
10403	348995
1398	10458
1981	6175
1856	29763
9631	65250
9276	51014
7337	26046
996	89910
54165	57542
1781	11190
186	2913
3675	3912
6714	10413
7272	259266
1937	6228
6130	10399
51715	57403
6144	6176
9322	9341
6233	7311
332	9493
3619	8243
6170	6204
8568	22984
5519	54821
9341	25977
9601	10130
2222	4597
23322	91147
3909	3918
344	26020
3688	3914
51317	57649
8065	9354
6141	6161
6218	6227
10199	56902
4588	26290
10576	10693
2957	51616
10652	51014
9128	11338
1495	6714
917	1759
2557	2560
5861	10484
6924	22916
10489	22888
2798	10886
4514	4536
4508	4539
2767	7204
6635	9883
28	2524
377	9493
9972	23511
5695	6500
8655	83658
776	51764
7536	10236
9126	55746
6209	23521
8886	9221
3479	7044
988	23435
2517	2990
3832	9833
2617	3376
2784	4985
1033	9787
2787	10803
891	1033
6146	6230
1281	4060
695	7454
6164	6167
11014	22818
378	830
6137	6167
6144	6230
10155	25799
6217	11103
11004	54820
2034	9314
9793	84131
6129	6133
3675	3915
4646	23607
3903	79895
1933	6204
9276	10959
6124	6146
5558	10926
6601	9031
6161	6189
6223	51187
5501	79172
3055	5747
2444	84766
6189	6228
933	973
10592	259266
11316	55850
4312	4314
6155	6203
6132	6168
1793	5829
6836	29927
6146	6222
6711	11014
5149	388531
6202	6209
4775	5534
1669	10394
23063	23244
6602	57492
6204	6233
5725	9128
3609	10236
6272	79158
5869	5870
23412	51725
6161	6170
3695	8516
3437	4940
890	55165
6161	6201
29074	51069
6167	6204
10316	126006
5430	81556
1329	10476
996	57542
6154	6170
6201	6222
2621	10272
6193	23521
10427	10484
79954	84128
1337	1347
5204	6637
55850	113220
727	10022
6136	6202
1656	80153
10274	51143
3202	3203
2197	6160
3122	5641
4599	10379
5443	53831
5879	375790
6128	6165
4548	10768
5330	8323
1645	1646
51421	60485
9551	84833
4976	55669
196883	285601
4353	5657
4696	4715
6130	6207
92	4090
6218	6235
4830	4831
5516	5714
5023	84329
1915	6124
920	8976
2099	7031
6201	6224
6518	10970
51465	140739
6152	6168
6157	6205
64981	116540
6143	9349
22948	84617
1062	11004
26190	140459
5725	23020
6208	6235
6233	22954
5501	9126
9787	55872
113130	348995
4809	51065
5562	28956
3912	3918
6193	6222
274	51411
3559	8651
6709	9276
6143	9045
2767	5335
6203	11103
2147	2243
6233	440689
4297	23309
5718	339745
2935	6229
915	286749
683	199675
23014	79791
3055	5335
6235	9349
11102	134430
988	4436
3192	10921
4809	5435
1595	4597
10926	63967
6231	9887
336	4547
831	5747
8945	9870
1455	2810
3213	8338
6158	6181
6222	11224
26268	64682
4709	4713
23014	89910
6207	6224
6189	23521
336	2266
3352	5540
1601	5878
4069	5199
4539	374291
22974	83461
8976	55971
55143	348995
891	4751
10749	24137
2932	5707
6193	6202
10153	84128
8698	59340
1933	6164
6158	7311
351	7184
2197	6135
996	26190
570	6233
3619	23511
9133	57082
26091	151636
351	1234
4513	4537
1435	8542
2197	11224
4173	84296
8337	121504
1048	8434
6194	6217
6160	6223
5829	7430
6228	55127
2305	5518
1268	50865
332	54821
2920	2921
1084	338339
6144	11224
6156	6160
996	143279
636	23299
990	5717
2033	6872
26146	150737
6159	6164
126328	374291
9493	259266
4254	7409
9604	22954
699	151246
7003	25937
5501	7159
6175	6209
6161	6175
991	151246
53354	60490
3046	3048
1495	5795
3190	7536
4509	4536
1933	6135
6233	23600
9793	203068
23160	23404
440	2617
4710	4713
6203	6231
920	3937
6122	6193
4695	4726
9320	23291
1116	5199
1788	57332
5880	80728
5526	81565
5290	9208
5878	9341
324	1739
8767	23118
4512	4537
8570	22894
966	11314
2107	6234
7317	51343
2359	5473
2209	7726
6152	6227
10376	150465
3920	80331
1783	8615
23118	257397
9730	10425
3190	11338
3640	53831
3684	53831
351	29933
9113	154810
2912	3355
84163	389524
996	8453
2912	4852
23014	143279
7327	8925
23095	55614
5865	23011
7272	10615
3886	8687
695	974
5695	5706
3434	4599
6159	6169
3912	5829
2625	3169
5290	5970
22948	55970
6133	6157
10540	11190
3111	3123
2237	5111
6157	6169
4536	4539
5290	5770
6169	6176
7204	10800
257313	387129
6830	55677
64837	81930
55008	64750
1017	63967
3886	8689
6128	6136
11017	11051
1314	8615
6189	6207
6209	6224
23248	26512
7329	197370
1385	1387
6866	8997
2801	81562
2813	55350
2153	2159
5715	7314
627	2247
2147	3481
8106	9410
88	2890
5430	55215
6132	6160
6161	6229
1537	4722
4724	4726
1994	9782
4988	84539
846	6870
84676	140456
3190	3609
1894	10112
1495	1969
3811	3821
3640	387129
84131	347240
7337	57169
2935	6164
1173	24137
10342	90411
6142	6189
6146	6235
4171	5426
3799	9585
5516	5529
8356	121504
9412	55090
5861	5868
3222	3225
6385	7852
219954	285093
890	11065
4116	6635
6218	140801
6139	6223
156	2767
2033	9739
10802	55014
6233	57674
1983	6141
3797	92104
174	2266
6122	6157
2633	117854
3702	9402
1639	10121
2960	9412
3113	3123
6233	26130
3693	5829
2833	6346
1161	51426
6165	23049
9416	10949
4116	6167
6135	6137
24137	81930
3921	6138
3157	4597
6235	27042
3619	10274
28973	55173
1454	4867
6129	6138
6203	23521
3572	3977
2177	7398
4886	4889
10663	259292
10890	23011
1017	4999
10540	57511
887	4295
5368	50865
6218	9887
3185	51692
1292	5033
6230	7178
5529	10274
6181	6229
2207	2212
1453	6233
3091	84962
8074	29106
83551	319100
7337	23291
5339	6157
1453	6201
3764	10060
2197	6159
10890	55667
9739	26523
3886	286887
6141	6222
7175	10250
6167	6181
3663	4281
3106	6890
57381	57514
6171	25873
4736	6167
102	6556
186	3350
1902	55970
22954	55236
701	1063
8450	51122
10075	54620
990	3832
4969	11081
1129	6751
55055	151246
6130	6173
1108	3094
6168	6204
4586	26290
332	9833
6556	84418
2801	11014
9221	25885
394	7409
23398	23517
3796	5903
1111	23595
8453	23291
5861	81562
2524	2525
2244	3827
988	9631
6193	6230
5747	7456
2847	10563
9508	57188
5928	57690
9967	84498
6167	6210
2923	6185
1048	171169
6224	6234
5868	8301
4343	6045
3691	3918
4641	5879
7164	10053
4542	4641
1937	6202
2048	3055
9793	151648
9416	55660
3376	4677
11325	51690
6138	6170
5869	57403
6272	9500
2817	3340
6133	7458
6154	6210
80168	346606
3357	4829
6146	6165
8729	10121
10802	22872
5698	6890
719	58191
4233	5795
522	4713
3685	3915
322	333
6125	6181
8356	653604
9055	9493
5515	6500
5928	9070
5692	5710
6144	6157
2491	79172
4670	10949
3833	24137
57122	57551
1656	54464
3433	3437
1910	3827
51264	118487
9818	23511
6143	6194
3619	9972
5318	5493
4171	6749
6233	8976
10869	63891
3091	3725
6136	6181
3855	144501
6387	6754
391	9459
6222	6234
6222	51187
6850	23533
2207	5777
8189	51639
2206	3702
2132	375790
5870	57403
11314	199675
5708	7415
6208	22803
6135	6155
374	2069
4141	7453
1650	7841
2197	6208
3675	375790
7249	389541
25831	197131
2081	7494
6129	6230
7311	85015
950	8976
10540	22974
1668	728358
6169	6234
9126	79172
8570	11052
10890	10971
1362	3482
1911	192669
7184	7466
1991	4069
4736	6156
258	5179
6788	6801
9700	57082
4125	6036
5411	51747
6136	6160
6189	6218
377	830
6175	6204
6133	6165
7272	55635
208	57148
6209	6222
6147	6173
9320	9870
8886	23160
3397	7057
7311	23586
3659	6737
10592	51203
92	659
3673	3683
2125	5493
5529	6232
4541	4724
1476	8993
51132	54778
3107	10475
6138	6218
9787	55165
6228	6234
643	5368
891	8697
6272	9026
6188	6235
1062	81930
10427	126003
22954	83737
6125	6144
6201	140801
6207	140801
7398	56852
6161	6227
10540	121441
1812	51764
23350	51690
5562	5571
3491	3895
332	55055
3913	51280
4173	9126
1022	55840
6194	6205
1398	10787
6189	6224
10540	23332
10403	64151
6138	6206
5547	5660
1230	29899
6181	6208
5704	5718
5352	91522
10274	81930
3320	10808
1398	5781
6430	220988
518	521
26091	64750
127247	131405
5422	84515
4695	84833
726	831
6631	27258
109	53829
4713	9551
1956	5796
391	8503
1994	9716
2197	25873
1994	51692
5528	8243
8453	9870
7311	54874
11325	83443
57154	64750
6135	6152
2197	6152
1294	2157
161	5869
4148	11098
6202	6227
10749	29127
6556	23601
6235	7178
7514	9972
4544	5443
3434	3437
79583	79600
1778	6232
25831	143279
6453	8976
393	399
3619	113130
5685	5700
2790	7204
2965	8731
3915	5954
273	8673
5869	11021
6207	6230
988	3066
6233	22888
9181	29984
8334	79019
6217	6232
1915	6206
4983	5880
258	9210
6160	6233
6737	79754
3133	3659
2243	5005
1208	5406
988	6605
917	29993
7472	7482
1937	6133
1981	6234
7041	7414
3071	9844
9320	64219
5725	10492
2042	2044
5707	126374
7532	80097
5832	118813
1983	25873
4171	4175
3486	11167
6155	6158
2168	3158
728	846
6925	6938
3109	3113
5685	10393
4952	8976
8826	55109
1329	4713
7311	90293
1173	10552
8816	79269
79869	84248
7478	7479
1915	6139
9382	100302736
6147	140801
11113	259266
6175	6233
9793	113130
1062	1778
5985	63967
6137	6161
1435	4924
6135	25873
2963	11193
1956	5829
55143	57405
6167	6202
920	5335
5111	10535
25929	55706
3675	3914
4717	4718
9277	51118
84085	154881
833	8565
4620	4626
3683	3695
1763	55388
6135	6231
3884	100653049
1233	5196
6643	58533
6233	7189
1303	10491
6204	6232
9021	140462
9493	22974
1453	6232
6737	283807
3270	147111
317	835
2150	2863
1329	9551
699	10592
5439	5451
336	345
6137	6175
4734	26091
904	5451
932	79895
6633	6635
6137	23521
9276	64837
6189	9349
10236	51692
6137	6170
399	257106
3190	7919
1063	2305
9739	27327
102	813
6173	6194
2814	51206
3619	29127
56923	259293
5861	10342
6208	6210
5093	10523
11258	11316
4736	6229
163	51429
2206	5335
3674	5829
2058	3376
3074	6386
389	117289
1994	3609
6167	6168
2207	5335
4172	4173
51	5194
9972	55339
6993	10755
6233	9887
5903	7514
26589	29093
1559	2327
6159	6167
117	2695
5985	8914
6209	6227
5747	9844
8349	79101
3184	220988
1337	4697
991	22974
1453	6230
4141	4677
6159	6203
10640	55770
941	942
7846	57545
4116	6161
6161	6223
79682	387103
6430	27316
6429	22826
3796	151648
4069	8635
4040	8324
6233	90678
5928	10013
3055	5336
920	1234
51715	201475
8329	333932
60560	80018
26523	27327
6160	6175
3017	8969
259292	259293
54821	79172
778	783
9416	51729
6165	6207
9564	54518
6135	23049
1646	8644
8600	50964
6146	6218
2683	84061
6122	6185
2935	6189
3832	51203
2885	3563
5688	5701
26005	84902
4904	22826
9410	22826
8453	84085
5898	9371
3181	10432
29093	92259
79583	80184
10949	27316
7783	11085
6157	6207
5725	9879
11103	56902
10527	55705
3133	10475
6628	6636
6750	50837
1314	9527
2957	51808
9611	23118
2770	55970
988	3326
7538	9261
3689	3903
3184	9987
3912	3915
5683	139285
991	29127
51166	125061
23160	55127
2286	5479
10713	53981
6155	6164
56902	79954
1601	7311
999	144100
1121	79958
988	3837
394	7204
6130	11224
8452	26091
813	10970
51575	79954
4670	6421
6142	6230
3491	84141
6144	6152
5339	6133
6157	6189
4707	54539
501	51166
6709	8729
4710	4725
6142	6222
6626	10523
830	3799
8337	85236
6156	6206
5741	122876
3685	4035
1994	27316
7466	51280
1894	5880
1329	7381
996	9320
6138	6223
55781	134430
1385	5594
4638	4659
6160	11224
5518	6167
11091	54881
9493	10540
10540	51014
983	3833
10484	51014
84231	140460
3691	4233
197	2153
1232	4986
6137	6164
3797	57539
8394	23533
80176	142689
5473	10321
51602	84128
2268	6714
64114	196527
6168	6232
966	3903
6154	6161
6869	64106
4171	7298
891	7316
2863	55970
3683	7409
1783	29127
51023	116540
624	6755
1462	3915
983	3832
6210	25873
7164	286451
4176	5111
23279	55339
7454	10552
4048	126014
1499	23291
11127	64837
28998	57129
65264	115290
26155	117246
2091	6217
6233	6868
6154	9887
6144	6161
4709	51079
1670	1671
5501	25909
10885	23404
8802	8803
1315	9570
4670	10523
1933	6169
2207	11314
8074	8404
5879	9046
1756	284217
6138	10399
3184	3191
2207	8514
6135	6154
7135	7431
2800	9827
5422	9126
6176	6204
6632	6635
3017	8334
10970	196527
6138	6152
4736	6122
6142	6235
4116	6160
672	51755
6156	25873
3688	120425
6891	6892
80012	192669
1994	7536
6602	55193
5872	53916
6139	6144
51264	65003
6135	6230
1084	160364
5441	10980
9972	23279
9493	11014
3181	3185
3181	4670
6135	6146
6633	51690
6169	11224
8655	23218
2033	8243
5644	6690
57154	57674
6189	6209
6122	6202
5976	56006
506	8802
5528	55143
6155	9887
9820	143279
7326	26259
7388	29796
4509	4539
6176	7311
54474	121391
10681	51083
10772	27316
9742	55112
7311	79577
2475	6654
796	5745
10575	84617
10540	80184
2833	83756
3091	55662
324	4040
3909	3911
6134	6175
1088	338339
1994	55660
5290	6774
1314	10802
26046	140461
1933	6154
24137	146909
701	221150
7311	8666
6161	6188
6135	6160
8451	55208
8514	57153
1894	5879
5294	7852
3301	10808
5077	6663
2241	6850
3857	3868
3064	55660
331	6233
867	5781
6748	90701
2147	2159
9117	10484
55131	64318
1783	25839
5829	9844
2153	2243
5441	79035
7862	9219
3359	9177
5868	51715
813	3486
3354	51764
2535	55970
1660	10236
9655	10489
4867	80321
10236	10949
4495	4496
1660	10492
90025	91694
10576	23526
5887	126074
5878	10890
5196	94235
26494	344892
6164	6223
6136	6167
1398	7525
26268	56995
6135	6233
6165	6189
6165	10952
6168	6233
4176	5982
1062	24137
54856	55870
3725	4088
9410	57819
7311	11224
6746	28972
6206	6210
6210	9045
5433	51362
56902	84135
830	1781
6138	11224
8463	25937
9350	148738
3688	3918
6790	11190
1778	3831
10427	55291
6147	6156
197	3481
27316	84991
1499	2064
1778	22930
1994	10949
6122	6233
84549	84946
983	7272
5526	7316
1778	9493
6207	6233
5690	5709
338	345
9416	10236
8243	79172
3937	7409
3903	326624
867	10097
7311	57530
64410	142689
4686	50628
25885	55127
6631	6635
5493	11187
2266	2719
6698	353135
2912	4889
9020	23291
9727	55770
55839	55920
719	63940
4702	4710
51143	79172
64682	80204
4710	4728
6426	6432
403	84747
3190	55749
6158	6194
6631	6632
6129	6155
1314	9276
2243	3026
6175	6207
3191	10921
5048	5516
6202	8666
2149	2151
7311	8450
83737	143471
1981	6232
3055	3684
5880	64333
5438	84844
1062	7272
1605	5829
5872	51715
3856	3866
988	5725
6167	6209
2770	5599
5336	79837
4297	8085
6135	6138
481	488
1111	2178
148	886
7454	7456
4088	5784
2268	4301
6453	54874
10713	26121
6709	10652
8615	9570
8322	8324
799	51764
5861	51014
6164	6207
6657	57167
22954	64219
26284	64965
6878	8295
10013	57649
6218	6222
8467	79595
109	59340
8581	154064
6158	6176
6122	25873
6125	6222
7905	441308
701	3832
2132	2817
9631	23279
1108	2033
891	55165
6155	6156
3683	6518
6158	6170
9354	23376
4008	4734
4701	4713
274	8871
2935	6234
388	389
1933	6159
1337	1350
6498	64750
2043	2050
64792	150737
6175	7178
6122	6208
1350	10632
3921	6142
84154	84365
1213	10254
5880	9743
6136	6189
9320	26091
10491	10536
1933	7178
9787	24137
377	11014
1129	4852
6168	6229
7018	9829
1173	5868
9372	25930
5528	9793
79600	80184
1739	5290
1958	4665
10112	24137
2846	4923
6429	84950
5048	5529
5695	11047
4852	5179
5592	8654
9700	9793
5438	6633
4172	4998
3683	8514
846	3357
3921	6209
1062	1894
2322	6688
6156	6224
6204	6234
1060	348995
6790	55165
988	10403
1605	3672
6204	6207
57630	83737
4696	29796
8453	83737
2537	4940
6173	10952
55166	387103
821	10802
6235	55127
338	350
7311	285231
1062	6249
156	55970
6169	6208
1933	6156
4035	6385
3796	10274
24137	285643
6139	6222
2817	6382
6230	63931
8317	63967
23095	24137
9320	10193
23244	57082
220134	348995
10142	26123
8881	26224
3054	3607
23168	27125
108	5179
7311	64219
8945	285231
2197	6228
2207	338339
2810	3655
5347	9055
6128	6169
5933	132660
6233	143279
2962	54845
6223	8666
1665	84172
5519	10274
8329	317772
350	5267
79023	129401
51071	126133
1062	64837
5707	7415
6128	6188
6249	54908
6165	6218
338	3827
3339	3912
1345	7381
3672	3696
26173	79034
6136	6209
4205	6938
2683	2720
5422	55388
4695	4713
79865	340205
81930	259266
1000	1012
6189	6210
6142	6175
659	4090
6210	22984
9793	23047
6233	23168
5330	8477
6133	6169
9787	29127
1783	5529
6206	6234
3912	10971
6201	6209
6128	6175
10376	203068
4116	6201
1911	6045
3214	3217
4172	10036
3135	3805
65055	138883
6167	140801
904	25896
2771	58191
7096	10333
6418	10592
10733	84131
6453	23149
5861	5869
699	259266
6209	27042
3107	6890
10749	11127
23304	23376
9984	79869
6227	23049
7337	8697
5872	8766
64951	64976
6207	23049
4690	7525
9228	9378
6156	23049
6167	6222
4297	27043
3074	10577
6136	6224
64318	79954
2913	84539
11017	85313
7532	26123
5516	5707
26523	192669
2197	7311
10282	10652
23047	151648
6790	9787
6045	23028
10735	23279
6168	6188
6128	9045
5610	23118
26190	55832
8453	9320
23521	25873
3619	57082
9026	54874
6128	6235
1595	4047
6167	23049
9354	154881
3071	7409
891	1022
3619	51203
6167	6229
3685	375790
6184	29927
8351	126961
6202	51187
6154	6222
6169	6218
5562	10325
3062	64106
4541	25915
6194	25873
51023	118487
1063	9793
6202	11103
10749	51014
6434	27339
7132	10616
6155	6231
5869	25977
521	4701
1783	2801
25929	57122
6432	220988
27095	149111
6222	9887
1781	11014
23291	56995
84946	88745
6194	6233
5001	10926
3903	22918
11190	26005
8082	8910
891	81624
2790	22948
6168	6169
9343	23020
1994	9416
4736	6208
4599	23586
11202	25818
6158	6189
1058	79172
1660	51692
1121	6764
966	10652
813	3371
3579	5660
950	10254
3673	4233
6161	6207
5970	6602
5193	8239
2837	5331
2597	5230
6125	6169
3635	5294
10693	26190
5604	7316
64386	84329
7153	9688
6207	6232
6137	6230
6181	6189
3875	3880
5335	10818
5037	10256
6772	6774
3655	3688
3433	91543
6141	23521
4689	5880
2358	53829
6169	6173
5071	23352
1601	8322
10523	11338
55832	56995
140881	245911
10713	11325
1555	1577
945	6556
4584	26290
1435	6696
6135	6224
7415	56729
1738	4967
920	9026
3091	7316
8945	23304
6142	7311
2177	11073
351	3491
3553	11213
10802	51128
3675	3688
9604	26190
10592	23310
6139	6161
3672	3913
397	5880
1315	3799
9133	23397
1499	5708
3122	54331
1915	6228
4717	84833
4867	121441
6164	6188
4697	27089
23122	23244
51343	142689
6152	6202
7327	26046
22984	26155
6227	11224
2691	5739
6160	6232
1915	6159
2935	6202
1880	57413
988	4999
4736	6205
7316	10552
4509	4537
7311	51122
7311	115548
79172	81930
705	51602
3579	57413
10972	51128
5887	7415
6147	6161
6272	286451
5777	7409
3921	9136
25873	55176
2150	7204
966	3685
1933	6133
25831	57542
1950	2277
1292	8974
5983	56852
274	54874
10236	55339
1291	5351
10592	157570
9604	23291
1933	6130
640	5336
6164	6228
2197	6202
6139	6234
2962	80004
26190	57542
740	9801
1236	4544
6202	25873
56923	259287
7852	55970
7311	151636
6616	8673
6709	124583
1062	10403
7153	55746
3491	10970
3683	7133
163	26130
28981	57560
4798	79913
246184	285231
8356	126961
6138	6205
54874	115548
102	5795
916	917
10395	23371
9184	57405
5695	9232
353132	353135
6122	7311
64946	79682
6137	7311
3921	6204
6202	6228
3434	5610
6202	6229
909	915
9604	9867
9716	23350
25897	27252
4627	5898
6688	8334
10022	56923
7456	8976
6628	220988
472	7468
6159	6202
659	23118
7003	7004
10236	10946
399	9138
846	2798
6154	6201
1081	3623
6133	6188
990	9491
6152	6223
54820	146057
4712	4726
3854	8689
6157	9349
9320	26268
23020	51692
6133	6193
10262	10992
51143	113130
6218	11224
8766	121441
1453	6193
2204	79895
1063	25909
6143	6189
10735	57551
1660	5094
6234	27340
274	7316
6175	7311
4735	7283
174	3827
55055	81930
3689	3693
4666	6202
5903	10735
2521	6434
701	4288
383	4353
4641	5898
6146	9349
3688	10298
2099	6387
891	55839
6129	6152
7311	9320
5903	7175
1781	3797
90480	116541
6233	84749
7311	55669
6227	7311
6188	6222
5435	84844
5528	10726
4710	4712
2207	3689
27042	55153
6137	6208
7516	11073
388	23526
6169	6235
1477	24148
710	10747
4734	55236
1398	9046
84085	84261
6793	10857
5707	10383
6137	6139
6147	25873
4751	4867
10574	10575
1537	4715
623	2357
5862	57403
5695	5701
6173	140801
3913	10970
6154	6202
462	2159
8976	147179
990	5985
5430	6601
1915	6144
6152	6157
3172	6927
6130	6144
4087	79753
10083	257629
6133	6234
6130	6133
7328	23608
23646	147746
9493	24137
6135	6223
23291	57154
4173	81620
87	7044
8347	8365
2790	7852
23168	56254
55175	56995
6128	6152
23049	25873
6173	6204
5707	10576
3689	64386
213	5265
10693	84617
7311	8453
23608	140462
6124	6147
990	5422
1778	11014
658	4093
6154	6194
3685	6518
388	26084
1453	4809
5516	5598
6222	6232
1717	6307
6164	6232
904	51755
245937	613210
5179	5733
6147	6206
5266	5493
2150	10800
57530	100506658
4088	5594
6136	11224
9879	23517
8349	85236
26589	28998
566	56729
10681	338557
7311	140458
5021	5332
5202	10471
5080	8338
6222	53918
7311	55777
6204	6229
1315	6711
1490	7004
6155	6233
6156	6203
6189	6208
89910	154881
8243	23332
988	6950
325	3015
3313	5903
6206	6230
54552	55720
6692	6768
2935	6176
10153	55759
6124	6159
1500	5795
991	9055
332	2305
6189	6204
1781	5861
3054	80335
5652	6692
570	23600
4700	4708
6133	51187
6142	6143
6130	9045
81	5829
4512	4539
9410	10946
6229	7311
1511	5657
212	2623
8648	9968
9126	23332
336	51156
2358	160364
6923	285231
1306	169044
259290	259292
9037	23275
991	51088
7311	27327
10112	29127
1233	2359
3043	3045
23322	57545
5584	56288
23526	51816
84085	140460
1981	6230
3683	3685
23142	23291
6209	6218
5579	5583
996	5699
1303	5352
6136	6165
6125	6158
9700	10615
680	64106
10236	10492
51602	84946
4035	5159
7335	8453
6130	6229
6209	6230
3912	5747
1495	1500
1453	6234
120776	344892
6207	7311
1291	3685
6167	6223
28977	54516
1398	3685
4584	50614
2519	3074
6830	85403
4695	51079
6132	6727
6139	6169
6132	6169
6122	29997
915	29126
6461	9564
3833	9793
6138	6176
4040	7311
7204	8976
27042	84135
6205	23521
3799	81930
2159	2243
6374	27198
6129	6218
10250	22794
2865	84432
3055	5921
2064	7525
6136	6155
331	659
51206	80739
4540	4710
1969	7525
972	3123
1956	4837
3676	3691
1994	3190
6139	6160
1063	7514
335	4036
3054	81887
701	7153
50838	51289
23160	56919
6132	6147
6142	7178
185	2862
2826	84539
6434	27316
7311	26043
1365	100506658
695	3710
996	9491
29093	51023
8687	54474
4725	7381
1536	2204
6700	353133
945	10857
6181	6209
10426	55835
3437	4938
6154	6223
5981	7516
10426	55755
1933	6181
10376	84617
675	5983
1781	22974
6233	9341
6189	6206
1515	3122
23291	51122
3433	3434
566	1511
6950	10574
3183	4670
4313	4323
25873	114987
6189	6203
5869	8976
1337	1340
8976	22905
3364	5810
5516	51143
990	996
1983	6137
3833	55143
6124	6138
1933	6188
3191	9782
4707	7381
7311	121504
11103	27340
3308	5903
23223	79711
3832	64151
920	54874
1991	51316
8742	51330
3716	259230
5970	57506
930	973
3084	5781
4735	121441
9320	197131
8453	51122
11338	23636
6130	6170
4174	7298
701	9824
3609	5725
156	351
1292	3685
6223	6232
6165	6234
3190	5725
7110	90196
6205	6222
5829	9459
6147	10399
6161	10399
4536	4537
9136	84946
3185	10921
4736	140801
9655	90293
163	8976
3913	5954
3134	3660
6168	6176
6141	9045
344892	390063
6188	6217
10959	55605
3852	3853
84261	154881
6147	6201
7409	23533
4726	55967
3091	6233
1983	6176
6152	7311
4543	4889
23301	30846
6700	26239
3912	54972
4586	4588
6142	6223
1329	4715
3267	22848
566	1991
6750	6754
10403	10592
8655	10540
6144	6156
8260	79903
1665	3192
489	4853
6175	9045
3984	54434
5336	7525
274	1956
9738	146057
5869	51715
2537	8638
4717	4725
399	10144
6170	6223
6714	7402
388962	654483
6175	6235
4952	22905
8945	65264
971	974
27134	100506658
6168	6228
10291	23658
705	23160
80097	653784
3838	6790
2358	57153
1431	4191
9439	23097
5460	55211
2967	9015
389	10398
9363	64284
8689	9119
55832	115290
3664	23650
1555	1557
1660	2130
26589	64928
3913	3915
6152	6165
9820	23304
8317	84515
2185	2268
2521	6626
10657	11052
57129	219927
51088	79176
351	51280
54821	81930
7525	9844
1329	10975
6223	6227
2107	6137
7054	57016
6160	23049
7040	57530
4535	4538
6741	9533
6173	6234
890	9787
4724	7381
4736	6141
64410	80176
6139	6209
1524	3579
6157	6159
6157	6203
23585	54741
6133	140801
6205	55272
6155	6157
4343	7311
6500	64320
7311	25873
9493	11127
521	9551
4666	6137
3111	3127
3422	6721
3181	3191
3007	3024
108	7252
3113	10346
116	2740
701	23279
6202	6223
25879	84294
6175	6189
1350	27089
55003	55299
4736	6204
201475	326624
5708	5887
3309	6836
4543	4852
5696	5698
26224	283807
6137	6173
4297	6045
4763	5699
11128	25885
1943	2046
6133	6144
6208	23049
6240	10051
6165	9349
5739	59350
4998	7027
3837	5903
2521	4670
7846	203068
6175	6208
3181	5430
3178	8175
10112	55872
10618	55330
1500	3799
813	3912
2967	51755
4512	4536
146	886
9820	89910
163	8027
4670	220988
23291	26091
10749	11015
79659	92104
9655	57542
9126	9793
5829	7852
10540	84962
90025	158506
963	7805
5861	10959
5869	10552
6137	6228
6181	6234
7153	9700
55720	84916
5747	9475
2932	9015
324	5699
6136	65008
11102	55127
10885	54881
59350	94235
6139	6175
6133	6235
3832	54892
51129	85441
1315	23095
10640	23265
23310	64151
5528	113130
9570	10802
5879	64333
9044	55814
2036	116986
6141	6234
2798	4829
2266	3026
2641	10203
4543	6751
55970	63940
6426	7919
5868	5870
6734	58477
6133	7178
6139	6146
9757	23067
6173	6188
27	1398
389	6453
5199	80184
5725	10949
5339	6217
6160	6189
3309	10049
4735	80184
302	10383
1937	6207
1062	5528
383	671
351	7852
55143	151648
2150	5021
7283	10540
3837	9972
6233	27340
10921	10949
6155	6202
391	94134
6165	6170
10051	10592
5440	10302
1471	5034
351	11167
6130	6228
25885	55720
891	3838
991	4734
345	2262
6155	6193
1303	10536
1306	50509
22974	23332
6233	140459
3190	9716
988	10657
6144	6158
1329	4701
1329	27089
1005	1009
9320	26046
5361	9855
8027	25977
4839	55720
7124	7316
6249	401541
55901	170692
4173	8914
22974	24137
1445	1956
51088	51122
6602	6605
6175	6218
6518	196527
2817	5673
6158	6173
51023	54998
6233	11059
6209	23049
2064	7311
6185	57171
2935	6122
4735	91147
1084	138050
4700	29796
2968	57804
6202	9732
174	6694
580	1111
54778	197131
2491	151246
2358	100049587
5970	23291
2264	7311
4735	151011
3673	3918
399	9411
6427	10189
1191	10916
55735	139322
1991	3240
9787	10403
2099	6198
3797	10112
5699	8697
8905	8907
3909	10298
673	10142
53339	140460
8689	121391
3978	4176
1778	6249
138803	344892
3903	10970
4540	25915
23376	84085
6170	6189
8615	10484
6202	6210
23014	80176
6169	6224
6122	6159
558	7409
6146	6156
8313	10297
2491	25909
23028	23186
501	85007
5516	55055
4584	140453
3897	3912
2683	54918
2207	100049587
6154	6158
83597	390174
9730	64682
6667	57508
3880	4072
5903	9793
1499	128239
5717	9020
23325	387680
3491	11167
1645	8644
3134	3659
5048	55055
23020	27316
102	54918
1981	6208
1495	1499
51503	84844
5451	23248
4535	4539
3836	22974
10394	56729
6139	6143
3054	9739
55839	79023
4074	6456
6746	58477
2197	6146
5528	79172
778	10369
1981	6218
6138	6233
6124	6133
3185	10236
2865	6863
8514	326624
2792	6752
2072	6233
6874	83860
3685	64386
680	6869
5694	7979
3635	5286
1933	9349
3607	55252
6154	6227
813	5954
5339	6164
3916	3920
10155	79943
2799	23197
163	1601
963	3903
6923	23198
8807	8809
3688	83660
6439	653509
4771	122786
6150	116541
4088	7048
3189	9987
6233	22848
25873	55272
84861	143279
6161	6209
1871	192669
29127	51014
3998	10959
60488	64963
6152	6155
91147	121441
1810	55689
2318	3688
1950	3671
10075	54926
4173	5422
53981	348995
11176	64426
6132	6209
6045	57504
516	26521
5286	8976
4694	29796
4999	5000
996	54778
2792	2847
28956	57153
51203	56992
5829	6709
5529	6249
51604	84720
5695	6790
720	3426
1500	55740
6135	6234
2817	375790
204	4508
5869	7311
9039	10425
990	10051
3827	4295
4738	28991
7514	23279
2185	5579
6144	6170
637	8626
29984	171177
4709	4726
3903	57153
6170	6235
3949	5868
6230	6232
3833	10615
999	3691
9493	51014
116372	257194
4751	91147
6146	6201
1933	6136
6143	6147
332	81930
6170	6227
26005	121441
5708	51330
5708	6790
388	117289
2792	2918
3190	5094
389	85360
23160	55720
6137	6201
5688	7314
1088	2358
5741	10266
6625	23524
205	513
64951	64979
10540	80321
6132	6222
4713	4726
6850	9564
3837	23511
6206	6222
6430	6432
4839	25885
6132	6224
2773	29899
1843	3304
1137	1141
6147	9045
6193	6233
1299	50509
8341	8970
23562	53842
2776	2788
27257	57819
6125	6204
6168	9887
1794	5880
4582	10331
2740	5746
1453	6235
950	3482
2197	55127
2209	4940
1555	1559
3015	5436
6160	6176
5439	80349
84131	203068
6801	7871
6934	83439
8688	286887
6158	9349
400	23041
5529	7514
3685	9475
963	966
2197	55176
6155	6170
891	9232
25957	51747
695	5777
1642	9730
8638	10379
4584	4588
10885	23160
5566	84902
6175	6227
11004	259266
5196	5473
6156	6218
1991	4332
8945	154214
1063	22974
324	1857
7311	9666
6181	6223
57539	79659
5693	5705
6133	6136
4736	6189
3558	3717
6161	23521
4609	7020
4710	4724
8337	126961
10969	29997
23304	53339
8334	8970
5861	57403
3915	7402
4295	5020
8993	10394
7476	7477
374	2065
824	831
4116	6637
1536	23601
1665	9128
1173	9341
4862	79365
5861	11015
1291	8985
1398	1956
22954	84085
6218	27340
2801	10972
1774	4069
56949	91603
4588	140453
1509	124583
57332	84733
1908	23620
6208	6231
5898	57148
6128	6159
1994	3191
2209	2268
10274	10403
6133	6201
23601	160364
1605	8910
6707	147409
1933	6189
6154	6233
143471	161742
5005	7276
6157	6223
10615	56992
23358	84132
1981	1982
6189	51187
388	23370
9439	9967
1459	9918
4736	6201
4809	11325
5872	53917
6154	6160
830	5870
6132	6170
4077	7316
868	200845
440	2058
1116	1991
301	302
7337	25831
1933	6228
6400	27248
26043	55666
8976	51429
3190	51692
9739	55904
4670	11052
6147	6209
2153	51156
1981	6228
3185	5725
127247	148581
90293	285231
5822	10885
3683	10970
444	3091
2064	6233
4008	154881
6218	6223
1116	10394
1462	9469
846	259292
3055	9844
5394	55127
378	5861
9656	11073
996	51088
1460	23397
5795	6714
7133	10970
1781	10466
22856	55454
9183	79980
6173	6207
6165	6167
813	1000
1293	1300
1981	6133
23304	57531
81567	93100
846	339403
6173	6206
6170	23049
5437	23524
6430	22938
8318	54962
2251	8823
5700	10213
6156	6222
2914	4988
57153	160364
6176	6208
988	51692
1291	1303
4712	4724
23049	23521
1315	10959
1653	25940
746	100128731
3685	3912
4707	51079
2792	343172
1088	150372
919	3123
123016	129880
3559	3560
6203	27340
3312	7037
6164	140801
6201	9887
4867	27077
3646	26986
6208	7311
65993	124995
4014	5317
1233	11251
672	84464
6135	6170
3998	10802
47	2799
117	2792
6138	6235
9700	348995
1387	6667
7311	84133
7283	22919
353137	353142
6165	7311
393	29984
3093	22954
1962	7311
6181	6201
10489	51343
1471	2519
1062	83540
6128	6194
1173	5878
10000	55970
6156	140801
10382	23332
92	7049
7919	65109
274	8301
25897	55175
6202	6235
3055	9564
140460	197131
7317	9820
2803	90196
5707	10213
1292	5351
1605	3912
6137	140801
6185	6729
3192	10236
6135	6169
1453	57787
7314	9134
6047	9604
6133	6232
50838	56923
991	1062
6144	6234
6747	23471
640	3932
6147	6235
945	64386
11339	79172
3718	50615
57405	79172
90	657
1994	3192
23398	85313
996	80012
23327	51088
6146	100529239
26531	344892
5928	192670
377	5861
1950	7474
6143	25873
6129	6139
3486	3569
5331	222545
8449	27238
1116	3240
60	1072
394	11015
25804	27258
6790	29127
2847	594857
3836	10971
4641	5872
10236	22826
6124	6202
1062	6790
6155	6235
6129	6168
6230	7311
274	8853
4161	7432
23160	84128
7042	83706
2060	50618
695	971
4599	51191
796	6344
6923	51755
9716	10236
6923	64682
1981	6223
6428	6430
8925	10489
9493	55165
64976	64979
6165	6168
891	7531
6146	6224
4509	4519
4952	6233
238	943
3434	55008
6091	7852
1778	54821
55832	80067
3659	7706
887	2147
5023	196527
3006	8337
9181	171177
966	9276
813	10618
6133	6173
6427	79902
58505	200185
1289	7373
3185	27316
1287	3685
3913	9459
1660	10713
1983	6181
4697	4708
5111	7027
1991	126014
6434	220988
7311	23118
7153	56992
3361	9290
6125	6133
6133	6155
6281	79026
1314	6711
695	3055
25873	140801
6141	6158
3071	5747
3685	196527
6432	6434
334	3491
6167	6234
5336	118788
6158	6233
25831	65264
2817	6385
6428	6434
6637	51503
6233	154214
10970	54972
3183	6430
6203	6204
9738	347240
1325	10563
7316	91445
10121	10844
185	4922
4102	158511
3921	6208
5711	7321
6165	6206
1287	1288
3283	6718
3799	29127
988	6602
3978	4174
7311	92421
1994	220988
6209	6231
2888	5584
23223	64318
4940	10561
6142	6168
6189	6230
4734	6047
5515	6157
3918	375790
6233	8322
23295	84231
988	55770
1347	84833
90	659
8871	51429
6159	6224
3015	79682
3579	126006
3797	79989
4736	6158
6206	6232
54474	286887
5707	5708
3937	5777
23011	57403
1364	1366
1062	4751
84085	89910
23295	54620
2332	27161
6173	6230
6135	6147
1639	29127
6776	26228
6201	25873
9045	9349
6133	6202
3113	3122
4736	6232
3091	26043
29984	55843
6157	6194
3918	4233
9742	23059
6709	8615
4116	6233
1981	6168
6426	9782
6128	6203
6142	6208
5705	5718
2804	10945
2885	3572
3184	9716
2033	10499
3683	196527
6128	6143
5023	326624
55124	221400
3683	5023
8648	10499
6921	10987
5903	55339
3619	55143
6207	6209
3181	220988
302	2799
399	57522
6613	79902
6138	6232
2784	594857
4175	6118
64792	92104
7536	10772
5747	10298
7204	29933
6202	6218
283111	344892
6165	140801
25831	80204
5795	9522
9133	83461
6453	51429
6176	6224
79473	344892
890	11339
2932	5526
2533	3937
1829	64065
1915	6130
1453	6228
2768	5879
10097	10618
5516	79172
102	84141
1981	6210
11190	203068
3852	3860
336	350
3560	3718
2131	2132
26589	64963
5985	55215
7133	10673
3030	3032
2873	8945
1499	4233
1544	3620
29074	65003
891	5526
51289	259292
830	11014
4736	6129
3683	64386
3688	5747
9556	84833
23014	56995
10802	100302736
5610	11274
988	6601
389	57584
3921	9045
26146	64792
6155	6159
324	6233
55143	113130
3688	5879
3913	4240
401505	100188893
2912	6751
811	5034
332	9700
4809	84844
6138	6228
27327	84441
6147	6158
3355	5179
5516	5718
6428	10236
3183	220988
6152	6218
5093	5434
8301	25977
2209	6688
6635	51639
84643	93661
6208	6227
6698	126638
375	1314
5861	9276
4735	57545
5516	5519
3190	3191
155	6344
55512	259230
966	100049587
7032	7033
6188	6228
11222	56945
6156	6209
6194	6207
4172	9700
6168	6189
3422	4597
9320	9690
7514	23332
389	399
6868	11319
6169	6193
6204	6218
6130	6142
3054	6872
1452	5516
9652	23517
5286	6272
6139	6229
3921	6201
3122	3123
9793	10733
5707	51330
7316	8864
3913	10298
988	23595
932	160364
7919	10236
4710	4726
155	6343
2863	9002
5878	7037
6167	55176
5822	22984
1511	4125
3560	8651
6209	9349
7311	54165
51602	55759
10201	87178
6169	6175
6184	58477
1387	25942
8467	25942
3667	5580
2550	3579
6157	6229
4695	29796
335	336
1088	170482
23620	84432
891	22974
57405	348995
963	57153
6142	6152
115290	154214
5338	11145
1981	9887
6167	6173
999	9839
4694	4724
6134	6154
7317	10489
4848	23019
6135	6207
1981	6160
3681	8515
1915	1937
4116	6169
6203	6234
637	3002
6170	6208
4717	55967
2912	5733
64386	79895
2799	5834
26259	55819
8243	23047
567	6890
4998	5422
9348	10082
6176	6209
3191	51692
5950	7276
4512	4514
50834	338442
9739	9757
8568	57696
9883	10898
1778	5529
6142	6234
6160	6181
4726	29796
1946	2268
4508	4538
10914	53981
6156	6204
9341	22836
81	1495
5093	10594
5970	6667
595	11186
1969	6714
5684	5688
22905	51429
3921	6133
10236	51729
5093	10236
2695	594857
2997	6233
671	10394
163	6453
7337	84085
2597	7167
991	5708
6135	23521
1933	4736
6222	7311
5694	7314
285	7010
6189	6222
6130	6202
6829	55726
5929	23067
2065	3691
351	5660
3860	196374
25793	84676
6138	6194
3853	3860
6147	6170
2131	6385
8648	96764
4298	23168
29945	64682
156	8477
6135	6727
25831	53339
2935	6170
9040	10517
3301	3303
10466	10618
3688	7424
9793	57551
51289	56923
6209	8562
5339	6194
23327	89910
1453	653784
6193	6232
6176	6194
6155	6160
3185	4670
1803	59272
23160	57647
54998	128308
6228	23521
3710	6804
6167	6201
2521	3183
6135	6167
2125	3728
6137	9887
25909	79172
2197	6156
6143	6159
3320	84962
6207	11103
6142	140801
1660	11338
963	196527
388	57522
552	2847
1277	3685
22905	115548
6625	10523
6129	6202
3190	11100
2913	4988
4539	4541
373	7322
4725	51079
4541	91942
3191	3192
4763	5717
86	8607
6709	51014
1386	6605
6993	8655
163	9322
5929	8085
2799	6386
5580	9564
8826	128239
3921	6136
4712	29796
16	2617
51143	151648
3433	4599
121391	286887
9757	26523
111	51764
2935	6169
1310	169044
830	5048
51003	400569
4172	5426
5094	27238
836	6789
146	2846
5930	80204
6194	6204
3157	6307
1870	5928
6201	6218
1161	51397
6176	6218
6155	6169
9700	113130
3111	3115
830	10652
10274	57082
6128	6130
3718	6777
506	3313
6139	6210
1453	55127
6605	57492
5347	11004
1816	4160
1366	4072
472	4361
10491	85301
695	5335
8085	8289
1495	5781
9652	10767
514	10632
27258	83443
6233	140460
3695	5747
6142	6207
1111	7486
11329	55233
1453	6204
5529	7311
3920	55754
10952	11224
1908	6863
6144	6173
2054	8673
350	462
6175	6222
3181	6628
2956	4436
134860	319100
9533	112495
6185	29927
6193	6205
4048	6709
9867	197131
7110	10618
6142	10399
2641	346562
10376	10693
26046	197131
932	945
9055	9928
3084	85440
226	2597
56729	126014
5599	6272
3190	23435
3978	4172
8568	51096
3008	3009
4853	9253
55166	57405
5439	6621
9493	29127
6678	7057
999	3918
834	114769
3832	29127
9039	10293
2185	5829
1727	5707
10096	10152
5709	29882
10664	22976
3725	84678
6136	6152
2971	51082
8453	54165
5715	7979
988	5903
9716	27316
904	23248
6385	375790
1662	10528
6227	114987
2207	23533
999	4072
9738	54806
6139	6202
3119	3123
1994	10498
5516	5708
112	57413
1325	283869
121504	333932
2305	9833
6233	55366
6138	6164
10960	51128
8290	121504
5706	5714
514	4713
6203	25873
7311	55432
55720	83743
2023	2026
121504	653604
3561	3635
2305	10112
988	10540
5286	29988
389	114793
3887	3889
55759	84154
1969	9564
6147	6223
10236	11100
7175	55746
3178	6428
53981	79869
3685	3897
9738	54820
1521	10447
10293	200845
2107	6173
4584	9245
1008	1013
57787	146057
6138	6161
3192	27316
824	7525
6262	11069
1445	3688
1277	22801
54069	64946
5290	6667
1854	4174
7139	7431
6204	6228
3837	57122
10458	10787
84085	144699
3183	10949
9870	26091
27340	84916
3181	10236
164	2799
10403	23397
155	796
160364	100049587
6142	6204
6233	64410
51118	80135
6827	80349
3015	8290
259290	259294
6135	6144
6201	6232
10413	25937
6836	9276
1307	169044
1781	10112
699	9824
26155	65083
1387	5469
2197	6206
10316	729230
2147	4295
6152	6233
389	5586
9700	10274
6870	56923
6138	6139
6165	6202
3221	3222
5903	10274
6175	6230
6143	6176
1902	63940
4069	4332
1656	27161
7311	257397
285093	390190
988	8449
6599	57492
9570	22872
1662	9136
26232	93611
7514	25909
1981	6167
2962	57794
79501	285093
2768	2790
846	4829
7283	22897
11064	27077
1639	9371
701	9700
389	394
2353	2354
5747	7454
3075	3078
3200	8338
5451	25896
7311	8976
4076	55226
6143	6168
335	51156
6204	9045
2967	9646
6233	9349
9493	54443
3482	22848
6233	140801
6161	6234
51023	219927
6136	6147
63891	390594
1398	5747
6170	6727
5684	5706
950	25977
8243	23244
3909	5829
6830	26043
6599	55193
830	6711
6165	6181
1642	5983
6203	6228
3481	3827
338	2243
1856	27130
3619	23279
1129	4543
6129	10399
3796	3799
3422	4800
6210	27340
10635	146956
6160	6188
6168	6224
6122	6223
6132	11224
1329	1351
26190	55236
9276	10802
727	259287
6124	6222
5347	29127
890	10460
5528	23279
2162	3688
3191	11338
3620	169355
6122	51386
344892	390058
6240	10592
53339	57531
6152	6169
1116	5005
4519	4537
5528	51143
1062	10051
6147	6152
6201	6210
9055	10376
4670	23020
3836	3838
1387	3064
6711	10652
2033	10735
988	9126
53829	57413
6210	6218
9320	151636
4734	55008
28981	79989
3111	3119
2197	6204
701	10733
2735	79809
6209	10952
988	9879
9055	11113
3543	7441
4067	6776
886	3061
988	7919
9892	10092
10660	390598
4713	27089
627	6272
2932	5718
3185	3190
1435	3912
9700	79172
6169	6210
5435	6637
2099	9687
4718	5284
5872	6764
324	2932
6132	6161
846	51289
6235	9045
3437	23586
6208	9045
990	5708
5048	81565
6124	6203
351	2767
10949	84991
8886	64318
4736	6235
5286	55361
151246	348995
4694	4710
6130	6194
4538	4539
1288	340267
2064	2886
6141	6194
4829	5737
5610	23586
8662	9669
4725	4726
7283	22974
6201	9045
23322	121441
6173	25873
9551	29796
567	3660
1173	6455
3675	3693
7153	11004
140453	192134
974	1445
23283	27316
10053	130340
1395	79924
6173	6176
51639	84844
1050	2322
23595	51053
2623	10661
23309	79595
389	393
9349	9887
8655	60673
9919	149111
2207	3937
6635	23524
9724	27042
3921	6233
6228	140801
4700	4726
1062	2491
6426	6428
22938	220988
6135	6232
344892	390081
1453	126003
23279	23332
90293	221687
5335	6776
5518	23399
11103	84916
1500	84962
55872	83540
3837	22974
7316	83752
10733	203068
7905	441639
6132	6135
6156	7178
6429	10236
567	3140
9716	10713
22974	259266
6233	54363
8338	10526
10592	64151
3836	3837
3689	84418
6202	27340
6164	6201
26190	84085
23197	56729
54821	55055
6923	9978
10112	83461
7003	10413
2268	5747
23404	23517
1778	10112
6227	6233
7311	8945
9015	57504
4085	79682
6135	6136
671	8993
1445	7525
7536	23020
6160	6235
7337	10193
6161	6235
2197	6223
332	991
6129	6189
4008	7311
1295	55214
6133	6233
1937	4736
2537	4599
4707	29796
29984	445328
1268	64805
5393	51010
9294	64805
377	3799
10885	27340
5557	54962
4597	4598
10540	29127
332	5528
9666	83737
2491	5519
990	63967
6161	6222
3071	7454
6152	6207
983	51053
5528	23332
10693	63971
9716	11325
3838	4343
6136	6230
23291	55236
4542	4646
2841	8698
5788	7852
4736	6170
2033	10498
10112	54443
5149	54714
6133	6218
10802	51014
6147	7311
6189	11103
108	283869
636	22930
1933	6227
6241	64151
4537	4538
6189	6235
6144	6188
9738	55755
966	199675
3619	9793
6205	6223
6208	55127
932	10970
81794	339366
988	9611
9655	9903
5725	9343
6137	6234
4008	9870
5795	10857
5707	84962
3488	54757
2993	2994
6171	6235
7316	64326
988	9416
10092	10109
6154	6165
1058	55143
3937	55740
117	5741
6173	6218
9875	55127
1857	55361
6170	6229
26519	26521
6188	6230
10802	10960
1434	3837
4033	5660
23533	55970
187	1233
163	7311
1364	137075
144699	154881
8243	10051
56670	59340
6138	6227
4512	4541
2266	9715
2792	26338
6160	9349
5048	7531
5529	5711
22948	84790
6147	6168
2791	115557
4540	126328
6159	6233
1781	9493
10133	81631
89910	143279
6204	7311
6135	6158
991	54908
999	8907
6128	6154
5515	5718
338	3698
6155	140801
4670	5725
1642	79913
5699	11059
3684	3687
79132	91543
6181	7178
55127	79954
4708	4709
226	5230
3713	6699
1287	3688
6167	6207
6210	9349
5004	5005
6141	7311
1933	6160
6141	6202
2788	2863
6633	11325
5725	10291
5516	151246
3437	91543
2633	5371
28973	51069
6636	8683
3074	5476
6137	9349
3713	6705
8453	9666
54778	84231
51069	64928
6206	6235
4288	6241
1062	5526
6128	6224
9183	22919
988	10640
79867	91147
6202	6203
6160	6234
9493	81930
26235	90025
6137	6181
6223	6228
7337	9320
6137	6229
6189	6194
3945	4200
3685	3903
6181	6194
2958	5435
27077	57545
6128	6133
6128	6229
5700	5706
9883	23165
6160	6206
10236	10921
5580	7525
1595	3157
6135	6176
3017	8349
28981	64792
118430	727897
6160	6210
6202	23049
6208	6223
54617	57634
6628	55110
4116	140801
9320	154881
6201	6229
9320	89910
1933	3921
988	9967
10574	10693
871	1290
6233	83987
6207	53918
2491	54821
6135	6205
6203	6218
6159	6173
1435	84141
150468	259266
84648	353137
4736	6159
7311	23521
115106	440145
9320	140460
4713	9377
2197	6209
6139	11224
6241	51203
64976	116540
6122	6189
1500	1739
2243	5345
6235	11224
3692	10969
108	50837
2147	2153
63967	84515
5093	6625
11314	160364
3903	7226
991	2305
9883	51692
6233	54778
945	222487
6147	6155
6232	54820
4726	4728
3685	5829
3837	9631
6237	10507
5501	25936
5529	5699
2197	6189
6128	6139
3909	375790
950	22905
6137	6154
23160	79954
6139	6206
701	57082
5985	83932
6453	9341
84418	100049587
114	1814
2185	375790
4298	6830
7311	9020
9833	10403
4591	65264
2197	6170
1956	284119
1737	8802
11073	63967
1660	55749
6132	6201
10484	11196
4543	5173
1132	53637
830	29127
288	6712
10121	26005
8945	64219
5590	23286
846	56923
156	301
3185	3192
11014	51014
3184	10921
1954	23295
2358	170482
6164	6165
5438	5440
6207	6235
25915	126328
4735	4867
10952	90701
1660	9128
10892	257397
6233	84133
1062	10540
6218	6230
932	338339
1902	8477
5217	55740
9221	84172
5737	56923
6122	6137
988	51362
3897	57698
6141	6176
963	5795
10153	79954
3854	9119
6850	64170
197	51156
10291	27316
387	7046
6142	6164
6164	6176
5880	10458
8189	10921
10574	22948
6201	6202
6122	7178
932	57153
2197	6138
7272	9700
4540	4701
9320	22954
972	5641
8945	64682
6429	9295
344	6382
6155	6228
1499	7409
6165	6203
23304	29945
1063	7153
9886	221472
53981	85313
988	10574
351	126006
4057	10321
1195	57396
9690	89910
971	5336
5424	5591
10921	51692
399	64333
1642	26094
8914	9126
6130	6204
1434	3836
197	336
26190	80176
1915	6207
2048	25791
3190	10594
3685	6850
6234	56902
1778	84902
10484	126003
1981	6206
6827	51755
7525	10413
5528	5702
6227	25873
2197	6137
80224	374291
6164	6224
4537	4539
7532	57521
1500	6714
6193	6227
3903	10857
8945	9820
11340	23016
988	10059
6136	6233
8351	8363
9833	10112
2242	3561
488	489
6138	6207
5605	10256
7458	8662
6373	10563
3832	4288
6136	6156
932	3689
10890	11021
3340	6385
7057	56999
8021	55746
10403	10615
7133	8740
3996	5584
10992	79869
4712	4713
1453	6189
4691	10528
8698	55970
2305	5347
11014	50807
8673	10970
5579	9564
2064	54206
185	2642
5571	60673
120796	344892
6790	9833
54960	79023
3827	5020
8334	8969
4695	27089
6143	6231
1778	4867
996	9666
983	29127
197	2147
2847	6363
3094	57649
6747	9789
2185	9564
4008	55884
2788	5331
6136	6204
6125	6189
830	3796
983	203068
51122	55832
6233	23291
6745	6747
6135	6164
3921	6167
3437	10964
3635	3667
10254	23149
6164	6229
2843	151306
1665	4686
3416	23600
57413	58191
2792	7434
3866	3880
3689	7305
55166	79682
3157	3422
867	50618
57545	80184
6235	23049
332	22974
11127	64792
6139	6208
8638	9636
399	5879
885	3061
1650	6836
151648	220134
4709	4712
10484	90411
1387	10499
6229	9045
259292	259295
1933	6202
6133	6181
10945	10959
8481	27175
6168	9045
1605	10298
6146	6181
10959	11014
388	257106
1144	1146
23107	65993
5879	7454
55863	91942
1933	6233
6346	83756
10733	347240
6170	6181
3350	4988
2099	54828
1315	8615
3123	5641
1315	11127
10155	10780
3274	285601
9666	115290
6613	7341
963	84329
567	3105
7044	51097
1605	6714
2059	5294
4707	4712
9655	50813
5707	6386
1783	11014
26354	54475
9887	25873
3915	5621
23511	57122
9133	10615
1861	27348
6790	121441
8945	23014
904	27125
6908	54815
6139	6189
9837	11169
1290	10536
3832	9585
5708	7316
6915	94235
9833	24137
2033	4089
10059	55669
3688	91522
2799	23526
1937	6201
6142	9349
4736	6228
1933	6176
1956	5782
5000	5558
1280	84570
6923	140458
1605	29954
6146	6147
10857	326624
6556	160364
3688	3915
996	8945
553	6869
26091	65264
5435	6875
8615	100302736
6139	6230
6122	6234
6829	54623
5516	5523
699	6241
4512	4540
6170	6176
84870	343637
904	9646
9730	23304
7507	10714
8365	8969
1956	10552
5688	5706
6701	6704
9564	10458
91543	129607
3672	3685
2730	2937
51258	64951
1915	6222
9126	23063
4172	81620
5747	8976
7456	10458
7133	57153
3105	3106
9493	9787
6124	6141
2151	3356
6169	6222
6223	25873
3190	4670
1500	7409
1965	8892
1524	5660
1650	6184
7919	8106
6924	79577
4700	54539
2896	10493
6232	7514
8663	728689
3055	5829
10181	10523
521	4726
8655	55839
51079	126328
8976	10552
7311	23014
1277	4060
6133	25873
64792	79989
1277	10536
3842	10526
6170	6234
8514	11314
6233	55252
945	326624
5903	9631
5094	51692
6205	6209
846	5737
3912	4233
5879	5898
1315	9371
23332	57787
5293	23533
4514	4537
3113	4261
26190	54778
5693	5695
4539	4712
2788	10575
10952	58505
64131	375790
4540	4713
22954	26190
3200	5438
6427	6432
6146	6164
1063	55746
6125	6185
3918	5829
10970	64386
112	1269
6160	140801
6233	8945
6165	6208
6170	9349
1933	6129
1968	8661
683	94103
9382	10905
6135	6209
27258	51639
6232	23521
23279	55746
5795	326624
22919	54821
56902	88745
9700	55143
991	10726
6160	6227
6167	6224
28959	55365
55629	65110
58	5879
3856	3875
5699	51684
1058	5528
6224	6230
10084	27238
8945	90293
3688	3913
11004	24137
3491	11098
5879	50807
329	330
6209	6232
5690	8742
10112	64151
9020	10000
6870	51764
1832	11187
6209	6727
5516	51400
6188	6207
8976	10458
3932	29760
5795	6518
623	2861
332	29127
3105	3107
6223	140801
5828	5830
6461	10787
3832	10615
8945	11059
1778	5861
6143	6228
996	57674
8895	326624
6203	6230
5426	5427
7314	26263
6288	6357
11343	57552
1946	5294
3619	79172
3837	10575
5657	6037
4700	4709
391	171177
6207	6234
3437	8638
6229	25873
1629	4967
3849	319101
3619	9700
645836	100287238
27316	220988
6157	6165
695	7525
5829	6385
2770	5747
50831	339403
53831	441864
1213	8976
3071	3320
4734	51088
3683	326624
80184	121441
9221	23160
1981	6235
5179	6751
55920	79023
6133	6146
3915	54972
6222	6223
3192	6625
699	83540
10298	375790
2197	6193
930	118788
9675	57521
5048	79003
2767	5330
10618	23431
1783	6232
10254	10552
6801	8428
3921	6228
3609	4670
728	5697
6155	6181
6202	9349
10466	55275
1364	24146
7409	27071
5707	54583
2801	2804
6167	6230
1084	2358
8349	8969
5507	6233
6748	10952
4171	4173
9276	10427
9439	9477
9978	140458
3688	6774
3490	6696
9069	9076
2537	9636
2956	23028
4670	27316
945	966
6144	6233
3184	3185
996	1017
1387	9969
932	3685
2965	6749
4508	4513
871	1287
6147	6164
8453	26043
1237	8811
3107	3659
1536	51382
3355	4852
6193	6194
6152	6206
9371	24137
22845	57171
10324	51666
6122	6206
6143	6223
23332	79172
10367	90550
6164	65008
6175	6201
1794	5777
6128	6218
5878	54885
9015	284119
8192	9361
6156	6201
5578	55970
57105	94233
905	27125
6223	6224
4736	6147
5439	6119
5822	55127
6790	22919
29074	55168
5436	5438
4734	8453
6203	7178
56165	91646
2806	3242
3181	51593
4116	5435
26224	84085
22954	57630
5717	51330
55008	57154
3105	3135
6161	9045
4713	126328
537	10159
4904	10946
251	137797
886	2922
4233	7311
580	10714
991	64750
55759	84549
11222	57129
5430	9282
11157	51690
3017	8337
89910	221687
164	25977
5526	5708
6160	6173
5868	10890
1573	8529
5529	6233
2064	85440
892	9477
1129	2912
6556	79895
10749	11014
10885	55720
6207	6218
5660	126006
11004	22974
2197	9790
2935	6133
56919	57647
259287	259293
8365	8970
6136	6157
4707	4724
23275	23509
6159	6222
1457	9918
56949	57794
51172	84572
6130	6222
55252	221937
2968	9656
6144	6175
6224	6229
6152	10952
9892	10109
2185	7525
9798	27183
973	974
2521	10236
90	4090
7098	7311
3309	9531
3107	5696
84231	90678
988	29127
6130	9349
5903	8243
1830	3713
26525	84639
3191	9987
50848	57530
890	64151
1111	2177
999	1500
3071	10552
6155	6175
5108	22832
6165	6233
1991	6709
1793	7525
3190	10432
6159	51187
6181	6233
701	51203
22984	65083
6921	55284
7466	8720
1536	3163
4332	6037
3915	6714
6152	6154
3993	84612
9354	9604
9341	10652
5519	51400
6143	6202
1285	1286
54821	151246
2197	6142
2597	5315
6141	56915
9742	57560
1088	23601
833	4677
92170	503542
1000	10970
64781	340485
1001	3728
3710	8826
1347	4695
1387	27327
1824	1832
5547	10970
6128	6231
9787	9833
6387	50837
1445	9564
813	1435
1022	6929
23560	84172
6157	6160
5529	22919
3635	5777
5861	10540
4690	9448
1394	3973
51116	92399
221	5328
643	64805
55737	58533
3667	5293
8907	23396
336	338
2814	2815
64963	92399
51650	64951
6129	6147
6133	6175
1781	51014
1660	9343
5903	25929
7336	7341
643	1268
9879	10250
5725	23435
722	725
6222	140801
891	10592
3672	9564
3646	8667
1453	6223
1728	3162
991	5905
6209	11224
6227	6234
11017	22826
1495	4233
891	5861
5928	10014
4116	6206
4171	11073
2358	2767
3698	3827
65003	219927
9133	51512
2197	6176
6863	23620
8454	9690
966	11015
399	4983
6218	6224
6161	140801
5590	50848
857	4088
974	100423062
1933	6141
6157	25873
3980	6119
1956	8976
5862	8548
4735	79867
6222	6228
10383	84790
388	55843
23218	196527
4116	6227
6144	6164
886	887
6144	6209
10381	84790
6158	9045
344892	347468
3491	3913
680	3358
1855	7311
2243	51156
55236	84085
29093	118487
9246	11275
10022	259293
4809	6231
348	5360
29945	90025
2918	4985
3122	3127
6234	25873
10193	26118
1058	9212
940	3695
6144	6168
9114	127124
5908	7094
2783	6752
6009	60673
6129	6165
3635	3718
6152	9045
332	7272
153	155
3921	6157
919	3122
5868	10254
6124	6228
6146	6159
6139	6156
405	1387
5516	81930
566	4125
9844	10787
26043	54165
6193	6218
4736	6165
5868	10096
6167	6175
4436	23028
55066	57546
1665	3190
391	27237
1937	6124
6176	6181
1816	104909134
5819	201633
932	966
7311	55670
3015	5438
4008	55236
8243	9126
23322	26123
6207	9349
285093	391211
6712	11316
332	9787
86	5977
9493	10749
344892	387748
6194	9045
10965	55825
6227	6235
1829	2125
6139	6204
2023	2597
5023	10970
26046	53339
7706	57506
6161	6205
10022	259287
2185	3320
1816	3973
5657	51316
683	79895
4174	81620
7531	8655
983	2491
5862	5870
26046	26268
6147	6233
3619	24137
11098	84141
81	55243
719	8514
196527	326624
8658	80351
11100	23524
10403	220134
2841	55970
3178	4670
6222	6224
6232	9349
4952	9562
10890	23265
302	3074
6154	9349
1337	27089
1991	5657
50835	50838
595	5707
999	4646
6146	6173
3017	8365
23122	23279
6157	6233
5173	6751
8349	333932
6137	6223
3882	8689
3881	54474
9739	25942
25836	29072
50835	259292
3913	4233
2801	5861
1308	3918
6136	6207
683	932
6222	23521
54820	57787
6491	259266
4670	6434
521	522
1499	1500
187	2359
6233	10110
4617	4618
6204	6223
9787	10112
389	7204
5516	5526
6128	6160
86	8451
2792	388531
2784	3763
4709	4724
890	5933
187	6370
1557	1576
5929	79269
857	1950
9462	64926
5660	326624
1050	7124
6168	6210
5347	54908
51650	54998
7175	9877
996	64750
3309	7184
6230	9349
8563	23225
2811	2815
6141	6230
6159	23521
4519	4541
6610	7132
800	10398
3761	3785
1559	2326
57551	79172
6136	6229
28998	219927
3105	3133
1268	9294
3191	10657
23327	115290
6136	23049
9820	26268
22984	64318
4839	10885
4736	9349
2932	3611
813	3569
6130	6141
5861	10972
3689	5023
1781	5516
4171	4174
2197	8662
4353	56729
6181	6205
10762	84271
553	64106
1282	1284
5266	6707
6155	6194
7316	23014
1232	50834
701	113130
1062	55055
2131	2817
6130	6189
3191	9716
6500	9604
6144	6232
23160	27043
50838	259287
302	5707
55131	84128
6776	6777
