55165	259266
1387	8289
501	51166
3357	56923
991	1058
1284	8974
4738	5693
3676	3691
5001	222229
6202	6206
5718	51330
6233	55366
377	51014
25885	84172
5519	10274
8805	27044
8969	653604
4738	7979
6146	6208
6168	6175
3663	23321
6125	6228
1108	2033
10885	64434
1994	220988
6667	57508
6338	6340
4088	5054
10403	10592
5862	8548
2912	5179
1906	1956
8450	10401
23160	55759
3326	7415
9716	10713
5707	6386
2863	55970
10316	729230
6124	23521
5201	10693
7311	55669
6130	10399
4999	5558
6130	6138
117	2792
5795	9522
6176	6232
891	995
4763	7311
377630	401447
940	5879
338	3827
5438	51639
10071	50614
9833	11339
6232	27340
6189	6205
6160	6168
2207	3689
1445	1956
2790	55970
9879	23517
8290	29086
4702	4710
9371	79989
4540	4713
26155	117246
6136	6222
2204	199675
6157	6232
3350	84539
2912	5733
2848	3274
1308	3655
10193	80204
2242	5361
6152	6203
57154	154881
6128	6169
6455	7316
813	5954
3340	375790
9716	23350
6164	6173
1933	6201
4116	6632
2033	9739
6164	6203
834	114769
10885	27340
2817	375790
51069	64928
5228	7424
1029	5925
6224	23049
6125	9045
3921	6142
1536	3683
11127	64837
6605	11198
54881	55127
1069	9657
10236	10946
8322	22905
9636	10561
6427	6432
324	1857
6155	6201
8175	57794
6170	140801
6128	6230
7272	64151
9551	55967
2353	2354
5829	9564
156	7852
1230	55970
6204	6234
2034	3091
5433	23517
51116	92399
3683	3685
23160	134430
1453	6189
351	126006
4690	10096
6158	9349
3191	10949
8301	10097
55127	79954
1453	1855
344892	390077
5861	51715
3355	4543
6218	6229
11167	84141
6950	10376
64682	80204
885	2922
7337	10193
991	22974
6154	6202
4057	6709
4131	5048
6037	8635
6170	6230
685	1956
3833	24137
3673	3910
6189	6204
1660	3609
9793	84131
5707	8453
6218	9349
9585	51014
6202	9349
6137	6223
258	9210
9790	27340
10733	55142
10053	130340
56165	136991
6129	6194
6232	23049
6124	6222
8697	11059
3109	3111
2071	27125
8687	8688
51465	51676
4237	4239
10802	10960
4298	6830
2957	7702
4116	6635
6122	10399
6142	7178
1137	1141
6144	6228
1933	6205
1282	10536
2776	2788
7536	27316
9793	57787
6633	6635
5685	5688
1660	27316
2935	23049
6750	6754
5718	339745
6165	6230
10427	11196
81930	151246
3913	375790
983	9833
1241	1902
332	5347
6188	6206
2833	83756
1601	8027
3308	3326
3093	9320
5529	55055
378	51014
140453	192134
1063	55746
6147	6235
6135	6175
6160	11224
9039	10293
6643	58533
6430	7919
1291	1292
2960	9412
3799	10540
9462	153090
54716	153201
7311	84133
972	3122
79470	344892
23304	84085
6139	6218
7415	23526
6233	57674
4343	27327
51602	84365
3619	9972
6678	7424
8841	79685
3912	5747
10283	23398
2935	6164
6206	6224
3579	126006
4709	126328
3921	6189
3192	27316
891	54821
2521	3185
6155	6207
79501	285093
3190	10291
6154	7311
1933	6157
197	5005
5903	9126
5696	6890
871	1287
6233	8945
2788	2790
3267	26130
6128	6155
988	60682
5439	6923
3308	55706
5795	55754
10487	11344
5347	259266
6249	8826
10383	10693
2550	51083
23309	27327
6233	22848
3799	10112
10254	10552
9570	10802
3912	5829
6144	6227
9616	150726
6207	6235
351	29933
54778	197131
2537	3434
9493	9787
6201	25873
6207	6218
3305	9530
6136	6165
6168	6201
23521	51386
1308	3918
57381	85360
1116	1669
6155	6164
9564	10458
6161	6233
3945	4200
4738	285231
8638	10379
1830	5266
8074	29106
6170	6189
522	539
10112	51014
5708	7316
6167	6227
3836	3838
5529	7514
6601	9031
5707	64750
813	11098
4538	4540
10552	22905
11218	25929
5879	8976
7706	51426
5034	5479
513	374291
9276	10121
830	1604
2033	9967
5438	51755
800	3693
6193	6234
54821	81930
23028	283248
2912	4543
389	55843
1535	50507
22984	23160
332	991
6147	6156
1291	55214
29089	197342
4710	29796
377	10112
2197	6189
1511	6037
6209	140801
83540	259266
6175	6210
2801	9276
1237	27199
1969	5879
10112	10749
5345	7076
6175	6207
5438	85437
6223	27340
5331	222545
3683	57153
3852	3868
1500	4233
6637	83443
2246	5441
81567	93100
6122	6129
2932	5516
705	5822
23063	57082
1933	6222
3837	3838
4734	89910
6667	23248
3013	8351
1062	10112
2801	10802
5230	7167
4736	11224
963	8514
2222	4047
338	2243
5777	6850
6130	6228
302	5327
22894	54881
8945	55031
7532	57521
6235	7178
977	3655
23160	23560
2033	27327
6130	6188
1665	9128
6232	140801
1659	9716
6139	6229
6161	6227
10885	84172
1511	8635
9341	54874
2932	5529
27076	154064
9793	79172
1717	6307
2197	6165
3304	3320
6135	6164
6134	6228
4033	10970
142	5981
2348	11258
351	78991
29074	64928
4160	104909134
351	7852
2222	4597
54069	79682
79600	91147
84962	121441
24137	146909
79954	84128
830	10540
3956	7076
1660	10713
6189	6217
9887	23381
4701	10975
4512	4541
10388	25777
8976	10787
9730	10293
1981	6233
2475	9675
7314	10980
5739	94235
64951	64976
6142	6143
8365	653604
1314	26286
338	2153
3301	3320
2197	6139
10857	84329
1022	91603
377	29127
6233	9341
4208	6929
9156	55388
5707	203068
3313	5903
3718	6776
3576	6347
6141	6189
5928	9070
3115	3122
10425	63891
9927	10059
3122	4261
4736	6160
27043	57647
4536	4539
2811	2814
4700	4707
10112	83461
1942	2268
10051	10592
3301	10576
4736	6210
2792	5741
72	58498
10112	55165
5700	5706
6175	6201
6142	6155
25929	55706
6147	6206
6144	6188
6160	6222
8886	23160
6288	84432
6137	6167
79682	387103
25793	84676
6152	6168
1783	51014
4948	7299
623	2357
3675	3683
2597	7167
26268	56995
1994	27316
3054	25942
2770	55970
6049	8881
1991	3240
1329	4713
9126	55746
988	9793
1956	3084
9690	22954
6152	6204
4809	11325
3655	375790
6637	27258
3837	3839
2207	5335
2125	6699
3183	6428
7311	56288
3184	3190
11176	51742
8648	96764
399	1894
4541	25915
4736	23521
6125	6164
5725	10523
6165	6207
5594	10971
3673	3918
2792	219438
4297	6045
23279	55746
1738	4967
6122	6137
4717	4728
29984	171177
80740	171169
890	5516
10552	100423062
8829	10512
1048	171169
1894	9833
811	813
57405	348995
6158	6233
6218	6234
6147	6154
6189	23049
3105	3106
824	831
7057	83706
6173	6204
5747	23209
23327	29082
1495	4301
2633	117854
9410	22826
9212	83903
10412	10607
79895	338339
353139	353142
5048	5529
6160	9349
10949	23658
23322	79600
3354	9283
6122	7311
6124	6202
6133	6218
1069	10426
2521	5094
890	9833
54998	219927
3978	4172
81	7057
3797	57539
5298	8394
6156	6235
6137	7311
945	10857
6136	53918
983	79959
161	24137
3886	54474
174	3698
3685	5023
6233	8450
6222	6231
9883	11218
3673	3693
6154	6193
3921	11224
3688	3914
8131	64121
1778	3831
7272	10403
1088	170482
1793	8976
9636	23586
6142	6161
1639	1783
9126	57551
4538	4539
1237	2917
1991	5199
1994	10236
6173	7311
5701	11047
3015	8290
8816	79269
22974	29127
5829	6709
79685	94239
1282	5033
890	151648
3921	6208
9350	56963
1933	6144
6161	6203
9416	10949
25926	117246
9955	221914
892	9477
1277	1291
7272	9833
2695	7434
6144	6223
22974	259266
122042	196883
7536	9716
6134	6202
6159	6193
3579	729230
6202	55176
4927	50628
1287	55214
23304	56658
6157	6223
890	2237
6156	6207
988	203068
10413	25937
1000	3490
9752	56141
2150	2863
11103	56902
3048	4778
6132	6209
6442	6444
1557	1559
6223	25873
3091	8453
6124	6175
6633	11157
9318	11275
24137	81930
6159	6228
5880	9844
8826	128239
4035	5159
5707	54583
6224	6235
6165	6170
7110	10618
22954	57630
6135	6169
6224	25873
6167	6206
377	1783
1315	84516
5029	5724
7037	8871
1499	7409
6790	121441
4670	9128
6205	53918
10382	23332
6631	6636
5515	10776
4537	4539
1293	1305
6188	6222
6223	8562
7328	22954
7322	9867
4116	6636
6138	6193
9416	55660
567	3106
1969	9564
3190	10921
23291	197131
972	3127
57551	79172
102	5954
79023	129401
6515	144195
3688	5829
727	259287
5440	10302
6154	6189
50831	51289
8334	440689
890	29127
57154	151636
6182	55052
6144	11340
705	23160
6139	6224
6202	6230
142	56655
1933	6147
5529	57551
2197	6201
1933	9349
6422	7474
6157	6208
5878	8301
9055	10592
1495	5868
55143	151648
4710	4726
890	10733
5930	80204
348	5360
6165	6209
6203	9045
6147	6227
4700	4708
2790	7852
388	57522
1387	2033
6185	84061
5329	55754
899	9700
2131	2817
11190	54820
4736	6181
197	350
64151	83540
5518	6228
1933	6228
11137	51388
6429	9410
6154	6206
3909	3918
1347	4695
54885	152503
4540	51079
6207	6224
4323	4811
6154	6223
84366	360205
3921	9136
5439	51755
1610	4843
1327	29796
5194	7311
4736	6128
3683	10970
6155	6204
3320	84962
4584	50614
6169	6233
4141	8565
3192	23350
1783	2491
5516	51400
1435	4924
5610	6774
4599	4939
1665	4686
6207	23049
3718	50615
5726	6755
3565	5777
6142	6170
3921	6233
6157	7311
11196	126003
8349	121504
2491	7514
5980	56852
6161	51187
51203	64151
5594	8826
9493	259266
4361	10635
302	2799
274	9341
11222	57129
3908	10319
6206	6229
1902	7852
2916	4887
3827	4295
399	117289
9320	26046
2318	3688
1894	5347
5493	11187
2535	55970
2305	7153
6138	11224
5705	5718
399	5879
2207	2212
1816	4160
6130	6154
988	23595
3684	3687
891	5516
2886	5155
1933	6224
1398	1793
11102	84946
6125	6203
6168	6208
6168	6727
6125	6133
148	886
6170	6201
641	6118
4712	91942
6169	6201
3912	10272
521	4694
6139	6206
3001	5551
9801	28977
1453	6202
79711	84172
6133	9887
846	339403
6137	79707
1981	6228
2197	6173
10403	348995
1329	55967
116519	401138
56923	259287
567	3133
4535	4539
3105	3659
5515	5718
5977	8289
813	3569
6205	51187
55920	79023
3013	8363
728	846
3437	6772
1727	5707
1938	23521
991	55055
1022	5432
991	9493
8329	440689
1781	51014
6790	10112
186	4988
7096	10333
9793	10274
6159	6164
22919	54821
8698	59340
8881	29945
23160	55720
4666	6129
1991	10394
8365	8970
6194	6205
1639	29127
6143	6160
1933	6136
7031	7033
6170	6229
932	3685
3683	6518
6232	54821
6139	6176
7416	55669
6133	140801
6139	6207
9320	9870
10274	57082
983	10733
6210	27340
699	1062
4969	11081
3973	4160
4508	4514
6518	10857
163	8027
79583	79867
163	25977
6138	6170
6232	7178
6173	6188
6130	6223
4867	9657
2207	6556
51280	54972
55872	64151
6135	9349
5584	117583
10425	79876
4700	54539
6218	6224
3832	10121
11102	55127
8356	440689
1994	10594
11103	27340
80168	346606
2357	3352
11218	79084
2551	3054
6128	6206
9133	23397
6207	11224
6125	6222
6217	11103
2896	10493
3881	54474
4992	344892
5704	5718
389	94134
671	5657
186	2914
6208	6231
6125	6194
9320	9604
4670	4686
3688	3912
6137	6155
4620	8735
51226	553115
6633	6637
10484	81562
22905	51429
1111	2178
5179	283869
10427	10484
6709	6711
57521	389541
10574	22948
1173	9341
6130	6155
6159	6233
4297	23309
3561	3635
6156	6206
3833	9793
7311	9349
3113	3123
916	940
2997	6233
5571	60673
3491	5954
5976	6167
9322	23265
8542	84141
2832	117579
389	117289
10324	201456
6626	51593
10749	51014
1832	5493
1994	51692
3185	4670
891	9493
6233	8295
567	3107
10097	50618
1292	5351
3015	10284
4540	126328
1956	5336
1956	2268
1994	10250
3646	6156
2185	2268
11176	64426
6129	6233
891	2491
7283	22897
23028	23186
10075	54620
8085	23067
6385	10755
6228	11224
6143	6176
64979	118487
6181	6233
8453	84085
1062	5529
1129	4543
9787	9833
830	10652
3355	4889
6161	6230
1237	9934
10053	152503
90293	143279
121391	286887
2773	5594
3267	10254
9793	84902
1857	5699
6235	23049
5819	201633
6209	11224
6205	27340
5862	57403
1453	6229
55166	348995
2912	4889
8945	285231
1660	6625
51382	160364
2197	6142
4528	28973
6201	9045
50835	56923
1398	7525
7919	348995
6209	6230
6154	6229
963	1536
4695	4713
6129	6173
55832	154881
3107	5696
4709	9551
6173	23049
4697	4700
6231	6233
3127	4261
50506	405753
6175	6224
3040	3048
5699	11059
4726	55967
8453	9820
746	1603
1662	84365
23397	56992
7003	7004
3619	113130
5501	9700
6161	6231
2776	27334
50848	57530
5519	9183
2243	3026
5328	5912
6160	6233
4509	4537
4710	4712
3921	6159
4332	4353
2197	6170
2222	51478
6142	140801
6170	6206
6631	57819
3105	3660
6556	160364
8648	9282
3984	54434
10970	64386
6206	23049
10892	257397
6224	9045
1347	4726
3703	6185
3283	6718
9919	149111
79600	84902
966	51014
7479	7484
329	51330
1350	440567
3895	84141
6132	23049
10930	29974
5700	5705
259287	259293
126006	729230
1786	7027
891	81624
2537	3430
9126	23244
6130	6208
6233	56254
9341	115548
9700	57551
8925	10489
6205	23521
3376	4677
4713	4728
6156	25873
6170	6207
55781	134430
6500	8697
6137	6143
7311	55366
6128	6154
7164	152503
5528	55143
3669	4939
695	3635
50835	51289
5347	29127
6175	6208
10574	10575
3157	4598
10943	54556
23067	57690
6201	6210
160364	170482
6130	6165
51071	126133
1991	6709
1855	81839
940	8516
1495	8394
1781	57545
6124	6159
4008	23327
905	5431
6175	6235
29093	65003
160364	199675
6737	79754
6241	55143
183	3357
1994	5725
1282	10491
932	199675
109	51083
5869	6233
9564	10044
6156	8667
3491	7184
8192	9361
6159	6168
3115	3127
1452	5515
2913	84539
904	6667
6827	25920
695	5335
3320	10598
3066	9014
641	4439
1910	84432
1912	23112
8337	317772
824	5829
3688	3695
9972	51362
6667	26512
857	1950
641	5426
5361	5362
6144	6173
5435	6637
391	394
7421	11198
7018	9829
9790	22803
4725	9167
6193	6194
6169	23049
6432	6628
9636	11274
6155	9349
5431	6924
2782	10681
8085	9757
90480	116540
9320	51132
4343	7311
3594	7297
51079	126328
996	7337
6164	6208
6827	51755
6144	6222
1855	5708
6217	6232
996	9820
5868	5869
9833	64151
7840	57787
3949	5868
6147	6222
4724	29796
28998	64960
6637	55505
1660	11338
3797	28981
6233	23112
10014	54880
3203	3204
3915	51280
6227	6228
6155	6157
9320	55236
996	26091
7520	55183
23774	57459
641	2177
9844	10458
6330	6340
6047	9320
8491	10746
4069	4332
4712	4726
4116	6168
65993	124995
55143	348995
6165	25873
1462	8542
6234	7178
1994	10291
6146	6206
6135	6173
4088	7316
545	6233
991	9787
6152	6155
9221	84172
4686	23511
3998	10959
1911	6045
9277	65083
27089	29796
6610	7132
1005	1009
2792	388531
56923	339403
5093	51692
6124	6128
623	5737
50838	259295
6169	6209
3837	10575
10376	203068
607	8945
4736	6138
301	7852
966	326624
47	1431
1191	10916
6202	6204
389	7204
6202	6229
488	489
6135	6218
553	6869
990	9700
7328	57154
10272	10970
5266	6699
6124	6160
6233	51592
114	259285
4867	79600
2185	5879
8687	8689
6143	6194
4666	6202
51645	85313
4436	23028
6129	6160
5985	8914
6152	6157
90025	158506
6714	7311
3915	4811
977	5339
1956	3918
4173	5426
988	55631
5685	10393
6173	6201
377	1781
6205	6206
3301	3308
2033	10498
2963	11193
1639	3797
6229	11224
226	7167
7398	10714
991	5347
4736	6155
3918	375790
226	5223
9320	84085
3135	3821
6240	10592
2151	2791
705	8886
26190	51122
988	1994
3091	6233
6184	6185
1956	2247
6233	140801
6157	11224
7272	10733
6434	8175
54742	116372
3014	3015
10022	259292
5048	79003
1081	7252
6146	140801
301	302
846	51289
8563	23225
6135	6210
3190	6434
6122	6203
10969	29997
23047	57082
813	56975
1476	10394
489	4853
2792	3763
23517	84135
3106	3133
1050	7124
6202	11224
2935	6203
6136	6207
7110	90196
8689	54474
2521	4670
6144	6224
87	7525
1387	10498
302	6386
2735	132884
2932	5708
996	51132
6201	6222
1479	10236
1292	10491
6176	6229
4536	4538
6193	9349
2491	79172
10383	84962
6122	6168
301	2790
3559	3560
8655	55839
2767	5998
2811	2815
57154	64750
2107	6234
1277	22801
3181	3190
1136	1137
23160	23404
6161	6201
65264	143279
6836	29927
6210	25873
84128	84946
7317	10489
84078	89890
6176	9349
6170	6188
6152	6160
891	151246
388	399
6167	6230
1994	7536
6138	6165
4535	4536
51118	84946
58	1072
3689	3903
4736	6206
6139	6165
10236	22826
3607	7528
6233	154214
701	3832
8290	121504
8347	8365
9656	11073
92104	150737
6160	6193
6165	6218
55008	151636
6143	6206
336	51156
3267	8301
7039	10652
552	2847
1499	5819
1230	2833
22854	50863
23020	27316
8349	440689
88	4626
4584	4588
3178	6626
6201	11224
9655	57542
1933	6210
2733	23511
6233	8445
6175	25873
6170	6234
9833	29127
3635	5777
84549	84946
3422	4800
3170	3651
6868	11319
6233	7098
6790	11190
6135	6156
3491	51280
6232	57551
1956	5829
9156	84126
6137	6209
7507	10714
3921	6155
388	55843
88	7114
3185	23283
6208	6232
955	374659
5747	9844
6175	7311
4947	5708
65083	79954
6170	6727
344892	390064
6208	6230
1994	23283
6152	6169
5695	51371
5708	10575
335	4547
6635	10465
9787	10403
3188	10594
6147	6209
5048	81565
6152	6188
6218	27340
6143	6169
56995	154881
3371	84141
6224	7311
6146	6161
4735	23322
5985	83932
1453	6208
3913	54972
6133	6232
10576	55970
6233	440689
833	3376
6189	27340
11073	63967
8365	126961
6157	6204
7311	440689
6139	9349
4893	27006
10022	50838
4712	29796
57154	89910
23327	79176
5519	79172
2923	6185
5868	26130
988	10236
9564	54518
891	3838
6164	6224
919	7535
6133	7311
3832	10592
5869	22905
9055	11113
6193	6227
4998	5422
6208	140801
4736	6204
2185	9564
833	2617
6228	6235
6222	9045
2185	9475
701	10733
813	1462
8334	79019
506	8802
5747	7456
7531	8655
5435	5441
3071	10552
1660	10492
2521	51692
6599	55193
5528	5702
3458	6775
9136	84365
6165	6223
6432	6434
988	10059
566	6037
1029	1030
7156	63967
3799	9585
6227	7311
2153	2243
4172	10714
9126	348995
1017	10926
3113	4261
3673	6382
3833	56992
6124	6139
4670	27316
2837	84539
6167	6224
55008	64750
6688	7805
1829	11187
6202	27340
9295	84950
6173	6230
4904	10465
57129	64928
118487	128308
5903	23511
9349	25873
5928	57690
4125	8635
6257	7068
988	55215
6203	6206
64114	196527
6439	653509
846	259292
1669	1991
2938	2939
6130	6167
10096	10097
1911	23028
55884	115290
4172	10036
983	7514
999	5590
3684	10970
3767	6833
7316	7328
2623	2811
6152	6222
932	3903
6632	10465
830	6709
963	5795
9883	23165
10959	50999
6141	6194
11329	55233
1287	8974
996	5717
695	118788
10681	338557
10112	55635
27340	55127
6160	6161
1994	55339
983	9631
10193	25831
10952	28972
23279	51692
3609	5725
5516	5520
3133	3660
55055	151246
6167	140801
3884	3885
8085	25942
1915	4736
10499	23389
2767	29933
2696	53831
6224	11224
2348	11316
4508	4536
6426	10949
6374	27198
4736	6161
1595	3156
23112	84441
2197	55127
3859	125115
5708	29979
5929	8085
8945	26268
5930	26249
1665	3190
26354	54475
5747	7852
5351	8985
6144	6202
830	10466
4088	57154
302	10577
6285	6288
174	6694
6133	6181
4700	27089
2935	6170
6136	9349
3909	4233
5870	57511
6218	25873
5777	7852
6908	54815
10269	23463
7027	7298
3111	3122
10577	56729
4538	25915
3892	338785
389	394
10613	91319
9787	55635
9277	84154
6164	6228
5578	5588
3192	10594
9870	22954
3191	7536
10735	57551
4116	6633
50838	259292
23049	25873
521	7388
3352	5540
5878	6455
3683	7409
5879	8853
1111	54962
57129	219927
10970	54972
3213	8338
10489	84231
2847	2911
9787	24137
6229	65008
3664	23650
5976	56006
5604	23164
57122	57551
6161	6168
51023	64975
6136	6189
2155	2159
7298	10403
259287	259292
8945	64219
55127	65083
3202	3203
6165	6222
3320	85378
6233	55666
6176	6181
28973	55173
8829	91584
23412	51725
54148	55168
5707	7415
6138	6232
3183	6426
4535	4540
8976	25977
2186	196528
3797	9493
566	4069
6850	118788
5878	11021
2059	10458
5879	7454
4313	6678
2033	6872
345	4036
988	5725
6169	6188
3569	84141
988	10767
1778	1781
6122	6157
56670	59340
6133	6165
2642	4922
6133	6167
6122	6222
6428	6430
23283	27316
2865	84432
4695	4708
566	5657
51602	55759
1062	5526
991	1062
1969	3055
6188	11224
9967	84498
6184	58477
641	5427
55755	146057
6209	7178
3376	4141
5054	7424
6429	10250
2064	7525
6602	55193
5501	9793
966	10970
6188	65008
143279	154214
26190	197131
1345	7381
472	64421
335	2266
3190	57794
1813	6364
6209	8562
6161	11224
3091	7316
5094	23020
3111	3113
7337	8697
5435	84844
932	79895
6168	6207
6227	11224
1576	54600
3181	51593
6158	6181
6168	6205
567	3659
5347	51343
2832	3827
3842	10527
6206	9045
6194	6208
9632	10483
4519	4540
6632	11157
90411	149111
9133	51512
7334	64320
4867	80321
4713	10632
6128	6168
4175	81620
705	55720
6138	6169
2537	3437
3619	3832
3017	8341
338	1080
9700	146909
6632	6637
383	4942
726	831
1000	56975
6170	7311
1088	138050
3109	3119
6175	6229
1084	23601
5717	9020
163	1173
1915	6139
197	51156
1880	3579
6159	6235
6156	6223
6165	23049
3308	10808
51382	338339
2222	3422
1116	10394
1778	9276
1500	7082
6189	6201
5693	5707
4940	10561
1063	2305
1605	55624
3683	5795
377	5861
6434	27339
6232	7311
55850	113220
1062	22974
7200	84634
6619	10623
797	7252
3181	10236
6430	220988
3309	9601
7041	7414
9767	11143
6128	6133
25957	51747
3912	10970
1937	6202
5518	5976
7311	55272
6128	6130
56165	91646
4841	6421
5879	257106
10615	146909
2918	10563
7337	9867
6750	50837
6175	6223
6155	25873
3764	10060
1639	8729
10189	29107
6205	6228
10575	10693
23112	80012
9212	79003
5584	6714
4514	4519
23279	113130
6223	6234
974	1445
3619	5528
10811	124056
891	1783
6432	7919
6144	6206
9904	79050
64976	116540
6209	6227
23160	84916
6142	6167
1656	27161
338	4973
6129	9045
9371	55605
10652	149111
23533	55970
6203	6229
6129	6201
10615	56992
2197	27340
9348	10082
3437	8638
5872	53916
9742	23059
6209	6224
9739	26523
10921	23524
5435	6634
8886	51602
11190	22974
6128	6167
4221	11168
9968	23097
6908	8812
6164	6230
1781	6249
6138	6147
2064	5364
6133	25873
115290	143279
728	50835
64926	153090
8729	9371
6147	7178
5747	7454
57129	63875
10920	10980
6132	6135
831	3688
23327	51088
6164	25873
8886	84916
1915	6204
10272	11098
1555	1577
7153	9688
10592	24137
6208	9349
6208	6233
4586	4588
3609	4670
6235	7311
5432	79923
51692	51729
10367	90550
9655	50813
890	7298
338	2262
2358	57413
2695	122876
9055	9493
5717	126374
23658	27316
27161	192669
3848	162605
2550	6363
87	78991
6233	257397
3301	10963
930	974
6133	6203
3619	10735
6176	6209
5528	9700
5426	8317
6517	84246
971	5336
5594	7533
302	1778
2957	5433
6188	6204
152	11255
391	80728
3688	7424
1937	6128
7525	10413
10920	55884
1174	10016
472	7468
6205	6224
11314	79895
933	973
9787	22974
9875	55127
6138	6159
112	57413
23327	89910
6147	6234
2071	9015
332	10615
11017	22826
8945	80204
3312	10808
9776	55626
6139	6167
821	10802
10902	54617
695	7454
2491	5048
8175	84811
6132	6201
5578	9564
197	3481
521	27089
6159	6167
11174	170690
10975	126328
7098	7311
6208	6235
2912	3355
1315	4905
1822	1912
1058	57405
705	9136
51289	259293
28981	79659
5657	6037
4711	51300
400	23041
699	3796
6154	6230
3312	6804
963	10857
3688	4233
377	9371
5684	5695
2197	25873
6130	6141
966	9276
51023	54998
699	3619
5929	8945
3375	7253
117	2695
10484	56681
3993	84612
378	5861
25909	55746
6167	6194
23291	26091
26005	79867
5688	5701
3882	8688
9341	23149
675	5983
9700	23279
10250	84950
26589	64963
9277	10153
6168	7311
1793	6461
595	5708
6128	6202
9972	23511
3688	7057
55662	80351
1816	3973
54578	54658
6133	6155
22948	84790
6228	25873
7311	25873
23122	23332
23295	140460
23332	57787
25879	117246
2150	55970
6138	6160
9793	11004
10092	10109
3640	387129
10970	84141
1292	10536
1048	8434
1387	9967
6228	6230
28977	54516
23142	23291
4862	5054
3685	326624
6160	9045
6204	6224
6132	6160
7337	84085
5717	6790
6204	9045
3921	9045
1783	8729
6233	27340
8365	85236
6161	25873
220134	348995
51096	57696
4686	9128
2064	5747
2058	4141
6155	6235
1289	1291
566	6036
2185	2932
830	51014
4288	7153
4646	23607
3683	3695
1453	6193
813	3491
6128	6159
23244	55746
5898	10890
9553	64928
6139	6205
8295	8945
51676	140739
2147	2153
9904	57647
7337	55175
4940	10964
6233	9690
6124	6194
10970	338339
3921	6231
10933	93621
3688	5788
2841	7852
10885	22803
846	259293
4116	6206
10274	151648
950	8976
2064	54206
11325	83443
6129	10399
2071	5433
6152	6202
2491	22919
2305	22974
115827	326624
55166	387103
7514	23039
462	2159
3123	3127
6147	6228
2359	94235
7155	8289
6134	6154
5872	8766
51444	57531
6455	9341
51593	51692
4512	4536
3911	5747
5933	132660
23586	29761
2792	6752
2813	55350
1175	5878
5501	9126
10575	22948
6210	55127
3897	57698
3303	9531
9318	26190
8337	333932
10051	64151
7317	51343
11073	84126
991	27338
1555	1557
6138	9349
1362	3482
4726	4728
3184	9343
4670	6628
6230	9045
6208	6229
6161	6202
9040	10517
3091	55662
10403	23310
6430	6434
54881	65083
1508	1514
1058	11004
197	2147
2814	51206
3216	3217
3359	9177
4599	4938
2801	5862
4736	6167
1991	6036
8924	8925
5591	9656
3191	9716
6144	6181
6155	9045
1107	23028
5528	23047
3836	22974
131873	256076
6129	6189
999	8907
3978	5424
6772	6774
3672	3915
2033	9031
55236	57542
23160	27042
23149	51429
54474	121391
9879	58517
2932	8829
1605	3915
1445	54845
4736	6147
2817	5673
10952	11224
60485	84962
1499	3611
335	338
1942	2041
51081	51649
6159	6176
338	2266
2071	10920
4077	7316
351	63940
5286	6233
5689	51371
1933	6209
54778	57542
800	5829
203068	440145
8189	11100
186	2913
6128	6229
3688	7045
10693	26190
779	783
6137	6202
6125	6146
6233	221687
6453	10552
4615	7099
3915	84141
2962	54845
988	6950
5695	6500
7514	9972
51122	56995
338	5948
335	3698
22984	84172
3111	3119
9045	10399
8915	29775
6129	6234
3949	5869
1660	9716
2963	10978
4734	7316
6205	6222
932	326624
1956	2064
4738	5688
5529	22919
5119	9798
221	5329
2207	3903
891	55165
6692	6768
8337	8365
4809	51065
8334	8341
8128	8703
1233	6370
6128	9349
56923	259293
867	50618
6176	51187
3361	4283
2185	7041
6136	6161
3313	23511
108	50837
10946	22826
6136	6235
6170	6204
1739	3996
9611	23118
389	9322
51510	51534
5439	6631
2912	6751
6133	6202
1191	2162
51350	112802
51143	113130
5781	6774
6189	6206
5438	27258
8329	8341
10484	126003
2625	7031
10489	55832
6427	7307
6122	6159
3572	9180
6157	9349
6152	11224
11102	65083
6201	9887
6633	11325
6164	6201
4670	10432
1499	5781
6223	6229
4707	4724
10097	10487
7175	55746
3849	140807
4707	54539
3655	3675
1063	3619
9493	11014
212	2038
1536	338339
2197	6233
919	3559
226	5230
59350	94235
9791	81490
4599	51191
830	55604
604	933
5870	57403
2792	594857
1062	55165
29127	64837
8086	84271
1233	94235
6147	6170
3882	8689
3778	27094
3685	3695
8334	8365
26168	27043
27258	83443
3912	7184
6159	6194
6173	6203
5829	64098
6139	6209
661	10623
6136	6156
259293	259295
4254	7409
1551	1576
2935	6157
5516	51143
4641	10552
6203	6233
341152	344892
6129	6161
5328	5329
197	462
2205	5335
6138	6181
6147	6175
4713	126328
2197	6135
1432	5062
4952	9341
9724	27042
1133	7200
558	2621
2072	51426
6147	6202
9700	10592
6129	6139
6142	6234
6500	7320
5439	9978
6950	10575
6152	6154
1915	6222
81930	113130
3491	3685
23560	84172
9475	9826
4641	5879
83597	135924
6202	25873
2197	6228
3062	64106
6152	6181
1653	25940
7514	23122
988	6596
4509	4538
5869	9341
6135	25873
1660	51692
2200	56975
6168	6234
920	5335
8295	57634
26190	55236
1398	7409
6124	6206
22856	55454
163	6233
1793	9844
6176	7311
388	7409
6147	6204
2782	5290
6161	6204
5829	10458
4585	200958
2033	4089
6233	9045
813	1000
9320	57542
6146	6228
7311	9045
6165	6227
4588	192134
1233	5196
6206	6222
7516	348654
5438	6633
4540	55967
8514	22918
2873	8607
728	6376
389	393
6667	8648
3827	5005
4509	4536
6155	6209
8341	8970
2197	6223
10905	23193
5930	140460
990	5985
6427	6434
4353	6036
6129	6167
9320	22954
219858	344892
1639	22919
6188	6203
6146	100529239
10403	57405
4736	6144
9493	9833
2767	5296
3884	100653049
1022	4005
6124	6125
3684	79895
351	5660
1778	6249
522	4713
5870	81876
6128	6181
9470	22916
3107	3659
3978	4176
6158	6189
1366	137075
4709	10975
6157	6209
6209	6218
3640	53831
8729	10959
6136	23049
6194	6232
2185	5829
7532	26123
3181	51692
4736	6152
868	5930
29074	55168
1915	6122
51264	64928
1063	7153
5700	10213
6122	6175
10250	11338
6230	23049
6141	6144
6207	9045
10671	51143
7337	22954
10523	11338
6210	6234
6141	6161
1781	29127
4710	27089
10914	79869
466	1386
6233	54677
4670	10523
6129	6136
2475	57521
6746	28972
6181	6202
8329	121504
2625	3169
7343	10919
1084	160364
10413	60485
5706	51053
6133	6205
7327	8925
4014	5317
23310	64151
6169	6175
4519	4541
5684	5688
5507	6233
6128	6228
55143	57082
54620	80204
153571	153572
8351	121504
3921	6128
9844	10787
8349	8969
3444	3451
1650	55754
2242	3320
10022	259293
6152	6194
6189	8562
4689	653361
4508	4512
3267	3949
397	5880
1499	5707
3619	23047
2042	2045
1129	4889
6209	6223
56963	148738
8615	10802
1822	57504
3915	54972
7272	10615
886	887
6209	114987
5432	79577
5435	23524
966	3683
10466	11014
9055	10112
521	4713
9341	22905
6201	114987
1915	6144
143471	161742
1116	5005
1894	5879
701	51203
8394	23533
3119	7535
1062	9493
377	830
57187	65109
6426	6434
2792	26339
6430	57794
4712	27089
6218	9045
5362	91584
4686	9879
6232	25873
6147	6224
5781	10818
5872	201475
4085	55166
9156	51514
9798	27183
388	397
9318	9655
8688	121391
6161	6223
10161	257313
10693	22803
1511	4069
9972	348995
971	974
3017	8365
259	2244
5371	6672
51602	84549
23562	53842
6164	6169
23011	57403
10618	26130
5438	5440
2079	6428
3122	11184
5741	10266
8886	84172
25885	27340
332	64151
4775	5534
6222	7178
26523	27327
2797	2828
8074	8404
6235	11224
6138	6161
1277	7373
108	6750
9276	22820
102	813
5338	9744
4694	4724
567	3105
63967	84515
9978	285231
3889	338785
3270	147111
6155	6222
6429	10236
3913	5954
6727	7311
10525	29927
5699	23198
26146	55112
4508	4539
6667	27327
22854	257194
635	29958
6206	6233
102	3915
55720	83743
6156	6173
3055	6503
2535	4919
6170	6176
8689	286887
8452	57154
6173	6207
4670	10594
7412	388646
833	4141
186	4922
1910	3827
623	10886
4116	6132
6167	6218
5411	51747
9318	54165
6124	6232
55339	55749
3017	8337
22936	64859
6159	6188
11250	83551
6176	6223
11118	11119
23095	24137
672	84464
6132	6176
990	5422
23533	55361
1233	5473
4905	10905
595	4602
3856	5493
4736	51187
5861	55605
3619	10403
6204	6206
4751	259266
1315	23303
9126	79172
5698	6890
6154	6227
6635	23524
3833	146909
6129	6165
5516	5781
3685	4035
16	2617
6637	51690
6130	6136
6206	6227
6146	6194
8729	9276
5868	5870
1793	5880
399	9828
6147	6233
3655	3910
90550	91689
26525	84639
26190	54165
1639	9371
3903	11314
3191	23350
6426	220988
23244	23279
5347	6232
2521	3192
5903	57551
7913	9015
2521	3184
10618	23431
6235	25873
158506	246184
6138	6209
351	1269
55166	79682
720	3426
6125	6128
6160	6203
9883	55746
1347	4713
3659	3660
5023	10970
6169	6227
846	259287
8548	64746
6138	7311
2033	55904
7110	10466
6206	140801
1500	1956
5609	9181
4008	7321
2801	10959
6634	22827
23059	26146
1536	5023
6130	6142
6155	6234
5286	7311
9180	133396
5903	9631
3115	3119
6164	65008
2967	9318
3856	144501
274	51429
6160	9887
3683	5788
5788	7852
3916	3920
8452	57542
26239	353133
5695	5708
57405	79172
9739	25942
6175	6228
9700	23397
5516	81930
4584	192134
4713	4724
57405	113130
5196	11251
3008	3009
6233	221937
9918	259266
6223	9349
7398	10635
3921	6164
6165	114987
3017	8334
55249	55870
3192	51692
5777	5806
4116	6160
6144	6233
9276	9371
2358	160364
5335	8698
6143	7311
3134	6890
6164	9045
3163	3725
990	51343
8175	10181
1434	3838
332	54821
6801	8428
79050	317781
6626	10523
6129	25873
8412	9564
3115	10346
6130	6160
6203	6209
4708	4725
6132	6167
7409	653361
6152	6230
5711	7311
1490	10413
1793	7525
6168	6231
6132	6165
6161	7178
6139	6161
9126	9700
4116	6202
4839	55720
3797	92104
8453	56995
54821	151246
4540	4701
3181	10657
4686	116832
378	830
3185	84991
6370	165140
6164	6188
6232	54820
10540	29127
7311	9666
4172	8888
199675	338339
8976	29763
1778	6709
2149	2151
6124	55629
6233	54363
3043	3045
54555	56915
23122	57551
1495	128239
3111	3118
2683	5660
3937	5335
5660	10970
963	326624
9551	84833
3304	9531
332	151246
6167	6175
161	3482
5476	5834
6133	6206
6173	6189
2357	9170
1778	2801
55832	90293
1991	8635
6224	9349
84085	154881
6714	10298
2551	4899
6122	6155
26046	84085
9553	51650
5878	10552
6134	6175
57545	80184
53831	441864
1942	1945
6209	6210
2695	594857
1000	7184
6146	6156
6170	23049
6135	6158
5393	10767
6156	6229
6142	6209
1008	1013
11014	50807
4736	6208
2975	9329
3903	10970
514	4726
8976	54874
1994	10921
6147	6160
27257	57819
2740	59350
1500	7409
6159	6160
1462	9469
57787	146057
2358	6556
57542	144699
6201	6231
9903	221687
695	2207
213	5265
966	11314
783	10369
3687	441864
135228	266727
3619	25909
7249	7532
6128	6224
1933	6203
2817	3055
1453	6230
3920	80331
6157	6189
6169	6224
6160	6201
54577	54658
353132	353133
7057	23275
5867	5874
6135	6222
2243	3698
25885	83743
9320	154881
10574	84617
1937	6229
7004	25937
11218	23511
2965	9646
6157	6202
8243	9700
4543	5179
2863	3269
11064	29922
3185	51692
29927	100526842
4924	10618
6205	7311
2317	3688
60560	80155
988	4436
114987	200916
4670	10657
5710	51686
4707	51079
974	3635
2153	2244
6142	6158
1660	9879
4540	374291
6161	6229
6169	6223
3008	3024
5872	326624
4889	6751
9126	23332
11017	85313
5983	56852
2863	5332
6790	22919
2204	2207
8881	63891
4540	4707
3912	11167
7311	23049
2242	6237
688	5468
6426	6428
5714	5718
966	79895
5347	54820
891	9183
3491	10272
4670	10236
6161	6235
462	2243
7316	8864
1340	1351
81285	285093
3178	27316
10713	51692
4926	5116
351	5443
4701	374291
6453	51429
26190	54778
9371	51014
2185	5599
1058	55143
8453	9666
6203	9349
9188	23560
5725	10236
1781	7531
6129	6142
6144	6165
8969	85236
4637	103910
4710	4718
831	5747
1511	4353
27340	55720
1307	169044
6152	140801
6703	6704
2935	6234
904	905
1277	5118
3190	9716
117	5741
4173	7153
5657	8635
4236	10291
1291	5351
6170	6208
6637	23524
9793	23332
8570	22894
4514	4536
1234	4544
56729	126014
4734	9604
4725	55967
7311	114987
9700	10403
996	64750
570	6233
351	7184
6170	6235
6209	6222
3133	3134
6147	9349
6203	6228
9984	79869
10412	23517
84231	197131
2358	338339
3071	6461
6233	55669
117177	121441
5861	11015
6135	6233
4670	220988
6137	6158
3698	3827
335	51156
3675	5328
150468	259266
6233	7178
5737	56923
156	2767
28	2525
6168	6194
4116	6161
6181	6232
5693	5705
27125	55840
79895	100049587
367	8349
6142	6203
6233	158506
4172	4173
29945	90025
3184	220988
10236	10250
344892	390079
6237	7525
1739	5290
4986	50834
10575	10963
6208	55127
6157	25873
64682	84085
5558	23595
891	22974
6137	6189
8349	8970
1650	6185
727	10022
891	10592
26190	56929
2244	3827
891	7531
5426	9126
1639	22930
8742	51330
7054	57016
6194	6234
643	50865
10713	53981
5566	5970
9742	26146
6193	6203
11190	26005
6159	6170
10250	10285
813	6790
6128	6164
3192	9716
1315	29127
2790	9138
4736	6136
6146	6230
153	796
10527	55705
2916	346562
996	23291
5903	79172
50835	259287
2222	2224
4734	26091
10890	11021
6144	6175
811	5589
988	6602
4839	25885
6142	6228
4718	5284
58505	200185
6155	6169
4298	9646
6164	140801
6201	6202
187	1233
5744	55970
5901	729857
6160	6232
3183	7919
3832	9700
5528	11004
9277	9933
5688	5706
6233	7158
6137	6173
932	160364
2521	220988
3190	5094
966	64386
273	8673
6159	6206
5094	51692
6142	6201
10926	63967
22803	55127
6128	6203
6161	6188
8065	84259
3157	4047
6122	6164
4736	6207
6169	6231
53354	60490
6193	6208
3093	27338
846	5737
6663	27022
226	7424
2767	5330
6133	6164
1362	9698
29093	92259
10000	55970
7175	57122
378	10652
9510	11096
8775	388552
3119	3127
1778	9493
6204	7311
5887	7520
10772	10949
1269	59340
5565	51094
3913	10970
5094	27316
8843	338442
302	3074
1937	6201
5036	10576
23332	80321
23279	81930
3106	6890
1559	2327
10376	150465
29796	51079
25897	55175
9551	29796
9655	55832
963	3685
5715	11047
226	5315
6147	6229
6132	140801
6157	6201
1398	5747
9716	10236
65055	219438
22845	57171
10574	22803
3007	3024
6237	10235
6138	6142
23291	65264
2537	10379
1029	4193
5435	5439
886	3061
6189	51187
1062	9793
896	6776
22905	54874
6135	6227
5590	7311
677	56915
8689	121391
6161	6169
332	79172
23279	57551
2841	8698
6142	6229
6428	220988
9378	54413
954	158067
2197	6155
6204	6233
1956	8976
6185	29927
7204	10316
10236	10949
1832	2125
6155	6181
9820	89890
11065	64151
4751	10133
824	7525
6201	6227
1277	10536
695	7525
2033	9757
8334	8969
8816	51122
5597	5718
6133	6152
9887	25873
3560	8651
3135	3663
3619	9700
1387	8648
3688	83660
5708	84962
9978	158506
1994	8570
10254	22848
6128	6144
705	9277
51684	80199
81	7791
983	29127
5868	10096
2189	7517
9144	11322
6130	6218
26005	121441
5688	5695
9437	259197
4736	6201
5739	59350
6224	6233
966	11322
6136	65008
1292	1295
10576	23526
1500	84962
2207	160364
6133	6143
6139	6194
6222	53918
6130	6152
2305	5347
335	2243
6136	6168
640	7525
2023	2026
5879	94134
6136	6218
8698	63940
10102	28998
8590	285093
6944	81611
1933	6164
2792	2918
6146	6189
2770	5747
6136	6138
6193	6233
3106	5696
23014	142689
3039	3048
25873	51187
3998	22872
1956	10552
1536	51382
3688	10298
9585	29127
3903	22918
10112	64837
27316	220988
4695	27089
84135	134430
1315	8729
55629	65110
5829	6385
55212	84100
156	351
914	924
2266	51156
6229	27340
6201	6228
7124	7316
161	8650
6637	11157
7124	51330
857	3688
55839	79023
1453	3921
1660	1994
344	26020
6128	6207
112	1269
23309	79595
11325	55749
6208	55176
6773	10379
8243	10592
2848	196883
7283	27175
55168	56945
6159	6209
6204	6232
3856	3880
3875	144501
6205	6223
9918	10592
10900	284069
8648	10498
3836	3837
8243	10274
1876	10445
6146	6165
1937	6125
64963	92399
2635	6672
4697	4708
5977	57492
3303	3320
7936	404672
988	9879
6143	6158
5067	23627
1629	4967
3362	5443
2197	6210
6167	6229
9371	9493
6863	23620
6745	58477
5290	5781
3163	5023
1783	6711
996	22954
4599	23586
5878	11252
6147	6231
5685	5705
3921	6175
8976	10458
6830	9646
6130	6205
1499	5516
3688	5747
3688	9564
161	5869
6175	6203
6363	10563
6203	6204
3913	10272
3915	10130
6128	6129
10681	51083
2491	54821
26523	192669
26155	84172
963	3903
27	1398
54856	55870
6137	6170
1915	6161
80155	80218
23097	81857
9816	9875
1933	6130
831	5829
4172	4678
6218	6223
3685	160364
2197	6144
6170	6232
1500	55740
4295	5020
6657	57167
10112	81930
5433	6426
1111	8317
57405	151648
1994	9416
2740	94235
51676	115290
6173	6233
2033	23067
1062	54821
57129	122704
79895	160364
3191	51692
344892	390058
161	6233
3855	3880
3191	5094
7476	7483
4116	6173
163	54874
138805	344892
56945	64928
56902	88745
1548	1553
2932	5515
6235	55127
9690	154881
9320	51088
26589	55168
9666	89910
9631	65250
10552	29763
8655	23218
5705	10213
991	51665
4641	9371
5048	5516
9341	51429
5501	57551
185	4988
6168	6173
1088	150372
1385	5594
6223	6232
5573	23209
6176	6222
6161	6232
9128	11338
4709	4725
90480	116541
6161	6181
156	301
3903	8514
1453	10427
9727	55770
3915	4233
3620	169355
4508	4513
4588	26290
23122	23244
6129	6169
10713	26121
6147	9045
6165	6204
3688	3915
1783	11127
6129	6164
6136	6224
56667	140453
6160	6235
79600	121441
6154	6194
4867	80184
6222	6229
861	57332
1462	10082
54509	445328
4541	4726
2740	5746
26494	344892
54820	55143
9188	54881
5707	23526
8021	79023
1129	4852
2788	10575
1950	6678
63891	390594
4690	10152
1781	11015
1289	1292
6635	11157
5718	6790
341276	344892
5330	9002
1933	6165
4695	51079
10592	64151
8243	23047
891	55872
55832	80067
2773	2788
10921	51692
1639	10540
5869	5870
10236	11193
2159	2266
3014	23135
8826	55109
8351	8363
5048	11190
9329	10621
2241	6850
54657	54658
4700	4726
6146	6147
9493	29127
1665	10291
3015	79682
8453	55832
332	7272
6159	6202
3646	8667
399	57522
54165	57542
6230	6233
4536	4537
6132	6156
23160	84172
1062	3619
6202	23049
6337	7311
1495	6714
1544	3620
9320	84231
51154	55003
2843	151306
23481	116832
387	7046
6173	6209
5747	11099
8720	51360
3559	8651
10112	24137
3619	23279
8687	121391
9793	121441
6141	6142
6170	6228
26190	57542
3190	27316
7846	203068
8661	8672
8322	9341
6168	6193
1650	6836
6157	6168
9435	50515
6124	6142
4609	7022
4513	4519
999	1001
23601	170482
25836	29072
389	85360
2358	2767
988	7112
3488	7857
7314	26263
6146	9349
6227	10952
5528	23279
27258	51503
9738	55755
6181	6235
6233	23291
1495	1500
5903	7175
10389	84108
4714	54539
6709	126014
5529	5718
335	350
2177	2178
974	29760
3433	10964
399	85360
10274	10403
4697	55967
1601	9341
393	11015
6890	6892
8312	122706
9968	23186
25984	121391
6142	6227
6224	6228
4297	23269
6132	6170
9632	22872
988	55770
6169	6206
1994	10285
6233	26091
6128	6135
4725	7381
3214	3217
10540	121441
5438	9978
146	2922
6173	6235
3857	3868
6230	27340
890	1062
4085	79682
6132	6161
1991	6037
1453	2197
8886	23560
6139	6173
23526	51816
6201	6207
8560	11322
9972	51692
1969	5747
891	29127
3181	11338
6182	51081
6169	6228
5660	6376
4952	8976
3190	10236
6132	6204
151648	348995
2072	7158
6432	10946
55759	84128
351	5330
4853	6868
102	84141
6124	6228
5194	23600
57539	79659
813	3912
2200	3678
1894	259266
6222	6232
8301	10618
2535	8324
1870	5928
1536	3163
23197	56729
2863	9002
1660	3190
5688	5705
6224	6229
3913	6714
6223	9045
9002	55970
3685	64386
3433	9636
9666	115290
9700	64682
26190	55832
3655	5339
27339	57461
51065	200916
472	5884
6993	8655
6170	10952
1783	5529
990	63967
1601	6453
9055	9133
6141	6159
2719	3698
7135	7431
2318	54751
383	8993
10802	10959
8514	79895
3685	6385
6161	9349
6128	6146
1915	6124
6207	6229
53637	63940
5469	9282
3320	9844
160	29924
10660	390598
720	721
6167	6207
5861	5878
4514	4535
86	988
3695	5747
222487	338339
7184	84141
122876	594857
51330	115650
51602	84154
6136	6167
6133	6228
5861	326624
968	3916
2147	4295
9277	26155
6202	6227
83551	134860
121504	653604
3832	51203
1660	5725
10155	80110
2064	2065
6754	50837
10383	84790
6455	29924
399	9938
25	5159
3157	6307
1431	1737
1668	1669
1937	6188
3718	6777
6176	6208
2768	5879
1387	6667
156	9002
899	140460
9833	259266
23160	27340
3181	10594
286	6708
1660	10236
90293	221687
521	55028
917	1759
6165	11224
6500	142689
1435	8542
23332	57122
3799	24137
6208	6209
5347	5905
990	10592
6921	79754
1241	7204
6165	6233
6227	6229
6161	6234
5335	10920
10664	22976
5718	11059
7596	10155
399	9411
6461	7409
2691	5739
3187	7919
990	996
1595	4047
2625	5241
3376	8565
695	6850
8704	146664
6125	6185
3093	23291
6223	6235
6672	10475
4332	5657
3240	10394
4597	4598
4069	6036
336	4547
11222	85476
2207	7305
4736	6173
55863	91942
57381	57514
10885	25885
6164	6218
2177	2189
671	10394
51289	339403
1394	4160
10254	51652
4171	4998
7311	8666
3685	3912
6124	6143
6189	25873
905	27125
6129	6130
2788	2864
87	7044
1340	1347
3921	6157
51143	348995
2147	3827
3903	79895
4233	64759
3866	144501
9820	26268
5954	51280
3832	9833
6159	6210
5768	84141
1778	57545
10112	64151
64981	116540
26005	80184
259	3698
1325	283869
2917	27199
156	55970
5870	10890
3491	3693
2783	6752
10489	54778
54742	80328
6124	6169
2800	9827
2695	2784
6233	26043
4736	6143
113130	151648
3688	3910
8976	147179
6129	6222
988	11193
6139	25873
5707	84962
6143	6157
1495	51474
1111	4361
6188	6201
5201	84790
8658	80351
3183	6434
57082	151648
1129	5179
338	350
1950	3912
6176	6205
3887	3892
871	1303
9282	9967
6146	6218
9604	22954
2071	6873
6129	6170
10949	84991
1738	6470
2958	79035
5023	10857
6168	6227
6231	114987
8729	10945
1537	4715
26091	26190
29984	257106
1281	1290
383	56729
6210	6218
6173	6206
6143	6168
3675	4233
10714	23649
2641	346562
3903	10857
6122	6229
6227	6233
6227	114987
5584	55243
51602	84128
6709	56729
3135	3805
4171	4176
6201	6223
1994	9879
26173	51593
7525	9564
1453	6224
3886	8687
783	2784
7415	56729
6241	10403
1477	6431
2521	6421
6908	7027
248	6975
6188	6202
388	23370
8341	8969
6698	353135
1915	6147
23291	26190
6167	6169
3190	3191
643	5368
6141	6230
6161	6194
1956	3912
3178	7919
2207	338339
1991	4332
996	1912
891	7316
4735	11190
89910	144699
1398	3320
996	6233
6136	6233
991	54908
152	2916
5861	10484
147	5021
7409	10787
1315	9570
9322	9341
51118	51154
6428	6434
3308	3312
23291	51122
5434	8349
1915	6159
6171	6235
25831	80204
3655	6382
5429	56852
4736	6235
3689	5023
24137	29127
9877	23279
3860	196374
4887	346562
3074	10577
6429	9295
712	713
55326	137964
1062	29127
6230	25873
3113	3119
950	7316
2521	6434
6154	6232
7536	10236
8666	25873
87	3688
3913	5747
1660	23350
25926	84128
6229	6234
56919	57647
3434	9636
6122	6206
55901	170692
7325	7704
2817	3340
1120	5130
4537	4538
6185	58477
5930	7334
6514	6927
1113	6855
4670	6428
9604	23291
274	23149
4736	6158
10592	22974
391	171177
3178	6294
80321	91147
1453	6231
7316	8325
2071	8450
7454	10787
4069	5199
102	1315
6173	6232
6616	8673
344	6382
514	27089
1781	22974
932	2358
701	4173
4670	10291
118487	219927
3725	9070
107	2775
8451	51514
8453	115290
2962	80004
5594	5707
890	11339
6206	6228
1329	4701
1499	5467
5777	80184
776	27092
6168	6176
2790	2837
2071	2967
6155	6218
2131	2132
988	8243
6129	6135
988	3837
84163	389524
8655	27077
57115	114771
8085	8289
79583	79600
6142	6156
9349	11224
6142	6147
1387	5469
4641	11127
1026	1029
1116	56729
6139	6193
6154	6233
2932	5714
26589	219927
351	1524
317	835
27095	149111
1854	7298
1499	5708
4689	7409
8477	9002
1783	5516
7272	9787
2804	10945
4173	8914
1933	6188
10970	326624
6233	25831
701	4288
111	1812
11004	23332
6129	6235
5566	57787
796	797
6144	6159
1675	5054
6201	6235
3054	8314
11338	23636
3718	7297
6137	6210
55166	57405
25909	54821
6635	83443
4735	57545
5008	7297
728	5697
51023	122704
23014	55884
4707	4713
2917	9934
109	59340
1462	10618
2185	3688
6147	6232
5885	286053
950	22848
5437	23524
83540	220134
5500	5516
4116	6167
54617	57634
1495	5781
10193	10489
1906	2863
55	154664
6175	6222
9655	9903
2237	6240
1008	1016
891	1033
2792	343172
3303	10963
6158	25873
8453	9870
6181	7178
6152	6218
4548	10768
23404	81887
6230	6234
904	2967
9181	171177
3854	3861
80184	91147
8976	10254
5430	11338
8481	29922
7532	80097
6128	6188
4724	7381
1994	9343
2033	8648
51088	144699
6143	6209
332	5905
6233	84749
8329	85236
6159	6175
6154	6175
627	2247
811	3309
6152	6206
705	84946
3833	29127
6230	55272
351	5340
6801	7871
2833	6346
23590	56997
2242	9855
8337	440689
139322	374354
23517	134430
6168	6209
1291	3673
6146	6727
8976	9341
4090	285704
6144	6203
221	5328
22984	64318
51725	55819
988	51692
623	9170
5437	51639
1084	1088
3567	5777
51264	51649
27125	79577
5347	9738
7311	9856
6129	6208
9276	64837
6128	11224
4670	51692
332	5501
6628	8683
6181	23049
6138	10399
10919	29945
9276	10802
9221	23160
1457	1857
6233	23168
2784	3763
4710	4725
117	7434
5116	55125
1937	6133
6207	6230
6224	6234
6133	6156
3091	5708
3655	3918
1303	5033
7272	259266
1058	9212
10394	56729
983	3833
2099	54828
5023	8514
23332	57551
1856	5869
399	9743
6272	11319
338	51156
643	64805
151246	348995
2079	6637
10959	22818
8687	54474
7852	55970
6631	27258
4735	7283
119678	344892
23398	85313
6233	6234
6091	7852
7321	65264
3619	151648
6201	6206
1829	64065
6230	7311
6233	84231
226	5054
3915	10970
23327	115290
6165	6189
6136	6203
6129	6154
6363	6373
4713	9551
6130	6176
996	23327
3107	3134
6128	25873
8453	54165
6168	6218
891	5526
945	3689
3978	4174
6159	6223
6161	6206
6427	220988
5217	55740
6045	23028
6232	9349
50813	84727
5978	80012
6133	6144
7316	27183
9412	55090
6625	10523
3074	5476
6632	57819
4436	254394
2107	5515
7311	89910
23322	121441
6169	9045
4771	122786
8638	91543
388	389
5627	10461
226	6678
57630	83737
5869	8411
5149	54714
5928	57649
22954	55236
25804	27258
6201	9724
147	2150
4088	25937
9493	64837
595	5694
11274	23586
6189	6235
6135	6152
7132	10616
4734	8453
6165	6235
6194	6228
9833	55165
5862	10890
6138	6203
28959	55365
5706	5718
6152	6159
186	84539
8451	56852
3916	5878
6169	6229
6209	9887
1213	6233
1303	5352
5948	5950
6700	353133
3190	5725
23160	79954
57105	94233
54663	84365
22954	89910
3832	4288
8907	10053
988	51645
11102	27042
6207	27340
6122	7178
6233	6868
9183	51143
25937	51421
1398	4233
9341	10254
6173	6194
5179	6751
6147	6168
7327	26046
1659	9343
8243	55746
11339	51203
11275	26224
2205	2206
2768	2783
121504	126961
7478	7484
5441	6629
1962	6233
7305	10870
3202	3204
3320	10458
23322	79867
6147	6152
905	55677
3849	319101
991	5708
10403	64151
4116	9349
4976	55669
7057	55901
521	1329
7458	8662
6176	6206
5702	5706
4709	4712
3913	10298
6201	6204
1291	10491
5361	8828
9295	9410
11224	25873
274	11252
6167	6233
4718	4728
5725	9343
117	594857
1639	10121
3185	5725
4176	5422
22954	57542
9886	84144
6139	6155
109	53829
6128	6201
7375	8717
4591	55658
8667	26986
1000	84141
3685	5747
6159	6224
350	2266
6169	6204
6160	6170
9410	10236
1500	1739
8683	9785
6049	23304
10969	55003
3672	9564
6167	6208
23332	146057
5526	6249
10432	23435
10772	27316
6129	6204
983	4288
3837	5903
6229	6230
8341	85236
846	4829
2966	5433
4939	54739
4343	4853
3659	54739
152	5580
5516	5714
4694	4710
1453	6210
10324	51666
1950	3671
2919	6347
10540	24137
6605	57492
10885	55127
6136	6139
2071	5887
3921	200916
998	54908
2932	5707
6625	11100
1026	10013
6147	6194
2537	8638
5338	11145
3350	4988
4713	4717
10193	53339
6138	6139
1347	10632
4734	26190
1398	6850
8767	23118
54998	64976
6144	6158
6500	55884
5869	8301
2107	6059
6426	27316
6455	8871
4724	4725
6189	6222
6142	6157
7316	11001
34	6256
5518	6167
3838	22974
57674	151636
4800	6667
6189	11224
2993	2994
4707	29796
6204	6223
6161	6210
29796	54539
6405	23654
350	5267
6155	6193
399	7204
4867	27077
5822	7109
10663	51289
988	5903
5179	9210
2792	65055
7003	8463
79867	84902
6169	6173
6625	11338
6201	6209
26539	344892
3183	6432
6175	6202
350	462
1398	3055
7311	23118
23225	79833
6135	6171
8886	64318
55720	84172
6139	6202
3354	11255
991	23327
183	259287
5347	22974
3937	11184
5861	9276
920	1234
9870	26190
4738	59286
811	10130
7311	23521
2132	6385
6136	6147
1910	2147
4586	26290
345	2262
6207	6222
6418	10592
1314	8615
10959	55605
5566	7283
4666	6136
64219	65264
1062	23095
5579	5583
8329	8365
6708	6710
3796	5515
79473	344892
9727	23265
8581	27076
9700	29945
11064	27077
6161	6207
60	1072
55236	197131
332	1063
988	4999
23112	27327
8468	91646
1269	8698
6223	8666
9371	11127
4033	4257
8356	8365
6154	6167
10285	23283
1121	5869
7514	54821
6233	8334
6157	6233
4690	5921
6223	23049
64951	64983
2197	6129
351	55970
1500	3801
570	23600
1832	11187
11251	56670
9295	22794
6152	7311
6152	6208
3937	7462
779	27091
6170	9349
1778	11014
6135	6228
6168	6232
1793	6714
6138	51187
6160	6205
4233	5795
672	51755
999	144100
164	55330
3312	23225
5149	388531
6790	84962
55904	58508
23014	143279
351	7466
1455	89780
23	1660
116	2740
643	9294
5347	54908
112	3579
5865	23011
3799	29127
8766	10890
9648	10466
10133	10540
2131	6385
6158	6208
23521	25873
63915	84062
25909	57551
1175	10093
9700	57122
6170	6227
351	3912
636	5048
29927	116832
2805	3242
83597	390174
8976	10552
87	6385
904	5433
6124	6189
1445	5829
3914	5621
6205	8562
6229	23049
830	11127
6139	6208
328	10038
3184	6626
1063	57551
9666	143279
4713	27089
4508	4537
3713	6705
10403	56992
6155	6208
6934	283149
25873	140801
9493	81930
2968	9656
6136	6201
3066	6045
988	10640
9672	64131
8925	54778
1969	2268
1398	2185
2266	3827
51465	140739
3482	10618
10381	84790
9212	55355
1478	9128
23511	55746
10978	283989
6189	6224
9212	57405
157	2869
1793	100423062
6130	6169
488	4853
6202	6224
1783	9493
9343	51692
1778	5861
6279	6283
6146	6224
50832	54429
393	11014
5725	9716
4141	4677
1981	1982
6154	6218
116	59350
5657	23197
715	716
3481	5005
9126	11130
10592	259266
6207	53918
6175	6227
5796	6233
3856	3875
5878	23011
3664	11074
23218	196527
3921	6181
2197	9790
11169	23649
1933	6176
10514	10885
5903	22919
5529	5699
6160	6209
7311	27327
7057	79875
5725	11338
4695	29796
79172	151648
4952	9562
2550	3579
6228	6232
7204	10800
2107	6176
6059	55720
930	5336
7919	10949
9133	51203
6133	6161
375	1314
988	6601
6169	6218
705	83732
10886	23566
2197	6181
3092	6233
6227	6231
7280	10693
1524	6370
55125	55755
1524	126006
9493	9585
335	2153
3832	5422
1894	10112
1435	3915
23067	25942
1783	5903
915	80380
4141	7453
5694	5715
9793	26005
10466	79571
9277	83732
5880	10298
5347	151246
6125	6169
10285	23350
3837	7175
108	283869
2788	5331
5868	64145
3797	26146
6626	220988
332	24137
7453	8565
55702	56949
9585	81930
197	338
51021	84545
1788	57332
3190	3192
1495	7082
920	9026
4057	56729
5529	79172
6143	6228
8321	8322
6156	6230
6189	6227
5516	5529
6189	11103
6143	6222
6176	6233
3880	4072
1839	5782
9553	54998
6453	9341
3913	11098
6224	140801
2960	4763
6143	6201
9128	51340
988	9611
991	5707
3181	4670
1062	9276
1870	4208
96459	201163
163	51429
991	51088
1495	1969
991	29127
6142	6210
4303	5901
79090	149111
6154	6222
2847	4985
2810	4486
84154	84549
1983	6232
10561	55601
10890	57403
5315	7167
1387	81857
8802	8803
6122	6208
84617	84790
23224	23353
53905	405753
5879	9475
988	3066
3312	10576
6152	6233
5684	7979
871	1291
857	284119
4288	6241
8945	25831
3915	11098
6206	6232
595	891
57153	79895
1154	23014
9690	221687
1511	1991
6157	6234
6152	6167
6204	6218
23295	84231
6233	55008
6233	285231
6138	6218
3717	4352
4512	4539
1500	7525
10193	197131
6125	6135
2048	6237
5829	6461
6202	6218
26272	55236
3635	3718
10484	11196
3320	84131
3113	10346
5424	5426
6194	6233
2521	27316
722	725
6164	6206
5657	6036
6317	6318
2912	5173
3356	5731
671	4353
6154	6169
6160	6231
51429	54874
9787	81930
51421	60485
2806	125061
11322	55754
1133	9002
3491	84141
6737	283807
1366	4072
153	6343
6139	6222
1915	6142
55175	56995
6156	6209
3192	4670
26173	79034
3071	10458
983	2491
6208	9887
3394	6688
6143	6164
160	22872
6233	22954
5929	23067
344892	390061
11017	11051
3015	5438
701	9824
6193	92856
6160	7311
4670	9716
55737	58533
302	5834
64151	157570
27292	55781
6201	6224
56902	79954
4700	51079
6799	6817
6167	23049
4736	6233
5336	118788
6135	6224
6202	6205
6181	6207
285093	390190
23332	121441
1669	8993
111	10268
9636	10379
2801	11014
65264	89910
5605	84292
4176	5111
916	917
22954	26190
932	3689
2617	4141
6158	6202
2099	9687
6209	6229
116832	200916
55142	146057
3675	7057
7316	8673
991	1894
3309	29927
3240	56729
8689	9119
1398	6461
11100	11338
274	8853
91147	121441
2934	51411
890	9787
6135	6170
3215	3216
6189	6218
6009	60673
10403	26271
9666	65264
86	8451
1453	57787
351	10970
5880	171177
1350	29796
10458	10787
9601	10130
5869	51715
4798	79913
10885	117246
6714	8976
1660	51729
1058	55839
5294	7852
6249	54908
6138	6230
8514	57153
11127	51014
1398	10458
6138	6223
4867	79867
9020	51330
6235	140801
5868	51715
1946	2268
6125	6143
8945	90293
942	7525
5868	10890
6518	84329
6133	6222
2967	9646
6755	339403
3553	11213
6130	6204
5269	5337
5054	5328
1453	653784
991	4734
5439	8896
1268	10803
4584	9245
6189	6208
1915	6175
1315	9382
6128	6218
6836	9276
50835	50838
6201	6230
6231	9887
4233	8976
6309	6713
10153	84154
1660	23185
25798	326624
6135	6159
25915	126328
6206	6218
6201	6229
22948	63971
9320	26190
6144	23521
3192	10523
3675	3918
8452	26091
2916	3351
6122	6142
1302	50509
351	54972
9320	144699
10236	10921
9867	197131
1084	138050
6188	6227
332	9493
25831	65264
26146	79659
5604	8826
4713	4715
514	10632
6155	6156
521	7381
6700	26239
2043	2050
3109	3123
24147	79633
6188	6207
383	3240
566	4353
4862	79365
8581	10232
9076	137075
51023	219927
57111	401409
6428	348995
23014	64219
6139	6235
9793	10403
5879	6249
2243	2244
11102	88745
56923	259295
6144	6207
1763	10714
7343	57459
3886	121391
885	3061
1280	84570
3048	3050
11095	221981
1364	100506658
4736	6228
2197	6175
5700	5708
566	4332
4867	91147
6233	140459
695	971
2023	5315
891	6249
3213	3215
6160	6218
514	521
1576	2326
6176	6227
9133	56992
1241	56413
332	10112
4171	4173
24137	55614
887	5020
3673	3915
6233	90678
6135	6136
10489	221687
1364	1366
5725	9879
3190	11052
8453	26043
2197	6218
8969	121504
1781	121441
2255	26281
8729	10121
3685	3903
6138	6156
6139	6141
3192	23283
3054	6872
6130	6222
1000	1009
1778	5347
2444	84766
6133	6160
10153	51602
1081	3623
9126	25936
6790	9787
1656	80153
3434	10561
8065	9354
5695	10213
7335	55905
6711	10466
3832	3833
11014	55605
2132	375790
6164	6223
11098	84141
1284	3688
6138	6194
50838	51289
4538	4712
8349	387103
5023	326624
5433	51362
6158	23521
5529	5781
846	6870
5929	284058
4852	283869
6152	6235
988	29127
6175	6181
891	991
2736	51684
53905	90527
5879	9564
6636	6637
3909	6385
6160	6228
4542	4646
6147	6189
6135	6235
6155	6194
6125	6181
6128	6233
6161	6175
6173	6202
27237	171177
2521	3190
6193	8666
4829	56923
1495	5584
4715	10476
1605	10298
11128	25885
8334	8337
7042	10490
10298	375790
6133	6154
6059	8886
6230	6235
8976	115548
6387	6754
6136	6144
5868	11021
2073	8451
5528	9126
930	118788
6218	10952
4116	84844
2045	285220
1108	25942
11190	203068
2621	83706
4670	11052
3915	375790
3376	51520
10376	10693
5869	25977
6426	7919
1910	2865
146	886
4724	4726
5266	6707
1639	24137
595	4609
6207	23521
1915	1933
6631	51645
1793	5829
3875	3880
9276	11014
3354	6387
6139	6185
5590	57530
1639	10112
1337	4697
701	56992
1605	3688
302	23197
6218	6231
1783	79659
904	9646
983	9972
3921	6160
1915	6189
2353	4773
9655	54165
2159	2243
26589	51264
3915	6714
6147	6207
6130	6203
637	3002
6142	6224
9126	9656
6637	51639
54577	54578
7311	10252
1456	7534
990	84515
10084	27238
80018	80155
890	55165
11245	55970
1660	4670
10592	23310
2091	6217
5983	7415
6154	6208
3903	57153
3921	6144
2197	6147
3212	8338
5707	8452
4736	6156
5422	5983
28981	64792
830	11014
6202	53918
6152	6164
6164	6229
4735	23332
6142	6202
1859	10238
64963	116540
6210	9887
3304	10963
996	57542
90	657
22974	64151
9739	23067
6235	9045
6556	170482
5540	6755
4512	4538
5328	11322
29984	445328
996	115290
5223	5230
6122	6209
887	2147
1007	1013
6136	6169
2197	6208
930	973
5928	57459
6181	6228
22984	26155
6181	6230
10813	10885
3882	121391
9700	151648
5610	23586
5557	54962
6222	6230
5590	50848
6233	51132
1129	6751
5439	5451
6205	6232
7514	23244
6185	6729
114	1814
1983	6234
5529	7525
1933	6159
6262	11069
9188	84172
329	5708
6430	27316
1783	5861
26091	57542
999	3728
5432	6205
83597	403253
5690	8742
5433	10285
2792	7434
2784	4985
5516	55055
2932	5526
405	1387
6136	6206
6164	6235
5284	55004
5199	10394
6809	9341
26263	55884
6159	6201
9246	11275
7311	285231
2132	2817
54578	54657
9879	55660
6128	6189
2792	5145
2847	6363
3437	4599
1983	6175
2792	122876
6207	6228
6156	6208
6136	11224
6173	6175
6202	6210
84261	154881
920	29988
10291	27316
6625	51593
8698	55970
8356	126961
4173	5983
5869	8322
6727	140801
5346	400569
29088	51264
5290	5970
6601	6602
2185	375790
1981	2197
6790	11065
1347	1350
6130	6147
2048	5921
9276	11070
6152	9045
55872	157313
6122	6144
10970	11322
2204	338339
2767	64407
9875	22984
8976	55243
2769	5335
514	4695
2519	51816
4539	4540
1603	100128731
81	226
5725	10432
2107	6137
29763	51429
6146	6235
6160	6208
11015	23046
23627	137797
3675	7045
5695	5707
6230	63931
3434	55008
51	5194
259290	259292
57531	90025
64928	219927
1783	81930
9883	10898
6138	6206
10262	10992
932	222487
1908	2865
3799	11127
6159	7311
6189	6233
329	353376
3912	5879
51143	79172
3191	55749
6204	23049
6152	6228
1232	50834
6135	6141
11322	326624
23014	65264
4332	8635
2151	6915
4116	6135
2065	3691
3127	7535
8313	10297
140881	245911
6194	6235
8329	8349
2357	5329
2840	4986
6208	11224
23279	25909
8600	50964
1268	9294
6383	10082
4208	5533
5689	5695
3055	9564
148	2922
3190	10949
5436	27258
9133	81624
6130	11224
7311	10111
6453	8976
1105	4343
246184	285231
996	5699
6208	6223
1236	2841
26043	54165
695	7305
29078	126328
11339	79682
7038	7173
55131	84128
867	5781
1559	1576
5795	6518
6156	6203
5093	27238
5516	5718
990	9156
57662	144100
9611	23097
1213	10254
6223	23521
6173	6222
6205	6229
3122	3662
2186	8467
81	1495
10121	11070
6138	6229
7311	57154
4686	10594
5347	10592
721	3426
3491	3895
2773	5999
4867	23322
4736	6188
6461	10458
1329	7381
335	336
1894	54443
27229	54801
10767	22894
3710	10235
6209	6231
26470	253982
6233	140458
23601	338339
4512	4514
399	9138
2537	10964
23014	64410
5111	6240
6146	6222
1778	10112
3692	10969
3015	387103
9277	54881
6167	6173
29796	55967
3973	104909134
10857	326624
3071	7454
6637	51372
2242	3561
2268	5829
10652	11014
6160	6171
1120	1375
6208	6218
8317	84515
6138	6205
1236	5443
7204	29933
996	8453
5432	8450
23295	90678
10458	55740
111	799
1287	80781
4736	6130
988	3839
6176	9045
3836	10971
996	9491
5196	94235
6164	6222
6714	10413
5473	10321
695	3055
2222	6721
6157	6222
6137	6229
9837	11169
9371	24137
57154	57674
4695	4707
4539	4712
26091	65264
6601	8289
9879	22916
5702	5708
6877	51593
8318	54962
27316	55749
1499	128239
3799	55605
1062	79172
3912	6714
9793	22974
3183	4670
2185	3685
5329	11322
397	398
388	9938
2810	3918
6130	9045
3685	9475
1277	1292
51692	80335
6170	6223
1075	25801
6144	6218
6132	6218
5443	6370
5695	51330
6385	7057
6129	6168
6233	8976
1121	326624
23304	23376
6207	25873
6625	27316
6189	6194
8322	8976
683	932
7272	24137
988	58517
3688	3693
1933	6141
3659	5371
10762	84271
6167	6181
4690	9448
4736	6223
4049	115650
127247	148581
3655	3915
64979	219927
6164	6204
5699	8945
3191	9987
1394	1816
6229	140801
57542	65264
1781	3797
26146	64792
6130	6137
5644	6690
1956	4145
701	10592
6168	9349
1325	10563
6209	27340
5717	8453
10274	51143
54069	64946
1969	2048
6165	6181
6155	23049
5707	51330
6143	6181
1277	4313
3191	10236
5869	7316
3433	3437
5528	51143
1605	5879
51320	55175
6143	6155
1812	51764
2214	2215
6135	23049
6138	6228
2247	6233
6202	6234
6206	6223
6164	6202
6132	6227
4695	4709
841	1281
6175	6209
2099	6387
1292	8974
55143	220134
3091	5707
81	9564
9690	84231
11157	51503
1634	4314
3913	11167
1535	55754
3185	3190
6135	6208
462	3827
6122	6194
3688	23209
10022	259287
6502	136371
6152	6173
1453	6209
55781	84135
4288	7272
6207	6232
6154	6234
4666	6137
6175	6233
1670	1671
6132	6136
1665	84172
2803	7110
6631	10465
3627	6347
1950	7474
6136	6194
2826	84539
6157	6229
1175	7037
3921	6154
3675	3914
23	6059
9439	23097
4702	27089
9277	84946
51639	84844
56729	124583
1956	3655
11176	79595
2524	10331
84131	203068
6222	9349
6156	6170
7136	7170
4116	6201
3301	3303
2197	6160
6203	6232
6143	6193
6241	9700
80184	117177
102	5795
10155	25799
10539	57019
55763	79058
6139	6168
6156	6228
5036	203068
6170	6173
9493	11015
6637	51503
55215	64858
6171	6227
156	2121
701	10051
8925	197131
6133	23521
79132	91543
338	3698
2197	6168
6363	6752
3692	90441
2519	11098
6136	6155
4015	4017
1325	6373
4033	5660
5558	10926
3355	5733
5347	9493
6201	6218
185	2641
9045	11224
7311	8295
5981	23244
4976	9927
6167	6209
5822	22984
29127	55872
2966	728340
7311	57674
5869	10254
3355	6751
6161	140801
932	966
55582	55614
6203	6208
9133	113130
5725	10492
1595	3157
1595	6307
8560	10970
3685	10857
2064	9475
6189	6207
999	1942
988	53981
6176	6207
6210	6228
3619	51143
4116	6125
5861	10972
1915	6207
1387	4205
1642	56852
4712	4713
9493	10112
2274	284119
9820	115290
813	1435
5928	51317
4519	4536
6205	25873
5777	7409
2131	9672
353139	353145
6235	9887
3071	7409
684	4939
2197	6167
9021	140462
23291	89910
9410	57819
5700	5702
6138	6210
57082	79172
2220	5648
4172	5426
6130	6168
9782	27316
3181	220988
5700	7415
5708	5887
6208	7311
9757	23067
1857	5528
2519	5476
7846	150465
197	2153
2243	5005
6146	6159
27241	166379
60560	80018
3190	23435
10403	113130
2266	2719
6137	6204
1063	24137
23332	79172
5725	10291
3351	4887
351	9002
5202	10471
4116	51639
567	3660
4301	7082
1233	2359
5878	55754
5725	8661
1350	27089
988	51362
988	23435
64792	92104
2147	5020
1386	6602
6156	6171
4713	7388
3122	54331
81930	259266
7114	7424
10342	81562
551	6846
2197	6154
383	1669
7003	10413
6202	6223
6631	51639
6167	6189
9416	23451
320	5864
5048	55055
9551	27089
65264	115290
23122	23279
51121	79048
2023	5223
251	137797
5887	10401
1315	9371
1350	4726
2491	5529
6170	6203
1650	58477
1080	2147
988	5094
1511	6036
6173	6223
6613	7341
389	9411
7316	9341
401505	100188893
1347	27089
89890	90025
4173	55388
5708	5970
971	29760
287	6326
26589	64928
121504	440689
6207	9349
6147	6223
8334	8347
6181	6203
4088	4609
3887	3889
9972	23165
10890	51552
6229	25873
7317	140459
8349	653604
462	2147
932	51382
335	462
5657	56729
6147	6159
6173	6229
4194	57690
140458	285231
3181	3184
988	7919
4957	55755
6125	6175
2967	51426
1536	3685
5048	54821
999	9839
3685	375790
126328	374291
6142	6159
6188	6229
5872	51715
4736	9349
4677	8565
25926	51096
701	3619
4242	4853
26005	84902
3191	10921
3685	8514
6169	6202
54575	54600
9493	55165
1665	5725
23595	51053
6130	6175
1956	55914
1908	23620
2246	2963
963	3683
1453	6235
5515	54908
55055	378708
6129	6218
4069	6037
2197	6230
7305	100049587
51264	118487
4617	4618
5439	84844
2264	7311
6202	6203
1116	1991
3659	6672
5599	9479
5739	5746
672	8314
972	3113
4736	6224
5652	6692
6193	6232
1660	5094
6235	27340
10885	26155
8289	57492
25831	154881
5471	10606
6147	6203
9690	57630
1778	6232
2848	285601
23304	57531
3683	5023
3953	6774
4709	51079
3178	6428
2197	6207
9604	9867
6135	6206
9318	27252
6205	6207
2817	4035
54443	55165
2847	594857
5725	9128
6613	79902
6203	23049
890	64151
9276	10749
5797	25945
9349	140801
7514	57551
3579	57413
9045	25873
1861	27348
2935	6173
9611	9967
29074	51069
6234	8666
6708	11280
3572	3977
4513	4514
274	51411
2122	8535
114	2492
1650	29927
6125	9349
6188	23049
3190	7919
6224	6727
5093	5094
4584	26290
5266	5493
155	796
8243	9793
6128	6161
7316	55669
55876	94103
5347	24137
84418	100049587
983	51053
996	25831
3937	55740
22848	26130
4706	4717
9037	23275
3055	3684
51649	64928
6165	6229
6130	6135
84085	89910
1933	6207
57154	65264
10914	53981
351	27242
671	8993
22872	100302736
514	4713
6161	9045
4867	57545
9076	24146
5422	84515
6637	84844
2033	8085
3119	3122
351	10272
6142	51187
391	8503
10083	257629
64105	151246
9341	25977
6144	6164
11157	51690
60488	116540
6923	51755
1455	2810
6139	6157
10014	57459
6154	6168
6430	10949
6135	51187
6130	6194
6167	6204
6218	140801
6133	6157
10857	64386
7454	10458
1161	5887
10291	10523
301	5368
3191	10713
1478	3188
6156	6167
10285	51692
3688	5879
301	2788
6233	11059
344892	390083
5708	9020
2550	9170
8329	333932
6124	6147
6232	6235
1398	3071
658	4093
1365	100506658
824	3688
2629	5660
1933	6175
6194	6217
6746	58477
3695	8516
1511	5657
3192	5725
3071	3320
5929	6872
6774	9021
4509	4535
10970	11167
3190	51692
6203	6230
1431	4191
1000	10970
1499	1969
6194	6222
6621	79035
9716	27316
6152	6223
4116	6235
891	5861
23165	51692
1991	4125
566	4125
10412	79039
864	64750
3956	11320
1794	3055
6491	284403
6144	6229
6232	8662
4694	4701
1994	9782
399	7409
24137	285643
6159	6227
7020	284252
988	24137
1490	7048
2048	3055
2207	199675
84447	91319
680	64106
6657	63978
54881	116832
9320	57154
6155	6224
3561	5599
5000	7311
6453	22905
996	51088
1576	1577
5876	9545
3490	56975
6137	6222
5318	5493
6189	9045
5970	57506
51166	125061
3184	4670
6146	6152
3655	3912
6189	6210
3422	4047
1551	1555
55127	84128
26589	29093
5829	10787
9055	9928
6202	6232
4353	5657
988	9533
3921	6227
10250	10772
3619	57082
6234	9045
5204	6637
5529	5903
8688	286887
671	1116
3837	23511
4313	4325
1933	6189
51203	56992
6147	6230
2968	6882
116	5746
9133	83461
5199	6709
991	9055
1462	6696
1208	5406
3191	10492
1991	5657
2537	4599
9928	259266
6383	284217
6181	6205
9879	10285
941	942
983	129401
11174	170692
8974	29920
302	23526
972	3109
5094	9343
1595	5447
1665	9879
28987	51388
6139	6181
5898	10640
259287	259295
2635	5371
1310	169044
5725	7536
8329	126961
3915	5621
120796	344892
6500	10920
6158	6234
10274	57551
3055	5788
2491	57551
26589	51649
6122	6143
6154	25873
3006	8337
55003	84154
7153	56992
6124	51187
3921	6122
991	55355
5880	91614
6272	9500
4512	4535
3191	3609
9320	89910
55831	56851
6164	9349
6158	6206
6234	27340
2209	3055
4886	5733
10250	27316
6711	11014
10466	10540
11275	27338
55252	221937
26146	150737
64928	64979
6223	6227
672	7153
1303	5351
4686	10302
4717	55967
1314	10945
54820	57787
9833	10403
80321	121441
56902	84916
6138	6154
6194	6207
3939	5315
10250	22794
2204	23601
783	27091
9730	23304
988	5062
9969	23389
1439	5777
5566	23332
3912	3915
1559	2326
1908	1910
3799	10749
1650	3920
6176	6201
6210	6233
54620	84231
2207	11314
6164	6227
9820	23304
6159	6205
4508	4509
23283	84271
3611	3688
3688	375790
5868	7879
4708	27089
3313	9093
2224	6721
1603	58505
6164	6209
1116	4069
1994	3609
2847	6752
4736	6133
991	51676
705	51602
6176	6194
2521	3183
6154	6176
6143	25873
51099	79948
6138	6168
2925	9170
4297	51230
6202	140801
8648	10499
3619	10274
22954	64219
6133	6141
4738	28991
10193	54778
10952	90701
6872	83860
2125	5493
4848	23019
6158	6228
3122	7535
6137	9349
6518	326624
51645	57819
6161	23049
23149	115548
9557	57804
2767	7204
3190	10657
301	55970
83743	84172
3433	91543
3685	10970
1816	104909134
9927	55669
521	1350
6135	6193
1902	2767
10403	151648
2239	10082
6176	140801
9883	51692
6143	6147
10802	51014
28973	55168
516	51287
1058	9133
6155	6233
2803	90196
6156	9349
5594	51316
6208	6224
1293	1300
3172	6927
904	25896
4116	6146
4736	6125
6138	6235
3915	10298
4694	4713
2200	401138
1236	4544
329	5707
6137	6176
6147	6155
6728	51121
4543	4889
991	2305
10607	92856
4736	6170
7536	10250
6222	10399
7124	10673
3903	326624
7272	9700
53339	197131
8243	9126
3728	5493
8351	440689
10652	51014
163	274
5950	7276
4734	23327
5000	5558
991	5905
90025	91694
4172	4998
6745	6747
6147	6193
25942	57649
6155	6231
671	56729
388	64333
1022	6929
23322	80184
5896	5897
2517	2990
4738	54939
6193	6218
6128	6222
6158	6160
117	2784
394	7204
974	5336
3017	8970
164	10618
4715	4718
8189	10523
6164	6167
1822	1911
2207	5338
6714	57670
8106	29894
2683	54918
10153	55759
3980	6119
6158	6159
6707	147409
1933	6202
9570	22872
4952	6272
10250	11100
516	26521
5707	7316
6135	6139
689	6160
4710	4713
4809	84844
4116	140801
2023	5230
4288	51203
3181	5725
6138	25873
58	3912
6714	7402
90	4090
11339	79172
81	5829
9493	10749
6164	6194
1933	6129
6155	6168
3796	10274
5196	6370
11021	51762
11127	23095
23291	55832
29127	54443
2683	84061
5426	8914
8697	8945
7044	51097
163	7311
5868	22848
197	2266
2197	6235
6229	6233
990	64151
6142	6194
3619	54821
6135	6147
399	57449
3434	10964
1294	2157
6207	7178
3308	10574
26123	79867
22984	55127
185	186
3084	85440
3685	3688
5529	6232
3181	6628
1669	3240
6147	6167
6830	26043
6175	23521
5296	10818
6138	6176
23	988
6156	6165
4588	140453
11176	23309
7189	55626
2243	3827
4700	9551
10499	55588
627	5599
57332	84733
6235	9349
689	4666
5426	5427
6138	6222
6152	9349
3106	3107
8638	10964
6133	6138
6135	6234
1937	6222
23451	51692
6224	6227
3690	5908
5984	7298
1033	9787
351	6370
2150	5332
22984	54881
5868	57403
6201	6234
5286	6272
330	637
2033	10847
6432	220988
945	5023
3619	81930
2617	3376
2123	2124
6233	7311
6122	9045
3675	375790
174	51156
2863	7204
161	867
3308	9631
6517	9968
996	5347
2975	10621
6176	6189
7337	51132
6168	6170
338	345
6168	6206
6228	9887
8843	50834
25885	55127
5528	81930
5695	9232
1453	6204
9662	79441
6632	10907
3437	91543
1793	10458
9354	89910
8085	9739
4659	5515
9648	79571
10663	259292
1669	56729
3685	6850
301	9002
3688	6709
6209	6228
10121	10844
1471	5034
5071	23352
8945	55832
1956	54206
6144	6147
399	10144
1088	6556
6130	6209
6222	6227
4701	51079
661	6619
6122	9349
54998	118487
4736	6122
4709	4724
1287	3685
3683	64386
6165	6228
8976	22905
6206	7178
5436	85437
1129	6572
5501	23332
8662	9669
388	51291
4171	4175
9716	10250
2358	23601
57413	59340
2621	5054
5516	7525
5528	9793
1456	10971
23301	30846
1111	2177
163	8301
4736	6165
9666	23291
1476	8993
1000	1012
28	2524
1295	55214
6173	6176
1605	5747
2956	23028
6136	6231
2804	9276
6181	11224
23047	55143
7409	23533
1488	6934
3054	3607
108	5179
6218	9887
2064	5599
1387	5929
4599	10964
2491	5903
6205	6234
6160	6189
3672	3696
4173	4175
3437	55601
1431	2747
8767	11124
56658	84085
2475	6654
7204	8976
8290	8356
861	6595
6122	6160
2153	51156
7316	9929
90293	285231
2237	5111
6130	7311
6601	6605
187	2359
6202	6207
930	933
5688	7314
1906	2150
6125	6202
6168	23049
22794	23398
6428	10946
9968	81857
846	2798
6206	6207
4852	5179
6709	8729
699	259266
6157	6206
6170	6209
8237	10574
2197	6229
3663	4281
3071	9564
398	5880
89910	154881
6139	6175
6194	6223
324	5519
5094	84991
3811	3821
11190	22919
1946	1969
6133	6176
1347	9551
2002	6722
3674	5829
699	83540
6122	6176
7204	60675
695	8976
3071	5747
9700	23332
501	85007
4837	284119
332	54908
6122	6161
6138	6188
6047	26234
6125	6129
6160	6181
5741	8074
8673	10970
84105	347732
9020	23291
3619	23511
6428	7307
7514	9126
9126	23279
79664	92105
9459	64098
6138	6167
4582	10331
3673	3683
6160	140801
3006	85236
4710	4717
5747	10458
9318	25879
2243	5345
1062	57551
10426	55755
55635	259266
4700	4717
1857	27130
3054	81887
9730	10425
389	7409
1915	6228
7311	55432
6142	6176
7311	121504
6137	6161
6146	6227
3093	22954
973	29760
2178	6118
6132	54512
2691	59350
26984	79090
3655	3914
6601	57492
2197	6209
323	351
4736	6193
57674	64219
6159	6189
8704	55624
23168	27125
5660	84061
1499	7879
3932	29760
134	5660
6130	23521
3912	4233
1536	8655
353137	353139
10112	29127
5880	27237
7478	7479
8972	93432
6280	6283
2962	57794
6142	10399
5516	5707
55749	79869
2736	8481
54148	64928
6155	6230
11103	51575
56670	94235
51289	259292
8301	10096
81794	339366
3675	3915
6144	6155
2147	2244
28981	92104
8085	55904
4726	29796
57122	79172
5707	10383
3842	54464
1814	259285
2266	5345
8886	51388
3190	10432
355	8795
344892	390081
23223	65083
3433	4599
10403	51203
5435	6633
6227	6235
1956	5579
6204	6208
891	9833
10199	84128
988	79869
1173	8301
6872	81887
28514	54567
28998	118487
332	55055
776	786
671	1669
51154	84154
1062	83540
10949	27316
6206	25873
6209	6727
5869	6453
988	1654
8337	126961
4986	338442
5054	7114
6136	6204
4696	4718
1933	9045
1387	3064
2968	57804
1329	9551
84861	143279
285	7010
6181	6222
258	5179
3675	3688
6234	9887
84296	84515
7249	57521
6167	11224
4670	5725
6152	8666
6128	6208
6139	11224
1173	10552
10426	440145
8663	116832
6160	6165
2206	5335
64386	84329
22948	84617
680	846
25978	51652
6139	6146
6209	7311
24137	259266
5330	8477
1938	6122
4540	4726
51465	84447
51118	80135
1062	1315
566	1991
3178	3609
4670	23435
5707	5834
1660	23283
7531	10383
3191	10432
4233	9564
2792	138883
2207	3937
2268	9564
683	338339
7337	10489
1018	1026
6036	8635
8573	57669
3832	6240
1453	6205
8895	10970
6228	140801
899	56995
1453	6222
5547	5660
4116	6222
2792	4985
26589	51069
5515	6500
81	55243
4514	4538
1856	7314
4171	4174
7516	11073
1062	24137
1314	22872
830	5048
1439	3635
5516	10213
29127	81930
6139	6230
6147	6158
6136	6232
695	3710
64682	90025
25831	26091
55832	115290
6129	6147
3683	326624
5432	23379
54960	129401
846	259295
1435	401138
6125	6168
6165	9045
10890	51715
5179	5733
6203	6217
7783	11085
7321	79176
5189	7311
3326	10576
6233	9927
7474	8325
6193	7311
3178	220988
3619	11004
2205	3702
5516	54908
8905	8907
6208	6234
6429	22826
4298	23168
6129	6206
6161	6189
996	26190
1933	6204
966	11001
1453	6201
3832	9585
6135	6203
10592	11169
1315	9276
23586	55601
5586	5879
1435	3912
521	84833
7337	197131
6122	6189
7514	9793
3107	10475
705	51154
8615	9570
6635	51690
4288	10051
9730	63891
1129	5173
6144	6170
6156	6189
5286	55361
6170	6233
23291	23327
1329	1337
1605	9459
2268	7525
5707	10575
4793	5714
26338	65055
26091	154881
1337	1350
4088	64750
8607	10574
5440	80349
624	6755
8807	8809
1329	10476
6218	55127
3362	53831
6209	23049
3339	6385
22930	84516
6133	7178
521	9551
51069	55168
996	9320
8655	83658
5701	51330
3921	6204
9276	9632
6125	6206
3918	5829
22918	79895
4694	27089
1983	23521
2557	2560
8905	10053
6161	6222
7133	8740
1756	284217
695	3725
9508	57188
6136	6188
3106	10475
51172	84572
219960	285093
6169	6189
4709	29796
1783	6709
1314	9527
1457	9918
4593	57144
6156	6164
6169	6232
6144	6160
1737	57546
3921	6201
1991	4353
5441	84844
3093	27252
2023	3939
9276	10112
521	10975
285093	391211
5519	6801
9793	10733
6144	11224
4701	126328
1794	9844
51650	64983
5829	375790
9136	51010
23160	57647
6139	6142
5684	5685
9136	84946
26716	344892
6233	83987
6130	6189
2784	2847
671	1991
3105	5696
891	129401
4641	10890
3362	3640
2960	2967
6206	23521
6386	10487
10427	22872
259290	259293
6128	6152
29889	51154
213	5340
6202	51187
1268	50865
6453	29763
79861	81027
796	5745
6152	6165
830	1315
1669	10394
1965	1973
9742	55112
3184	6434
6159	23521
3799	9493
2692	2843
3915	5829
6233	23014
8453	51122
26043	55666
274	1956
183	846
6206	6234
800	10398
6142	6169
3320	10383
7040	57530
6229	9349
6141	23521
4998	7027
3009	3024
8969	126961
3710	8826
8871	10552
4172	4175
29933	55970
3434	23586
50835	259292
6233	6235
92815	128312
2962	8175
10466	10618
51382	222487
6217	27335
683	199675
4736	6142
4584	140453
6139	6160
3185	5094
6167	9887
9652	23517
6167	9349
7272	55635
3437	10561
6222	6233
23020	51729
632	3381
6205	6208
9039	10425
3635	4233
79954	84154
4332	6036
1933	6181
993	84126
6218	6228
6189	6202
567	6890
25929	57122
8463	10413
1062	5347
3852	3853
3105	3134
56945	57129
10885	22984
1956	5796
1933	6137
2185	5747
7326	26259
6204	140801
336	3698
1738	4719
6169	6207
58	5879
7184	10970
26235	158506
472	4361
2036	4646
10640	23265
3355	4852
2359	56670
8347	8969
6132	11224
3183	6430
3312	8871
3105	3133
6169	6170
3687	8514
10964	55601
6142	6223
991	5516
6147	11224
6155	7311
4860	9615
1544	169355
26524	84962
5469	80205
26249	140460
5868	9341
7525	9844
6160	6229
4172	9700
6602	6605
6122	6158
1314	10959
22994	54903
4695	4725
4543	6751
6240	29127
138803	344892
24148	51340
988	79595
50831	50832
2033	8243
1398	5599
5270	5329
64792	79989
2243	2266
3192	5093
4175	6118
6045	171023
6500	7314
1452	10971
2841	55970
23582	25949
7311	11224
5529	151246
6189	6203
4173	81620
10749	51479
6160	6175
1282	1292
1778	10577
1557	1576
3619	8243
10552	10787
1277	1289
226	2023
4541	374291
5689	5700
8881	26224
10592	54892
6158	6218
2966	7334
4171	4678
2623	6886
6168	9887
5701	5715
274	6453
6122	6147
56949	57794
6124	6193
7871	8428
1398	3685
915	3118
6430	8175
5286	29988
1994	10492
999	3691
11127	29127
6387	50837
5741	594857
5493	6707
783	10368
11339	55143
1017	4999
8747	22917
6147	6165
378	9276
5696	5698
6122	6223
9493	11127
10153	55131
6165	7311
6790	9833
4125	5657
6144	140801
51203	55143
5093	10523
55055	79172
351	7042
2957	6619
3054	23067
160	6233
1062	259266
4734	22954
4599	8638
1601	10618
4436	51434
3488	54757
5529	5711
51343	142689
1291	3688
4738	5715
2286	5479
10285	10914
8661	728689
6159	6161
26224	84085
4048	126014
79659	92104
6700	353132
302	2519
7316	27248
4736	6124
10175	26984
9690	57154
3912	5578
5439	6637
3221	3222
3305	10963
1435	2200
10413	51421
9978	140458
51692	220988
6133	6170
9212	83461
5433	55660
388	4650
1973	9470
5438	83443
9055	29127
813	3915
6500	64320
940	50943
10920	26263
9833	22974
23011	51762
6227	140801
4726	9551
1058	151246
1956	284119
3881	112802
51143	55055
5984	23649
996	65264
6137	6208
6500	9604
1490	7004
6135	6167
6434	10432
28981	150737
11004	55143
3685	5795
8581	154064
6130	6159
4736	6194
4582	10164
325	3015
10272	84141
7311	140801
6152	6234
22826	85313
6141	6175
208	2475
6997	10637
10403	83540
1062	6249
1478	9879
4074	5878
9493	24137
10885	81887
991	10112
659	9765
187	94235
54821	79172
6234	7311
1017	84515
10274	55055
7337	54778
3109	3127
5093	6625
887	4295
3134	3659
3030	3032
6176	6202
8453	89910
9493	11113
5526	7316
7919	27316
11314	196527
56929	142689
6870	56923
1434	7514
1327	1337
7311	143279
3091	51122
6155	9887
1033	9232
10285	23451
6154	6158
7514	79172
3434	4599
6122	6130
51575	79954
81797	344892
3659	10475
6142	6230
57545	79867
23223	79954
886	2922
1956	3675
219965	285093
3184	3191
6130	6170
22984	65083
1857	6233
2197	6206
3832	10733
6139	6156
4540	25915
719	53637
9181	29984
6202	6222
5023	6518
5516	5708
9553	51264
7098	10695
3113	7535
2801	10972
1579	8529
3184	10236
5347	9055
4173	5422
4343	6233
4738	6923
8329	8337
6141	7311
8027	8301
2913	4988
7314	10920
1004	1016
4708	55967
1642	9730
899	51343
1315	3799
4588	56667
6741	9533
963	10970
6136	6208
9283	51764
350	2147
6734	58477
6453	7311
6136	6159
6128	6231
10749	11014
988	8449
156	8477
4067	6776
5706	6790
968	11010
11116	79959
3133	6890
6205	6233
3998	6745
10960	51128
10403	220134
4514	4537
5048	7531
2251	8823
6169	11224
988	3326
6157	6194
1662	9136
6133	6209
7316	353376
344892	347468
6142	6235
6156	6160
26005	26123
64318	79954
8337	8970
1660	3181
988	10657
6165	6188
996	80012
972	5641
1435	3490
10693	84617
3181	10432
1445	9564
27258	51639
1994	55660
5777	7414
6667	10499
22995	163786
858	1956
3107	6890
915	3560
22948	55970
3912	5954
3309	51726
4734	6047
940	3695
7337	23291
5286	9685
6210	6235
4691	9136
9820	56658
4539	374291
4584	4586
3190	3609
4283	6364
4161	7432
51289	56923
6185	57171
6228	6234
4174	5424
126638	147409
10552	54874
1956	2274
6426	6430
1144	1146
10969	51018
1783	10121
7178	7311
699	55143
7531	10971
4713	51079
7153	259266
226	5768
2099	2625
10403	55143
6428	6432
2790	27334
5516	9183
9564	9844
187	56670
3178	8175
2186	9739
7184	7466
55014	126003
3914	5829
6772	83666
891	51433
1536	4689
1043	2350
6157	6230
3178	6430
6159	6165
3837	57122
5880	94134
10552	23149
6233	54778
6428	6632
6164	6232
4713	55967
6602	9031
10733	347240
6631	6637
1778	22930
6206	11224
81697	344892
51491	55651
8886	55127
3187	7536
4544	5443
2147	2266
5692	5710
6455	8673
3356	94235
7337	9730
3191	10523
2033	81857
6160	6224
3921	6138
3833	9700
2491	6232
51604	84720
9371	10749
5430	6601
830	1781
6133	6229
10155	90233
6307	50814
5715	7314
6207	7311
3191	23283
7337	26190
11004	54820
1232	338442
3433	10561
3688	3918
2357	9545
5604	7316
1854	4174
1956	5328
7311	83987
1062	3831
10153	84128
6147	6208
79954	84916
657	64750
1994	3191
6205	11103
10890	10971
4717	4725
5610	23118
6135	6161
29763	54874
102	160364
7316	64326
10489	25831
4116	6170
8615	10959
9700	9793
6426	9782
9276	51014
1435	3371
204	4508
6208	6227
5829	55742
6456	9892
846	50835
6135	6155
1956	4837
4125	6036
3433	8638
7311	55008
6165	6224
920	3702
6158	6168
7311	23032
4008	79176
6133	6158
8544	10787
1063	9793
701	64151
10403	57082
6206	6230
6161	10399
9933	84549
6175	6204
3192	10921
5438	6635
351	59340
10250	23636
9582	27350
26046	140461
4724	4728
3183	10236
8027	25977
3837	348995
8243	23279
3660	5696
22995	146057
3672	3912
3340	6385
5928	192670
6167	6727
6130	6173
6158	51386
9702	22995
5796	7316
627	5879
5434	54845
301	5332
9782	23435
4641	5898
1783	25839
1350	7388
6747	60559
3007	3009
11174	55901
3643	9021
10714	80010
6176	6230
27316	65109
640	5336
3397	7057
6133	6142
5116	23354
6218	6222
6154	6165
1910	6863
1781	9493
84648	353145
6159	6208
6171	6231
6170	25873
9493	10540
64951	64979
3827	5345
6232	23521
158506	285231
945	84418
6152	6229
5879	9046
6173	6228
7311	154214
7994	9219
929	7097
50506	90527
89910	143279
4736	6157
6118	9557
6142	6175
1434	3837
27042	55153
4736	10399
7021	83741
4953	51686
6136	6170
6159	10399
9045	9349
3915	5879
64979	116540
6222	11224
7343	9112
6203	6223
6168	11224
3796	3799
945	100049587
6128	9045
6133	9349
6147	7311
6168	51187
302	10383
54474	286887
1387	25942
6201	9349
6157	6207
6201	6208
130340	152503
2958	5435
54908	55055
1781	11190
813	10130
3351	346562
983	9126
5694	7314
799	10268
2535	5599
10576	10693
6156	6161
3071	10787
2963	5437
9887	11224
6223	6231
2023	7167
6169	6193
1394	3973
1778	121441
6155	11224
9972	23279
3833	55143
5330	60675
11065	83461
3301	3326
3921	6203
80176	142689
6599	6602
7311	9341
6170	6222
53829	57413
26268	84085
5701	7979
3113	3127
2147	3481
1282	1305
196883	285601
6168	6202
2695	5741
3852	3860
2034	84962
6193	6228
2060	50618
3913	3915
2197	4736
4735	151011
5834	93100
6156	6168
1991	56729
6122	23521
50813	55884
6158	6175
7337	9320
9138	29984
2359	6370
11020	51626
1812	10268
5439	80349
2801	2804
6207	6233
1915	6202
4509	4519
8843	27198
8607	54881
3832	10615
10540	11190
51079	54539
8793	8797
121504	333932
29093	51258
23223	26155
6863	84432
26168	88745
2147	2159
251	23627
2919	2920
5435	11325
3355	5173
2197	6232
4724	27089
10533	64422
2935	6207
2782	5082
1969	7525
3074	6386
7153	9824
2099	5241
890	4288
84676	140456
1605	3913
1915	6138
813	84141
6233	57154
3054	9739
3543	7441
4738	9978
6228	9349
6154	6201
5707	5708
7343	9013
6699	6707
6142	9045
778	10369
1063	81930
4087	79753
3688	8482
5584	56288
6870	51764
2023	2597
3912	375790
5717	10575
2956	9126
4709	4713
3683	3688
302	7415
5331	27334
4736	6234
4495	4496
10022	56923
8337	653604
4853	6233
10970	79895
2912	4852
1660	3192
1665	55127
79895	222487
6122	6124
177	351
1981	6210
1495	5795
64837	81930
4254	5777
8317	23649
521	10632
2767	9002
1933	6230
6146	6201
6202	7178
5518	6235
6133	6235
51154	51602
1452	5718
4725	4726
6203	6205
1398	1794
6124	6135
6135	6160
6128	6138
3640	5443
3579	8766
1452	5714
9700	113130
3673	4233
1285	1286
6189	6223
966	79090
6143	6208
6152	6207
4508	4541
6836	22820
2790	2863
11014	51014
26267	63893
1121	79090
5928	10013
8349	333932
6169	6230
1859	5928
3512	100423062
5435	6875
1783	10540
920	2533
5861	57403
4540	4541
3184	3185
6138	6208
4999	84515
2147	2243
8337	8349
10652	90411
1660	10523
7082	25937
26284	64965
6132	6173
1395	2848
6128	6194
6235	6727
388962	654483
4172	81620
6418	7514
26123	79600
8189	10921
6144	6157
5336	7525
6748	90701
8533	54951
102	1088
595	896
3214	3215
6156	6159
3178	6421
113	259285
377	9493
6222	140801
10574	10963
25909	79172
3921	6152
26589	116540
4357	54205
1329	1340
6138	6201
9553	219927
3109	3122
2521	10236
1306	50509
4695	4724
6125	6233
2168	3158
29126	80380
6635	27258
6129	6230
6135	6165
1573	8529
6129	6138
1595	51478
3912	54972
134860	319100
10121	26005
1063	79172
10395	23371
4905	9527
51649	54998
8351	653604
6556	79895
2932	9188
6129	6152
50834	338442
389	57449
7158	7311
1500	6714
3002	5551
9793	151648
5501	25936
1230	29899
6218	23049
54821	57551
7057	7424
6233	151636
1783	9371
5880	257106
7153	9700
6169	6194
383	3074
9793	25909
3833	10615
1387	9757
79867	121441
10802	51128
6144	6168
1495	84962
3185	10921
5928	8085
26155	65083
1660	10594
7311	50848
5725	84991
1453	6206
84727	122769
746	100128731
3178	4670
79172	151246
7846	10376
6993	10755
160	1213
1387	6938
146	84109
7139	7431
102	6233
51129	85441
1345	4695
344892	390084
3921	6161
3267	22848
2792	128366
9493	10121
10733	163786
7321	84962
3308	5903
5908	7094
80328	116372
2597	5223
6635	51639
51725	142685
1813	4283
6167	7311
4809	5435
9354	23304
3673	3912
6189	6193
6230	11224
1524	729230
1969	5921
6124	6230
374	2065
6143	6175
6921	55284
5422	79892
64410	79791
51510	51652
6125	6142
3123	7535
6135	6181
26043	51122
3635	3667
23404	54881
6161	6173
6141	6203
6234	9349
4591	65264
2965	8731
4709	55967
6206	6210
39	3157
6167	6222
8243	23332
23122	113130
6122	51386
846	10022
6203	25873
6208	6222
79172	348995
2073	4331
8243	79172
27043	27340
89910	90293
2268	5747
6173	6224
4701	4713
1434	3836
5361	7305
1277	3685
3920	6836
23283	55749
8568	57696
3854	9119
9824	10112
5880	84144
6155	6165
5872	6764
3174	6927
29118	63876
9700	79172
9320	9666
6189	23521
9276	10959
4543	5173
6152	6156
8969	8970
161	5286
930	29760
6142	6204
3882	8687
685	2069
10458	10552
2280	7048
5578	6868
4171	11073
6133	6217
84131	347240
9133	11065
186	3350
393	399
5328	10396
4712	7381
9322	22905
966	5023
6144	6232
6218	6232
1314	9632
3619	9126
50616	116379
5271	5329
1830	6699
90	4088
80184	84962
6222	27340
28973	51069
4926	9793
5179	7857
26224	197131
2923	3309
5694	7979
2784	2792
27042	55127
6164	6205
990	55388
9462	64926
10533	26091
7311	126433
399	6453
6171	6173
3843	55705
9790	54881
3850	3860
6152	6170
6176	6218
226	2597
3660	10475
7042	83706
5880	8324
9133	55355
2322	6688
3113	3122
55754	374395
22954	23291
6181	6224
4700	29796
3619	79172
6173	6208
6142	23521
4670	11338
6175	9045
23304	90025
4839	6156
79867	80184
389	257106
5684	8312
6130	9349
2675	220164
3190	11100
5516	5519
6181	6206
1063	5347
50840	259295
4116	6147
51676	64750
6137	6175
27292	84135
11224	23049
28973	64928
6164	6189
6165	6176
3558	3717
1781	5861
5201	10383
3921	6165
91	92
1933	6160
10097	10618
7874	56655
9277	51010
6128	6175
6154	6235
7852	8698
51585	79869
6144	9349
251	152330
6790	29127
6146	6173
1299	50509
5351	5352
324	6233
5715	7979
5347	81930
9879	51362
29093	219927
6139	6234
247	3479
10733	79959
2274	6281
4172	6118
6885	26523
2168	2169
8365	333932
6122	6234
411	153642
6605	29117
6279	6280
5708	6790
1536	653361
81696	344892
4069	8635
174	3827
6165	6203
830	6711
6227	6234
3914	3918
6790	24137
6128	6141
23160	51602
890	9824
629	4179
332	22974
7311	25831
6168	6229
6150	116541
4718	4724
1981	6232
6208	6210
1088	23601
9113	154810
7514	23279
1665	8886
4171	10036
1490	25937
7320	7322
56624	259230
1477	24148
3673	3688
9675	57521
9133	10615
4541	4712
3184	10921
6133	6207
5788	6688
6207	6223
6164	6233
632	4094
1499	283149
3184	9716
55759	84946
6158	9045
993	1111
3852	196374
6138	6189
10236	10291
6233	26523
55839	55920
9126	54780
6234	23521
6165	9349
6160	6164
6201	7311
566	1511
6144	6235
1857	55361
6288	6863
9793	23279
640	5079
4939	10379
1994	9716
10952	58505
10466	57511
23063	23244
55124	221400
6950	10574
6169	6235
2535	2790
22803	27340
1994	10498
1499	10971
10749	29127
6161	23521
9320	10489
11338	84271
5589	23193
6426	9879
55872	83540
837	841
10592	157570
5048	151246
890	9133
344892	387748
1937	6124
248	152330
5693	5695
6232	81930
9787	29127
332	9833
8349	79019
4736	6169
2962	4298
2125	11187
932	338339
5518	6232
6154	6173
1803	59272
3122	3123
1453	6234
302	56729
6161	6228
4172	5422
1063	259266
9320	23291
6209	9349
3978	4171
9870	57542
10376	84617
2150	7204
6137	6230
963	966
5004	5005
23244	57082
4708	29796
6155	6206
4312	4314
23197	26043
351	2767
6133	6169
699	220134
8615	100302736
972	3123
23014	80176
6122	6205
5516	79172
344892	390059
23275	23509
5781	259230
4717	4718
55703	55720
4088	7048
7317	22888
6128	6139
1793	10787
6232	6234
2079	6432
1495	1499
3191	3192
6132	6727
7135	7139
4540	4695
7311	23607
2817	6385
2197	6159
6223	6230
6156	23049
10693	22948
6223	51187
6152	6232
6122	6135
1604	54732
26239	353132
55066	57546
5746	94235
6430	22938
5519	51400
6157	6159
10133	81631
26224	55208
6233	55670
51429	54885
830	10282
8453	9320
6231	25873
3678	5329
9527	84516
23112	26523
1605	29954
389	23526
51388	84916
6130	6232
10491	10536
4343	84441
23355	27072
10693	63971
2846	2922
6194	6206
4947	5716
2922	4923
26524	126374
1329	27089
2255	143282
1783	54821
11102	134430
6223	6228
1660	3184
2633	2634
9277	80135
6165	6169
9793	23047
29127	51014
10236	23435
3725	3939
6142	6189
6135	140801
6202	9045
1435	1462
6159	25873
1302	169044
950	3482
6160	6173
3074	23197
23585	54741
143502	285093
1000	11320
1453	6223
5931	10664
6230	23521
1915	6206
891	10112
84946	88745
6047	23291
7110	79571
6707	126638
9076	100506658
3304	3337
1050	2322
6164	6181
6146	6164
5329	27286
9533	84172
1291	3685
1774	5199
51109	54884
991	1781
6169	6181
10022	50835
983	11130
3192	55749
1555	1576
6135	6194
6164	11224
6159	6169
1665	3192
6635	6637
6133	6234
6461	9564
5747	10298
5433	9879
6158	6193
83666	151636
6159	6181
3619	9493
6176	6224
5861	10959
1915	6230
5878	51715
102	1495
2064	7311
163	9341
6194	6202
6520	8140
8178	11267
6626	27316
6167	6203
6122	6202
8648	9968
6426	10772
23404	23517
6133	6227
10155	25888
7533	10971
2491	55055
163	26130
4620	4626
9377	54539
22794	348995
6434	7919
3434	11274
5829	7525
7415	10383
6223	140801
6154	9349
1902	9002
6207	6234
6167	6170
9221	25885
1605	8910
6155	6189
2767	8477
2036	116986
6491	259266
6281	79026
3309	7184
383	10394
9493	54443
1337	29796
1778	79867
51023	55052
2197	8662
1300	1305
6139	6204
6139	6223
23524	51639
1497	23729
6556	23601
4116	6227
6164	6207
831	23209
6154	6204
988	5983
6518	196527
996	9666
55720	79954
643	1268
3187	10181
7311	11059
160364	338339
393	5879
1234	1236
1994	10949
567	10475
60	10095
6167	6202
54732	55738
345	350
399	26084
4535	4537
122042	285601
963	7805
4724	10476
4519	4539
377	11014
4049	4050
4513	4538
6133	6223
6129	6143
57545	121441
3913	9459
1292	3685
5294	55970
6154	6161
9410	10946
3915	10272
1058	9833
1969	2050
197	336
1983	6223
6208	23049
945	2207
29093	118487
6201	23049
6137	6181
6233	9101
1062	5903
11021	23011
6159	11224
11343	57552
6223	7311
22974	83461
3549	6469
1676	3836
6142	6218
9742	28981
1350	10632
1499	2932
3889	3892
6232	10952
7311	257397
5879	50807
5747	7204
9551	9556
2317	54751
1445	7525
1856	27130
9967	10432
9533	64425
8976	55971
1337	1340
22954	23014
197	2243
10232	154064
23291	55236
81	5868
6169	25873
1277	8974
6175	6189
8886	65083
7175	51692
4172	7298
1173	8871
8568	51096
6202	6228
3157	4597
2209	6688
9320	65264
87	5768
1060	57082
6923	140458
6159	6222
2195	7124
4707	4710
1116	5199
8365	440689
10256	54845
5094	5725
3055	5829
174	2266
6132	6169
6168	6224
1660	3191
3123	4261
1129	8322
963	6518
4116	6169
1075	149111
3619	29127
2641	113091
701	7153
1783	24137
5879	10552
338	4036
6204	6227
5347	5707
623	10663
27089	84833
2243	3481
6223	6224
3181	3191
813	3490
6194	9045
2800	2803
4519	4538
148	2837
1462	84141
9604	26190
6170	6171
9282	84498
1991	4069
87	5879
151648	220134
54552	55720
8945	65264
226	3939
1894	29127
6142	6173
11128	84172
26249	142686
2788	27334
6137	6233
6125	6167
3827	5020
3111	3123
988	56852
2059	5294
10075	80204
283111	344892
7317	89890
11236	79139
9787	11339
641	116028
6168	6188
9382	9827
3903	5023
47	2799
57082	348995
3185	3191
3702	9402
3912	51280
22897	653784
4713	29796
23160	84128
6189	6228
1605	375790
8514	10857
5879	23526
25873	114987
1500	5795
3133	10475
5905	6232
3192	11338
7311	8976
6154	6210
972	3119
6155	6223
6143	6159
1268	64805
1060	348995
6230	7178
6188	6235
830	9371
2165	2244
6137	6235
4670	10949
10484	51014
5361	8829
3673	3675
1933	6169
6233	10110
6129	6232
351	2817
54845	80004
2817	6382
22918	53831
3710	5330
1994	3192
8916	9039
6602	57492
4734	23291
51382	79895
3184	6427
7137	7138
8723	51143
8451	9730
988	9126
3437	10964
6124	6224
8314	23512
5526	81565
537	10159
55720	65083
1829	1832
3887	338785
5362	8829
26476	344892
10403	51143
3611	8826
7409	27071
9117	90411
1063	3832
11102	23160
3190	220988
51514	64708
1731	23157
3433	3434
10285	10713
10970	11098
3187	55696
4736	25873
799	1812
4041	6422
1062	1894
5746	59350
11051	55660
3434	4940
4088	5594
6218	11224
6138	6207
6161	6205
1062	151246
10992	27339
890	7272
2185	6461
3119	4261
988	4173
6193	6223
163	8976
6206	6235
7525	11099
10885	65083
7175	23279
9183	22919
3491	11098
3921	6207
640	973
11193	22826
6631	6632
6133	6146
1783	6249
6139	6144
5693	5700
6139	6189
156	2863
60	2597
2621	10272
636	23299
23160	55127
3895	5954
6222	23049
84643	93661
6135	6154
9025	9656
22888	51343
3685	84329
64792	150737
6165	6206
6204	6229
6165	140801
2771	58191
7153	57122
3693	7525
6128	6209
6142	6232
1793	3071
10574	10693
102	1499
10945	10959
4700	4724
9128	10594
10236	11338
645836	100287238
154214	221687
4726	7381
51088	51122
10921	10949
6385	7852
5430	9611
6850	64170
57111	64284
5880	9138
2861	56923
6124	6203
6155	6161
521	4726
2784	5741
1453	6218
6138	6204
1946	5294
3837	9631
6628	22827
25909	57122
403	84747
1778	4735
1022	55840
4626	8735
9793	55755
55759	84549
201475	326624
959	10673
6141	56915
4176	5982
4707	55967
6194	6209
288	2348
6137	6201
9787	10112
6426	23517
8175	56949
2768	2790
8945	9820
6628	55110
1778	4867
87	226
1314	8729
7311	126961
6161	6170
3854	8689
23160	64318
6144	6208
10952	140801
10575	10576
108	797
7184	51726
1738	4191
444	3091
6143	6171
974	2213
4111	158511
10436	51202
336	4036
1337	1351
4173	84296
6160	6223
1660	1665
6625	6626
6748	10952
1601	29924
2537	9636
1329	4712
9126	113130
1908	84432
1944	1945
3192	7536
5347	10112
11059	23291
6155	6158
1956	5879
3725	4088
10523	27316
6168	6223
3937	7409
5695	7979
3921	9349
6181	51187
5515	5604
3921	6230
1879	5079
3434	5610
9903	10489
2840	84634
3646	26986
701	10403
64946	147841
351	10130
6139	7311
6173	6218
351	8698
8260	79903
6175	9349
891	1062
22826	57819
1660	2130
56995	84085
6176	23049
29984	54509
6142	7311
2633	10561
377	10121
6147	6205
6155	6159
636	22930
1650	6184
5451	55718
3084	5781
5903	9972
6133	6208
9276	10652
9126	23063
2247	2260
90	659
2848	122042
6233	80351
3062	6869
6136	6230
5422	6240
6156	6222
705	55759
6130	6164
27340	56902
3491	3913
857	4088
6464	6850
2892	2903
79019	85236
5725	10949
3886	8689
5451	23248
4726	27089
6164	6168
1173	6455
3918	9459
9436	9437
6135	6231
5516	6249
3886	286887
3688	91522
6176	6727
6206	7311
6218	6235
2935	6229
6370	11251
10575	10728
100	51816
1936	6132
7456	10458
3685	5829
7058	170692
4952	286451
10121	26123
351	824
1233	11251
4352	5335
6125	6139
6146	6168
4736	6137
6223	9887
6228	6233
51068	117246
4088	23327
3619	51203
87	51097
26531	344892
8663	728689
5054	5327
6181	6229
8886	9221
116	4914
6194	23521
6218	7311
6138	9045
6147	6173
55759	84154
2962	56949
699	9824
83597	135946
81930	83540
3685	3693
3222	3223
3312	29763
116	94235
6154	6164
6136	6217
1292	3688
890	157570
89910	115290
6206	9349
6128	6173
6154	6159
1062	9585
1937	6138
10427	126003
3422	4597
3312	7037
2788	5368
163	6453
4927	9212
6128	6232
5119	27183
9320	197131
26682	344892
4171	5984
6885	7182
123904	146183
3486	3569
7415	203068
3853	3868
1642	79913
84231	90678
6124	6138
10425	84085
6632	6635
23279	23511
50838	259287
841	843
10802	22872
2799	5834
991	9918
4993	344892
377	3799
1956	3688
7311	26249
6181	9045
55746	57122
25879	84294
699	6241
57787	261734
3822	8302
1739	4646
6443	8910
2967	9015
5311	9727
10193	26046
6599	57492
3240	5005
4709	91942
8349	126961
4736	9045
8541	64130
8451	55208
6698	147409
2865	23620
1660	2521
6228	7311
164	2799
6168	25873
6155	6176
7846	57545
23160	25885
1406	4901
57545	91147
3106	3134
57381	89846
79003	81565
6628	220988
6171	6234
6144	7311
6224	6232
5435	5451
6136	6164
6210	6222
6160	6176
3437	23586
518	521
6288	6357
1462	3912
3690	3791
185	2642
27	10486
2521	10921
23212	65083
5707	200734
9133	10403
2042	2044
5747	9475
399	64333
54998	64979
10199	79954
6130	6133
8351	126961
3183	6628
1650	7841
5528	348995
5708	7415
4194	7316
1445	2213
1291	1295
8329	653604
374	2153
87	7791
6047	9604
6160	6230
8886	79954
6194	25873
1856	5528
9790	55127
9787	64151
6173	6227
4088	5778
60	5879
5516	5903
9672	375790
23107	128308
988	27316
9354	84085
6233	10401
6228	9045
187	5196
6160	6207
56902	84128
351	1241
6129	6193
7514	25909
22974	24137
6124	6129
3915	59277
680	6869
2150	10800
11202	25818
6142	11224
6157	6228
915	29126
6141	6223
50838	259293
9556	84833
23291	54165
8349	79101
4725	29796
471	441024
6168	23521
3912	10971
6133	6136
23601	79895
10970	11001
4214	5600
9246	54778
3491	11167
2081	7494
1043	7512
4540	4724
4694	4726
23620	84432
1439	5568
6143	6161
4331	404672
2932	5361
2266	3698
1088	338339
991	6232
10857	196527
2491	3619
6453	8322
6139	9045
2194	6319
10013	23225
6161	6218
56975	401138
1161	51397
3921	4736
719	2771
6167	6201
1435	84141
6152	6227
344	9672
2803	5870
5394	5822
1453	6233
6133	6231
27327	84441
5023	84329
963	11314
1105	23168
6161	6165
857	64750
1601	5878
6428	7919
6133	6204
671	3240
9533	112495
4713	4726
2359	5473
5368	50865
891	81930
5518	7514
54751	83706
6117	7156
54555	55272
6204	11224
6141	6205
1452	6500
6222	6228
1329	1351
5861	5868
23014	115290
2491	81930
6227	9349
3191	9782
6144	6189
444	3725
5699	51684
440	2617
5431	5433
5529	6233
6124	6205
5170	7249
6229	6232
1062	1063
57674	64718
4008	144699
10885	55720
727	56923
7311	151636
389	57522
57678	253558
891	9232
6137	6228
6636	8683
1356	54757
6157	6176
3479	7044
5829	9459
11145	122618
8655	60673
4710	4715
6229	9045
155	6344
11137	84916
6154	6203
3837	9972
3105	3107
10112	54443
6143	6233
113130	348995
9092	27339
6203	6207
6790	7283
6233	25873
6629	6634
3312	9128
5725	220988
6167	25873
2788	3269
1793	5747
778	783
6776	6777
6124	6133
580	10714
5519	5903
6240	10051
26519	56993
1063	25909
2804	64746
973	974
3921	6222
127247	131405
3192	6625
5393	51118
6434	220988
3184	51692
3240	5004
29974	403314
26091	57154
5469	10498
6128	6235
7434	594857
657	9765
7283	22974
1495	3799
966	3903
6241	64151
9793	54821
6139	6147
7311	158506
11314	100049587
4116	6218
813	10970
2790	7204
988	9475
1063	54821
1880	57413
6122	6128
7178	25873
6122	6141
6143	9349
6129	6175
6233	22888
10094	10095
516	10632
5829	7430
2204	160364
3882	54474
1499	5868
6776	26228
5879	5898
1325	2847
6714	375790
996	4734
2588	9798
4736	6232
830	29127
2491	9793
6135	6202
5880	9743
1063	22974
79865	340205
2932	4772
5516	5523
11190	121441
23076	57696
1457	10592
22954	84231
6138	6141
6181	7311
9493	22974
1495	5819
6168	6203
6432	6632
55658	223082
23646	147746
5338	5579
8740	10673
301	27334
2099	7031
6698	126638
56949	91603
4736	6227
11325	51690
1605	6714
6772	23586
7454	8976
6142	6154
3434	55601
917	5795
5368	64805
6142	6144
2207	79895
2209	10152
521	29796
1306	169044
6135	23521
245937	613210
1822	23028
1933	6218
4700	4709
3796	10735
4144	4548
4736	6175
23030	51588
6950	84617
1639	3326
3921	6194
3688	7052
3619	10112
6156	6188
6165	6168
1314	10802
10869	63891
10403	10615
4050	7124
338	4547
8349	8365
1062	2491
9133	57082
5905	23225
6233	10818
1933	6206
3667	9564
6667	6670
5528	79172
2268	6774
5054	5329
4853	9253
4602	5432
6204	6228
5528	113130
51692	55746
10163	147179
9128	9879
51258	64951
3364	5810
5196	56670
4514	4539
6147	6176
1387	23097
580	80010
9371	64837
983	5000
10749	23046
53339	57531
4988	84539
6155	6228
6714	7525
4738	6635
4512	4540
3619	55143
26519	26521
1994	3190
208	57148
7175	10250
4008	55236
932	945
336	345
10112	55872
6161	6193
9170	9290
81537	259230
5290	259230
6133	6168
1783	6232
1347	84833
1942	9564
890	26271
4736	6205
6137	6206
4586	140453
6135	6168
919	3123
2033	23774
4853	10046
351	83706
5443	53831
1660	9343
966	199675
9793	23122
4736	6164
6237	10371
5594	84823
6139	6233
2672	6688
3912	84141
7704	142689
6165	9887
5861	10342
8976	23149
11015	51014
5707	126374
5695	5700
6184	29927
6233	8290
1601	8976
6173	6181
2185	3320
5870	7110
4696	4710
25929	79084
6122	6232
778	779
3797	29127
6205	9045
991	9491
8638	9636
5430	9282
3074	5707
1910	4295
7311	23586
10013	57649
259292	259295
6227	6230
54821	55055
27134	100506658
3017	8351
23304	26046
1555	54600
64425	65083
983	26005
5431	9879
344892	390326
2987	29922
9015	57504
7316	91445
1287	1288
6434	27316
5880	80728
4116	6152
5294	7409
990	5717
2788	2863
6193	6231
5684	5706
6156	6233
3832	29127
680	4829
212	2623
2798	4829
22930	25782
6175	6218
6156	6201
5717	200734
811	7184
6164	6175
9055	22974
27252	55585
86	8607
1292	5033
6224	27340
5265	7040
7311	90293
23279	79172
10075	54926
3921	6135
4535	4538
5699	64344
8453	55884
2197	6133
3184	3192
1933	6152
8853	11015
23586	54476
3838	6790
3918	4233
51023	51649
4057	57554
5557	23595
9730	84085
6233	90293
1758	8404
6204	6209
6167	6176
6209	9045
857	7132
972	3111
5711	6233
1994	23435
25873	55176
111	51764
5558	11169
6193	6230
6193	25873
3683	10857
4666	11224
79172	113130
4707	4712
5903	23332
336	2153
9126	23122
6137	6234
1660	51593
22954	23327
6167	6235
2792	10563
9928	11113
5529	81930
7337	11275
7536	10772
23511	51692
1121	22930
64981	116541
259290	259294
6164	7311
9738	146057
5684	8658
522	9556
3655	3688
5473	11251
6498	64750
10733	84131
4736	6218
9276	22872
10293	200845
54069	79172
2597	5230
3361	3627
2099	6198
2305	5518
6159	51187
140807	319101
3481	3827
6143	9045
9666	22954
5578	55970
51317	57649
6307	51478
1605	3912
8453	22954
3713	23581
6455	23149
5429	5983
116372	257194
2957	51616
50863	116372
3937	5788
2033	8289
6625	23450
7311	23600
6136	6209
6204	6230
1282	3688
353137	353142
908	9628
833	8565
9439	9967
9495	10369
6135	7311
10540	80184
6133	6201
472	84142
29927	58477
6159	6207
3156	3157
335	2262
2033	5929
6157	6181
6138	7178
6157	6160
7082	55243
1956	9341
6709	7430
3181	3189
3312	9879
2837	3358
5714	6790
3309	6836
1103	162466
54778	140460
5822	10885
4853	27327
6138	6227
3685	6714
54908	151246
22974	81610
7089	83439
6144	6176
4695	9551
3855	3866
9020	10000
353132	353135
6209	6232
3185	27316
3937	7305
4069	5657
6141	6168
999	4072
6167	6210
919	3122
3683	3903
55279	285237
7305	23601
4869	55706
3191	11338
7311	54874
6205	6209
3320	7415
23332	91147
5111	7298
1781	84962
2185	5579
3017	6688
595	5707
920	5286
10813	65083
6747	29927
9833	10112
8482	91584
6175	6205
5697	6376
26271	51053
1915	10399
636	25782
1646	8644
6877	6908
595	6776
1783	11316
6139	6152
2185	3718
7536	10181
6176	11224
6159	6234
6164	23049
2994	6005
7409	10810
2185	5781
8970	85236
10250	10291
2125	3728
1954	23295
3685	9564
595	6777
5286	286451
2033	7874
2072	6233
5709	29882
6233	8322
2197	6224
1515	3122
6373	10563
1237	5173
6518	10970
2846	4923
5822	55127
3111	3127
9188	25885
2935	6232
2914	4988
5501	25909
4736	6159
9969	10499
3624	10272
6228	7178
6203	6231
3422	6721
5829	23209
5501	79172
51143	151648
22916	23225
6461	9844
10885	23160
10885	23404
4707	4717
2033	5469
983	7272
5335	7305
6181	6209
5094	10236
51234	56851
4322	7373
23332	25936
1537	6390
1063	9700
7097	7124
3320	10787
10236	11100
6156	6175
9643	93621
2243	51156
1499	4233
10489	51343
6233	7189
8945	143279
5048	9183
6135	6201
26268	57531
387	7094
8453	26190
9793	57551
80097	653784
6915	94235
6160	23049
6146	6203
6923	23198
891	8655
51715	326624
155	6343
3178	6434
3689	79895
4717	4724
5928	10014
816	4137
8243	23244
55790	79586
389	10398
10540	57511
1793	9564
3903	5795
553	64106
6210	22984
84962	126374
6138	6164
4076	55226
6125	6159
4735	79867
6133	11224
54960	79833
1058	5528
6160	6210
3635	5579
5529	51143
383	4353
1676	3837
7409	10458
389	30851
2695	2792
336	3827
6181	6218
3685	5817
6129	6203
5067	137797
8334	8970
160	8867
4297	8085
351	1234
5720	5721
111	9283
3109	3113
6189	6229
1457	10051
3689	7305
6156	6204
391	27237
5199	56729
23047	151648
118430	727897
10657	11052
10236	51729
6130	6207
5422	9126
624	339403
1933	6138
6176	6203
6144	6230
302	383
1307	8985
3356	6915
2617	8565
6173	140801
5432	84962
1337	1347
9787	54443
4008	22954
6175	6176
5501	23122
4952	22905
6132	6168
932	10970
3309	10049
1937	6130
3797	10112
7525	10298
9343	51729
6201	140801
6141	6158
9879	23350
7153	7298
9585	10112
144699	154881
51289	259287
332	9787
6169	140801
11339	54069
6203	7311
2207	100049587
5339	6189
7756	64149
1933	6233
7984	29984
60	10093
7337	84231
1495	5770
7428	26259
6128	6156
120776	344892
6133	6188
7456	8976
3091	5594
6222	6223
4734	65264
4999	23595
29945	63891
3430	8638
2026	5315
5737	59345
7388	29796
6049	26224
332	29127
6136	6181
6155	6173
6632	51690
10919	53615
11004	259266
10613	11160
9585	24137
6125	6136
6173	6234
6164	6176
5985	55215
6209	25873
23295	54620
5528	8243
10426	55835
3675	3912
1778	5707
1956	5782
27	4690
988	22803
6129	6133
6231	9349
6170	6202
7514	22919
3698	51156
6387	57007
2305	9133
80184	121441
6790	9493
6218	6227
727	50835
10907	51690
2197	6227
28981	79989
29127	55165
915	3559
6133	6194
6144	6234
6159	6232
1084	338339
3093	6047
1642	11091
1937	6175
6139	23521
6165	6173
701	1063
1605	5829
4040	8322
11190	57545
5981	57599
6136	6176
6170	6181
3222	3225
712	714
553	680
5741	122876
2200	5045
719	945
6143	6231
1994	4670
55003	55299
4171	4172
6142	6164
10592	51203
336	2266
6152	23049
3482	26130
1933	6168
26190	65264
57542	197131
5023	64386
514	1350
6154	6231
6189	6234
25	10163
3309	9531
3659	7015
55829	58515
4736	6154
6208	9045
7316	22954
617	10469
4540	4694
29074	219927
5094	9416
10482	23279
1088	2358
3903	84329
5954	10970
60488	64963
5439	10980
640	29760
6201	6233
1291	5033
6144	6209
6128	6157
3914	4233
4853	23509
3921	25873
3320	10808
22981	91147
705	84154
6155	6202
3895	5879
659	23118
58191	63940
6202	6209
374	2069
5708	8453
6155	6229
3799	81930
9877	100381270
6161	6209
6147	6161
389	5217
6156	6176
6138	6175
1400	56896
2873	8945
5196	5473
4116	6637
5093	5434
6164	6217
8688	8689
2782	11245
55252	55777
9793	113130
6189	6230
6165	6167
1933	6135
6135	6207
6426	6432
10403	81930
4709	27089
6144	6167
3797	24137
2222	3157
967	25798
9739	9757
332	81930
6154	6170
6193	6206
6139	6169
10528	55226
7337	26046
79895	199675
3594	149233
26146	28981
1291	10536
29945	64682
988	64682
640	3932
1783	11014
11091	54881
6688	7305
1237	8811
3183	220988
6207	6227
8648	23097
6203	6227
1232	8843
3437	4938
6130	6193
6160	6167
3797	79659
383	5657
8452	200734
640	974
5707	7321
1577	54576
5781	7525
6125	6204
23586	83666
26290	140453
6631	84844
6141	6232
2865	6863
2537	3433
109	10681
1824	1832
1048	80740
6147	6191
9886	221472
5879	6385
3301	10808
3157	3422
2048	5998
9738	10733
7132	9099
8085	8945
9306	9655
4627	5898
4102	158511
6176	6235
846	3357
10489	197131
6125	6201
3482	5868
6921	10987
5201	84617
7311	65264
3134	3660
8450	51122
4736	6139
1634	4060
3017	440689
10618	51246
1230	83756
27334	55970
7032	7033
1915	1937
10285	53981
4288	26586
2197	7178
23028	57504
6923	9978
6136	6152
6208	6228
6206	6209
988	10592
6142	6165
5332	55970
6147	6181
6135	6144
3659	7706
102	6556
6249	10540
3189	9987
1937	6207
6122	6136
5777	7077
1314	9276
50838	56923
1962	7311
6158	6223
389	2064
1350	4695
6228	6229
2033	23013
10890	23011
1933	3921
1292	55214
701	221150
4710	4724
55582	89953
6141	6154
1398	10152
5335	6850
2358	170482
2914	3350
891	1781
6139	6159
83551	319100
6125	6161
6135	6146
7454	7456
2837	5331
3190	10492
6160	7178
6152	25873
1778	84902
84870	343637
570	7311
5347	9793
10189	79902
3191	27316
5747	9564
389	4627
4726	7388
6144	7178
2799	23526
1062	9787
6157	6235
389	9938
6147	6210
6160	25873
2209	10787
6230	9349
10383	84617
6165	6231
5777	10630
2922	3061
4854	5087
23160	84154
3301	3312
4512	4537
6829	54623
2206	2207
25885	55703
1902	63940
3673	3914
6222	25873
6169	6203
6628	6636
6208	25873
7320	9604
6868	7311
7514	81930
6167	6228
10153	79954
7145	10395
643	10803
3055	5747
552	6866
566	8635
6164	6170
79583	80184
6143	6234
833	4677
5436	7936
7456	10787
6155	6203
79682	147841
6152	6175
10713	11325
10713	23451
4508	4519
6182	65008
335	3827
3148	8125
1933	6193
3837	22974
2197	6156
2623	10661
5878	8411
9782	10949
23511	25929
2151	3356
2956	6117
6434	57794
10594	11338
9320	54778
6167	6232
11258	11316
1315	81930
5869	57403
335	345
2197	6138
1387	27327
5624	10232
4736	6222
5768	11167
10193	26118
26091	64750
6122	25873
6133	6135
6194	6203
3619	3796
8914	9126
6189	7178
4708	51650
6790	55165
2864	27334
9341	10552
1284	10536
1894	6790
2071	5985
10022	339403
6138	6173
4513	4537
392188	645402
331	6233
6161	6176
1601	8301
10432	27316
4736	6189
10155	10780
6234	6235
1292	1303
6201	6232
6122	6139
6159	6173
1933	6154
3017	8329
6157	6173
9282	9611
6144	6152
1911	57504
1062	5516
6152	6224
5519	5781
5688	7979
6635	6636
701	9700
54625	151636
23279	23332
891	7314
9877	55746
2771	3708
6130	6229
2767	5599
388	23526
6141	6147
6605	9031
6228	27340
1933	6194
4670	6434
3437	4940
163	24137
9553	29074
25831	143279
7311	55914
3797	79989
983	6502
6636	10465
4734	64750
1601	8322
3156	4598
801	6263
6631	6635
5519	22919
1398	10818
6124	6173
1956	10413
5829	7852
23325	387680
2268	2817
1665	23283
6129	6155
5547	326624
7311	8945
27237	29984
23244	23332
54480	55790
641	7316
871	10491
6125	6144
51650	54998
8329	8347
3191	79869
6181	6189
6152	6201
6635	9883
6159	6218
2071	6830
54820	146057
88	4620
8356	653604
890	5347
3017	126961
116540	116541
2107	2935
5310	9727
146	148
6147	140801
6222	6224
116	5739
5393	51010
5868	51552
6132	6171
7311	92421
4694	29796
7184	9601
5747	7409
710	10747
705	56919
3761	3785
9631	9972
6138	6202
55720	64318
1241	55970
187	5473
9493	23046
7311	10110
7311	9978
3685	7525
23160	56919
6159	9349
5879	100423062
287	10121
3655	4233
4543	4852
6194	53918
8875	55350
3433	4939
6167	6223
10022	51289
1269	56670
9847	23265
2865	6288
9031	221830
6171	6228
187	6370
1937	6189
2695	10266
10274	113130
695	5777
4695	4726
79600	79867
6146	6176
9829	26052
5093	10236
54939	55294
6925	6938
6234	140801
25885	64794
2197	6161
988	5985
5983	8451
9371	10112
8664	116832
988	9967
51088	55832
5546	10262
4724	91942
9787	55165
51081	51264
6135	6137
185	2862
6850	23533
6232	6233
5023	5795
1001	3728
2197	6234
6122	6228
6122	6133
6455	10552
6136	6160
2178	2189
2053	7311
51650	64951
134	6376
6233	126961
6168	140801
3490	84141
3619	10592
1173	5878
185	4922
2153	3827
1281	4060
6122	6173
3183	3190
9793	81930
8337	121504
2071	9014
9382	10905
6130	6139
1121	51715
10885	27042
3185	3192
3339	3912
6209	6235
11095	157869
11014	23046
6207	6208
1500	1969
8655	79023
890	55355
4712	4724
1292	5352
1830	3713
6124	6161
54908	79172
1717	50814
6788	60485
391	9743
6135	6230
8477	55970
6156	7178
6175	6230
1022	5887
6156	140801
7472	7482
10693	55970
6139	6201
10959	11014
6168	6230
1665	10885
1668	728358
3611	6790
6152	6231
26232	55527
5795	6714
2791	115557
1457	7153
1063	4288
7004	10413
9350	148738
1781	10383
1781	10112
2107	6173
6227	6727
10274	79172
7314	64320
8175	10523
50865	64805
598	6774
5433	55197
3909	9459
3320	6461
701	8243
9867	53339
6185	7184
153	6344
553	3062
7328	23608
2197	6176
9228	9378
10749	24137
111	3354
2767	5335
966	2207
5713	5715
6128	6160
6160	6202
4624	4635
1175	4074
2177	11073
51676	65264
257313	387129
26235	90025
9320	25831
3689	199675
6168	6204
6168	6233
6124	6141
3240	4069
4686	11338
2792	2847
57403	81876
51	7311
22905	115548
7409	7454
87	1499
4985	6752
6133	6210
7316	10552
920	115548
6157	6224
5438	51503
55143	57405
8334	85236
2358	3579
64318	84128
1009	1012
389	6453
1364	1365
1650	6745
6147	6164
6158	6203
4508	4535
904	5431
4670	9343
6136	6227
988	9631
1407	7311
1289	283208
23160	56902
23291	57154
1337	27089
8085	57690
1233	56670
3882	286887
4709	25915
2792	2911
3178	10949
5862	5870
680	2798
5768	5806
6709	11014
6234	25873
4171	7298
27097	79595
11224	140801
5868	23011
6208	27340
51023	116540
23014	55832
23601	57153
6142	6233
1938	1975
6135	6142
1956	115548
513	9377
6202	6235
6155	6167
351	8477
6173	11224
4519	4535
6139	6164
11340	23016
11103	88745
5861	11014
6155	6160
6128	6136
3921	6206
4173	7298
26268	64682
10946	220988
2788	55970
983	79172
6158	7311
2770	5599
6168	6189
8021	55746
1778	24137
3200	8338
1385	1387
1453	126003
1537	4726
7415	10576
3619	9055
10514	65083
4670	5094
10458	100423062
1605	3672
1062	11004
6137	6142
3184	9987
1783	10112
400	25839
6147	10399
5111	7027
5706	5714
8945	10075
2358	53829
6143	6223
6202	6233
6144	6201
1329	1350
1069	27077
5335	10818
58506	130074
55703	84172
25831	197131
7454	10552
3185	10236
3105	3135
55720	84916
6125	6158
6173	9349
332	3619
55131	64318
1063	7514
23327	55236
9039	136371
6160	6206
54998	55052
2740	5739
4886	4889
10112	22974
1576	2327
3688	3913
5528	23332
1329	4726
1810	55689
3190	6421
5869	8027
51023	90480
4904	10946
6154	11224
1291	8974
11059	65264
11091	81887
10491	85301
2641	10203
6142	6168
699	10592
3866	3875
55142	440145
2197	6128
80224	374291
1660	55749
1062	55055
9730	64682
890	10403
2197	6202
719	63940
10382	91147
4008	57542
4691	10528
10524	10714
1062	7272
521	4724
3396	51081
389	29127
3178	3192
727	846
6128	6143
6885	23118
23014	56995
1536	84329
6142	6193
10199	56902
6385	375790
83732	84946
6136	6202
1536	2204
6133	6173
6133	6139
1642	5931
6128	6234
3491	54972
1364	137075
1665	3191
8697	65264
8329	317772
7311	140458
6142	6171
6790	22974
891	6790
891	1022
51264	219927
1173	1175
6139	6143
6159	6230
6206	27340
338	462
1915	6130
6160	6227
5695	5701
6176	6234
5741	7434
54874	115548
26285	149461
4736	6176
868	200845
3579	55970
6130	6181
6128	6171
695	974
6461	10787
1398	9844
8027	51429
11070	51226
6194	51187
6159	9045
1398	5829
5432	11051
6136	7311
2197	6152
378	11014
2197	55176
7532	653784
8636	11258
4734	115290
11252	29924
7862	54815
6206	6208
7337	57169
6122	6193
5829	10298
28998	51264
983	3832
10749	11127
5688	11047
5290	9208
6878	8295
963	5023
1662	10528
9341	22836
3921	6147
861	6604
400	90196
950	25977
1717	3157
1937	6142
2206	3702
83540	157313
1933	6128
2268	6714
26589	28998
1969	6714
9128	55234
4867	121441
8775	10618
3115	3123
23122	55746
5861	10890
1058	79172
6133	6147
7311	57530
991	83461
7979	139285
9126	9793
6147	23521
4332	6037
7164	10053
6133	6193
5868	10618
891	54908
6124	6176
8189	23524
6204	6235
6804	6813
6194	9349
5438	6637
4715	7381
891	5515
8945	89910
695	2206
1499	23291
1933	6155
23326	79595
6136	6228
8295	79595
3687	22918
1471	2519
6139	6158
5828	5830
1398	5781
6210	140801
65264	90293
1395	79924
9436	259197
3191	5725
389	1894
10236	10432
64750	115290
6142	6205
4208	4209
336	350
3055	3572
7133	10970
6181	6201
6156	9045
2262	2719
58	60
7919	10236
5529	54821
11169	84296
1062	81930
24137	64837
6169	6234
11187	64065
5905	10762
81	87
3183	10949
9787	10592
3685	6518
7514	55746
3396	51649
3113	3115
1660	3185
2359	5196
6137	6218
2197	140801
4317	6947
6130	6144
10236	51692
4288	10112
2197	6157
4707	7381
5579	9564
988	55183
6157	9045
5725	10657
6375	6846
6227	23049
8337	85236
23160	54881
996	197131
657	659
6224	9887
988	10403
6136	25873
336	5948
2197	11224
2767	55970
6158	6222
1660	4686
3687	53831
1062	1778
6625	23524
26146	79989
4702	4724
886	2846
1303	10491
5861	10749
1500	4646
1656	54464
2185	5578
9918	54892
5173	6751
136	2788
3855	144501
6647	11315
55320	401541
6157	6203
6136	6142
6132	6222
5441	79035
6133	6137
3921	6139
3192	10236
259	2266
4924	5589
26224	283807
6168	6228
3190	10594
813	7184
5707	10576
5525	122706
5707	6790
6128	6147
705	8602
4035	10082
996	5707
3921	7311
1129	3355
3684	53831
8301	9341
6122	6169
377	1315
57153	160364
4343	6714
6135	6157
1667	1668
4240	51280
2692	5745
10155	201514
9491	200734
3433	23586
219968	285093
5592	8654
389	90627
4678	83879
1524	56670
5599	9043
6202	23521
2033	25942
2911	594857
6152	6189
6144	6161
3376	6301
4691	22984
26155	79954
9133	10733
3192	6626
1329	29796
344892	390275
9371	11014
23291	79176
2036	8573
6160	6169
83540	151246
6128	6193
5439	6119
6142	6206
6175	7178
2776	2837
6146	6234
1933	6133
64976	64979
1453	8945
51692	55749
3185	10949
112	1880
3619	5501
156	5578
1062	6232
336	2262
27340	57647
2623	3674
9320	11275
998	10395
1645	8644
2963	3312
2784	6752
1983	6205
6208	6727
1340	27089
6176	6204
7311	8290
6161	6171
6194	6224
1303	10536
3491	10970
8356	121504
285093	390191
3915	7402
5611	10525
4700	55967
51122	84085
9787	55872
26091	84231
2788	50865
9564	10787
6137	6168
1933	6227
302	79026
1022	2810
1908	6863
1398	9046
2521	5725
6135	6209
963	64386
27229	55755
7311	64219
2967	5983
6143	6173
6165	6202
9585	10749
10965	641371
2932	5718
9294	64805
10594	23450
10849	25885
23304	29945
187	11251
4713	10975
5528	57405
108	7252
4717	29796
64946	79682
4710	4728
5707	10213
3672	3685
3071	5829
65083	84172
6161	6164
6138	6152
643834	643847
1062	64151
567	3140
3434	3437
5861	51014
6122	6138
695	5336
9318	23291
1511	4332
2033	25885
329	7316
10523	11100
1387	6601
6146	6204
6175	6234
4928	7514
6205	6230
5529	6249
2799	5476
1108	3094
7424	8828
6204	9349
54742	257194
2266	3481
6453	54874
130	10720
5436	5438
7414	8993
2792	26338
378	10959
6181	6223
6227	6232
6193	6222
1794	5880
639	3662
6156	6169
1103	6572
84154	84365
2033	10735
9277	51118
3191	9128
6152	6176
8450	55832
1778	81930
2847	10563
3903	64386
4353	56729
4830	4831
5432	7316
6135	11224
988	5394
4735	10540
9371	23095
5869	23011
6233	65264
6625	8189
6128	6142
8945	23014
5547	10970
26190	140459
6125	6235
3181	9128
3685	4240
1781	6993
6233	89910
5694	5695
5426	10714
6165	6208
6194	6229
1398	11184
1555	1559
3107	3133
1937	4736
1487	5928
6144	6194
968	5878
9655	26190
3689	84418
10733	203068
6139	6232
55755	57787
2932	23291
8853	11014
8914	11169
2150	2788
10576	22948
996	5708
6189	9349
10153	22984
8087	9444
1269	53829
4035	6385
10332	30835
2177	7398
163	1601
2491	151246
22974	203068
5869	7311
6193	23521
6144	6205
4738	9616
351	3913
1439	6776
1398	10787
6146	6181
695	7409
332	2305
6135	6189
7204	55970
84902	91147
6201	6203
2204	79895
719	58191
6133	6159
2491	5519
57153	199675
2792	391195
8663	9669
2197	6222
51429	152503
6156	6224
1069	4867
4735	121441
9933	10153
5437	22916
6209	6233
1943	2046
3192	5094
2847	2918
6160	6194
3091	84962
4829	5737
3912	59277
6157	6161
8969	440689
3912	3918
1241	2767
4713	4725
4008	9870
64761	83666
5903	10274
10540	22930
4288	9700
4297	192669
3267	5868
2980	2984
11128	55703
1453	6227
3837	7514
2305	10112
9700	348995
1605	5579
3710	6804
1763	348654
84648	353139
5903	54821
2519	3074
6147	25873
1287	3688
3688	5290
10051	23244
6146	6202
6175	6193
6428	10236
2521	57794
6142	6208
462	51156
527	10159
971	973
6203	23521
6132	6235
56923	259292
4712	55967
595	11186
6122	6181
617	26517
857	858
55832	57542
2058	2617
6139	6203
3133	3659
10274	81930
4174	7298
6176	25873
4125	6037
9716	10921
6222	7311
6923	285231
1630	137970
6141	6234
6181	23521
6147	6169
6137	6232
6146	6169
8861	90780
6130	6235
3301	3304
2054	8673
6229	6235
9700	23122
6924	22916
5347	9918
991	151246
5516	151246
4717	51079
3675	3693
6175	6232
29127	51143
3122	55824
5753	6725
23014	79791
6167	6234
65055	138883
2537	10561
5970	23118
246	11283
1398	9564
3672	6709
6709	6714
1645	1646
1452	5516
4758	54472
3482	22848
7469	9656
7311	10952
521	4700
6169	9349
3191	10657
9833	24137
6169	6222
6158	6176
335	5948
1282	1284
7862	9219
3673	8515
2491	6249
6142	6207
6160	6188
2782	2784
2918	4985
5887	7415
10321	57554
3683	8514
6230	6232
6135	6232
2521	3181
4686	50628
3688	7430
6156	6227
6146	6167
1291	1303
10540	57545
9984	23279
2197	6169
1063	5501
1129	5733
4809	6231
6155	140801
65055	128366
5528	151648
3921	6209
701	57082
5725	27316
8924	10489
10121	57545
3579	5515
988	5591
1291	8985
1459	9918
6189	6209
6222	9887
2207	23533
8337	8347
3635	5294
5431	9318
7003	25937
974	100423062
9349	9887
26232	93611
2533	3937
6133	6233
2888	5584
6218	6230
2197	6204
7381	29796
127385	344892
2131	375790
5048	5515
705	84549
22974	121441
10236	220988
983	5519
9655	10489
6144	6169
55127	84172
1655	25804
5005	7276
3915	5954
6132	6147
11338	27316
6167	55176
2801	6709
5701	7316
3214	3216
1595	4597
904	51755
11014	11015
6890	6891
6230	140801
3912	11098
23223	79711
55125	79959
5725	8672
4700	4712
9738	347240
5048	121441
2776	5331
351	3491
916	50852
8453	65264
3913	51280
963	84329
1349	10975
2242	3718
6164	6234
4736	6203
10618	79571
6130	25873
5707	5717
6427	10189
3685	196527
4735	91147
2810	3691
5199	124583
9666	51088
1783	11015
5077	6663
6128	6227
896	6777
3185	55749
6138	6144
6737	146330
8945	11059
6160	6234
1133	8477
51143	57405
4725	27089
2525	10331
7328	9690
55008	57154
6170	6175
10396	25798
55143	113130
6161	7311
388	89846
9655	23291
6233	10111
2197	7311
6137	6160
6130	6206
2817	7048
23011	51715
5879	375790
5422	10592
6157	6164
6135	6223
6139	6228
857	1956
27340	84916
3122	3127
3017	8349
991	996
6139	6154
2788	5294
8673	23208
6133	51187
991	10726
3856	3866
6130	6230
811	2923
10949	220988
6129	6156
6793	10857
388	117289
6135	6143
5711	8697
5199	126014
6169	6208
2932	6790
6157	6175
2790	5579
1894	9493
4695	4700
4670	6421
9978	81559
5347	51512
6154	6155
1116	5004
5427	9768
8688	54474
6189	7311
6135	9045
891	9787
10885	54881
1303	55214
377	10749
1124	5879
259292	259293
3046	3048
3191	4670
2242	10371
5872	53917
9700	10735
4707	27089
4641	5872
302	5707
316	4837
3693	5829
5898	5899
10799	88745
5708	51330
6222	6234
6133	23049
4736	6171
5094	10285
5878	7037
6189	6232
521	9556
2867	23620
23304	26268
6181	6204
25942	51317
4116	6233
4952	5286
4005	4602
4313	4323
2064	6233
3191	23435
64386	79895
3109	3115
6036	6037
3178	7536
6128	6204
4736	6168
6159	6204
3192	51729
7852	9564
5111	5434
6144	51187
1810	26009
1933	4736
1129	2912
6156	6218
57405	79682
6137	6139
6632	6636
219954	285093
4174	10036
1062	10051
9014	57504
10921	27316
3355	5179
6128	6170
3360	7253
1365	1366
983	7321
4540	4709
6217	27340
6144	9045
51715	57403
3853	196374
6234	23049
6210	9349
890	4999
813	3371
351	813
3909	3911
1329	1347
27198	338442
6157	6169
6132	6208
3111	3115
399	23526
1981	22916
9883	23511
6130	6161
1965	8892
3838	5903
6136	9045
6161	6224
1453	80097
2197	23049
1778	2491
3691	3918
1824	1825
1291	5352
11113	259266
6137	140801
351	11167
5903	7514
6142	25873
3832	54892
6181	25873
6222	51187
324	5699
9700	10615
7466	51280
1327	1329
140460	197131
2197	6125
6135	6229
2359	11251
4736	6230
6135	6205
9738	54806
11338	23511
6158	6205
4050	5716
399	257106
5832	118813
6605	55193
4952	9886
9044	55814
1783	3799
1665	23350
10201	87178
8871	51429
1116	3240
6125	6189
887	3827
2197	10952
58508	84661
8976	51429
1387	8085
10236	27316
4904	22826
11127	64792
22984	23223
8717	9530
7336	7341
10250	58517
6233	26130
1933	6142
1515	3113
6613	7421
6133	9045
26249	55521
5704	5714
1500	51474
9690	89910
6152	6209
6147	6157
6234	8562
259287	339403
1278	4313
637	8626
1062	10592
6429	84950
4542	4641
3190	9128
335	4036
6233	11224
6229	7311
3178	3184
6181	6194
6137	25873
5430	27316
10959	26286
10575	84617
409	950
2305	4288
6144	6204
3633	29984
11345	81631
6224	6230
9738	54820
4088	5784
6135	6176
6207	6209
51429	115548
4599	10379
5900	22800
6232	7514
1956	54874
22919	22974
11222	56945
6128	6165
6159	6203
109	2358
6194	6230
4064	9450
3017	8969
336	338
81	3688
6233	27327
11064	23354
6227	25873
6158	6161
3122	5641
23244	57551
11316	55850
522	84833
55755	347240
1937	6228
3490	6696
4538	374291
51132	140459
988	10574
440	2058
57479	58506
3921	6133
9793	57122
846	56923
7124	8740
344892	390067
9685	10618
3320	5829
6218	6233
4539	4541
3055	3702
5869	8976
10540	91147
5441	10980
6124	6158
302	6281
399	4983
153	155
6138	6233
3796	5519
1536	23601
84085	197131
6204	6207
3133	5696
1933	7178
23223	64318
57191	400720
1783	2801
6175	6194
389	399
3607	7311
5422	55388
116540	219927
3320	57545
514	4694
2064	5336
11258	93661
6133	6230
2207	8514
5339	6234
7337	57542
54555	57050
1499	5777
6204	6222
3183	5094
7536	10949
2197	4116
1495	3801
3655	7057
8334	8349
3156	6307
2185	7525
6170	11224
7272	22974
79867	91147
2033	6667
4288	259266
2197	6164
23451	55339
6154	6160
9183	64105
9265	27128
2197	6137
1062	54908
5708	64750
920	8976
673	57498
6159	6229
462	2155
2814	2815
2633	3437
695	3937
163	5878
2782	26086
3827	51156
1783	29127
6124	6156
5822	8568
5747	10787
9801	64965
1173	5868
1017	63967
1639	9493
6144	6154
6202	7311
6158	6194
988	9774
3886	8688
10735	23279
9870	26091
51079	374291
3937	7454
6232	6249
115290	154214
5660	63940
5899	7852
6133	6224
3458	3586
2189	80010
796	6344
1453	55127
6203	6218
6233	9887
6346	83756
6188	6230
3797	10749
1175	29924
6165	6201
6164	6193
2197	6727
1088	160364
6137	6147
6146	6160
2932	3611
3691	3909
23095	64837
8365	8969
3921	6136
26	10562
9790	10885
7316	10920
967	4033
8349	85236
3491	3912
6194	6204
8243	10735
6168	6235
2535	64750
1453	6232
4985	10563
5695	7314
8453	23291
4000	54518
6141	6202
1453	6228
10574	10576
6142	9349
399	94134
55970	126006
6142	6160
6147	6218
375	10959
26290	56667
3075	3078
6142	8666
2597	5315
2957	51808
3054	4899
672	7516
10749	11015
6164	6165
5108	22832
2186	23067
1277	4060
22954	26091
1741	22941
4519	4537
6135	6204
988	3843
776	51764
6430	6432
570	1962
5872	5878
1749	1750
1660	9128
6194	6218
3071	8976
6830	55677
3115	4261
23521	56915
5725	51692
6137	7178
6168	9045
9738	132320
5731	94235
5878	10618
7979	9978
2965	6749
5928	116092
8514	10970
1398	3937
6154	6228
905	79577
27327	80012
54778	84231
9742	57560
9493	51014
4736	6229
55720	56902
126638	353135
29984	64333
2209	2268
7321	23198
1499	5795
9276	10427
2956	5422
6146	6233
6936	51645
1727	23526
6157	23049
514	4700
23423	54732
9329	84265
4952	54874
2153	3481
6181	9349
332	1062
2268	4301
7316	399473
988	6599
3267	10096
389	114793
4736	6135
6222	23521
54577	54657
7311	10818
9636	10964
3895	11167
5970	23291
2243	9715
4999	5000
5747	8976
2197	9349
5054	5768
3433	4940
917	29993
4717	84833
6154	6209
4171	81620
4736	6141
4591	11059
6233	143279
8615	9276
9372	25930
4736	6202
3683	84329
377	10540
2266	3026
4540	4712
2064	2886
6210	6223
2197	6146
8515	22801
7316	54677
6132	6224
890	991
5879	10458
60	57591
3675	3685
51650	64976
1278	1634
2633	5371
6129	6202
1793	7409
26046	197131
5693	10213
5684	5694
6158	6173
1500	1942
23601	199675
6672	79097
6133	6175
6168	6181
10618	22848
22919	79172
51003	400569
10959	22872
3921	4809
6141	6193
6137	6154
2581	4759
23332	25909
9655	84085
6155	6170
9295	10250
51023	116541
6232	7458
10199	11102
1956	2059
5347	11190
23601	160364
197	335
4540	4710
7514	23332
9320	9690
4509	4539
3912	3913
6122	6207
6169	6176
2935	6176
8729	9570
6869	64106
1462	3915
324	5529
6170	6218
3659	5696
3565	3567
6125	6160
966	10652
27316	51692
5330	55970
1075	387263
6133	6189
5887	8450
2521	6626
51234	55831
6633	84844
9968	10499
1084	2358
5119	51652
1350	7381
9320	10193
92170	503542
991	9133
11004	24137
3683	3693
867	6654
3178	3183
1915	7178
3357	4829
6155	6175
6168	6222
6167	10952
3433	4938
6160	6204
3106	3659
813	10618
2247	3685
23608	140462
4700	4725
1121	81846
6698	6707
6135	6138
6556	100049587
7272	10592
6175	6206
6171	25873
3071	9844
7538	9261
5001	10926
3190	22938
6169	6171
2064	6714
8886	55720
514	4724
5879	64333
6129	9349
2932	5704
558	7409
1665	11338
6161	6167
6142	6222
6161	6208
7317	9820
1665	1994
6678	7057
10250	55749
6752	10563
712	7305
10920	150726
3357	5737
174	2243
5434	10594
8687	286887
10857	10970
1781	4735
6193	6202
1107	23186
115106	440145
4736	7311
4513	4539
1398	6714
1655	11325
3178	10523
372	9183
1080	4036
3685	199675
6141	6173
5610	11274
3434	8638
991	64750
3119	3123
3921	6130
9793	23244
1173	29924
1302	1310
6155	6227
5695	5706
6204	25873
3017	85236
28998	65003
3267	10618
9662	10733
917	5296
2203	5213
4952	6233
8467	25942
9739	27327
2769	5330
2033	56655
6222	6235
3190	11338
778	27091
1062	10274
5685	5706
5515	55055
5879	10788
1781	11014
1398	85440
3921	6168
81	5290
3911	9459
4171	55388
9984	10482
3619	24137
5393	6187
6203	11224
1824	5493
5725	10594
6241	51203
5869	10890
64131	375790
3895	3915
6138	6224
23322	57545
6223	6233
1173	2048
6129	6228
6168	6210
6144	25873
57530	100506658
11190	55142
6155	6232
56929	79176
6139	6210
5930	23295
11184	27071
6129	6209
3091	4088
5433	10772
1495	4233
11339	64946
1445	26191
55168	64928
26146	92104
1956	7039
3101	64841
1453	6207
1000	6591
6173	25873
23142	26190
4709	4726
389	64333
6143	6202
5905	54908
57551	81930
6218	6727
57678	256356
5795	326624
5422	7027
336	462
990	3832
4159	53831
1781	5516
6130	6202
6233	23049
5718	8453
2153	2159
4171	6749
64951	64960
6810	6814
8452	9870
11251	94235
6218	7178
23063	23122
23112	192669
10970	222487
25827	115290
3913	5829
1783	22930
3619	9793
2692	2838
8514	11314
3843	10527
5868	8301
50615	59067
1241	29933
6136	6173
54960	79023
7314	9134
3360	3375
4734	9320
1232	4986
3609	10236
3683	79895
2801	5861
11052	51692
5594	5781
8993	10394
7434	122876
5432	27125
2798	56923
7529	51552
915	286749
51122	54165
1315	2804
6181	6208
51602	84946
23304	64682
3915	11167
3274	285601
79090	90411
6135	9887
8351	8365
4205	6938
4194	9099
2918	6752
6146	25873
5469	9967
680	3358
6193	6205
5430	81556
9330	53981
4736	6129
6156	6202
5878	54885
2064	85440
3725	4772
64284	401409
6453	9322
6209	6234
6181	6234
10965	55825
6152	6161
2735	79809
9793	55746
9055	10376
6137	6141
6173	10952
6152	6171
846	50838
4116	29107
420	58530
5660	55970
11004	113130
5725	23435
7184	10130
6142	6181
1994	11338
6556	196527
54625	83666
152	5179
5579	55970
336	2243
4751	4867
1072	5216
1173	7037
351	2841
25831	57154
10489	22888
1727	5594
6124	6146
6142	6152
7531	81565
3360	10888
6850	9564
9870	64219
641	5424
55052	57129
4691	8602
9320	26091
3190	4670
8570	11052
3055	5336
7175	23511
6194	6201
10460	64151
11103	84916
6866	8997
3685	3915
10236	10594
4709	4710
51206	80739
705	23560
5604	7529
3833	9212
274	7316
6428	22826
6203	6235
10640	55770
53829	59340
4512	4513
6176	6228
1289	5033
400	57511
64750	65264
4736	6209
7779	27173
701	113130
5695	246184
2784	594857
10112	11127
890	10460
699	151246
6624	51411
53981	348995
22938	220988
226	7057
7057	170690
91543	129607
1968	8661
4512	4519
6129	6159
6202	6208
4738	5695
5441	5901
6203	6224
3838	4343
10693	11328
55168	219927
779	10369
87	6714
3105	6890
3853	3860
389	89846
11103	22803
2244	2266
2790	5294
3066	23028
6228	10399
10963	22948
1062	3799
8349	317772
6137	6169
5435	9978
1325	6752
55720	57647
6136	6157
10594	11100
472	84464
9744	51454
6790	10133
6141	6222
10803	50865
51592	64682
6169	7311
6188	6189
197	3698
6168	6169
8329	8334
4538	4541
6167	6168
4173	9126
383	671
197	3827
6249	81930
3882	3886
146	2846
6176	23521
6950	10693
6625	10236
4508	4538
1062	51143
521	522
3491	3915
6233	9349
2071	55677
5903	25909
6147	6201
2524	2525
4171	5422
5695	11047
3921	6228
3094	57649
6136	6229
2799	5707
23291	56929
6556	338339
3181	5430
27316	84991
6629	9092
2935	6122
6203	6222
6157	6165
1880	196883
