1781	10466
3109	3122
5795	6518
10155	25799
5862	5870
274	8853
3635	3718
2935	6168
6228	6230
259	2266
6224	6228
55166	79682
5266	6707
1457	10592
2197	55176
7311	54874
905	55677
183	51289
10525	29927
5862	8548
5518	6165
2519	11098
3357	4829
7398	56852
462	3827
3202	3204
6137	6170
7311	57674
1111	54962
9875	27340
164	55330
10540	23332
5335	7305
6147	9349
11251	56670
161	24137
6122	6234
890	84515
10022	259292
2782	390195
8085	55904
4670	6421
3856	5493
891	1783
6229	6234
6229	11224
1063	3832
87	6714
6206	140801
6137	6229
6233	6498
3267	5869
6185	6729
2185	9475
996	1912
1291	1292
5903	23279
147	2150
6129	6155
6129	11224
2967	51755
29093	51264
2956	5422
6141	6202
6249	54820
11218	79084
3267	10254
2197	6139
8329	126961
9493	11113
10236	55339
9551	55967
11222	56945
5432	8450
6193	6234
7311	7321
6745	58477
1783	5516
3054	3607
1994	10291
1933	7178
6147	6210
5868	11021
6160	6229
6635	27258
7538	9261
5347	9493
23586	55601
8334	121504
6207	7311
4332	4353
3190	6421
4541	374291
6147	6189
23020	220988
197	462
5879	50619
2767	55970
3909	9459
6141	6203
10097	10618
3178	6421
5023	11322
9493	23046
26146	28981
2197	6202
3013	8351
2826	83756
1983	6175
6160	6176
1230	83756
2719	3698
51116	92399
51692	55749
846	50835
1230	2790
10403	10615
6157	23521
7311	158506
471	441024
5862	57403
3190	6434
6136	6218
24137	146909
27241	166379
4242	4853
2033	5929
2204	2207
5575	8826
5706	51053
6138	6173
6144	7311
9025	9656
9416	11193
1161	51397
3122	5641
928	3688
6156	6161
6193	7311
3109	3119
991	11004
3675	3685
6139	6142
4726	7381
23028	57504
213	5340
1793	5829
988	29127
317	835
3360	7253
991	6232
6188	6222
6122	6161
5690	5709
9133	57082
27237	29984
6202	51187
2521	6421
8322	8324
2207	160364
7058	9507
1854	7298
7311	9349
1495	5819
389	6453
3181	6775
51317	57649
374	2065
945	222487
1121	26130
567	3106
5429	56852
1455	2810
11190	57545
6141	55272
5880	64333
1445	5829
5519	22919
6137	6209
6165	6232
10574	10576
4713	126328
2159	2266
102	6233
79867	91147
23283	27316
2956	23186
3320	10808
57680	284058
2521	3191
1017	84515
6147	6223
932	10970
7153	9688
1511	4069
3066	23028
1662	10528
5829	9844
22984	79707
10594	51692
2358	23601
26234	79176
9716	83443
5701	7316
7272	9700
6130	6164
6137	6234
8945	80204
2784	2847
6194	9045
2023	2597
5717	8453
9553	54998
5516	5520
4172	10036
10949	27316
11118	11119
23586	83666
23149	115548
8189	23524
4717	4718
3687	441864
23067	57690
1605	3909
2207	3937
972	3113
399	94134
6157	7311
51382	338339
7979	139285
23304	57531
1058	64105
3609	4670
4725	55967
60560	80218
8945	64682
7311	55670
6181	6230
10489	57542
3123	5641
9870	57542
6143	6206
8329	121504
7311	25831
6167	6194
1937	6189
7037	54885
23244	55746
6122	6138
399	85360
1495	5770
2784	5741
6165	6234
4867	23322
3437	10561
4738	5715
1783	79172
2491	5529
7862	9219
6138	6167
472	5884
9133	10733
393	29984
6189	6229
9037	23275
6202	6234
3222	3225
5516	7525
53829	59340
6168	6727
3915	11098
6133	6156
991	79172
22954	57630
5829	9564
3074	23197
1942	2041
9887	11224
6235	140801
6133	6158
6155	6207
6233	84133
9928	259266
6142	6194
6453	54874
10193	10489
5880	8324
10921	55749
6233	23168
1088	338339
705	23560
10693	22803
1605	29954
6144	6189
9136	84946
2521	27316
6135	6224
6134	6175
3301	3303
3913	51280
121504	333932
891	1033
79172	348995
1407	7311
6139	6204
353139	353145
991	24137
54577	54657
988	6601
5707	7321
6426	10949
7204	60675
399	27237
54908	55055
2348	11316
2197	6189
1937	6188
9655	57542
10425	84541
64963	116540
2956	9126
6230	9045
3838	3839
10272	84141
6189	6202
6159	6228
5594	5781
5702	5708
7415	10576
6128	6227
6635	23524
163	9322
7533	10971
7454	10552
5339	6157
11014	29127
10153	84128
1315	9276
6202	7311
8085	9757
6206	6229
6146	6176
3912	11098
3702	9402
122876	594857
6182	65008
7327	26046
6181	6233
7783	11085
8243	55746
10890	11021
4709	4724
3848	162605
552	6866
1739	5290
6208	6222
5591	9656
4539	4540
174	2243
27258	51503
79600	79867
9045	11224
6868	11319
6137	6204
9283	51764
6122	6158
8452	57154
5746	94235
3351	346562
7316	64326
2071	9015
6133	6189
5695	5706
9020	51330
6453	7311
5903	10274
117177	121441
5868	8301
10163	147179
1969	3055
1861	27348
6908	54815
6154	6208
3543	7441
2317	54751
81	1495
388	9938
1783	6711
1462	3915
63915	84062
383	4942
5111	7027
3903	326624
389	2064
4543	4852
7311	25873
6128	6141
890	983
891	995
9833	259266
1237	8811
1994	8570
26091	51465
2917	9934
1994	10285
6206	6222
25831	26091
4194	7316
7428	26259
5054	7424
4602	5432
9276	51014
6175	6202
3184	9716
933	973
2197	6160
389	6242
108	50837
6230	23521
54555	57050
6714	10818
2099	5241
6146	6227
6556	100049587
1129	6751
4159	53831
1783	24137
146	148
1345	7381
22905	51429
899	140460
6194	6207
6165	6224
6165	25873
9604	83737
6233	9810
10096	10097
10484	81562
5929	55832
8945	65264
51118	80135
50511	56158
6159	6207
6233	25831
6144	6155
6129	6233
6234	55127
6161	6202
56949	57794
8662	25873
891	6790
4713	9377
10902	54617
6230	140801
6160	6169
4993	344892
3882	3886
3692	10969
5518	6152
514	521
6233	10111
2692	5745
1062	57551
26284	64965
1398	6714
695	3635
831	5747
6155	6201
9636	10379
1495	3801
6155	6189
10618	55330
7852	63940
5290	9208
2683	3920
6631	27258
79501	285093
51021	84545
6138	6194
9277	65083
4069	6037
6637	51639
11218	25929
3895	5879
5566	7283
11021	23011
274	1956
1236	4544
1213	6453
1660	23350
5528	57405
3437	6772
672	5893
721	3426
1063	23279
9844	10787
6461	9564
377	11015
183	259287
6156	6209
966	6711
1857	5708
6144	6173
6208	6223
3912	375790
5111	10714
701	7153
988	203068
2691	5739
108	797
373	7322
846	51289
26118	51088
1994	10498
6204	6232
5328	10396
2107	6234
6147	6230
6628	220988
10250	55339
2821	7086
864	3683
9700	64682
6233	54778
3107	3659
1856	5869
8833	56474
3915	4233
5048	5516
6193	6223
778	10369
983	84515
2803	5870
6130	23521
6921	10987
595	11186
285093	391211
1495	84962
1350	7388
220134	348995
6237	7525
6138	6205
6146	6218
344892	390077
10155	55663
904	79577
2801	81562
1495	9043
1121	79958
27340	55720
826	831
3728	5493
57122	79172
9341	29924
3267	10618
6155	9349
6223	23521
5516	5707
778	779
1537	54539
6154	6160
1287	3673
6130	6232
3913	11098
6128	6235
3856	3866
10121	26005
657	64750
378	55605
1004	1016
6161	10399
26190	54778
1398	3320
11143	27154
3491	10272
6124	6138
6139	6176
4233	8976
830	5048
1362	3482
8924	8925
10153	55759
10489	51343
6176	6233
90293	221687
10139	10228
23275	23509
811	5589
963	196527
4706	4717
2491	54821
6194	6233
6129	6232
3178	10523
2804	64746
2079	6637
9833	55165
6223	9349
6168	6234
6156	6169
8322	54874
6430	6432
8453	65264
6137	6235
3360	3375
55236	197131
6249	54908
1969	9564
26046	140461
6632	6635
2197	140801
133	55970
2551	4899
1981	5976
6230	6231
6154	6218
8178	11267
1457	1459
24137	285643
6201	6229
1906	6375
841	843
5861	11014
1783	11015
108	6750
6154	6227
783	10368
6155	6228
6133	6229
6233	89910
4514	4519
259287	259293
3683	3688
6157	6205
3091	26043
4176	5111
920	115548
3015	387103
6830	85403
5984	7298
1933	6144
3586	3605
226	7167
6139	6194
6464	6850
10975	126328
2205	3702
6790	9493
25836	29072
6133	6165
3685	9475
999	8907
6181	51187
4240	51280
2099	7031
3691	4233
5430	6878
23511	50628
6548	11261
6147	6165
3107	3133
6281	79026
1329	9551
815	3458
9069	9076
5516	51400
1137	1141
53905	405753
3688	5879
6134	6193
8175	84811
7311	8453
1291	5033
891	8697
928	3655
7175	55746
3305	10963
6204	6234
1058	10112
3685	6518
623	56923
6233	23291
6923	140458
6222	6223
6181	7178
4694	27089
1387	10498
6827	10302
2792	122876
5516	6249
6175	6205
6228	6233
3978	4174
26091	154881
7311	8450
9295	22794
5294	7852
6130	6154
3673	3909
1347	4695
4713	4715
4712	91942
2204	23601
2243	2244
5432	84962
4670	10594
6165	9045
2054	8673
6128	6157
6635	51690
25793	84676
7779	27173
3921	6233
5331	84539
9491	200734
81	7791
3880	144501
4040	8322
197	3481
894	1017
6307	51478
5594	5707
23047	55143
1856	7314
6556	84418
6135	9887
7334	64320
5347	10112
6141	6232
22995	23332
6626	51593
1062	24137
3123	4261
89910	144699
54677	83752
6624	51411
5977	57492
6132	6160
2790	22948
6230	10952
3833	10615
9133	29127
6159	6234
6124	6143
51132	80204
983	79959
10640	55770
29974	403314
3884	100653049
5529	5718
1325	6752
6204	6229
8131	64121
2767	9002
3912	4233
8453	51122
991	9918
87	7525
9188	25885
3685	10970
4734	26091
6168	6170
3833	10112
6135	9045
6129	6169
6139	6229
6144	6165
9824	10112
727	846
2873	8945
2801	9276
6232	23049
6152	6181
10193	26118
5597	5718
3127	4261
5023	326624
3909	6385
4709	126328
824	7525
2033	4089
6205	11103
3675	7045
9919	149111
8976	10552
10885	25885
6223	51202
1237	27199
4695	4708
6144	6218
1364	137075
974	2213
3672	6709
219965	285093
1781	57511
4540	126328
3676	6714
152	11255
6161	6210
973	29760
8317	23649
6144	7178
115290	143279
570	23600
383	671
3133	3660
10552	22905
6146	100529239
56670	94235
7316	7328
4724	4728
800	10398
6141	6223
10975	27089
6363	10563
8648	10498
3761	3785
2865	84432
5693	5695
6128	6201
10193	25831
96459	201163
2960	2967
2769	5330
6157	6164
1946	2268
9655	26190
5093	27238
9969	23389
5331	27334
9133	9232
4928	7514
1956	7311
3074	5476
6204	6223
51639	84844
2197	6137
3054	4899
22794	81608
2799	6386
2967	9646
22954	64219
567	3659
1490	7003
3675	3912
6141	6160
336	2266
6430	27316
4537	4538
8021	23511
3437	91543
1268	9294
7184	51726
9787	54443
5903	23511
4102	158511
996	5717
6155	6158
50865	64805
5515	10776
2065	3691
6233	83987
2222	6721
6135	11224
7089	83439
9690	22954
6169	6235
6122	6228
6194	23521
10274	151648
2002	6722
51676	140739
26190	197131
336	338
6688	7805
2033	56655
27258	83443
5695	51330
7311	11224
3854	8689
1511	4353
1778	2801
2769	5335
10022	51289
891	2491
60	5879
55863	91942
3549	6469
6139	6146
6165	6201
1639	1778
174	6694
11051	85313
904	2967
3921	6230
6125	6206
4736	7311
2197	6133
6628	10236
991	1894
4686	8021
81	55243
10189	79902
967	5878
3683	3695
8189	10921
6637	51690
3178	3184
7311	9341
51373	64951
1060	57082
514	93974
5438	51503
4597	4598
5519	5781
26146	92104
350	462
9739	23067
6122	6207
2197	9349
983	121441
1453	6209
1511	6036
3185	51692
6233	7178
6222	6229
26190	55236
2935	6189
2792	26338
10576	10693
6233	6714
1813	4283
160	1601
6133	6142
10963	22948
336	4547
213	5265
988	5725
8648	9967
6154	6168
6605	57492
6176	140801
6147	6181
6045	171023
719	58191
197	3698
1524	729230
351	5340
7832	85456
5093	51692
29889	51154
5695	10213
1660	55749
983	2491
10121	57545
2358	160364
8027	8301
1173	5878
11252	29993
6788	6801
335	2243
5426	8914
2837	84539
26146	55112
2358	3579
140881	245911
7846	150465
3184	6427
51465	65264
23283	79869
6137	6233
4867	57545
51143	151648
6426	7536
2912	5179
6426	23517
6167	6235
5657	8635
5347	54820
51350	112802
2535	8324
5707	5717
5594	6667
6138	6139
3842	10527
10726	79172
55131	84128
6201	6210
6228	8662
203068	440145
2358	338339
6152	6156
4690	9448
335	4036
891	9493
6156	23049
991	10726
4085	79682
23020	27316
5610	6774
3062	6869
1778	5707
6117	7156
5870	57403
2058	2617
108	283869
9553	29074
2131	375790
6138	6202
274	11252
10921	51729
9318	140461
1084	23601
4069	5199
830	1315
1650	58477
2491	151246
6228	9045
6160	6228
6232	54820
2911	594857
5149	54714
904	9646
84231	197131
10395	23371
2935	6232
6427	7307
81930	259266
2123	2124
302	6386
9585	81930
7124	8740
2036	4646
259293	259295
1174	10016
2197	6232
5879	10788
23332	57551
6599	6601
4508	4513
6130	6161
5725	11338
3156	4597
683	199675
3007	3024
1605	375790
5931	54815
513	374291
23332	146057
6234	140801
4952	22905
1816	4160
5590	23286
90	4088
4666	6136
3703	6185
9126	23332
160	22872
10713	55749
2832	3827
10155	25888
84962	126374
4736	6137
4512	4519
51069	55168
6205	6207
3685	375790
372	9183
174	51156
695	118788
1314	9527
6133	6136
1601	8027
4173	5426
55165	259266
1285	1286
6204	23049
11196	126003
4670	4686
6176	6204
1398	10152
6135	6206
2521	5094
7178	25873
23304	56658
6135	6143
1660	6626
10592	23310
8886	23560
6169	6228
2790	2863
377	830
6157	6159
5347	5707
10618	23431
6189	6224
3181	5094
6193	6227
6155	6164
1337	1350
1910	3827
153	6343
25897	55175
3212	8338
4998	5426
5741	7434
5695	9232
54821	81930
4513	4536
338	4973
50835	50838
185	2642
6139	6235
6241	9700
1029	1030
6231	9349
8452	23198
1356	54757
6556	160364
1783	5861
3856	144501
3685	3903
8689	54474
2197	6130
617	26517
9318	27252
9341	10552
23063	57082
7021	83741
3683	196527
57154	151636
6138	6156
3915	10130
5518	6232
1291	5352
2782	11245
6518	10857
6146	6206
1812	10268
6125	6202
905	6667
1880	196883
10458	10552
10693	11328
4536	4537
1062	10274
6231	9724
23327	64750
891	5861
400	55275
553	3062
51382	79895
3437	55601
5688	5695
114	1814
846	6870
4176	4998
102	1495
983	4288
1994	3190
3482	4905
10071	50614
10466	55275
11343	57552
2792	5741
9742	55112
567	3133
54778	57542
6128	6159
350	5267
7311	11059
27316	84991
7305	23601
3832	5422
4736	6227
23601	338339
3091	4088
50506	90527
23244	57551
4709	4713
5878	23011
6138	6204
5519	79172
1981	6164
51592	64682
5516	54908
1062	4751
9833	24137
6138	6142
1665	23283
55212	84100
8514	10970
3192	10250
1660	23283
2633	10561
2132	2817
6136	6206
4940	10612
274	9341
58508	84661
6202	6207
10561	55601
64963	92399
1854	4174
1655	11325
6124	6203
9730	80067
22936	64859
3619	57082
6201	6230
1495	5584
22917	57829
5684	8658
4057	6709
23030	51588
25926	51096
1058	9212
8925	54778
9294	64805
1161	7518
2960	9412
3434	8638
3054	23067
4343	84441
1435	8542
1830	6699
399	9938
7414	103910
23014	79791
29088	51264
51172	84572
6218	7311
6830	55677
23327	115290
2865	6288
6224	23049
6129	6228
6128	6206
5869	8411
5540	6755
24137	259266
928	113177
51692	57122
6218	6223
9551	29796
6169	9887
23627	137797
6176	6223
301	2788
2207	338339
55703	84172
3433	4938
6189	6193
7311	140458
156	2121
3918	5829
6218	6234
7409	27071
6747	84061
9879	11325
3190	220988
7311	10952
6169	6230
8289	57492
1956	2268
6222	51187
5433	129685
5529	81930
6631	10465
11098	84141
6229	65008
6142	6175
3105	6890
1859	5928
7249	7532
1781	57545
26338	65055
811	5034
7536	10250
1062	5903
1994	27316
9277	84946
6168	6229
6206	6235
389	7409
335	51156
6228	9887
8463	25937
56624	259230
6135	6161
2071	5985
51143	348995
1453	6218
905	23168
6218	9045
9551	9556
1911	4343
4508	4538
10749	11014
746	1603
3688	83660
6613	79902
2207	7305
4599	51191
2033	10847
130340	152503
6155	6194
302	23526
26091	26190
5684	5688
6165	6231
4509	4538
796	5745
1956	8976
80097	653784
3681	8515
6209	55127
65083	84172
6233	55777
1991	10394
5579	5583
6231	9887
1774	5199
133	2863
6159	6188
3091	6233
64426	79595
6135	6233
2932	23291
55168	219927
6625	51593
6122	6135
3918	9459
10075	51132
6934	8945
2767	5296
3973	4160
10949	220988
1213	9341
1294	2157
6137	6169
5001	222229
23149	51429
6146	6234
10615	22974
1956	5796
11190	22974
6203	6204
6155	9887
6218	11224
332	57551
1595	3156
988	9126
127544	154881
5286	9685
1559	2326
5834	93100
2918	4985
25937	51421
3184	220988
79172	151246
3683	3685
10096	10152
5903	7175
9138	55970
4116	6218
10121	80184
1981	6133
84085	84261
5579	55970
302	5834
3884	3885
6138	6210
7514	55746
65003	219927
891	7316
10236	10949
115290	154214
4641	9371
4508	4514
3688	3914
10193	80204
705	51602
6147	6229
5832	118813
8329	8341
57405	79682
4700	51079
1445	2213
5422	5983
2475	6654
197	2153
1350	27089
55703	55720
2975	10621
2967	9014
10285	53981
6230	27340
5394	5822
5194	7311
1605	8910
4736	6154
5431	9879
6165	6170
3921	6165
2863	7204
2801	2804
5829	23209
9378	54413
6159	6193
6130	9349
1062	23279
7311	8945
3091	5707
6210	22984
6205	25873
5584	55243
6124	23521
10616	81559
6137	6139
3185	10949
8541	64130
5869	8322
3105	3659
1453	8945
5199	10394
2207	6556
6249	81930
1062	10112
2197	6147
1062	1783
6227	9887
6181	6204
4537	4539
1605	6714
4172	4175
57405	151648
3635	3667
11022	143689
5436	85437
23014	64219
5708	7415
6122	6124
1856	29763
1981	6146
4005	4602
6142	6208
6746	28972
6175	6234
9886	84144
6405	23654
5439	6923
9730	64682
5887	8450
9277	80135
391	8503
9320	25831
4540	4712
334	3491
5781	6714
6187	10557
6218	6231
4709	27089
5108	22832
11103	51575
1783	10112
1793	5747
50831	51289
6143	6194
8452	51088
5905	23225
6160	6235
6142	6206
64106	347148
776	51764
344892	390275
3691	3918
4952	6272
6346	83756
6155	6218
1915	6147
4125	6036
6453	9341
6181	11224
4116	84844
4952	9886
9039	10425
1595	6307
6233	7311
999	3918
6175	6210
4288	7153
23279	113130
1277	22801
28981	79989
25942	51317
1329	4713
1936	6132
1576	2327
23511	57122
3001	5551
8886	64318
154214	221687
332	5501
6137	6230
8698	63940
4301	7082
6160	6230
6169	6194
830	6711
9727	23265
9343	51692
6137	6208
6143	6171
6122	6155
1337	1347
991	64750
2048	8976
6146	140801
5201	84617
4707	4713
5438	6635
6136	140801
551	6846
887	5020
1660	3185
1277	5118
1994	10949
6194	6206
950	25977
2209	10152
1062	9585
4686	10302
991	10112
23352	26118
56923	259292
3429	8638
6181	6235
378	11014
51132	65264
6386	10487
2935	6122
26589	219927
570	6233
9700	10615
383	10394
6159	6230
6122	6159
2918	10563
1902	2185
5970	6667
4695	4712
813	3569
6144	6170
335	4547
3488	7857
6222	53918
6135	6227
64979	219927
1291	10536
1439	5296
51343	142689
3850	196374
4514	4539
112	1880
9787	10112
7311	115290
999	1500
332	7514
9212	83461
1933	6130
8766	10890
3376	8565
6133	6209
6158	6175
6181	6206
2916	3351
51429	54885
4707	4709
3688	10298
8976	10458
9790	27340
919	7535
3978	4171
389	64333
11015	23046
1965	8892
5954	51280
6227	6233
54778	197131
1088	170482
5903	79172
916	2782
3921	6209
4736	6203
56165	136991
6189	23049
2091	6217
7322	9867
10885	54881
4926	5116
6141	6142
2147	2243
10484	79090
55839	79023
5898	5899
3725	4088
5928	8085
9793	23332
4670	9128
4713	4726
919	3559
1781	3797
3437	4940
1453	6227
2155	2159
1595	4047
55142	440145
57511	84516
2197	6164
287	10121
6152	55176
7311	89910
6218	140801
1778	29127
673	57498
9320	140460
3017	126961
6137	6142
6135	6164
6203	6209
6135	7311
23014	143279
26046	26268
2060	50618
6230	9887
1742	8831
6233	9690
3181	10432
5093	6625
3559	8651
3183	4670
6165	6168
10552	23149
6142	6201
868	5930
8412	9564
3434	10561
1058	9833
51143	57405
8976	29763
389	5217
140807	319101
6158	9349
23283	55749
5711	8453
4862	5054
6176	6234
9870	65264
1662	84365
5976	56006
3913	11167
2817	7525
3797	28981
5829	64098
8924	23030
25	5893
1453	6201
1933	6227
11004	55143
5706	5718
4008	55236
6135	6169
27134	100506658
4725	9167
2207	5335
1660	10492
2132	375790
988	51692
6156	6228
988	5094
3433	4940
2790	5581
1213	6233
54926	57542
25885	27340
9877	100381270
4116	6633
6210	6222
6167	6223
1659	9343
389	257106
51602	55759
4700	4713
317772	440689
7337	26190
672	64682
4736	6135
988	10713
6167	6206
2790	10888
6218	25873
4538	4540
10274	55055
6209	9045
7343	9112
3190	10657
81	9564
6157	6203
86	8607
6130	7311
5116	55125
6176	6181
6173	10952
23582	25949
11322	55754
3886	54474
54960	79833
3115	3127
4694	4724
9553	51264
8295	79595
6193	6222
29763	51429
1870	5928
10574	10575
3481	3827
2740	5739
25831	89910
6517	9968
5879	9181
640	974
7532	80097
55720	79954
6628	6636
6189	6232
6189	6207
10733	55142
10112	10749
5781	10818
1778	79867
10075	64682
27316	51692
11102	134430
6144	6234
6625	11338
727	51289
11052	51692
6161	6224
1660	4670
114	259285
3903	10970
8082	8910
6128	6170
3185	9416
226	2023
6165	6222
6222	27340
8655	23218
887	4295
4710	29796
6128	6167
966	64386
3433	4599
641	5424
3437	4599
4343	6233
6232	7514
1915	1937
10051	23244
1595	51478
9040	10517
3191	7536
3797	79659
9021	57674
5519	10274
1457	23411
23322	79867
6428	7536
6827	25920
7316	22954
7979	9978
3486	3569
796	6344
1088	160364
1981	6160
2359	6370
2099	6198
7272	10403
5930	140460
25831	143279
5725	10523
389	9411
1385	1387
6194	6203
6142	9045
4724	27089
11325	51690
3909	3918
140458	285231
6146	6727
6605	29117
4763	7311
8189	51639
9631	65250
55326	137964
27252	55585
2107	6173
4695	4713
10540	57545
1315	84516
6667	27327
595	896
6455	9322
8321	8322
322	333
2064	7525
4736	140801
3187	7919
9793	113130
3837	10575
8976	22905
514	1350
10193	26268
1778	10577
2023	5315
6159	6233
4033	4257
29796	55967
2803	7110
701	9793
25831	65264
9611	23097
4926	55755
991	1017
10885	81887
6235	9045
22974	121441
643	64805
2491	25909
1499	1969
462	2159
3184	6434
23014	80176
996	4734
5217	55740
4297	8085
6456	9892
332	7153
9793	11004
6168	6230
56923	259295
6164	6167
6387	57007
1994	5725
1981	6201
6157	6230
8451	55208
5861	5878
11176	51742
6181	6201
1107	23186
6202	6206
10236	22826
64750	115290
7178	10399
6139	6201
23291	55832
51491	55651
2186	8467
6154	6223
23423	54732
5741	8074
9128	55234
1462	84141
991	51676
5700	5705
55339	80335
607	8945
891	5526
23601	160364
6176	6207
1650	29927
3855	3866
3181	5430
9847	23265
1969	2050
6233	440689
506	8802
4736	6235
983	7321
6122	6232
6130	6139
6176	11224
3214	3223
55252	55777
8925	10489
2782	2784
6908	7027
5725	10594
8969	126961
8334	8347
3619	5501
10921	10949
6230	6232
6667	7402
6429	10946
3663	23321
51602	84946
4952	6233
57531	90025
7321	8452
5933	132660
4512	4538
6176	6206
6146	6201
58	5879
4008	23327
5547	25798
6142	25873
5879	7409
1981	6222
25831	80204
55829	58515
6234	23521
64976	116540
4535	4537
1981	6135
1660	10713
3184	10236
1660	3191
2197	6181
226	5223
567	3660
3937	7409
1937	6228
950	22848
5339	6234
6164	6234
5880	27237
1933	6209
6223	6228
26005	79867
1325	2847
5269	5337
332	5528
720	721
4696	4710
10959	22872
1495	4301
1161	5887
6135	6154
6133	6227
1116	5199
3191	10949
6143	6173
116	94235
3916	326624
1062	54821
3283	6718
2244	2266
1933	6193
9742	26146
6208	6230
53981	85313
1173	2535
6229	9349
2131	2132
6155	6175
6181	23049
5518	6222
6133	6175
6167	6168
1453	80097
6194	6234
87	51097
10102	51021
2197	55127
7311	23049
10733	22995
6233	64410
2635	5371
9320	57154
904	905
146	2846
2932	5714
2799	23526
1121	51715
10250	11100
1605	3688
2932	5526
10432	27316
10489	84231
4904	9410
891	9232
6218	6228
4670	11052
1969	2268
57381	57514
3190	7536
6160	7178
26354	54475
472	4361
3113	4261
991	9491
3312	10808
6202	6218
3185	9716
332	10112
1063	22974
3008	3024
9493	9787
4736	6189
3672	7402
4707	54539
5119	9798
6774	9021
6176	6228
23350	79869
1108	25942
6134	6139
4088	7048
4208	6929
399	9743
9493	10749
1120	5130
6122	6204
1394	1816
6129	6157
2168	2169
121391	286887
3094	57649
1962	7311
3672	3913
3183	10236
3491	3915
2125	11187
4670	10432
1601	6453
6193	6233
963	11314
6189	6230
6708	11280
10849	25885
57542	65264
3685	84329
2537	3433
7409	653361
2071	27125
1069	9657
4983	5880
1435	6696
4904	84950
6230	23049
6230	6234
9341	22836
4591	65264
2912	6751
7321	79176
1282	1284
56165	91646
963	3903
5439	51755
123099	340485
7525	10298
51715	201475
1062	1063
6209	9887
3187	7536
8074	29106
4513	4514
4709	4726
2621	10272
111	3354
9382	9827
85476	90480
3659	54739
6202	6230
5720	5721
27340	84916
988	3191
1232	8843
3190	23020
6156	6201
972	3109
6143	6232
5879	6249
3921	6202
11091	54881
10919	29945
6128	6207
51676	92591
3903	10857
6188	6189
991	4734
3015	5436
695	7305
23279	51692
8925	197131
2521	6626
338	2153
6194	6208
6144	6159
6154	6210
4709	4725
4540	4701
1781	9657
22897	79598
4678	83879
1398	2185
5204	6637
80184	84962
6137	6222
7328	23608
983	11130
302	383
8688	286887
6934	283149
80224	374291
10013	25942
6139	6175
521	7388
377	10749
988	8449
6233	9101
64151	157570
6223	55272
6232	7311
1994	3191
6155	6170
51692	80335
1462	10082
54908	79172
10112	64837
1062	2491
5329	11322
57129	65003
1456	7534
3921	9349
116	59350
377630	401447
5430	6601
5822	22984
8467	25942
3183	3190
6141	6168
2957	6619
5880	9844
4584	26290
7311	8976
6122	6203
6207	6229
2266	9715
3183	6434
9928	11113
5179	9210
4194	57690
1349	1350
3071	10458
688	5468
9320	65264
383	56729
6667	8648
6385	10755
776	27092
9045	25873
5469	9968
23355	27072
27076	154064
6233	23014
23560	84172
26	10562
58	87
3672	3915
8689	286887
3017	6688
3912	10970
389	90627
2932	5711
1308	3691
3055	5829
6426	10772
991	5708
3178	7919
991	1778
6137	6138
1017	64682
1350	440567
4584	140453
92170	503542
23224	23353
9126	9793
6147	6234
2935	6169
6137	6206
389	30851
23	6059
5829	375790
1058	151246
6175	6235
6181	25873
2197	10885
3190	10492
9276	10959
64114	196527
391	55843
6154	6155
5699	11059
996	51088
3008	3009
9475	9826
1738	4191
6142	6147
11014	57511
1937	6128
2817	4035
3048	4778
3685	326624
3921	6194
79600	80184
1933	6222
134	5660
1783	81930
6147	6176
26019	51121
6142	9349
3355	4889
5663	23317
640	3932
411	153642
10762	84271
23291	55236
9448	23118
6133	6202
1062	5529
9716	10921
3688	3695
5747	5879
8760	129642
8452	10075
6189	6227
3320	85378
3685	3897
9793	151648
984	23332
6201	6223
5985	55215
930	933
3267	10097
7531	81565
6171	6173
6206	7311
6193	6235
5082	10574
8349	121504
248	152330
10298	375790
5714	6790
4508	4541
1981	8672
2956	6117
6157	6222
1062	23095
6138	6169
3270	147111
3833	146909
2033	25942
10919	79813
11250	83551
6139	6223
5426	10714
5928	10013
10749	11015
8615	10959
1981	6139
3833	11004
5707	126374
10075	80204
514	4694
51465	84541
1778	6993
6047	9604
6169	6203
11251	94235
983	7272
5684	5685
2932	5516
6934	83439
6165	6230
55143	57082
3320	10383
393	399
23014	56995
1933	1937
84539	222545
4541	4726
10857	196527
1062	5516
5347	259266
9666	89910
6631	6632
6136	6217
3913	10272
8301	10097
6165	6223
955	374659
1536	4689
3718	50615
22984	25885
3921	6206
4924	5589
5528	51143
9276	57410
10802	51128
22984	23223
3482	26130
5978	80012
5094	84991
988	85313
9371	51014
4738	54939
6222	6227
23160	51602
9700	23047
84105	347732
2782	138882
2147	2244
4712	27089
6210	27340
8452	26091
6209	6233
11176	23309
8243	9700
1394	4160
5589	23193
1660	1994
6130	6218
5781	6774
6135	6229
26190	57154
6754	50837
5710	51686
671	8993
627	2247
1915	6202
1132	53637
6152	6157
6181	6229
6143	25873
6152	6175
6139	6141
905	2967
2683	54918
6385	7852
6874	83860
6135	6171
1315	2804
3055	3684
23471	60559
6209	6229
6173	25873
3799	24137
8969	653604
11014	22818
6272	7164
6168	9349
3619	10274
6164	6203
9883	10898
9371	23095
102	813
6181	6223
2491	6249
51023	116540
3836	3838
4172	4173
6129	6137
837	841
5507	6233
3921	6222
259290	259292
6181	9045
7311	23600
1908	2865
378	5861
1793	9564
4695	29796
79090	90411
3215	3216
6204	6227
3107	5696
5707	7316
1063	6232
4700	9551
4670	10291
6233	9927
553	6869
1431	54927
23112	26523
3190	3609
3688	3913
2358	57413
86	54617
2537	4599
6155	9045
3685	3695
9493	55165
890	151648
6138	9349
11339	79682
332	79172
2935	6133
335	2266
7454	10787
2935	6176
6235	27340
28998	219927
3909	59277
6133	23521
3030	3032
6193	6208
6130	6189
6143	6157
6790	24137
10920	26263
8970	85236
4686	5518
115827	326624
64750	65264
10484	56681
57154	57674
2801	6709
4626	8735
324	5529
6152	6164
2033	8243
9126	23244
6138	6161
6233	140460
84648	353145
983	79172
6170	6229
6227	11224
4332	8635
1994	11338
5861	5869
3860	196374
51134	80184
259287	259292
2597	128240
1936	7407
5528	9126
6453	9322
9787	22974
6146	6170
10540	22974
79867	80184
91543	129607
7840	347240
4957	55755
10802	51014
29074	55168
6233	54363
3303	3320
7311	55272
6790	10133
3375	7253
6141	6173
4008	55884
10857	84329
3115	7535
813	11098
2521	3185
6156	6222
6210	7311
8453	56995
6136	6147
9320	10489
6202	11103
3054	25942
846	10022
10555	94103
1933	6206
7536	10236
3685	8514
3984	54434
22905	29763
904	5433
3486	3491
4758	54472
3903	5023
9690	221687
1398	10458
6146	23049
10733	26005
196527	326624
3111	3123
6152	6234
9585	29127
990	10592
6124	6161
1781	80184
996	9820
1915	6159
84078	89890
1956	3912
1991	4125
4171	5984
3619	81930
801	6263
7919	27316
680	846
5869	5870
6218	6232
6872	81887
867	26130
2535	55970
6610	339221
4726	7388
5451	55718
4695	4726
2243	51156
9126	79172
79470	344892
351	3913
6613	7341
23279	51362
1022	9015
9493	51014
932	966
388	55843
3093	6047
5741	122876
2792	343172
8192	9361
3181	6628
6133	6234
5433	55197
6147	6157
4694	4710
2147	2153
1994	220988
6146	6189
1902	29933
5529	7514
3046	3050
4852	283869
9322	23265
2967	27125
8243	9793
6288	84432
3921	6228
6734	58477
6189	25873
5516	10213
5747	8976
1303	10491
3359	9177
5980	56852
5111	23649
399	23526
3838	6790
3491	11167
5328	5329
6164	6207
6202	6222
4985	6752
26155	117246
1937	6207
4710	4728
6709	7430
5311	9727
1642	56852
6164	55176
3886	8688
1452	5714
1676	3836
4839	55720
8453	79699
558	7409
320	5864
6144	6223
6141	6176
10965	55825
6632	57819
5705	10213
2740	59350
1894	5347
51434	80204
10921	27316
991	29127
1387	23097
5725	27316
6613	10038
6122	6129
2791	115557
6128	6222
6144	6224
23019	55571
6202	27340
5119	51652
10112	24137
6201	23049
4736	6222
6135	6210
6175	6206
846	339403
10285	23283
6136	6188
9329	10621
5739	94235
9551	84833
1650	6836
6205	7311
6132	6169
1933	6147
7596	10155
3586	6775
26155	65083
10930	29974
6152	6209
983	80184
6363	6752
6137	6158
1763	348654
2935	25873
2073	4331
302	2799
9436	259197
2633	3437
10733	146057
996	6233
891	1781
3624	10272
3308	55706
6222	6230
51143	55055
4591	11059
4173	79892
1499	5781
51079	126328
9055	9493
1306	50509
6135	6167
3376	51520
7529	51552
1387	6938
5700	5702
2147	4295
3437	10964
212	2623
3134	6890
10250	27316
3433	10964
1453	79867
3688	7045
197	338
1453	4809
6746	60559
6228	10399
991	1781
6227	6229
6009	7529
6872	83860
2033	6667
2034	3091
10885	23404
10663	259293
8945	23014
2696	53831
57542	197131
6128	6202
701	3619
6144	11340
6203	11224
974	100423062
9188	54881
1949	2045
8341	85236
197	335
6133	6146
8334	8969
8453	9820
6142	6223
6233	55008
10155	80110
6146	6160
51692	55339
5872	8766
641	5427
3185	27316
920	5335
516	26521
6164	6232
1822	57504
5469	9967
5747	9475
2521	220988
6139	6222
3685	11322
55781	84135
10575	84617
109	10681
4171	4175
6144	6204
8945	23198
945	3685
6235	55127
1642	11091
1088	23601
727	259287
6122	9045
1234	1236
161	867
6173	140801
400	25839
6136	6139
6993	10755
3921	25873
3978	4173
10236	10594
8570	11052
7919	10236
10900	284069
7311	140801
4641	10552
4736	6206
4670	51593
2197	23049
1431	2747
2159	2243
351	10970
1084	338339
1329	1340
1937	6138
23526	51816
6128	6233
3949	5868
6233	8945
3688	6774
6672	10475
9462	64926
1499	23291
7514	9972
7158	8243
11190	26005
5688	5705
117	7434
2935	6181
983	219771
2033	23067
4713	4724
56902	84916
7536	27316
6130	6193
1121	79090
10466	84516
22984	57696
3921	6168
53831	441864
389	399
4495	4496
399	26084
3304	3320
891	151246
4734	64750
6154	6228
6152	6207
23046	51014
1329	4712
6663	27022
10733	79959
4736	6170
1915	10399
6224	6233
6155	11224
6727	7311
399	57449
6139	9045
10970	64386
9793	23244
5062	10298
54998	118487
5870	8766
6128	6175
7410	63916
51023	118487
5266	5493
3106	3107
3308	10808
988	23435
932	945
6171	6228
2792	219438
4940	10964
891	5515
6138	6218
6750	6754
1555	1559
3914	4233
1605	3912
1500	1739
26005	26123
4599	8638
4088	64750
1386	1387
5868	64145
10787	100423062
79583	79600
6138	6152
6147	6218
84902	121441
3685	160364
595	4609
3937	11184
813	3912
5460	55211
514	4713
6223	10952
6164	9349
6432	84324
5547	10970
8468	91646
5688	7979
90293	143279
8329	317772
53829	57413
388	389
6122	6173
3664	23650
4735	23265
6201	25873
4710	4718
2788	2837
341276	344892
8969	121504
7381	374291
917	1173
1499	5707
9350	56963
6206	6209
6233	7186
2551	3054
4886	4889
23244	25909
1937	6130
3109	3111
23279	55339
287	6326
5688	25906
5795	326624
9886	221472
3181	3190
1490	7004
6156	6159
5290	6667
4582	10164
3921	6122
2625	3169
9282	9439
26523	27327
4033	10970
4666	6129
6161	6165
4008	57542
87	78991
6128	6229
5432	11051
6173	11224
6155	6204
3837	7175
5695	6500
6201	9045
3122	7535
2533	7408
7311	154214
6009	64798
158506	246184
8467	64426
6877	51593
9276	22872
6164	6176
22974	83461
8688	54474
4700	4712
6189	6201
23291	56995
1981	1982
1839	3976
6161	6164
6161	23049
3912	10971
2782	390036
1022	56949
2912	5733
3921	6232
336	350
23404	54881
51264	64928
9039	10293
1191	2162
8491	10746
5518	5534
5725	9716
6229	6230
3660	10475
1337	1340
890	51203
83551	134860
10489	25831
1063	5518
6194	53918
4867	91147
5435	5439
7321	23198
7456	10458
6124	55629
8843	50834
29984	257106
4726	29796
6138	6159
54657	54658
23122	25936
6157	6234
3937	5788
9790	9904
7311	8322
4867	121441
4519	4540
6498	64750
1956	3918
6154	23521
9716	10250
9739	27327
4707	27089
1956	54874
3655	5339
3354	51764
3832	6240
9798	27183
1956	5328
4736	6169
5426	9126
6194	6235
6136	25873
64792	92104
39	3157
1551	1555
1660	10250
6154	25873
917	11252
6173	9349
10112	11113
6130	6208
55831	56851
5424	5591
6168	6175
8313	10297
6233	11059
6147	7311
53917	326624
6189	6208
5439	9978
8976	10787
988	4999
1933	6194
6189	7311
641	2177
51079	54539
6132	11224
915	29126
6168	51187
6139	6173
7153	11004
4088	23327
1062	83540
3913	5954
3185	3190
2730	2937
6233	7189
7416	55669
9738	163786
335	338
6147	11224
25978	51652
1956	5579
4905	9527
4736	6204
1081	7252
3832	9585
1981	6134
1340	27089
9282	9967
2197	6201
11113	259266
813	84141
1499	2932
3191	11338
904	27125
84085	89910
6124	6224
6625	23524
9349	9887
6160	6202
6139	6156
999	3691
1908	1910
6619	10623
1665	83443
9128	51340
10051	10592
2788	2863
6124	6232
3214	3215
10285	23451
3921	6135
10484	51014
1398	1794
3921	6152
6156	9349
6157	6206
3619	51143
4088	5784
857	1950
617	90639
6132	6224
344892	390063
79339	344892
4599	4939
5394	6154
57153	79895
3184	4670
54509	445328
5903	25909
3183	10949
4715	4718
6167	6233
1938	6142
6129	6209
6167	6208
2788	5331
6230	63931
23279	23332
3619	23279
4952	286451
5868	10618
7316	83752
1991	5199
1387	27327
2033	9031
6428	220988
1062	9493
1933	23521
6147	6194
8740	10673
55629	65110
8976	23149
3091	84962
6182	51081
6193	8666
8514	10857
5438	84844
4948	7299
5518	55746
6709	124583
3553	11213
2912	4852
886	2846
1281	1290
8976	55243
6143	6189
7343	9013
552	2847
6146	6208
8886	79954
1292	3685
1303	5352
5706	5714
3619	29127
5609	5879
81537	259230
51258	64951
11325	55749
9585	51014
6133	6224
6144	6235
6170	9349
1291	3685
6135	6173
6218	23049
3071	5829
2782	284383
1660	10523
1756	284217
967	25798
6141	6175
163	9341
22948	55970
23	1660
6188	6229
6130	6138
2072	6233
891	2801
6997	10637
6434	27339
6122	6202
50813	57542
4343	6714
3619	5528
4771	122786
219968	285093
3491	10970
84131	203068
996	8945
4735	23332
2125	5493
10427	22872
6122	6137
2150	10800
617	10469
7536	220988
4297	51230
2790	9138
2197	6206
4839	10885
5708	64750
6387	50837
6164	6170
55720	84916
6429	10291
7514	9793
2848	196883
54881	65083
344892	390083
1933	6141
6175	6204
8881	29945
4585	200958
9341	51429
23291	54165
1956	2247
9126	23063
8338	10526
6205	6206
2782	10574
6152	6231
3683	326624
4519	4537
156	2863
6678	7424
7311	10110
6189	7178
6157	6176
6208	6235
7415	10383
10133	10540
4008	154881
6136	6167
1981	6223
54620	54926
6132	6168
1287	3688
7525	10413
4116	6169
25	23332
2956	5591
1536	3163
8945	10075
8615	100302736
5868	22848
5440	10302
1605	3915
6156	6206
6453	29763
6142	23521
6500	8697
534	8992
1938	6122
378	830
7324	79876
10960	51128
23244	23279
983	9126
3856	3880
8742	51330
6132	6218
6135	6194
10713	23020
163	2535
1915	6206
3635	4233
3178	27316
6164	6169
891	3838
2773	29899
2811	2814
6143	6176
6885	23118
3192	10949
2186	9739
3184	3191
5296	10818
2033	23112
7175	10250
1910	2147
1329	27089
11004	23332
6136	6160
6159	6210
6150	116541
1069	10426
11325	83443
4710	4717
1956	2064
3921	6181
1956	2274
9972	23511
8351	8970
116	4914
6135	6139
3482	22848
1816	3973
8356	440689
11322	326624
2125	6699
2359	56670
23122	23244
2067	91442
344892	390079
6142	6159
864	10413
23142	23291
6363	6373
23020	51692
5591	9025
11004	54820
9767	11143
6129	6136
932	51382
988	6950
5879	375790
4161	7432
824	831
6170	6204
833	2617
6165	6169
6152	9045
4829	10886
6142	6193
22930	25782
1783	11316
990	5717
9887	23381
2792	26339
1315	8729
6193	6230
3240	4069
23223	79711
5438	27258
1387	8085
1476	10394
5688	11047
334	3915
2792	2911
6714	7525
9604	23291
1832	3728
2268	7525
3903	5795
29984	171177
2790	6346
7311	114987
6709	11014
3710	10235
6224	6232
22974	29127
9276	10427
29127	81930
967	3916
6170	6207
9672	375790
5869	11021
23327	89910
1237	2917
6233	8445
776	786
8085	23067
25984	121391
6232	81930
7272	10592
336	4036
813	10130
6147	6159
6714	8976
26146	79989
25	2268
1981	6137
1981	2197
6233	65264
6161	7311
6203	6222
566	4069
22905	54874
4087	79753
8349	8969
7919	348995
6241	55143
9700	25909
5865	23011
8886	55720
6209	6230
10693	63971
338	3827
6790	22919
6160	11224
7398	10635
6130	6136
90	659
5903	9631
4014	5317
89122	154881
5196	5473
6124	51187
988	10403
22984	26155
5879	257106
1062	64151
6629	6634
324	5519
10890	51552
5685	5700
56670	59340
1659	9716
6418	54892
2873	8607
9114	127124
7337	8697
695	6850
1793	10787
7994	9219
5368	6346
5879	9475
6635	83443
6799	6817
6240	7298
5001	10926
699	3796
6139	25873
813	5954
680	64106
345	4036
4343	7311
6194	27340
6636	8683
1665	9128
2833	26086
6232	6235
2207	100049587
4710	4715
3422	4047
1063	57122
23122	23332
920	29988
1325	6373
3895	3915
8976	51429
2792	65055
5652	6692
5701	51330
983	203068
5266	6699
1292	55214
4141	6301
2099	2625
329	7316
79861	81027
57504	333929
6222	11224
6203	6232
2242	3718
5515	6500
514	4726
9636	11274
3561	5599
1642	8607
1281	4060
3106	3134
5718	8453
57545	79867
6734	6746
5980	10714
6189	6234
57129	63875
1000	56975
4514	4535
991	9787
915	3559
7516	348654
1462	3912
6228	25873
3913	375790
3921	6154
23279	57551
5430	55215
6124	6168
10193	140460
5347	9133
6189	6203
54578	54657
377	29127
10975	51079
3911	5747
4048	6709
9412	55090
3853	3868
1063	9793
5189	7311
5526	7316
3191	4670
57082	348995
8463	10413
988	5394
6155	140801
916	50852
5869	10890
2994	6005
1398	10787
566	4125
6175	6189
595	6777
5725	9343
6138	6207
2792	4985
10540	91147
5361	7305
11004	23047
84861	143279
7184	10970
6143	6155
6193	9790
6207	6223
1435	84141
5422	84515
6164	8662
26190	65264
1302	1306
9662	79441
7110	79571
578	4170
6136	6201
6700	26239
323	351
1639	10540
6143	6160
6168	9045
3491	5954
1781	4735
1994	55660
84231	90678
6164	10952
6135	6160
6175	6176
6147	6169
9076	100506658
1933	6142
6135	6235
6157	6224
1859	10238
988	1660
6774	7525
2036	116986
23160	25885
403	84747
57405	79980
2776	2788
1994	23283
7311	83987
5692	5710
6428	22826
7178	7311
6678	7057
81	5829
9320	26268
6144	9349
24148	51340
3725	4208
4322	7373
7337	9730
521	4700
51143	113130
4513	4519
10660	390598
6141	6230
5434	8349
9833	10112
25909	79172
7874	56655
1439	5777
7311	151636
50831	50832
6207	6224
6204	140801
514	27089
7531	10383
4540	374291
940	5062
6146	6224
990	9156
8451	51514
1236	5443
6175	9349
1783	10540
187	11251
932	3689
836	6789
3107	10475
3170	3651
1511	5657
6133	6230
6137	6147
4514	4537
6157	6209
11137	51388
11004	113130
701	10615
6142	6173
1500	1942
1536	23601
27334	222545
1956	7039
6201	6227
2597	5315
6204	11224
983	29127
891	10592
7004	8463
11338	23636
1290	1291
4172	5426
4233	5795
9820	115290
3921	6139
5526	81565
6330	6340
6141	56915
6202	140801
6631	57819
1058	55143
3827	5020
26268	80204
6133	6155
55339	57703
6227	6232
332	54821
5173	6751
6202	23521
8886	84172
5501	9700
3678	3695
55832	90293
5878	8301
8351	8365
4584	9245
5605	10256
10664	11091
6122	6128
1282	1292
3619	23047
23168	27125
3350	4988
3827	5005
2790	27334
1434	3836
6209	23049
274	51429
2782	2833
5796	6233
966	79895
6136	6232
22974	23397
26268	84085
993	84126
2847	10563
51081	51264
699	83540
6173	6232
4514	4538
9879	10949
8477	9002
3190	11100
351	9002
8451	9730
4205	6938
23028	23186
80321	91147
1639	29127
6125	6194
1329	1337
6700	353133
4599	10964
988	10592
6155	6230
3134	3659
9412	9442
1277	8974
2205	5335
6227	7311
2177	7398
163	8301
8365	653604
1495	51474
8687	121391
5725	10236
5469	10498
4839	25885
26589	116540
11218	23511
6776	6777
1983	23521
3895	11167
11339	64946
6923	285231
10121	26123
6428	6430
55970	63940
23047	57082
1439	5568
6125	6203
8655	60673
6209	25873
5008	7297
134	6376
7514	81930
2251	8823
9156	51514
10466	57511
50813	84727
55055	348995
6147	6160
27161	192669
6208	6228
2934	51411
6208	23049
5868	10890
11073	84126
1555	1577
6204	6230
991	51088
5822	55127
5430	5985
5869	115827
79895	199675
2519	5476
3655	3914
604	933
2222	3422
4541	91942
2892	2903
2863	9002
3071	9564
11014	11015
10403	51143
332	81930
930	29760
983	6240
6156	6167
983	51053
4736	6210
332	3619
2841	8698
57154	154881
6632	10465
3320	10598
10291	83443
6176	6208
2359	94235
6173	6176
2107	5515
11137	84916
5430	10250
9790	51575
4624	4635
6124	6204
5566	23332
6428	10946
374	2069
3178	3192
5822	8568
6133	6231
10652	11014
5516	5526
23533	55970
338	3698
26224	197131
10250	10291
6628	8683
6205	6208
8775	388552
3912	59277
890	7298
6181	6234
5430	9611
695	3710
29093	51258
3133	10475
891	7314
1290	1303
6234	23049
6207	25873
2917	27199
6167	7311
6209	55272
51098	83658
2848	285601
2918	6752
102	1499
4736	6138
10427	55291
187	6370
29924	29993
5741	594857
1477	24148
47	1431
8945	10489
6229	25873
8945	9320
4116	6152
2967	8451
23223	65083
8329	333932
59350	94235
5516	151246
64981	116541
2623	2811
8365	85236
3921	6136
6169	25873
996	115290
55735	139322
1088	150372
127247	131405
6170	6176
1387	3064
7289	9742
2079	6428
88	4620
6146	6229
6146	6152
10121	84902
26235	90025
64951	64960
6708	6710
6209	10952
6124	6222
6432	6632
10250	58517
891	81930
5518	29888
7272	10733
4736	6164
9730	84085
6633	84844
1783	6993
1232	338442
5433	6426
10413	25937
4893	27006
301	9002
6167	6207
6160	6223
6161	6170
9092	27339
5592	8654
6429	6434
6159	6202
5725	7919
7057	83706
6129	6160
3183	10657
26091	84231
10075	56658
26270	93611
28987	51388
6159	6164
54555	56915
51676	65264
1453	84902
988	9475
10592	259266
1783	5529
6171	6231
9672	64131
1499	7879
2788	2790
1129	5179
891	81624
1783	54821
64946	147841
245937	613210
55127	79954
1457	1857
90411	126003
5707	84962
6128	6129
9984	23279
1499	5819
22954	55236
3912	3913
5516	5708
5430	81556
3646	26986
54625	151636
3916	3920
3797	57539
6133	6167
1291	3672
5594	7533
288	6712
55166	57405
6169	6206
2185	6714
3320	9844
6714	7311
2847	6752
5725	51692
3181	9716
6156	6203
6147	6228
6152	6210
6161	6168
10616	51465
3178	3183
1933	6159
5879	6714
301	302
79895	160364
6232	57050
6209	6231
4708	51650
8581	154064
4735	10540
6432	220988
8514	11314
28981	64792
6130	6147
9877	10250
100	4907
5194	23600
10236	220988
5435	6637
2817	375790
4709	51079
5796	7316
27089	84833
966	3683
5469	9444
983	3838
6229	7311
2967	79577
26249	55521
332	2491
6175	6228
54778	140460
988	9533
1778	6249
2784	2792
4839	51202
3920	6836
6136	7311
4999	23595
1315	9371
5365	8482
377	10540
5861	326624
56929	79176
4542	4641
5725	23435
6160	6168
4837	284119
10657	11052
4670	51729
9055	11113
16	2617
5717	10575
3185	10921
221	5328
3921	6147
23168	56254
116540	116541
9410	10250
6137	6202
1665	4839
4646	23607
6164	6205
5725	9128
3683	3693
2675	220164
1537	4715
6137	23521
57122	57551
10663	56923
5116	27229
22984	84172
23067	25942
3659	3660
6500	7314
6047	23291
6210	8662
3482	10618
1307	50509
3855	3872
6383	284217
5501	9793
6133	51187
988	10946
8976	54874
988	996
226	2539
5048	7531
22954	26190
23291	26091
238	943
5977	8289
9020	10000
6233	10110
388	64333
6159	9045
4686	11338
142	56655
7478	7484
11252	29924
6203	25873
6229	6235
9510	11096
151648	348995
10316	729230
3181	5725
833	4677
9978	158506
8568	51096
5819	201633
1660	10921
917	1759
55320	401541
92	7049
10013	57649
10413	51421
1981	6176
388	117289
6207	6228
846	259295
131873	256076
6144	6188
4738	285231
5000	5558
1453	23332
389	114793
1665	10291
6156	25873
285093	390190
25897	27252
6158	23521
84549	84946
896	6777
891	8655
521	4713
9371	79989
6135	6176
2537	3430
7044	130399
991	27338
1347	9551
3422	4597
2072	51426
2197	6154
988	3839
58191	63940
9055	9928
55720	84172
1499	128239
10970	11322
1084	1088
1824	3728
2197	6230
996	54778
3434	23586
963	5023
6170	6171
1063	23332
9322	22905
6193	6202
332	9833
1915	6207
6158	7311
683	338339
10857	10970
3185	51729
683	932
2788	50865
6156	6208
1173	9341
6141	23521
695	5777
79473	344892
1340	1347
1435	3490
6146	6203
23014	64410
6170	6202
8349	79019
23244	79172
9306	9655
2197	6222
84902	91147
4670	27316
5829	7852
5695	7314
6233	158506
4712	29796
5731	94235
1453	6230
11130	79902
2197	6168
4724	10476
4125	5657
5948	5950
3191	10523
2695	10266
10489	55832
6515	144195
6204	25873
8301	10096
23398	23517
4689	7409
1327	1329
23225	79833
7272	9787
6124	6193
6193	6203
2242	10371
6169	6222
2521	51692
6165	6206
1956	9341
1778	4867
1994	10594
6175	6201
3394	6688
4793	5704
11176	64426
6637	23524
6129	6167
9493	9833
3352	5540
2200	401138
1933	6156
6133	6169
6136	6209
1478	24148
6147	6233
6132	6161
1665	9879
813	1435
6167	6727
3191	10657
695	3725
9219	10919
4686	10594
5983	56852
2768	5879
79895	338339
10914	53981
2588	9798
1111	2178
6285	6288
4839	6156
7175	51692
6181	6218
7272	10615
10285	51692
10615	146909
3017	8334
57662	144100
9967	9968
522	84833
3313	5903
377	24137
6161	25873
701	4173
1048	80740
6152	6154
1871	6667
3190	10594
6249	8826
813	6790
996	26190
3074	10577
5290	5781
2207	3689
6157	6235
26173	79034
6170	6233
6206	9045
24137	55614
4887	346562
6188	6230
3119	3127
2792	2847
9820	90293
3109	3123
3688	5829
3673	3918
6224	9887
9410	10946
1943	1949
4700	4707
7316	10920
29127	51014
3797	10112
779	27091
3921	6143
6173	6204
51510	51652
4736	23521
649	3339
2695	2792
84154	84549
4508	4535
830	10540
6125	6158
6194	51187
6518	326624
916	917
6122	6233
6159	11224
161	5286
2200	3678
5688	5701
3635	80271
9738	54820
6122	6169
6160	6222
1471	2519
5700	5706
3185	3192
8128	8703
10352	23395
64410	142689
4736	6139
9655	9903
1781	9493
1062	55055
2185	375790
6210	6230
51129	85441
886	2922
8260	79903
7158	7311
4853	10046
10121	79867
6173	6201
22803	27340
2034	9314
29126	80380
1668	728358
9246	54778
4953	51686
7341	129401
6830	22916
25885	84172
6135	6141
6139	23521
3921	6161
6157	6173
3181	220988
1969	5879
1669	10394
2935	23049
54148	64928
10274	113130
6175	6230
1937	6124
161	26130
2804	9276
6136	23049
1933	6218
3113	3119
5747	9844
6193	6205
1634	4060
5869	22905
3897	284217
3133	3659
3672	9564
6201	9887
1062	151246
6776	26228
1195	57396
10367	90550
6229	11103
302	79026
6241	64151
9666	115290
701	57082
2268	5829
1630	137970
50835	259292
3837	9631
6202	55176
1431	4191
917	5296
1915	4736
4171	10036
8615	9276
1144	1146
1981	6168
6164	6230
4221	11168
1058	11339
2197	6167
51121	79048
1605	55624
7311	10111
4641	23607
11340	23016
7153	7175
6207	6218
9782	10949
2919	2920
9793	25909
6125	9349
79600	84902
3055	6503
8106	29894
3832	51203
1857	2932
598	6774
7314	26263
2782	26086
6152	6235
23397	56992
10592	157570
2033	27327
783	10369
3683	5023
2767	5335
3192	23283
351	3491
2863	55970
2800	9827
6155	6168
2197	6208
64708	80204
57678	253558
4725	4726
9652	23517
1347	4713
1650	6185
9833	22974
988	3066
4584	4588
9055	9133
6134	6228
7514	23039
186	2913
10274	57082
3301	3326
2197	6165
8334	85236
5872	53917
3921	200916
324	5699
988	3326
1660	51729
2150	2788
7402	10298
1660	3192
7311	56288
57082	79172
10540	57511
6170	25873
4588	26290
963	7805
26091	151636
4853	27327
3685	5817
3827	4295
5696	6890
6125	6128
7042	83706
1749	1750
6146	6202
9181	171177
6155	6167
1213	10254
6165	6228
10552	100423062
5501	9126
3320	57545
1981	6230
1793	10458
4536	4538
274	9322
3017	8365
8729	10959
6160	9887
3190	3191
3912	84141
1290	5351
6141	6144
680	6869
5707	54583
25831	140460
23322	121441
6124	6125
9738	132320
23291	51122
259	2244
4952	8976
4116	6173
5036	10576
6170	6175
10484	126003
6138	6175
640	7525
5747	7409
5438	51755
10193	26046
5430	9282
1908	84432
1778	5347
9972	51692
3620	169355
6923	23198
3362	53831
9570	22872
400	23041
8590	285093
11059	65264
25977	54885
6157	7178
3183	5094
6228	6232
8687	8689
6223	9045
1063	3619
977	3655
6169	6209
4736	6234
6728	51121
6208	7311
6144	6154
5347	11190
2957	51808
23601	199675
6137	6154
4694	4726
9739	23112
6147	6227
3192	55749
3619	10112
4713	10632
3214	3216
6193	6231
6233	11224
1269	56670
991	5905
11091	81887
6133	6168
6161	23521
51676	64750
7094	22906
9883	11218
83597	390174
6202	11224
6201	6209
4736	6160
6142	6165
813	2519
6130	6228
51023	55052
10153	55131
4709	55967
4735	7283
8477	55970
6173	6227
6189	23521
9793	10274
9883	55746
23325	387680
27125	79577
9320	10193
5689	51371
2444	84766
1499	283149
2064	2065
1511	8635
6176	6232
6209	6235
3192	6625
6205	51202
4088	25937
6142	11224
332	79902
9833	11339
6667	23248
6130	6188
659	9765
6164	51187
6230	55272
5578	9564
6135	6147
6168	6202
6160	6161
23451	55339
9133	9493
5422	79892
5435	55718
23590	56997
567	3837
6233	26091
3017	8970
3685	6385
6232	8662
1509	124583
60488	116540
6202	25873
84648	353142
2535	7525
6636	6637
378	51014
1739	4646
1983	6232
6455	10552
6157	6161
1062	79172
991	1062
1387	25942
7409	7454
144699	154881
26091	57542
2886	5155
6175	6181
397	398
3190	79869
3487	10117
11167	84141
22995	55835
1650	7841
2197	6157
890	9787
695	974
3619	9972
2073	8451
4736	6208
9918	10592
10250	23511
6142	6210
6206	6210
1308	3918
383	1669
60560	80155
6203	6228
7305	100049587
51692	51729
932	79895
351	8477
1595	5447
377	3799
8687	8688
5610	23586
9416	10949
6128	6143
8969	440689
1022	5887
9655	10489
2801	10802
3199	8338
6714	10298
6154	6167
5931	22976
51649	54998
6233	25873
5435	5441
4173	84296
6135	51187
6165	11224
3921	9887
5699	51684
1453	6234
6428	6632
1880	57413
6138	6168
3882	8688
6233	8450
3309	7184
6427	79902
6712	11316
9700	23332
6135	6205
3799	11014
22995	27229
28998	118487
1991	4332
10403	64151
6714	10413
1062	22974
1398	5747
8945	25831
3609	10236
332	2305
3619	24137
10403	151648
6146	6167
9277	51010
1349	10975
1910	2865
79895	100049587
1350	4726
2535	4919
84261	154881
5516	5523
6167	6181
6235	9887
3619	8243
5364	6405
3683	7409
6144	6167
10403	10592
1660	23020
695	2207
23160	57647
4519	4536
6169	7311
6128	6209
7204	29933
3181	3192
10970	196527
3274	285601
2033	7515
5347	51512
10466	10540
5518	6207
1937	6142
1488	6934
336	5948
79600	121441
4736	9045
1022	5432
201475	326624
79867	121441
5861	51715
6139	6143
4519	4535
6129	6235
126638	147409
5872	201475
29984	54509
1910	6863
226	5768
1727	5594
4691	8602
1293	1300
4085	55166
26494	344892
65264	90293
26524	84962
4295	5020
6144	6228
10075	10489
5294	55970
6130	6152
22888	25831
5528	113130
5928	57459
6130	6160
5725	10432
3921	6234
6209	6223
4724	91942
6189	6210
26519	26521
3303	10963
1650	6184
121504	440689
5928	57649
2773	5594
1292	3672
50831	339403
2782	391114
5432	6205
58	3912
51023	219927
10964	55601
6432	10189
6194	6223
186	4922
7311	55669
25929	79084
3357	56923
6135	23049
6605	55193
891	5516
6223	9887
9793	22974
163	54874
6164	7311
9144	11322
6159	6218
117	5741
79682	387103
7043	10916
6147	6204
6125	6222
3491	3685
1062	23332
389	94134
5788	6688
6168	11224
2641	10203
1001	1500
6059	55720
1557	1559
10524	10714
5149	388531
4694	4701
4069	6036
6626	27316
1783	2801
9738	10733
399	64333
3875	144501
5516	5598
6129	6222
5529	5903
1398	3071
27340	55127
6613	7421
3998	6745
161	5869
752	5217
6164	6168
9700	55143
8886	9221
3912	10298
57403	81876
5954	11167
1778	11014
51143	79172
991	1058
6138	6229
51465	57542
2197	6234
2125	3728
5624	10232
7852	8698
6429	9410
3434	10964
2867	23620
4695	27089
1783	5903
6137	140801
6309	6713
10576	23526
2268	2817
4641	5872
800	3672
6157	25873
5361	55558
9188	23560
3309	9601
4543	5179
3184	9343
57082	151648
1001	3728
6201	6202
1108	3094
2962	8175
80740	171169
26271	51053
10155	90233
2247	10818
6128	6146
9045	10399
3122	3123
7153	24137
643	9294
1479	3181
9382	10905
6141	6228
5440	80349
6128	6144
55582	89953
6169	6223
6203	6235
9875	55127
9341	10254
2801	10972
983	3833
5071	23352
1938	1975
387	7094
4697	4708
10869	63891
6130	6176
1175	11252
22974	24137
6159	6167
332	23332
274	8976
6428	7307
6122	6139
6141	7311
9716	10949
6204	6209
51575	79954
28998	57129
6152	6168
4599	10379
6157	6169
23636	84271
1213	25977
6138	6176
1915	6222
5929	25942
5518	9793
595	4602
6167	9887
6135	6727
23295	84231
5695	6790
1398	9844
10552	54874
9320	23291
10250	84950
23042	23420
4686	23511
5704	5714
4508	4512
4538	4712
7913	9015
6157	6165
1933	6189
51429	152503
23279	55746
10952	11224
11127	23095
5708	6790
1983	6205
51122	84085
23112	84441
523	155066
3655	7057
4288	6241
6157	23049
83540	220134
6168	6193
6908	23411
5868	23011
1933	6160
6194	6218
5529	54821
5529	57551
10615	56992
2197	8662
3911	9459
9818	23511
1478	9879
2803	90196
813	7184
6194	9349
27316	55749
11015	51014
988	51362
1364	1365
8290	121504
988	11193
65264	115290
857	4088
7311	23118
6164	6181
6124	6135
966	2207
5501	57551
23322	79600
7054	57016
6230	11224
833	3376
10482	23279
6210	6233
6790	55165
2244	3827
1108	2033
6175	6208
6235	23049
4172	10714
353132	353133
3123	3127
972	5641
7311	10818
3903	22918
1287	3685
4852	5179
5878	10890
3122	55824
2521	23435
10254	22848
3619	9055
4540	4707
377	51014
988	3987
3836	22974
10228	57511
6235	7178
3681	22801
705	84154
6202	6232
1129	4852
10613	337867
1362	9698
6629	10189
6135	6232
8974	29920
6143	6231
6218	6229
4713	9551
890	51053
6171	6234
7337	26046
6224	6227
6133	6135
4853	6233
6173	6188
1398	5829
4736	6223
6159	6227
6138	6234
351	2767
894	3065
3017	8341
5880	7454
64792	79989
2073	5424
3105	3107
3921	4736
5817	201633
4288	10112
197	2147
351	7184
7316	26986
10112	11127
1665	51729
6156	6188
3797	26146
6208	6727
1605	9459
932	2358
23011	51762
9320	10075
50838	259293
6169	9349
3915	59277
6170	6173
7317	8945
5872	51715
3486	11167
8697	65264
3633	29984
2841	7852
6210	10885
143279	154214
6272	79158
7124	7316
5528	11004
6218	6224
659	23118
51203	64151
3799	81930
6138	6154
23309	64426
3619	113130
857	858
6168	6203
5094	10285
1645	1646
6159	6206
2197	9887
5747	6714
26268	56995
3134	3660
389	29127
988	5983
7514	23122
50838	56923
6193	6194
8312	53944
5347	6232
7403	23054
6154	6159
6142	6235
47	2799
5717	9020
2935	6203
3832	9700
5034	5611
2648	25885
2782	3375
3837	23511
5861	10959
10403	57405
56667	140453
4734	89910
2740	5746
1669	1991
1660	2521
6144	6206
8452	200734
389	117289
6222	9887
1314	8615
6170	6181
3309	51726
55168	56945
3619	51203
5885	286053
1511	6037
9870	10075
5579	9564
4725	27089
84617	84790
2768	2790
6154	6232
6138	9045
3921	6159
10458	10787
4734	8453
5335	8698
4713	7388
6164	23049
3479	7044
2535	5599
3833	24137
10959	11014
10236	10713
5795	10857
332	22974
6233	23586
53905	90527
344892	347468
1660	51692
2157	27095
6137	6232
7311	26043
6142	6167
9330	53981
4700	4726
2888	5584
5023	84329
3181	3189
1832	2125
2537	10379
79895	222487
963	10857
5473	11251
23265	50807
302	10383
1453	6223
8074	8404
9570	10802
6130	25873
6207	23521
2846	4923
11017	85313
2239	10082
391	394
8243	9126
25915	126328
332	1778
996	5707
3659	5696
6224	9045
4691	10528
954	158067
5747	9564
7515	10714
3297	9261
890	10460
5869	23011
1268	64805
6439	653509
6135	6155
6161	6194
5747	10458
6164	6227
6635	6637
9787	81930
1314	9632
6169	6201
3912	3915
1398	1956
23350	55749
3921	6229
2810	3655
6234	9349
6133	25873
4735	91147
3797	10749
4738	6635
9833	10403
163	24137
5516	5781
1453	55127
5518	6208
3691	3909
6142	23049
5861	10112
2833	5368
55755	146057
6170	23049
2782	3360
109	53829
1459	9918
6138	6147
9126	10592
6950	10376
399	257106
6210	9045
797	7252
5430	27316
8673	10970
5439	6637
5707	10213
4666	11224
6147	6232
824	5829
710	10747
7311	121504
5868	51715
6132	6235
389	10398
6599	57492
6518	84329
81696	344892
3491	54972
6122	6160
2197	3921
521	4726
6181	6194
6240	10051
4736	6142
3135	3805
4726	4728
4064	9450
6696	84141
7004	25937
4237	4239
6142	6204
6201	140801
9787	24137
6045	192669
6170	6230
6228	23521
84962	121441
6135	6228
6235	11224
640	5336
1457	7153
8936	10163
5520	6132
9700	79172
3156	6307
4176	5422
2912	4543
1982	8672
8875	55350
1595	3157
1387	4205
6128	6203
6175	6218
2799	23197
6891	6892
10959	22818
983	9833
5422	10714
10970	11167
8655	55839
5747	7454
6202	6223
2967	51426
3913	6714
1495	1499
1660	10949
1857	55361
10489	54778
7272	24137
2997	6233
6218	6235
2071	10920
3673	3683
6165	140801
344	6382
6427	6432
6176	25873
10949	23020
3853	3860
6632	11157
58	60
28981	92104
3689	7305
9416	23020
1933	6169
351	2817
8976	147179
6142	6229
5516	81930
6133	6159
6189	6218
7919	23435
53981	348995
5196	94235
55884	115290
1241	55970
11338	51729
6133	6173
22984	64318
259290	259294
988	55681
5179	7857
4173	5422
6138	6208
1495	1969
6170	6727
2932	3611
6128	6204
6165	6208
6142	6160
10523	27316
4939	10379
9372	25930
580	10714
23511	51692
2521	4670
4724	29796
6428	348995
5310	9727
5426	8317
1915	9045
57551	81930
4736	6144
1063	9833
6122	6164
3115	10346
2521	51729
6426	10432
3921	9045
1000	10970
726	831
1500	4646
4670	23020
5433	9879
6152	9349
8175	56949
54850	63891
1133	8477
10663	259292
1536	338339
9133	10615
6144	140801
25929	57122
150468	259266
6209	6228
58505	200185
10767	22894
891	55872
1653	283742
5869	6233
6159	25873
6632	6637
10426	440145
1500	51474
905	25896
6128	6232
6625	10236
488	4853
7453	8565
7337	11275
4848	23019
9126	25936
1445	6714
57678	256356
6203	6217
3071	6461
10432	10949
6176	6222
3937	55740
2255	143282
861	57332
26259	55585
6772	6774
51725	142685
6165	6235
26234	154881
4116	6167
1656	27161
10236	10946
2521	6429
1490	25937
5829	6709
6146	6164
5094	51729
2848	3274
5898	10890
10592	64151
857	284119
26268	53339
6176	23521
5067	137797
6139	6159
6170	7311
6142	7311
1950	6678
51122	56995
5660	326624
6203	11103
6164	25873
3178	6626
7003	7004
6142	6170
1495	5795
9322	9341
6223	27340
6205	8562
3178	6294
23332	121441
6128	6189
80155	80218
10489	22888
2912	3355
4512	4536
9787	55635
4670	9716
5684	5706
890	64151
6143	6209
301	2790
7321	57154
4736	6207
10841	200895
4867	79600
344892	390066
4540	4541
5880	10298
6130	6137
1017	2305
9564	10458
5439	10980
10749	51479
4738	9616
10236	10250
147	5021
6122	6142
6202	6209
6135	9349
3183	6430
2189	7517
915	286749
6129	6204
3767	6833
1350	4695
9320	144699
1291	3688
3181	51692
1315	81930
10133	81631
54820	55143
988	10574
332	55055
3662	3669
4088	57154
23122	113130
84128	84946
905	5431
1738	8803
1778	23526
1717	50814
1233	6370
143502	285093
11339	55143
6317	6318
6144	6222
351	78991
1462	10618
553	64106
1781	11015
9700	151648
11184	27071
6869	347148
55720	57647
338	2262
6161	6230
226	2597
9564	9844
8914	9126
4985	10563
8318	54962
6188	6207
701	64151
2792	594857
6228	9349
567	3140
1290	1292
26005	121441
140453	192134
3655	3912
6173	6218
6143	6181
6223	6234
1291	1295
4710	4725
1277	4060
6240	11169
8638	10379
9282	9968
3673	4233
6144	6194
11004	22974
890	1017
1915	23521
521	7381
4736	6188
6625	11100
3122	54331
3433	8638
5604	8826
183	846
1956	4837
11014	50807
7110	90196
10733	347240
1452	5515
6169	6181
3683	84329
6146	6169
10112	10540
51429	54874
5707	203068
7200	84634
1915	7178
778	783
5438	23524
1830	3713
6233	90678
3304	9531
11339	51203
3192	11338
9716	11325
966	10970
6230	114987
1241	56413
3111	3127
3643	9021
6232	11224
64976	64979
1994	4670
10594	11100
3183	27316
6711	11014
6136	6142
23511	55746
6130	6141
6155	6165
2935	6235
55755	347240
5868	26130
6135	6223
3071	3320
8688	8689
1781	6232
29796	54539
1956	5829
26589	29093
112	3579
4700	29796
4690	10096
1956	3691
1956	3675
1603	58505
6208	6232
3184	10189
6133	6205
6194	6232
6453	8301
6233	55666
9493	54443
1500	55740
695	3055
1994	9343
1291	10491
2197	6159
6143	6222
3688	23209
6500	9604
689	6160
9212	83903
8915	29775
1783	6709
3183	3185
3015	79682
2521	10236
4539	4541
1942	1969
65055	219438
1781	10540
1810	55689
55110	57703
3017	8337
9816	9875
3921	6157
186	2914
27327	80012
4512	4541
6208	9887
1933	3921
23586	29761
6203	6208
521	4694
1022	91603
3221	3222
2932	5718
988	56852
6175	25873
6128	6194
4713	27089
5575	23209
55872	83540
7514	23279
5578	55970
6169	6227
3199	5438
6160	140801
1457	6749
2547	2956
2800	2803
6793	10857
3185	84991
1387	5929
25873	140801
5516	5529
398	5880
23304	140460
3912	4240
1479	2521
10232	154064
6218	6222
10749	51014
8704	55624
521	29796
3895	84141
5829	55742
5777	5806
50840	259295
81697	344892
6160	6218
7514	57122
1981	6218
3683	8514
6147	6156
6154	6229
6233	9732
6142	7178
6237	10235
3184	9987
6138	6144
54998	55052
2071	5887
7097	7124
2784	3763
7311	55366
9730	10293
6128	6181
963	64386
6168	6235
2633	5371
6156	6160
6181	6208
9282	9611
10189	29107
4008	144699
2782	26189
5566	5970
5861	10972
6142	6207
6204	6208
10155	10780
4700	91942
1781	51014
246	11283
10426	55755
10121	11070
8969	8970
4035	375790
6138	6164
84329	196527
9410	10236
1233	2359
6154	11224
1944	1945
6233	51592
3937	7454
4148	10272
6418	7514
3837	5903
1329	29796
3184	3192
5426	5427
1395	79924
4131	5048
3308	9631
629	4179
566	4353
51280	54972
5869	7311
7311	92421
51692	220988
3921	6207
8945	90293
11095	157869
29093	92259
1282	1295
51023	116541
2064	5336
1327	1337
6124	6129
3192	9343
1495	1942
1933	9045
2788	10575
6346	26086
5093	10523
988	4436
55249	55870
3886	121391
23601	57153
1956	5336
1994	23020
23112	192669
29127	84516
1778	11004
9138	29984
3190	10250
57129	219927
3133	6890
6158	6176
65055	138883
27089	29796
2243	5345
6156	6218
1121	54453
9343	27316
6118	9557
146	886
4736	6233
5879	9564
6137	6143
1347	1350
24147	79633
3897	57698
23291	79176
3313	23511
4599	4938
90	657
11004	81930
6169	6233
3106	5696
5879	8976
8976	29924
1906	2863
8648	23097
983	9972
1173	8301
6203	6229
6164	6175
6631	84844
8337	126961
7003	8463
890	10733
6142	6154
24137	81930
152	5580
11127	51014
3191	27316
3105	3660
5054	5327
1398	85440
6167	25873
84541	140739
54577	54578
6234	9887
4710	4713
10799	88745
7520	55183
988	79595
6137	9349
57787	84902
6137	6210
91	92
10733	132320
2521	11338
6232	57551
6159	51187
9282	23097
915	7535
1432	6885
6599	6602
2317	3688
3689	199675
2695	122876
11345	81631
6176	9887
7311	9020
10291	10949
199675	338339
6227	114987
389	23526
728	846
6130	9045
1277	3685
3921	6133
22954	89910
6128	6228
5425	6117
6147	51187
8871	51429
161	3482
6139	6157
4707	4726
197	3827
120796	344892
1500	4233
27327	84441
5179	6751
6461	7409
6156	6168
3973	104909134
1314	10945
26123	79600
6146	6165
6133	6170
6137	7311
9533	64425
6146	6228
6155	23049
6049	64682
10540	121441
54939	55294
6130	6234
5435	5451
988	51645
4867	80321
3133	3134
1639	3326
701	9700
11169	23649
3797	29127
4702	4724
1816	104909134
2197	10952
344892	390326
353142	353145
1511	4332
10201	87178
1731	23157
5870	81876
2790	10800
9437	259197
51068	117246
6748	90701
6165	6218
54908	91272
5439	6119
8581	10232
9416	10236
9320	64682
6157	6204
3903	64386
5529	6249
2491	5528
4357	54205
23122	23279
6520	8140
7531	8655
5829	10458
11190	54820
3308	10574
4695	84833
6142	6228
8337	8347
5829	7525
3676	3691
3184	51593
1062	5347
8356	8365
1500	6714
6139	6208
5599	6272
3355	5733
6139	6228
2965	8731
6337	7311
5590	50848
1072	5216
7343	57459
83551	319100
1307	169044
1434	3837
2132	6385
1453	6208
6189	6233
6790	11065
23160	64318
1453	1855
51434	143279
8453	8945
80184	117177
3684	79895
84296	84515
6133	6218
6160	25873
11338	84271
9416	55660
1983	6133
4695	4709
904	6667
6850	118788
10484	90411
2810	4486
325	3015
1063	25909
991	5347
6189	8562
1062	51143
1499	2064
5062	7410
6122	7178
341152	344892
10425	84085
988	10767
6173	6224
3921	7311
3181	51593
7018	9829
23014	142689
6227	6230
728	5697
332	259266
6175	6227
8775	10618
26285	149461
6143	6193
2740	94235
351	54972
2177	2178
4175	6118
3579	729230
10412	23517
846	3357
6125	6143
1048	8434
988	7919
5529	79172
377	11014
2207	79895
6147	6222
3192	23350
80184	91147
7249	57521
83597	135924
6169	6175
3690	5908
23358	84132
5265	7040
566	5657
6233	10401
3185	23283
6147	6206
6130	6210
6160	6232
890	9133
783	2784
54716	153201
1778	4735
2693	2776
1956	10552
9927	10059
9126	9656
6205	6222
8085	9739
3685	5795
1314	9276
932	160364
6160	6206
2792	391195
1500	3801
3320	7415
6206	6224
6168	6201
4288	10051
8329	653604
4172	81620
9632	22872
6924	22916
9585	10749
3683	81619
1717	3157
23112	80012
991	26091
3978	4176
6143	6223
1783	6232
6137	6141
23160	84916
5528	23047
988	9774
2782	219464
1956	284119
64981	116540
5893	7158
3915	84141
983	5519
9318	54165
6427	10189
6154	6189
6144	6227
3190	5725
6426	100526737
6207	53918
5546	10262
6602	6605
7321	84962
4736	6193
6375	6846
6137	6168
2264	7311
6160	23049
6135	6146
51602	84365
891	29127
1933	6181
23218	196527
1487	5928
996	1017
10574	10693
890	1062
9055	10112
6169	6204
11222	57129
6426	6430
6161	6233
9738	54806
6461	10787
3915	5829
375	10959
5023	64386
3065	4221
4928	9972
6154	6175
7175	23279
8301	10618
3838	4343
23332	57122
5518	6228
64318	84128
6230	7311
54996	64757
6136	6159
6165	9349
51023	54998
9879	58517
54069	64946
6204	6206
6175	51187
5439	6621
2204	79895
2935	6142
830	1604
8841	79685
22888	51343
56902	84128
6135	6152
4436	7520
6124	6206
1639	1781
6144	6230
23091	29079
5693	5707
351	7466
4809	51065
920	9026
4508	4536
1639	1783
6122	6205
623	2861
1763	10714
5707	6790
6461	10458
6188	6203
4173	7153
3850	3860
9055	24137
3914	3918
8945	154214
4725	7381
9320	197131
1783	11014
6155	6223
6170	140801
6160	6208
9156	55388
3683	10857
8881	63891
10342	10427
3921	6138
846	50838
6137	6224
2023	7167
6124	6230
27257	57819
25831	154881
830	11014
5878	6455
6129	6234
1660	51593
2623	6886
6165	6229
6154	6194
1499	5777
5928	51317
1536	2204
1233	56670
2963	11193
7337	10489
22918	53831
57115	114771
6129	9349
23197	56729
23332	27229
996	5347
6224	27340
10574	84617
22794	348995
274	5869
6138	6193
2768	2783
7328	51444
6240	7153
6168	9887
6152	10952
51234	55831
23601	79895
4700	4708
3071	7409
2633	117854
5861	10540
7272	22974
6230	6233
6133	6138
7532	653784
1058	79172
6155	6234
4233	6233
7454	7456
9343	23451
637	8626
3796	5515
5869	9341
3646	8667
988	6599
5338	5579
6229	27340
6135	6165
2359	5473
10383	84962
6154	9349
7311	23521
672	8314
6175	6209
6698	6707
51514	64708
50615	59067
6233	10818
1937	6147
26290	140453
10592	54892
10193	53339
1660	6625
917	100423062
909	915
3912	5747
5438	83443
1453	2801
1857	5528
336	345
6159	6229
3833	9700
5903	6633
10155	284309
5518	26173
2962	80004
6688	7305
984	1453
521	10632
2932	5708
6746	90701
26290	56667
9493	29127
25909	54821
5868	57403
9128	10236
1058	6790
6122	6194
23322	80184
5599	6714
1292	1303
7311	23198
10097	26130
1937	6175
9793	84902
6154	6235
6235	25873
6139	6147
6168	6189
4076	55226
6222	6235
6231	23049
29074	51069
8886	55127
5335	10920
4171	6749
6790	9833
1601	8301
5516	5714
990	9700
2043	2050
1933	6175
10199	84128
3191	6434
6170	6218
6141	6161
6135	6231
715	716
80018	80155
6133	6210
1894	5880
9927	55669
1365	100506658
5335	6850
1915	6138
7032	7033
6129	9045
3909	4233
8021	23636
1783	11127
5878	10618
6175	9045
6152	6173
5430	11338
7003	25937
6134	6167
5023	196527
6790	10383
6133	6193
5699	64344
6227	6231
6130	6133
6161	6218
6189	6223
3192	6626
1783	8729
1994	9416
6228	27340
3213	8338
2197	6144
3619	151648
891	991
1781	22930
246184	285231
871	1303
1453	6206
3672	3696
134860	319100
5518	6139
25909	55746
6136	6156
6223	7311
5708	51330
8349	126961
6170	6206
9870	22954
5351	5352
2799	5834
5704	5718
8349	85236
9553	51650
4584	50614
9126	23122
400	90196
23291	65264
5869	8301
23014	55884
22948	84790
6165	6188
521	84833
6209	114987
5928	10014
3054	9739
9875	22984
705	9277
3662	4094
6161	9045
55872	64151
3916	25798
1302	169044
6167	23049
3886	286887
8829	10512
9632	10483
3043	3045
6141	6205
6160	6234
972	3127
2243	3026
6135	6175
5516	79172
5869	25977
1080	2147
727	50835
9787	9833
7337	23309
6165	6167
4670	6628
5443	6370
2521	10921
5693	5705
6175	6223
1994	7536
4050	7124
5976	6167
29984	445328
26263	92912
6206	6227
6626	10523
9820	23304
29127	54443
6143	6168
8568	57696
6621	79035
9459	29984
7311	55666
3183	7919
51552	116442
23332	25936
9265	27128
338	1080
5558	11169
6233	57674
332	29127
6146	6181
6125	6144
11145	122618
7317	9820
3655	3918
4889	6751
3859	125115
8087	9444
5196	6370
3062	64106
10285	10713
79685	94239
6138	11224
6155	6206
4904	10465
1981	6209
26190	51122
728	50835
4718	4728
2932	6790
1387	6667
4713	51079
26232	55527
2962	54845
6155	6210
4736	6124
26046	197131
6164	6229
10592	22974
63891	390594
273	8673
6139	6168
2790	55970
55008	57154
6626	10236
7153	259266
4710	4724
9631	23511
3797	9493
1500	7082
6154	6205
3084	85440
8638	9636
5725	23020
6204	6235
9343	9416
3181	10657
11004	51512
10236	55749
3190	4670
6049	140460
1828	6700
5435	6875
988	4173
1653	25940
8969	85236
8729	10945
3675	3693
3320	10458
2695	5741
6637	84844
6752	10563
993	1111
6193	25873
7454	10458
9493	11015
2817	5673
9727	55770
1783	84342
51715	57403
5861	10342
1022	6929
10890	23011
23165	51692
4734	6047
5707	10575
27340	51202
6128	6224
6122	6181
5861	57403
2790	50836
1937	6133
7525	11099
3856	3875
3833	55143
570	54363
6139	9887
23160	84128
6176	6209
5547	5660
6203	23521
3685	6714
5870	57511
6233	8239
6176	51187
6635	51639
130	10720
1812	51764
6233	55669
867	5290
2491	5516
830	6709
55166	387103
6144	6208
1129	4889
6122	6175
2064	5364
1983	6176
1314	10802
5707	51816
4297	23309
6165	6176
338	51156
1933	6204
6134	6202
6137	6164
338	5948
5747	375790
996	23291
3157	4598
23020	51729
6210	6235
919	3123
5476	5834
2197	6223
6167	6224
7514	23244
7098	7311
84643	93661
1646	8644
28972	90701
10539	57019
10274	10403
521	9551
10332	30835
5439	84844
226	6678
156	2767
10153	51602
5867	5874
1983	6223
5708	5970
3127	7535
3091	51122
7311	64219
3980	6119
6133	6164
5862	10890
1121	6764
5422	7027
3115	3123
5828	5830
1778	24137
6129	6194
830	9276
3340	6385
6160	6203
3678	5329
3660	5696
1991	6037
6138	6189
5437	23524
7175	57122
6234	8562
5500	5516
2519	3074
25909	57122
84418	100049587
3309	6836
5430	10236
29927	100526842
3837	9972
988	10540
2788	55970
7840	55755
857	64750
6161	6207
6160	6205
6203	6230
3055	9564
5529	5699
2185	5879
10412	79039
7840	57787
5469	6667
10084	27238
5438	6637
567	6737
1639	9493
7316	10552
1088	6556
6130	6207
6130	6222
3837	7514
7153	7298
54480	55790
6280	6283
222487	338339
7153	55746
2147	5020
10155	441234
10487	11344
7317	10489
10250	10772
5094	51692
1120	1375
10083	257629
2185	3688
5441	84844
6136	6161
9349	11224
4700	54539
1058	57405
11014	51014
5528	9918
4116	6132
3619	54821
514	4724
9870	26091
4116	5435
2975	11128
3913	10970
4736	6152
4694	4712
3921	6142
1601	5878
2242	3561
116	5739
6288	6863
6168	23521
2776	2837
6206	6233
1856	27130
6168	6188
5528	55143
60	10095
6133	6208
25847	150726
5290	259230
10236	27316
1639	11014
6205	27340
3434	5610
1327	29796
5528	79172
567	3105
8683	22827
6207	7178
55143	151648
2189	80010
3882	8687
521	9556
3710	6804
5501	25909
5529	151246
6124	6176
7041	7414
10713	11325
11004	83461
3903	57153
6231	114987
6135	6137
2197	6235
9133	51203
9793	347240
9700	146909
966	10652
4067	6776
9829	26052
3909	10298
2524	2525
6128	6142
4736	6175
8945	51132
9348	10082
9377	54539
92104	150737
1994	9716
4713	55967
4736	6130
6205	6234
11224	23049
55142	203068
996	197131
1314	10959
1387	9757
10491	10536
672	7153
8853	11015
3320	6461
6556	79895
1915	6189
4830	4831
4708	4725
3188	10594
1610	4843
3339	3915
6185	29927
1778	9493
1050	2322
109	59340
2968	57804
671	3240
1781	22974
1435	1462
1232	4986
51023	90480
9493	24137
6139	6169
6169	9045
6124	6158
2220	5648
6156	6173
1793	8976
6147	6208
799	1812
6714	7402
6176	6194
6204	9045
9793	57551
2635	6672
3675	3683
1307	8985
1576	2326
23304	90025
6601	6602
5739	59350
6206	6230
9742	28981
6205	6209
5694	5695
6161	6173
8688	121391
2958	79035
10427	11196
9793	51143
5707	10493
3565	3567
488	489
6755	339403
5829	9459
60	10093
8349	333932
9055	51203
84231	140460
2768	2776
695	5336
10713	26121
8341	8969
51676	115290
6201	6232
10394	56729
350	2266
6135	6156
10256	54845
2865	23620
10693	84617
3354	6387
6461	6714
4125	8635
2197	6173
6124	6160
3797	24137
6746	58477
6137	6161
7514	8021
6036	6037
6185	57171
6154	9887
51203	56992
2847	4985
2242	6237
301	5368
11017	11051
1453	6204
6136	6155
4171	55388
10527	55705
695	7454
2305	3832
1386	6602
6233	9349
624	339403
23291	57154
6155	7311
6049	23304
6205	9801
6154	6201
5094	9416
4707	4710
6209	27340
351	3912
23028	283248
51690	83443
6161	6167
5519	5903
85476	116540
6202	9045
1793	7409
3799	5861
57413	59340
7531	10890
699	259266
2023	5230
1937	6202
4709	29796
7184	10130
8924	10489
84231	151636
1933	6135
4862	79365
10800	222545
5869	29924
6155	6235
2255	26281
3111	3119
8329	8349
9716	10713
462	2155
3191	9716
6036	8635
5393	51010
2197	6175
1832	5493
6128	6154
3157	3422
1111	4361
10466	79571
1084	2358
4867	80184
3111	3122
6944	81611
5879	10298
3710	5575
23291	23327
6232	25909
10540	24137
4736	6194
6208	25873
3687	8514
2810	3918
4734	51088
3685	7525
506	3313
1829	64065
3579	57413
3619	9793
6181	6232
1329	1351
226	5230
1129	3355
5711	6233
1232	50834
5868	5869
1230	2833
6204	6222
6170	6208
1080	4036
5929	10238
80328	116372
6135	6138
26589	51649
7434	594857
6138	6223
3191	10492
9564	10787
2896	10493
23049	25873
6143	6208
389	394
5829	6461
2810	3691
1230	2826
55131	64318
4700	4724
6138	6141
1453	3921
6164	6189
3301	10963
3184	3185
1347	4726
6132	6170
6152	6204
2976	11128
6709	126014
996	9491
6157	6181
950	22905
22905	115548
4724	7381
22984	23195
6790	22974
6143	6169
566	1991
4735	23176
6993	8655
5093	5094
1453	2197
1669	3240
3659	6737
516	10632
1500	3799
10857	326624
963	84329
10574	22803
1660	9128
1956	3655
10808	23640
4736	6158
10802	10959
915	3702
988	55215
7311	65264
6217	27340
6233	26190
3360	10888
4171	4174
5718	6790
1175	5878
8085	25942
1783	2491
4513	4537
55832	57542
6210	6223
344892	390067
53339	57531
9343	10236
1173	5962
5660	55970
6132	6171
10199	56902
2623	10661
1983	6234
7311	57154
6143	6161
10802	100302736
6139	6152
6135	6170
1515	3122
5368	83756
6210	25873
9787	10592
6209	7178
2222	4597
5777	7414
389	57522
2153	3481
3109	3113
3695	8516
6628	6629
5005	7276
7153	9700
9730	23304
6165	10952
6208	27340
5879	7454
6205	6232
2801	11014
3837	23279
7479	7484
1933	6155
6222	6224
5685	5705
259	3698
1981	5725
153	6344
6155	6173
7532	10142
813	1462
6657	57167
259290	259293
1915	6122
3394	3430
6137	6223
3687	22918
4736	6209
6147	6207
1994	55339
1453	6205
6233	90293
107	2775
6136	6204
111	799
57111	401409
3675	375790
1781	121441
2353	4773
51	5194
6168	140801
6128	9349
2672	6688
10236	11100
1062	9276
1302	1310
8655	10540
10574	22948
2071	5433
4173	6240
9631	9972
332	7272
3308	5903
996	57542
1665	11338
5879	10552
8662	9669
5694	7314
9493	10112
1161	51426
26043	51122
25798	326624
383	4353
3797	92104
9354	83737
4125	6037
6139	6207
983	2305
119678	344892
81930	113130
10426	11064
1435	401138
1063	55746
10236	57703
6124	6169
1915	6205
3579	126006
4928	55746
1499	1500
6224	6234
2491	5903
5777	80184
5610	11274
4116	6235
1902	63940
1107	1911
521	4724
4724	51079
6426	6432
5518	6157
6155	25873
6634	22827
8329	85236
7525	9844
1956	22905
5880	80728
4512	4514
54856	55870
945	100049587
10094	10095
226	2821
6142	6155
10640	23265
6147	6175
5004	5005
79172	113130
1043	2350
6129	6147
1050	7124
3635	5294
3101	64841
8317	63967
419	390243
3157	4597
302	23197
3184	55749
2782	10888
1288	340267
353137	353139
990	63967
2597	5230
3688	3918
64318	79954
3903	8514
1839	5782
6146	6175
6222	23521
5981	57599
2923	6185
219858	344892
197	5005
6167	9349
6135	6203
8329	440689
335	3827
1670	1671
831	3688
3685	10857
10250	11338
1981	6234
1398	3937
7039	10652
55662	80351
3355	5179
112	57413
6748	10952
1289	7373
7458	8662
6628	85313
4236	10291
3181	10236
5689	5700
3685	3915
6556	338339
80321	121441
6233	84231
3832	10121
55601	91543
3912	10272
6133	6233
6692	6768
9793	10733
5741	10266
1103	162466
891	24137
6136	6138
6147	6191
1292	10491
6240	10592
10890	55667
4717	29796
6141	6189
10594	11338
6168	23049
1340	1351
6788	60485
3006	3146
6130	6175
6208	6231
705	23160
1822	1912
9655	84085
6176	6201
1233	11251
6146	6222
7283	27175
6233	8290
7057	79875
7311	84133
9183	22919
1292	3688
6234	9045
1398	5781
1603	100128731
8945	9870
4088	7316
55832	80204
10155	10520
867	5781
3071	5747
6129	6135
6232	9793
567	6890
6272	11319
816	4137
916	5795
7706	57506
1793	6714
1810	26009
6143	6234
22919	22974
8666	25873
1062	6249
1794	5880
1063	23244
4641	10890
1445	1956
821	10802
3695	5747
3688	7057
4736	6122
64781	340485
1303	10536
6152	6223
10403	220134
27229	55755
891	1062
5436	27258
10432	23435
1915	6161
3688	3915
3304	6233
6141	6194
29127	55872
22984	65083
5726	6755
6128	25873
1290	3685
3609	5725
26173	51593
1933	6224
5869	10552
6202	7178
3559	3560
2798	10886
5566	57787
988	1654
462	2147
1778	10112
6137	6218
6129	6138
5707	64750
1994	10250
2525	10331
9978	81559
6171	6227
328	10038
1434	7514
2147	2266
6128	6165
9844	10458
2048	5921
6138	6181
160364	199675
1310	169044
4736	6141
6170	6228
9883	23511
6427	6434
846	4829
6228	6229
8449	79869
831	23209
9700	11004
10014	54880
10540	80184
6218	6230
6173	6234
2197	4736
388	23526
1499	5795
1595	4597
111	51764
5529	23279
6173	6194
6133	7178
27292	84135
10528	55226
1277	1291
4735	5347
3655	375790
966	51014
86	1642
6385	7057
10949	84991
10274	51143
6168	6222
6223	25873
5684	5694
83597	403253
92815	128312
1062	9793
7311	285231
5435	9978
9887	25873
4171	4998
6232	54821
9320	55236
10342	81562
9276	11014
6228	6235
377	1639
3640	53831
1278	1634
10236	23020
5067	23627
5903	7514
6168	6205
9055	11339
3267	8301
2537	10964
9604	9867
5903	57551
3190	10291
1499	3695
26589	64963
6144	25873
6169	6170
3688	4233
6168	7311
10236	10921
6667	26512
226	5315
4175	81620
6635	11157
3978	5426
3305	9530
25804	27258
1669	8993
3675	3914
6122	7311
4538	4541
5023	5795
920	5286
1500	1956
5928	9070
6129	6130
11325	51729
393	11015
6157	6208
6147	6193
6154	6170
10749	23046
1063	7514
27316	79869
4069	4332
57153	160364
2847	594857
3040	3048
2770	5599
4535	4538
55175	56995
6124	6175
811	7184
51676	84541
4008	79176
335	2153
6167	11224
6129	6208
6122	6223
3725	3939
1665	10885
990	3832
6156	6202
6176	6229
6631	51639
5529	7311
5347	24137
11258	11316
142	5981
6870	51764
26091	64750
3185	4670
161	8650
6231	6233
6167	6234
4696	4718
2841	55970
2524	10331
9776	55626
9126	55746
10919	53615
6130	6230
4627	5898
9757	23067
160	29924
2099	6387
904	5451
2623	3674
64105	151246
4148	11098
6152	25873
4986	338442
6129	6164
6206	6228
3113	3115
6218	55127
28973	51069
10283	23398
6231	6234
996	51132
6217	11103
9055	22974
6231	25873
10376	84617
3912	51280
8843	27198
2214	2215
4738	5688
3066	6045
6132	6173
2792	5145
6453	8976
6139	6165
966	326624
4724	4725
6500	142689
6139	9349
6599	55193
55749	79869
5424	5426
57674	64219
6136	6231
3836	7534
2147	3827
51465	140739
6160	6233
9675	57521
3304	10963
8085	8945
6249	10540
6207	51202
7706	51426
9716	10236
1933	6188
6159	6160
6122	6209
6206	9349
1660	10594
9662	10733
56729	126014
6142	51187
6155	6181
3915	5747
4584	4586
7311	23586
6164	6201
4708	55967
5435	6633
6136	6173
338	350
983	129401
5872	326624
5430	7072
8843	338442
6728	10952
6233	6868
10885	55720
6157	6160
338	345
10383	84790
5094	55749
3799	10540
580	80010
6233	285231
10324	51666
8322	9341
10053	152503
54148	55168
9700	23397
6635	9883
126006	729230
1667	1668
7153	22974
930	973
5339	6194
2932	9015
1060	348995
6155	6209
4738	9978
9969	10499
661	6619
3796	5519
6217	6232
5557	23595
6206	6218
3187	10181
10618	22848
8945	23304
3827	5345
991	22974
163	11252
6189	6194
10970	79895
3148	8125
7311	9045
9493	22974
6136	6228
4536	4539
11017	22826
6202	6233
6374	27198
6137	6155
6176	6235
6169	6189
2242	9855
671	10394
1366	4072
7096	10333
5739	5746
1524	6370
1536	51382
23304	64682
1551	1576
399	10144
5518	23198
3594	7297
5685	10393
2790	2837
7137	7138
5469	80205
6130	6206
64682	154881
23014	23291
6165	6181
8689	121391
1107	57504
54069	79172
4734	9320
1116	56729
1439	3718
988	8243
6133	11224
9493	259266
51096	57696
3693	5829
2274	284119
2205	2206
3267	9341
3937	5777
3920	5660
7311	55914
29945	90025
2641	346562
6491	10733
7466	51280
84135	134430
27229	54801
3685	6461
8295	57634
6152	7311
351	7042
2491	22919
522	4713
2033	2072
7311	9927
2185	3718
27243	51652
5781	259230
1299	50509
2863	3269
3913	5747
3185	3191
64979	116540
7184	7466
6124	6202
3683	5788
10155	90075
2242	3320
6233	143279
7414	7454
2920	2921
514	10632
1857	5699
6869	64106
4538	374291
945	3689
1783	25909
5878	51715
3190	5094
5438	9978
988	23397
54874	115548
388	397
2042	2044
3832	10733
4717	55967
51081	51649
3178	8175
6222	9349
6155	6202
6129	6133
2914	4988
1937	6229
6142	6227
26190	54165
367	8349
3683	10970
6152	6169
6810	6814
6205	23521
89910	90293
9133	51512
2194	6319
1445	9564
22919	54821
6136	6165
3855	144501
65993	124995
7409	23533
6122	9349
7337	54778
50813	92591
7316	91445
23279	53981
9787	10403
990	51343
7156	63967
9493	81876
7514	11130
3015	10284
4690	10152
4700	4725
9738	55755
10269	23463
6434	220988
10959	55605
4288	9700
3832	10592
22974	81610
1576	54600
29984	55843
3192	79869
4694	29796
4540	4695
4700	4709
6154	6158
2840	4986
4111	158511
7253	10888
6125	6233
2266	3827
6049	26224
6218	6233
1665	5725
6170	6235
8314	23512
6233	154214
2837	5331
23511	25929
3675	7057
2863	5332
26091	57154
908	9628
25978	92421
4035	5159
3304	3337
270	3704
831	5829
3191	10713
6206	6232
2832	117579
1783	51014
8717	9530
2197	6227
2151	2791
6209	7311
28998	65003
6173	6202
7434	122876
6167	6202
10671	51143
8638	91543
6194	6230
6194	6229
6167	6173
6159	6223
26005	84902
9133	113130
2782	219487
9870	64219
2033	26523
991	9133
3687	53831
4171	5422
6230	25873
1994	9879
5707	200734
6773	10379
6124	6156
990	5422
6160	6188
88	2890
4976	55669
86	57634
9787	64151
6128	6139
5290	26127
1669	56729
811	813
6165	9887
11245	55970
3190	9128
6207	9045
4343	27327
6170	6201
6164	6206
6748	28972
5347	6249
55124	221400
6601	9031
9133	23397
5695	7979
6128	6208
566	4332
890	5347
1956	2059
11235	25843
5435	11325
6147	6235
1347	84833
23063	23244
259287	339403
1894	5879
6160	6210
139322	374354
6169	6229
8655	79023
3339	3912
6601	55193
54998	219927
8334	8337
3853	196374
6173	6181
11128	25885
891	51433
10389	84108
7311	10252
6139	6209
9883	51692
1778	51816
6202	6229
6455	7316
72	58498
3675	5328
23223	79039
4736	6156
5609	9181
9320	84085
6133	6188
197	2243
1915	6144
87	1499
11316	55850
113130	348995
1991	8635
988	5985
86	8451
3184	23451
5880	9138
50506	405753
4738	28991
22930	84516
6203	6231
6204	6207
3937	7462
3055	5788
3619	9700
4712	4726
251	23627
701	23397
4798	79913
867	10097
5725	8661
9700	10051
4233	9564
1476	8993
8453	84085
51289	259293
1783	22930
6164	6194
6207	11103
6164	6228
4173	9126
9156	84126
4173	55388
6202	53918
988	9416
6133	23049
3184	10713
9716	55749
6122	6193
2695	594857
4725	29796
4542	4646
5725	10492
6124	6159
2792	7434
53981	79869
3491	11098
1365	1366
6129	6165
5330	8477
5431	5433
7469	9656
6790	84962
6136	6235
1933	9349
23620	84432
25	10163
972	3119
4736	6159
6428	7919
623	5737
2788	83756
336	2153
7311	64750
3832	3833
4171	4678
6164	65008
1364	1366
3312	10576
3689	338339
2197	6218
699	10592
3192	6434
10043	25798
351	29933
2033	9757
3376	4141
1605	10298
10802	22872
914	924
161	6233
1933	6210
10713	53981
4677	8565
6047	26234
6950	10574
8683	10569
6129	6142
6128	6168
6133	6181
999	4646
1365	24146
10533	26091
1398	11184
4992	344892
1017	5707
5433	55660
2177	11073
6129	6206
2322	6688
4712	4724
1237	5173
6144	6157
1062	5526
4141	8565
3655	4233
3837	348995
9730	63891
6129	6193
6237	10507
3071	7456
5694	5715
9031	221830
8945	9820
2185	5829
11258	93661
6164	6202
6152	6228
9918	23397
2938	2939
7204	10800
27198	338442
6194	6224
6152	6201
6208	6229
6189	6209
3635	5579
2131	2817
51604	84720
6147	6224
7155	8289
5747	23209
6517	84246
7020	284252
6234	25873
55127	84172
9044	55814
6130	6235
1269	59340
53339	197131
10489	197131
2064	7311
2967	9015
9631	55339
9341	51542
6155	6229
80346	402135
8317	84515
301	2776
6232	23332
6170	10952
3122	3127
55125	79959
6181	6207
57191	400720
5518	25873
1432	6667
4172	8888
722	725
6714	375790
1665	3192
51234	56851
158506	285231
54751	83706
7082	25937
6184	29927
6233	23049
6122	6133
1022	2810
4734	22954
5516	6801
102	6556
6146	6204
6160	9045
10802	10960
6161	6193
11338	23511
2535	64750
23295	54620
4116	6227
1902	2767
6142	6218
10749	81930
972	3115
521	4701
3689	84418
5931	6839
6453	10552
6169	6202
9793	121441
6152	6176
55143	113130
6193	6209
10059	55669
10236	11338
6136	11224
23011	57403
4952	5286
1337	4697
5878	54885
6136	6203
811	10130
4800	6667
6224	7311
185	2862
1981	6167
111	1812
5970	57506
5702	6790
6203	6224
6461	9844
5023	6518
146	84109
102	160364
3192	10523
6801	7871
5519	9183
79050	317781
712	714
10921	55746
6181	6203
4540	4726
3105	3135
6161	6188
963	8514
1942	9564
9716	51692
1937	4736
6143	6147
3191	9987
7919	65109
5368	55970
991	151246
84085	154881
50835	51289
3832	4288
155	6344
6628	55110
3914	5829
7311	55432
1933	4736
163	5878
9020	23118
6385	375790
57787	146057
87	226
8729	9371
3561	3635
10383	84617
1116	5005
4734	23327
22897	27175
6156	6204
2153	3827
57539	79659
6161	6205
5695	51371
11338	27316
26091	55008
5879	11113
8976	55971
2197	6229
5797	25945
8697	11059
6122	6136
8337	121504
6232	90701
5077	6663
87	6385
6169	6208
6128	6147
8542	84141
8453	89910
1915	3921
5829	6385
3799	55605
5701	5715
4074	29993
9126	57551
4695	9551
2178	2189
2197	6727
351	83706
6790	9787
1911	57504
87	7044
11065	64151
6138	6232
971	974
9611	23118
6157	6228
637	3002
4734	55008
1387	9969
10274	81930
2033	8085
5903	54821
6154	7311
79090	149111
824	3688
7132	10616
1173	10552
1894	54443
6209	6218
6142	6234
6206	11224
2064	54206
5981	23244
6426	220988
208	2475
595	5707
10426	55835
2960	4763
4694	4713
9690	154881
6129	6175
10458	55740
4508	4537
5501	23332
8349	440689
5518	23399
6235	7311
2209	6688
5286	7311
23244	23332
54960	129401
7846	57545
9837	11169
2165	2244
51388	84916
9818	53371
3434	3437
4540	4713
521	1350
2491	5347
5594	84823
5880	257106
6203	6207
4535	4539
4736	6157
9221	23160
6632	10907
6152	6232
79172	151648
4670	10949
966	5023
1783	6249
5905	6232
122042	285601
6160	6209
51071	126133
1129	6572
3105	3106
6167	6201
4172	4176
9349	140801
988	9631
4998	8317
22995	146057
163	274
1063	5347
6128	9045
9126	348995
2814	51206
10193	23352
2204	338339
6139	8662
4172	5422
60	387
9582	27350
2033	8289
6144	6168
1457	25942
9126	23279
7919	8106
6139	6224
11157	51503
4999	5558
4586	140453
5747	50807
4928	10482
6137	6173
388	23370
51289	259287
6135	6207
3675	3909
9793	55755
5725	220988
9616	150726
3915	5621
1129	4543
6923	51755
6164	6188
5861	11015
23309	79595
1822	1911
2790	5294
143471	161742
5080	8338
5777	7852
5528	7514
6154	6204
7857	54757
9655	50813
3619	25909
25831	57542
6139	11224
6233	22954
6168	6194
6237	10371
6147	9045
3356	94235
11100	11338
4736	6128
5111	7298
779	10369
5518	6235
834	114769
9978	140458
11130	79172
1453	6224
6877	6908
2792	10563
6181	23521
54820	57787
9320	54778
1329	1350
6138	6230
6137	6189
9793	146057
6161	6208
3921	6128
6637	27258
3181	3185
6181	6228
54620	80204
335	5948
4016	5118
3074	5707
1315	4905
6160	6224
7514	54821
81285	285093
4736	6165
7057	7424
6698	147409
6128	6138
6176	6727
55872	157313
120776	344892
973	974
5929	8085
2071	6873
6208	6218
185	186
57545	91147
10907	51690
212	2038
2491	55055
4541	25915
1645	8644
4540	51079
6128	6156
51692	55746
6141	6193
1954	23295
1557	1576
10051	64151
7311	23291
8636	11258
3355	4852
462	51156
5610	23118
6189	6222
6147	6158
6176	6202
3921	6164
2243	3827
5430	65109
988	9611
6122	6229
6137	6175
3066	84289
6128	6188
5529	7525
8365	333932
1062	81930
51166	125061
6714	9564
10199	79954
160	26130
3191	10432
671	1669
5157	7991
3915	5879
64284	401409
9789	10952
5611	10525
1524	126006
5573	23209
1778	6709
6139	6234
3560	8651
1337	27089
3191	5094
5529	10274
5879	90627
2920	55970
9793	84131
6500	55884
6133	7458
5586	5879
3713	6705
10613	91319
6206	27340
6168	6176
5707	51330
9972	10482
5501	23122
4736	6229
6157	6233
10577	56729
335	2262
7328	57154
6426	9879
10618	26130
221	5329
399	1894
6866	8997
1398	1793
1793	100423062
2071	6830
79869	84248
567	10475
6130	6194
4734	115290
4033	5660
640	973
6156	6164
6175	7178
332	151246
6137	6181
695	5335
5737	56923
4736	6205
6233	55366
6205	6229
4548	10768
1116	1991
1829	2125
351	1234
1387	81857
1295	55214
25873	51187
7184	9601
8945	115290
705	8602
1490	10413
84085	197131
6135	25873
8648	96764
2359	11251
1665	23350
1642	5931
2641	113091
10943	54556
10155	201514
3683	5795
29894	51593
5347	9793
51088	79176
6122	6147
6453	8322
1387	9968
3190	7919
1994	10921
7314	9134
10484	11196
5878	11252
6173	6189
8243	10051
8453	8697
3190	51692
6156	6224
5438	5440
64761	83666
1879	5079
3916	5878
4116	6160
6189	9349
6137	22916
28514	54567
996	5699
1208	5406
23397	55143
9585	10112
867	8301
6632	51690
6224	140801
6233	55252
1289	5118
9371	64837
25926	117246
3688	6709
3827	51156
6135	6144
3191	23020
3854	9119
2491	9793
6224	6727
4666	6202
10592	24137
846	56923
684	4939
163	29993
991	5707
9879	23517
6637	55505
2801	5861
3698	51156
3091	5708
4736	6224
3903	11314
4540	4709
4708	27089
23160	55127
1605	5879
4008	26091
10885	55127
915	3118
4763	5699
6429	10250
6139	6218
1781	6249
185	4988
3071	9844
6129	6207
351	1241
6130	6144
988	55631
54663	84365
2521	23020
6142	6164
9904	79050
6209	6210
6169	6173
8450	50813
2168	3158
10153	79954
3676	3683
6142	6176
983	6502
27316	220988
8945	89910
2185	5781
671	1991
9700	57122
2799	5707
3200	8338
4641	5898
8881	26224
26589	64928
6168	6206
79019	85236
6158	6160
6167	6175
6217	84916
5587	112476
627	6272
8085	8289
10575	10693
11224	140801
3091	3725
3422	4598
891	7531
6135	6208
8648	10499
2475	9675
6185	7184
2185	3320
643	10803
5516	5711
6157	9349
6144	6160
6130	6165
6222	7178
5879	23526
6633	6637
3619	10403
6189	27340
4236	6628
6167	6193
10250	23636
623	2357
7204	8976
6159	6169
3356	5731
7913	9031
8729	10121
3184	10181
9416	51692
6201	6208
5747	11099
6204	6233
9276	10802
661	10623
4709	25915
2048	5998
351	27242
6130	6157
6189	6228
1291	1303
6165	6203
1445	26191
6176	6205
54617	57634
8337	8349
25	5159
10890	51715
5048	5529
9221	25885
2648	5469
6209	6234
972	3123
27042	55127
3017	8329
6158	6202
1387	6605
6156	7178
23511	55339
22803	55127
84870	343637
5529	55055
6152	11224
6514	6927
4738	7979
6133	6228
5436	6631
6230	9349
8945	64219
5701	11047
344892	390058
1660	3181
2243	5005
5781	7525
4695	4707
23291	56929
6144	6158
999	4072
6201	11224
335	3698
891	54908
2266	51156
6155	6224
2491	57122
10199	84946
7514	79172
7314	10920
4709	91942
24137	64837
3688	5747
4509	4535
8826	128239
6160	6165
3619	23511
6141	6234
5528	8243
10926	63967
2537	3437
6154	6206
867	6654
219960	285093
1856	5528
2491	3619
916	940
54620	57542
3113	3122
4508	4519
9416	55339
4735	79867
7852	9564
6161	6231
1579	8529
5707	10383
6117	10635
6129	6230
51465	84447
887	3827
2107	6176
23332	79172
5439	80349
8976	25977
4686	9879
6233	57154
4173	5983
3105	3134
5023	10970
6176	9349
153	155
5394	22803
1398	7409
6144	6176
23291	26190
393	11014
5977	6601
2185	3685
3887	3889
9793	79867
10403	56992
6154	6234
10458	100423062
6173	7311
9685	10618
1063	4288
4694	7388
51429	115548
1981	9887
6129	6202
9716	27316
3190	11338
344892	390064
1107	23028
6426	7919
10749	24137
988	53981
5777	10630
8349	8365
5869	7316
51069	64928
4538	25915
2521	5725
5048	5515
701	221150
8914	11169
6135	6142
1499	5868
11325	26121
6169	6231
2517	2990
440	2617
1116	10394
57082	113130
8568	25926
6167	6228
3918	4233
9793	23122
54885	152503
1781	1783
50616	116379
196883	285601
4670	10657
56995	154881
988	55770
10970	54972
5707	6386
1639	10121
6138	6160
2358	6556
3191	10236
3663	4281
6137	7178
7919	10949
3119	4261
5290	5970
5725	8672
6222	6231
5422	55388
9295	25957
10193	54778
27292	55781
3882	54474
990	996
6233	653604
8467	79595
4695	4700
9604	22954
64963	64976
1136	1137
6155	6208
399	6453
1813	5443
4141	7453
6142	6158
3184	6626
5657	56729
7337	197131
6165	55176
6233	80351
5518	56006
10533	10616
1033	9232
6189	6204
4540	4694
6160	6201
10342	90411
2971	51082
9700	259266
5861	55605
988	3837
1173	5869
1943	2046
2922	4923
9793	55746
6176	23049
917	29993
399	7984
1398	3685
6133	6161
9320	26190
719	8895
4710	27089
9101	10193
6158	6203
671	4353
8337	440689
6699	6707
2034	84962
2801	5862
830	55604
6147	9887
5048	55055
1116	5004
1173	29924
6142	6161
5290	6774
1129	2912
988	5591
920	2533
25831	57154
6135	6202
156	5021
10197	64682
9883	23165
6144	6232
2683	5660
163	1601
6138	6235
1956	10413
6122	23521
1387	2033
3084	5781
9341	23149
1738	6470
6167	6203
9367	201475
4867	27077
5717	126374
3190	11052
6429	84950
2150	2863
7139	7431
1665	3190
29118	63876
3013	8334
6139	6161
8322	22905
5699	5711
6136	6176
5981	10051
3192	51729
3183	6428
1213	8976
9343	23020
9904	57647
8816	79269
1778	1781
6741	9533
6133	6144
2305	5518
1786	7027
6426	79869
643	1268
5202	10471
55339	55749
9643	93621
353137	353142
136	2788
6202	23049
2206	5335
8767	23118
335	336
3659	5371
8356	126961
9295	9410
6181	140801
262	4143
133	2790
1783	9493
6129	6143
988	24137
6626	220988
8453	23291
9416	10250
6152	6167
6203	9349
899	51343
22845	57171
6863	23620
4700	27089
6136	6224
51602	84128
3895	5954
6139	6155
3434	55008
9793	57122
79600	91147
3685	64386
2064	9475
5707	8452
116	5746
3192	5094
3685	80781
2185	2268
6144	51187
3192	23020
1981	6208
3688	375790
6218	7178
1660	3190
3364	5810
9904	57696
23122	57551
5518	6164
5683	139285
3673	3691
6209	11224
51264	118487
6129	6139
7110	10618
6146	51187
1233	5473
6129	6152
4670	23435
7536	9716
1350	29796
3672	3912
6136	6170
7316	150726
1909	2922
1398	5879
2790	222545
10403	348995
566	1511
3055	3572
6232	57122
1981	6228
7414	8993
4736	6228
1453	6207
9039	136371
10959	26286
10652	51014
10413	60485
3921	6175
5879	9046
6135	6204
3434	4599
9533	112495
3491	3895
930	974
4536	25915
8347	8969
3006	8337
8301	9322
6175	6224
6142	6209
22995	163786
6207	27340
102	84141
6184	58477
57154	89910
51650	64976
7329	197370
26267	63893
701	23047
3183	6426
6155	6233
324	6233
1950	2277
2767	5599
6142	10399
6491	259266
8243	23244
9791	81490
6146	6147
6160	6193
5438	6633
10236	51593
117	594857
6233	140459
6136	53918
6878	8295
2151	6915
685	1956
6233	7098
3185	11052
7516	11073
9349	23049
8766	121441
23160	84172
6218	27340
5433	10285
8243	57082
23466	23492
6146	6233
5351	8985
6168	6169
26716	344892
2833	83756
2788	5368
9493	64837
6155	6222
2064	6714
6206	6207
5707	10577
4173	23397
1500	5795
9730	10075
2847	2911
4008	22954
5594	10971
3240	5004
3619	57551
9793	26005
9757	26523
6164	11224
1121	5869
4509	4539
3183	6628
6144	9045
890	1058
5023	8514
51650	54998
7317	22888
1601	6233
6233	26130
11190	55142
1033	9787
4706	4725
886	887
10618	79571
6272	9500
6139	6203
896	3717
6233	221687
1400	56896
57545	121441
675	27030
89910	154881
7536	10181
316	4837
4582	10331
3191	79869
3312	8871
57332	84733
6158	6173
332	1058
9968	23097
3351	4887
6138	6165
3886	8687
3192	10921
7514	25909
5713	5715
2826	29899
846	2798
1108	6908
54821	57551
7317	140459
2813	55350
51320	55175
54620	84231
23014	55832
8243	57122
6159	23521
22984	55127
11073	63967
537	10159
6156	6170
3683	3903
10014	57459
2633	2634
5584	56288
9700	348995
6188	6202
3183	6432
302	56729
3106	3659
3688	9564
6194	25873
932	222487
3054	8314
2059	5294
1277	1292
514	4700
26224	84085
1314	26286
1781	24137
10920	55884
7476	7477
6233	9320
55142	146057
9793	81930
2521	3183
5715	7979
6160	6194
595	6776
6234	6235
26232	93611
2197	6128
1269	8698
6830	9646
891	129401
9341	54874
6169	6171
972	3122
1478	3188
680	2798
6205	6223
6233	7158
6750	50837
2798	56923
6193	6232
6206	25873
3660	4939
3579	5515
3190	27316
6205	6224
945	79895
6455	23149
8886	56902
3479	51097
1937	6157
6167	6230
4829	5737
6206	6234
1277	1289
8301	9341
2958	5435
23095	64837
2266	3481
5695	11047
1500	1969
4513	4538
251	137797
5093	10236
6209	6224
111	9283
6176	9045
11339	79172
10097	10487
10552	10787
6218	6227
3882	8689
2833	6346
3683	57153
9564	10044
6925	6938
1781	10112
4519	4538
2268	5747
6157	6189
7311	90293
55215	64858
6136	6189
397	5880
7311	257397
23521	25873
83461	259266
89890	90025
6049	8881
6206	23049
51729	55339
6157	9045
9892	10092
6135	6234
6135	6158
6430	22938
6222	7311
1081	3623
3433	9636
6160	6181
6175	6232
29093	118487
6135	6159
6233	55670
6605	7421
28981	79659
6234	7311
4035	6385
6207	6222
84154	84365
3881	112802
23	988
846	259292
51264	51649
6208	55176
23014	115290
9076	137075
9739	55904
2776	27334
9320	89910
4519	4539
1843	3304
65264	89910
163	8976
6159	6165
1500	5880
2262	2719
6147	6209
1783	79659
514	4695
10921	23511
3832	7153
945	2207
3267	5868
1544	169355
6209	140801
6201	6235
9462	153090
90480	116541
2521	57703
6122	6144
4174	10036
4116	6636
2920	3569
891	55165
4508	4539
9978	285231
10499	23389
10890	57403
1230	2770
3998	10959
8544	10787
335	350
5879	29127
6204	7311
10396	25798
1116	3240
51088	55832
6154	6222
6161	6169
2042	2045
6137	6152
5868	7879
10616	26091
8698	59340
301	7852
55876	94103
2935	6207
6142	6157
383	8993
6747	60559
3799	9585
2770	55970
5604	23164
344892	390061
3913	5829
3854	3861
5861	5868
9790	22803
6133	6194
6224	6230
672	51755
6164	9045
3309	9531
1555	1557
4116	6125
890	9824
87	1500
904	25896
4088	5594
6133	6143
126638	353135
2792	138883
109	2358
23107	65993
1911	23028
6228	11224
6427	8106
7153	56992
1269	63940
5887	7520
55759	84128
4701	374291
6136	6164
6790	11190
9700	23244
2788	22948
6146	6173
1398	9564
6233	221937
6141	6159
8322	8976
5331	222545
51382	222487
51593	64859
7272	9833
2491	7514
6430	6434
5332	55970
4695	51079
3184	10921
3054	6872
6130	6223
8453	26043
6135	7178
988	9793
10075	54926
3071	8976
10592	51203
2550	3579
868	200845
7317	51343
4617	4618
10621	11128
6224	6235
1783	29127
2491	57551
6152	6202
2695	2784
8450	55832
2784	7434
705	56919
5439	5451
8356	121504
5048	151246
6136	6157
990	5985
4540	4724
1880	3579
22919	79172
3675	3915
2067	7515
54577	54658
1830	5266
25879	84294
3717	4352
7316	8864
6159	6224
4708	29796
6158	6194
3113	10346
6836	29927
2147	3481
8085	26523
1280	84570
4586	4588
11100	23524
2776	222545
391	9743
3482	5868
4288	7272
6175	6203
5430	10949
5746	59350
1500	84962
4726	55967
1933	6230
10885	84172
6850	9564
399	5879
3340	375790
1173	24137
1508	1514
6432	6628
11314	196527
7428	10425
6229	6232
5528	9793
3326	7415
6637	51372
2814	2815
1291	5351
2197	25873
6288	6357
5528	9700
7421	11198
5347	54892
6136	6181
2792	3763
185	2641
5518	25909
3912	11167
22897	653784
6136	6233
86	988
6169	6193
1058	55355
4718	4724
4998	5422
1314	22872
8065	84259
9700	10274
891	9787
8065	9354
871	10491
302	6281
4008	9870
3837	22974
6205	6233
22954	23291
11190	203068
2782	6346
1499	6714
56923	339403
3123	54331
2197	6158
6430	57794
6128	6171
1956	5879
830	11127
2957	5433
1778	5528
6136	6229
336	3827
5660	84061
6122	25873
1453	6210
4171	11073
8925	53339
9221	84172
3301	3320
60	2597
6135	6201
79980	113130
1499	7534
4670	5094
6206	23521
1063	259266
4172	4678
6135	6181
6128	6231
6144	6205
6160	6227
6164	6193
6632	6636
9879	51690
6133	6176
932	338339
5708	29979
2767	29933
9439	9967
1910	84432
163	51429
5782	10718
6235	9724
111	10268
6165	6227
3903	79895
8697	8945
3157	4047
5869	10254
377	5861
10965	641371
2206	2207
671	1116
251	152330
3611	6790
6233	27340
6227	10952
3312	6804
963	5795
4926	9793
2033	10498
10952	90701
6234	27340
23326	79595
864	64750
6159	6168
727	56923
10097	50618
988	7112
87	5879
5880	84144
3433	91543
5347	7153
6168	6231
10540	11190
8568	22984
8514	326624
9320	151636
1398	10818
9459	64098
6201	6231
8337	8365
643834	643847
399	4983
11187	64065
8816	51122
6136	6230
5347	9055
6950	10575
23223	26155
6201	6222
6442	6444
2912	5173
51099	79948
6602	55193
2993	2994
932	3903
10969	29997
23646	147746
6125	6146
3181	3191
5528	23332
1559	2327
23562	53842
5717	6790
1933	6201
2782	10681
53637	63940
1991	3240
9493	11014
5347	54908
6125	6201
26259	55819
1956	55914
6168	6209
5526	6249
6135	6222
1605	3913
3433	23586
54578	54658
778	27091
6223	51187
6132	6201
6167	140801
3619	23244
90480	116540
2788	27334
10075	54620
1876	10445
1337	29796
2957	51616
1933	6138
2962	57794
1665	4686
3355	5173
6422	7474
6168	6173
26539	344892
2099	54828
9666	143279
9002	27334
3190	23435
4174	5424
462	2243
1062	5528
29093	51023
4793	5714
374	2153
83756	84539
1994	3192
4171	5426
6152	6194
701	5528
7057	56999
153571	153572
10592	11169
3915	54972
23451	51692
1902	7852
1462	9469
1017	63967
6223	6229
1739	3996
915	919
1063	81930
5347	11004
138805	344892
1660	3609
680	4829
57630	83737
7175	23511
3833	9212
6143	6175
6189	9045
10772	10949
10713	23451
151648	220134
1965	1973
3797	285643
2207	8514
6142	6143
5368	50865
10254	10552
1062	1315
6338	6340
1062	6232
2782	5082
3191	23435
10236	51729
5347	57551
6130	10399
6146	6235
988	23595
1933	6203
1453	6233
5335	10818
6160	6173
2197	6207
10022	56923
566	6036
6136	6168
5194	6233
1783	57551
2770	5747
55970	126006
4047	6713
472	7468
2177	2189
4539	4712
6147	6205
4751	4867
64792	150737
6210	55127
5768	11167
6168	6218
1495	7082
5880	7409
5438	10302
4736	11224
719	945
2222	3156
5094	5725
1778	6232
6633	25929
657	659
10749	29127
3191	26121
6194	6228
6203	27340
7766	10155
148	2922
2521	3181
8356	653604
6229	23049
1287	55214
6231	140801
8452	57542
3685	9564
64951	64979
10970	326624
55168	64928
60488	85476
10352	55699
4867	79867
6009	60673
4734	65264
4712	7381
6161	6206
83666	151636
6164	6224
677	56915
10885	22803
55131	64794
3921	6144
7756	64149
6147	6173
26524	126374
8243	10592
6850	64170
3192	10236
3698	3827
6159	6205
6201	6218
55008	64750
3685	3912
53917	64284
7409	10787
2064	3320
163	6233
1499	4233
6147	6164
3339	7045
6152	6203
2033	8648
10112	81930
2922	3061
6218	10952
64425	65083
23197	26043
4691	22984
5879	10458
3718	9046
10693	55970
6455	9341
5657	6036
3660	3662
6208	6209
641	6118
3655	3688
1500	5879
64951	64983
6224	9349
6164	6165
6129	6203
1660	4686
929	7097
9133	22974
3676	4192
9724	27042
2537	3434
2247	3685
6233	257397
4717	4728
6950	84617
6426	6434
6455	8673
991	9055
890	29127
22974	23332
10403	26271
2247	6233
3178	6430
5571	60673
6128	6230
1660	5725
90550	91689
1660	9343
117	122876
11102	84946
1794	9844
1495	6714
6128	6135
1962	6233
10905	23193
156	351
5111	7329
2222	4598
6233	84749
10291	10523
163	8027
1499	10971
940	5879
3833	56992
8453	115290
399	57522
719	8514
1969	6714
344892	390059
6158	6228
51650	64983
1058	81930
4735	80184
6164	6204
1536	8655
2916	4887
6167	6169
6161	6201
6223	6233
8189	10523
1544	3620
23304	53339
2185	5599
1908	6863
8767	11124
11127	64792
7082	100506658
3371	84141
6130	6167
6605	11198
51132	54778
6144	6161
5000	7311
9879	51362
941	942
6223	8562
6133	6152
56923	259293
1292	1295
6193	9349
4298	6830
9984	79869
1236	2841
6429	9295
6158	6223
4670	10921
4041	6422
102	3915
6152	6161
302	5707
55850	113220
7450	54756
4736	25873
133	79924
1350	7381
6124	6141
51602	84549
1902	50865
6142	6222
27097	79595
3046	3048
4116	6168
6173	6175
25873	114987
3006	85236
10285	55339
695	971
5688	7314
1347	10632
1660	27316
2305	10112
6170	6203
10933	93621
8329	8365
6164	140801
1329	1347
330	637
991	6790
6122	6156
6152	8666
2197	11224
6142	6203
1981	6175
5557	54962
6202	6227
4116	140801
5436	7936
302	10577
8243	57551
6157	6194
1933	6205
6141	6222
3181	11338
1981	6202
6142	6233
5345	7076
4735	121441
5747	7456
4701	7388
2790	7204
2305	11004
55008	151636
6772	9021
3172	6927
9045	9349
5702	5706
3396	51649
5338	9744
701	3832
999	1001
23595	51053
871	1287
9436	9437
4735	57545
22918	79895
64946	79682
9320	51088
10971	51552
259292	259295
51289	339403
8514	57153
4999	84515
5196	56670
4171	81620
1824	5493
2695	7434
6139	6193
2833	84539
4854	5087
1639	10112
8993	10394
27339	57461
1660	11325
3111	3113
1981	6232
51096	84128
3422	4800
7057	23275
1778	121441
3683	6518
4736	6136
466	1386
7454	8976
695	3937
114	2492
118487	128308
10236	51692
6160	6171
991	51665
2782	341799
9439	23097
6158	6205
963	3685
1084	160364
5929	23067
9276	22820
57405	79172
6173	23049
7189	55626
3181	10713
6158	6168
6209	6222
2847	2918
896	6776
55014	126003
6230	6235
336	2243
6233	27327
1778	81930
2923	3309
10540	22930
2768	55970
2817	6385
2033	55904
79892	84515
2782	403278
627	5599
6129	6168
9700	10592
2735	79809
9410	84950
6136	6169
1894	259266
60488	64963
6176	6218
3921	6160
6208	6227
2625	7031
1894	9833
6205	51187
6130	6142
160	8867
6175	6194
2033	9967
6144	6203
345	350
5861	51014
6159	6181
90025	91694
10425	79876
11103	56902
5427	9768
7326	26259
2268	6774
701	1063
2968	6882
891	6249
7311	54363
3181	22827
9801	28977
8615	10802
6142	6168
6205	53918
8453	54165
4709	4712
1788	57332
10885	65083
9793	203068
988	6602
940	3695
6173	6223
7472	7482
4331	404672
5878	8411
1629	4967
6908	23451
2537	8638
6129	10399
9410	29894
444	3725
26224	55208
3713	6699
6158	6189
3133	5696
6173	6203
4695	4725
6122	10399
5869	8027
6432	10946
1497	23729
2071	6878
29945	63891
9700	57082
3434	9636
5861	10484
3181	23435
4543	6751
5715	11047
8334	8365
1839	1956
8337	317772
6202	55272
7004	10413
5870	10890
4172	7298
8452	50813
4736	6232
5880	171177
7124	10673
4317	6947
10254	51652
1129	5733
54845	80004
399	9828
3357	5737
3191	10921
6169	140801
2968	9656
6455	8871
6130	6135
4588	192134
23279	79172
4586	26290
3895	3912
6430	10949
51602	84154
7133	57153
26091	65264
988	9879
5788	7852
1237	9934
8337	8970
4620	8735
25873	55176
51079	374291
26118	64708
8027	25977
5685	5688
3113	7535
846	5737
3190	10432
8826	55109
4069	8635
3115	3119
55279	285237
6222	6234
4709	4710
65055	128366
28977	54516
60	57591
8175	57794
6144	6164
1933	6165
3837	57122
6152	6165
6152	6206
81	5868
521	522
1453	6202
9439	9611
1439	3635
6132	140801
9341	10228
5605	84292
1942	6714
6159	6201
6809	9341
3897	3912
6130	6159
57405	113130
5094	10236
5890	5985
6159	6235
1499	9314
5903	55339
988	27316
10250	10285
1793	3071
6136	6207
6154	6202
1778	22930
6228	6234
4283	6364
9636	10561
1933	6202
9738	146057
57521	389541
1778	5861
5119	27183
81	3688
6185	84061
64219	65264
10112	11004
9320	51132
950	3482
27340	57647
4738	59286
6169	6210
5929	8945
2521	6628
27042	55153
1287	80781
6138	6206
8515	22801
57154	64750
6139	6154
7337	51132
23658	27316
4718	5284
399	80728
4670	6626
7424	8828
988	64682
6161	6232
1933	6233
2023	2026
6147	6168
885	2922
10945	10959
6152	6170
3839	55705
81797	344892
10022	259293
6164	6223
25926	84128
22954	23014
83597	135946
2197	6233
1783	9371
9246	11275
3912	5879
4736	9349
10181	10523
6157	6175
983	10733
10250	79869
3673	3675
3190	10236
3881	54474
4736	6143
6144	6147
29078	126328
10714	80010
6155	114987
4509	4536
699	6241
990	55388
4609	7022
27316	65109
7514	9700
3915	4811
10112	29127
6173	6233
4543	5173
4057	56729
4998	55183
9320	84231
5660	10970
917	29924
6218	27042
1660	1665
5093	5434
1499	3611
6625	27316
57531	80204
6181	6227
1445	7525
10376	10693
1656	54464
9553	64928
6137	6167
871	1291
6138	6227
10161	257313
1230	29899
6160	6231
55832	80067
3915	4240
4361	10635
4303	5901
9276	64837
6160	6167
527	3920
1942	2268
3921	6204
6138	7311
332	9793
3157	6307
1230	55970
3361	4283
6836	22820
8334	440689
10236	11193
4116	6201
6202	9349
6232	11004
2798	4829
10970	222487
1303	55214
4160	104909134
10970	84141
64979	118487
9055	11004
6631	6636
1329	55967
3913	3915
6204	6224
54821	55055
9648	10466
6156	6223
258	9210
6625	6626
1063	57551
1758	8404
3832	29127
6128	6130
6625	8189
2792	128366
6203	6233
6176	6203
55055	79172
6159	6176
1660	10236
9744	51454
23244	54820
208	51230
3437	8638
1116	1669
6133	6201
5931	6908
3458	3586
6133	6222
3433	10561
6223	6227
10324	201456
1793	9844
4535	4536
55339	79869
4712	4713
6128	6218
5896	5897
51465	64750
6164	6209
9133	55355
5034	5479
689	4666
3091	7316
6203	6206
1660	5430
6147	6155
5347	5905
6434	10432
6142	6189
9410	57819
3915	10298
1991	4069
7031	7033
813	3491
1457	9918
6202	6235
5336	79837
1555	54600
5432	27125
118487	219927
3832	146909
2099	9687
3688	6714
830	51014
6136	6202
187	56670
2207	199675
10920	150726
6147	10399
4701	10975
6122	6206
5558	10926
55755	261734
6137	25873
2965	6749
641	7316
6157	11224
10885	26155
377	1781
6233	26043
64682	89890
4176	5982
1781	84962
135228	266727
6142	6224
595	5708
1292	10536
8243	79172
6161	6234
160	6233
23160	27042
55003	84154
6129	6201
10575	22948
2071	55677
23142	26190
6240	29127
338	4036
208	57148
127385	344892
4734	26190
1329	4726
5584	6714
4701	126328
7328	22954
5711	7321
6124	6142
23160	56902
5529	51143
1601	9341
3115	4261
5711	8697
6124	6189
3115	3122
7110	10466
9656	11073
8106	51593
117	2695
7132	117584
5048	11190
1069	4867
932	199675
2197	6142
5048	23322
4116	6146
23295	140460
1991	5657
389	9322
4726	27089
7044	51097
2956	23028
6144	6169
4313	4323
5437	7874
712	7305
10733	84131
25839	84342
3017	8969
6161	9349
2033	6872
11064	27077
1241	1902
8661	8672
9820	56658
3619	23332
6173	6206
6426	6428
9343	51729
1778	57545
9320	154881
8349	8970
6122	6168
6745	23471
1017	57634
3675	4233
6130	6170
11339	54069
9320	22954
7316	54677
174	3698
377	1783
81930	151246
4736	6230
332	991
7514	23332
351	63940
51122	54165
6143	6228
5747	10298
8976	9341
2197	6203
6133	6207
5347	79172
123904	146183
2033	7874
728	6376
8600	50964
6222	10399
285093	390191
26268	57531
6279	6280
9631	23279
996	23327
5528	23279
51444	57531
671	5657
9564	54518
917	5795
891	10112
10657	11338
3190	51729
1302	50509
6154	6193
3396	51081
4116	6635
5199	56729
2826	84539
2305	9133
9879	55660
4008	7321
8886	84916
4670	51692
55832	115290
51362	348995
9972	348995
6139	6202
6156	6227
6201	6228
4947	5708
999	1942
1639	22919
4241	53942
6157	6202
9738	203068
7311	57530
3066	9014
988	6605
1116	4069
23431	27131
51264	65003
2805	3242
57542	144699
6170	6209
1783	10121
6204	6218
6233	10618
26118	55208
5426	23594
3849	319101
501	85007
991	79176
50813	51676
3799	29127
5604	7529
940	8516
6176	6224
7289	23432
7314	64320
6227	23049
2784	594857
6156	6165
983	4999
7409	9844
3183	27238
522	9556
25909	57551
1813	6364
10427	126003
11103	27340
9276	9371
695	8976
1453	10427
6189	11224
4736	6155
6122	6176
6201	6206
5879	100423062
9126	11130
28998	64960
6201	6203
7005	10413
2865	6863
55755	57787
6161	11224
4670	220988
8451	10714
6176	6227
2537	10561
6923	9978
5725	55749
2081	7494
1778	91147
10193	57542
1292	5352
904	5431
3688	7052
4323	4811
6125	6135
3913	59277
2782	121130
988	10059
377	10112
6124	6194
5584	117583
26190	55832
28981	57560
56949	91603
54998	128308
3646	6156
6737	79754
2790	10575
108	7252
2521	3192
160364	170482
636	25782
3355	4543
9371	10749
4352	5335
6152	6160
1445	54845
301	27334
6167	10952
5529	5781
25885	64794
54881	55127
3836	3837
5199	126014
5694	7979
4700	55967
5718	11059
5861	10749
8607	11091
4707	7381
3119	3123
4670	5725
966	100049587
3921	6189
4173	7298
6208	9045
6232	6234
8027	51429
3190	3192
63967	84515
6129	6161
399	445328
1495	5868
567	3107
983	9631
1495	8394
6206	6223
5558	23595
1398	7525
1655	25804
2776	5331
1500	7525
988	60682
64410	79791
6133	6223
5817	6714
6128	6133
2197	4116
27	1398
7507	10714
1395	2848
5829	10787
29089	197342
8347	126961
4436	23028
7846	203068
80184	121441
6157	6201
1994	10492
6235	6727
4591	55658
6152	6159
6124	6146
3214	3217
4172	9700
6156	140801
54742	80328
4116	6637
2788	5294
1017	4999
5929	284058
2790	5579
521	27089
1387	9967
51421	60485
6158	6206
6136	9349
6205	6228
132320	146057
23301	30846
1933	6164
6156	6232
10575	10963
3684	3687
6144	6233
6130	6204
2790	5368
3915	51280
23304	26046
400	60592
4313	4325
6234	8666
332	3832
3491	3912
8453	22954
1938	23521
115106	440145
23608	140462
6139	6181
5501	79172
6430	220988
55759	84549
983	26005
4670	9343
6155	6231
389	9938
8453	55884
6169	6232
26476	344892
79867	84902
8648	84498
6171	25873
640	29760
3054	80335
3685	5747
5985	83932
26239	353133
6836	9276
3611	3688
4686	9128
10890	10971
23122	55746
121504	126961
2197	6209
2305	9833
351	5443
51289	259292
6233	54677
22794	23398
10250	10949
10857	64386
2064	6233
6205	6230
6156	6176
6155	6159
3932	29760
6175	6207
988	10657
990	64151
2036	8573
8667	26986
996	64750
1387	6601
3376	4677
1241	2767
152	2916
9820	26268
9295	84950
6201	9349
9716	23350
3017	8349
6138	6209
3122	4261
2237	10535
3185	5094
57479	58506
8243	23047
3354	9283
6133	6235
6228	55127
6434	8175
1387	5469
991	23327
50835	259287
6133	9045
1063	24137
23309	51742
3843	10527
156	301
6500	10920
23585	54741
3309	10049
6827	80349
10952	25873
5777	7409
6141	9045
6143	6158
10540	29127
4670	10523
9585	24137
6863	84432
2776	84539
2237	5111
9738	347240
8349	653604
85476	116541
3569	84141
87	5768
8317	80174
6129	25873
1017	9133
3191	5725
1435	4924
3002	5551
6709	6711
6154	6176
4544	5443
11338	55749
8365	8970
7311	85015
830	9371
1915	6130
1950	7474
10236	23435
2935	6157
1781	5516
1345	4695
1738	4719
5529	6233
5725	10291
6429	10236
9739	26523
6181	6205
286	6708
51585	79869
930	118788
699	220134
6175	23521
10971	53944
9700	57551
2033	81857
335	345
6262	11069
2475	57521
6128	6160
7164	152503
675	5983
6161	6235
1576	1577
5697	6750
5725	7536
6169	6234
7936	404672
6130	6169
1495	128239
5868	51552
6936	51645
1452	5516
10952	28972
10920	10980
6223	9790
899	9700
10282	10652
4713	4725
5829	7430
3486	11098
64926	153090
6207	6227
6155	6176
6167	6229
3912	5954
332	1062
4853	9253
3915	10970
1453	10121
6915	94235
10000	55970
10112	83461
3192	11100
857	3688
3106	3133
6176	7311
3313	9093
156	9002
983	7514
25	6714
116372	257194
6164	6235
6173	6209
11100	55749
9700	23279
6130	6202
4976	9927
6124	6133
6165	6209
640	5079
5094	23020
2861	56923
79172	81930
6170	6223
1778	84902
6130	6155
3326	10576
1499	7409
2197	6228
3921	6223
2491	79172
2268	6714
10523	11100
5433	51362
6133	6157
25929	55706
10285	23350
23327	29082
3184	27316
3882	286887
9967	84498
3309	29927
3437	23586
5590	7311
4713	10975
9133	56992
6518	10970
9690	57154
4173	81620
4620	4626
6165	6204
2909	5781
4940	85363
55252	221937
332	10615
472	84142
3017	440689
7520	79840
3913	10298
5879	8853
6147	6170
3912	5578
51088	57542
6232	25873
1329	7381
6155	6156
5879	7456
1173	29763
5627	10461
23279	81930
10733	11190
7456	10552
6141	6158
891	1058
6142	6181
4713	4728
7204	10316
6143	6202
6637	51503
6158	6233
9833	64151
6223	23049
3594	149233
9879	10250
3920	80331
6418	10592
1738	4967
3433	3434
6157	6232
6503	7525
64951	64976
6426	10250
3607	7528
4734	7316
6428	6432
3039	3048
6207	6208
6159	6203
5347	9918
1062	259266
10092	10109
1495	5781
6152	6155
6210	9349
3181	3184
6181	6189
288	2348
6136	6222
1062	9787
8086	84271
6228	23049
2967	5983
917	5879
6154	6230
1453	6232
187	5473
23279	25909
6201	7311
64928	219927
2521	3184
6138	6228
100	51816
1241	29933
4353	56729
351	1524
3490	84141
3799	9493
5829	10298
197	51156
274	6453
6138	6233
6152	6218
5747	7204
23095	24137
2935	6160
9739	25942
6631	6635
472	64421
378	10959
1337	1351
3274	55970
9790	55127
1191	10916
2197	6224
6233	6234
4736	6201
2153	2243
9341	25977
6155	6232
336	2262
22984	79039
6133	6147
3192	7536
6135	6193
8548	64746
3685	4240
1969	7525
6206	7178
890	11339
624	6755
6142	6169
6233	126961
3811	3821
2790	83756
1994	23435
10403	57082
6122	6208
657	9765
350	2147
6790	121441
87	3611
636	23299
6133	8662
6169	11224
79659	150737
6129	6159
3685	5023
4332	5657
11051	55660
6707	126638
5438	6827
4540	25915
2843	151306
8351	126961
183	3357
1453	6228
1981	6189
8301	25977
8178	55840
6672	79097
5558	8317
7536	10772
6625	23450
6156	6207
11004	259266
2784	6752
6158	6234
6160	6204
5023	10857
3074	6386
3673	3914
6161	6176
4074	6456
88	4626
1855	81839
2153	2159
6709	6714
6745	6747
1601	8322
7038	7173
4172	6118
2782	5290
6125	6129
5422	9126
3190	23283
1233	5196
6181	7311
4686	50628
6155	6193
1994	10236
974	1445
3091	55662
6698	126638
3301	3304
7862	54815
50838	51289
5116	23354
4736	6147
6201	6224
6168	6204
29093	65003
5518	7514
3837	55706
26589	55168
3833	29127
6130	6181
1103	6572
4088	54778
6202	6208
3512	57050
8687	54474
10635	146956
1933	6136
2916	346562
4736	6176
9276	9632
29945	64682
5880	10458
6491	284403
9787	55872
3918	375790
9793	57787
6139	6164
1154	23014
3190	9716
6210	6234
5714	5718
6161	6189
55143	57405
9636	23586
6129	6154
891	1022
388	55160
6143	6233
58505	100128731
3192	5725
10552	29763
3619	55143
813	10618
23097	81857
6128	6173
25885	55127
10663	51289
9133	81624
7337	23291
23332	25909
5822	7109
87	3688
5931	10664
5693	5700
6204	9349
727	10022
5879	6385
4701	51079
7153	23397
6801	8428
6173	6228
9700	29945
283111	344892
9648	79571
84366	360205
6189	140801
6165	6207
966	3903
4035	10082
2935	6170
5516	55055
4715	10476
2633	4940
27031	84747
6175	6233
274	23149
1991	56729
394	7204
26525	84639
3054	81887
6167	6205
8607	54881
4508	4509
3184	5725
7514	9126
50813	55884
6164	6208
4540	4710
26123	79867
4588	140453
699	151246
5054	5328
6432	6434
6175	7311
3673	3688
3490	6696
6202	6205
3107	6890
29074	65003
1306	169044
6194	6205
60485	84962
23304	84085
5552	83706
2079	6432
54552	55720
1605	5747
3882	121391
6152	6230
2521	6434
4736	6133
9076	24146
9616	28991
8683	9785
1173	6455
2222	3157
140460	197131
6201	114987
24137	29127
4710	4712
899	56995
4707	4724
6203	6205
54908	151246
6434	57794
5707	23526
3156	3157
11275	283807
27	4690
4809	5435
187	1233
2107	6181
6189	6205
1007	1013
2064	2886
6132	6727
6208	140801
25827	115290
6146	9349
4952	54874
6207	6232
11157	51690
23059	26146
6124	6235
1956	3084
336	51156
9133	79172
10714	23649
10946	22826
9320	26046
4512	4540
8945	55031
6168	6232
1314	8729
4538	4539
1981	6206
6161	7178
50838	259287
10713	51692
2033	9739
1601	10618
23521	56915
7272	55635
7704	142689
6430	8175
51465	55008
890	11065
6144	6209
9877	55746
6868	7311
6188	11224
7133	10970
6229	9045
1933	6207
6164	6173
6233	26523
7311	23607
6194	6204
6165	6202
4707	29796
6194	6202
5435	84844
3156	4598
6228	7311
5879	50807
5394	55127
2801	10427
55746	57122
6122	6141
3174	6927
3687	79895
3921	6155
54474	121391
5547	326624
5330	60675
6144	6175
6203	6223
10772	27316
917	940
174	2266
6227	9349
5706	6790
632	4094
9655	55884
5529	22919
1462	6696
6169	6207
966	199675
26235	158506
2491	5048
3048	3050
9416	23451
9700	10403
6208	11224
6709	51014
5688	5706
3619	79172
2266	2719
3093	22954
6224	11224
8698	55970
351	5660
6130	6205
23517	84135
6223	6232
56923	259287
11014	23046
6184	6185
6193	6218
6181	6202
1906	1956
8697	9604
6124	6205
29093	219927
9416	51729
6138	25873
5578	6868
2767	7204
6176	7178
87	83706
6189	6206
81567	93100
26263	55884
4049	115650
2197	27340
811	3309
2846	2922
6134	6728
3849	140807
3796	10735
9493	9585
6133	6154
5950	7276
6124	6128
55677	55840
11128	55703
84648	353137
1660	9716
4088	5778
6143	9045
258	5179
79954	84916
1665	55127
164	2799
6160	9349
5339	6189
26740	221035
1781	5347
6234	7178
3915	375790
2801	51014
3797	79989
639	3662
959	10673
890	7272
9055	29127
6130	6209
6135	6189
338	462
6170	6222
5869	51552
6133	7311
6156	6171
2204	160364
3921	6203
5339	6164
57111	64284
5338	11145
79023	129401
4301	6714
6146	6194
10236	10432
1983	6141
6157	6223
4057	10321
1911	6045
6209	8562
5903	22919
6224	6229
6223	90701
5441	79035
8189	11100
6647	11315
5699	23198
6830	26043
7167	51071
3909	3911
7305	10870
9968	23186
22974	259266
6167	6210
3267	26130
6139	6160
3619	3832
5695	5700
6156	6235
6208	6224
117	2792
841	1281
28959	55365
1329	4701
2597	7167
22948	84617
10250	23350
1981	6233
6626	11338
7003	10413
1063	9700
8853	11014
28	2524
186	3350
26190	57542
7337	84085
3993	84612
2048	3055
5111	6240
2071	2967
9329	84265
1778	3831
6147	23521
4233	64759
5879	5898
5985	63967
7454	9322
6227	6727
6218	9887
7311	8290
3689	79895
6223	6230
7337	55175
6201	9724
8972	93432
1453	6229
945	6556
971	973
389	7204
3191	51729
3361	3627
2064	5747
1452	6500
9349	25873
51593	51692
9787	29127
1857	6233
8243	23332
3111	3115
2962	4298
1063	7153
27258	51639
2913	84539
8453	9666
1173	5868
6168	6208
4738	6923
2782	121364
2962	56949
10664	22976
6428	6434
351	55970
5048	121441
2353	2354
8560	196527
6229	23521
197	336
9793	54821
6154	6209
6227	6228
6138	6201
26589	28998
23322	57545
1933	6157
248	6975
1778	2491
3181	10594
5529	6232
6160	7311
54998	64976
1778	1783
51645	57819
6233	9341
57105	94233
1277	4313
8329	8334
1717	6307
5469	7182
3912	5829
3109	3115
796	797
521	55028
11176	79595
4593	57144
5516	5903
6124	6173
8805	27044
5422	10592
10552	29924
3512	100423062
7027	7298
7409	10458
6189	6217
4539	374291
11202	25818
6667	57508
9820	89890
10142	26123
3192	4670
3866	3875
8615	9570
6124	6139
1292	7373
9282	84498
351	7852
7388	29796
197	2266
3852	3853
5872	10971
4714	54539
6122	6222
5093	10594
6132	6135
3852	3860
5795	6714
8570	22894
5878	10552
1233	94235
945	2548
3301	10808
3572	3977
566	6037
1741	22941
3912	6714
4312	4314
51003	400569
6165	6189
9918	54892
2207	11314
1824	1832
2197	6129
3491	3913
10274	23279
6141	6147
9611	9967
7514	10971
1063	79172
155	6343
392188	645402
81	7057
6138	6222
4886	5733
7164	10053
5433	10772
6746	6748
1432	5062
5725	10949
4853	6868
7514	10482
10466	11014
3178	5725
6429	22826
6233	151636
378	9276
6154	6161
988	9967
1062	7272
50838	259292
3799	10749
4678	5984
6161	6181
1781	3799
9021	140462
6169	6188
4519	4541
2318	3688
7840	84902
3915	10272
6155	6157
11190	121441
6159	10399
9690	84231
6045	23028
6631	22826
6222	25873
163	6453
3015	5438
4670	6434
10112	55635
905	79577
3105	5696
90025	158506
64983	92259
1824	1825
10681	338557
5878	9341
5518	5976
9055	10376
1058	22974
988	22803
6129	6229
3921	6208
108	5179
6147	6154
27	10486
6703	6704
2243	2266
566	8635
4116	51639
5493	6707
6155	6203
3683	64386
1129	8322
23586	54476
699	1062
3685	3688
5696	5698
6203	6218
3433	3437
6147	6161
10272	11098
1956	5782
56902	79954
60560	80018
890	9833
29127	51143
2222	4047
6210	140801
815	3297
6714	57670
23160	79954
9184	57405
1121	326624
3718	7297
6142	6202
3267	3949
919	3122
6188	6204
1981	6210
6171	6235
10262	27238
9128	9879
2185	9564
4171	5424
55726	79871
10540	80321
6142	8666
3640	5443
920	1234
10193	197131
156	55970
1814	259285
8687	286887
10250	55749
2131	6385
6223	55127
3887	3892
3978	5424
6167	6232
6128	6161
6233	22888
7311	143279
6181	6209
23524	51639
1783	3799
1268	10803
10403	81930
8243	10274
9967	10432
1659	51503
6233	9887
5411	51747
118430	727897
3852	196374
11116	79959
64837	81930
9493	10121
5438	51639
285	7010
4829	56923
8945	51684
6232	27340
1737	57546
3187	55696
641	5426
1105	4343
23350	58517
2935	6209
9228	9378
6233	140458
84648	353139
9984	10482
1665	84172
10733	203068
6134	6154
5196	11251
11193	22826
10022	339403
5985	8914
113	259285
1991	6036
1069	10383
26224	283807
6223	6235
3320	10787
867	50618
6218	6727
2692	2843
6128	6155
226	7057
6167	6218
1956	3688
51433	246184
55781	134430
8237	10574
2033	10735
6142	6156
10022	50835
6143	6164
10493	23526
1387	8648
80168	346606
23063	23122
2033	25885
6167	6189
6202	6210
3071	10552
6387	6754
5029	5724
3837	3838
26155	84172
7135	7431
2247	2260
967	4033
6143	6201
6159	6209
25942	57649
89910	143279
1639	24137
5707	7415
632	3381
6194	6222
10618	51246
91147	121441
10952	140801
6138	6188
5430	6602
4008	8452
1236	1901
7984	29984
7320	9604
6173	6229
2965	9646
1282	10536
6233	22848
6135	6209
9493	10540
2932	5707
9212	55355
6130	6201
11128	84172
26146	64792
4332	6037
4986	50834
3119	3122
6124	6147
6601	6605
6142	140801
861	6604
3799	10112
11325	90007
6142	6232
6169	6224
4116	6233
29074	64928
846	259287
6147	6202
5983	55215
3913	5879
5725	10657
6144	6207
1660	3184
3185	10236
5562	5571
23020	55339
4736	6168
7311	27327
9655	154881
6137	6228
6426	27316
701	146909
6135	6230
55759	84154
399	7409
4171	7298
3676	5747
1398	6461
9867	197131
6157	6229
56919	57647
2053	7311
1269	53829
8450	51122
10575	10728
1105	23168
857	1956
1398	5599
672	7516
7311	23032
1063	54821
1937	6222
3921	6201
991	55355
988	58517
2806	125061
1573	8529
7476	7483
2197	6194
389	57449
4172	55388
10321	57554
8886	51388
51088	51122
3837	23633
1956	54206
4775	5534
3659	6672
160364	338339
3444	3451
5954	10970
3017	8351
6141	25873
57154	65264
8945	26268
353139	353142
6222	140801
8916	9039
6165	23049
28981	150737
219954	285093
5657	23197
2197	6156
3107	3134
991	9493
6788	26524
813	10970
6138	6170
6122	51386
9350	148738
51088	144699
5471	10606
8663	728689
6139	6233
6233	56254
4297	192669
1478	9128
51109	54884
6122	6189
5294	7409
1062	6790
3875	3880
2782	222545
6173	6235
6168	6223
51	6233
8581	27076
9126	9700
1994	51692
1058	11004
1662	9136
1822	23028
55901	170692
3915	6714
9700	9793
4641	5879
10733	163786
4905	10905
9556	84833
3203	3204
2059	10458
6170	11224
6122	6130
10890	23265
65264	143279
156	7852
5693	10213
1981	6235
5336	80271
4736	51187
5747	10787
4057	57554
9557	57804
6429	8086
5879	94134
26005	80184
6133	140801
683	94103
518	521
9972	23165
1548	1553
1937	6201
6229	140801
5048	81565
332	1063
5347	9738
645836	100287238
2847	6363
2537	9636
383	3240
3183	220988
8337	653604
699	3619
6890	6891
8945	55832
6157	6207
705	83732
999	3728
3339	6385
2064	5599
6175	6229
3688	3912
4707	4712
1287	8974
2645	23165
5179	5733
10155	79943
5970	23118
6520	23657
6164	7458
6205	9045
4726	9551
6156	8667
5528	5702
1118	3417
3397	7057
3659	10475
1857	27130
1058	9133
5929	6872
6168	6207
57530	100506658
4512	4535
2146	22976
6747	23471
3685	196527
6133	6141
7133	8740
6749	7153
2197	6152
905	27125
1292	8974
6804	6813
5037	10256
1453	6193
55832	55884
1991	6709
54778	84231
6772	23586
6170	6234
6130	6168
996	5708
2033	23774
7335	55905
22974	203068
2957	7702
2491	81930
6202	6204
977	5339
344892	390084
5970	23291
3909	5829
1994	6418
8351	121504
6146	6159
7311	9666
966	79090
10112	51014
6279	6283
2642	4922
3915	7402
23304	29945
701	23279
1660	2130
23283	84271
54820	132320
121504	653604
4736	6129
6146	6230
1727	23526
3889	3892
6154	6165
6128	6164
5878	7037
9212	57405
1406	4901
1781	11190
3832	9833
2359	5196
6138	6203
5451	23248
712	713
8945	143279
800	5829
9133	83461
2185	5579
6921	79754
2305	22974
26046	84085
3832	259266
1968	8661
23412	51725
155	796
1499	5708
3915	5954
6202	6224
891	54821
51650	64951
10075	84231
7320	7322
51715	326624
1642	79913
6130	6229
3200	5438
377	10121
2305	4288
6233	8322
9739	9757
10022	259287
23160	55720
6223	140801
1793	7525
3185	23020
945	5023
24137	54443
2286	5479
6161	6203
332	9787
1803	59272
2966	728340
6167	6176
641	2189
501	51166
90293	285231
2784	4985
332	9700
1058	5528
54820	146057
6173	6230
10885	27340
157	2869
389	393
6159	6222
3071	10787
79659	92104
6147	6231
6230	7178
9136	84365
6142	6205
6146	6156
10250	22794
1793	6461
64682	80204
996	65264
3607	55252
2792	2918
1781	79867
5644	6690
6188	6227
701	9824
6737	283807
7336	7341
2071	9014
971	5336
996	6790
3913	54972
3713	23581
388962	654483
8349	79101
5697	6376
1915	1933
23517	134430
29933	55970
9790	54881
658	4093
1933	6137
6165	6233
6161	6222
5861	10890
6228	140801
7398	10714
3191	23283
6138	10399
813	3915
5880	6453
5725	9879
4540	55967
1460	23397
51132	54926
2197	6205
5708	5887
10285	55749
991	996
6137	6176
1058	10726
6203	9045
8655	83658
3171	6927
2197	6138
9527	84516
54821	151246
3866	3880
5868	10096
9972	55339
1277	7373
54625	83666
51023	64975
1763	55388
5699	8945
56995	84085
6193	23521
1642	5983
1234	4544
5435	6634
7272	64151
6625	10523
4736	6125
6189	6235
2935	6229
6227	55127
2197	7178
4541	4712
10921	23293
6700	353132
6208	55127
1278	4313
991	54908
5984	23649
6229	6233
335	462
393	5879
5443	53831
6152	6208
5518	6167
64682	84085
185	4922
7153	9824
9787	11339
1793	5880
9967	23097
116	2740
4436	254394
1727	5707
2980	2984
1063	2305
6176	6189
25885	55703
3684	53831
6202	9732
6159	6161
2033	5469
3832	10615
567	1520
6129	6173
2266	3698
2274	6281
3191	3609
148	886
6133	6137
2935	6164
6168	25873
187	5196
3488	54757
6210	9887
2185	7525
1005	1009
983	5983
3912	54972
10892	257397
26519	56993
6164	6217
746	100128731
1933	6124
6136	6194
833	4141
6144	6181
22826	57819
6160	9732
1453	6203
6152	6188
56658	84085
5880	94134
10285	10914
5708	84962
29763	54874
6711	10466
117	2784
10613	11160
988	10236
1676	3837
3105	3133
5928	116092
259290	259295
5296	5336
163	29924
996	8453
6227	140801
5880	9743
7311	9856
3949	5869
3184	5094
6129	6218
332	5347
4509	4537
26239	353132
4713	29796
6790	10112
1121	81846
4512	4537
23327	79176
6147	6201
3354	11255
3866	144501
23332	57787
5868	9341
1994	79869
23309	27327
3376	6301
6169	6176
6453	22905
3640	387129
3836	10971
890	26271
6135	23521
23332	91147
26682	344892
79682	147841
8347	8365
187	2359
84727	122769
6160	6170
3764	10060
1479	10236
54620	64708
7082	55243
27043	57647
3916	7879
4298	9646
1956	115548
55832	154881
3688	7424
5880	91614
6157	6168
5829	7534
6170	6232
830	10466
6139	6230
4088	5054
8295	8945
6346	84539
6146	25873
1290	10536
55746	57551
57153	199675
10466	10618
3184	51692
10970	11098
6160	6175
60	1072
27334	55970
55055	81930
1062	11004
55143	220134
163	7311
6154	6169
7317	89890
1634	4314
4701	4713
9793	79172
8449	27238
26043	54165
29927	58477
1022	55840
138803	344892
1453	6235
7316	55669
6908	8812
6203	6227
51289	56923
6209	6727
10121	84962
1063	10615
57545	80184
7042	10490
3185	220988
1665	3191
3669	4939
988	5903
5872	23265
8365	126961
521	10975
387	7046
259292	259293
6136	9045
2064	85440
6159	9349
351	8698
988	3843
890	55165
4512	4539
6161	6209
2923	23193
5336	118788
1915	6230
6136	6144
6790	29127
29796	51079
8337	85236
6610	7132
6165	7311
1933	6128
1660	5094
10228	63908
2197	6161
23223	64318
6207	6235
6167	6222
5660	63940
338	2266
344892	387748
6147	6152
2197	6155
6164	6222
55055	151246
53917	201475
84163	389524
1124	5879
27237	171177
3486	84141
3921	6227
1915	6142
2782	390157
51649	64928
6432	6636
570	7311
1605	5829
6235	27042
10594	23450
5469	9282
84676	140456
336	3698
988	55183
9276	10652
5709	29882
6130	6173
10523	11338
6210	6232
3240	5005
6059	8886
6132	6227
7327	8925
23310	64151
6133	6217
4172	11073
3320	5829
5422	6240
3675	3918
6232	6233
2243	3698
6147	140801
8329	8347
338	2243
999	9839
163	1173
6224	25873
23076	57696
10403	113130
6142	6152
1639	2697
1894	10112
3375	10888
9700	23122
858	1956
6156	6233
2197	6193
5657	6037
1605	3672
344	26020
6189	51187
2683	84061
23533	55361
6159	6175
10921	51692
885	3061
26091	89910
1386	6605
5422	9918
6208	6234
719	63940
6208	6210
6155	6161
3655	3915
6161	6175
5928	192670
6168	6210
6168	6233
25831	197131
6599	6605
23397	24137
6142	6171
942	7525
156	5578
7164	286451
6161	6229
3355	6751
4738	5693
2912	4889
4332	6036
6209	23521
399	9138
399	7204
3190	10949
9320	80204
6152	6227
6169	6218
6829	54623
5528	151648
988	79869
81794	339366
5869	26130
8689	9119
3685	4035
3832	54892
6129	6156
6138	51187
3903	84329
6602	57492
64386	84329
1559	1576
972	3111
1983	6122
1994	3609
28973	64928
9787	55165
22948	63971
1308	3655
8349	317772
5516	5519
6233	9045
6223	6224
6155	6227
983	5000
9833	29127
8661	728689
9887	51065
2153	2244
3693	7525
6434	10236
1656	80153
6181	9349
399	9411
2185	2932
5695	5701
8337	333932
6152	140801
1933	6133
4697	55967
6156	6229
1665	1994
5435	23524
6167	6209
963	6518
7328	9690
9793	23047
27095	149111
259287	259295
3109	3127
1173	8976
3362	5443
4208	5533
6193	6228
2107	6137
4853	23509
4735	11190
26168	27043
8329	8337
9128	11338
3098	5236
6209	9349
7337	9320
2243	3481
890	55355
3685	5829
1495	1500
6152	6189
5347	10592
5861	81562
6152	6171
6154	6173
7153	57122
915	3560
26268	64682
8573	57669
3422	6721
399	84144
1668	1669
420	58530
1385	5594
6118	10459
57551	79172
28998	51264
5705	5718
7204	55970
3912	3918
6194	6201
3192	9716
701	56992
4736	6171
2305	5347
1062	3799
6601	8467
7283	22919
6207	11224
1950	8322
6173	6208
1291	55214
2804	10945
160	1213
4298	23168
6128	11224
3185	55749
1113	6855
1294	1295
6147	6203
6139	6210
5048	54821
6430	7919
1908	23620
4841	6421
4686	5725
4069	5657
4707	51079
1291	8985
6164	6233
1555	1576
9793	11190
54443	55165
3998	9570
5878	8976
51645	85313
6168	6181
6222	6228
26190	140459
4288	259266
1794	3055
3106	10475
6232	6249
4736	10399
9601	10130
6047	9320
26043	55666
57674	151636
6301	23395
409	950
3191	23350
1933	6176
5869	8976
1829	1832
6135	6136
6133	6206
3978	4172
2932	5529
1230	6346
11127	64837
79132	91543
6227	6234
5036	203068
6208	9349
974	29760
4288	26586
7272	259266
3673	3912
9688	23165
25885	55720
5062	7402
54069	79682
1915	6139
9113	154810
9320	9870
3690	3791
6138	6224
3675	3688
3091	5594
332	24137
6152	6233
6161	6227
1347	27089
701	10592
4969	11081
3921	6218
553	680
55143	348995
6207	6234
4724	4726
9055	10592
4297	23269
2811	2815
5493	11187
2837	222545
6170	6188
7335	8453
636	22930
3320	84962
1495	4233
4638	4659
25873	55272
6156	9045
1495	3799
5928	57690
58506	130074
23295	90678
55003	55299
7456	10787
6232	10952
51465	51676
6233	140801
51206	80739
6133	6204
4514	4536
6155	6160
6158	6193
3178	6428
695	2206
10403	23310
1933	6168
3558	3717
4940	10561
3619	11004
671	56729
1829	11187
4736	6173
6698	353135
5685	5706
890	10403
6159	6173
4689	653361
50848	57530
2491	6232
9320	64219
8658	80351
10733	79441
3796	10274
3434	55601
5286	29988
6161	140801
701	113130
3688	3693
3667	5293
6154	6164
3921	6130
3921	9136
8394	23533
6175	6193
3362	3640
4538	91942
635	29958
5981	51514
6373	10563
10022	50838
8365	440689
3931	4023
6227	6235
6194	6209
6222	23049
6176	6210
3491	84141
5868	5870
1894	6790
3181	9128
6161	6204
55	154664
10914	79869
2153	51156
3178	7536
10382	91147
6142	6231
6154	6203
6152	6229
51264	219927
10285	11017
10102	28998
6161	6171
6701	6704
10952	58505
2848	122042
886	3061
3852	3868
6139	6205
1499	84962
887	2147
25957	51747
1915	6228
1915	6204
1933	6129
9495	10369
79954	84128
6133	6203
6921	55284
6233	8976
6434	7919
2535	2790
5715	7314
8467	9188
4588	56667
1062	10051
3458	6775
4709	10975
4736	6202
522	539
2767	2790
8813	29925
5869	57403
2792	6752
11004	24137
3822	8302
7514	57551
3673	375790
351	5330
9341	29763
1069	27077
89910	115290
6128	6152
1781	7531
5528	10726
4541	4724
2204	199675
10199	11102
4736	6161
113130	151648
156	8477
1453	126003
9015	57504
701	51203
983	3832
163	5869
50832	54429
6158	9045
6870	56923
11169	79915
5347	29127
6233	6235
11169	84296
6144	6201
641	116028
6137	79707
2178	6118
3017	85236
10236	10291
6137	6201
8243	23279
6160	6207
8027	29763
6173	6222
5347	5518
1088	2358
54474	286887
4008	57154
2550	51083
8351	653604
1946	5294
1455	89780
6146	6161
3921	11224
2935	6173
3178	6434
6130	11224
1398	9046
348	5360
64151	83540
4171	4173
10376	150465
6206	6208
9700	113130
3672	3685
5887	7415
6370	11251
7326	55819
2358	170482
6241	10403
6234	10952
2266	5345
6500	7320
6201	6204
3267	22848
8334	79019
2197	6146
23291	89910
2197	6176
5230	7167
890	4999
5501	51692
64131	375790
23511	84271
4670	10236
974	5336
4904	10946
3185	5725
5660	6376
6159	6189
9742	57560
2242	5361
1394	3973
6202	6203
5336	7525
3191	55749
9416	10921
6175	6222
6147	7178
5347	81930
4171	4172
701	10733
2206	3702
22954	23327
7316	9341
1894	9493
6169	23049
6874	51230
6167	6170
55339	84271
3921	6167
4736	6181
6616	8673
1991	4353
6160	6164
701	79172
6159	6194
988	6596
4254	5777
2914	3350
6602	9031
3857	3868
11190	22919
5094	27316
6122	6143
6727	140801
5599	9043
6201	6233
971	29760
7311	55008
9371	11127
6139	6189
6128	6136
3908	10319
10228	51542
7871	8428
5711	7311
1129	5173
6209	6232
6628	22827
5339	6133
6227	25873
84131	347240
6156	6189
6139	7311
34	6256
1832	11187
6160	6189
3240	56729
1902	55970
3178	3609
1660	11338
988	5062
705	84946
3320	84131
4254	7409
6427	220988
3837	3839
2071	8450
3178	220988
3113	3127
3190	10921
9277	51118
3178	10949
23283	55339
2837	3358
990	84515
2833	29899
6667	6670
7314	10980
5528	348995
9128	10594
3909	375790
10574	10963
112	1269
1950	3671
6455	29763
4999	5000
9126	113130
6139	6206
3189	9987
5519	6801
799	10268
2521	9410
11236	79139
1933	6154
57405	348995
974	3635
904	51755
3181	4670
6170	6189
2768	2788
9015	9031
10890	60412
6125	6185
7873	51726
6147	6167
6161	51187
29984	64333
2318	54751
521	1329
2197	9790
2197	7311
2792	388531
27125	55840
9877	23279
1642	9730
5199	6709
6136	6227
23327	51088
87	7791
2186	23067
6143	6159
2935	6202
6139	6232
6631	6637
6176	6230
9918	259266
5795	55754
26268	56658
3191	3192
6161	6223
9706	22863
8175	10181
1994	3184
5529	5711
6193	6206
10491	85301
6168	6228
3356	6915
401505	100188893
28973	55173
4707	55967
2185	6461
9320	26091
2935	6234
23279	23511
8021	55746
3655	3675
4924	10618
4702	4710
3437	4938
389	1894
1601	29924
10376	203068
1048	171169
8886	23160
10381	84790
6222	9045
3434	4940
1062	29127
4172	4998
2150	55970
8945	11059
2197	6135
27340	56902
6204	6228
6210	6228
6154	6233
6235	10952
6228	7178
6202	8666
2197	6169
4712	51079
983	9793
1511	1991
6631	51645
6201	6207
3113	3123
3192	10594
3178	4670
3240	10394
6434	27316
6207	6209
50834	338442
6181	6224
6518	196527
23304	26268
4543	4889
6124	6228
4947	5716
3619	9126
56945	57129
4736	6218
5473	10321
2837	27334
891	22974
1111	2177
1453	6231
1829	5493
6202	6228
9752	56141
3303	9531
6235	9349
7098	10695
516	51287
5869	51715
6168	6224
3735	7965
23291	197131
8453	55832
7536	10949
8341	8970
10293	200845
5315	7167
9972	23279
8106	9410
6203	23049
6207	6233
6222	6233
3106	6890
10291	27316
1287	1288
1121	22930
6170	6227
8703	10402
3619	9493
22826	85313
7175	9877
1435	3371
7311	79577
2491	5519
22938	220988
1639	8729
9655	55832
2268	9564
26523	192669
332	9493
6556	23601
6133	9887
920	3702
6158	6208
23047	151648
5725	84991
6128	6169
643	50865
950	7316
3184	3190
6137	6160
28	2525
1605	5579
1783	7514
8334	8341
6383	10082
1660	83443
345	2262
3358	5331
29127	55165
3688	91522
6133	9349
151246	348995
1350	10632
56963	148738
9793	23279
990	8697
6139	6167
23451	51634
6133	6139
10921	23524
5708	7316
8351	8363
10403	51203
6194	6217
6223	6231
5432	79577
22974	64151
1933	6152
1500	7409
4710	4726
6142	6144
5707	5708
23354	132320
6141	6154
7456	8976
1894	29127
3222	3223
4904	22826
6136	6152
5528	5781
301	55970
2975	9329
8697	23291
988	1994
7381	29796
6164	6218
1462	8542
153	796
8723	51143
11190	23332
9341	22905
1906	2150
4509	4519
146	2922
5528	81930
7525	9564
6133	6232
2817	3340
8334	8349
991	2305
55720	56902
996	9320
10112	54443
6159	6170
996	25831
26146	79659
4666	6137
7852	55970
3843	55705
5930	80204
25831	64682
2788	3269
1292	5033
1902	9002
56902	88745
6138	7178
6091	7852
6146	6168
6232	9349
6143	9349
963	10970
4208	4209
6222	6232
1601	8976
6037	8635
1457	10051
187	94235
10053	130340
991	83461
2197	6204
127247	148581
8729	9276
6167	6227
5701	7979
1453	6222
1981	6154
3911	3918
6207	23049
6173	6207
6133	6160
23601	170482
6210	6218
2625	5241
10109	54874
1781	10383
1062	1894
2243	9715
1781	6993
1933	6228
9276	11070
830	10652
6201	6234
833	8565
1781	11014
54821	79172
3953	6774
9188	84172
444	3091
4998	7027
1577	54576
2521	3190
6709	8729
6135	6168
26470	253982
6453	51429
6165	6173
8453	9320
2033	23013
302	3074
7316	9929
9320	57542
6207	6230
3202	3203
1133	7200
6152	23049
2932	5704
197	350
2692	2838
963	3683
3119	7535
5347	22974
3191	51692
55635	259266
672	84464
7412	388646
164	10618
2305	7153
6709	56729
3112	114876
7321	65264
10403	55143
6159	6232
1946	1969
1781	29127
336	462
2207	3903
6129	6189
3619	10592
4670	11338
11103	84916
6159	7311
513	9377
6167	6204
4928	57122
3619	10735
2617	8565
489	4853
55125	55755
26531	344892
50835	259293
5441	10980
7283	22897
6233	51132
783	27091
5983	8451
6218	9349
6147	25873
891	9833
1292	5351
2683	2720
570	1962
1983	6181
23244	57082
1000	1012
3838	22974
6605	9031
6168	6227
4353	6036
4712	55967
8807	8809
6182	55052
3912	7184
23160	56919
917	50852
6122	6185
2058	4141
4867	9657
6203	7311
1639	3797
3191	9128
2268	4301
3672	3688
23160	27340
5698	6890
302	2519
6129	6170
890	4288
1524	56670
4173	8914
2782	128372
3576	6347
1781	5861
6188	6235
6135	6218
2185	5747
3491	51280
351	6370
846	259293
163	26130
6144	6202
6132	54512
963	326624
3833	9793
5930	23295
1434	3838
2790	2833
3213	3215
3886	8689
6635	6636
3009	3024
4343	4853
6122	6157
5903	23332
8871	9341
7514	55055
5700	10213
6181	6222
6209	6227
8976	10254
6156	6175
6636	10465
5872	6764
7415	23526
813	3371
4173	4175
1870	4208
1062	3619
3710	8826
10274	57551
1794	5777
3880	4072
6155	6169
779	783
6144	11224
2935	23521
84131	121441
3635	5777
6223	8666
1453	6189
6152	6224
2207	5338
5690	8742
2358	53829
6144	6229
1008	1016
8905	8907
5869	6453
1915	6124
4116	6632
6233	23112
3190	55749
6188	6206
6827	51755
3855	3880
830	10282
247	3479
6233	8295
685	2069
4809	84844
1969	5747
5929	79269
7317	64682
3662	4940
55737	58533
6159	6204
871	1290
3921	6231
5518	6133
5501	25936
55066	57546
6137	9887
4088	5782
7532	26123
23332	80321
6772	83666
2150	7204
3192	51692
10885	27042
6152	6222
51503	83443
65083	79954
1063	5501
6208	22803
51	7311
988	10640
2072	7158
4297	6045
2195	7124
51322	79577
1783	25839
5903	9126
6130	6203
1915	6175
3123	7535
1639	22930
2197	6170
4734	23291
545	6233
1062	10592
5451	25896
6143	7311
3192	27316
5578	5588
6167	55176
6556	170482
2197	6136
51676	55008
7321	26091
9833	51203
8648	9282
8945	285231
10427	10484
6231	6232
3481	5005
4288	51203
4144	4548
3430	8638
5872	5878
8243	10735
3071	7454
9688	57122
10121	10844
5179	283869
5822	10885
57187	65109
8365	8969
6159	6208
4736	6167
1969	2048
6139	6144
57787	261734
6707	147409
274	51411
186	4988
54575	54600
6154	6231
150684	150726
701	8243
163	25977
5094	9343
205	513
6636	84844
6234	11224
9277	10153
6161	6228
5054	5329
1175	29924
377	9493
7153	23511
9002	55970
6232	7458
6135	6157
53354	60490
8452	9870
6617	79035
51203	55143
1063	11004
6142	6230
6135	140801
5170	7249
4952	9341
1364	100506658
50835	56923
6637	11157
1063	2491
11224	25873
695	7525
51510	51534
6189	11103
1536	653361
6203	7178
9133	9833
6208	6233
6601	57492
9295	10250
338	4547
2617	4141
4927	50628
344892	390081
2197	6210
3178	3191
126328	374291
11274	23586
2151	3356
8648	9968
2266	3026
5346	400569
2147	2159
6156	6230
6232	23521
4174	7298
1315	9382
8563	23225
8514	79895
10921	23283
945	84418
23011	51715
8334	8970
2207	2212
2064	5782
1453	57787
257313	387129
701	4288
3192	5093
5347	5528
4171	9156
9493	81930
1981	25873
701	9133
3920	55754
7298	10403
6207	9349
595	5694
9682	165918
3845	4763
6232	140801
10112	22974
11059	23291
7458	8672
7415	56729
2557	2560
8065	83737
174	3827
9410	22826
6643	58533
9015	284119
6136	6208
7478	7479
4171	4176
10112	259266
23112	27327
9742	23059
4353	5657
