6167	7311
4734	54778
890	51203
6173	6228
54778	387522
23291	51122
3692	10969
23327	79176
55759	84549
671	1991
6241	10112
51116	92399
4077	7316
7314	29763
6156	6160
156	301
11065	64151
9126	9700
6850	118788
6168	6230
26173	51593
595	5707
1398	7525
6161	7311
6233	22848
1601	9341
1605	3913
5688	11065
6202	140801
1307	50509
8772	353376
462	51156
6168	6209
7054	57016
6143	6157
6201	6234
6461	7409
521	1329
988	10574
1956	2274
7175	9877
6279	6280
8881	63891
6144	6169
2932	5718
1781	9493
10236	11100
6122	6124
51023	116540
3853	196374
6189	27340
5528	10403
5726	6755
8322	8976
6091	7852
4295	5020
351	11167
3921	6203
1783	10540
5880	171177
23601	170482
3640	5443
10376	203068
6122	6142
3046	3050
4148	11098
8568	22984
6386	10487
1062	5905
9228	9378
8453	9666
6429	10946
344	9672
8615	100302736
9025	9656
6124	6230
6206	6224
10236	10949
1050	2322
1994	7536
6631	6637
4254	5777
6134	6202
6233	6498
6175	6206
3265	8826
4172	4678
26123	79867
2266	5345
54742	80328
1605	5879
1511	1991
6208	6223
9128	9879
6714	7525
5528	10274
2207	7305
4508	4535
22995	163786
4701	51079
60488	116540
811	813
57542	197131
1781	7531
3619	55143
1894	259266
5094	10236
3683	326624
10403	79172
22954	83737
830	9371
3619	9055
351	5660
1387	81857
6135	6171
9212	57405
3185	4670
6224	6233
683	338339
990	5985
4233	8976
988	10403
163	1173
22954	26091
3213	3215
10616	26091
5985	55215
10540	51014
6863	84432
10403	26271
6154	6160
8655	9212
6170	6222
9493	51014
393	399
5429	56852
1233	56670
1062	9493
11051	55660
6307	51478
389	57522
4033	5547
998	10726
1956	5579
2033	6667
6152	6176
351	63940
134860	319100
6168	9045
9833	29127
2268	7525
8533	10445
9870	22954
3133	6737
1303	5033
332	55055
9020	51330
10293	200845
4969	11081
29093	92259
3913	375790
6209	6727
22974	24137
8451	9730
1758	8404
3185	27316
3921	9045
29984	54509
3640	53831
983	11130
6128	6181
23327	29082
6233	7158
6502	136371
5699	64344
2803	5870
6206	27340
6427	79902
4171	5422
462	2243
10112	64151
102	8542
1315	3796
9320	57154
7337	8925
10890	57403
8886	84172
1315	10121
226	2597
3655	4233
6152	6228
9349	140801
4867	23322
5707	64750
6700	353132
3866	3880
4713	7388
6229	6232
8349	440689
6130	6176
26190	140459
4288	10112
5861	81562
6169	6234
127247	148581
6152	6167
3688	5879
4867	80184
2788	2790
9636	23586
9702	22995
5433	9879
1129	5179
1956	2268
6155	23049
51129	85441
378	51014
930	5336
5439	6119
1983	6232
6207	23521
9793	22974
3122	26191
79875	170690
9798	27183
6184	6185
890	1017
399	94134
1058	54908
6232	6249
3687	441864
6427	6432
4695	4725
3660	10475
514	93974
6936	51645
5067	137797
4924	10618
1981	6167
8453	55832
81	9564
988	23435
1778	57545
5905	54908
991	22974
6138	6181
6130	6207
1495	5819
3884	100653049
8467	9188
8905	10053
2195	7124
1969	5879
7311	55914
7311	143279
6233	27327
3187	23517
1933	9349
3437	10964
6249	81930
351	5443
4298	6830
389	2768
1915	6161
4586	140453
1462	84141
55876	94103
5777	5806
3192	51729
3909	3911
3688	3915
22948	84617
2934	51411
699	259266
5519	10274
9320	54778
9493	81876
5878	10254
10112	51014
9055	55165
1894	9493
846	10022
6233	9732
5516	6249
6130	9045
1453	6204
5737	56923
1573	8529
9039	10425
3355	4543
6136	6188
868	5930
6223	6232
6223	6234
617	26517
6135	6146
1303	5351
79682	147841
108	6750
5435	5451
3683	10970
2788	2863
6128	6224
5427	9768
3265	7529
6375	6846
10992	79869
10013	25942
1062	10540
6836	29927
1610	4843
9183	79172
5347	6241
6209	11224
4695	4709
112	8698
4088	64750
10576	55135
1634	4060
6122	6133
4736	6133
10096	10097
2067	91442
3043	3045
51088	144699
163	26130
695	6850
2967	51755
64792	79989
5701	5715
5903	23511
6453	54874
6453	29763
8570	22894
1933	6202
4947	5708
2033	9716
2206	3702
6613	79902
5339	6194
51	7311
5368	50865
6157	6229
3683	3688
999	144100
108	50837
7514	54821
6193	6222
2200	3956
2207	11314
9793	84902
6143	6158
6175	6222
8687	8689
1943	1949
10274	10403
55759	84154
4584	26290
8301	10618
27334	55970
57129	63875
4710	4724
5000	5558
54962	63967
1605	5579
4041	6422
7178	10399
5705	5718
6139	6142
3685	5747
6193	6228
9870	64219
1133	7200
5516	55055
57674	65264
23646	147746
1908	23620
6154	140801
8568	25926
1457	7153
1315	24137
6136	6176
9978	54939
3725	6591
3178	10949
3006	3146
1937	6229
6426	9782
4709	4712
4940	85363
3490	84141
7320	7322
3107	6890
79861	81027
5711	6233
6628	56259
10663	51289
640	974
9183	10749
23042	23420
4641	9371
23160	55759
6169	9045
6161	11224
1639	22930
2220	5648
6749	25920
998	10395
6233	84749
2946	2948
1601	29924
162	23431
51429	54885
6159	25873
4173	7153
5930	23295
163	9341
2197	6160
351	5330
399	57449
1398	1956
6158	9349
6139	6165
3512	57050
79172	113130
6203	6223
1233	6370
3837	3839
26716	344892
1639	1783
6139	6222
3685	3903
10013	57649
6136	6138
6152	6170
5741	7434
10693	55135
377	3799
6160	6206
4702	4724
226	5230
10713	11325
8655	79023
8290	121504
26586	51203
3915	11098
2597	5315
6129	6152
983	10733
26224	197131
6157	6233
81	55243
3267	10618
10256	54845
776	51764
51264	219927
5829	375790
896	6776
3872	3890
5094	9343
6129	6168
6125	6129
8655	60673
108	5179
3394	3430
6181	6233
3184	10921
55166	57405
4542	4641
6122	6159
4713	4725
3914	5829
683	932
5347	5708
23112	192669
4695	4708
335	462
6142	8666
890	55355
3796	348995
6613	7421
6232	23521
197	3481
867	5781
27161	192669
8661	8672
5430	27316
3912	4240
4591	11059
5704	5714
959	10673
1781	4735
1994	9343
6136	6233
637	8626
1349	10975
640	973
6164	9045
27292	55781
8514	22918
932	79895
6144	6167
6152	6222
4588	192134
4735	23332
6908	54815
6626	27316
9117	90411
1347	4695
1439	3635
3170	3651
6164	6176
6147	6230
3619	51143
999	3691
3675	3918
7003	7004
1294	81876
3918	9459
6500	9604
3355	5179
4670	5094
9128	10594
6161	6176
9648	79571
6138	6209
51343	142689
1237	27199
6241	259266
55755	347240
6204	25873
890	11065
1435	4924
6635	6636
7434	594857
1937	6201
6167	6229
570	54363
6218	6234
6141	6175
8334	8341
1398	5781
6233	51132
2099	7031
6136	6202
6168	6208
301	7852
890	9787
1121	26130
891	5516
890	79733
6133	6210
891	1058
3048	3050
29093	51258
273	8673
887	4295
675	5983
6631	27258
8243	9700
6206	6210
4725	4726
1880	3579
5878	11252
6156	9045
1069	9657
29763	51429
6118	9557
2800	2803
51264	64928
1803	59272
671	1669
10403	55355
5693	5700
2209	6688
2358	57153
5338	8760
7514	55746
1500	5795
3921	6154
5518	6133
29945	90025
9700	54821
2194	6319
728	6376
988	10767
79867	91147
1555	1576
6233	25831
10484	56681
4734	7316
6137	6204
999	1001
5336	118788
871	1291
3178	6434
5708	64326
10426	11064
6130	6164
7514	9126
11245	55970
6147	6158
81537	259230
6453	22905
3487	3488
6122	6232
2033	6872
1000	2200
5796	7316
6122	6189
890	55165
6635	51690
643	50865
54487	192669
7322	9867
1062	5526
2730	2937
3916	3920
2147	5020
7311	23198
2079	6637
1991	8635
6249	151246
1069	9557
1478	24148
6233	9045
5898	10890
2243	9715
6224	6229
6235	23049
6224	6232
51693	58485
4116	51503
891	9232
1237	2917
9787	24137
51069	55168
6142	9349
1025	23168
10236	11193
86	55193
3360	7253
6036	8635
6165	6207
3105	3106
6629	9092
891	11065
8453	79699
4952	9562
53339	57531
6142	6218
332	22974
6165	6209
3071	5747
23275	23509
6207	6224
5434	6749
6790	7283
87	1499
389	10398
9793	57787
7478	7479
10133	10540
51023	64975
1017	84515
999	4072
6233	221937
1062	3619
9879	55660
1269	8698
695	118788
55624	146664
6139	6181
6218	10952
4736	6122
4690	10096
2002	6722
6152	6209
6804	6813
23627	137797
28998	219927
6204	7311
351	6370
5928	10013
701	10733
1479	10236
1161	7518
5702	6790
10153	79954
9055	10112
8924	22888
10970	79895
51650	64951
6158	6228
5781	6774
10000	55970
6160	6222
10142	26123
891	10112
6772	6774
1295	55214
81	87
53905	90527
335	350
64951	64960
23107	65993
4793	5714
2767	5998
6137	25873
24147	79633
3304	6233
6228	6233
832	9493
3190	11338
6142	6204
10489	25831
6158	6189
4713	10975
3122	11184
3190	11100
64105	151246
1453	6189
6224	7311
6139	6167
1943	2046
10425	84541
5870	57511
6206	9349
2353	4773
6194	6228
56949	91603
6142	6164
6209	7178
53339	197131
54778	197131
389	7409
5700	5702
6164	11224
1942	2041
4713	51079
3312	8871
9738	203068
55055	79172
8175	57794
6428	10236
2848	3274
23244	25909
29933	55970
392188	645402
5516	5708
4700	4712
6130	6203
6137	6229
3691	3918
8329	440689
6698	147409
6130	6170
8916	9039
6637	23524
5657	6036
5879	90627
3434	4940
8945	11059
846	50835
6129	9349
9183	64105
55143	220134
1991	6037
22930	84516
3308	10808
6169	6223
116540	116541
6139	6234
1269	53829
2053	7311
102	2358
146	2846
55	154664
6129	6233
3655	3688
6193	6208
6455	10552
7283	22897
8638	10561
988	55631
4508	4536
1452	5515
64792	92104
3619	79172
1781	11190
3850	196374
6129	6201
6167	6218
5822	22984
3362	3640
6152	6157
8904	80331
5515	55055
6218	6227
3320	10383
1778	2801
4867	79867
7525	11099
6317	6318
6132	6147
695	5335
1642	11091
53831	441864
6891	6892
6208	6228
84366	360205
1511	4069
53981	85313
6208	6235
5976	56006
6142	9045
3214	3223
23291	23327
84549	84946
2817	375790
6170	140801
22984	79039
2197	6146
79470	344892
8349	387103
6156	6206
84418	100049587
6139	6144
1911	23028
996	51088
3688	3914
8767	11124
4713	9377
9833	64151
6135	6231
8021	55746
7311	55366
890	1062
6135	6202
6136	6229
4998	7027
6176	6202
10540	22930
5529	55055
54437	57188
161	8650
1329	1337
9716	10250
5695	6500
4436	51434
3163	222487
2197	6207
372	57511
29074	65003
350	5267
3002	5551
5528	9793
6637	51503
1161	51426
6135	9045
5426	8317
1290	1291
9410	10946
51676	65264
6230	6233
5870	57403
3687	79895
57111	64284
6122	6130
1292	3685
6193	6227
6272	79158
1933	6137
9493	9787
6202	6205
3921	6164
4736	9349
23047	113130
3309	9531
9867	26224
5715	5716
23011	57403
388	23370
2521	3192
6147	6168
1879	5079
1398	7409
51023	55052
3683	5795
5286	6272
2204	199675
3433	10561
2913	84539
29889	51154
5441	6629
3181	4670
6161	6229
9188	23560
23142	26190
10489	197131
6711	8615
2064	2886
4176	5982
6667	6670
3937	7409
1793	100423062
86	8607
102	5795
51665	122416
991	5707
5878	10552
5432	27125
6159	6176
3191	5725
7003	10413
6167	9887
6164	6194
9055	9928
3105	3107
3352	5540
10383	10693
25978	51652
127385	344892
10635	146956
332	64151
4986	338442
50838	51289
6129	6143
3673	91522
5977	6601
6135	6234
6202	11224
332	9493
5589	56975
1022	5432
7409	27071
2266	3026
56975	84141
6138	9349
5519	9793
7414	10174
1500	4233
1058	2491
6455	7316
10250	11338
2358	338339
2790	5579
9739	25942
5438	5440
6168	6175
5430	10236
84231	90678
11196	126003
9133	10762
51122	56995
6146	6201
8648	9282
6428	22826
389	394
2817	6382
3689	338339
4809	5435
4174	63922
7311	89910
57187	65109
891	9493
9232	10112
920	29988
8969	653604
1315	9382
5430	10250
5361	55558
7414	7454
54908	151246
988	58517
26155	65083
3669	4939
1981	6234
999	9839
10857	84329
5048	7531
7532	653784
9320	65264
930	933
1660	51729
9493	11015
8666	25873
6455	9341
1062	54821
377	10540
7316	22954
22974	23397
988	6950
2178	2189
51014	54732
2923	9341
6139	6175
79339	344892
1121	5869
9354	89910
1299	50509
6157	6207
6189	6222
4088	5778
2790	2863
9410	27339
8453	51122
991	9833
10965	641371
7410	63916
6208	6230
2798	4829
2185	6714
6176	6224
813	1435
3837	22974
55143	64105
3799	55605
963	3685
6161	6233
5747	11099
5869	5870
988	6601
23291	57154
23279	79172
4322	7373
6232	9349
830	6709
9493	10112
5436	7936
6175	6210
6144	6230
3265	5923
1981	8637
991	1058
1950	7474
915	3559
988	3843
1645	1646
9752	56141
10890	23011
6233	84231
7153	22974
5082	10574
4670	10921
1937	6189
4233	6233
117	7434
6129	6130
9739	23067
6143	6234
6202	6232
6189	11103
10489	84231
8689	286887
3796	57082
3109	3119
4297	192669
3312	29763
6222	23521
23160	64318
5516	7525
3689	199675
1337	4697
3105	3134
2784	594857
6637	83443
5880	8324
208	57148
8697	9604
9188	25885
9969	23389
350	462
5438	83443
2197	6125
9133	10403
10022	339403
1365	1366
4509	4541
257313	387129
6143	6161
8807	8809
4736	6181
3673	3683
7913	9015
26589	219927
3491	5954
7280	10693
991	6790
6135	9349
1781	3320
4736	140801
11250	83551
2798	56923
1933	6159
23291	57630
9133	113130
5688	5695
9790	55127
3832	259266
7316	9341
6159	6189
5528	11004
2767	5331
1856	27130
682	6693
6158	23521
6138	6235
6515	144195
6122	6155
23404	81887
11065	55165
6734	58477
514	27089
1824	6707
8976	25977
378	55605
4074	6456
351	3912
5609	9181
51382	79895
2962	57794
2524	2525
10250	27316
2837	3358
813	3371
5371	6737
5715	11047
9844	10458
26146	79659
4714	54539
10975	126328
1495	51474
3799	10112
3354	11255
501	85007
6688	7805
7272	55635
6165	6202
3437	55601
6141	6176
6135	6161
9341	22905
6202	55176
9611	9967
6156	6168
3190	10432
29974	403314
6169	11224
6208	6224
5903	9631
6129	6170
6160	6208
3687	8514
8085	9739
10250	58517
25929	57122
1601	6233
10121	84962
3017	440689
10693	11328
3184	3191
6144	6223
2935	6133
135228	266727
1793	9564
6173	6203
7175	23511
6168	6235
6130	6232
8638	10379
400	90196
891	7316
7089	83439
6139	6207
846	259292
7311	23600
4948	7299
55759	84128
6167	10952
11338	23636
6158	6160
4738	5688
919	3559
7311	54874
51099	79948
4734	6500
4701	10975
56923	259292
1315	3799
4867	9657
5347	5528
8648	10499
6168	7311
5861	10972
6204	6222
5829	6385
84131	121441
5829	9459
6129	6142
84131	203068
8729	10959
3646	26986
55003	84154
6129	6193
23517	134430
7398	10714
2967	27125
4116	6432
3185	5094
6233	8945
6188	11224
966	51014
2799	5707
9744	51454
3857	3868
6233	90293
3685	5817
3646	8667
9870	26091
6136	23049
6202	6227
813	84141
5328	10396
2197	6230
3267	5869
701	10726
23046	51014
7316	26986
23020	51692
2633	4938
6628	6636
1120	1375
6461	10787
6227	6229
7514	57551
4288	9700
6167	55176
966	11015
7335	11065
4519	4540
10693	26190
1062	10274
8243	23244
7311	54363
3915	59277
1994	10236
3189	9987
4116	6235
6890	6891
6161	23521
5290	5781
4088	57154
8881	29945
22918	79895
1933	6207
2920	55970
991	1033
2036	4646
5170	7249
9972	23511
1232	50834
5347	29127
521	4700
6137	6222
6144	6203
6233	89910
5594	7533
4700	51079
4173	5426
701	57082
127247	131405
5829	10787
977	5339
55236	197131
3937	7454
6850	23533
1813	4283
4085	79682
2491	55839
4734	64750
9833	11339
4536	4539
8449	79869
50506	405753
4736	6189
51081	51264
2491	81930
9787	11004
22897	27175
5898	5899
6636	6637
9787	81930
719	58191
1063	7514
4763	7311
8453	23291
516	51287
6223	6224
3915	5621
6136	6165
79664	92105
7529	8826
5885	286053
5747	7456
6175	6209
6154	6176
8969	121504
6156	23049
514	4694
9793	10274
3202	3204
3183	4670
1642	5983
5725	10432
6205	9045
5579	9564
5869	26130
6137	6201
55320	401541
3710	5330
10466	10618
2633	3437
5519	5781
54620	80204
1994	3184
3619	6790
3921	6161
5217	55740
1302	50509
9133	10726
783	27091
185	186
7272	22974
23301	30846
7003	8463
5347	11190
7525	9564
10403	51203
1595	4597
64761	83666
6146	6164
3685	160364
335	3698
3675	3912
6128	6229
6122	6168
83597	135924
6133	6138
6135	6228
5438	9978
6139	6141
3937	11184
111	10268
6128	6147
1347	27089
2919	5646
3549	6469
335	2266
6233	221687
9787	9824
5718	11059
6160	6164
6129	10399
25827	115290
153	155
4717	51079
6142	6233
1839	5782
6170	6203
6752	10563
831	23209
6128	6133
2967	79577
6138	6168
6165	6234
3071	9564
570	7311
6171	6235
23582	25949
3109	3122
6130	23521
23354	132320
8976	115548
6203	6233
55735	139322
695	5777
8085	55904
950	8976
966	11001
3921	6227
6617	79035
6632	10907
4303	5901
8337	440689
6201	6235
967	3916
1058	57405
23223	26155
3200	8338
5693	10213
1656	27161
3192	23283
5266	5493
81	6714
2242	3320
1495	5770
6233	27340
2551	3054
4620	8735
213	5340
3437	4939
4735	91147
6175	9349
705	56919
4670	10236
10282	10652
6176	6222
1291	1294
5265	7040
1956	5782
2197	6181
6167	6203
7314	7415
7328	57154
3912	5954
10482	23279
23160	55127
117	2695
6137	22916
9055	24137
5422	6240
4853	10046
890	5347
4512	4539
9700	23397
1453	653784
6218	6222
1781	6232
54069	79172
5933	132660
6160	6205
51444	57531
1121	6764
6207	6233
7514	25909
6455	8871
25847	150726
5869	10890
1660	6625
799	1812
3710	6804
10153	55131
4709	9551
388	55160
3619	9793
6176	6227
6181	11224
680	64106
6203	6235
9655	9903
6155	6232
891	55872
1453	6202
5435	55718
26091	154881
23095	64837
3797	29127
701	10274
1292	10491
4361	63967
5529	79172
683	199675
6790	29127
54885	152503
50838	259292
3091	5707
9276	11070
1956	3655
3853	3868
9045	11224
6139	6235
2962	80004
6158	6206
3184	27316
3192	51692
3178	8175
671	10394
10112	146909
7189	54472
2197	6201
6156	6230
6632	51690
6159	6202
3912	51280
1956	3912
3619	3832
4710	4712
3178	3183
6625	27316
2099	6198
4171	10036
891	7531
22954	57542
389	89846
6203	27340
940	5879
7317	10489
3912	3913
6429	8175
6135	6205
6164	6167
55755	261734
152	5580
2274	284119
9585	51014
4014	5317
4194	7316
3833	9212
830	11014
23620	84432
2348	11316
1783	5861
6133	6230
5931	10664
288	2348
146	84109
6491	10733
5330	9002
9631	23279
10112	22974
3832	10051
8581	10232
2840	84634
890	64151
109	59340
4707	27089
56902	79954
23	6059
6136	6227
3178	3184
6157	6164
1314	9276
2767	2773
8453	8697
6387	6754
6142	6173
4712	29796
3013	8334
4171	4172
566	4332
4361	10714
56658	84085
6173	10952
2841	55970
10733	84131
9700	81930
6135	6189
6130	6208
996	5707
6139	6202
26268	84085
6699	6707
23291	26190
10075	84231
1499	10971
5929	6872
6772	83666
6135	6175
6154	6175
1856	5528
10618	79571
2804	9276
2784	6752
23511	51692
6207	7311
6138	6170
9371	10112
9183	10112
990	63967
6160	6228
7469	9656
3422	4800
966	3903
5985	83695
2633	10561
2841	63940
3111	3115
5434	8349
5725	7919
51602	84365
9055	11004
5716	51330
10959	50999
23304	64682
6678	7424
5747	10458
11021	23011
7421	10036
6134	6173
9776	55626
2157	27095
5529	51143
1345	4695
3673	375790
890	9833
1839	1956
6170	25873
57405	79172
1781	5861
3912	10272
6135	6155
1108	3094
2841	8698
4353	5657
6173	6233
7525	10413
6201	23049
6157	6159
2892	2903
2491	5528
9212	79003
6147	6224
80224	374291
3688	23209
6160	6227
6129	6218
28981	79989
23063	23244
10885	84172
3703	6185
5905	23225
1000	10970
2186	8467
4708	27089
3185	10921
6136	6144
10112	54443
6165	6218
3190	10236
6125	6167
3912	10970
5439	6637
54778	57542
5023	8514
6132	6176
3355	4852
79895	338339
56667	140453
389	55843
5903	23332
1499	5707
55355	64105
2197	6144
1063	54821
7324	79876
9320	22954
5451	55718
212	2623
7314	9212
53829	59340
4670	7536
3444	3451
23049	25873
10663	259292
1781	11014
302	6281
5980	56852
6206	6222
6161	6235
6122	9045
6129	6204
57674	151636
6152	6161
2222	3422
9318	26190
4586	26290
2800	9827
7531	8655
51465	84541
1058	79172
28	2524
3163	3725
4726	55967
23112	27327
580	80010
1665	3190
5155	7057
1111	4361
220134	348995
161	867
1062	10051
6139	6189
7316	10552
7514	23039
6143	6202
3569	84141
5834	54472
9820	56658
1116	5004
999	8907
6241	10403
4540	4694
8945	10075
3433	10379
163	8027
7337	10489
197	350
9354	9604
7305	23601
657	659
3181	10432
26263	55884
55014	126003
156	7852
6745	58477
1816	4160
1809	5362
54461	387522
3717	4352
1294	2157
22995	27229
5983	56852
3895	5879
6208	6234
4088	56937
150468	259266
3550	4236
1983	6223
9055	10592
1981	6164
5928	10014
5529	151246
4171	11073
23168	25920
6132	6168
1292	8974
2994	6005
2207	8514
4173	7298
6429	10236
2185	5599
6208	6231
5528	8243
10427	11196
5861	10890
991	4008
4541	25915
1660	9716
3836	3838
3675	3683
5432	23379
9320	26091
1601	8301
5201	84790
2033	4089
3017	8329
3689	84418
3134	3660
7337	57542
7311	23118
5870	90196
2197	6142
6168	6170
10540	57511
3799	11127
566	1511
4512	4513
6205	51187
6228	25873
5684	5706
1398	10152
84078	89890
6160	6167
6698	353135
11137	84916
824	5829
4509	4536
6128	6164
4512	4540
6222	6234
1933	6176
64114	196527
185	4988
3190	27238
6139	6157
720	721
3836	10971
6207	6227
1956	3918
5879	8976
3135	3663
1062	29127
6222	6223
521	84833
2696	55970
6632	6637
2185	6461
1080	2147
553	680
5695	9232
2033	5929
2975	11128
6189	11224
8085	25942
6147	6206
5688	9978
6122	6228
323	351
1894	5879
10857	10970
489	4853
8365	8970
2773	2788
6142	6159
6122	6203
7311	23607
1656	80153
1524	126006
9918	55143
50840	259295
10199	79954
9604	57630
23332	91147
9459	29984
1639	10540
6133	6231
6223	9349
2537	3433
10285	10713
2792	594857
6130	6161
1347	84833
26146	64792
6231	6233
6122	6205
1557	1576
6193	6234
7311	23521
4535	4541
6204	6207
56995	84085
3882	54474
2200	7076
3017	126961
6157	6230
4734	9320
3434	9636
719	945
5711	7311
5584	56288
133	11245
6136	6228
2826	84539
1453	2801
53905	405753
55850	113220
472	84142
5707	10383
8334	8970
6128	6230
10236	27316
1063	259266
2197	6157
6049	8881
1793	10458
5094	23020
6147	6176
2132	375790
5715	7316
11073	63967
1660	51692
6152	6230
102	10618
2071	9014
6156	6204
6426	10250
6165	6203
4724	10476
5335	6850
22948	63971
3915	54972
2316	5063
51264	64976
1994	10432
9343	51729
1453	6194
1292	1295
6146	6168
6129	6235
4539	4712
6205	27340
6207	6230
10885	65083
5695	51330
5861	57403
6633	11325
1781	121441
6434	27339
9742	55112
595	4602
3214	3217
6161	51187
1241	2863
3685	4240
6159	6181
4116	6160
640	29760
338	3698
399	7409
50832	54429
3486	11167
1669	8993
156	5578
6175	6230
8317	23649
9493	11113
10381	84790
6147	6155
8615	8729
9652	23517
1340	1347
6168	6207
9014	57504
8568	57696
7852	9564
996	23327
4771	122786
10250	23511
1062	151246
6232	7514
1398	3320
8021	79023
1431	2747
1910	3827
10466	57511
6133	6181
9372	25930
6923	9978
90	659
3429	3433
5872	326624
6165	6224
1062	22974
6128	6234
5298	8394
6155	6173
5781	7525
22936	84524
6194	9349
160364	338339
6203	11224
5515	6500
4116	29107
8570	11052
1439	6776
26589	51264
8318	54962
6230	63931
1121	126432
164	2799
6124	6146
6161	6205
6605	9031
6233	90678
142689	154881
6135	6207
5525	9978
389	9938
3833	64837
3920	6836
2932	5516
891	64151
51068	117246
4509	4537
6139	6164
1783	6709
10618	22848
23160	56919
5516	22919
6628	51340
10762	55143
6152	6203
344892	390059
5271	5329
7852	83737
6240	10592
26586	259266
2243	3026
3594	7297
57122	57551
11193	22826
301	2788
996	1912
258	9210
9818	23511
1453	2197
116	5746
1915	9045
2064	5336
2268	4301
6908	8812
55252	221937
2521	3181
54165	57542
10236	10594
9833	55165
6133	6147
238	943
24137	29127
7311	90293
6168	6176
6139	6208
3689	5023
4050	5716
2533	3937
1495	4301
6241	11004
3685	5829
2185	5781
338	1080
6138	6160
1956	22905
6128	6141
5861	10540
11338	84271
6169	6231
3831	64837
558	7409
11224	25873
2535	5599
4602	5432
3191	3192
5434	5725
23279	55746
1788	57332
5660	55970
22974	64151
6205	6224
1855	81839
6210	6235
6222	25873
10540	24137
2358	23601
5747	8976
5777	7414
6160	6223
1595	3157
6232	6234
10236	10432
4125	6037
945	84418
378	11014
6143	6160
10075	80204
6205	6208
6209	140801
399	7984
2131	9672
389	4627
891	151246
6125	6202
1329	388753
6132	6170
5822	8568
6601	6605
55720	83743
7514	23332
6154	6194
2207	3937
2792	2918
23397	24137
6657	57167
6241	9833
81792	170690
6231	9887
8804	203068
10254	25977
3915	10970
9133	11004
6181	9045
10342	81562
6610	7132
3216	3217
9349	25873
514	4724
399	23526
51203	56992
6160	6234
2811	2815
28998	65003
2247	3561
8085	26523
84154	84549
2033	10735
1786	7027
115827	326624
161	26130
2971	51082
51429	115548
5707	54583
11190	57545
5699	23198
6129	6228
1981	6232
3091	84962
4161	7432
5424	5426
6194	6204
8697	65264
1478	9128
1660	10492
6241	64151
6189	6207
1737	8050
9927	54708
6135	25873
942	7525
1783	2801
5869	22905
3184	6434
705	51602
3921	6233
6233	8450
6184	58477
7862	54815
8667	26986
332	9793
6175	6176
9727	23265
6157	6208
3191	23283
9276	64837
4701	126328
1783	54908
6228	9887
1088	160364
3397	7057
1398	6461
1350	7388
334	84141
10232	154064
6233	25873
830	10282
4593	57144
7536	220988
6132	6204
9700	151648
23168	56254
5155	83706
701	51343
5361	8829
51465	140739
1022	91603
890	151648
26586	55355
5896	5897
3006	85236
1062	9183
6204	9349
6147	11224
1994	10492
1499	1969
6135	11224
3157	4597
1915	6130
1870	4208
57405	113130
2204	79895
5928	8085
6157	6176
6122	6129
6209	114987
79954	84154
1017	2305
54443	55165
6427	220988
5331	9351
6233	11059
6189	51187
3191	7536
2185	7041
4736	6142
2617	8565
6117	7156
8976	10552
183	259287
891	8655
991	151246
27339	51340
1981	6189
3109	3123
3688	3911
3837	348995
7456	10458
4848	23019
2048	5998
6241	55143
338	2243
5700	7415
10121	121441
11218	79084
988	22803
1962	7311
2204	338339
1084	2358
1062	3799
285	7010
5443	6370
2197	7311
6142	6154
6189	23049
7283	653784
932	326624
6228	7178
6372	27198
8074	29106
9232	11065
695	3710
2935	6122
6138	6156
7272	24137
1991	6036
3312	23225
92170	503542
5899	7852
6632	11157
1232	338442
988	4999
1524	729230
6206	25873
996	197131
51725	55819
6164	51187
3308	5903
10540	11190
22888	26091
3855	3856
22954	65264
6129	6167
26263	92912
3123	7535
6210	55127
5708	51512
9282	9611
998	22919
9276	10959
11190	26005
8915	387522
701	10592
3956	11320
6175	6235
5093	5094
930	974
6159	6222
963	84329
1062	9276
6232	140801
27	4690
9557	57804
10575	22948
2358	2767
6176	11224
2782	59345
6156	6176
2243	5005
1062	57551
23586	55601
3113	10346
332	3832
5931	6839
6181	6206
4666	6137
148	2837
1435	401138
3921	6206
1933	6147
6209	23049
2719	135152
8636	11258
6434	8175
6143	6206
7779	27173
9341	51429
2962	10291
991	29127
3213	8338
3655	7057
353132	353133
6143	6175
1337	1350
87	3611
1088	23601
3685	8514
6223	6235
6635	23524
636	25782
7305	100049587
9377	54539
2491	5905
146	886
50835	50838
6233	9341
9341	115548
864	10413
9371	11014
9439	23097
2033	6233
7184	51726
5501	9700
219954	285093
632	3381
567	3660
8491	10746
6155	6210
672	8314
3190	22938
9793	10733
5023	326624
1453	1855
914	924
9883	23165
9675	57521
643	10803
5604	7533
1058	10403
5048	23322
399	117289
3915	10130
861	6604
6232	7458
6124	6176
919	7535
5594	6548
1781	9657
23168	27125
6201	6203
4536	51103
7536	10949
64837	81930
24137	146909
3133	9871
1832	11187
2692	2838
25897	55175
163	6233
6868	7311
6193	6223
1017	63967
23047	55143
6136	6189
9551	55967
6147	6234
63967	84515
1133	9002
3921	11224
8189	10523
27125	55840
1667	1668
51510	51652
4509	4538
6874	51230
2073	4331
3048	4778
8704	146664
6147	6161
10749	81930
4599	51191
3725	4772
1994	3609
6189	6205
23279	57551
9382	9827
26494	344892
4538	4541
338	2153
5196	56670
580	1111
10952	58505
1793	10787
7082	25937
4519	4538
6136	6156
831	3688
6181	140801
2197	6210
6165	6223
1062	10592
5903	25909
389	5217
9742	26146
4176	5422
302	23197
3185	55749
336	51156
699	9700
6233	10110
79895	100049587
23304	23376
3832	10121
2792	219438
1385	5594
988	9611
387	7094
1287	1288
4171	55388
6124	6194
5594	84823
23451	55339
5223	5230
1894	29127
1810	26009
1669	10394
996	6790
1639	22919
4717	55967
2918	10563
6141	6189
374	2069
10121	11070
6133	6144
813	3491
558	2621
10594	11100
595	5694
3357	4829
7020	284252
3914	5339
377	830
375	1314
100	51816
2787	10803
4048	126014
5747	10787
945	10857
22974	55142
6124	51187
3913	10298
54625	151636
6925	6938
2642	4922
6141	23521
4736	6206
991	81930
5173	6751
1478	5441
10395	23371
6132	6201
7525	10298
3832	54892
3837	9631
1994	220988
1457	6749
6160	6207
11103	84916
9265	27128
6202	9349
6135	6138
50813	57542
6139	6159
6128	6204
56902	88745
6187	10557
1933	6135
3918	4233
522	84833
3512	100423062
4736	6218
5547	10970
6133	25873
4736	6152
6132	11224
4707	51079
6138	6142
11095	221981
10885	55720
1576	1577
6222	6233
3848	162605
7021	83741
2521	3183
6727	140801
5048	5519
1604	51014
5493	11187
5516	6500
26519	56993
6175	25873
351	7466
383	1669
5861	51014
4738	285231
3184	9987
4709	4725
10693	84617
344892	390063
1812	51764
6142	6156
6133	6176
9601	10130
996	7317
64981	116540
1452	5516
10112	10540
4540	4701
1728	3162
8816	51122
6208	140801
2064	7311
10022	50835
10189	79902
867	10097
8687	8688
399	9411
9643	93621
2675	220164
1048	8434
9183	10403
488	4853
5928	57649
10376	10693
3362	53831
6155	6169
966	1315
23112	26523
3725	9070
8334	79019
1559	1576
10051	64151
92104	150737
9767	11143
90293	221687
6189	6232
6224	9887
5878	10618
3718	50615
6129	6194
91543	129607
521	9556
55127	84172
9879	10250
259287	259293
2242	9855
383	3074
9793	11190
570	1962
6175	6224
8334	8337
8317	80174
9824	55635
6181	23521
6176	6210
5708	51343
3998	10959
9700	11004
10552	23149
6428	6430
5746	59350
1639	3326
56902	84128
1329	1350
6233	7098
4087	79753
996	65264
26046	84085
6194	53918
6135	6165
7175	55746
9133	10274
2968	57804
3903	84329
6137	6169
995	5347
867	8301
10051	259266
6249	54908
2792	4985
3433	3437
5199	56729
1933	6210
6136	6170
2817	5669
5700	5706
221	5328
4670	11338
8337	333932
6138	11224
25873	55176
5715	7314
1431	1737
4540	51079
5077	6663
6128	6231
6142	6232
5435	6875
11202	25818
3655	3915
55629	65110
2197	140801
566	8635
4953	51686
1731	23157
393	5879
3113	3119
1329	9167
3115	10346
3688	6774
695	5336
6227	11224
701	56992
2125	11187
6160	6224
988	6599
6146	6152
6137	6170
5036	10576
6158	6234
7311	121504
84085	154881
55832	115290
10112	81876
1660	2130
6141	7311
4173	5422
6170	6207
6135	6201
6154	6208
6134	6228
4701	7388
389	64333
1499	7534
4736	6210
8976	147179
6233	23586
9879	23517
3688	7424
3065	4221
6233	26523
4172	55388
5515	5526
5436	27258
81	7057
7337	8697
3105	3133
3683	79895
163	9322
1660	10523
11236	79139
6201	6209
6698	6707
6208	6232
10022	56923
6122	6141
3172	6927
7132	10616
534	7037
4736	6209
8356	121504
2912	5733
1639	3797
9493	55143
3106	5696
3799	9493
6319	6720
6208	6209
88	4620
2197	6128
1308	3691
1058	11004
8027	51429
7311	92421
1781	10112
377	10112
1778	2491
5861	10484
9787	10615
5338	5579
1933	6194
5518	6232
996	5347
640	5079
1398	3071
1902	5331
1350	10632
831	5829
22948	84790
1783	11127
2792	5145
4736	6125
6635	11157
54552	55720
9738	54820
6130	6144
2491	9183
1933	6144
6147	10399
3619	10735
5879	50807
6122	6222
6158	6175
160	26130
6205	8562
6130	6181
10671	51143
302	3074
6204	6233
7175	51692
6136	53918
4670	10594
6173	7311
640	3932
6189	6235
2863	9002
4519	4536
6152	6227
2958	5435
3190	10492
5339	6189
983	79172
1462	3915
5887	7415
9716	10236
988	3839
4952	6272
4171	6749
2064	54206
197	336
133	2863
5516	5520
4694	4724
6167	6209
153	6343
2790	2837
727	50838
1544	169355
6135	6170
6637	51372
11103	27340
26224	55208
4008	154881
10574	84617
3978	5426
3854	8689
9349	11224
2197	6154
1069	10383
5714	6790
2065	3691
5528	51143
4538	4539
51079	374291
6170	6175
5330	55970
3672	6709
90025	91694
6233	11224
6224	6235
5868	23011
2060	50618
22919	22974
9716	55696
23562	53842
6229	6234
9833	10112
7398	10635
990	8697
9690	22954
6133	6152
3688	7057
8356	653604
351	5340
3913	11167
6124	6175
1268	10803
10914	79869
64963	64976
5433	10285
6165	6176
1933	6222
3978	5424
10458	100423062
2033	7874
1129	4889
50835	56923
1981	8672
991	259266
5432	8450
5868	8301
6132	54512
5519	151246
834	114769
6125	9349
5685	5700
8365	653604
9793	22919
8655	27077
4905	9527
6262	11069
5708	29979
1537	4715
51023	54998
7058	9507
3178	6430
2916	3351
6141	6142
5335	7305
3184	5725
5829	7534
1910	4295
9793	57122
351	83706
1173	29763
9493	64837
6155	6229
996	5708
6129	6155
1453	4809
3832	10615
701	22974
5586	5879
11339	57082
10291	24144
24137	55614
196527	326624
1511	4353
23218	196527
5704	5718
3886	286887
9128	55234
6160	6193
22984	84172
6189	6234
9867	197131
60	5879
9416	10949
5501	9126
1314	8729
3320	6461
10574	22948
2960	4763
846	5737
10174	10398
2635	5371
274	51411
57082	113130
6189	6223
4713	29796
1894	54443
8729	9570
91	92
891	9833
6233	26130
5880	84144
23011	51715
5725	9343
1000	6591
9416	53981
2956	5422
8662	9669
351	10970
3071	3320
5426	5427
23165	51692
5868	22848
7414	8993
6157	23049
1453	6210
4176	4998
6160	6168
6230	23521
6144	6201
4709	10975
3833	24137
197	2266
671	56729
9739	27327
9133	83461
11100	23524
2185	5829
51098	83658
1857	5699
4509	4539
1062	24137
11190	22974
5290	9208
4236	11193
4751	4867
3833	9493
57154	151636
1069	8655
29984	64333
2962	27238
10726	54908
8969	8970
116	5739
2767	29933
57662	144100
6133	6141
4841	6421
933	974
9927	10059
1660	3184
65083	79954
5286	29988
5516	51400
1107	23186
5861	10749
8976	9341
1325	6752
87	1495
10376	10383
6176	9045
187	5473
28977	54516
2200	56975
6170	6188
2993	2994
5878	8411
5318	11187
917	5795
1991	5199
8295	8945
26091	65264
5660	63940
9282	9968
3683	64386
57154	65264
8260	79903
3973	4160
3190	10657
6170	23049
9738	132320
6161	6207
5529	5781
7846	10376
6233	26091
6159	6218
6207	6223
55236	57542
164	55330
6152	6233
9867	54778
29796	51079
2475	57521
6790	22919
5868	64145
3185	3192
846	50838
8290	29086
5023	6518
988	10592
1910	84432
991	1894
1669	3240
462	2155
6453	7311
1004	1016
3832	3833
846	2798
2207	23533
966	2207
3191	9987
4331	5436
6426	6428
7175	23279
4670	6628
5950	7276
7536	10181
1116	3240
2896	10493
5441	6881
9382	9570
5526	9491
6135	6144
56165	91646
3866	3875
1595	5447
4512	4538
6139	6193
2107	2935
10403	10592
25831	143279
87	7044
3833	9700
7204	55970
4738	9978
9462	153090
4736	6207
1915	6204
6130	6188
4670	9716
1133	8477
207	3611
2799	5476
2178	6118
332	1063
87	5879
3833	146909
6147	6223
3191	10236
6136	6230
9493	55165
64682	80204
4205	6938
466	1386
2081	7494
9730	84085
4361	8349
5529	5711
23586	29761
3192	5725
6144	6208
1814	259285
8289	57492
8541	64130
351	2817
8972	93432
10112	55143
6133	6154
6185	6194
3921	6230
84163	389524
197	2153
2648	25885
1981	6235
9371	51014
7704	142689
1937	6228
89910	90293
51429	152503
22954	23014
2150	2863
3111	3118
3107	5696
6207	6209
10468	285704
6210	6233
9978	11065
6176	6204
5717	10575
5594	5781
161	5869
9212	55723
6703	6704
3956	7076
22954	26190
1736	10528
5693	5705
388	64333
886	887
8542	84141
695	7305
6173	6181
5347	9493
6170	9349
6139	6146
6142	6205
10921	23524
6194	6234
9416	10236
8347	126961
7133	57153
5725	8672
5529	22919
3842	54464
9793	79172
2962	56949
3434	8638
5438	6635
6288	6863
6130	6209
6233	9101
5347	146057
4829	56923
6137	6142
5179	283869
6233	22888
7133	10970
9904	57647
1829	11187
84296	84515
51206	80739
3123	55824
6224	6227
57153	199675
1173	5962
1479	27339
8729	9276
11014	50807
3695	5747
5880	9138
5526	7316
1933	6168
3233	5080
81614	123606
3352	6372
6709	8615
6201	11224
10199	84128
6206	6207
920	2533
3184	51692
4254	7409
6128	6202
7082	55243
6157	6209
6173	6191
2932	6790
50831	51289
6158	6161
9793	57551
3675	7057
6429	9410
2803	90196
6688	7305
389	1894
29127	81876
6168	6201
3185	3191
1116	5005
10383	22974
6714	375790
22954	23291
6135	6193
6137	6143
5294	55970
81	5868
23511	50628
51602	84154
6426	10772
353132	353135
7311	154214
6727	10952
3921	6122
6514	6927
8853	11014
6872	83860
50831	50832
1495	5795
6227	140801
699	220134
8881	26224
9133	81876
930	118788
3921	6144
5529	7514
6130	6168
6709	51014
3635	4233
5746	94235
54148	64928
3797	79989
701	8243
11224	140801
22888	54778
5557	23595
6168	6233
6124	6147
1340	27089
6158	6222
6125	6201
8687	286887
163	7311
5023	84329
5347	55165
174	3827
1241	56413
6159	10399
10254	51652
56624	259230
2058	2617
9320	197131
10890	23265
9493	9833
1942	2049
7874	56655
830	6711
10618	23431
5347	9491
1781	29127
6157	6202
9972	23165
5331	222545
6202	6207
55755	57787
3912	375790
1058	6790
6165	6201
7536	10250
1665	10885
991	64105
9133	9918
891	8697
6155	6158
2071	55677
9126	23063
6130	6230
335	5948
5048	121441
6159	6173
7846	57545
1081	7252
51289	56923
5685	5705
6155	6164
54908	79172
10236	23435
2197	6224
595	5708
7409	10810
6136	6167
23595	51053
5868	5870
3579	729230
4670	10291
3921	6189
705	84549
1008	1013
84962	126374
7454	10458
6194	6232
945	2207
3015	387103
6285	6288
6155	6228
1660	9128
4174	5111
5528	81930
6135	6233
4708	4725
9787	11065
5347	151246
6233	10618
6208	11224
5685	10393
23291	83737
29127	54443
3122	5641
6129	6222
2491	5347
4513	4536
5519	6801
4514	4541
6161	6224
5435	79035
1435	8542
23404	23517
9793	81930
1063	5347
6129	6206
259	2244
64131	375790
1906	2790
695	971
1660	51593
3915	51280
4712	4728
6232	9793
3371	84141
988	3066
7038	7173
6128	6130
399	3633
6157	11224
2318	3688
824	3688
9700	23122
6233	9612
567	3107
2932	5526
6125	6159
4208	4209
6173	6204
5868	51715
983	79959
1933	6201
727	846
4724	4726
9918	259266
6628	27339
79869	84248
2782	10681
6709	6711
28998	64960
6133	6155
2317	3688
6168	6218
2197	6139
1601	6453
3832	9833
2840	4986
6161	6164
3833	55143
1107	23028
5702	11047
4171	4174
9133	23397
6227	9887
3169	55766
26190	83737
83551	134860
8329	8334
5713	5715
813	10618
5739	94235
8085	23067
3903	79895
643	5368
10552	22905
1639	23299
3429	3434
4240	51280
1108	2033
1783	6232
6152	6164
6182	55052
6144	6189
5426	9126
22954	57630
54751	83706
2071	27125
50835	259287
6136	6152
10527	55705
4735	23322
5788	7852
6209	6228
2997	6233
1121	9827
6921	55284
9551	27089
1668	1669
6209	6224
6142	6202
1457	10051
1994	3191
4726	27089
5034	5479
6161	6203
6194	6202
6233	51592
377	10749
8453	84085
6208	6218
1956	9341
7200	84634
1994	55339
695	7454
6218	140801
3184	4670
4696	4718
963	8514
890	10460
131873	256076
10713	26121
6136	6217
197	5005
2079	6432
5695	5715
940	8516
1291	5352
9212	51203
344	26020
23658	27316
22954	89910
3486	3569
6870	51764
1557	1559
4736	6228
7164	152503
1956	5328
5193	8239
3688	7052
6138	6173
1783	6711
6204	6224
932	2358
6428	7307
9833	24137
6160	6201
8720	51360
640	5336
6224	9045
196883	285601
4353	6036
6122	25873
2072	7158
391	9743
6138	6169
6500	26263
3915	10272
317772	440689
7098	10695
10946	11017
699	1062
2204	160364
11098	84141
4709	126328
3181	5430
1058	10112
4736	6234
4543	5179
5707	51330
7334	64320
5438	6637
7316	55669
5660	6376
6194	6206
113	259285
4736	6136
1954	23295
8689	54474
5311	9727
6201	6210
9688	57122
5347	5707
5441	51503
5870	10890
6210	6228
10274	10735
3360	10888
9564	10458
1499	5795
2719	3698
6233	8975
3619	5519
6193	6203
3895	84141
11176	64426
60	4627
6203	6224
84648	353142
2197	6165
5781	259230
8590	285093
4160	104909134
2491	113130
5526	81565
6144	6229
3688	5747
3350	4988
6143	6201
6288	84432
2923	3309
3184	3185
163	5594
2150	10800
705	84154
2782	5290
4887	346562
4283	6364
1398	3055
2912	4852
5688	7314
1290	1303
23291	55832
107	2775
2197	6228
4528	7818
6173	6227
6138	6201
9276	9632
7004	8463
1453	79867
8675	9382
25831	26091
5707	5834
185	4922
6122	6136
6144	6154
6139	7311
5696	5698
1084	138050
7454	10787
51264	92259
6230	9349
6125	6161
6160	6171
11145	122618
4035	5159
1829	2125
5518	23399
5335	7410
29118	63876
55703	55720
8568	51096
9551	84833
9636	10561
6439	653509
10970	54972
23014	23291
6142	6207
6233	285231
6185	6729
6176	6223
6125	6158
4736	6229
9904	79050
377	11015
998	54908
302	7415
1981	5976
2537	3437
9117	10484
5422	84515
6170	6181
3887	3889
5970	7189
8394	23533
79172	151648
4159	53831
1063	81930
1062	5516
9371	10540
55901	170692
51433	246184
6147	6157
1551	1555
570	23600
6168	6210
1453	6209
9277	80135
2956	4436
891	6790
4659	5515
6202	6222
22919	79172
2847	2918
11258	11316
22888	89890
4713	4728
566	5657
3676	3691
521	4701
3761	3785
3178	3609
522	539
3267	22848
27241	166379
4540	4707
1111	2177
335	4036
7110	10466
1933	6165
3084	5781
345	350
6229	11224
5829	6461
6135	6156
4637	103910
3184	9716
10403	113130
6144	6176
80184	117177
6156	6164
26046	197131
6237	10371
5725	10291
3055	9564
6227	6233
4173	84296
6138	6204
1660	3192
10733	203068
1005	1009
26235	158506
3360	3375
6154	6173
51592	64682
23067	25942
990	5708
3673	3688
846	4829
2810	4486
2597	128240
4928	10482
3184	9343
6124	6138
6129	6159
87	83706
6170	6201
7343	9013
4541	4726
1088	150372
5697	6376
2790	10693
8322	54874
1933	3921
6613	7341
6154	6169
6556	79895
8886	9221
3619	9183
1000	11320
51071	126133
2810	3655
27229	55755
1822	1912
23020	27316
3119	4261
2519	51816
8925	197131
6141	6173
6133	6193
830	1604
6708	6710
6605	55193
65264	89910
24137	64837
2243	3827
10254	23149
55008	151636
6136	6161
6207	25873
51203	55355
6139	6233
4088	5054
1524	56670
1991	3240
6601	9031
23332	25936
4233	5795
26043	54165
6141	56915
6373	10563
917	1759
4008	144699
5708	9491
6156	6218
4738	122769
9782	27316
6159	11224
84231	140460
7531	10890
1500	7082
4904	9410
11176	51742
6147	6159
22954	197131
5822	7109
23332	25909
55872	83540
332	79172
6132	6135
6150	116541
3054	6872
6135	6157
824	831
1161	5887
6139	6206
389	399
123904	146183
1281	4060
7249	7532
2967	51426
23511	25929
5699	11059
6827	25920
1387	6601
10324	201456
1670	1671
4116	5435
16	2617
1314	9632
680	4829
6383	284217
6137	6154
4707	4710
6158	6194
991	3619
916	917
5432	6205
55635	259266
60488	64963
3837	23511
1536	3163
80321	91147
6167	6210
6189	6204
3350	84539
3084	85440
9757	26523
6628	22826
778	10369
1906	3814
2197	11224
84085	84261
3093	6047
8560	196527
1854	4174
4839	10885
6232	54908
5869	23011
1325	2847
6129	6139
1453	6205
1915	6142
10133	121441
4582	10164
5872	53916
5094	27316
3611	6790
6207	9349
51143	79172
51088	51122
2222	51478
9188	84172
727	259287
6133	6223
3113	3115
133	2788
2033	25885
920	5286
6164	6229
53637	63940
6136	6155
377	1783
27	1398
11190	55142
6176	6230
55872	64151
26524	84962
8886	56902
6138	6207
3687	22918
3190	220988
10592	51203
1793	7409
6235	25873
5435	6637
5519	9183
6203	11103
9700	259266
990	9134
29984	55843
1783	9371
5684	5685
6155	6167
1665	55127
4599	4939
864	3683
6167	6222
8717	9530
6144	6157
9349	9887
3359	9177
8313	10297
6426	7536
102	1499
6218	9887
1387	5929
9092	9410
3133	5696
6155	6175
6158	6159
10533	26091
6625	51639
1969	2050
645836	100287238
348	5360
1457	25942
2153	2244
6137	6147
51121	79048
9793	23244
6799	6817
4288	55165
23608	140462
10272	11098
5048	9183
5438	23524
3156	4598
87	7525
5861	51715
5579	5590
2865	6863
2792	343172
6167	6223
10254	22848
595	891
6164	6193
2243	2266
3434	5610
1629	4967
2358	3579
6189	6194
4710	4726
55249	55870
2791	115557
3675	3915
23291	55236
187	2359
6158	6205
1499	6233
6233	8445
3921	6228
10640	55770
5696	6890
9493	10121
6130	6133
6133	23521
4708	29796
157	2869
4707	4717
6137	79707
6500	64320
259287	259292
6136	6168
5196	94235
6138	6176
10403	23397
3191	10921
6122	6169
945	3903
6228	9045
51593	64859
9320	10489
23590	56997
397	398
4057	57554
2621	10272
8925	140460
8648	96764
5516	9183
3304	10963
164	25977
23160	27340
2913	4988
6154	6227
6923	140458
6142	6229
2695	122876
23521	51386
8698	63940
5717	126374
1495	5584
4853	6233
51343	80196
109	2358
51264	51649
8742	8772
6222	6228
274	23149
6124	6141
3915	4240
1911	6045
4343	84441
11014	23046
6426	100526737
248	6975
6241	51203
6175	6193
10733	347240
6249	54820
6189	25873
6142	6161
23309	27327
9787	55143
10772	10949
1241	5331
4736	6173
3190	10949
2197	25873
3006	8337
25827	126433
1398	11184
3921	6201
2185	3718
5707	10576
7311	65264
6181	6207
6338	6340
671	5657
488	489
1910	2147
7316	9929
6188	6229
6206	6228
6147	6222
3434	23586
6227	6727
5519	79172
274	9341
1994	10250
996	57674
1108	25942
60485	84962
3017	8349
372	81876
10332	30835
4535	4539
22845	57171
4736	6124
988	7112
5023	10970
6176	6234
55884	115290
6161	6201
641	7316
1933	6169
1058	64105
6146	6176
4171	4678
6130	6160
991	22919
6130	6204
6194	6229
3675	5328
7317	89890
932	10970
9114	127124
335	338
56923	259293
6122	9349
6188	6222
109	10681
9833	22974
6133	6203
2305	6790
11127	64837
7316	399473
9585	10749
1950	2277
5426	10714
705	8602
3796	5519
9318	11275
3659	3660
4513	4537
56992	64151
9320	23291
1738	4719
1738	4967
3683	57153
3320	121441
1856	7314
4793	5704
4085	55166
6122	6206
51143	57405
6138	6229
55689	55929
5688	6790
28981	92104
6428	27339
6133	6169
10920	10980
2023	7167
996	9320
4174	10036
6129	6169
10749	11014
1058	11065
174	51156
6637	51690
2491	11339
813	11098
6636	10465
6169	6189
23020	51729
1329	55967
9126	11130
1727	5707
6170	6227
6147	6181
1983	6122
6139	25873
4541	91942
3214	3215
3767	6833
383	4942
5829	10458
4952	5286
23291	64750
64750	65264
2197	6232
8349	85236
3921	6207
399	64333
1994	10285
3429	9636
6201	6222
1453	10427
5266	6699
1457	9918
11015	23046
6201	7311
1933	6138
8329	8349
6133	6201
4988	84539
6625	10523
372	9183
57545	121441
4734	22954
3978	4176
1778	22930
111	51764
2359	5196
5880	91614
64410	142689
3685	9475
6133	11224
2353	2354
6164	23049
2535	55970
3689	7409
2623	10661
6208	55176
54820	54908
4712	51079
9631	9972
699	3619
377	51014
29074	64928
5879	375790
3183	220988
79583	79600
55143	57405
746	1603
5970	57506
6518	84329
9793	23332
2521	5094
837	841
6206	7178
558	6464
3437	8638
79867	80184
2792	26339
2524	10331
226	5054
4695	51079
701	51203
126638	353135
1639	81930
6387	57007
1000	1012
991	55055
26146	79989
335	336
9371	23095
64946	79682
3683	10857
864	5708
112	1880
993	1111
1937	4736
891	7314
6154	6232
4708	4709
4174	7298
8683	84324
5887	7520
6208	6229
4695	4726
4986	50834
10576	23526
4686	11338
4599	4938
6181	6228
4853	6868
6122	6229
4088	54778
9181	171177
5519	22919
1908	84432
643	9294
4008	26091
27252	55585
57111	401409
3619	51203
5431	5433
2189	80010
27237	171177
1058	9133
201475	326624
83540	157313
6206	23521
338	3827
6045	23028
5346	400569
9724	27042
26268	64682
158506	285231
8581	27076
2557	2560
4712	91942
23304	26046
3183	10236
6136	25873
10413	51421
2197	6727
5970	9491
3619	10592
55143	113130
6137	6206
4057	6709
2537	10561
302	10487
6135	6204
1956	284119
3837	3838
6144	6173
6161	6206
2197	6168
6155	9887
1495	4233
1861	27348
9320	144699
3361	3627
160	6233
5879	100423062
3187	5725
3192	27316
23283	55749
3075	3078
3434	55008
1350	27089
9055	22974
2521	3185
2491	22919
3909	6385
5905	10726
23265	50807
6137	6176
1315	51014
5795	9522
6160	6231
4710	27089
699	3796
1314	26286
1595	51478
6222	6231
3619	5347
373	7322
5597	5718
5795	6518
6556	160364
10193	26046
4331	404672
3185	23020
10657	11338
890	4288
9354	83737
1793	5747
3240	56729
389	6453
6132	6173
160	22872
996	80012
55143	259266
5868	5869
6160	6229
23160	55720
3832	10733
259290	259294
1129	4852
3855	3872
6206	6223
990	55388
6202	25873
11004	55143
890	9824
6233	26190
10250	10285
3062	6869
4736	6204
7536	10772
6175	6194
6170	6234
10153	84128
904	905
5036	203068
23332	121441
701	64151
10523	11338
4839	6156
8687	54474
51602	55759
9341	54874
800	5829
6224	6230
5526	5708
64426	79595
4718	5284
5694	51330
10969	29997
11127	64792
2920	2921
28973	64928
3014	23135
4736	6147
23149	29763
1783	5903
1902	1909
29984	445328
3091	4088
6165	6230
8351	8970
2767	9002
6143	6233
4710	4718
6165	6189
23014	115290
6218	6232
6790	55165
6160	6173
1476	8993
4357	54205
3122	4261
974	3635
8993	10394
54998	118487
6428	6632
701	9491
891	5526
3796	10274
6152	6181
7466	51280
26146	28981
4584	4586
5861	11014
5741	594857
2967	9646
539	1329
1269	63940
2153	2159
1395	79924
4725	55967
701	9824
6169	6210
5985	63967
3663	23321
1937	6125
6137	7178
6171	6227
5347	6233
10552	29763
4297	23309
1129	6572
1933	6136
4695	4700
6133	6158
2280	7048
4116	6132
4700	91942
7153	56992
1793	5880
8573	57669
6147	6160
6159	51187
701	9055
22919	653784
9820	26268
23197	26043
5111	9768
6194	6205
966	79895
6827	51755
10236	10250
6152	11224
7153	9700
3619	5528
5601	6272
3998	22872
6426	6432
6154	6228
2956	23028
353137	353139
5684	8658
1291	8985
5351	8985
1763	348654
6158	25873
5605	84292
8334	121504
4208	5533
991	64151
3710	5575
3689	7305
4343	7311
6556	23601
9787	29127
25984	121391
864	7003
4689	7409
3148	8125
891	991
9412	9442
6737	283807
8365	8969
4695	4712
1268	50865
2207	3689
23521	56915
6626	10523
121504	333932
203068	440145
7846	150465
3283	6718
783	10368
10561	55601
24148	51340
6181	6235
6164	6209
10121	79867
6169	9349
1453	6231
102	6233
160	29924
3837	57122
5731	94235
6146	6169
28959	55365
1173	2535
6157	6160
389	7204
684	4939
5984	7298
4711	84833
813	56975
23601	199675
6170	11224
6138	51187
7919	23435
6168	6189
3607	55252
10528	51154
3491	84141
472	5884
7334	7353
6141	6161
6165	6204
988	4173
1946	2268
1642	5931
6144	25873
988	10657
63915	84062
5604	8826
3710	8826
6714	9564
6165	6227
2042	2044
23398	23517
1406	4901
26046	26268
2935	6234
23451	51692
8451	55208
8349	126961
3183	6430
5093	27238
81696	344892
9666	115290
400	55275
6122	6233
10458	10787
1278	4313
58	5879
5879	7456
6142	6227
10663	259293
5515	5604
2033	5469
81285	285093
8970	79019
57403	81876
6218	55127
6602	57492
1969	2048
6169	6218
1994	23435
516	26521
6130	6223
274	6453
222487	338339
6208	6233
5204	6637
3191	23435
6613	10038
3897	57698
6128	6157
55781	134430
11091	81887
4171	5426
988	203068
1290	5351
6230	55272
1981	6223
115290	143279
2932	5716
1915	6202
5611	10525
3134	6890
4690	9448
6130	25873
1315	84516
566	4353
25915	126328
3301	3303
6168	6203
5432	84962
6130	6139
5528	9700
5441	51340
6430	220988
8976	54874
6142	140801
9306	9655
102	6556
2801	10802
96459	201163
10885	55127
10949	23658
4952	9341
6169	6230
5290	5770
24148	56259
1499	4233
3619	9212
51289	339403
6133	6165
57122	79172
9133	56992
54474	121391
6133	6167
6141	6168
2167	9442
2792	2911
701	55143
6142	6155
4508	4541
10980	55294
6241	9787
4738	5695
6130	6193
8027	8301
3309	51726
3675	3685
6168	23521
3676	4192
2767	2790
7529	51552
3619	113130
2521	4670
7137	7138
6124	6129
6147	6194
4514	4538
9870	57542
6206	11224
4033	5660
6136	140801
54881	65083
2683	5660
966	79090
4736	6233
4670	4686
2521	220988
3685	6518
87	226
9604	26190
5930	80204
2817	7048
3921	6222
57082	151648
1956	2247
991	64750
6700	26239
6141	6205
3887	3892
6137	6173
727	56923
6133	6160
26005	26123
5861	10959
4709	29796
2957	51616
699	9824
5552	5627
3664	23650
5933	7027
1783	6249
10403	57405
1453	6228
6201	6224
1500	1969
6233	57154
51132	54778
699	79172
2153	3827
9212	26271
3181	3190
10484	81562
891	24137
2206	5335
4512	4536
6147	6210
6122	6202
1793	9844
11137	51388
6142	6228
6137	6235
7249	57521
26005	80184
393	29984
9700	146909
4173	23397
9564	9844
185	2862
2932	5361
5347	55143
5869	57403
5700	6790
1783	25839
6868	11319
1933	6218
6869	347148
10952	25873
10540	27175
6228	140801
991	9918
4670	220988
8886	55127
3579	8766
6429	10291
6434	220988
51122	54165
988	27316
2792	7434
6138	6194
4904	10946
2767	64407
5347	11004
5701	11047
26	10562
4288	7153
6167	6173
4924	5589
3688	6714
7314	7334
6208	9045
2919	6372
6161	6170
11004	64151
8349	8969
3832	29127
6138	6152
2847	10563
6223	6230
3190	23435
5599	6272
5441	84844
6201	6231
514	4713
3796	64105
6125	6222
10121	57545
114	2492
5725	10236
1453	10121
6830	26043
6135	6203
6173	6234
338	2262
6173	6189
971	29760
1233	11251
2965	9646
163	274
4514	4539
2491	54821
11014	22818
6143	6223
1969	2268
6233	10401
991	10726
6309	6713
6138	6188
9787	22974
4809	6231
5702	9134
3619	83540
996	115290
1315	2804
4736	6208
6228	6230
4736	6157
26267	63893
3055	5747
27043	27340
920	115548
134	5660
6625	11338
6157	6169
6138	6202
8514	11314
1956	3675
3797	9493
5048	54821
6346	83756
3274	285601
9412	55090
4540	4728
3190	5094
112	57413
6173	6206
6124	6125
6152	6188
2222	4047
3685	3693
672	7153
6122	6207
1173	24137
1639	9493
8729	10945
56919	57647
6122	51386
988	9793
7328	51444
4736	6156
1859	5928
121504	653604
2790	9138
7311	9856
4508	4509
383	671
2147	3481
5435	6634
324	1739
6176	6203
6152	6173
6132	6160
2033	26523
10970	84141
6154	6222
377	5861
183	3357
57530	100506658
3046	3048
3797	10749
1778	6709
6133	6189
1058	64151
2036	116986
2535	4919
2205	5335
29093	51023
2237	10535
336	3698
10629	51616
3191	9128
1285	1286
26271	51053
2033	9739
2205	2206
2305	5518
1604	54732
4540	4710
3355	5733
9276	10427
226	2539
1906	2863
351	2767
51289	259287
6193	8666
9690	57630
672	84464
4172	7298
29127	146909
6201	6228
152	11255
23076	57696
10890	51715
10432	23435
10199	56902
5516	5714
6133	6222
9329	10621
6144	6232
10236	27339
6170	6173
3659	6672
4867	57545
1536	51382
3633	29984
6235	11224
133	55970
6233	55670
8477	9002
219960	285093
3304	3320
10097	10618
23047	57082
4952	54874
2695	5741
84727	122769
988	1660
4514	4536
1500	7525
6204	11224
8687	121391
5430	6601
8514	79895
3491	54972
891	10592
1233	5473
6167	6224
6363	6373
1062	9055
2773	29899
1793	6461
143502	285093
55720	56902
1994	9716
3882	286887
6136	6194
1161	51397
3015	5436
23067	57690
1902	2768
1340	1351
857	858
226	2023
1933	6224
4588	26290
6173	6207
3054	81887
10592	22974
1981	6139
332	5347
990	6241
3187	7536
2539	3098
64976	116540
6426	23517
1394	1816
6144	6224
3361	4283
699	9928
701	10615
11190	203068
6139	6224
3882	8689
6159	6209
3842	10527
1287	8974
6602	55193
50506	90527
1994	79869
5819	201633
6160	6181
2617	4141
3655	3912
4288	11065
34	6256
336	2243
10640	23265
6241	6790
1915	6175
6139	6154
6135	140801
7454	7456
6632	6635
7184	10970
1062	5515
9493	9585
3091	5708
2664	51762
8317	84515
2197	6130
5119	27183
8655	9493
712	7305
117	5741
10274	51143
1981	5725
10484	10802
1906	6548
1113	6855
4852	5179
26091	64750
4049	4050
3980	6119
10274	79172
4008	23327
566	6036
7110	10618
2026	5315
109	51083
8853	11015
51280	54972
7311	55432
4537	4538
336	345
11004	259266
5562	5571
2185	7525
623	2861
6128	6136
9787	64151
6165	7311
988	79595
26190	54165
2185	2932
3017	121504
7316	150726
5093	10523
6135	6160
3921	6208
11190	146057
6161	6181
1783	51014
891	1781
3309	29927
1232	4986
6206	6233
2153	2243
1981	6168
22897	653784
6143	6228
81930	259266
3667	9564
3320	7415
9133	10615
915	286749
89910	154881
11021	51762
51023	122704
5747	375790
2770	5747
8356	8365
4734	26190
3619	24137
3619	55055
6132	6169
9585	24137
1479	79869
3093	22954
3111	3127
990	3832
57154	57674
1933	6206
891	9183
1287	3673
1294	79090
5108	22832
6161	140801
2222	3156
1294	6811
161	3482
7153	9824
4893	27006
23063	23122
1329	29796
940	50943
1121	160518
5688	5702
2768	2790
4067	6776
6144	6181
4008	26190
2935	6176
7311	140801
9133	29127
26190	54778
5433	6426
5430	65109
2625	3169
7153	11004
9133	11065
79090	90411
8655	79003
1605	6714
6158	6223
4926	9793
1062	54908
6202	6233
695	3725
10921	23293
50838	259295
5707	7316
2801	5861
6135	6139
7178	25873
88	4626
9039	10293
991	54908
988	55183
5439	5451
51118	51154
5529	54821
6727	7311
54657	54658
10022	51289
3866	144501
6158	9045
6137	6223
6176	6205
1983	6133
796	5745
54578	54657
6152	6165
672	51755
5149	388531
988	5062
6135	6158
389	30851
60560	80218
439	5694
5717	8453
23350	55749
3921	25873
2197	6222
9493	54443
3609	10236
2695	594857
6125	6189
6142	6181
57787	261734
6203	6207
5905	6232
4734	83737
5708	6790
1234	1236
5981	57599
6124	6161
7317	22888
6132	140801
9700	10592
8347	8365
6169	7311
64928	219927
6167	6227
3054	4899
1933	6142
10523	27316
6249	10540
1131	2769
26525	84639
9126	23279
2197	6164
79473	344892
8337	8970
9968	10499
6233	9887
6203	7311
58506	130074
1398	6714
6147	6164
10933	55257
8453	8945
6203	6231
6159	6175
661	10623
10919	29945
783	10369
6428	6432
23322	57545
2131	375790
6168	25873
9126	79172
29127	51143
51585	79869
9040	10517
3105	5696
133	136
3054	80335
84085	89910
1991	4332
7458	8662
6152	6175
4809	11325
905	79577
1063	2305
5515	10776
7536	10236
5111	27339
22794	348995
5526	8655
9183	113130
54820	146057
11235	25843
3491	11098
5441	51616
388	117289
891	51512
90550	91689
136	2788
5880	257106
3912	6714
4591	65264
25831	57674
6128	6203
8655	51098
7272	9700
80184	91147
1511	6037
5822	55127
2537	3430
6137	6210
6169	6204
6138	6232
2071	2967
6147	6191
3811	3821
388	397
9462	64926
10890	51552
5430	55215
5903	7175
8729	10121
3897	3912
5695	5700
3915	7402
57551	81930
28998	51264
8871	9341
6210	6223
6164	6189
4886	4889
2064	5599
4519	4541
1395	2848
336	2153
1022	5887
9787	55635
9611	23097
6144	6222
11184	27071
10075	54926
1295	5352
2207	2212
9793	146057
22826	85313
138805	344892
3688	10298
1062	11004
6233	7178
1062	9787
81	1495
2072	6233
2920	3569
2237	5111
6428	9410
3304	3337
4736	6188
4519	4539
1164	9232
23304	56658
351	29933
26046	140461
9820	115290
7337	9867
521	55028
6129	6175
6518	10970
3135	3805
2768	55970
886	2846
1043	7512
6934	83439
1062	83540
6139	9349
4172	5426
6227	10952
1471	2519
899	22888
6125	6203
5430	9611
4852	283869
23279	81930
1387	2033
4050	7124
9801	28977
5879	5898
2268	6774
6208	6210
3105	6890
8468	91646
26146	55112
102	1495
64410	80176
10959	22872
6159	6230
8349	79101
6224	25873
7335	55905
3433	4938
6136	6164
23304	57531
9631	65250
1500	5879
6155	6194
219968	285093
5695	5701
6122	6193
6147	140801
830	11127
7919	27316
1453	6206
6165	6170
9133	51512
4701	374291
607	8945
1398	9564
5970	6667
3017	8365
23560	84172
399	257106
4853	9253
54778	55236
7124	8740
2206	2207
6202	23049
3688	8482
81930	113130
2266	2719
1329	4715
26476	344892
7289	23432
55831	56851
6234	8666
3313	9093
6181	6201
10726	11004
23279	51692
3833	9133
5970	51343
988	29127
2960	2967
4088	5594
5290	6667
10112	23095
6167	6170
5879	8853
2491	5529
26168	88745
3309	7184
988	51362
10857	196527
9437	259197
9739	9757
2444	84766
3118	3135
3015	5438
6714	10413
9585	29127
966	10970
7272	10403
813	3912
5694	5715
23310	64151
9276	10749
10291	23658
25831	57154
10014	57459
2695	7434
5194	23600
6135	6222
11339	79682
10427	126003
3912	5829
1794	5880
6146	6161
6224	6228
1915	4736
3017	8970
6176	6194
8581	154064
963	10970
6185	7184
4695	4724
3092	6233
54734	339122
3903	64386
3184	5094
2197	6234
1001	3728
6233	7132
8600	50964
26190	64750
2519	3074
10540	80184
6157	25873
5529	6232
6125	6160
6188	6203
1639	1781
163	24137
6142	6158
56729	124583
4839	55720
5048	81565
10274	113130
3313	5903
7311	57530
259292	259295
3832	9493
4724	29796
3915	6714
6165	9045
6746	58477
1793	6714
23014	80176
2255	26281
2197	9790
813	5954
3312	10808
6156	6171
84648	353139
5054	7424
1548	1553
377	1639
3702	9402
6168	140801
1854	7298
2813	55350
3320	6714
3833	10615
779	27091
5879	6249
11169	84296
5093	51692
892	9477
7311	285231
10920	150726
6850	9564
3683	3695
3191	4670
966	326624
6176	6189
2305	22974
2975	9329
9685	10618
6128	11224
22984	23160
699	5519
983	9972
1576	54600
1524	6370
830	1781
6206	9045
4591	55658
8243	9126
10403	221150
86	8451
1642	79913
6709	8729
3912	59277
5870	81876
6161	6210
6232	23049
57539	79659
9282	84498
51510	51534
2912	4889
4288	51203
983	6502
3127	7535
5869	8027
3133	3659
23244	23279
2521	5725
1499	283149
811	2923
134	6376
5365	8482
3673	3693
5023	5795
6147	6203
2036	8573
302	5834
2205	3702
4686	9879
9276	22820
6144	6235
5441	24148
331	6233
4926	84131
6128	6139
5879	9181
2034	84962
6152	7311
10250	23636
10097	10487
6156	6165
9867	53339
6159	9349
121504	440689
6741	9533
23223	65083
6146	6173
6556	170482
920	5335
6135	51187
899	26224
6124	6228
6461	10458
109	53829
6204	6209
1981	6202
6709	11014
9493	146909
7204	10800
6175	6201
6464	6850
26239	353133
6631	6636
6500	10920
140458	285231
6218	25873
1398	3937
2147	2159
9968	23186
6229	23049
6152	6156
3066	23028
3833	10112
9700	23279
4535	4537
1915	1933
185	2641
7846	10540
8655	9183
5558	11169
920	1234
51143	55055
3675	4233
996	9491
6144	6161
1477	24148
5594	10487
9295	10250
1915	6138
25909	57551
4904	84950
8688	54474
7416	55669
6747	84061
51343	54778
6202	6235
3396	51081
3054	3607
5048	5516
5196	6370
4015	4017
728	846
998	55143
6133	7178
10914	53981
4725	27089
1337	1340
4691	22984
6194	25873
25909	55746
5604	23164
4691	10528
5294	7409
9790	27340
7319	10616
6383	10082
6168	6224
1277	1289
6234	25873
4005	4602
57153	160364
2197	6124
6160	7311
6175	6203
6170	6229
705	23560
3635	5777
10193	10489
1325	10563
6147	6232
6160	6209
5707	6790
24137	81930
4736	6128
6146	6206
57545	80184
9968	23097
8655	83658
6130	6152
1453	6193
7155	8289
2919	3576
10491	85301
2197	6167
10525	29927
4536	4538
6222	6235
988	9416
8760	129642
6139	23521
1981	6230
5878	10890
2197	6138
9044	55814
1129	5733
6632	10465
87	5768
991	9183
1302	1306
23279	25909
81794	339366
4242	4853
6193	6205
6154	6223
6141	6154
5708	5887
5861	10342
5433	55660
813	2519
10236	10921
389	117289
5436	51503
6158	6230
11157	51690
983	5519
29093	118487
6625	8189
25942	57690
11128	55703
1398	10818
83461	259266
5725	27238
28973	55173
9742	23059
6142	11224
1906	7430
871	1290
9276	26286
3993	84612
5594	9612
4734	23291
6137	7311
1938	23521
23122	55746
6146	6203
988	9631
5594	6667
142	5981
3932	29760
904	6667
2617	3376
54908	91272
5862	5870
6207	6208
6201	6233
1969	3055
5579	55970
6137	6218
2491	55055
6132	6209
4734	55008
6161	6232
1490	25937
22919	54908
7316	10920
1933	9045
7018	9829
10713	51692
22984	23195
2048	8976
6135	6173
2197	6135
6147	6156
11316	55850
50831	339403
5747	7852
6228	9349
9978	158506
7314	9134
57405	151648
7320	9604
2790	22948
1058	10726
10489	54778
5023	64386
6193	6194
27258	51503
6218	6228
996	57542
1660	10713
389	2064
832	51226
983	3832
813	10130
1499	2932
388962	654483
6129	6208
4172	4176
6500	142689
8945	9820
334	3895
4952	22905
6135	6164
899	140460
6181	7311
11339	79172
472	64421
4541	4724
2935	6164
6168	6206
1650	3920
6135	6167
6432	6636
2491	5526
4709	51079
7184	9601
1902	55970
332	79902
4288	55143
186	4988
6203	23049
5519	113130
3071	5829
6169	6209
6155	7311
10298	375790
6136	6173
991	24137
891	22974
8356	440689
3065	54815
1062	9371
3683	6518
3921	9349
2801	11014
6207	6228
8615	9570
5707	84962
4584	140453
871	1287
127544	154881
5701	7979
3157	3422
4736	6171
3122	55824
6135	6232
1347	1350
6122	6137
5048	6249
378	5861
393	11015
23225	79833
11004	55355
9570	22872
1337	27089
919	3123
10714	80010
6161	6230
2782	5030
9183	57405
3437	4599
9700	29945
11128	25885
4125	5657
2916	346562
3937	7305
5094	9416
5048	151246
4696	4710
54821	57122
6137	6158
6165	9349
5657	56729
3937	55740
8085	8945
472	4361
11314	100049587
7316	64326
2801	6709
3799	29127
3903	326624
1062	1783
332	9833
604	933
983	26005
2491	6232
4695	9551
830	10540
4509	4540
6206	6232
4734	57542
10965	55825
4726	29796
153	6344
6222	51187
9341	29924
6139	6156
6135	6142
4116	6218
5870	11021
1062	1639
3998	6745
6602	9031
6128	6142
1315	29127
9887	51065
3619	57082
7852	63940
1816	104909134
846	56923
1490	7048
152	5179
1555	1577
6125	6146
6185	29927
3619	10112
5347	10726
1983	6175
6189	6228
6205	6229
1058	55143
6128	6161
1949	2045
6138	6165
1981	6228
2058	4141
1902	8477
5194	7311
399	85360
7337	55175
5903	9126
1981	6201
6201	9887
9136	84946
3859	125115
344892	390326
5741	8074
8450	51122
51088	84261
3191	51692
5566	84902
4172	9700
6147	6173
9212	55143
1634	4314
54908	55055
5469	9967
5501	23332
1439	5568
1062	9700
26354	54475
29127	51014
1603	100128731
156	9002
9700	23047
6159	9045
3713	23581
84128	84946
1778	5707
80168	346606
10714	23649
1991	4069
3123	5641
3832	9824
1495	7082
10592	11169
2911	594857
5179	9210
4599	10964
5700	10213
3937	7462
1445	2213
23160	51602
1822	1911
988	6605
1063	7153
4064	9450
51014	55738
3672	3685
3178	6294
79050	317781
2932	5566
7124	7316
3071	8976
994	6790
6170	6206
3579	126006
996	64750
699	83540
890	157570
5339	6133
6128	6169
9282	9967
5318	5493
6634	22827
8688	8689
156	8477
6169	6232
4735	10540
966	100049587
4543	6751
5529	6233
2633	5371
2691	59350
6233	8239
705	23160
151246	348995
6142	6170
2237	6240
701	5528
55124	221400
680	6869
5394	22803
6203	6206
4829	10886
3188	10594
9510	11096
4702	4710
6176	9349
10949	27316
2099	9687
1495	128239
8085	9757
3433	8638
1981	6154
6237	7525
2064	85440
3157	6307
10484	90411
6870	56923
287	6326
10121	80184
6431	10482
4734	89910
7311	57154
3301	3337
920	8976
3320	5829
54509	445328
7319	26190
5861	11015
1937	6202
4116	6152
4537	4539
6147	6175
3434	3437
23014	55884
23601	57153
5822	10171
7311	9666
6233	9349
6709	9276
6790	9055
6160	6232
6129	6133
6147	6193
6128	6156
9793	121441
6170	7311
2521	10236
22984	23223
2185	3320
6218	6229
6125	6135
54881	55127
6189	6203
1129	8322
6156	6167
1595	4047
3113	4261
6169	6235
8349	23310
6161	7178
3221	3222
932	3689
6729	23471
26043	55666
8648	23097
9875	22984
6156	8667
3881	112802
22995	146057
1515	3122
5777	6850
10749	64837
521	522
11065	22974
2919	5726
3921	6204
11338	27316
3184	10236
1933	6133
1033	9232
2790	7204
699	151246
5879	11156
3619	22919
301	27334
9318	54165
4116	6147
351	7852
1062	5528
6169	140801
5706	6790
3355	5173
6139	6201
830	51014
6142	6160
3921	6155
6157	6232
6139	6176
2247	2260
2695	2784
2197	6176
580	10714
1642	26094
27340	57647
140460	197131
9919	149111
301	9002
6143	6173
5868	51552
1386	6602
1589	3290
6202	27340
4599	10379
1302	1310
1969	5747
186	2913
6144	6155
4717	4725
1555	1557
904	5451
5000	7311
9612	54778
6132	6227
1329	1340
4513	4535
996	8453
3856	3880
22938	220988
10885	25885
699	6241
79980	203068
10153	51602
4514	4540
3543	7441
9730	10293
6144	6168
675	27030
29127	55143
4067	5788
6426	9879
6129	6189
6142	6235
9133	10051
64976	90480
1781	57545
983	4288
7283	10540
1062	64151
1062	2491
330	637
1062	51014
6152	6169
6210	9349
65993	124995
6144	6160
1062	6232
6637	84844
6154	6201
2799	23526
6628	9092
1241	3814
9632	10483
2519	11098
1453	6208
3713	6705
6146	6159
3643	9021
5879	64333
1291	1295
6156	6235
2837	84539
6136	6203
4288	9133
317	835
2832	3827
5347	5905
8412	9564
688	5468
9820	23304
10250	11100
7337	11275
5347	54820
1669	56729
891	55165
1727	5594
6235	55127
1435	1462
1456	7534
7153	9688
6747	23471
701	10403
8337	653604
1292	1294
65055	138883
6152	9045
51081	51649
991	11004
28972	90701
1282	55214
5529	6249
9790	22803
2023	3939
336	350
6374	27198
1314	10945
1327	1329
10946	22826
1665	9879
389	9322
3685	84329
966	9276
861	6595
5393	51010
3882	121391
6138	7178
5589	23193
6175	23521
891	3619
6160	6175
5594	203068
3594	149233
259292	259293
6144	6175
2537	9636
2912	5173
56923	339403
1490	7003
3039	3048
6205	6223
11116	79959
334	3491
1829	5493
6181	6202
26290	140453
6168	6169
81	3688
51023	90480
3918	5829
3265	5604
4509	4519
4940	10561
6678	7057
5426	23594
8449	27238
84135	134430
9883	51692
5795	55754
3190	5725
25879	84294
3843	55705
6117	84515
5660	84061
4537	51103
10576	10693
1488	6934
3240	5199
28998	118487
79954	84128
1937	6138
988	56852
6235	7311
160	1601
6146	6204
2491	5048
23322	79867
4686	8021
23014	64410
6159	6160
6142	6175
891	81930
6164	6170
1022	2810
9793	203068
1962	6233
4540	55967
4736	25873
3911	9459
6152	6232
6009	60673
9076	24146
335	4547
51604	84720
3655	3914
6548	11261
6709	56729
54821	81930
4736	6170
11275	283807
4702	27089
51079	54539
51317	57649
891	1022
6429	9092
29074	51069
4116	5436
4670	23435
4976	55669
25929	55706
6139	6232
11190	54820
10403	64151
8925	53339
1727	5834
26984	81876
1398	9046
3855	3880
4862	79365
2550	51083
5868	10618
23149	51429
10274	220134
4738	55294
3115	3127
10921	27316
521	9551
427	2581
3265	9542
302	10383
6160	6218
1843	5601
1387	9967
6173	23049
1495	3801
1124	5879
23291	26091
23327	51088
6434	27316
3627	6347
2491	3619
6159	6203
2197	6189
833	4141
6122	6161
5516	5707
444	3091
5829	7852
6135	6208
4173	9126
6136	6147
79659	92104
6229	7311
53339	140460
51226	553115
23304	29945
4695	4713
6164	6227
4736	6223
6556	338339
4695	29796
1537	54539
9183	55839
8341	8349
1291	1303
1062	259266
383	3240
2318	54751
701	146909
955	374659
2207	79895
6176	23049
3017	8351
1816	3973
22897	79598
2305	55355
5422	10592
6181	6229
2197	6208
2792	10563
6130	6194
701	4173
6790	9833
1073	54434
6280	6283
5439	6923
64151	259266
2064	7525
3178	220988
51023	219927
6168	6223
6167	6169
9212	83461
9320	10075
2359	11251
6235	140801
4952	286451
9371	10749
81	6709
6428	10946
5880	10298
2147	2243
6130	6202
399	57522
6173	6235
3837	9972
9320	26268
5880	27237
51143	113130
2071	5887
6950	10376
6173	6224
5471	10606
685	1956
8337	121504
4069	5657
2045	285220
719	63940
9883	10898
10802	51014
5887	8450
6432	6628
4172	4998
9232	9787
5878	9341
991	54821
1642	8607
6235	7178
2197	6218
6170	10952
567	3659
1660	5094
6158	6203
11174	170690
991	51512
9493	11127
57674	64219
3903	5795
155	6344
10425	63891
1495	5781
24147	29099
10539	57019
9927	55669
6129	6138
6136	6157
4957	55755
6426	10949
7311	23049
6133	6206
1022	55840
51645	57819
6152	25873
6227	25873
6207	9045
334	4148
6461	9844
3832	146909
5439	6621
6161	9349
6133	6143
8914	9126
4323	4811
83551	319100
683	79895
996	6233
10425	79876
6130	6218
6155	6165
2864	27334
81	226
2242	3718
3908	10319
7136	7170
9787	55872
2917	27199
6152	6224
9055	9493
967	4033
1937	6124
701	4288
6164	6202
2207	160364
6138	6203
10959	55605
9320	154881
8742	9491
7979	9978
338	5948
6138	6208
5693	5695
2801	9276
23291	197131
8514	57153
1781	84962
5566	5970
6426	6434
7317	51343
3183	10949
6160	6170
6146	6234
9742	28981
26589	64928
1544	3620
6037	8635
4543	4852
506	8802
22919	26005
57154	89910
25831	65264
6422	7474
1292	1303
6426	27316
6143	6159
7311	85015
2147	2153
8976	22905
6223	23521
1058	9833
6839	9219
6156	6229
1915	6144
9133	51343
6427	10189
10733	11190
8347	317772
5829	9844
2790	27334
6836	9276
6154	6229
83597	403253
11015	51014
6167	6235
3913	5829
1477	56259
8243	113130
1062	3796
6154	6202
6233	8295
6218	6223
9787	259266
2207	338339
8329	8970
10484	11196
11253	23193
5441	5901
6223	51187
7153	55143
1933	6230
351	9002
6147	6169
1536	23601
6621	79035
187	5196
1859	10238
1991	4353
9133	81624
4609	7022
6631	57819
3838	22974
6146	51187
4775	5534
6227	6235
932	945
6152	9349
5111	7329
5695	6790
4708	55967
3695	8516
6156	140801
6133	6156
4700	55967
4588	56667
6168	6204
5707	5708
7153	23397
4588	140453
64951	64983
3267	26130
2491	9700
8615	10802
1906	5604
10592	54892
8301	10096
1778	84902
6456	9892
6159	6228
5928	51317
9824	10112
6156	6224
6169	6170
8453	89910
23122	23332
5903	79172
3192	6626
988	6602
4343	6233
4514	4537
246	11283
6230	9045
3832	6240
51649	64928
3619	10403
9221	23160
1783	11015
10112	24137
991	5708
1981	6160
3305	10963
332	10112
87	3688
332	151246
23601	338339
5869	51552
90480	116541
8463	25937
6129	6173
88	2890
5347	259266
6204	6235
6049	26224
344892	390079
2791	6915
6139	6169
51343	140459
89910	115290
86	5977
29945	63891
2491	151246
6137	6168
29984	257106
10484	79090
3184	6427
7514	9972
6229	9045
3433	10964
403	84747
1639	10112
1660	3609
701	221150
6122	6157
6228	6232
5702	5971
2696	53831
6045	192669
9320	26046
6133	6205
5438	51755
6161	6188
9277	65083
4332	8635
29127	55872
1500	7409
1129	4543
64979	118487
55662	80351
1398	2185
1655	25804
6993	10755
4717	84833
5594	10971
1605	3672
1329	4701
8663	728689
2767	5330
6635	27258
2243	2244
23014	55832
4713	10632
9793	79867
6165	6169
148	2922
617	10469
57630	83737
6709	6714
26224	55236
2623	6886
8365	440689
9730	64682
344892	390067
2207	6556
3797	10540
28973	55168
6230	23049
10802	22872
6152	6234
10524	10714
715	716
1303	10491
11100	11338
6144	6207
10367	90550
2207	100049587
8365	85236
57082	259266
5578	5588
841	843
2782	5082
1069	27077
6202	9045
3312	7037
3659	7706
283111	344892
3912	4233
22984	55127
1291	3688
6223	27340
6233	7189
1062	23095
2962	6618
3190	27316
5347	10112
6601	8289
6141	6230
813	7184
4738	5693
2197	6188
6125	6143
27125	79577
23526	51816
972	3123
966	3683
9716	65109
3437	91543
6047	9604
3055	5829
5516	79172
5717	6790
9700	55143
6188	65008
6147	6228
4513	4539
55055	57551
9021	57674
6139	6209
6637	51639
7057	7424
6157	7178
3875	144501
51604	128869
6130	6173
4718	4724
251	152330
377630	401447
7158	8243
1601	8322
1105	23168
1650	6122
991	5905
7532	26123
10869	63891
8453	54165
3486	11098
5716	9491
51109	54884
146	2922
10254	10552
336	5948
9045	10399
7311	25831
10799	88745
344892	390058
6158	6193
2958	79035
4738	6923
3799	10749
8945	80204
2280	4088
7979	139285
1327	1337
79003	81565
3055	5788
9133	9232
1387	4205
55142	146057
2935	6169
846	259293
8175	10181
5515	54908
338	2266
4111	158511
1364	1365
7516	348654
3921	4736
8875	55350
51096	57696
7415	10383
5725	8661
7057	83706
9348	10082
51021	84545
10802	100302736
3725	4208
1314	10427
2963	11193
3071	10552
23332	80321
3375	7253
6132	6222
6210	6222
833	4677
8106	29894
79682	387103
2932	5519
29093	65003
3903	5023
6601	55193
5435	6633
4736	6201
2817	3055
11252	29924
4088	23327
4297	6874
6629	84844
2197	6155
10466	11014
3886	121391
6158	6173
3561	6464
116	94235
945	79895
55749	79869
3109	3111
2846	4923
6146	6160
6136	6208
5706	5714
6141	9045
6137	6138
7311	9020
2071	6830
4214	5600
5441	9978
991	5347
712	714
1659	9716
1129	5173
2521	6626
996	5699
6133	6227
57381	89846
1072	10487
10749	51479
963	6518
2209	3055
204	4508
10618	51246
23327	89910
161	163
712	713
26190	197131
9739	26523
6141	6193
4540	4700
29088	51264
332	7272
1994	10498
2799	5834
6159	6188
1717	50814
6176	6208
9887	25873
3303	3320
7409	23533
5547	326624
945	100049587
1536	5023
2792	3763
1476	10394
26531	344892
2358	53829
10491	10536
6128	6167
10972	51128
1956	5829
4233	9564
4707	4726
6135	6143
1233	2359
9133	9493
344892	390084
3827	51156
988	10236
6169	25873
5725	10949
6500	8697
51096	84128
6142	6210
988	3837
963	5795
3915	4811
8515	22801
23521	25873
5558	10926
9126	57551
6157	6161
3074	6386
5747	7409
336	462
6154	6170
972	3113
6916	80142
8347	8969
932	966
6170	6235
54821	151246
6218	9349
3685	3915
345	2262
54577	54578
11252	29993
11343	57552
10970	11001
9493	10749
1639	8729
9133	51203
4701	4713
3482	22848
8915	29775
4694	4713
9648	10466
521	4726
10403	11169
2975	10621
5436	85437
301	2790
1398	4233
6143	6209
351	3491
1983	6205
6175	6207
1293	1300
9343	10236
10075	54620
3931	23659
932	3903
5870	7110
4233	64759
3822	8302
2776	27334
6142	6171
1277	5118
197	3698
1058	11339
28514	54567
6173	11224
6128	6189
1233	94235
641	116028
2247	5594
1173	5878
7097	7124
3635	3718
5928	57459
26589	28998
3895	11167
1398	9844
701	990
6133	51187
121391	286887
6628	55110
1387	27327
2792	26338
1479	6429
8544	10787
1329	4726
857	284119
1824	1832
6194	6203
2033	23067
187	6370
2801	10972
5929	8085
5422	10714
1303	5352
2197	6156
699	10403
26224	283807
1062	10749
25977	54885
6161	6165
4513	5970
2817	9672
891	1783
3122	3127
6136	6201
5332	55970
3094	57649
6224	140801
8365	126961
988	64682
4700	4717
9967	10432
9037	23275
5335	7462
3931	4023
967	25798
3655	3675
7161	9134
6218	6233
4736	6129
4125	8635
65264	143279
4889	6751
23355	27072
963	966
1778	4735
3491	11167
10112	11113
6047	23291
9655	23291
6229	25873
6629	10946
389	23526
5565	51094
4862	5054
6156	6175
50835	51289
115290	154214
5707	7415
4171	81620
6130	6154
11065	25906
4686	10594
3713	6699
51118	80135
1778	4867
1994	9879
6202	6209
1315	2801
3312	10576
6201	6208
10681	11245
64963	116540
9611	23118
6156	6228
5430	11338
6233	143279
9700	348995
26005	84131
701	10051
6155	6204
5519	54821
22974	81610
6182	51081
10920	55884
1208	5406
6217	11103
10885	27340
186	84539
1337	1347
3183	3190
7272	9833
6207	27340
2197	7178
60	84790
6210	9045
6144	6234
2537	4940
56945	57129
6233	54778
9938	29984
10460	64151
6181	9349
394	7204
6165	6229
904	51755
4116	6202
6128	6171
1894	6790
11004	54820
4535	51103
6159	6206
9493	22974
351	59340
5880	9743
4940	9636
6173	6208
25885	64794
3797	24137
1230	2833
22919	57551
2641	10203
5829	9564
1942	2268
26268	57531
6128	6188
6233	151636
5702	5708
5111	6117
1452	6500
7316	100302736
5702	51512
1434	3838
5054	5329
6193	6231
1660	11338
6429	6434
6207	6229
857	3688
1555	54600
8945	55832
2247	6385
10489	22888
1084	23601
163	8301
3683	5788
2932	3611
4088	7048
9672	64131
6129	6136
2197	6169
4734	23327
5872	8766
1915	7178
6194	6235
5422	9126
1289	5118
6790	9787
400	23041
90293	143279
25885	55703
4171	7298
3191	9782
55066	57546
2147	3827
722	725
5067	23627
4641	10890
6147	6235
6210	25873
53354	60490
7283	22919
377	9371
8563	23225
5869	6233
2535	8324
5590	6714
5879	257106
4332	4353
1387	10498
2209	10152
4236	10291
4736	51187
6157	6235
27339	57461
6228	10399
2358	170482
3119	7535
991	55143
1933	6181
6233	56254
6144	9349
6128	6154
2059	5294
3921	6157
3676	5829
9092	10946
6160	9349
8658	80351
6117	10714
3579	57413
6453	9341
9183	9585
6142	6167
4736	6138
3190	9716
11339	100526739
8945	154214
6233	80351
6138	6193
6169	6229
1362	3482
1129	2912
928	3688
26091	57154
1356	54757
4670	27316
5331	27334
23014	79791
51320	55175
1364	100506658
6147	6209
7520	55183
6147	6204
29074	219927
6228	8662
4738	28991
3978	4171
864	64750
351	8698
57082	79172
5829	7525
50838	259287
3191	10432
3832	9585
6168	6229
6128	6135
2801	10959
1736	10813
10890	10971
8243	10051
5440	80349
3920	84061
1982	8672
111	9283
1081	3623
9655	10489
27095	149111
2735	79809
332	2305
10921	10949
3055	5336
8945	143279
9564	54518
10403	83540
4697	4708
1069	79867
53829	57413
3912	3915
5747	9564
988	5725
4712	4724
8974	29920
6152	6207
9436	259197
6201	6207
10733	26005
3301	10808
338	462
9183	81876
6147	6227
3191	11338
6129	6161
695	2207
4538	25915
6885	23118
6204	6230
6396	9871
56478	149986
1351	9377
6137	6155
6667	23248
6167	9349
9918	54892
6155	6209
6154	11224
6209	8562
10885	81887
6206	6234
6170	6230
8085	57690
1660	3190
6142	23521
23423	54732
514	4726
3611	63916
991	998
7756	64149
6218	11224
187	94235
1499	5781
6124	55629
2123	2124
5329	5795
3491	51280
1639	24137
6135	6154
6737	79754
2359	94235
1642	56852
25885	83743
1902	50865
4637	10398
4726	9551
5529	5699
3914	375790
55279	285237
6147	6165
1605	9459
6203	6209
3178	4670
10767	22894
2935	6189
6272	11319
6138	6222
1453	10484
1983	23521
501	51166
3624	10272
7305	10870
1937	6142
25942	57649
3030	3032
885	3061
6737	146330
9978	122769
29093	219927
6132	6727
55355	259266
6125	6181
2521	27316
4332	6037
9045	25873
11314	79895
4116	6173
9045	9349
598	6774
10900	284069
3178	7536
8451	51514
140453	192134
1605	55624
983	129401
4939	10379
4713	4717
1933	6189
521	27089
1981	6135
6204	6223
4298	9646
10540	29127
1241	7204
991	995
6173	6230
1915	6159
6155	6159
5878	8301
55720	57647
6372	9568
1398	5599
6128	6146
10112	26586
54998	55052
5868	57403
3619	54821
2863	7204
4709	4713
1650	6836
6210	9887
3684	10970
3796	5515
1783	10112
5747	7204
1738	4191
6628	6629
10970	326624
991	54778
7316	27183
84870	343637
5905	54821
9879	10949
4694	27089
891	5515
8365	333932
5189	7311
966	6711
2863	5332
999	3728
2197	6159
4297	51230
5795	326624
9276	11014
3619	9972
5690	8742
1956	3084
5119	9798
9700	79172
6160	6235
24137	54443
9133	55355
4886	5733
2837	5331
11274	23586
57413	59340
3688	3918
5571	60673
338	345
996	1017
8775	388552
23601	160364
2207	199675
9126	348995
26268	56658
7456	10787
1559	2326
26539	344892
1994	9416
3911	3913
26285	149461
7919	348995
2935	6232
3559	3560
9126	23332
6147	6189
5869	115827
6222	6227
163	5878
10283	23517
779	10369
3550	9128
7329	197370
1062	81930
3886	8689
4148	10272
51289	259293
324	5515
5048	55055
4288	6241
9183	79980
6136	6235
1121	51715
8347	8356
2316	54751
4288	7272
1072	5216
5094	10285
151648	348995
4707	54539
6363	10563
4508	4539
5708	7415
6135	6223
6164	6235
10382	23332
400	25839
6142	6193
3895	5954
332	7514
1111	10524
3105	3659
6132	23049
963	5023
10121	26123
6157	6189
1292	5351
4905	9827
9416	51729
8087	9444
5983	8451
6453	8976
891	1062
26190	55832
1282	5033
1069	4867
10285	55749
6128	6194
9491	161742
2935	6217
1500	3801
6637	27258
8655	55839
6203	6205
3422	4597
7316	80176
10193	25831
391	9901
2801	2804
7337	23309
5422	55388
677	56915
6233	8976
3107	3134
3691	3909
55127	79954
5547	5660
60	1072
4312	4314
6130	6175
6218	6727
916	940
51143	348995
6222	9045
7132	117584
813	10970
10466	55275
8570	10657
6790	9491
10970	338339
3181	10594
1002	1012
7343	9112
6154	6203
6136	6142
10970	64386
6155	25873
3689	3693
5422	79892
6138	6154
22974	121441
4090	285704
10949	220988
1653	25940
7110	79571
4670	5725
7311	10110
1830	6699
6161	6228
5657	6037
6631	84844
1329	1347
6167	6168
3855	3875
3113	3123
123099	340485
6432	10946
1639	2697
51399	51693
54742	257194
1291	8974
5797	25945
6138	6218
6168	9887
9276	51014
2972	10621
2776	2837
3312	3320
7319	51343
636	5048
336	2262
10097	50618
9493	10540
51203	55143
6167	6201
10576	55970
4281	4940
345	4036
335	2262
6135	6176
177	351
9837	11169
22974	29127
6430	57794
2268	9564
5518	6235
6189	9045
4670	11052
5725	10657
6209	9045
5347	54892
11103	51575
51289	259292
3362	387129
2317	54751
1282	1292
5566	7283
6667	8648
9282	23097
1137	1141
160	1213
10489	55832
84902	347240
6164	6168
6133	7458
3913	3915
5515	64105
3687	53831
84902	91147
9184	57405
10112	81930
988	5983
2197	6202
6167	6206
6193	9349
23197	56729
10155	80110
6161	25873
8843	338442
1508	1514
1933	7178
6128	25873
26589	116540
6158	7311
6208	25873
6707	126638
1329	9551
9978	285231
2132	6385
1944	1945
954	158067
2064	3320
83540	259266
10857	326624
680	2798
10403	220134
890	5519
5526	5716
3921	7311
8945	89910
10890	11021
3921	6168
5516	5598
2792	128366
6223	7311
3909	4233
6159	6165
2268	6714
25937	51421
3185	51692
2197	4116
8945	23014
6142	6169
643	1268
6143	6155
6173	9349
5347	81930
4495	4496
1063	9793
701	26586
1398	6850
23059	26146
9320	89910
3240	5005
2042	2045
2131	2817
2740	5746
7454	10552
79172	348995
1911	57504
108	283869
5519	51400
1434	7514
6156	6161
1364	137075
4736	6193
3619	9184
1665	3191
6175	6189
54820	57787
3796	3799
1994	3192
1457	1857
6193	6232
197	335
6189	6208
285093	391211
4809	84844
3685	3912
3113	3127
4736	6141
8453	9320
4809	51065
3833	81930
1287	80781
2623	3674
5528	151648
341276	344892
60	2597
3190	79869
8453	56995
399	26084
3681	22801
9556	84833
351	7184
6934	283149
1660	5725
6385	375790
6711	11014
3351	346562
4317	6947
6202	6210
6141	6158
4116	6135
6189	7311
6700	353133
6455	29763
23291	54778
6133	23049
3710	10235
11004	83461
727	50835
10945	10959
3123	4261
1739	5290
336	2266
9221	84172
2980	2984
4927	9212
623	2357
7169	29767
4736	6137
2792	6752
3190	57794
1291	3685
1277	4060
3921	6160
659	4090
3491	3913
1315	9276
1499	5708
6189	6202
329	5708
51465	51676
5111	10714
3071	10787
3178	7919
6205	6233
6136	6206
966	64386
10236	79869
1981	6206
6230	6235
6129	6203
7298	10403
8945	285231
971	974
4712	4726
9787	10403
3939	5315
259	2266
153	796
659	64750
3184	10189
945	6556
81	7791
26284	64965
9126	55746
6167	11224
899	9700
3915	5829
10802	10959
3827	5020
6133	6232
4677	8565
4508	4513
6168	6232
324	1857
1994	55660
6164	6217
259	3698
5437	23524
4736	6202
1577	1579
983	51053
2305	9133
285093	390191
3301	10963
5529	57551
5716	6790
1315	8729
23149	115548
988	4436
5725	7536
6159	6229
7343	57459
3190	9128
1778	5861
8175	84811
10274	151648
1857	55361
51079	126328
3691	4233
3185	10236
6184	29927
7415	203068
6790	10540
3178	27316
8826	128239
344892	347468
81	139322
389	90627
6124	6224
3491	4148
5708	51330
6234	9045
2623	2811
10403	151648
26589	51023
8969	126961
6160	25873
6156	6222
10959	11014
5768	84141
6189	9349
904	5431
2033	9967
9382	100302736
6272	9500
830	10466
10051	10592
9221	25885
258	5179
100	4907
2767	8477
28981	64792
10905	23193
6129	6147
10952	28972
3911	6382
8802	8803
6129	6164
60	10095
64976	64979
10802	51128
23327	64750
86	1642
197	3827
4049	115650
5985	83932
400	57511
25885	27340
983	5000
1915	1937
6146	6167
1303	10536
7316	8323
890	10733
11187	64065
23160	56902
1595	6307
8861	90780
6223	55127
841	1281
1315	11127
871	1292
6747	60559
84676	140456
2843	151306
1778	81930
5878	54885
1121	22930
197	2147
4736	6230
6170	6208
5516	5519
2305	10112
6748	10952
3913	54972
2935	6203
60560	80155
9564	10044
1387	25942
72	58498
55166	387103
1462	10618
5473	10321
2237	23649
6144	6164
6235	9349
1605	375790
7525	9844
4736	6154
8243	10735
130	10720
9493	64151
4175	81620
516	10632
11004	24137
6133	6139
6146	6230
2790	55970
6128	6168
971	973
3098	5236
1063	5501
6453	10552
2788	5331
5599	9043
3921	6234
6135	6152
6125	6194
4088	7316
11224	23049
5869	11021
8843	27198
6776	6777
1478	56259
9700	10051
891	994
6122	23521
335	2153
2243	51156
4540	4713
1453	6201
102	160364
1576	2327
2672	6688
1387	8085
2966	728340
6203	6218
6128	6152
11103	88745
6790	11065
867	26130
10193	197131
6167	6230
4194	9099
5347	7153
3912	11167
2935	23049
377	29127
566	4069
6616	8673
1778	24137
10970	11098
4713	27089
84962	121441
10959	22818
10949	84991
6217	6232
6625	23450
7531	10540
4535	4538
6632	57819
6185	84061
2912	4543
5435	11325
3837	7175
6635	6637
9276	22872
7272	64151
1398	1793
9410	22826
3181	3189
6189	6206
7454	8976
6144	7178
5347	22919
8548	64746
991	79023
6208	9887
5879	7454
55781	84135
1991	5657
9144	11322
57105	94233
1063	79172
4536	4540
23095	24137
26190	56929
9493	29127
6155	6156
864	7004
146057	203068
1832	3728
7004	10413
1605	3688
3872	3884
6164	6169
1956	2059
9787	10592
7317	140459
11014	11015
7311	8290
6135	6159
1500	4646
51373	64951
27134	100506658
6138	6144
1233	5196
55168	219927
11174	55901
3685	375790
6137	6209
7004	25937
1278	1634
1387	6938
9183	79003
2189	7398
4641	5879
6672	10475
5435	5439
514	10632
1781	57511
6169	6233
1937	6188
6453	51429
3833	9183
6830	9646
10594	23450
572	7531
3156	6307
6629	6634
2957	7702
5196	5473
9276	10484
4706	4717
3190	4670
4069	6037
2919	5806
4627	10092
813	6790
1783	11014
9847	23265
3685	9564
3192	23020
23350	79869
3684	3687
6222	7178
163	51429
174	2266
983	219771
111	799
351	1234
1910	2865
6152	140801
8106	9410
988	5094
174	2243
3017	8337
51728	79622
10112	55635
6442	6444
10458	55740
3832	51203
6189	6224
6155	140801
1213	10254
3376	8565
2535	2790
1062	10403
1062	9585
1062	9793
2246	2247
988	3326
629	4179
10383	653784
7478	7484
1291	5351
5788	6688
4725	7381
4538	4540
796	797
5592	8654
1981	6210
3663	4281
6207	140801
6233	6234
9341	25977
7311	151636
5720	5721
440	2058
988	5985
1933	4736
6728	51121
2801	81562
6169	6207
58	60
1058	22974
1741	26037
6709	124583
3836	3837
3320	7531
6164	6201
57678	253558
3903	10970
6189	6229
8337	8349
80321	121441
9978	81559
3714	4854
643	64805
1915	6124
6188	6235
6181	6222
6161	6193
3837	7514
521	1350
9662	79441
9133	57082
87	51097
890	29127
6139	6155
4710	29796
6209	6230
1088	338339
10466	79571
8925	10489
9371	29127
2865	84432
22919	79980
10102	51021
6155	9045
6193	6230
5700	5705
161	24137
6136	11224
1856	29763
23511	57122
6133	6207
887	5020
6165	23049
54960	79833
6203	9045
50834	338442
1601	8027
6227	6230
50835	259292
6209	9887
8329	126961
6209	6229
6189	6210
2817	4035
4947	5716
4512	4537
50838	259293
10933	64769
11339	22974
2322	6688
4508	4540
1121	326624
2359	56670
3685	10857
1277	7373
3921	6159
6155	6157
6176	7178
57082	348995
6181	6205
6556	196527
55055	81930
1857	27130
9967	23097
6147	6170
3181	3185
5879	10552
2033	27327
3119	3127
551	6846
1956	115548
8907	10053
6714	9844
4361	6117
3265	7533
6500	9134
7204	8976
7311	10111
55614	146909
10540	121441
9585	81930
4803	5923
10970	11167
5747	9844
6133	6233
1660	2521
4609	7020
338	4036
1043	2350
5328	5329
25831	140460
6168	6202
5771	6464
6159	6169
1915	6222
10574	10963
6167	6175
6629	51340
8349	8365
64928	64979
595	4609
6157	9349
3122	3662
3683	5023
9382	10905
8450	50813
54908	64105
1902	6372
6125	6168
64151	83540
6631	6635
29927	58477
1174	10016
6146	6233
5684	7979
7311	11059
5868	7879
4332	6036
800	10398
1292	5352
6201	6223
1660	3185
5954	10970
1084	338339
4926	22994
5528	23279
329	51330
972	3122
9700	10615
3685	6385
6698	126638
6169	6176
3491	3685
79867	121441
7057	170690
6125	6233
867	5290
1237	5173
6204	6232
6142	10399
6170	6218
988	60682
6207	51202
351	10272
1121	79090
6165	6206
22803	27340
1230	2790
6155	6176
6811	9117
55832	90293
64781	340485
1857	2932
996	4734
5501	23122
6152	6159
4508	4538
8767	23118
4508	4512
5725	11338
6142	6152
6233	23049
51023	116541
7456	10552
8349	26147
51382	338339
6165	6235
64979	219927
1062	1315
6793	10857
6135	6181
4040	8322
2064	5747
1665	11338
301	5368
6210	6218
23332	57551
6171	6231
6122	6158
506	3313
1857	5528
6176	6727
9212	9787
1048	171169
3107	3659
55055	348995
3340	375790
6154	25873
6181	6208
23014	143279
988	23595
54148	55168
1669	1991
1453	8945
6155	6208
5861	5868
8322	22905
9655	57542
26091	26190
1291	10491
6232	54820
6189	6193
6147	6208
25831	197131
10403	51143
6667	27327
1290	10536
5094	84991
6142	6209
1902	2185
3200	5438
6154	6164
929	7097
10155	201514
11130	79172
26232	55527
3192	4670
3312	5441
56995	154881
6520	8140
6628	8683
6159	6193
7044	51097
6168	51187
6233	64410
1398	3685
10733	79959
6147	6152
3270	147111
3853	3860
51	55825
6209	6227
324	6233
4736	6139
1282	1295
6230	7178
389	4659
2935	6136
9411	29984
55125	79959
8463	10413
6233	10818
8924	10489
3913	5954
6155	6234
22888	57542
1910	6863
2935	6168
1062	51143
9551	29796
116372	257194
7311	114987
5437	7874
4297	6045
6229	6233
5048	79003
5294	7852
2064	5364
10388	25777
23585	54741
6432	6632
183	51289
6161	6223
1303	55214
6396	8655
10735	57551
4343	4853
4709	4726
920	3702
22974	83461
23376	84085
7337	51132
56165	136991
6146	6147
351	27242
102	813
6227	6228
1778	3831
1490	7004
4837	284119
332	29127
6170	6209
5501	79172
5029	5724
6135	6147
5469	10498
2525	10331
8341	8969
6230	140801
6154	6218
344892	387748
6142	6203
6130	6157
6189	6201
4947	5702
6432	6634
163	8976
9128	51340
64151	157570
6218	6230
90480	116540
6500	7314
80328	116372
553	64106
2814	51206
5862	10890
636	22930
6157	6203
351	55970
7042	10490
6233	57674
2635	6672
10484	51014
4670	9343
6227	7311
9341	23149
23322	121441
3619	8243
2537	4599
10083	257629
9969	10499
6164	9349
6790	121441
3843	10527
116	4914
9436	9437
1902	63940
9416	55660
2033	23112
6224	6234
8349	8970
79023	129401
5476	5834
23014	65264
4240	5954
5422	9918
23279	23332
64682	90025
113130	348995
140881	245911
389	11156
988	55215
3918	6714
4690	10152
6222	6232
4008	55236
4538	4712
9320	151636
6173	6202
5516	151246
10121	26005
6210	6234
6146	6218
2491	9793
5528	55143
3190	6434
891	81876
1287	55214
6154	6234
6137	6181
2185	5579
2491	57122
726	831
9320	10193
1088	170482
5594	51316
1453	6224
6181	6209
10155	284309
5872	6764
6874	83860
4540	25915
9833	259266
3055	3702
7476	7483
6204	6227
5223	7167
1062	113130
5515	6249
23586	83666
6921	10987
1088	2358
1315	9570
2521	51692
6790	24137
7311	10818
5518	5976
353139	353142
3105	3135
23160	27042
5441	10622
8351	8365
2801	5862
399	10144
3690	3791
4867	79600
6173	6175
10426	55755
9410	55954
7204	60675
1062	1063
3183	6432
993	84126
6709	7077
1937	6133
1642	8450
160364	199675
1902	7852
8924	80196
161	6233
2209	10787
3914	5621
3267	5868
5879	10458
6923	285231
5718	6790
3685	6850
6169	6208
471	441024
8697	23291
6167	25873
27340	55720
990	10592
6138	6167
3178	3192
6218	27340
398	5880
6232	6235
4528	28973
8243	79172
8688	121391
1981	6233
2168	3158
3635	5579
1994	10949
3320	9844
5062	7402
6133	9349
286	6708
5339	6164
6218	6235
5566	8826
3921	6138
3931	5338
1958	4665
8453	22954
4700	4726
3920	80331
2079	6428
57332	84733
991	9232
6139	6152
5526	9183
7334	11065
81797	344892
3675	3696
4735	79867
6602	6605
2962	8175
51132	140459
8329	8341
6142	6230
5528	9126
9833	11065
7531	10383
55008	64750
988	9774
7398	55215
811	5589
3185	84991
2033	81857
8243	57551
6138	6189
2200	84141
11065	51343
6176	7311
6429	22826
6168	6231
6157	6175
10071	50614
8607	54881
118430	727897
54663	84365
6130	11224
6175	6181
22794	23398
9604	22954
80155	80218
22930	25782
4144	4548
6143	6176
6206	6218
102	3895
4736	6135
377	11014
372	1315
3561	5599
5501	57551
3675	375790
6139	6230
727	51289
6790	10383
6205	23521
5528	5702
6168	6222
147	5021
6142	6168
6432	84324
6209	55127
4584	4588
7311	11224
226	5806
22974	55143
5708	5970
6229	6235
7314	26263
5777	7409
1495	5868
7381	29796
6160	6210
3362	5443
122876	594857
5929	23067
197	338
23533	55361
5438	51639
3903	8514
6170	6189
79019	85236
3105	3660
6714	8976
11051	85313
1387	8289
6430	27316
5768	11167
6626	51593
10749	11015
4584	192134
2153	51156
6233	158506
2033	55904
226	2821
6189	6209
6132	6165
9700	57551
163	6453
6829	55726
684	8638
87	10490
23291	65264
3660	5696
6228	27340
3683	3693
6124	6159
567	3133
3921	6142
5716	5970
6157	6168
6194	23521
5266	6707
6750	6754
2770	55970
1717	6307
5872	23265
5290	26127
6136	6169
7520	79840
1630	137970
6950	84617
6801	7871
9787	11339
6209	6218
5688	5705
22905	29763
983	7272
3909	9459
6164	25873
6135	6194
6139	6185
5702	5970
10613	11160
5594	8826
7032	7033
6138	25873
1778	10577
4736	6144
23279	53981
5604	7316
6141	6147
6165	11224
7538	9261
727	10022
5518	6167
8450	55832
10155	79943
996	5717
6181	6189
6143	6193
6132	6235
9126	23122
6147	7311
2521	10921
55165	259266
3357	56923
383	56729
351	824
1269	59340
1062	10121
3921	200916
6790	9493
1069	7316
5230	7167
10540	84962
10574	10575
57405	79682
10615	22974
6165	6222
158506	246184
3939	7167
6165	6168
9604	83737
3190	3191
3796	10735
6128	6227
6426	79869
5335	8698
6233	55666
3192	10523
2168	2169
2664	79090
10413	25937
259287	339403
1857	6233
9133	10112
2242	5361
896	3717
3054	25942
2197	6152
7311	55669
7337	23291
966	10484
830	55604
6619	10623
5518	6228
3482	5868
1063	4288
27340	84916
6209	6222
6701	6704
8074	8404
3688	3693
10803	50865
440	2617
2847	594857
27316	65109
3685	199675
5725	84991
3433	23586
1499	23291
6201	25873
824	7525
301	302
5707	23526
3014	8726
996	51132
6129	6160
9318	51122
125988	440574
5707	5717
399	445328
4904	22826
6201	140801
3553	11213
4172	10036
4670	84991
1605	84892
9700	10735
3429	8638
811	5034
6154	6235
6118	10459
10594	11338
6137	6167
4700	29796
988	9533
6878	8295
112	1269
4541	4712
2246	7316
10394	56729
6288	6357
3728	5493
3836	22974
1656	54464
5768	7424
1103	162466
973	974
1665	23350
64386	84329
5901	729857
55832	154881
3191	9716
5441	6628
1345	7381
11017	22826
6193	23521
50865	64805
6133	7311
393	11014
5707	10575
133	2790
10383	84790
2197	6161
1969	7525
4709	27089
641	2189
2107	6176
2783	6752
1676	3837
27258	83443
6133	6209
9553	51650
7124	10673
83666	151636
10618	26130
6122	7178
3118	3662
11190	121441
6128	6138
9793	11004
84131	347240
3071	7454
6155	6181
3181	5725
6159	23521
6431	8480
10094	10095
9928	11113
6146	6227
2222	4597
553	3062
6203	6208
6143	25873
3655	6382
6430	6432
1084	160364
5558	8317
5286	9685
9972	348995
1933	6204
23223	64318
10274	81930
10970	11322
3309	6836
23244	55746
3673	6382
4734	9604
3698	3827
2197	6133
57405	348995
9493	51203
3619	151648
51382	160364
3174	6927
6124	6202
5716	83737
6222	11224
5708	64750
9410	10250
4904	10465
10681	338557
10193	80204
26235	90025
10236	10946
23517	84135
4867	27077
5905	9133
5694	5695
2268	2817
6171	6234
966	11314
9793	347240
891	64105
3422	6721
2805	3242
1268	9294
64386	79895
6224	27340
10577	56729
6194	6233
1500	84962
3320	10808
9133	64151
5627	10461
1478	6629
8131	64121
2792	388531
6169	6224
3619	81930
6136	9349
51350	112802
3111	3119
3832	5422
8189	23524
3838	6790
51014	64837
51088	55832
6599	6602
6168	11224
3107	3133
7409	10458
6147	6207
7042	83706
6222	6229
5708	7316
187	11251
5657	8635
635	29958
3659	5371
8349	653604
3911	3918
3122	54331
701	23397
813	3915
89910	143279
6142	6206
846	259295
10487	11344
945	222487
1295	1303
3833	29127
6167	140801
6147	6201
1781	6249
7099	387522
6426	6430
4171	4176
6746	28972
6202	7178
5657	23197
4035	6385
3921	6128
1994	10291
4513	4519
6222	23049
6206	6209
1956	55914
6176	23521
10291	10949
991	55236
9092	51340
3437	9636
6157	6204
2801	51014
990	5347
966	199675
2873	8607
3690	5908
7311	25873
701	113130
6168	6228
988	7919
3609	4670
6137	6234
6161	10399
7337	51320
26290	56667
207	3265
990	9491
1662	10528
3688	3913
5880	80728
10199	84946
2033	23774
6168	6205
5149	54714
2550	6363
5699	8945
2491	5519
4689	653361
7319	54461
4709	55967
813	1000
335	3827
8351	121504
389	57449
26146	92104
3320	9564
680	3358
6137	6233
566	4125
6155	6235
7450	54756
332	1058
513	374291
6233	10111
6122	6143
2956	6117
3949	5868
3066	9014
2099	6387
10489	51343
2912	6751
389	29127
1269	56670
6122	6135
1314	10802
23224	23353
6146	6235
2535	64750
5725	10492
3133	6890
6370	11251
336	338
3312	9128
3181	10236
9318	27252
7158	7311
3903	57153
5111	7027
174	6694
208	2475
966	5023
4928	7514
2768	10681
1315	9371
1111	8317
846	259287
11169	79915
3688	375790
7311	57674
22974	259266
3838	4343
6231	25873
3675	3688
3437	4938
7412	388646
22919	121441
5694	7979
6159	6234
6147	6229
6188	6189
6125	6133
1894	9833
5928	9070
6154	6155
22888	26190
3191	3609
890	11339
6628	10236
5529	7525
5725	9716
6625	23524
8337	8341
7316	54677
6205	9801
6165	140801
320	5864
998	79980
6156	25873
3491	7184
1870	5928
332	57551
7336	7341
10121	653784
3178	6421
6233	23168
8243	23279
3797	92104
6156	9349
79132	91543
1237	9934
1937	6207
6152	6235
9655	50813
846	3357
23283	27316
991	55355
1662	9136
9700	113130
1062	4288
5865	23011
8337	317772
10592	157570
8615	10959
26005	84902
2207	5338
1956	54206
351	1241
6159	6208
6790	84962
11218	23511
117	2792
1453	6229
332	259266
420	58530
6233	257397
1050	7124
5330	60675
6176	6181
9793	113130
6202	6228
6176	6218
6205	53918
813	3569
4993	344892
2848	285601
2033	25942
833	8565
9371	10121
2197	6129
1956	10413
64682	84085
4536	25915
4738	7314
514	4509
5179	6751
776	27092
4514	4519
23304	26268
5411	51747
4543	5173
54973	79664
324	5529
111	1812
5878	11021
11251	56670
4288	259266
6637	11157
22984	65083
3921	6231
3675	3693
3693	5829
6125	6144
4952	6233
4171	5111
6154	6193
3202	3203
6161	6194
26268	56995
728	50835
2204	23601
2316	3688
695	2206
3635	5286
3183	27316
6229	140801
5708	5716
9294	64805
2185	5879
1191	2162
3340	6385
23279	51362
6147	6218
10403	11004
2833	6346
6142	6165
6125	6206
118487	219927
5529	5903
6128	6235
338	4547
126638	147409
6161	9045
29945	64682
9295	9410
6427	8106
6124	6158
120796	344892
6518	196527
6189	8562
2033	8085
5977	57492
6829	54623
1121	81846
1605	3912
274	11252
6143	6231
3309	9601
523	155066
47	2799
27339	55702
2695	2792
2197	6170
51	5194
6201	6232
5116	27229
1783	22930
6188	6230
2186	196528
9527	84516
5928	192670
5878	6455
5903	23279
6157	6165
6228	6234
1933	6128
6249	8826
6206	6229
945	5023
4829	5737
1478	6628
6207	6232
6233	65264
1241	2767
4599	91543
4905	10905
51650	54998
6218	23049
6144	6206
4088	5784
974	100423062
23304	84085
8976	10254
6136	6160
5908	7094
6133	6229
334	3915
991	2491
3091	6233
6233	23014
2683	2720
2932	5714
10726	55143
1236	4544
7170	10174
11251	94235
9031	221830
2621	83706
3184	6626
6601	57492
2162	3688
51166	125061
10930	29974
23223	79039
6152	6231
6137	6230
6167	6208
1291	10536
1453	6233
9716	10921
80018	80155
6428	220988
6201	9045
3184	220988
7409	653361
6142	6224
5528	9918
6146	6165
2919	2920
2918	4985
23304	90025
60	10093
1445	7525
4617	4618
6181	6230
3458	6775
27042	55127
1536	3685
4624	4635
2521	57794
90	657
6139	6147
5023	10857
6164	6234
1605	3915
6141	6203
1843	3304
8766	10890
5692	5710
6138	6175
8655	10540
10733	163786
8243	23047
7311	9045
1781	5516
4641	5872
857	2280
5970	23291
8356	126961
8886	23560
719	8895
6208	9349
10014	54880
1991	4125
6232	54821
816	4137
3054	8314
6176	6229
25831	53339
6135	6209
7316	91445
54845	80004
80184	84962
6128	9349
4509	4535
1933	6129
5717	9020
5111	10535
858	1956
5716	11047
3267	10254
1175	5878
6165	6181
4116	6227
1937	6128
6182	65008
6154	6230
26190	387522
9475	9826
3850	3860
2268	5829
5441	79035
4736	10399
1573	1579
2938	2939
24137	285643
9787	9833
116	2740
6193	7311
990	84515
11064	27077
4713	4726
1453	6234
6133	9045
3396	51649
2197	10952
778	779
3852	196374
6160	6165
6207	6235
219965	285093
9793	23047
988	9475
10458	10552
3301	3304
3611	8826
3001	5551
50813	55884
10262	27238
79865	340205
5422	5925
4736	6165
9793	10403
6128	6193
6385	7852
5868	26130
3849	140807
6233	83752
6628	11193
991	6232
26523	192669
7272	10615
8085	8289
23291	56929
5558	23595
1956	4837
6141	25873
148	886
9636	10379
3685	7525
6223	6227
6144	6170
50865	63940
10376	84617
7041	7414
5710	51686
3912	11098
332	81930
721	3426
9816	9875
6950	10575
6138	6161
26005	79867
64284	401409
973	29760
3973	104909134
5624	10232
5347	9055
4542	4646
4512	4541
10592	23310
84648	353137
3655	375790
23223	79711
3575	55707
344892	390083
10403	259266
8976	51429
1660	1994
6193	6202
3326	7415
8329	8347
6146	6228
4535	4536
1435	84141
4670	27339
50848	57530
3884	3885
9833	55355
6146	25873
1154	23014
55143	83540
689	4666
1350	440567
3181	10657
5702	11065
2107	6234
6176	6201
3071	7409
2788	5368
324	1453
92815	128312
54625	83666
3265	5786
399	7204
990	5717
1062	7272
226	6678
5708	8742
5868	10890
2348	11258
6175	6204
4736	6155
2274	6281
10992	27339
5441	55174
4069	4332
8945	64219
83540	151246
9883	55746
6173	25873
3921	6209
1453	6230
1063	3619
6165	25873
7311	10252
10499	23389
6205	25873
2033	9031
4297	23269
6714	7402
1660	1665
6139	6194
6194	9045
1981	6133
4830	4831
3655	7533
9320	51132
56670	94235
334	11167
6206	6208
813	1462
695	3937
1822	23028
6133	6235
25885	84172
6161	6171
1933	6130
54778	140460
5362	8829
10652	51014
1908	6863
6146	6727
4000	54518
1487	5928
219858	344892
2197	6137
3860	196374
1933	6228
932	222487
1314	22872
9378	54413
5201	84617
5663	23317
6207	53918
3191	10492
6133	6137
5082	10693
2935	6207
9793	55755
6154	9349
3071	6461
5747	10298
6133	6135
1783	3799
518	521
5048	5515
23326	79595
950	25977
6628	220988
6156	7178
6135	6136
1810	55689
26123	79600
1812	10268
4599	8638
9724	22803
26224	54778
7846	84617
5903	55339
115290	126433
5777	10630
1327	29796
1536	8655
351	2841
3827	5345
3113	7535
5339	6234
2801	10427
6122	6181
991	996
3481	3827
5869	10254
6130	6155
6418	10051
1385	1387
4670	10657
1915	6228
50616	116379
6181	6232
54577	54658
27316	84991
6133	6234
391	27237
2767	5296
6223	25873
4586	4588
5347	51512
2072	51426
6209	27340
6205	7311
329	7316
3912	3918
1650	29927
9212	113130
4734	26091
6385	7057
114	1814
2237	4171
699	10592
25926	84128
2185	3688
908	9628
1781	10540
2071	6878
1314	9527
5879	9564
54856	55870
991	10112
25885	55127
8329	121504
6125	6175
3921	6136
163	1601
2817	5621
6204	6206
891	54821
6164	6206
6750	50837
25873	140801
351	1524
23601	79895
7311	56288
1495	84962
51676	115290
378	9276
332	5528
55008	57154
9212	83903
1511	5657
8467	79595
388	23526
26091	55008
1938	1975
10121	10844
6122	6209
1650	58477
163	10618
1645	8644
990	64151
23398	85313
2635	3659
6430	6434
3912	54972
3688	5788
1794	3055
55142	440145
695	7409
4298	23168
4069	8635
3190	7919
6152	6155
2033	8243
6237	10235
3836	7534
627	5599
885	2922
4508	4519
6222	53918
1387	6667
400	60592
905	5431
2740	59350
9662	10733
2847	2911
5528	10726
4172	11073
2912	5179
991	1062
6631	51645
1650	6185
6160	23049
1783	9493
6152	6201
3678	5329
4540	126328
4700	4713
3797	28981
8519	10581
1902	29933
6135	6224
8871	51429
3433	9636
701	3832
6231	114987
6124	6203
6233	22954
79895	222487
5037	54845
10112	29127
2475	9675
7409	9844
6233	54363
6709	7430
10155	25888
115106	440145
3312	6804
3640	387129
10575	84617
6124	6193
6124	6156
4736	6175
5202	10471
8886	64318
6222	27340
6133	6224
7472	7482
11222	56945
6136	6218
9020	10673
2768	5879
5004	5005
10236	22826
6156	6201
147	2150
988	8243
4125	6036
6168	6227
566	1991
1639	29127
64963	92399
156	2121
6175	6223
5706	5718
8655	11015
4536	4541
6130	6137
6202	6224
6133	6202
3123	54331
2185	375790
5725	220988
4734	65264
7409	7454
7311	23032
846	339403
3091	7316
6164	6208
3886	54474
11065	122769
7283	27175
5434	27339
3109	3127
199675	338339
5862	8548
3619	9700
1991	10394
2788	5294
1230	55970
6133	6173
1314	10959
5436	6631
6142	51187
1938	6122
3074	5476
4236	6628
55055	113130
6209	6234
6133	6204
274	51429
3190	10291
6156	6202
8341	85236
10663	56923
6137	6175
4736	11224
5435	9978
9493	81930
6181	6227
2962	54845
6142	6189
11176	23309
1902	9002
6210	27340
5829	23209
10403	81930
891	2491
3685	3688
6142	6144
6203	6217
5518	6233
10762	84271
9508	57188
4540	4541
6167	6181
3685	326624
5339	6217
23142	23291
3921	6194
6202	6208
4928	9688
3181	3191
996	26190
64979	116540
9276	57410
6160	6169
2048	6237
5646	5806
375	10959
156	55970
9133	9833
226	3939
57405	79980
1822	57504
7311	55008
1781	6993
6209	7311
2521	3190
344892	390275
6122	6223
899	51343
22919	54821
5469	9282
10092	10109
3190	10921
5111	6240
2185	9564
8329	317772
5347	55142
627	5879
996	55236
10121	29127
6222	9349
140807	319101
4174	5424
7936	404672
10274	55143
1294	5352
6152	6223
65003	219927
6500	55884
6223	6228
3437	10379
2784	5741
6169	6194
8697	8945
1306	50509
2247	3685
3725	4088
1639	9371
6158	6176
10652	11014
8729	9371
6240	6241
6128	6232
8337	85236
5469	80205
5338	9744
51676	140739
10412	79039
119678	344892
4686	25920
9700	64151
397	5880
6173	6188
1062	22919
6130	6142
6168	23049
6165	6232
5903	6633
1173	10552
3675	7045
6605	57492
6165	6208
6129	6135
6811	81876
6224	23049
1058	9212
991	23327
1933	6164
6924	22916
1906	1956
1778	10112
6636	8683
1453	6232
5701	7316
10285	10914
800	10174
2167	9612
23112	80012
54820	55143
990	9700
55175	56995
991	9133
916	50852
2132	2817
3689	79895
23332	79172
3190	10594
4666	6202
3912	5879
83540	113130
10022	259292
8243	9793
25885	55720
26984	79090
54939	55294
6125	6139
2222	6721
9742	57560
2048	3055
10236	10291
6235	6727
3190	3609
4736	6159
5336	79837
5093	6625
1968	8661
958	5600
701	9700
11345	81631
945	3685
4670	6434
5529	5718
10316	729230
25929	79084
25926	51096
9350	56963
886	2922
6135	6206
3832	9700
640	7525
2247	6233
3673	3918
3832	10403
5199	126014
1062	26586
183	846
8351	8363
6223	9045
6122	6194
5529	23279
6141	6223
8334	8365
1290	1292
4999	23595
1915	6189
7153	23511
316	4837
3913	9459
3559	8651
9793	84131
6281	79026
8349	79019
7984	29984
991	11065
1058	81930
10772	27316
10291	27316
963	326624
4513	4538
6142	7178
6205	6222
826	831
6210	140801
567	3105
1237	8811
3434	10561
3212	8338
6161	6227
5347	57551
2491	10274
6155	6160
274	8853
5768	5806
6137	6160
998	1906
6142	6194
6633	84844
4695	27089
51172	84572
6146	6189
245937	613210
8329	8337
3491	3915
1794	9844
7316	11001
983	9126
8243	10592
6635	83443
1793	8976
1579	8529
8661	728689
3579	5515
3106	3133
4173	8914
3009	3024
5591	9656
1230	29899
160364	170482
9276	10121
51264	65003
23	988
891	51433
1933	6203
3480	5770
1642	27339
4512	4535
3698	51156
6169	23049
6168	6193
51234	56851
6175	6218
9371	11015
6432	7919
6124	6143
23160	79954
51715	326624
8970	85236
2204	2207
6128	6206
3921	6135
8805	27044
2023	5223
963	1536
7133	8740
8453	55884
513	9377
3611	55742
351	54972
3685	196527
1639	10121
3171	6927
1453	6222
10885	23404
3112	114876
6132	6171
6605	29117
890	6241
9493	259266
3882	8687
10959	26286
120776	344892
950	7316
1088	6556
701	23047
4540	374291
3911	5747
65055	219438
1173	29924
6128	6129
1813	5443
6206	6235
6164	7311
6194	9732
6173	6209
6234	9349
54960	129401
64951	64979
8027	25977
6169	6171
6869	64106
1017	9133
55131	84128
6749	7153
344892	390077
10920	26263
3909	3918
2923	23193
2692	5745
7337	9730
6193	6233
7479	7484
25897	27252
3376	4141
9604	9867
5347	6790
1477	6629
996	23291
991	9493
1981	25873
6155	6223
3882	3886
5516	5529
5718	8453
5747	23209
2968	6882
6128	6144
5725	10594
6207	23049
3181	220988
7204	29933
6233	55252
1933	6175
624	339403
10285	55339
3163	5023
6161	6202
28998	57129
1213	6233
121504	126961
4236	6634
6517	84246
6157	6222
6147	6167
4736	6160
6160	6204
3607	7528
5433	10772
1933	6160
6921	79754
932	51382
27327	80012
8237	10574
26173	79034
6142	6222
22905	54874
2241	6850
3301	3305
3320	10963
6160	6176
5439	84844
10084	27238
6143	6181
6207	6222
9533	84172
332	54821
3161	55165
1783	5529
6170	6228
25804	27258
3192	6625
871	1303
2071	9015
673	57498
1946	5294
6164	140801
4803	7529
28981	150737
1956	5879
9700	9793
161	5286
6993	8655
6234	6235
1783	8729
8086	84271
857	4088
4707	55967
6136	6204
4700	4707
2165	2244
2967	9015
2810	7529
6164	6222
5526	23401
6132	6156
4514	4535
1116	10394
472	5429
6137	6139
6169	6181
7846	203068
4927	50628
6635	9883
991	26091
3683	7409
1462	9469
1306	169044
1793	3071
4597	4598
2091	6217
3895	8542
3055	3572
4839	25885
5900	22800
3764	10060
1605	8910
9295	84950
6130	6222
8453	9870
6159	6170
7311	9349
11176	79595
7311	8295
399	1894
3309	10049
9156	55388
3937	5335
3355	6751
1173	6455
11004	23047
3915	5954
5284	55004
55970	63940
6165	6231
316	56603
1956	5796
9277	51010
6152	6204
54716	153201
472	84464
2925	9170
1434	3836
4008	57542
6142	6208
6167	6228
7319	54778
4116	140801
6754	50837
861	57332
65083	84172
3185	5725
3797	26146
6139	9045
3113	3122
6556	100049587
9833	51203
7316	83752
6850	64170
10693	63971
4641	5898
890	10403
4033	10970
3832	26586
6136	6139
659	9765
11169	23649
6233	6714
2832	117579
6173	6201
23030	51588
4172	4175
4436	7520
6170	6727
1915	6207
988	5591
2782	26086
4666	6136
6233	440689
6167	6727
9793	151648
3192	5094
5869	8411
2246	5441
8945	65264
4928	57122
1659	9343
7532	57521
83597	135946
6176	6235
2491	79172
6161	6204
4736	6130
151648	220134
1511	4332
6944	81611
4088	6233
2131	2132
7783	11085
22954	23327
10389	84108
4738	54939
6218	9045
4736	6143
6129	6165
6167	6233
8314	23512
56949	57794
6209	10952
6167	6234
3106	6890
64425	65083
9212	10024
5663	84061
378	830
7375	8717
521	4724
7852	8698
51692	55746
1315	9493
3192	7536
4008	22954
5695	11047
7536	9716
915	919
3921	6133
701	9793
3376	51520
5518	6164
3190	7536
3921	6181
4116	6636
5688	9232
4288	26586
5438	27258
534	8992
6204	6234
6129	25873
2773	5594
1994	3190
2814	2815
7514	23122
6631	6632
6159	6168
8648	84498
6161	23049
3659	54739
4540	4724
887	2147
5777	7852
3434	4599
4736	6168
6161	6169
213	5265
2197	6233
6500	7320
9886	84144
6418	10592
9690	221687
6230	11224
2810	3918
64926	153090
7514	23244
6165	6173
3827	5005
6241	22974
6142	6201
6152	6208
6228	6229
2803	7110
2222	4598
10885	54881
3915	375790
7311	83987
8976	10458
9636	11274
27089	29796
51649	54998
6176	6209
3799	81930
5347	22974
4116	6170
2792	5741
251	137797
1937	6222
1933	6209
10285	23350
1950	3671
10112	11004
26190	80176
1668	728358
6159	6235
4540	4695
6122	6234
1783	10121
1809	10371
51503	84844
7453	8565
699	24137
6227	114987
6155	6161
3434	55601
5048	5529
991	51088
4116	6637
54578	54658
185	2642
4736	6235
2242	10371
2792	138883
302	5707
940	3695
9782	10949
701	6241
2243	5345
54732	55738
701	10735
1781	11015
26043	51122
64318	84128
1660	4670
3921	6232
247	3479
197	462
6143	6169
1933	6227
2848	196883
1022	4005
6209	9349
6189	6230
6208	23049
1994	4670
9582	27350
9276	9371
26168	27043
2847	6752
10022	259287
251	23627
10540	57545
1829	1832
29093	51264
6205	6232
6202	23521
3437	23586
6201	6230
11113	259266
2788	10575
9246	11275
4513	4514
10112	259266
4116	84844
3233	5441
719	8514
7507	10714
3106	3134
6337	7311
3091	51122
2776	5331
3183	6426
8655	23218
8065	83737
891	9787
4637	7414
6160	7178
11014	55605
5739	59350
29796	54539
259290	259293
383	4353
6169	6206
6207	7178
6138	6223
51676	64750
54577	54657
444	3725
22856	55454
116	59350
6128	6175
1783	5516
1058	55355
991	83461
6136	6224
5707	126374
4726	4728
830	9276
5928	57690
1595	3156
4707	4724
3915	10298
6132	6161
9793	26005
9183	29127
4141	7453
7178	7311
2932	5708
5879	6385
6144	6202
6156	6233
5433	51362
990	5422
972	5641
10980	54939
6155	11224
2131	6385
6193	6218
6133	140801
1063	55746
6176	6228
5430	9282
197	2243
6147	9045
25957	51747
6136	6207
905	5433
3357	5737
915	3118
5594	5707
728	5697
2033	23054
462	2147
9055	9133
7532	80097
2255	143282
3181	9128
9138	55970
9631	23511
4670	5434
2023	5230
521	10975
2792	65055
10615	146909
3191	10657
3837	10575
55125	55755
11167	84141
6202	6234
6430	10949
2491	6249
1937	6130
2099	5241
51650	64983
2588	9798
6144	6147
6155	6233
6136	6159
6181	25873
10713	23451
8334	440689
5005	7276
6209	6223
5594	6386
163	5869
11004	51512
9493	24137
6144	9045
945	3689
2197	6147
6209	6233
6144	6165
1665	4686
6130	6138
1292	5033
6133	6136
3913	10272
1236	2841
391	171177
4544	5443
5290	259230
9700	23332
22919	55055
6152	6154
6144	11224
5879	10788
7272	259266
6206	6230
1277	22801
6157	9045
6637	55505
6175	6234
6129	6234
4700	54539
55661	84916
462	3827
9133	10592
9793	23279
3458	3586
9604	23291
55863	91942
26190	57542
4585	200958
4708	51650
2770	5599
58505	200185
1290	5033
6164	6165
5347	24137
1912	27327
57674	80176
5528	79172
7326	26259
1291	1292
1111	54962
5978	80012
10552	100423062
5725	9879
5984	23649
2521	6421
2305	55165
2935	6229
6129	6209
1387	5469
84902	121441
6230	6234
3953	6774
6773	10379
6164	6230
6130	10399
1793	10152
891	5347
8334	8347
377	10121
10153	55759
10963	22948
1398	85440
3855	3866
84643	93661
4141	8565
2773	5331
6167	23049
174	3698
7272	10592
3188	51340
3921	6139
3619	23047
8337	8365
6232	25873
1350	29796
23028	23186
1058	5528
5715	7979
65264	90293
8886	79954
6498	64750
6175	9045
6203	23521
6160	6161
6159	6164
3479	7044
4735	7283
991	1781
8301	9322
6205	6234
10425	84085
5422	6117
22888	51343
5034	5611
56963	148738
974	5336
9133	55143
890	7272
6430	7536
3222	3223
399	80728
10112	55165
6129	6156
5878	7037
3191	79869
701	3619
55839	79023
10952	90701
3305	9530
126328	374291
6617	10622
9092	27339
891	2810
6204	6228
2733	23511
7428	26259
967	5878
10413	60485
79867	84902
7110	90196
5528	57405
8450	79913
5432	79577
3655	3918
1144	1146
113130	151648
4620	4626
5870	8766
10324	51666
10163	147179
7840	57787
1084	1088
6181	7178
6877	51593
7184	10130
6133	6208
23291	89910
5903	54821
4707	7381
6164	6203
6217	27335
5741	122876
6427	6434
6135	6137
353142	353145
10574	10576
1660	23283
1394	3973
1136	1137
6134	6154
3191	10713
51069	64928
6207	6218
3673	3911
1062	6790
7337	9320
1453	6227
811	10130
10735	23279
1500	6714
2788	27334
11017	11051
4670	6428
8301	10979
623	56923
641	6118
4694	29796
6142	6223
6137	9349
6232	81930
6122	6160
6714	10298
26682	344892
6133	6194
10749	24137
6208	7311
5054	5768
7314	10980
3192	5093
6556	84418
3619	3796
7862	9219
8178	11267
10250	22794
950	22905
3320	10598
1499	5819
2214	2215
344892	390081
7531	22974
11190	22919
87	6385
6128	6218
8128	8703
6154	6165
3949	5869
7409	10787
1490	10413
23279	23511
57551	79172
8697	11059
6139	6204
54069	79682
6137	6141
3301	3312
10969	11137
5336	7525
963	3903
3913	5747
8841	79685
11338	23511
3055	6503
108	797
11218	25929
6122	6176
155	796
4691	9136
22905	115548
6601	6602
248	152330
5426	8914
1116	4069
3550	24148
81	5829
9092	24148
1302	169044
6135	6227
4539	4540
627	2247
6222	7311
3361	9290
8295	79595
5878	23011
830	10652
1292	3688
905	25896
10272	84141
3437	4940
5515	9878
3222	3225
3191	23350
4171	5984
6229	11103
53981	348995
5364	6405
6233	26043
6164	6233
11073	84126
6194	27340
56929	123879
29763	54874
11004	81930
6133	6218
6206	7311
4691	8602
1994	27316
302	6386
113130	147841
350	2147
4700	27089
2767	5599
26190	65264
5684	5694
1894	10112
9672	375790
126006	729230
4353	56729
6138	7311
23511	55746
3684	79895
399	9459
4710	4713
6154	6161
9371	64837
6142	6234
2695	10266
3192	11338
5347	203068
6128	6228
4853	27327
6167	6204
6181	6204
2197	6209
9128	11338
8351	653604
10523	11100
23122	23279
7415	91445
6233	140460
3187	55696
2788	50865
6635	51639
10693	55970
23160	84128
6747	9789
1981	6175
886	3061
9700	10403
6234	8562
2918	6752
1902	2767
5345	7076
1062	5519
2491	5516
27340	55127
6232	57551
1307	169044
6130	6136
3491	10970
114	259285
9020	10000
8453	65264
659	4088
3915	84141
4985	10563
6139	6205
6128	6233
10236	27238
6136	7311
4694	4712
695	8976
4736	6222
627	6272
26190	26224
1536	4689
6434	10432
150684	150726
2358	160364
9410	10236
6233	55669
4867	91147
3074	10577
10552	10787
10250	10772
51429	54874
10403	23310
3920	55754
6152	6171
6434	7919
9616	150726
8829	10512
3725	3939
3240	4069
10403	26586
2207	3903
394	11015
6203	6232
5335	10818
3054	9739
156	2863
226	7167
1511	6036
3190	11052
5119	51652
6176	6206
9371	9493
1915	6122
3185	23283
6194	6217
6142	25873
3854	3861
671	4353
4540	4712
9459	64098
3921	6130
9320	57542
6625	51593
1287	3688
1062	6249
56670	59340
6154	6206
6133	6228
3181	22827
118487	128308
6144	6159
1908	2865
6227	6232
5516	54908
1933	6188
4519	4537
5054	5327
6204	9045
5929	284058
6233	9810
831	5747
8481	27175
10403	10615
2222	2224
6667	26512
3978	4172
2159	2266
389	393
6135	6230
8243	57082
2916	4887
5111	23649
6143	6168
5347	6232
1839	3976
5867	5874
10693	22803
1749	1750
90	4088
9322	22905
4712	4713
4736	23521
991	51665
4057	56729
5330	29933
6428	6434
5094	5725
1058	151246
891	9055
830	57511
5829	7430
7337	54778
5903	7514
899	54778
2149	2151
6203	25873
10749	11127
6156	6203
6146	100529239
890	5933
1294	1295
2305	3832
3356	94235
26239	353132
3091	5594
3688	9564
998	9183
9055	11339
2359	5473
4069	5199
6188	6207
797	7252
1551	1576
6138	9045
1781	5347
1457	10592
1660	23020
10892	257397
10155	25799
6143	9045
23112	84441
1495	1500
6240	7153
3655	5339
8648	9968
2286	5479
3609	5725
6147	6233
9133	64105
51602	84946
6228	7311
1337	29796
641	5426
6047	9320
6156	6223
4867	80321
4736	9045
1665	84172
3685	64386
23322	80184
1453	3921
6146	6222
55142	203068
1783	81930
399	4952
57599	201254
3833	11004
2867	23620
9343	27316
9785	23450
5435	6636
6157	6206
3889	3892
932	338339
5707	6386
963	7805
6234	23049
4646	23607
3062	64106
1455	89780
4670	10432
6139	6161
378	10959
1660	10236
3199	8338
4548	10768
1287	5155
4736	6232
636	23299
4171	4998
991	146909
1933	6205
1956	10552
7529	7533
9322	23265
1314	8615
2847	6363
5688	5706
6950	10574
2914	3350
23397	56992
8886	23160
5981	23244
1315	81930
4952	8976
5347	9793
1933	6152
3654	4803
8945	90293
3017	8334
8514	10857
6128	6155
8349	8726
11339	51203
207	7529
9690	84231
1063	23279
6218	7311
7319	387522
891	3838
81697	344892
5441	284119
9716	23350
10959	100302736
991	26190
1536	2204
6234	140801
887	3827
857	64750
51023	64963
6707	147409
2244	2266
6147	7178
643834	643847
2197	55127
891	55839
1536	3683
10189	29107
5329	10026
6950	10693
6158	6202
80097	653784
3672	3912
1284	8974
671	1116
6152	6160
6122	6128
9277	51118
2034	3091
4102	158511
9690	89910
6130	6167
182	6233
6136	6231
6204	6229
6790	22974
9283	51764
1660	3181
5196	11251
55215	64858
2151	3356
7388	29796
3553	7099
6599	55193
6169	6202
3572	3977
1347	9551
4627	10398
3852	3853
344	6382
4626	8735
5584	117583
6137	140801
8740	10673
990	5707
5433	55197
6233	9690
6129	6202
25831	154881
79090	81876
996	54778
6790	11190
3880	144501
3832	10592
11339	54069
5179	7857
55127	84128
6164	6207
778	27091
90025	158506
8351	126961
6201	6227
5116	23354
6144	6228
29796	55967
7337	197131
8655	81876
5695	7314
4736	6227
22905	51429
2648	5469
3119	3122
2305	7153
705	84946
29127	81930
6229	9349
10592	24137
411	153642
6434	57794
1445	5829
932	160364
6129	6230
6138	6164
6164	6232
671	3240
83597	390174
10733	22995
23533	55970
6133	6217
6170	6233
7321	79176
9495	10369
1783	79659
3797	10112
3683	84329
4700	4724
334	3487
5048	11190
6154	6233
6136	6222
11118	11119
6157	7311
5705	11047
1605	10298
3688	3695
3055	3684
6139	6160
146	148
9887	11224
6144	6158
5566	5573
2922	4923
3832	7272
1398	5747
5500	5516
7316	353376
3683	3903
2071	6873
6135	6168
4057	10321
9295	22794
6171	6173
9439	9967
9793	51143
23451	51634
2197	6223
54620	84231
1778	121441
1350	7381
6124	6173
6154	6204
6667	10499
3188	3190
9039	136371
6142	6176
580	10635
1111	2178
5880	9844
6230	7311
11314	196527
641	5427
1994	11338
2305	5604
2266	9715
388	9938
6203	6234
6233	140801
3619	9126
1292	10536
6201	9724
22974	51203
3123	3127
977	3655
1969	6714
6223	140801
2059	10458
6233	9927
1325	6373
4686	5725
3915	4233
4736	6167
3837	55706
1398	1794
6167	6202
3190	55749
6157	6224
9491	51343
332	9700
6155	6222
3880	4072
6625	6626
6152	6218
6128	6201
51602	84549
26091	57542
3832	7153
567	6890
6133	6168
58191	63940
5347	6249
391	8503
1116	5199
57678	256356
521	10632
29089	197342
187	1233
4853	23509
846	6870
8841	9794
6155	6170
991	2305
8607	11091
5684	5695
2957	51808
3214	3216
9570	10802
2224	6721
891	54908
3856	3866
1717	3157
6173	140801
56923	259287
6161	6173
10161	257313
6208	55127
3355	4889
5422	5983
331	659
3184	3190
10885	27042
226	7057
830	5048
5351	5352
351	8477
641	5424
324	5519
6122	10399
6222	140801
10155	10780
50615	59067
353139	353145
23412	51725
1291	55214
1282	1284
9493	23046
1315	57511
387	7046
821	10802
23431	27131
116541	219927
1605	5829
1000	84141
23295	140460
6152	6168
988	9879
6231	9349
2817	5673
930	973
81930	83540
1063	9700
830	29127
4738	5715
53981	79869
6997	10637
6194	6223
2967	9014
5725	27316
4519	4728
1965	8892
11065	51203
10269	23463
3832	64151
6201	9349
9730	63891
3685	5023
84617	84790
11127	23095
64981	116541
80176	142689
3659	6737
2963	3312
6428	7536
2197	27340
6125	6228
389	5586
8895	10970
9738	347240
8698	59340
1946	1969
2305	9833
6155	6203
6209	6235
3054	23067
1230	83756
3619	9493
983	7321
6629	10189
5604	7529
7514	9793
9877	23279
6135	23521
6130	6141
5578	9564
3013	8351
6160	6194
6202	6223
81930	151246
5829	6709
1063	24137
988	10640
3832	6241
3881	54474
8969	85236
51023	64976
3017	85236
779	783
2782	6372
64837	81876
353137	353145
1495	1499
2023	5315
8976	55243
6124	6128
6133	6170
836	6789
9371	11127
1058	8655
917	5296
4686	50628
2023	2597
6144	140801
6143	6147
6203	9349
1062	3831
2641	113091
7337	84085
2841	7852
988	23397
3184	3192
6164	6228
6518	10857
4724	27089
6143	9349
3184	10181
7156	63967
1601	10618
1116	1669
988	10059
5699	51684
4288	9787
197	51156
6171	25873
9128	10236
6631	51639
6128	6165
138803	344892
3274	55970
990	10051
2740	94235
10321	57554
4735	151011
10051	10403
6173	6218
9320	26190
10540	22974
6143	6222
2956	9126
1956	5336
1933	6155
1880	57413
51514	64708
259287	259295
5923	7533
399	9938
7164	10053
6152	23049
4343	27327
2197	9349
6154	6167
7476	7477
6189	6217
3231	5441
3683	8514
5694	7314
9787	54443
9892	10109
2914	4988
3127	4261
9138	29984
6138	6206
2033	10498
10681	51083
55829	58515
1121	54453
6128	6207
3921	6167
79664	81556
988	24137
2846	2922
988	53981
1832	5493
1781	10383
6138	6227
5660	10970
3903	10857
4717	4718
6122	6164
6201	6202
6233	8322
57381	57514
9632	22872
55166	79682
377	9493
3422	4047
22872	100302736
4116	6167
5711	8697
383	10394
5434	6628
661	6619
5903	57551
8976	23149
47	1431
6139	6143
1058	55839
5434	10594
1310	169044
5443	53831
5768	8542
3183	6428
6229	27340
4694	4700
6461	9564
963	10857
5868	10096
1495	6714
6455	29924
1880	196883
26118	51088
6624	51411
9875	27340
9055	51203
1088	138050
2932	5711
3156	4597
22918	53831
7337	26190
3913	11098
6059	55720
6235	9887
6160	11224
2305	4288
6330	6340
117177	121441
22854	257194
25926	117246
226	5223
3191	5094
4712	55967
904	5433
4172	4173
3133	3660
6711	10466
2932	5707
86	57634
388	55843
9700	10274
7415	56729
6405	23654
1778	5347
4867	121441
3192	10236
10427	10484
552	2847
971	5336
3320	84131
6155	6201
8638	9636
302	10577
6432	10189
6234	7311
6235	9045
6189	9732
988	5394
4707	4713
10112	64837
1000	1002
2537	3434
8349	317772
259293	259295
4736	6176
1462	3912
3434	10964
3921	6165
6233	55008
3619	57551
5869	10552
9320	25831
5708	84962
4734	8453
6173	6229
59350	94235
1105	4343
1062	5529
86	988
79600	79867
915	3560
4725	29796
1453	57787
6169	6173
332	1062
1956	4145
9666	143279
891	29127
10902	54617
25798	326624
10403	56992
1453	84902
2932	5529
8886	55720
972	3119
351	1269
3433	91543
10155	90233
8816	79269
2207	5335
6155	6202
5451	23248
11222	57129
7514	79172
799	10268
11193	27339
4713	55967
8243	57122
6059	8886
57154	154881
5199	10394
1778	6232
9277	84946
917	29993
7311	8976
4736	6203
6385	10755
2147	2244
1062	79172
991	4734
8976	29763
6143	6194
8243	51143
2768	2776
695	7525
54821	55055
996	25831
5286	6233
1500	51474
6135	23049
6136	6181
11065	83461
800	3693
6175	6202
2491	54908
5695	10213
6164	6218
4237	4239
522	9556
4361	54962
6130	7311
3303	9531
3433	4599
6714	57670
6147	9349
9341	10254
1288	80781
3916	5878
6128	6160
6160	6189
6176	6233
9126	23244
1981	6222
3017	8969
10427	22872
5869	8301
890	1058
207	55615
7189	55626
9350	148738
9564	10787
81	5290
10274	57551
4116	6146
6146	6208
1394	4160
6124	6142
5473	11251
55143	55355
25839	84342
23327	115290
9877	100381270
4361	10635
6146	6224
57082	57405
2521	6434
1365	100506658
11102	84946
6229	6230
5695	246184
6202	6229
1364	1366
26589	29093
5347	54908
57542	144699
5725	9128
389	85360
2064	9475
2692	2843
5869	6453
6155	6168
3852	3860
84154	84365
6154	6210
521	4713
6209	25873
22974	203068
84861	143279
5515	5594
60	57591
1062	64837
904	25896
988	5903
3833	9793
212	2038
1660	9343
1642	7507
4627	4659
51143	151648
10022	50838
8329	8365
2026	7167
50835	259293
6173	6176
720	3426
3354	6387
6222	6230
27257	57819
1511	8635
5540	6755
4670	10949
6223	8562
6194	6224
3187	6426
4709	4710
6203	6229
6228	55127
7314	64320
6628	24148
1241	1902
4736	6224
6133	6161
5828	5830
1577	54576
2519	5476
87	6714
9787	10112
4540	4726
988	55770
996	22954
4172	5422
909	915
341152	344892
2239	10082
6141	6159
1289	7373
8698	55970
8175	56949
6161	6175
27	10486
6139	6218
6605	11198
4512	4514
54908	81930
6175	6205
4736	6169
2633	2634
701	147841
6133	6159
996	22888
24137	259266
1000	56975
6160	6202
3914	3918
27043	57647
1453	6203
1500	1956
57545	79867
6155	6224
6387	50837
5010	24146
1832	2125
4131	5048
64219	65264
6202	51187
6233	55366
9666	89910
6167	6194
10749	51014
2935	6160
1462	6696
5697	6750
6168	9349
6138	6141
2784	2847
3689	3903
9833	10403
6147	6205
6636	84844
3181	51593
108	7252
10133	81631
6218	6231
1287	3685
8907	23396
5872	51715
1315	4905
6124	6135
4584	9245
988	8449
974	29760
1277	1292
3832	4288
2197	6193
9739	23112
6156	6208
6155	6227
4172	8888
27340	56902
6194	6222
4172	81620
6128	9045
545	5889
3659	5696
5529	81930
6157	6234
1000	3490
3326	10576
4686	9128
389	9411
3491	3912
10733	79441
6159	6227
4033	4257
274	8976
6175	6229
932	57153
1783	54821
6232	6233
6181	6234
3304	9531
10992	27238
963	11314
2817	6714
6157	6181
3122	7535
5861	5869
2147	2266
6201	6204
9276	10802
778	783
3376	4677
3356	5731
4724	91942
335	51156
8329	85236
10283	23398
1660	55749
3107	10475
26190	55236
6135	6169
6137	6208
5179	5733
2767	55970
5578	55970
10592	64151
6233	23291
2551	4899
6189	6218
5747	7454
857	1956
10112	11065
6193	25873
3015	79682
23076	55131
5685	5688
5573	23209
4736	6164
6240	11169
10959	51014
7321	23198
5315	7167
6223	9790
3918	375790
1830	5266
1116	56729
10489	79654
11325	51690
377	24137
1601	5878
6426	7919
6152	6206
1453	80097
5688	25906
3914	4233
8689	9119
10615	51203
1103	6572
4694	4726
1536	338339
2266	51156
2359	6370
5954	51280
701	7153
2767	5335
6122	6175
6663	27022
1894	5347
6167	6189
54874	115548
142	56655
3066	84289
11340	23016
5547	84061
6159	6201
1994	10921
9612	9967
27292	84135
6453	8322
10412	23517
7337	57169
6135	6141
6755	339403
5878	51715
6175	6233
11339	387103
55970	126006
6130	6228
5834	7415
9738	55755
4710	4717
9320	84231
2968	9656
1495	8394
988	79869
3185	3190
9870	65264
5685	5706
3192	55749
3183	7919
6156	6227
10250	10291
4236	6629
3015	10284
6141	6144
1915	10399
7040	57530
813	3913
3913	10970
6130	9349
3852	3868
9892	10092
332	24137
5594	5598
6202	7311
57191	400720
1017	5707
7919	10236
335	345
3673	3675
5747	9475
1763	55388
6144	6204
4710	4728
2251	8823
3111	3123
6164	6205
6124	6139
10096	10152
6202	6230
1499	2064
3673	3912
6160	9045
399	9138
2597	5223
1969	9564
6169	6203
1063	22974
3178	6626
6181	6194
4666	11224
830	1315
6234	27340
3799	24137
3921	6147
351	126006
2491	57551
9126	25936
6156	6207
7414	103910
3685	4035
4343	6714
972	3109
5157	7991
2071	10920
6159	6210
3620	169355
10432	27316
6708	11280
23524	51639
6430	22938
6206	23049
6233	6235
5610	23586
6159	6207
9787	51203
6154	6158
3945	4200
9183	22919
26338	65055
1236	5443
5434	54845
11091	54881
6176	25873
6165	6167
2247	2817
1080	4036
3619	9133
3119	3123
5869	51715
846	51289
5879	57522
6227	23049
890	84515
5520	6132
10574	22803
2790	7852
5528	113130
3486	3491
25	5893
2048	5921
3797	79659
86	54617
10574	10693
23244	23332
6181	6218
10403	55143
1660	27316
1062	55055
6141	55272
3183	6434
701	9133
1118	3417
7337	26046
324	5699
963	3683
2033	8289
6128	6209
226	5315
6128	6159
2243	3481
79172	81930
2537	10379
5430	5985
6233	7874
5347	63967
6155	9349
6161	6222
472	7468
6223	6231
6165	6233
143279	154214
10342	10427
6147	25873
5422	7027
11070	51226
4540	91942
6147	6231
9320	51088
4736	6205
5707	8453
4539	4541
7184	7466
22954	55236
1213	8976
4173	81620
3157	4598
5795	6714
3111	3113
1856	5515
891	81624
9491	51512
1462	8542
595	864
1994	6418
8723	51143
941	942
5430	81556
8945	25831
1778	79867
26519	26521
6790	10112
22954	64219
3301	3320
6167	6176
8334	8349
983	7514
1129	3355
1991	56729
6227	9349
57545	91147
5702	5706
991	55165
4172	6118
9055	11113
1129	6751
2861	56923
7311	27327
6205	6207
6209	55272
25793	84676
6517	9968
514	521
51343	51665
8945	115290
4538	91942
894	3065
7314	10920
10112	10749
2197	55176
6139	6228
4695	4707
6138	6205
259290	259292
6181	6223
3674	5829
3937	5777
51692	55749
8742	51330
2633	117854
6138	6233
6491	259266
6124	6222
4985	6752
5094	27238
1908	1910
2982	2983
27316	220988
3619	10274
6233	8290
10022	259293
6138	6210
9844	10787
6181	6224
11051	23398
4707	4712
2159	2243
2788	55970
6154	6209
51602	84128
928	3655
6629	24148
23047	151648
6233	140458
4694	4710
367	8349
6279	6283
6164	6188
3693	7525
1933	6193
89910	144699
7311	8945
6801	8428
3308	9631
990	996
6133	6142
8975	9100
6159	6204
6128	6143
6175	7178
988	1994
2071	5985
5507	6233
55746	57122
2209	2268
6137	6202
5868	11021
1783	2491
996	26091
6202	6218
3659	10475
3619	23279
3796	151648
1315	10484
9330	53981
51203	64151
325	3015
23309	64426
5526	10274
5929	8945
28987	51388
5725	23435
3267	3949
5695	51371
6130	6235
5501	25909
6189	7178
6130	6147
8329	653604
10112	11127
5441	7314
4173	79892
1058	3619
6169	6222
1280	84570
9928	259266
6144	6188
6203	6228
3688	4233
1062	5347
6130	6191
10285	23283
3672	3915
4940	10612
9551	9556
3683	3685
2641	346562
6146	140801
1856	5869
6223	6229
6633	6637
7514	23279
9320	9690
857	7132
57674	140460
25929	50628
10749	23046
9133	147841
1933	6233
9055	29127
6203	6204
6138	10399
6159	6232
324	2932
1781	3797
55702	56949
11103	22803
6160	140801
966	10652
374	2065
133	79924
6240	10051
1062	10735
6207	11224
2186	9739
50831	56923
4707	29796
6161	6167
6227	6231
537	10159
8453	26043
4288	10051
3903	22918
5335	7409
285093	390190
6202	6203
102	3915
163	867
932	199675
10427	55291
3856	144501
23011	51762
4724	4728
28981	79659
336	4547
6122	6139
6138	6228
10199	11102
2768	2783
6161	6208
3187	7919
639	3662
26232	93611
344892	390066
3071	7456
5439	80349
5829	64098
3106	10475
7415	10576
10094	127833
11325	83443
9739	55904
130340	152503
9972	23279
6122	6208
1173	5869
26190	51122
6157	6173
3688	7430
6208	6727
6429	27339
8301	9341
5515	54820
6159	6161
1981	6208
6144	6205
23014	142689
1915	6147
3017	8341
6188	6202
6170	6204
3007	3024
3635	3667
2917	9934
6169	6175
6130	6205
25831	57542
4735	121441
4543	4889
4998	5422
10112	11015
5528	23047
695	3635
521	7388
5652	6692
6461	6714
153571	153572
10552	100526693
8453	9820
9655	154881
2597	5230
25836	29072
51234	55831
5526	6249
377	1781
3895	3915
8905	8907
399	4983
23309	79595
2782	9568
2197	6204
7204	10316
5516	81930
811	7184
5702	7314
6453	9322
2064	6714
55720	84916
5714	5718
9126	54780
9055	11065
1002	1006
1559	2327
57531	90025
54821	57551
3074	23197
3191	55749
6370	165140
1994	5725
6130	6159
2873	8945
4717	29796
3093	27252
4288	10615
8689	121391
3913	6714
1268	64805
226	7424
6164	6173
7316	8450
3161	9787
6138	6230
3320	84962
1601	8976
10713	53981
5869	8976
351	813
514	4695
54998	219927
9318	9655
6443	8910
163	25977
8729	23095
796	6344
22948	55970
9184	10726
4726	7381
6128	6222
3320	57545
11095	157869
920	9026
3157	4047
164	10618
1453	6218
699	1058
302	5327
6155	6231
7919	65109
5528	348995
246184	285231
9533	112495
6241	9700
5706	51053
6155	6218
9183	10274
6207	6234
3673	4233
3364	5810
9117	81562
6164	6204
23332	57787
4641	10552
399	143872
58508	84661
6235	27340
55720	79954
3937	5788
6164	6224
3178	6428
10749	29127
905	55677
5644	6690
6160	6230
10857	64386
5948	5950
6233	23112
3101	64841
7316	23014
55055	151246
1007	1013
1727	10487
3111	3122
80184	121441
1062	3833
1778	11014
2023	2026
6164	7458
6205	11103
5290	5970
1936	6132
57153	79895
5594	7094
1329	4713
144699	154881
1062	55143
6625	11100
6156	6189
1398	5829
2865	6288
5879	9475
6158	6233
64106	347148
8655	64792
3339	3912
338	350
8337	126961
5001	222229
54742	116372
1778	6249
4171	4173
1241	29933
6168	6173
5518	6222
117	594857
6170	6171
55055	57082
6455	23149
5872	53917
10733	55142
6144	7311
10236	220988
51388	84916
6827	10302
6231	140801
1665	3192
3912	5578
1665	5725
4535	4540
6128	6208
102	1315
6136	6232
1497	23729
117	122876
6167	6232
259290	259295
6626	220988
10946	11193
3855	144501
4582	10331
56929	79176
2865	23620
1366	4072
6599	57492
10250	79869
54617	57634
29127	55165
1650	7841
2847	4985
6155	6189
5516	5526
9318	140461
695	974
6146	6202
11325	55749
3560	8651
1033	9787
8924	79654
7135	7139
2773	5999
389	114793
9585	10112
3886	8688
6154	6168
6202	6206
6418	54892
6154	6159
79895	160364
5781	10818
2262	2719
3827	4295
2189	7517
10403	57082
671	8993
6206	6227
9371	79989
10970	222487
11339	55143
9820	90293
54069	64946
8065	9354
1956	2064
55131	64318
6139	6168
3673	3914
1555	1559
3558	3717
2912	3355
8334	85236
55737	58533
3491	3895
10383	84962
344892	390061
79980	113130
1121	79958
6146	6181
3015	8290
5469	9968
6160	9887
336	3827
51343	79654
6201	6229
6132	6208
6176	140801
699	988
6434	10236
226	5768
8065	84259
3215	3216
990	6240
5199	6709
50838	56923
3320	10787
338	4973
4700	4725
4751	259266
6923	23198
7311	257397
3240	5004
6169	6228
5338	11145
4735	57545
553	6869
2197	4736
1813	6364
9276	10112
6156	6159
1398	2209
3071	10458
3688	3912
991	9055
2185	3685
55832	57542
5977	8289
521	4694
5371	6672
5695	5706
1994	8570
2863	55970
5439	51755
2125	3728
5516	51143
39	3157
552	6866
79600	91147
891	1033
9879	58517
26589	64963
1495	3799
1398	10458
1453	6223
3799	9585
9793	57082
3240	10394
6204	23049
6363	6752
90025	246184
657	9765
6432	6434
6164	6175
1781	22974
890	26271
23160	57647
6135	6229
5688	11047
1400	56896
54575	54600
8969	440689
2790	5294
3203	3204
6173	6222
3837	5903
566	6037
6217	27340
10121	84902
4678	83879
3354	9283
2155	2159
111	3354
6155	6206
55872	157313
5030	6372
8775	10618
6218	6224
1605	29954
8924	8925
4436	23028
1063	57551
55143	151648
6429	10250
7421	11198
6218	7178
6224	9349
57129	219927
6168	6234
4854	5087
6643	58533
6144	11340
6194	51187
6204	140801
1062	55165
4297	8085
6142	6147
2203	5213
1315	64837
3685	5795
9219	23378
1439	5777
2358	6556
6155	6230
545	6233
3040	3048
1727	203068
5590	23286
641	2177
9002	55970
6144	6209
6152	6189
6159	6205
332	10615
6167	6207
6228	11224
9318	26224
6161	6209
5441	84524
6205	6228
5869	9341
117	2784
6159	7311
9738	10733
7852	55970
3854	9119
4738	5700
4686	23511
3185	10949
9183	9493
2243	3698
6158	6208
6138	6147
409	950
6222	6224
3799	10540
23160	84172
2244	3827
6426	220988
2782	2784
9341	22836
2033	23013
1830	3713
7311	158506
2222	3157
7057	79875
2185	9475
8301	25977
7317	8924
7311	10952
9700	57122
2197	6235
155	6343
3066	6045
8243	10274
2305	11004
3183	27238
996	7337
1783	29127
4713	9551
79501	285093
9276	24137
891	2801
5094	51692
2776	2788
623	5737
1062	5903
1915	6206
9371	24137
6134	6170
3912	5747
6165	9887
10960	51128
55143	57082
3490	56975
23295	84231
6130	6135
8349	333932
5905	10762
6405	55558
3135	3821
705	9277
8450	10401
2664	81876
11017	85313
10112	83461
3191	27316
27327	84441
28	2525
3856	3875
6175	7311
6429	9295
7536	27316
7335	8453
2537	10964
2358	57413
1445	9564
6144	6152
23404	54881
4734	55236
5330	8477
302	383
6185	57171
6144	6218
65264	115290
6169	6201
5111	5434
5054	5328
6159	6233
1778	1783
6692	6768
3688	5829
7316	8325
6137	9887
9126	9793
328	10038
1292	55214
5739	5746
3055	9844
1633	5143
6209	6210
6233	7317
1173	8301
811	3309
3190	3192
350	2266
6139	6210
1781	2801
1478	51340
3133	3134
6625	10236
5501	25936
51382	222487
11004	22974
6208	27340
6233	54677
23291	54165
9738	146057
4332	5657
5796	6233
746	100128731
659	23118
6045	171023
9181	29984
54820	57082
4726	7388
6170	6202
9787	55165
3688	6709
6165	6188
11004	51203
57542	65264
999	1942
4926	5116
963	64386
4512	4519
988	9967
329	5707
9655	26190
5368	64805
1434	3837
6232	7311
23122	23244
3106	3107
2788	3269
632	4094
915	7535
2962	4298
51003	400569
11004	113130
1646	8644
81876	128637
7283	22974
6138	6139
5441	10980
79172	151246
6774	9021
2792	2847
8945	51684
6206	140801
6193	6206
8976	10787
8688	286887
1829	64065
3305	3320
1282	10536
7311	7321
3433	4939
1478	3188
1605	5747
2664	79958
4992	344892
5689	51371
9791	81490
4734	6047
2740	5739
3886	8687
1398	10787
3156	3157
29126	80380
1500	55740
6235	27042
3074	5707
919	3122
1069	8450
5335	7852
301	55970
10907	51690
27042	55153
84105	347732
3921	6152
6137	6161
26524	126374
389	257106
6143	6171
1933	6157
51330	115650
10274	55055
4088	25937
3491	10272
1291	5033
1824	1825
6175	6228
28973	51069
2207	3635
5516	10213
1453	6235
6135	6210
5516	5903
2629	5660
6161	6168
9690	57154
1915	6139
950	22848
399	6453
2177	2178
1982	5725
6132	6218
6135	9887
55326	137964
399	9828
8334	8969
4173	55388
5286	55361
6125	6128
54998	64976
6152	10952
1234	4544
29984	57449
3856	5493
11130	79902
7328	23608
6203	6222
187	56670
3351	4887
1062	10112
10963	81570
6240	29127
3921	9136
4670	9128
22848	26130
9730	10425
87	7791
22917	57829
6139	6223
10376	150465
6144	6194
4736	7311
2597	7167
9787	9928
2177	11073
6165	6228
186	4922
4641	11127
6230	25873
10938	30844
10749	81876
1778	5529
10615	56992
6161	6234
1956	7039
1048	80740
2197	6175
8477	55970
419	390243
383	8993
6189	6233
6169	6227
112	3579
3685	3695
6202	6204
9716	27316
1660	3191
950	3482
7153	57122
1956	3691
5451	25896
5869	25977
1981	1982
11258	93661
5688	5715
338	51156
6122	6156
2767	7204
1499	6714
6170	6176
332	9787
3875	3880
3561	3635
6428	348995
2811	2814
5347	9918
6430	8175
6657	63978
8615	9276
6156	6173
344892	390064
2833	83756
7434	122876
5829	55742
4508	4537
84261	154881
891	5905
1029	1030
23511	84271
5001	10926
2151	6915
2768	2788
6418	7514
6142	7311
1665	1994
6836	22820
10657	11052
6217	84916
2242	6237
144699	197131
6193	92856
55252	55777
1576	2326
2810	3691
10376	11156
1471	5034
705	83732
3675	3914
3433	4940
6632	6636
1793	5829
1445	54845
1062	57082
9887	23381
9690	154881
3188	24148
7532	10142
2185	2268
1783	24137
9790	54881
3903	11314
11127	51014
9655	55832
90293	285231
5861	55605
1655	11325
8321	8322
6208	6222
6036	6037
2633	4940
6138	6224
6233	7311
2033	10847
1956	3688
5310	9727
9879	51362
776	786
7132	9099
983	9631
6146	6156
3916	7879
6155	6193
377	9276
4976	9927
81567	93100
6133	6164
5829	10298
3320	10458
79895	199675
6128	6170
5431	9879
930	29760
3619	29127
8337	8347
6132	6167
4738	7979
8514	10970
2197	6173
9918	10592
27316	55749
7341	129401
3071	9844
4519	4535
6201	6218
10250	84950
8349	121504
6146	9349
2266	3827
5869	7316
2782	11245
10274	57082
6158	6168
8924	23030
1432	5062
1781	51014
6209	6231
91147	121441
5435	84844
7096	10333
377	1315
2239	9348
1906	2150
51264	118487
5528	23332
6135	6218
521	29796
1435	3371
5707	10577
399	5879
3192	10921
5201	10383
6181	6203
6203	6230
695	3055
5516	5711
567	3106
4666	6129
990	51343
6161	6218
1347	4726
6160	6203
8704	55624
462	2159
152	2916
3833	56992
3433	3434
6233	140459
9015	57504
156	2767
84648	353145
11127	29127
4008	4734
6157	6228
2817	6385
6152	6229
7133	10673
891	6249
3915	5879
2923	6185
6154	6189
6168	6194
1350	4695
6132	6224
3672	3696
10426	55835
5711	8453
3685	10970
6176	6232
1241	55970
3681	8515
6124	6206
6154	6231
7919	8106
1063	3832
6143	6164
10236	11338
22936	64859
5432	11051
4710	4725
6129	6154
6147	6154
3655	7529
6618	79035
6130	6189
6155	6207
55212	84100
2177	2189
6165	55176
5519	5903
5286	7311
10417	79875
302	2519
6147	6202
8453	115290
7919	10949
1277	3685
6152	6202
6136	9045
3565	3567
4008	9870
3684	53831
6790	9133
6204	6208
5441	6617
1650	6184
186	3350
83540	220134
1294	26984
933	973
1060	348995
6223	23049
680	846
23160	25885
4736	6158
6230	6232
51421	60485
27076	154064
9212	55355
6130	6229
9918	10051
10193	26118
3912	10971
1933	6154
1965	1973
3437	10561
2792	391195
5880	94134
8341	8970
1741	22941
4712	27089
54821	79172
6161	6189
10403	348995
1116	1991
51715	57403
8683	9785
6189	23521
6188	6204
1983	6234
5861	5878
3619	5515
7871	8428
3912	7184
6233	154214
23295	54620
9793	54821
637	3002
10592	259266
8295	57634
6159	6194
3882	8688
5610	6774
6130	6206
6176	6207
8329	333932
11014	51014
56262	80131
6175	6208
7098	7311
11339	64105
6201	6206
2305	5347
3688	91522
7039	10652
6129	9045
332	5501
6863	23620
9133	22974
2932	23291
5438	6633
4736	6161
6427	7307
5594	28956
1350	4726
156	351
521	7381
80740	171169
2935	6157
988	9126
5347	9133
6204	6218
4584	50614
3183	5094
57521	389541
55168	64928
9716	51340
6138	6159
4288	10403
57479	58506
5903	22919
1477	6431
9320	84085
2064	6233
4700	4709
23047	57405
3913	4233
514	4700
6228	6235
6159	6224
25	10163
6122	6147
9055	9787
7031	7033
3619	10762
3122	3123
5347	9738
6647	11315
65055	128366
5516	5523
1062	1894
7037	54885
7456	8976
6135	7178
9700	57082
7319	22888
991	9787
7531	81565
2960	9412
7003	25937
1739	3996
2197	6227
8945	55031
991	9491
6159	6167
6139	6203
1495	1969
6135	7311
6518	326624
966	55738
4116	6125
6133	6175
5347	10592
4069	6036
9329	84265
3008	3009
3688	5290
64318	79954
6141	6202
3394	6688
55143	64151
1956	8976
5361	7305
3635	5294
3849	319101
56729	126014
3265	5970
3672	9564
160	8867
3676	6714
2817	3340
102	84141
5347	51343
9875	55127
10952	11224
4738	9616
6122	6144
2125	5493
10952	140801
6866	8997
6144	6227
6139	6229
5741	10266
6156	6169
4508	4514
710	10747
3619	23511
1063	25909
6144	51187
8976	55971
302	79026
6164	6181
3188	65109
567	10475
3659	7015
2197	8662
1991	6709
6137	6228
2798	10886
3913	51280
7311	140458
353137	353142
890	9133
3109	3113
6224	6727
4313	4323
9055	10376
3560	3718
6223	6233
4536	4537
2792	122876
1499	7409
6122	6185
7272	10733
383	5657
10849	25885
6810	6814
2691	5739
54474	286887
1387	8648
3303	10963
10946	220988
3181	11338
55003	55299
23014	64219
4718	4728
335	2243
6232	27340
4713	4724
351	3913
6790	10133
6672	79097
5610	23118
336	4036
9133	9787
10285	53981
2197	3921
5716	7316
7272	9787
6133	6146
4736	6194
1793	7525
6160	6233
2147	4295
9341	10552
51725	142685
3921	6175
5516	5781
8925	54778
6205	6230
2197	6206
5584	55243
6142	6157
5440	10302
51138	122769
5698	6890
6133	6157
6430	7919
1173	9341
6128	6173
7153	259266
57129	65003
6171	6228
2475	6654
4173	5983
26470	253982
2268	5747
974	2213
1857	5708
302	56729
1676	3836
1994	10594
6233	7186
891	995
6205	6206
2788	2864
6159	6223
57082	64105
2266	3698
2107	6137
2922	3061
6432	220988
890	983
6234	23521
274	1956
3611	3688
186	2914
6194	6201
1642	9716
3191	10949
988	1654
6135	6235
6168	6181
401505	100188893
10733	132320
6176	51187
6428	7919
915	3702
972	3127
1315	10112
2806	125061
2550	3579
6208	6227
2185	5747
7327	26046
1195	57396
6872	81887
56923	259295
10383	84617
51692	55339
29127	64837
6175	6232
3579	55970
54677	83752
6144	6233
57115	114771
2200	3678
1536	653361
972	3111
6188	6227
399	9743
5879	9046
2197	6158
5777	80184
1432	6885
6142	6143
5869	8322
3918	7529
26005	121441
6164	6223
1499	128239
4713	126328
3619	11004
9978	140458
10426	440145
3912	84141
332	3619
2537	8638
