7153	23397
55143	348995
5879	9181
6453	10552
4736	6210
6136	6160
6157	6173
5347	5518
1347	27089
10426	440145
84296	84515
5879	6249
1400	56896
5713	5715
1793	6714
5347	9793
64981	116541
5528	23047
945	100049587
6169	6189
5741	10266
3845	10971
9212	57405
11100	23524
3350	4988
10403	64151
1462	84141
830	1604
2935	6229
23160	25885
5518	29888
3394	6688
1314	10802
3949	5869
973	974
7454	10458
2157	27095
6164	6217
6128	6168
10133	10540
23112	84441
8723	51143
6169	6229
11258	11316
1062	1783
5529	54821
10576	10693
8945	140458
9738	10733
6142	9045
950	8976
3112	114876
4695	4725
3181	3189
4700	27089
29093	219927
3560	3718
3913	5829
5518	23399
5515	10776
6165	6167
6233	27340
4718	7384
29093	51023
3071	7454
51129	85441
10291	27316
6173	6233
86	1642
54820	146057
2863	55970
5880	94134
1287	3685
10663	259292
11137	51388
6125	6129
23049	25873
3191	4670
2242	9855
5985	83932
7337	54778
553	3062
6205	23521
846	2798
2059	5294
4849	29883
5869	5870
4666	6129
9320	26190
6136	6202
26589	116540
5528	11004
392188	645402
3017	126961
988	6950
3718	6777
6636	6637
945	3685
6164	6208
51264	65003
51	5195
5093	10236
3850	196374
383	3074
6202	6223
5566	5970
6233	7098
4088	57154
89910	154881
3267	10254
1605	375790
3912	5747
26146	28981
25897	27252
8349	8365
3267	22848
5706	5714
4588	140453
4543	4852
23327	79176
9793	151648
1994	7536
6157	6228
932	222487
23521	25873
689	6160
9793	203068
4700	4707
10540	22974
3240	10394
2197	6147
9793	79172
3685	3912
6159	6209
4174	4998
28998	118487
8290	29086
6175	6230
705	84946
7272	64151
8861	90780
6222	6227
6249	81930
6144	140801
6453	9322
3183	3190
6144	6202
3361	4283
10112	51014
6170	6208
9553	54998
3190	3192
595	6776
117177	121441
54474	286887
23291	64750
6285	6288
1350	440567
285	7010
2935	6164
1605	3913
1213	10254
6137	6155
120796	344892
2068	5424
6129	6204
6272	11319
55143	113130
10022	51289
1500	5880
4597	4598
905	79577
1956	10552
4924	10618
6135	6201
6128	11224
9666	57630
10540	121441
1496	6300
51715	57403
2788	2790
8976	55243
4701	126328
566	4353
2099	6198
6047	9320
5747	10787
6152	6222
3071	7409
5579	9564
2197	6210
9133	51203
4724	4725
6230	9887
55052	118487
7311	22905
6434	8175
4173	5426
3609	4670
6160	6207
6443	8910
6923	9666
7164	10053
2048	8976
60	2597
1981	6167
7322	9867
4599	10964
3017	8334
10963	22948
6147	6169
6637	55505
23350	53981
7311	80351
999	4072
8666	25873
55755	146057
1956	3918
351	10970
5441	10980
4709	9551
3912	84141
1116	5004
56923	339403
3561	5599
5704	6210
26091	57154
6147	25873
1435	3490
6152	6218
6169	6209
6709	55243
3691	4233
6128	9349
1062	81930
988	7919
1063	55746
4809	11325
4436	7520
10155	284309
2676	55816
2519	51816
23586	55601
5529	79172
6619	10623
6233	221937
3675	375790
9341	84251
6161	7178
23517	84135
6635	6636
6159	6176
6637	83443
22984	79707
3688	7424
551	1907
945	3689
5584	5590
1398	2185
344892	390079
2935	6176
10952	140801
10201	87178
4695	9551
6233	54778
6218	11224
6173	23049
2358	6556
29763	54874
23304	26268
830	10652
4216	10912
5422	10592
55143	57405
3725	4088
5701	7316
88	4620
55166	387103
29984	64333
3422	4598
10112	11127
55208	79269
57405	79682
672	7153
6136	140801
4069	5199
9700	151648
990	51514
2197	6201
7412	388646
2205	5335
197	5005
29127	54443
4736	6133
6161	9045
6155	6233
9354	23304
26470	253982
5977	8289
1175	5878
861	6604
23291	54165
3912	5829
6144	6161
6556	160364
6156	6224
8318	54962
6137	6208
6133	6164
7311	8349
6159	6194
2588	9798
26268	140461
813	3569
4976	55669
3163	3725
1933	6154
26005	84902
1660	55749
10022	50835
301	2790
6128	6152
5929	6872
118430	727897
6624	51411
23636	84271
7328	22954
23197	56729
1981	6154
6170	140801
6708	11280
2107	5515
6206	11224
56995	154881
133	2863
5330	60675
2521	3181
388	389
3761	3785
7153	9824
288	2348
7204	10316
22954	64219
1981	6142
79895	338339
57545	80184
10153	55131
988	5985
6631	51503
57551	81930
55720	84916
10592	64151
6122	51386
5048	11190
988	9967
1665	3191
64219	65264
11128	84172
2033	23112
5290	6667
5516	5529
1981	6139
388	4650
50838	51289
941	942
6155	23049
6206	6227
6144	6206
25957	51747
1315	23303
6923	80349
521	9556
4853	27327
6138	6161
1062	29127
988	60682
6210	9045
6122	6184
7317	89890
4709	126328
23020	27316
3921	6189
116540	116541
389	1894
6175	6232
1639	10112
6601	8289
55601	91543
7042	83706
6135	55272
23223	79711
4670	11052
2770	5599
6209	9887
5469	9282
3848	25984
996	5699
624	6755
3055	5788
7272	10615
10890	57403
8453	26043
4514	4535
8683	10569
4853	7311
23291	83737
1084	2358
6124	6176
4690	9448
2266	3026
6154	6203
6159	6167
3191	23435
6599	55193
3675	5328
6208	6230
6204	23049
10523	11100
4221	11168
8451	9730
53905	405753
9978	285231
7305	100049587
1857	5699
2207	3689
6224	140801
6157	7311
6209	8562
11339	64946
5879	50807
55125	55755
6202	23521
212	2038
6124	6228
4736	7311
1933	6175
3887	3892
5688	5701
2521	6626
57153	199675
3113	3115
5430	27316
10735	57551
6202	6232
79685	94239
6206	9045
64963	64981
1812	10268
1499	5708
2023	2597
6169	6233
4726	29796
8976	10787
3646	26986
6128	6171
5599	6272
6135	25873
6170	6727
6773	10379
10199	79954
2491	79172
3655	7057
6923	140458
50615	59067
302	5707
1601	8301
11222	57129
1660	10713
9824	10112
779	783
2801	6709
7057	7424
1058	9833
7311	51122
1991	6037
6156	25873
963	10970
79583	79867
79600	84902
1634	4314
6223	6233
11127	29127
6176	6234
4734	89910
1063	25909
649	3339
6124	6142
2537	3434
1741	26037
6124	6202
1314	8729
153	6344
9787	9833
9829	26052
322	333
2935	6157
1327	1337
2892	2903
932	338339
9787	55165
1329	1347
6152	6181
324	1857
2197	6135
10075	51132
2521	3183
3122	3127
2147	2153
7321	23198
9076	137075
10155	90233
9183	79980
891	29127
6218	6229
4670	9343
23014	142689
7316	11001
2550	6363
4736	6135
932	3903
1394	3973
6139	6142
4735	23322
6205	6207
6688	7805
7311	57674
1499	5584
2801	5861
9343	27316
3312	7037
4670	51692
3192	5725
6047	23291
3619	10274
6159	6181
6556	170482
552	6866
6235	11224
6133	23521
302	2519
3797	79659
8514	79895
2935	6173
6155	6228
5879	10788
2185	3685
11017	11051
6181	7178
3688	3912
51081	54998
1778	10577
2784	594857
3240	56729
6122	6207
1739	3996
639	3662
6128	6232
1398	10787
185	4922
9690	57154
6701	6704
8740	10673
199675	338339
2521	3190
4508	4514
23218	196527
9793	23047
143502	285093
2625	7031
1933	6147
4332	5657
10236	22826
5501	23122
1880	3579
6152	6171
160364	199675
10499	96764
23291	56929
4599	10379
6156	6227
6147	6231
2197	6152
51650	54998
6168	23049
5435	6633
3190	5094
3842	54464
2957	5433
6160	6170
6772	6774
999	3728
6139	6143
3304	3337
6138	6168
1398	5599
11339	51203
2633	10561
7089	83439
55832	57542
5885	286053
6936	51645
6157	6189
1655	11325
2200	401138
1605	5579
11014	11015
4714	54539
3491	10272
6168	6202
6432	220988
3913	10970
776	51764
4793	5714
388962	654483
904	5431
6223	6230
5861	10484
4853	23509
5196	94235
25897	55175
7058	9507
5872	51715
1981	6230
3123	7535
10458	100423062
9493	22974
6206	6230
23160	55720
6207	6223
6203	6222
6890	6891
5660	7852
6137	6154
9318	79754
2042	2045
8178	11267
3071	5829
3688	5788
6168	6218
26168	27043
6217	84916
138803	344892
4205	6938
6147	9887
9787	55635
6156	9045
186	3350
10594	23450
6161	6193
3320	5829
5108	22832
1605	3909
816	4137
7311	9666
3619	5528
1302	50509
10594	11100
4535	4538
9320	51132
1937	6202
963	3685
1933	9045
6164	55176
6500	7320
7155	8289
6156	140801
2980	2984
6625	10594
783	10368
5688	5705
6207	6222
7311	9341
2159	2266
5707	51330
6422	7474
8356	653604
6144	6218
5822	22984
824	7525
833	3376
6143	6230
983	7272
1778	5707
3309	10049
5266	6707
3074	5707
988	9533
84648	353137
9354	84085
5111	7027
3837	7175
4116	6160
8568	57696
2033	5929
3619	51203
1350	7388
1287	8974
7534	10971
8811	9934
163	24137
3856	3880
9212	83903
5434	54845
1290	5351
7153	55746
6175	6223
377	1783
55872	64151
7415	23526
2033	8085
3913	54972
6233	8445
6228	6232
3133	3134
56902	84128
7109	51693
57405	113130
6227	23049
3619	57082
6157	6164
7311	8445
627	5599
553	347148
1004	1016
6233	23112
9879	58517
11091	54881
6229	6233
1173	29924
2268	4301
9188	23560
6202	23049
6155	10399
6157	9349
6173	6224
6204	6223
5984	23649
1933	6144
6125	6159
966	11014
4288	7272
5516	81930
8334	8970
6176	6189
22974	121441
3646	8667
6176	6209
3094	57649
9551	29796
10236	10250
6233	8295
1452	5516
846	4829
2197	6169
1793	10152
671	8993
5930	7334
8886	84916
257313	387129
2863	9002
7479	7484
3071	10458
3689	3693
5021	10874
6464	6850
727	10022
23149	51429
22974	259266
11250	83551
4536	4539
6891	6892
6868	7311
1655	4809
7249	7532
1453	6228
87	5879
999	6935
7514	54821
4992	344892
6601	6605
6124	6125
5905	6232
899	51343
3619	10592
26005	79867
51143	55055
5441	79035
990	5422
10663	51289
2147	5020
3190	220988
6143	6205
4539	4712
6137	6184
6132	6227
1659	9343
6144	11224
1950	8322
2151	6915
635	29958
55320	401541
996	5717
3685	9564
7004	10413
51465	51676
2033	10735
1033	9232
3913	9459
6161	140801
11190	22974
126328	374291
8243	23122
4738	7979
1946	2268
4717	84833
6137	6230
323	351
10298	80018
5529	5781
6152	6204
6139	6223
51079	126328
9730	10293
4725	27089
51514	64708
6160	9732
7328	9690
6142	55272
10890	11021
3619	9793
2150	2863
2033	27327
6133	6218
3433	10964
3640	5443
841	843
336	2266
6160	6229
6160	6235
6156	6207
2048	3055
988	5725
1290	1292
6233	23291
4736	10399
2633	3437
2730	2937
9410	22826
2617	8565
3875	144501
6169	9349
7388	29796
186	4922
2962	27238
22995	163786
10802	51128
4935	64106
1915	10399
6158	6193
399	23526
3672	3912
4171	4678
335	4547
8976	55971
5529	51143
3827	5005
846	5737
9493	11127
5689	5700
8329	8347
10396	25798
4586	140453
1285	1286
1983	23521
5928	10013
27161	192669
8175	10181
7305	10870
5869	51715
5528	55143
10250	27316
5796	6233
2358	2767
6626	8175
3071	6461
258	9210
6158	9349
2033	8289
6708	6710
4952	9886
6233	55669
6428	10236
1495	128239
905	2967
301	7852
1933	6201
5717	8453
6154	6158
2648	5469
8655	83658
988	6601
6164	6234
1398	5747
55142	440145
1237	10874
9510	11096
1018	1026
6142	6230
890	7272
3579	5515
6202	6208
388	397
11015	51014
6223	27340
353132	353135
661	10623
2740	5746
102	6556
2054	8673
3675	7057
9798	27183
6156	6209
55165	259266
55702	56949
10236	27238
658	4093
54437	57188
8351	8970
1536	653361
6209	27340
6189	7178
25847	150726
2064	7525
1347	4726
6146	6203
3833	55143
1069	10383
8467	64426
830	9371
6383	284217
301	5332
4830	4831
2916	3351
6168	6189
2150	10800
4540	4541
6230	9349
2848	122042
6155	6205
2966	728340
6428	22826
4288	259266
344892	390081
640	974
23332	57551
6159	6218
1471	5034
6161	6224
4905	9527
3340	6385
1656	54464
6175	23521
846	50838
6142	6224
4088	23327
6207	6224
84131	203068
117	594857
6134	6175
6155	6165
54575	54600
6156	6169
6827	10302
8349	333932
6233	9690
2799	5476
3013	8351
8563	51213
115290	154214
2767	5335
9320	57542
2147	2266
6138	6207
10071	50614
6155	6202
3357	5737
6672	79097
2033	7874
6210	6223
1676	3837
1655	26121
7272	24137
3340	375790
79664	92105
9320	84231
3673	3688
1310	169044
2956	5422
833	2617
5700	10213
89890	90025
1659	51503
4985	6752
9114	127124
6122	6193
2197	6142
6209	6218
10733	203068
641	4439
1634	4060
1783	7514
399	9743
10762	55143
332	1062
10885	54881
5493	11187
6133	6194
6167	6727
6227	6228
353137	353142
51382	160364
26046	197131
2358	57153
8841	79685
5694	5715
4537	4539
55339	84271
6232	6249
4620	8735
2768	5879
285093	391211
6637	84844
5566	23332
5519	5781
3107	3133
566	8635
9870	64219
1069	4867
9739	9757
344892	390077
1559	2327
8337	440689
6147	6158
6168	11224
4172	6118
6045	23028
6135	6232
10607	92856
3843	55705
5525	9978
3685	326624
6144	6201
2792	128366
27198	338442
9371	9493
9276	10427
2185	5579
3710	5575
5624	10232
1457	9918
9742	26146
2203	5213
338	2266
3921	6138
51388	57647
8085	25942
5528	57405
6241	51203
5872	23265
1306	169044
6165	6176
2904	3845
6138	6205
6208	23049
6161	6181
1956	4145
6137	6222
10874	347148
1937	6125
7434	122876
25984	162605
81930	113130
6159	6202
51503	84844
54998	64976
830	10540
6138	51187
5426	8914
2817	375790
9604	9867
4986	8811
1778	4867
348	1356
7409	10787
1994	9782
6135	23521
2792	388531
3607	55252
6228	6234
2036	57669
5520	6137
29763	51429
6208	6210
10970	338339
983	3838
51676	115290
4288	51203
1116	1991
7456	10787
26190	83737
9666	140458
5284	55004
23295	84231
6217	28987
6279	6283
5023	64386
637	8626
9493	54443
6168	6232
1536	3683
6160	6228
4582	10164
329	330
6155	6218
4589	94025
7919	348995
4332	6037
988	4173
4736	6206
4736	6171
5741	122876
3973	104909134
6700	353132
3915	59277
23404	54881
4508	4537
2153	3827
10142	26123
701	4288
6152	6188
6217	56006
4173	7153
2814	51206
197	2266
23322	57545
4332	6036
783	10369
6193	23521
2059	10458
6138	6228
6218	6727
109	2850
3434	10561
1453	6193
54716	153201
6233	11224
2735	79809
6135	6230
6147	6161
1314	8615
26589	122704
80097	93323
9867	53339
3796	10735
472	4361
6167	6170
84128	84946
51071	126133
8924	23030
4519	4537
302	56729
79090	149111
2033	26523
8514	10970
6142	6160
5286	6272
5981	23244
9833	55165
1555	1559
5714	6790
6168	6176
4233	5795
3659	54739
6161	51187
6189	6234
1329	7381
1902	2185
6498	64750
10427	11196
3921	25873
1435	6696
6158	6173
54998	84545
6144	6160
6168	6235
3978	4173
4707	4710
5697	6376
6233	55008
4952	5286
699	3619
56919	57647
1660	1994
10577	56729
335	2243
26146	55112
10175	26984
4125	6037
6183	11222
3921	6144
3973	4160
3911	3913
5558	11169
9967	10432
1063	7514
6790	11065
6233	25873
57545	91147
2801	11014
10112	83461
1387	4205
3191	23283
2033	2072
6208	9045
553	5021
5699	64344
7311	8945
1933	6130
6129	6130
9967	23097
1345	7381
830	51014
6709	7430
301	55970
9564	9844
1129	5179
3695	5747
1983	6122
54960	129401
6202	7311
4069	6037
8976	10458
65083	84172
2197	6175
9716	10921
6135	6164
8351	653604
6125	6201
6387	6754
4540	126328
6233	7178
26232	26270
6142	6159
5501	79172
1108	2033
6141	6161
9636	23586
3482	10618
6157	9045
4677	8565
27	1398
3855	144501
10112	24137
1028	1031
1058	55143
3921	6203
7317	22888
6144	6194
545	6923
506	8802
2071	5985
4736	6201
4509	4539
4297	6045
3486	11098
9585	51014
5829	10298
10713	53981
8289	57492
991	151246
6169	6173
332	10112
1601	8976
6185	29927
4540	4694
6830	22916
1161	7518
7334	64320
3921	6165
399	4952
1879	5079
7336	7341
259292	259293
5518	56006
8085	8289
383	56729
4718	5284
905	55677
102	3895
6157	6235
2122	8535
830	29127
23063	23122
6233	9887
6181	6209
6232	8662
5037	54845
3655	3918
6218	6222
6138	6224
2065	3691
9128	9879
9700	113130
4599	91543
9282	9967
857	3688
2957	51616
6224	25873
5663	23317
5029	5724
9055	10112
3434	4940
26268	56995
23423	54732
6143	7311
2791	115557
5266	5493
6135	6234
9014	57504
1994	3609
983	7321
3320	10808
2197	6137
6181	9045
891	51433
9363	9367
6193	6230
55166	57405
2091	79707
50506	405753
25873	140801
11252	29993
6235	9349
3685	80781
336	2153
10749	11014
3796	10274
3921	6133
23533	55970
3797	9493
2521	10236
2912	4852
23620	84432
27252	55585
6426	23517
8329	8365
830	10282
6201	6223
553	3358
2962	8175
6155	11224
5286	8976
7311	26046
1291	3688
3301	10963
3190	10492
1062	3619
6133	6152
1478	3188
27229	55755
6202	27340
3007	3024
890	10733
1499	5795
3921	4736
3320	10787
6908	10498
8452	57154
551	5744
6147	6230
966	3903
6517	9968
5528	348995
1902	9002
332	9493
56165	136991
10902	54617
5516	5714
6154	6209
7415	10576
6152	55176
489	4853
7311	8453
6204	6222
9655	10489
3685	5023
6155	6223
157	2869
3913	6714
8673	10970
6227	6232
5351	5352
6161	6176
27241	166379
51602	84549
54620	80204
553	10874
7335	55905
6128	6147
8329	8349
26190	51122
11127	23095
90293	221687
6613	84733
5433	10285
3185	10921
514	27089
2962	56949
4791	4793
6133	6136
3301	3304
1435	401138
2967	9015
1938	6122
6201	6206
6155	9045
23	6059
4736	6233
2971	51082
6205	8562
9493	51014
1453	6230
5970	23118
3215	3216
3635	5777
643	5368
26290	56667
9276	51014
5199	56729
6194	6222
6707	126638
3183	6434
5747	7204
6202	6234
6227	7311
7184	51726
6556	100049587
4678	83879
1499	23291
3837	9631
9744	51454
116	94235
4713	4728
6137	6210
6181	6223
6193	6194
3685	64386
6193	6232
6157	6233
1063	79172
4033	4257
6142	6157
2920	2921
399	84144
680	2798
185	2862
6182	51081
3832	3833
10075	80204
6339	65267
5948	5950
387	7046
1793	5829
9978	11059
1956	5796
344892	390066
8349	26147
6129	6138
1337	1340
6128	6233
4690	10096
10970	64386
1131	3062
2475	6654
6176	6203
9700	10615
3915	5621
8453	56995
7311	285231
9493	259266
1062	6790
6210	22984
7184	84141
1499	10971
55901	170692
6223	6232
6234	8562
6134	6230
5861	51014
4584	4586
1297	136227
55781	134430
3635	80271
6194	6206
988	5903
1292	3688
4646	23607
1981	25873
4952	286451
1937	6207
6636	51690
11339	378708
1660	10236
8969	85236
27339	57461
6147	23521
9553	51650
6209	7311
8175	56949
5657	8635
6233	221687
10965	641371
11052	51692
4711	7384
3183	6430
25915	126328
1058	64105
3308	55706
3937	5335
4116	6146
4867	79867
6218	27042
10574	10693
7137	7138
51317	57649
6228	7178
4952	9562
1665	4686
55166	79682
7133	57153
3185	3191
6207	7311
8334	440689
1453	4809
4867	80321
3190	11052
6183	84545
6137	6175
5896	5897
2767	29933
3673	3918
2197	6181
7532	80097
950	7316
6307	50814
5021	5332
2168	2169
7919	8106
1439	6776
1824	1832
9181	29984
84676	140456
23160	64318
813	11098
1793	6461
2913	4988
55720	57647
3491	7184
4736	6229
197	3698
23244	23279
89122	154881
4543	6751
6915	94235
6602	57492
1794	3055
2274	284119
1956	3084
1434	3837
904	5433
1783	11316
5432	84962
332	2305
680	10874
1668	728358
2147	2244
1603	100128731
6157	6229
5516	151246
23095	64837
1933	6138
3071	3320
6130	10399
6161	6218
8689	9119
1124	5879
1994	4670
6175	6210
3002	5551
7532	26123
6156	6233
4738	5715
7175	9877
6169	6235
6218	140801
56729	124583
3040	3048
3093	27252
6453	7311
6144	6173
701	57082
1350	4726
6122	6142
988	51692
4725	29796
6207	6209
1783	79659
10285	10914
10959	11014
3827	4295
11022	143689
5711	8697
6776	6777
9879	55660
7529	51552
1830	3713
51429	115548
9785	23450
1277	1292
5431	9879
9570	10802
6160	6218
5690	8742
22974	64151
23046	51014
53831	441864
8453	22954
63915	84062
1933	6202
353132	353133
3001	5551
6711	10466
6176	9045
6146	6227
2623	3674
891	8655
6455	7316
26239	353133
6167	6181
963	10857
9918	259266
6950	10575
3683	5788
2206	5335
6602	9031
6141	6160
6635	83443
344	26020
3663	23321
10014	54880
6167	6230
6207	6218
3560	8651
7335	8453
1287	80781
1933	6165
9716	27316
996	80012
9020	10000
29984	257106
3855	3880
6164	6170
4088	5784
4174	7298
3240	5004
6124	6135
8925	53339
3913	10298
6194	25873
7311	112399
5898	5899
65083	79954
6122	6206
6233	6868
945	3903
5903	23332
6208	27340
3192	10236
388	9459
1476	8993
26519	26521
259293	259295
4088	25937
3836	3838
1536	3163
10970	11322
54960	79833
10919	53615
1329	4712
26005	26123
204	4508
1994	9879
57542	65264
2197	6208
2359	5473
6157	6204
5579	55970
1287	55214
899	56995
5054	5327
1983	6232
1084	138050
6427	10189
5422	84515
10970	222487
3619	23279
5725	9343
11128	25885
3185	5725
1933	6230
3062	64106
6137	7178
8453	54165
6159	6175
5048	9183
4976	9927
6159	10399
1536	23601
58505	200185
3203	3204
6135	140801
3222	3225
3688	375790
728	5697
10575	10693
2204	2207
4735	10540
22974	24137
6428	6432
9133	57082
23223	65083
324	1453
5411	51747
6222	10399
5747	7852
344892	390083
3434	5610
6698	353135
8365	333932
6176	6218
10523	56949
8322	54874
23595	51053
513	9377
6159	6208
2776	2837
6625	51593
6385	7057
6176	6207
3565	3567
6189	51187
6161	9349
6147	6232
335	462
6181	23049
1477	24148
10914	53981
6134	6141
146	2922
4985	10563
6155	6230
9320	151636
1434	3836
10084	27238
9790	27340
6147	6223
6427	6434
5699	51684
2782	115557
344892	347468
10749	24137
3185	84991
1969	7525
1144	1146
3490	6696
1942	2049
3915	5954
9604	23291
134	8811
10376	10693
1956	9341
5516	5523
6135	6228
10523	23524
1116	56729
9833	11339
5878	8411
10890	23011
712	7305
6129	6168
388	257106
11014	22818
56902	88745
3640	387129
23354	132320
3799	10112
57187	65109
1933	6205
886	2846
4924	5589
6170	6227
4724	29796
10112	29127
595	6777
7409	7454
6133	6228
7132	10616
10285	55749
3178	8175
117	2792
3619	5501
6125	6185
27076	154064
5155	7057
891	5516
6165	6173
973	29760
10905	23193
6229	140801
84516	91949
64410	142689
3683	79895
1991	56729
1781	6249
3192	5093
3978	4176
1500	1956
3191	23350
6176	6230
2798	5367
24137	81930
4035	6385
27097	79595
23160	84128
6837	55090
7057	83706
1280	84570
2197	10952
6138	7178
1000	1012
6185	84061
4712	91942
10946	22826
26589	29093
197	3481
10112	55635
11169	84296
1062	23095
57542	197131
5731	94235
5500	5516
1121	26130
5204	6637
1462	3915
10274	151648
4726	7388
6950	10574
6169	25873
2045	285220
3071	5747
5179	7857
6176	6229
3267	10618
5005	7276
6209	25873
3895	11167
6155	6170
4171	5984
701	64151
185	2641
4708	51650
8189	10523
3685	9475
1511	4353
3853	3868
7178	7311
6632	10465
5861	57403
1605	5747
9039	10293
6944	81611
1062	11004
6167	6232
5529	10274
5862	8548
55003	84154
3183	6628
3178	3183
6169	140801
6755	339403
10121	57545
7337	197131
3849	319101
6139	6168
6227	6231
64410	80176
2792	5145
2064	2886
3903	22918
186	84539
9341	22836
9412	9442
1983	6141
9969	10499
800	10398
27258	51503
5657	6037
6181	140801
1500	1739
5981	57599
302	10383
4710	27089
6122	7311
6428	57819
5431	9318
6118	9557
4724	91942
151246	348995
9320	26268
8829	10512
6138	6209
566	4332
6146	6201
4736	6209
10121	79867
4713	55967
3848	3888
6520	8140
6224	6233
3685	4240
2358	160364
5702	5706
9666	64219
6203	11224
4322	7373
6135	9887
5433	9879
83597	390174
23327	29082
6455	9341
174	6694
4116	6218
990	996
54939	55294
6136	6189
3422	4597
5023	326624
3017	8351
6139	9349
6159	23521
23279	27161
5933	132660
6885	23118
51604	84720
6207	6235
1870	5928
6170	6201
51602	84365
23225	79833
1981	9887
7472	7482
2792	10563
1642	5931
23586	83666
4540	4713
553	6869
991	6232
6152	6230
23168	56254
6202	6228
3915	7402
5048	81565
4841	6421
2695	10266
1356	10232
147	680
10714	23649
148	2837
7178	10399
722	725
6176	6194
5433	6426
353139	353145
1058	57405
102	7311
684	4939
3797	10749
2197	6727
9306	9655
1340	27089
9700	29945
6142	6158
4591	11059
5903	6633
2537	8638
4041	6422
4589	64409
7003	7004
950	3482
898	1028
6288	84432
1105	4343
7514	23279
5558	23595
8453	55832
6135	6147
4712	55967
302	383
5430	6601
2861	56923
4538	4540
6181	6202
5725	10291
6133	6170
5347	9738
5684	5688
332	24137
9350	148738
11103	56902
2036	116986
887	4935
6156	8667
4736	23521
6491	259266
6228	25873
9934	10874
8243	9126
2072	51426
389	5217
6385	7852
54474	121391
3916	3920
3071	8976
3213	8338
332	79172
1983	6205
7164	152503
6133	6231
1660	3181
8638	10379
7337	23291
6921	79754
3915	5829
3912	3918
813	10130
10733	79959
683	199675
1655	51690
6182	118487
23646	147746
10885	55127
9371	10749
64409	94025
5516	5598
10484	90411
25929	55706
4842	7137
3481	5005
1008	1013
5434	8349
65264	90293
80184	121441
9879	51362
6189	6218
2053	7311
6228	9349
6207	27340
6158	6228
51289	259293
399	117289
7311	55008
6363	6752
6173	140801
3362	3640
1829	1832
1366	4072
3270	147111
5290	259230
2268	7525
7003	25937
1121	51715
6129	6234
6181	6194
8243	79172
7328	57154
991	9491
8317	63967
4736	6125
102	1495
5501	23332
59350	94235
399	5879
1933	6168
6122	25873
3157	4598
5704	8600
9378	54413
3921	6208
324	6233
1213	8976
1499	6714
8243	10274
5685	10393
971	29760
351	5330
1453	2197
6874	51230
3308	5903
6143	6181
2153	2159
4751	259266
8717	9530
657	64750
3062	347148
5879	100423062
5519	6801
5173	8811
8600	50964
6189	6230
3185	4670
3672	3913
51023	116541
5880	9743
6233	84133
1340	1351
6155	6164
6182	65008
1406	4901
375	10959
8514	22918
9341	51542
2810	4486
28987	84916
6167	6206
6164	9349
5590	57530
6223	25873
6189	27340
9793	121441
7779	27173
932	326624
1050	7124
6181	6224
10236	11193
2222	51478
1453	2801
2917	10874
9156	55388
6233	8334
4172	4173
2358	170482
1329	4726
8449	79869
89122	92369
1269	59340
3171	6927
9276	10121
6709	7077
6141	6175
23291	26091
3685	8514
419	390243
65003	118487
3914	4233
1398	3071
1362	3482
9887	25873
963	6518
23295	54620
1337	1347
3482	4905
6124	6128
8945	115290
8337	121504
6181	6235
3915	54972
6657	57167
4057	10321
6144	6227
6228	9887
2079	6637
6207	6229
3640	53831
7283	27175
7311	79707
6129	6159
3122	3123
2222	3157
6632	11157
6125	6204
6165	6181
5747	9564
5436	6631
8337	8970
377	9371
3303	9531
5872	53917
389	257106
9276	23095
1994	55660
6418	10592
6161	6223
6154	6168
7003	10413
5706	6790
1511	4069
6135	6154
3309	51726
2641	113091
6173	6209
988	4999
3882	8689
1910	2147
6626	10236
2873	140459
8334	8341
6222	6235
332	151246
27258	51639
988	10640
56945	84545
6181	6207
1303	10491
351	63940
4666	6202
1040	79143
80184	117177
6136	6235
1942	1945
6152	6228
5741	594857
5435	5441
23283	55749
6206	6208
332	10615
84648	353142
4508	4512
2185	3688
2740	59350
6202	6206
6147	6227
3921	6161
3655	3914
8453	8945
1241	56413
1453	80097
10489	197131
6136	6208
1573	8529
1453	6233
3190	4670
9493	64837
7021	83741
24137	285643
8453	9870
10466	10618
1233	5196
3359	9177
4999	84515
5829	55742
4736	6232
3931	4023
6168	6234
6168	6206
699	6241
5747	8976
2790	7852
983	79172
9462	153090
3693	5829
9437	259197
131873	256076
7458	8662
10489	22888
8453	9666
846	10022
6128	6136
3433	4940
6916	80142
3838	22974
3433	8638
26494	344892
3185	51692
4171	4175
174	3698
6202	25873
7862	9219
5451	23248
6208	6235
3683	8514
5903	23279
6144	11340
3301	3308
6176	6227
5862	10890
8573	57669
9816	9875
8945	55031
3267	10096
6605	57492
2537	10379
9793	81930
5286	6233
5870	8766
1500	4233
3111	3115
11176	79595
6156	6171
5347	51512
3396	51081
811	5034
3055	9564
1455	89780
1230	29899
3191	27316
6152	6154
2975	11128
9113	154810
1471	2519
3191	10432
5339	6194
112	1269
6128	6194
7514	10971
5861	11015
10274	23122
6124	6147
5580	7525
1303	10536
6202	6224
6158	25873
50831	51289
9879	51690
6173	6176
23332	57787
420	58530
1933	6206
8337	333932
5695	5701
1350	27089
6204	6207
3185	3190
2359	56670
4194	57690
9883	23165
151648	220134
4067	6776
5725	10523
389	117289
4713	9377
91	92
6167	6227
351	2817
4736	6144
336	3827
29074	55168
4436	254394
4702	4724
966	3683
4736	6230
1173	2535
57521	389541
164	2799
6626	220988
983	219771
6741	9533
2491	3619
4736	6175
53339	57531
2782	26086
2353	4773
6159	6204
8243	51143
6829	54973
57153	160364
6152	6160
6168	6229
6161	6194
5501	9126
6209	6230
6157	6159
100	4907
9968	23186
3133	5696
5552	83706
23521	56915
8337	8347
55143	151648
695	3725
6130	6165
8945	143279
11338	23636
3579	55970
6193	6233
501	85007
5286	29988
92104	150737
996	9320
6142	7311
6137	9349
4535	25915
50848	57530
55735	139322
6154	7311
11316	55850
7153	9688
4540	91942
8453	9320
3320	57545
6161	6222
6206	6228
23322	121441
9320	89910
6237	10235
3074	10577
23122	23244
966	10970
3339	6385
29093	65003
8468	91646
81	5868
55876	94103
1783	8729
6688	7305
1665	23350
8334	85236
5430	11338
3676	4192
56667	140453
6147	6205
6222	6234
6159	6170
6613	79902
2521	3185
26682	344892
6635	6637
10342	81562
6181	6206
2305	10112
1983	6181
6498	7311
26268	64682
25793	84676
5439	6631
1665	3192
3918	9459
6125	6222
10561	55601
9320	23291
6142	6181
5339	6164
1778	2801
10802	22872
4709	4725
5426	10714
3914	3918
6206	6232
9126	55746
991	4734
1783	11015
56902	79954
25885	55127
1956	5336
5903	7175
10540	29127
7531	8655
274	51429
6233	7186
10613	11160
4670	10657
259292	259295
1778	81930
6124	6224
783	2784
864	3683
6141	6159
64114	196527
1398	85440
22918	53831
274	11252
79867	84902
6235	55127
6154	6204
1969	5747
10539	57019
1595	51478
1783	10540
6453	54874
1933	6193
5528	9793
6165	6170
351	1241
5868	23011
3693	7525
6138	6147
1500	84962
4535	4537
6233	55366
2848	285601
6169	6171
932	57153
10274	51143
1660	10523
9277	26155
116	5739
9126	25936
5660	6376
3912	3915
9886	221472
3015	5438
6142	6173
9793	10403
514	4694
79023	129401
2197	9790
1983	6137
6232	140801
3882	54474
2873	6923
29106	91851
3122	55824
6790	84962
273	8673
972	5641
6143	6201
4712	4728
187	2359
3178	3609
2798	3358
6711	8615
11190	57545
5718	8453
8843	27198
1783	54821
6714	10298
1398	3685
6231	25873
4512	4540
26268	56658
3434	55008
10959	22872
1500	1942
57082	113130
6155	6157
6146	6176
4659	5515
7153	7298
1387	6907
8811	10874
6426	10949
6633	6637
51264	118487
514	4713
5657	23197
991	5707
4993	344892
1717	3157
988	10574
5829	9844
121391	286887
6160	6176
23304	90025
643	1268
2956	23028
3689	338339
50834	338442
55970	126006
522	84833
64682	90025
1315	3799
4173	23397
6138	6154
23020	51729
6208	6231
3669	4939
6209	9045
6222	27340
516	10632
6059	55720
2840	84634
51069	78988
332	81930
6176	6204
1445	26191
2782	2784
1497	23729
8969	8970
2935	6207
988	3843
7311	64219
6193	6234
5202	10471
6233	54677
6205	51386
1453	3921
7153	11004
6169	6208
51132	140459
6230	140801
8775	10618
55832	115290
6169	6231
8993	10394
2359	5196
6122	6133
393	399
6170	6209
2967	9014
6165	6188
4542	4641
163	5878
6453	29763
4173	5422
8976	147179
5438	51755
90480	116540
2091	28987
6709	126014
81930	151246
10112	10540
2197	6165
2801	10972
22930	84516
5094	5725
6208	140801
988	4436
2197	6205
2185	5829
6632	10907
51650	64951
27316	65109
5594	7533
6167	6202
6128	6135
3371	84141
1933	6209
7311	11059
6125	6158
6152	6176
928	3688
1994	10921
6748	90701
830	55604
9793	84131
7316	9929
6218	9045
5093	27238
7272	10403
6139	6230
3267	9341
54821	151246
5929	8945
7272	55635
4240	51280
3683	326624
1500	5795
10523	10594
6235	23049
6167	6189
5879	8976
6869	64106
3066	9014
6136	6233
3458	3586
1062	9585
799	1812
10051	10592
5880	8324
1783	3799
4512	4514
57531	90025
8689	286887
5928	57690
5439	6637
87	51097
6204	6229
4700	4717
1500	6714
3054	23269
2873	140458
6160	6167
2155	2159
4686	9879
6194	6235
6156	6175
2792	26339
6746	28972
5347	54908
8648	84498
6124	6133
1669	56729
10592	54892
3190	11338
51234	56851
6164	6228
6222	6228
1756	284217
6138	6194
4695	4709
6160	6203
2537	10561
6141	6158
54821	55055
1906	1956
2521	5725
89910	144699
6141	6230
3683	3903
9767	11143
3914	5829
1783	22930
23511	55746
920	9026
8907	10053
6138	6208
29945	63891
5529	57551
3017	8337
10193	80204
6139	6208
9320	65264
4691	22984
143279	154214
4176	5422
1307	169044
6631	6635
9875	55127
4332	4353
3689	5023
672	4439
1292	1303
163	1601
4069	6036
10813	65083
6181	6232
6231	9724
6152	6209
9493	23046
9790	22803
1490	25937
2932	5711
3490	84141
6173	6232
991	11004
2064	7311
10523	11338
2475	9675
2535	5599
1669	8993
3673	3675
54620	84231
1062	7272
3655	4233
6160	140801
2079	6432
7298	10403
6633	11325
5589	23193
7272	9787
3673	3912
3015	387103
6233	8976
5516	55055
6161	23049
1778	2491
2957	7702
29927	58477
5427	9768
2242	6237
6146	6222
3619	10403
259	2266
6135	6223
2099	6387
6209	6235
6189	6228
6206	23049
521	29796
1778	6232
4852	5179
1669	3240
26005	121441
1269	53829
6164	7458
3683	3693
1364	1366
1937	6189
10236	55339
3084	85440
1237	2917
57115	114771
9793	25909
2811	2814
6137	9887
673	57498
830	11014
2788	5368
6176	25873
6923	57630
6168	9887
246	11283
57381	57514
5347	10592
8450	55832
6601	9031
3909	3918
4353	5657
7525	10298
5347	22974
1291	10491
6908	8812
3921	6139
6159	6222
6138	6189
10592	157570
1195	57396
6217	27335
6144	6165
3837	10575
6829	54623
2923	3309
10155	80110
6317	6318
6204	6218
846	51289
6136	23049
47	50
332	79902
5529	5718
3853	3860
55175	56995
7311	57154
58191	63940
2776	27334
7311	151636
2922	4923
8689	121391
156	2121
3683	57153
5822	55127
5880	10458
3688	5747
6233	9349
1364	9080
1933	6136
6136	6176
9887	23381
6144	6209
10635	146956
3122	7535
7124	8740
79867	80184
3437	23586
3559	3560
9246	54778
377	29127
2960	4763
8976	54874
2305	5347
6426	100526737
5660	55970
9700	10735
7317	140459
4736	6157
10112	54443
3134	3659
7311	143279
6152	6156
1173	8301
6142	6143
4508	4513
6139	6228
3178	7536
9585	10749
9044	55814
553	1131
6194	6205
3192	4670
9700	9793
1329	9551
11017	85313
6500	8697
3202	3203
1088	150372
640	7525
51203	56992
5928	57649
79339	344892
8697	23291
6210	6233
6158	6223
6129	6142
1147	2475
8607	11091
7311	92421
6122	6234
6182	11222
5008	7297
9276	10802
57678	256356
108	6750
963	326624
5347	9055
5705	5718
9133	55355
6143	9349
79600	79867
5660	126006
4735	23332
4736	9349
4904	10465
108	283869
5868	9341
1991	5657
9730	64682
821	10802
6139	6206
142	5981
9933	84365
6122	6185
6934	283149
6430	27316
5970	6667
7311	10952
996	6233
2073	4331
886	2922
336	3698
26123	84902
58506	130074
3702	9402
8875	55350
57545	79867
6430	8175
3921	6230
324	1739
887	2147
6147	6228
8688	54474
3688	7057
6154	6161
23431	27131
1991	4069
7840	57787
5872	326624
5868	51715
351	2767
6714	7525
2214	2215
144699	154881
1398	1793
10552	10787
6185	7184
5829	64098
1488	6934
8085	8945
6130	23521
1495	5781
344	9672
8243	23244
6222	6231
1241	7204
8334	79019
1823	25818
1108	25942
4734	9320
121504	653604
10324	201456
54874	115548
8886	55720
119678	344892
344892	390067
6136	6207
988	3066
3122	4261
64386	84329
10802	10959
23332	146057
6201	6228
6142	6176
4736	6143
6170	25873
2938	2939
6643	58533
4736	6167
146	84109
332	29127
6049	8881
2243	3026
9787	29127
1915	6122
6129	6155
6159	6224
1908	1910
6136	6138
28998	65003
1007	1013
8295	79595
1536	4689
3614	23593
1783	6249
6168	7311
6139	6175
6188	6203
335	4036
715	716
991	1058
3913	3915
4141	7453
8914	11169
1660	5725
6143	6175
6160	6164
5573	23209
1131	10874
56923	259292
6698	147409
1292	8974
7311	55670
6142	6169
6147	6210
23028	23186
5781	10818
6160	6206
672	5438
6233	9320
1915	6144
7153	57122
9631	9972
29127	51014
22984	55127
6122	6161
6635	23524
1653	25940
1111	2177
6128	6144
4288	6241
7316	64326
4175	6118
5879	94134
6189	6203
383	671
6160	9045
22905	115548
659	23118
6144	23521
23014	64219
5880	7454
9341	10552
6156	6230
1933	6129
6181	6222
64682	80204
1291	3672
4696	4718
1822	57504
3422	6721
117	122876
3191	9782
5473	11251
9662	79441
1781	57545
824	5829
4738	5688
5710	51686
8027	8301
9643	93621
2033	23774
11190	55142
338	2153
1500	51474
6133	6167
6143	6228
118424	140458
51575	79954
6122	6144
6714	10413
3192	55749
3912	5578
1908	23620
51382	222487
7311	10110
6632	51690
9493	9833
226	5230
3308	10808
5868	10890
3105	3106
2197	6133
8356	121504
4709	29796
6189	6202
6137	6181
4736	6204
29093	118487
6232	9349
6155	6161
2917	9934
11343	57552
6155	7311
4736	51187
2962	10291
2799	5707
6176	6181
1969	2268
3675	3685
6139	6185
6223	55272
988	9879
7327	8925
5591	9656
2521	4670
6712	11316
84105	347732
6228	55127
26123	79867
3107	6890
6156	6204
84727	122769
6142	6205
1063	23279
9611	9967
3799	10540
7311	140458
1315	2804
2197	6193
3886	54474
7311	83987
1933	6142
6144	6156
988	27316
6143	6194
4609	7020
1325	6752
2125	11187
2353	2354
6201	9349
4173	4175
6233	64219
5519	5903
5701	5715
1524	729230
10102	51021
8349	79101
28973	51069
6164	6189
930	118788
6201	9887
83597	403253
5434	5901
1173	5878
6181	6234
701	9793
2197	6146
9371	64837
10693	55970
8356	440689
6207	51202
5717	126374
3191	51692
57082	151648
3549	6469
6208	6218
2932	5526
5286	9685
27237	171177
4301	7082
6137	23521
9551	55967
6233	84749
5023	84329
2207	338339
57413	59340
6173	6208
11102	55127
6135	6146
727	51289
1453	6205
9666	83737
10749	11015
8349	8970
8329	85236
6128	6206
8349	23310
3688	5879
566	4125
2675	220164
521	4700
3685	10857
8322	8976
2549	3055
5868	5869
3178	6294
5707	84962
6222	9349
9716	10713
6139	6160
1499	7534
6790	10133
671	4353
6154	6160
6122	6194
4716	4718
6181	6208
3354	9283
5094	9416
9382	9570
6601	6602
6923	54939
9887	51065
1394	1816
3866	3880
3119	3127
6138	6176
2153	3481
6147	6167
54998	118487
4666	6137
6206	6234
22897	653784
3897	57698
23627	137797
514	4724
118487	128308
8243	55746
3888	162605
3619	113130
2801	10427
4889	6751
1937	6138
2918	6752
388	4952
959	10673
2444	84766
5929	9757
23279	53981
2058	4141
9439	9967
9045	25873
10802	10960
933	973
623	2357
6189	6208
4670	10594
23566	64106
6130	6164
567	3659
945	2548
1937	6229
5725	8661
6136	6170
9752	56141
1991	6036
5777	7409
336	2262
4710	4712
6203	6228
57191	400720
72	58498
3685	3903
6181	6203
3691	3909
3486	11167
4904	9410
950	25977
8027	51429
334	3915
6160	25873
10291	10523
4172	5426
1387	23097
4538	91942
4543	5173
387	7094
6182	54998
5368	64805
2788	5331
4700	4726
6122	6135
22974	203068
1387	5469
10733	55142
2832	3827
2833	6346
57082	348995
6125	9349
8021	55746
7536	10236
857	4088
4952	22905
1084	23601
1314	9632
10640	23265
966	199675
6870	51764
4172	5422
6160	6233
2064	54206
10403	51203
399	26084
6829	6923
5880	9138
891	5526
1365	1366
6799	6817
6154	6234
161	867
988	9126
6135	6169
6164	6204
8453	51122
2185	6461
891	10592
2641	10203
891	1062
56949	57794
1778	6709
399	6453
1387	27327
6161	10399
7454	7456
719	63940
6132	6222
4174	5111
324	8945
4701	374291
6141	25873
10803	50865
51650	64983
8615	10802
3909	375790
26523	192669
3688	6709
336	4547
5879	9475
5684	5694
6132	54512
335	5948
389	393
1113	29106
5718	339745
4049	115650
6133	6229
1233	11251
3074	5476
2629	5660
6346	83756
6207	6227
1230	83756
5714	5718
6747	23471
1639	9493
6429	10236
79090	90411
2071	27125
6155	6234
3157	6307
8969	121504
8453	23291
2692	2843
8453	65264
3181	3190
3683	5795
4986	27199
2091	10171
6157	6234
1453	10121
9411	29984
2091	9933
4540	25915
2033	9739
335	51156
4725	9167
9776	55626
999	5590
8560	196527
1781	51014
6228	140801
1022	6929
9221	25885
88	4626
10381	84790
6152	6161
6133	6147
2962	4298
5795	55754
5594	10971
3115	3127
932	945
6155	6173
10970	11001
4172	4175
6234	8666
3852	3853
378	5861
83551	134860
1398	1794
2209	10152
25937	51421
2537	10964
332	9793
25909	79172
6500	7314
8925	54778
6122	6223
117	2695
6208	25873
85476	90480
1132	53637
139322	374354
6232	6234
6142	79707
6193	7311
3320	84131
6233	9045
955	374659
3109	3115
4712	29796
10959	51014
245937	613210
23355	27072
6155	9887
3675	3688
4710	4713
51003	400569
4670	10291
6128	6138
9787	10112
4809	6231
553	680
51096	84128
940	3695
6135	6206
23560	84172
221	5328
4837	284119
3827	51156
1589	3290
4713	29796
156	5578
2810	3918
5708	7415
6128	6228
9212	83461
4793	6885
5708	84962
6228	27340
5516	6500
5116	23354
1290	1291
2768	2783
6122	6156
6181	23521
3360	3375
6829	79664
6207	6234
6165	6208
9276	9632
6139	6158
6130	6159
6169	6203
6129	6152
3832	10592
6206	6233
336	338
6160	6193
1268	50865
1655	5434
6154	6164
10426	55835
813	3371
5880	84144
2833	83756
6128	6155
5880	171177
5861	5868
4539	4541
5829	23209
1173	9341
2132	2817
671	10394
54663	84365
259287	259293
3119	7535
10274	57082
6206	9349
4736	6235
2064	5599
8329	317772
1739	5290
6921	55284
5699	23198
9138	55970
5438	7874
171177	389337
6161	6175
891	991
25885	27340
720	375056
3689	79895
4725	55967
4670	10523
84163	389524
54960	79023
6143	6193
6133	6144
3909	3911
3675	3914
1515	3122
6169	6181
11103	27340
2788	27334
6132	6167
9787	10403
1983	6133
3881	54474
10193	25831
3921	6152
6204	25873
5870	57511
50835	51289
972	3115
6869	347148
6168	6170
64750	140458
1894	9833
4709	55967
1081	3623
9527	84516
1234	4544
6155	6231
6233	26130
3376	6301
6168	6207
2625	3169
55212	84100
6169	23049
4792	5704
6143	6208
8365	126961
4854	5087
9730	63891
7328	23608
29974	403314
5657	6036
3240	5005
160	1213
9742	55112
6135	6235
8615	100302736
6138	6159
1731	23157
6138	6210
5094	27316
6139	6154
9793	23279
302	10577
222487	338339
3187	55696
6210	10885
1781	3797
488	4853
2982	2983
2197	10885
50616	116379
4670	10949
1453	6231
5422	7027
6193	6209
5528	5702
4508	4536
6232	7458
6156	6168
933	974
10403	55143
1062	64837
6164	6235
391	9743
50865	64805
5980	56852
2243	2244
55759	84154
80018	80155
9801	28977
3357	56923
1292	7373
7020	284252
10199	56902
51	5194
10714	80010
1129	4889
1781	10383
27327	84441
4297	192669
7514	55055
972	3123
9493	29127
6222	51187
4736	6203
6235	9887
55832	90293
6230	63931
6500	9604
6233	10111
9341	22905
1237	23566
701	221150
126638	353135
2255	143282
56165	91646
4734	9604
988	3326
336	2243
6135	6224
6139	6189
2962	80004
6175	6205
5439	5451
2932	5361
10075	54926
57787	146057
1129	5733
5431	10914
3183	220988
54625	151636
9636	10561
6125	6128
26046	26268
4512	4519
8347	8365
6128	6202
1457	1857
197	335
6233	7311
2923	6185
3309	29927
5768	11167
183	846
4926	5116
8322	8324
645836	100287238
8698	55970
4641	11127
22954	26190
3396	6182
7846	203068
2125	3728
699	9824
8189	23524
1665	9879
5726	6755
6201	6227
2197	9045
3683	7409
11190	203068
23304	57531
6138	6169
6132	6156
1639	22930
3437	6772
6208	6234
26074	89876
29088	51264
55166	348995
1956	3655
1435	8542
3437	4940
3845	22906
87	7791
3635	3667
4617	4618
1337	27089
3659	5696
4700	4725
746	100128731
28998	219927
4738	6635
5179	283869
6168	6210
5872	6764
1783	51014
1969	6714
6124	6160
5711	8453
1062	9793
4171	5422
23168	27125
197	350
389	57522
6147	9349
6160	6189
6157	6206
4512	4539
5547	326624
6272	286451
6453	22905
51692	55746
23279	51692
4708	29796
4536	25915
9349	25873
2197	6164
5578	5588
335	2153
3119	3123
567	6890
6167	6218
6159	6233
6129	6170
2067	6118
5023	8514
680	3358
7507	10714
6205	6208
8329	8341
9833	64151
5868	64145
5529	23279
7032	7033
728	50835
3355	5733
51320	55175
1956	2059
351	5660
7409	23533
6135	6218
8945	285231
4684	6900
9212	55355
3106	6890
3837	7514
383	4942
399	257106
1129	6751
1017	4999
9412	55090
3688	3913
3561	3600
2243	9715
6147	6234
1063	57551
3305	9530
4725	7381
10575	22948
701	10733
55142	203068
5701	7979
4509	4537
5351	8985
2957	51808
6139	6144
896	6776
7381	29796
3481	3827
1909	2922
2036	4646
3192	51692
6625	8189
351	5340
4689	5880
6230	23049
932	2358
983	10121
10592	51203
7802	64446
7272	10733
22919	22974
51382	338339
2519	5476
6173	6194
6147	6235
5440	10302
11245	55970
6869	7311
6233	653604
6461	7409
983	4288
6036	8635
867	8301
3655	5339
6209	6224
9730	84085
5879	375790
3111	3127
6133	6146
5704	5718
930	29760
680	23566
2268	5747
9611	23097
8590	285093
6869	23566
11176	64426
8945	9320
5829	10787
551	1392
11258	93661
6155	6235
9972	51692
10250	10772
84085	84261
5878	23011
7178	25873
905	25896
6159	6223
6189	6207
6139	6205
6657	63978
3482	22848
6801	7871
1060	57082
1063	9833
4710	4718
6130	6229
7305	23601
1933	3921
9371	147700
50838	259295
4539	374291
79682	387103
2873	285231
3187	7919
5903	9631
6143	6223
335	3698
6139	6181
3134	6890
4174	81620
5739	94235
7454	8976
3837	57122
6193	6222
6141	7311
3619	8243
5684	8658
861	6595
226	6678
9382	10905
6209	55127
4237	10516
6152	11224
4716	51300
3921	6228
2197	6235
338	350
6135	6167
27125	55840
64951	64979
29093	51258
1495	4301
55863	91942
6227	6233
778	10369
830	1781
6218	6230
1062	5516
133	55970
1173	10552
4173	81620
197	2153
126638	147409
8843	338442
10388	25777
344892	390064
6201	6230
6133	6232
1398	9844
1555	54600
3978	7874
4544	5443
9739	55904
3491	5954
4288	10112
1116	10394
2788	2863
2997	6233
51725	55819
6205	53918
377	51014
3685	5795
10484	126003
8570	22894
6307	51478
1308	3691
6141	6147
10282	10652
1063	9793
64979	219927
3921	6155
23332	57122
5339	6234
9833	259266
6138	6229
1938	6141
3909	9459
6124	23521
1297	4684
6139	6235
29127	81930
9716	23350
5437	23524
6923	122809
151636	285231
5438	6637
6124	6232
8477	55970
5590	50848
4173	7298
1063	9700
2683	5660
988	203068
5704	5714
7004	25937
23224	23353
1315	3796
102	160364
28514	54567
6129	9349
472	4439
4513	4537
11095	157869
3659	5371
28981	64792
55703	84172
2023	5315
6229	23049
2268	2817
1783	9371
6370	11251
6152	6155
1062	151246
6130	6208
1933	9349
6235	27340
6133	6176
10657	11052
174	2243
2305	5518
9055	11113
996	1017
26224	84085
27237	29984
51143	79172
6249	8826
9787	81930
383	3240
27089	84833
3909	10298
7311	50848
5048	7531
11202	25818
6205	55272
116	59350
6167	6207
3312	10808
3710	10235
2071	9015
6133	23049
6160	6205
3105	3659
1062	5903
6130	6170
6429	10946
9738	54806
102	5795
1559	2326
2683	54918
6176	6205
6129	6175
377	1781
3675	3693
7337	11275
2149	2151
6128	25873
6160	6165
1453	6218
9276	51143
7204	60675
6125	6194
5004	5005
886	887
984	80254
890	9787
1495	5770
3921	6167
6143	6159
1857	6233
2243	5345
5584	117583
6201	6207
8480	51213
2197	4116
1063	7153
1991	3240
6232	27340
890	9833
8453	115290
51510	51652
1477	6431
643	50865
7057	56999
6139	6202
65264	115290
7520	79840
6202	6204
2817	7525
6130	6167
6130	6194
1495	7082
55143	220134
3685	3897
1639	24137
5708	64750
1829	5493
1915	1937
6233	55670
183	3357
9128	11338
6161	6205
1327	29796
6232	23049
4508	4509
5903	54821
2932	5704
3691	3918
8945	11059
920	5286
719	8514
6625	11100
197	3827
2934	51411
7520	55183
2801	81562
6133	6222
6139	6194
7175	23511
1398	10818
6202	9045
6168	6169
9875	22984
6830	85403
6222	25873
1981	6210
23112	80012
64951	64960
5725	9128
5699	11059
1278	1634
5571	60673
160	6233
3054	80335
4998	7027
9416	55660
6155	6207
5094	23020
4736	6189
1453	653784
6142	7178
9968	10499
5781	259230
6122	23521
9782	27316
1956	3691
1717	6307
6144	7311
4853	6868
6385	10755
1669	1991
1453	6208
10693	63971
1642	56852
4627	5898
2623	10661
161	3482
6727	140801
399	9828
9820	56658
55850	113220
6136	6206
5868	26130
5928	57459
51690	54464
55055	79172
2967	51426
6133	25873
6156	6229
3685	10970
55746	57122
3978	4174
2491	57551
4707	54539
10972	51128
966	11314
6154	6175
55967	91942
1950	6678
1453	6207
156	301
3911	3918
5422	9126
6207	6228
84902	91147
6135	6139
6138	6152
6137	6223
1915	6141
10813	10885
3678	5329
11065	83461
3006	8337
26146	64792
5880	91614
3895	84141
6137	6176
6175	6202
11102	84946
891	995
4734	26091
3685	196527
6161	6228
6144	6230
9672	64131
6125	6135
6135	6229
5747	23209
8365	85236
5717	9020
5516	51143
6204	6227
8581	154064
1738	4719
9666	115290
9700	57122
6223	6228
1062	10051
11196	126003
915	3702
6210	6228
1665	5439
6091	7852
60560	80155
8648	23097
2207	5338
6194	6203
60488	85476
1329	27089
54821	57551
6161	6227
6154	6230
23327	89910
60	1072
6204	6228
11004	51512
83551	319100
23291	55832
2491	5903
6189	6232
3718	7297
55832	80204
983	11130
11235	25843
2197	6158
830	5870
2185	5879
328	10038
6125	6144
6147	6222
6144	6169
1121	5869
112	5660
920	3702
5433	8085
10484	51014
6144	6168
6201	6222
6168	140801
6129	6209
9276	22820
374	2069
7311	65264
336	51156
351	27242
51213	79228
4713	9551
3827	5345
11325	84844
1063	3832
4695	4713
8351	8365
6155	6160
974	1445
988	79869
4887	346562
5696	6890
26190	54165
6637	51690
4999	5000
1778	84902
7204	8976
993	1111
6037	8635
6752	10563
623	56923
2491	55055
5438	23524
6863	23620
8349	126961
26239	353132
6159	9045
3351	346562
23398	85313
6626	11338
27340	55720
6154	6206
6142	6222
4707	27089
3690	3791
6184	100526842
8175	84811
940	8516
1314	26286
3106	3133
2799	5834
51143	113130
6207	53918
6204	140801
4514	4519
6168	6205
5717	200734
6139	6161
8453	8697
2695	122876
7311	26043
64946	147841
1287	5155
51649	55052
393	5879
11236	79139
1774	5199
156	2863
332	7272
3913	375790
51088	55832
345	2262
5903	23511
1911	23028
7097	7124
6210	27340
6157	6201
3313	23511
9844	10787
5829	9459
6125	6189
10663	56923
5336	118788
9968	23097
27316	220988
393	11015
1595	6307
6137	6158
3685	199675
351	3491
905	5431
6182	84545
4700	54539
8655	60673
6173	6201
1387	5437
3437	10561
9348	10082
4710	4726
6137	6206
6122	6124
51121	79048
1329	1351
4599	4939
3685	5829
8514	10857
1981	6205
8972	93432
6205	6232
5361	55558
6830	9646
1991	4332
1290	1303
5336	7525
10926	63967
6143	6209
930	973
4303	5901
6605	29117
6122	6205
5903	10274
9341	54874
51373	64951
954	158067
4809	5435
6136	6161
3017	4609
3433	4599
2788	3269
81	7057
6233	10401
219954	285093
3822	8302
6181	6229
187	5196
4736	6164
518	521
29088	84545
3849	140807
1946	1969
671	1669
1783	5529
4701	7388
9700	25909
26146	79989
10403	10592
1499	128239
3017	121504
3434	9636
3673	3691
10592	259266
813	3491
10663	259293
9276	64837
54778	140460
1137	1141
9277	84946
2107	6234
8698	59340
7410	63916
1555	1576
51069	55168
3912	5954
156	351
6125	6228
6176	11224
55168	64928
6158	6208
6160	6169
1453	6202
5435	6875
7326	26259
156	2767
991	29127
1876	10445
6164	6232
11014	51014
5704	6223
1241	29933
5422	55388
7311	64750
6169	6227
2197	6223
945	84418
1268	64805
3113	3122
2792	7434
6122	6128
6233	54363
5879	5898
4735	7283
988	51645
6218	9887
983	79959
53981	79869
624	339403
1915	6205
6207	9045
5432	27125
2960	55726
4543	4889
6128	6235
6135	7311
6210	7311
22954	65264
1937	6130
9833	10403
6218	55127
8886	9221
8337	126961
2153	2243
5394	55127
1933	6218
3855	3872
29127	55165
1938	6142
5438	5440
3909	4233
4713	126328
4670	51729
5725	220988
966	326624
70	345651
4602	5432
1981	6135
1069	10426
26155	65083
8704	55624
25898	26046
2033	25885
10726	55143
6128	6164
5519	51400
4707	4713
2002	6722
26043	55666
23291	197131
672	5893
5694	7979
7531	81565
3304	6233
972	3113
6698	6707
5519	10274
1291	5033
2204	23601
6194	51187
6231	114987
226	7167
6130	7311
2060	50618
3937	55740
6142	6228
23122	57551
891	6249
1536	51382
6502	136371
10885	81887
8775	91949
6142	6223
1394	5744
5540	6755
3911	10298
208	2475
3675	3683
2197	25873
23047	55143
4641	5898
4116	6637
6201	6204
6175	6222
830	11127
3009	3024
4736	6154
127247	148581
345	4036
1595	4597
8290	121504
2071	8450
3491	3912
567	3105
10403	26271
11167	54972
10482	23279
4734	23291
10232	94025
9782	10949
6461	9844
3301	10808
1365	24146
6426	7919
6138	6175
5438	27258
6158	6218
6923	54623
6144	6147
6426	27316
25885	55720
6133	9045
3221	3222
1660	2130
5196	56670
8317	84515
6130	6218
3903	326624
3937	7462
6130	6202
9184	57405
3633	29984
6141	6142
3433	9636
5438	51639
5777	10630
60488	64963
7018	9829
8341	8970
7514	81930
1292	1295
6491	284403
3912	11098
6709	56729
6128	6139
6209	140801
988	55631
1329	29796
928	113177
23317	54918
1237	4986
3135	3821
2197	27340
1660	23283
6850	9564
5717	6790
92170	503542
3191	10492
6193	6202
10059	55669
8349	387103
6222	6229
10394	56729
10540	80184
10232	130576
6139	6232
1981	8637
6161	6204
8976	115548
2132	6385
26190	57542
6870	56923
6128	6222
3619	10735
3913	11167
2521	57794
8349	317772
6132	6170
9493	10121
1832	5493
1956	284119
7027	7298
2683	2720
6138	6232
6428	7919
10713	23350
2359	6370
6152	6229
6128	6129
915	919
1445	2213
4008	7321
22974	29127
10959	55605
6170	6173
551	5021
8175	57794
1778	79867
3313	9093
23658	27316
142	56655
5880	80728
9277	80135
6134	6202
890	151648
50813	84727
9133	9833
28981	79989
1291	5351
1994	10498
3579	729230
1781	11190
10885	22803
4724	4726
3845	4763
3062	6869
6139	6147
6218	6231
54876	54939
5434	27238
778	779
5331	27334
2197	6125
1915	6139
9791	81490
4736	6207
920	2533
6223	9045
683	932
10274	10403
3998	10959
2912	6751
64928	64979
6167	6204
11004	113130
8607	26121
8544	10787
1576	54600
65993	124995
3921	6157
54578	54658
6154	6170
4689	7409
29127	55872
3912	10971
1915	1938
3915	10970
3921	6232
9655	9903
6130	6133
6518	326624
57154	65264
2625	5241
9652	23517
51023	64976
5432	23379
1287	3688
6233	9927
988	8243
3912	4233
163	5869
6128	6231
4736	6181
6156	7178
372	57511
25879	84294
57154	151636
6159	6227
4088	64750
1630	137970
2683	3920
6170	6181
8548	64746
11004	259266
1315	9371
4702	4718
8515	22801
996	51088
6208	7311
8065	84259
3915	10298
10121	11070
6202	6205
54509	445328
5880	27237
10914	79869
1365	100506658
56923	259295
84648	353145
6229	6232
3133	3660
4172	81620
6173	25873
23063	23244
3921	6159
1994	10949
6210	9887
338	1080
6925	6938
3491	3915
4332	8635
3913	11098
6124	6138
988	10657
10970	54972
1022	5432
8463	10413
6625	23524
51465	84541
6699	6707
10432	27316
1665	5725
1956	3675
79473	344892
6207	6233
8886	23560
6167	6224
1936	6132
2935	6217
90293	140458
5430	10250
4998	5422
8349	85236
6158	9045
1062	10403
5707	64750
6188	6189
1524	126006
11037	84251
6711	11014
26589	64928
11329	55233
6204	11224
81567	93100
3853	196374
3710	5330
4116	51639
8085	23067
6124	6159
4700	9551
6132	6173
51023	219927
6204	6233
9045	10399
5878	11252
6133	6161
471	441024
778	783
2935	23049
5869	25977
1347	84833
996	4734
3433	4938
988	24137
7272	10592
3918	375790
3192	23283
695	3937
5708	51330
6128	6204
51728	79622
537	10159
335	2262
5869	22905
2621	10272
6231	9887
7424	8828
988	55183
6130	6207
9903	221687
4716	10476
26190	197131
9136	84946
636	23299
6206	140801
335	3827
389	7204
4725	4726
28	2524
1118	3417
2788	50865
6202	6222
6142	6167
10403	57405
658	4092
140881	245911
9416	10949
4536	4537
999	3691
6222	6223
8329	126961
521	7388
963	7805
9870	57542
10075	84231
22954	23291
87	6385
1810	26009
1956	5879
23322	80184
6152	6164
6136	6203
388	23526
1660	3190
6125	6142
5438	10302
3185	5094
8514	57153
60	10095
7283	22897
335	345
7979	9978
5869	7316
1601	8027
5430	9611
55125	79959
24137	64837
9306	90864
2318	3688
11222	84545
5985	8914
472	64421
3312	10576
695	6850
9636	11274
1605	3688
375	1314
6631	27258
81	55243
9969	23389
5741	7434
6208	6228
3685	84329
5869	9341
411	153642
6144	6203
5196	11251
4057	56729
2935	6170
6133	6137
6167	9349
6229	11103
3135	3663
6137	6168
9738	203068
51649	54998
8648	96764
4670	23020
6426	6432
6143	6210
3675	3915
3190	55749
10489	84231
7082	100506658
9371	23095
2348	11316
344892	390326
867	10097
6229	27340
1981	6209
3832	54892
287	10121
1915	6228
6158	6176
10236	51729
2692	2838
64979	118487
219960	285093
10528	51154
6667	8648
513	374291
9416	10236
6161	7311
4726	27089
8243	57082
1116	1669
140807	319101
9724	27042
1981	6160
7311	84133
4734	23327
1907	64106
1072	5216
6176	6206
3240	5199
3184	55749
2918	4985
79867	91147
3880	144501
6137	6173
6144	9349
2132	375790
51426	57654
4694	4710
51692	51729
7316	10552
259290	259292
6122	6208
3672	6709
11218	23511
2784	6752
374	2065
6230	114987
1665	3190
3482	5868
5695	11047
5714	28987
4726	9551
6193	92856
2244	2266
10199	84946
10466	79571
6168	6223
6171	6228
10013	57649
6207	7178
6628	8683
1356	29106
57153	79895
9221	84172
991	22974
3797	24137
5869	57403
5594	5781
5705	5706
7311	9320
6139	6141
1595	5447
1559	1576
3953	6774
4700	4709
6144	6181
8329	8337
1933	7178
7184	9601
25942	51317
57542	144699
6193	25873
6208	22803
4969	11081
6208	6229
6233	23586
8329	333932
1394	4160
1956	10413
6157	6222
6154	6201
5929	8816
6167	6201
2186	8467
317	835
5434	10594
5610	6774
6133	6138
999	144100
1816	3973
4254	7409
1783	2801
5695	5700
5901	729857
22974	23332
6144	6235
1665	55127
7984	54509
6124	51187
6159	7311
6141	6193
54998	57129
51444	57531
6218	6234
10992	79869
160364	170482
2185	9475
9371	51014
2185	2268
6138	6173
915	7535
51081	118487
7311	8347
336	345
4088	5054
54821	79172
6124	6173
1495	3799
5822	8568
1314	22872
29093	92259
1499	84962
26224	283807
2956	4436
6167	9887
3681	22801
2206	2207
4297	23309
11113	259266
11176	23309
8974	29920
5880	10298
5868	22848
6125	6143
4695	4707
2064	5747
2792	65055
1063	4288
7031	7033
6135	6194
54998	55052
9790	55127
161	6233
6134	6193
595	5707
5119	9798
6158	6175
10970	84141
2784	4985
1645	8644
4538	374291
920	5335
8687	8689
6168	6208
1043	7512
4952	7311
984	1453
1665	10885
6678	7424
1303	55214
7082	25937
6159	6203
8243	10592
123904	146183
2776	5331
891	22974
6161	6207
9564	10787
4584	26290
205	513
85476	116540
6124	6139
81	6709
54577	54578
4159	53831
9648	79571
2034	3091
3921	6194
1785	6869
187	56670
9382	9827
1742	8831
156	8477
2623	6886
813	5954
3659	7706
1595	4047
123099	340485
7343	9112
377	10540
399	10144
8925	197131
6154	6165
6605	11198
6125	6233
5526	7316
3183	27238
1981	6202
6924	22916
3619	81930
51289	259292
2071	10920
1439	3635
10949	27316
285093	390191
2767	8477
79172	348995
8087	9444
6728	51121
6227	25873
2197	6156
134	6376
6156	6159
6129	6139
2023	2026
6165	55176
5529	22919
1981	6233
6709	8729
6518	10970
3178	4670
3837	3838
6154	6208
7324	79876
836	6789
10618	23431
5829	6461
3767	6833
3837	9972
6161	6169
6205	25873
258	5179
824	831
1994	3190
4584	140453
8945	65264
5338	11145
6161	11224
2886	5155
5688	11047
3875	3880
5528	79172
5739	59350
3915	4233
10097	10487
11169	79915
9126	23244
163	8027
7466	51280
2965	9646
9294	64805
5700	5702
6143	6173
6636	84844
5328	5329
11274	23586
4599	23586
3274	285601
1783	29127
8687	286887
695	5335
6159	6207
5878	7037
301	302
6227	6235
3916	5878
8334	8337
6194	6201
23322	79867
2036	8573
5436	85437
11325	83443
963	8514
5610	11274
988	1660
26190	55832
6188	10480
6159	6232
2125	5493
3856	5493
2197	6167
70	7137
10097	10618
55055	57551
6136	6157
383	10394
2811	2815
988	79595
6201	9724
6223	9349
26005	80184
3190	3191
331	6233
5929	23067
641	6118
208	57148
1445	9564
1445	6714
3911	9459
6139	6173
5737	56923
6157	23049
6154	6167
7175	23279
6165	25873
6138	25873
1857	2932
6230	6234
551	4935
9632	22872
8329	653604
1665	84172
6228	23521
6144	6205
10163	147179
377630	401447
6206	6210
2194	6319
1824	25818
113	259285
401505	100188893
6138	6144
6160	6224
1665	1994
9793	54821
1431	4191
3017	440689
6142	25873
3921	6135
134	728
10236	10594
10112	64837
10964	55601
1915	6204
6154	6176
3921	6147
152	11255
1548	1553
27334	55970
1315	8729
3619	10112
1366	24146
7311	9870
134	5697
1991	10394
64951	64983
2740	94235
122876	594857
6156	6202
695	3710
5286	55361
6229	11224
3178	6428
2525	10331
6194	6228
1292	5351
6137	7311
2792	2918
6692	6768
25873	55272
9282	9968
1434	3838
6201	6233
26155	117246
1299	50509
6164	6194
6337	7311
6129	6135
6233	90293
6616	8673
24137	29127
136227	340267
811	5589
3185	23020
114	259285
80321	121441
3017	8365
9787	64151
6129	6233
3113	3123
6218	6228
2200	3678
1291	3685
3356	5731
22826	57819
1230	55970
9883	10898
121504	333932
10236	10291
399	445328
28973	64928
51429	152503
1981	1982
11051	85313
2207	8514
3895	5879
10376	150465
108	797
1499	6233
6184	6185
23160	56902
1854	7298
81	1495
891	8697
79501	285093
7158	7311
7311	57530
2247	3685
3937	7305
80321	91147
348	5360
10970	79895
90	659
551	3062
5828	5830
988	51362
6143	6206
6428	348995
3859	125115
1154	23014
6206	27340
391	94134
7311	9045
22974	23397
160364	338339
636	25782
64792	92104
3646	6156
8349	121504
5718	6790
6165	6207
23279	57551
10274	81930
1793	7525
7311	8334
2770	55970
6175	6176
6209	23521
2962	57794
6146	6204
4536	4538
5332	55970
3619	9972
29126	80380
10142	80097
64792	79989
1788	57332
6157	6207
1088	138050
1991	6709
3434	8638
999	9839
10959	22818
259290	259293
334	3491
2099	54828
7311	124739
6147	6176
4935	347148
11190	23332
29984	89941
1829	11187
8945	9666
6130	6209
4092	5500
1824	11187
5335	7305
867	5781
23014	55832
336	5948
6628	6636
3903	8514
2197	6144
9793	55755
55279	285237
1660	3192
3301	3320
187	6370
5725	51692
9533	64425
8969	653604
9585	10112
2535	2790
6125	6161
64963	92399
64682	84085
6139	6234
389	6242
6125	6181
54480	55790
3190	9716
8976	29763
4734	26190
6432	6628
553	64106
3191	9987
8612	166929
9700	23279
4543	5179
6203	6206
2147	3827
6175	6207
10618	22848
6210	6222
9265	27128
7041	7414
10952	28972
57082	79172
6132	6204
335	338
9320	197131
2242	5361
521	7381
6272	79158
6161	6167
55872	157313
1738	4191
51289	339403
116	4914
4519	4538
25831	80204
7311	23586
11021	23011
10403	220134
7189	55626
23524	51639
4713	4725
377	830
6124	6230
5438	85437
3921	6168
9144	11322
6375	6846
521	10632
9700	64682
6152	6224
4736	6155
6146	6152
2893	57622
10316	729230
7003	8463
514	10632
6204	6206
5699	8945
3320	10598
6146	6218
7311	23607
1969	25791
567	6737
150	1237
5529	7514
3214	3216
3688	7052
6204	6235
25926	84128
6133	6230
25942	57649
6170	6235
50832	54429
6189	11224
23014	56995
3842	10527
117	7434
10921	55746
5746	94235
1364	1365
8853	11015
4194	7316
904	27125
399	4983
6185	57171
10022	56923
890	64151
6139	6159
3920	55754
1915	1933
983	9833
920	8976
3313	5903
6189	11103
6158	6160
4952	8976
8314	23512
1915	6230
1445	1956
6262	11069
1133	7200
29127	64837
6625	51639
3355	5179
6168	6203
8607	54881
7514	55746
566	4069
2551	4899
6155	6209
4087	79753
11222	85476
1908	2865
6157	6232
5688	5706
23291	89910
399	80728
10458	55740
1129	2912
389	94134
9493	11014
10403	81930
963	1536
988	10236
7311	54165
4702	7384
2792	594857
1289	7373
6204	6224
10921	51692
10540	57545
6637	51372
5347	5528
2550	3579
6146	6165
6158	6206
28998	57129
26524	126374
6427	7307
10413	25937
3113	10346
2071	6878
3903	84329
6625	10236
1345	4695
5093	6625
6175	6204
4537	4538
6232	54821
161	8650
4695	4726
6152	6208
3055	5747
6130	6141
111	10268
4734	8453
5335	8698
988	56852
1824	2125
6125	6168
1915	6134
351	7184
11021	51762
6228	7311
988	9475
8334	8347
2767	64407
96459	201163
846	6870
4538	25915
2099	9687
7311	56288
1453	126003
6175	7311
6206	6222
10907	51690
890	55165
4538	4541
3998	22872
10767	22894
6201	9045
26046	151636
6144	6232
22948	84617
6128	6207
1956	55914
7337	84085
140453	192134
10293	200845
9585	81930
6154	6235
5861	11014
55726	92105
5715	7314
3192	10921
3187	10181
54742	80328
991	55355
6130	6232
6625	11338
4717	4724
324	1499
6122	6157
6136	6173
10489	54778
2863	5332
2209	6688
915	286749
9757	23067
545	6233
640	3932
1081	7252
4171	4173
10274	10735
6173	6181
116	5746
54069	79682
6633	84844
1859	5928
1398	3937
1656	27161
6147	6206
2207	100049587
6128	6157
23279	23511
6428	220988
2691	5739
988	10592
50831	339403
1315	64837
8337	8365
109	53829
25885	84172
6155	6168
7139	7431
6160	6173
8450	10401
6156	6160
6168	6727
6208	55127
115106	440145
6133	6201
2033	23013
7919	27316
3672	3915
2847	594857
6181	6189
4735	57545
1813	4283
153571	153572
3017	8969
6165	6169
10885	27340
51715	201475
23291	51122
983	26005
966	64386
9493	10540
11059	23291
4069	8635
10949	23658
991	51665
6159	6168
5584	56288
10693	11328
9246	11275
3326	10576
2994	6005
3921	6164
23112	26523
1832	2125
10574	10576
50835	50838
966	2207
6241	64151
3799	9493
6154	6228
2519	3074
79682	147841
4513	4519
6142	23521
4508	4535
4343	7311
6165	6229
26271	51053
5590	6714
2792	3763
3848	162605
6143	6171
3312	6804
1816	5744
55008	57154
6173	6203
6125	6175
553	1907
1111	2178
6189	140801
3190	10949
10283	23398
5528	10726
1915	6175
2956	6117
8189	51639
701	10615
5707	6386
1048	171169
1058	79172
4736	140801
6667	23248
3133	10475
2798	56923
84643	93661
6139	6193
6632	57819
22984	23223
7316	54677
111	51764
7514	23244
800	3693
8189	11100
6138	6156
1121	6764
10155	201514
3181	4670
6129	6194
6164	6209
6224	6232
26190	55236
6160	6222
6434	220988
26091	151636
51692	220988
8452	9870
972	3111
9787	11339
3267	5869
10199	84128
3015	79682
1386	6605
6461	10787
3688	3915
6130	9349
55081	150737
7453	8565
4172	10714
1956	54874
55008	64750
3915	6714
6429	22826
23112	27327
6231	6233
23107	65993
3685	7525
3912	59277
6169	6230
55336	118424
6714	375790
9706	22863
1062	51143
6202	6218
251	23627
7311	55432
6135	6175
11059	65264
1915	6142
4541	4712
5339	6133
5970	23291
2957	6619
6430	22938
6203	6224
6152	6203
2243	3698
2893	27092
7175	55746
4297	51230
4670	9128
3192	10523
3433	91543
695	5777
4116	6170
51264	51649
6233	158506
22845	57171
8329	440689
9126	9700
2023	5230
6228	6233
147	2150
3111	3113
5528	9700
8976	9341
5347	5905
1956	7311
1062	9493
148	886
1025	23168
5978	80012
5692	5710
1813	6364
51143	151648
2151	3356
10892	257397
6201	114987
1292	55214
1022	91603
5422	10714
55252	55777
6222	7178
990	9491
5347	10112
1062	64151
55055	151246
2197	6168
2207	3903
1236	5443
6142	6227
5023	10970
701	51203
6155	6175
9439	9611
7153	56992
57678	253558
2837	84539
3071	10787
10236	11338
6223	6234
3655	3912
705	56919
6170	6188
6146	6173
383	4353
5094	10236
1062	83540
5903	25909
671	3240
6175	6181
7343	10919
51264	219927
10250	23636
6233	7158
6869	84251
988	55770
80184	91147
3685	3695
3283	6718
3491	10970
3619	151648
3643	9021
6122	6202
325	3015
7456	10458
6167	6176
350	5267
3240	4069
1902	63940
6222	140801
10949	220988
79172	151648
5700	5706
719	8895
2817	6385
8886	84172
6230	23521
3713	23581
9055	29127
8334	8365
898	5704
5861	10959
1894	9493
2803	5870
6139	25873
846	339403
6152	6194
6125	6202
5528	9126
378	51014
6130	6189
5094	51692
351	3913
11091	81887
5788	6688
4171	4998
6176	6201
6141	6234
891	55165
6233	84231
1033	9787
10489	79654
6176	23521
55720	84172
5977	57492
5777	80184
23223	26155
6637	51503
846	56923
9793	23332
10121	10844
4641	10552
5590	7311
3111	3122
6233	22848
4809	84844
5529	7525
6128	6224
4014	5317
51081	84545
1062	9276
5433	51362
2222	4597
1983	6176
5199	10394
344892	390084
9276	11070
4707	51079
3718	50615
6249	54908
8878	55669
4736	6152
6160	6210
8636	11258
1314	10945
1455	2810
6155	6181
2066	9542
514	4700
4541	4726
50838	259293
6790	9833
6636	8683
51068	55153
2920	3569
1329	55967
6133	9349
1915	6130
79869	84248
1956	5829
553	23566
2537	4940
1499	1969
5611	10525
9133	9232
5660	84061
1213	6233
29927	100526842
2792	219438
10885	84172
54821	81930
3887	3889
9978	81559
2790	7204
10161	257313
29796	55967
6129	6136
689	4666
351	7466
7756	64149
10254	10552
64792	150737
3183	5094
23412	51725
9410	10946
1994	55339
7311	55669
1906	6375
4947	5708
2535	4919
7311	158506
26118	51088
9350	56963
5196	5473
999	1942
6135	23049
6130	6175
3912	7184
5093	5434
4670	6434
3109	3119
2533	3937
5179	9210
6139	6218
1670	1671
996	115290
10749	51479
1445	54845
6631	84844
1268	10803
4736	6159
3848	5644
332	9833
9493	81930
3921	11224
4439	6118
6921	10987
10857	10970
22954	57630
344892	390061
10274	23279
4519	4541
6122	6232
55142	146057
6129	6228
3579	57413
2521	220988
3685	4035
5347	11190
338	4973
6154	6227
6135	6204
10425	63891
6950	10376
988	3837
983	3832
22919	54821
10332	30835
6363	10563
6218	23049
1237	9934
4436	23028
514	1350
8729	10121
5443	53831
6161	6203
3356	94235
23067	57690
6047	9604
1915	6147
4738	5693
963	84329
6556	338339
7311	9887
6206	6235
3897	3912
6144	6155
4609	85236
6158	6181
1933	6228
2837	5331
6272	9500
6141	56915
10594	11338
6165	6168
5829	7534
5695	6790
8687	54474
81794	339366
1453	10427
6327	55800
6202	6207
5173	9934
6168	6209
338	5948
1857	7311
1116	5005
5905	23225
4172	4678
5887	8450
3109	3113
462	2243
4999	23595
6159	6234
3676	3691
9341	10254
11224	23049
8337	317772
6144	6224
6133	140801
6383	10082
4509	4535
351	11167
113130	348995
10403	56992
6869	10874
6146	140801
3430	8638
10269	23463
10197	64682
6210	25873
5093	10594
5970	57506
6222	6232
5609	9181
11004	23332
6146	6164
3191	9716
22856	55454
6155	6158
4710	4728
831	3688
51068	117246
3105	3107
5693	5705
1994	23435
9904	57696
796	5745
6137	6234
9742	23059
1544	3620
6455	23149
6128	6218
115290	126433
890	5516
1968	8661
6189	25873
388	55843
332	1063
4700	29796
6169	6222
5879	6385
891	81624
1778	24137
1907	10874
5869	10254
2767	55970
1793	7409
2817	4035
7311	10818
332	9700
338	3827
11065	64151
4173	5983
81930	259266
54677	83752
26123	79600
2207	2212
400	25839
9181	171177
55055	81930
5695	6500
6626	27316
7311	9349
11187	64065
990	84515
79895	100049587
2268	5829
6141	6205
6208	6224
9700	57082
6122	29997
3683	3695
4713	4724
54552	55720
4886	5733
3092	6233
2189	80010
2935	6203
6189	6227
1576	2326
6165	10952
3799	24137
6156	6173
6135	6202
5708	29979
2797	2828
1347	4695
3572	3977
2967	27125
6201	6229
4313	4325
6164	6181
6209	9349
3101	64841
6142	6206
3190	10236
1398	7525
9412	9441
6135	6222
2776	2788
6128	6133
6168	6193
335	336
23451	51692
389	9938
2695	2784
10952	25873
6829	55726
6135	6189
2792	122876
8945	9870
3692	10969
2792	5741
389	10398
6193	6205
4710	29796
4539	4540
1601	5878
2917	4986
3048	3050
6168	6201
6234	23521
4736	9045
9040	10517
10121	26123
7311	126433
6230	6235
6135	6210
26268	84085
6142	6194
4736	6128
9833	51203
54998	219927
1947	2049
6124	6205
8729	10945
23586	29761
6790	121441
6059	8886
3609	5725
640	29760
10733	79441
1174	10016
2873	90293
6208	11224
9833	29127
6175	6201
6138	6170
11004	54820
3921	6209
3320	84962
11251	94235
102	5954
9320	144699
7311	154214
6135	6233
580	1111
6514	6927
1894	10112
54845	80004
11137	84916
151648	348995
6209	6228
1536	2204
6142	10399
6205	6223
6137	6218
5157	7991
6156	6165
10412	23517
1281	4060
6049	26224
9585	29127
6122	6139
324	54764
6218	7311
672	55215
6152	9349
6201	6232
25909	57551
3553	11213
23326	79595
226	2023
5983	8451
6793	10857
6233	8450
6167	6168
8542	84141
6159	6173
966	79090
344892	390059
5476	5834
4624	4635
3886	286887
4736	6147
3619	54821
4792	5714
1994	8570
6776	26228
133	79924
9611	23118
1233	94235
4998	5426
9055	9928
8969	440689
9972	23279
8337	85236
57154	89910
2048	25791
60	5879
5868	8301
904	5451
22863	51422
28972	90701
6714	57670
6170	6189
5829	7525
4542	4646
1824	1825
1983	6234
10749	51014
6139	6164
8655	79023
919	3559
5869	8322
6147	6173
3192	23020
1237	5173
6209	11224
6167	6208
351	83706
5707	23526
51650	64976
302	23197
130340	152503
3488	54757
1911	6045
9793	10733
3170	3651
64131	375790
3855	3868
10425	79876
1662	10528
78988	116541
2935	6189
23014	64410
5707	7321
4172	7298
79895	199675
3189	9987
6233	83987
6125	9045
7320	7322
7124	7316
8347	317772
6168	6231
6206	6229
1942	1969
6144	6189
5518	6235
6205	6230
988	23595
1605	10298
6142	6156
5364	6405
6233	23014
135228	266727
5430	9282
1781	29127
226	7057
3664	23650
4508	4538
5547	10970
3852	196374
5879	9046
1933	6155
350	2147
1933	6152
4586	4588
7314	10920
2913	84539
813	1435
2798	10886
999	1001
4697	55967
1241	1902
6193	6218
1803	59272
10970	326624
5880	64333
91147	121441
4736	6176
6132	6168
6136	6152
6138	9349
54069	64946
6146	6229
712	713
1856	27130
3354	6387
23160	55127
3190	9128
1290	3685
6139	6165
6147	6209
1933	6169
56923	259287
2784	2847
81537	259230
6233	80351
102	1499
1717	50814
1650	6185
3267	5868
9320	64219
8729	10959
27095	149111
567	3133
6165	9349
3685	5817
5441	84844
9793	10274
2917	27199
6790	29127
6158	51386
3689	199675
2266	51156
6189	6235
1794	9844
377	11014
8453	9820
551	104909134
6230	55272
6159	6160
6146	6161
3837	55706
64318	79954
5048	79003
7158	8243
553	4935
6223	9887
6836	29927
1981	2197
1050	2322
6155	6194
3355	4889
11190	121441
53339	140460
6632	51503
55090	55588
6154	11224
2358	338339
8452	26091
3685	3688
8662	9669
3433	23586
5709	29882
5196	6370
6165	9045
5610	23586
6167	6222
932	3689
9343	23020
3855	3866
6189	8562
5338	5579
6430	6432
338	4036
6500	64320
6363	6373
6135	6208
6137	6201
701	4173
5720	5721
5433	10772
377	5861
6135	51187
4792	5687
54577	54657
988	6602
2197	6176
3320	9844
1282	1284
10772	27316
1832	11187
2917	5173
3309	9601
6159	25873
4588	26290
4670	5725
6188	6235
920	1234
6167	10952
5747	11099
1453	2348
6133	6207
8106	9410
3185	3192
6233	8322
146	148
3833	9700
7311	89910
351	9002
5023	5795
999	8907
6202	6235
871	1287
23160	57647
891	54908
8334	8349
4948	7299
6678	7057
29984	55843
259	2244
3741	7881
8541	64130
9021	140462
1915	7178
6599	6602
4591	65264
1778	9493
2071	6873
4707	55967
1933	6133
1337	1351
1650	6836
9604	83737
1292	5033
22984	54881
4069	5657
4713	51079
2491	22919
6155	6176
6154	6155
6165	6235
8655	23218
3376	4677
6144	6207
10969	29997
5516	5711
3055	6503
6218	6233
8085	9739
2805	3242
6432	6434
8412	9564
472	84464
8329	121504
6160	6194
388	399
9493	10112
1453	1855
5872	8766
864	10413
4695	29796
1956	115548
5546	10262
6233	56254
991	5905
9700	23122
60	10093
6429	9410
3111	3123
6152	9045
4586	26290
1063	22974
64946	79682
6202	6227
1894	259266
22948	63971
65055	138883
274	6453
3091	5594
6155	25873
26285	149461
121278	200895
399	1894
1487	5928
3978	4172
10610	94025
1610	4843
6229	25873
22888	51343
9616	28991
6709	51014
3884	3885
2491	151246
79659	92104
9341	115548
23160	27340
10236	51692
8687	121391
7098	10695
7525	11099
6993	10755
4926	9793
85478	92749
1937	6222
8451	55208
7311	8976
9666	22954
6152	6168
5199	126014
6135	6231
3689	3903
6208	6222
164	25977
4085	79682
6159	6161
1983	6223
3635	5286
6202	7178
160	22872
226	5315
1500	7082
6137	6205
7525	10413
945	10857
51122	54165
5930	84961
5928	51317
887	3827
6923	285231
6637	51639
187	1233
1478	9128
5439	6119
8683	9785
8480	80145
6137	25873
1915	6138
3921	6222
1445	5829
4736	6136
6836	9276
6136	25873
6176	6223
6170	6218
3119	4261
6233	55252
161	24137
6136	6165
5699	5711
4512	4536
988	58517
6201	140801
4584	9245
3837	22974
6232	6235
5436	5438
1793	5747
1981	6168
6430	220988
6147	6218
6129	6218
570	54363
4495	4496
1908	84432
64105	151246
111	9283
4988	84539
6193	6208
10324	51666
5725	7536
5149	388531
84078	89890
1555	1577
4986	9934
2865	6288
50835	56923
9318	26190
10285	10713
6703	6704
6130	6142
6201	6231
5529	151246
5660	63940
3797	79989
988	9793
55839	79023
6165	23049
26043	54165
23047	151648
2197	6138
2064	2065
2023	7167
63967	84515
3594	7297
886	3061
3850	3860
1000	56975
3105	3135
26190	140459
966	5023
5438	6827
885	3061
6202	6230
57787	261734
8664	116832
2207	11314
643	64805
6386	10487
2204	79895
3725	4772
2153	51156
1291	55214
1294	2157
3687	22918
2790	27334
6210	9349
1302	1306
1292	10491
10013	25942
4593	57144
2178	6118
9372	25930
6161	6234
60560	80018
9295	10250
6128	6189
2633	2634
1781	11015
3491	3913
1435	84141
6139	9887
868	200845
7327	26046
5930	140460
351	2841
1062	55055
695	5336
6137	6141
4691	10528
7343	9013
2692	5745
10193	10489
6556	23601
6233	26190
8648	9282
4116	6132
332	55055
4540	4695
4088	7048
4173	9126
5116	55125
6136	6227
4953	51686
3491	3895
8689	54474
6184	58477
4697	4708
1933	6204
5393	51010
1933	6222
3799	10749
6176	6224
6233	23049
6128	6203
23451	55339
1233	56670
5436	7936
3689	84418
2914	3350
10232	154064
6288	6863
226	5768
3635	3718
1595	3157
9790	54881
6144	6157
6667	26512
2847	2911
5501	25909
6429	8175
3685	6385
10212	51213
1667	1668
6233	140801
1103	6572
5592	8654
10121	84902
10671	51143
1048	80740
6129	6230
3860	196374
919	3123
3659	10475
6233	7189
1857	55361
3660	10475
6164	65008
6124	6222
393	29984
1063	2305
4848	23019
2788	2864
6207	11103
6707	147409
3675	3918
1577	54576
9126	9793
890	157570
11339	54069
7337	9730
25839	84342
3579	126006
6122	6129
3619	23047
60	57591
8192	9361
4519	4539
919	7535
6133	6202
5744	104909134
5179	5733
6159	6235
5880	6453
871	80781
4724	27089
6631	51639
5981	10051
92369	140458
22897	79598
10254	22848
3212	8338
197	338
617	26517
4694	7388
6137	22916
6176	6232
6175	6189
983	121441
2071	9014
988	9774
398	5880
3659	3660
6133	6143
6139	6152
6165	6202
2867	23620
6160	6161
4519	4540
6175	6218
3491	51280
54939	140458
6128	6167
29796	51079
2123	2124
8805	27044
10199	11102
701	3619
3897	284217
991	2305
1962	6233
6164	6227
23601	199675
6169	6204
80740	171169
10693	84617
5469	80205
64284	401409
2847	6752
9436	9437
3921	6206
6136	9045
521	1350
6234	7311
5516	5781
6144	6176
6209	27042
988	1994
9978	158506
990	10592
6176	6222
3156	4598
3695	8516
7454	10552
108	5179
28981	79659
1894	6790
10615	56992
566	1991
966	100049587
1287	1288
2206	3702
5111	5434
54657	54658
8843	50834
5929	8085
1088	23601
6613	7341
65264	89910
6631	57819
54820	55143
891	6790
9126	9656
9666	65264
567	3660
80321	84902
51079	374291
26354	54475
10574	10575
7337	51132
9045	23521
6231	9349
9556	84833
1946	5294
2803	90196
4712	4713
551	6019
6233	151636
6202	6209
2264	7311
4708	55967
1605	29954
51715	326624
5985	63967
23304	56658
6165	6233
2197	6230
1650	3920
57405	79980
6128	6208
2792	138883
27042	55153
9277	10153
55336	79791
1579	8529
5695	10213
79600	91147
2956	9126
4116	6165
6157	6224
890	9133
1981	6201
10610	143662
9188	54881
1453	6227
2519	11098
9793	55746
341276	344892
1063	24137
4691	8602
4700	4708
1499	5819
6160	6202
8816	54165
10112	81930
51264	64928
6169	6176
5747	7454
4702	4710
1387	3064
1994	220988
6144	6164
4736	6124
5684	5706
1364	100506658
26190	54778
2147	3481
23279	81930
6143	6222
2521	6434
3832	9585
3685	160364
6130	6228
3062	10874
26519	56993
3017	6688
5822	7109
25978	92421
6136	6224
5318	5493
399	7204
10733	347240
2521	27316
1646	8644
1327	1329
26224	55208
1187	7809
2801	9276
2201	4237
350	2266
2790	9138
3913	51280
6143	25873
29118	63876
2286	5479
658	4091
9844	10458
1511	8635
6133	6233
6170	6203
7311	9978
7311	10111
57405	151648
5435	9978
5869	8301
4171	7298
10733	163786
3688	9564
1660	3191
10112	22974
7153	9700
2064	6714
6428	7536
1022	5887
1111	54962
3055	3572
10427	55291
6152	6233
399	9138
6155	6189
4116	6227
3912	6714
10921	27316
6135	6156
6142	6165
919	3122
3797	57539
3064	55660
351	7852
2197	6129
3672	3685
389	90627
23042	23420
4172	4176
29945	64682
27	10486
1340	1347
6217	114049
1605	5829
4509	4538
23291	26190
6616	11322
23	988
4867	27077
4297	8085
4735	121441
6461	9564
4707	4712
8463	25937
1453	6223
3185	10236
5199	6709
3920	6836
623	2861
1058	55839
6237	10371
3797	92104
6138	6164
2537	3433
9416	23451
5870	57403
1062	57551
7450	54756
6164	6202
55781	84135
6517	84246
5529	6249
1017	63967
51692	55339
4035	5159
10236	10946
51067	54938
1676	3836
6230	25873
25798	326624
3358	5021
4295	5020
351	5443
5868	7879
1660	27316
6165	6228
158506	246184
6827	51755
1915	4736
7311	25873
595	896
2521	6421
857	858
8729	9570
54577	54658
695	7454
28987	51388
23586	54476
1131	6869
6160	6223
10403	57082
26476	344892
22954	57542
344892	390063
5426	8317
6167	25873
5266	6699
2197	6204
3304	3320
4008	55236
9320	9666
84946	88745
5347	51343
1969	2048
6175	6228
1915	9045
6636	10465
891	81930
6122	6176
6181	6228
11218	25929
6208	6223
2243	51156
961	54918
6133	6224
1000	10970
8663	728689
6241	10403
226	5223
3109	3127
6133	6156
4171	6749
10618	51246
60560	80218
5597	5718
6698	126638
23244	57082
1956	3688
6205	6206
680	64106
399	57449
50838	56923
595	5708
1398	6714
915	3560
10298	375790
22930	25782
23014	80176
6130	6154
50838	259292
701	1063
9787	55872
7536	220988
3190	5725
1282	10536
8729	9276
3932	29760
11314	100049587
3350	84539
1495	6714
84231	197131
6173	6234
23279	55746
3659	6737
6173	11224
10857	64386
5432	11051
966	6711
1816	104909134
4697	4700
9002	55970
5094	84991
4711	10476
6155	6232
56624	259230
7311	115290
399	94134
2535	8324
5149	54714
1297	340267
6155	6206
6154	6205
114	1814
5557	54962
2767	5330
3396	51649
2641	346562
4242	4853
929	7097
55831	56851
54165	57542
54578	54657
1781	121441
2769	5335
2033	25942
514	4726
9672	375790
11118	11119
6210	6234
6227	6727
3184	3192
6135	6159
6872	81887
4514	4539
9320	26046
3833	24137
332	54821
6125	6133
3185	27316
3184	6434
27042	55127
4775	5534
6218	10952
378	55605
6154	6202
23160	27042
1942	2041
6223	54623
6135	6193
1191	10916
26235	90025
2242	3320
3046	3048
5879	64333
867	6654
51343	142689
2896	10493
5438	6635
6518	196527
3903	5023
2800	2803
1453	6210
10153	55759
4736	6194
2239	10082
23165	51692
5718	11059
5286	286451
23526	51816
55629	65110
1500	3801
24137	259266
2971	3146
3339	3915
25831	57154
6160	6209
51289	259287
9904	79050
3915	11098
9025	9656
6164	6173
4125	6036
27125	79577
6133	6168
6206	6223
5018	6183
6130	11224
3491	54972
891	9493
7316	83752
3181	10657
5954	10970
27229	54801
4343	6714
6164	6206
394	7204
3181	51692
2064	3320
6147	6233
3355	4852
6128	6234
85439	115548
3339	3912
4122	9950
6188	6229
974	5336
6129	6206
80184	84962
5887	7520
4708	4725
3437	4599
9928	11113
8886	55127
9793	113130
1457	7153
2197	6139
3071	9844
64318	84128
79600	121441
1060	348995
6203	6208
10749	29127
6229	6235
1857	27130
79583	80184
2873	92369
9787	10592
1660	4670
6224	6227
5330	8477
6232	25873
79867	121441
4867	79600
5698	6890
197	336
6234	9045
5439	6923
695	7525
6117	7156
3185	55749
27316	84991
6045	171023
779	27091
999	4646
1915	6161
2873	8945
566	1511
6232	6233
6830	26043
6142	6155
1453	5500
1062	6232
3312	8871
1063	259266
5441	7314
6156	6167
4175	81620
115290	143279
28959	55365
2648	9013
4208	4209
5310	9727
1439	5777
6165	6203
899	5930
6205	6234
3190	10657
4711	4718
1781	11014
680	3062
10193	54778
5331	222545
3619	24137
10083	257629
6189	6233
2185	5747
999	3918
3956	7076
506	3313
57721	64863
56945	57129
3854	3861
932	10970
9564	10458
4952	6233
6147	6189
156	7852
2968	9656
3683	6518
6194	6223
2131	6385
10733	84131
389	399
11339	79172
6129	6167
7043	10916
6217	8662
6147	6201
4904	10946
54850	63891
5294	55970
219858	344892
1933	6128
22794	348995
6156	6208
1232	338442
2266	3481
8802	8803
27316	51692
79172	113130
6426	6430
4176	4998
122042	285601
6159	6189
3135	3805
831	5747
3181	3185
5795	6518
983	10733
2623	2811
336	462
1457	10592
5526	6249
8648	9968
8925	10489
6128	6175
7454	10787
3122	3662
6556	84418
7317	10489
2131	2817
9867	197131
5435	84844
10885	26155
22984	23195
2803	7110
4116	6635
4599	4938
701	10403
27089	29796
2735	132884
641	5427
6556	79895
26	10562
6146	6202
6230	6232
6122	6209
389	394
887	4295
8905	10053
3837	3839
3071	9564
55127	79954
1029	1030
81	3688
9341	51429
1880	57413
2048	5921
6146	6727
1981	9349
9069	9076
26232	93611
7311	90293
6155	6208
6193	6228
6124	6194
400	57511
2848	3274
4514	4537
4171	55388
6227	10952
4689	653361
23511	50628
9892	10092
3181	10432
6156	9349
399	57522
6155	6204
9076	24146
6222	53918
4313	4323
345	350
7175	51692
4538	4712
3698	3827
871	1290
6234	27340
6714	8976
6667	27327
5433	55660
6518	10857
5657	56729
9416	51729
6168	6173
6165	6230
3921	6233
134860	319100
5903	9126
377	10749
2071	55677
6144	6229
6143	6202
6176	6235
1994	27316
462	2155
5518	6232
6134	6223
6130	6191
6128	6130
1981	6206
6164	6222
6132	6224
5869	8976
7272	9700
9582	27350
4700	51079
55884	115290
5704	11059
5557	23595
5529	5711
6154	6169
1398	10152
10975	51079
4141	8565
9410	57819
1116	4069
302	2799
2220	5648
3796	3799
23332	121441
51203	64151
4709	4712
8615	9276
6158	6230
705	51154
301	27334
7153	259266
2767	7204
6167	6235
5684	5687
389	6453
51118	80135
6161	6201
4736	6170
6188	11224
7516	348654
9551	27089
6170	6228
11014	23046
8615	9570
6155	6159
6133	6154
3688	3695
4983	89941
54778	57542
9739	26523
2189	7517
6160	6232
10540	24137
50835	259287
23327	115290
29984	171177
29933	55970
10022	339403
2033	9031
187	11251
1907	6869
9934	27199
2813	55350
183	51289
6747	84061
6129	6156
9371	55605
11070	22820
7096	10333
4670	27316
58	5879
3074	23197
1956	5579
6155	23521
6272	7164
680	6869
6152	6189
3635	4233
5880	9844
7311	54874
6135	6155
5708	5970
153	6343
161	5869
9655	84085
6142	6201
55249	55870
55055	378708
9459	29984
5868	10618
6130	6173
348	4036
5439	6621
5747	10298
2537	3430
4734	6047
991	83461
6194	6233
1793	10787
680	10886
1856	5869
974	2213
6223	6224
2305	22974
8347	121504
338	2262
22974	83461
7110	10466
6135	9045
6132	6135
6647	11315
351	7042
6790	22974
3609	10236
147	4829
6124	6156
3178	5725
6224	23049
462	51156
6124	6189
4540	4712
5001	222229
6147	6181
4718	4724
25909	57122
10274	79172
3909	5829
9329	10621
5777	7852
3832	64151
6181	6218
462	3827
2204	160364
23304	29945
1781	84962
2648	25885
3185	23283
372	9183
6209	55272
4712	7381
6233	22954
1088	338339
9221	23160
6139	6176
3881	112802
6625	6626
84131	347240
6152	6173
2033	4089
6135	9349
11098	84141
2033	6872
1459	9918
23279	25909
9818	23511
4707	4724
6161	6229
5439	80349
2358	57413
9495	10369
8945	90293
932	51382
336	4036
10285	23283
966	10652
916	917
7337	8697
6165	7311
2792	4985
2064	6233
2784	5741
1829	3728
3685	6461
5870	7110
1829	64065
4008	22954
6202	9349
3799	81930
83597	135946
8886	79954
3105	5696
10660	390598
9700	146909
10857	84329
5868	57403
4709	10975
6224	6228
3921	6154
659	9765
6133	6208
6142	6171
3725	9070
3908	10319
3127	7535
1856	5528
4738	59286
6173	6229
551	6869
2740	5739
10574	84617
1557	1559
2177	2178
1063	81930
10193	53339
2048	5998
5519	22919
4736	6228
10022	50838
10094	10095
8021	79023
4738	28991
6133	6173
83597	135924
6133	6227
6124	6143
4361	10635
6138	6222
9363	64284
7514	9793
6672	10475
1902	2767
79867	80321
9071	9074
351	8477
147	5021
1991	5199
4717	4725
6165	6232
3184	10921
1062	10274
4710	4717
6141	6143
8667	26986
833	4141
9601	10130
6161	25873
5431	5433
4867	121441
3882	3886
887	5020
51258	64951
9833	10112
9793	23122
6128	6181
3488	7857
3191	3192
5715	7979
56670	59340
6154	9887
23601	57153
11184	27071
4736	6173
6801	8428
259287	339403
55662	80351
1668	1669
54939	285231
10236	27316
6478	79876
6128	6229
90550	91689
84154	84365
9870	65264
5562	5571
3486	3569
8085	26523
9738	347240
9716	11325
1778	3831
1453	55127
7337	9320
87	3688
890	51203
1823	1824
2790	2837
10491	10536
4839	6156
4853	10046
4736	6202
4939	54739
6136	6164
2788	5294
643834	643847
6144	6159
3304	10963
1981	6234
2222	3422
25885	83743
6130	6181
6170	6171
950	22848
397	398
10458	10552
7124	10673
2305	7153
3912	375790
5684	8312
10250	11100
3274	55970
1062	22974
6139	6209
6202	9732
1084	338339
9295	84950
3113	4261
7225	7827
10092	10109
400	55275
990	63967
6203	6229
1915	6159
2197	6234
4695	4700
11339	100526739
7184	7466
28998	51264
1642	79913
10652	51014
23059	26146
6160	6234
6169	6194
6628	55110
51096	57696
3491	11167
4952	6272
1793	3071
10524	10714
54856	55870
6157	6209
3178	10523
5869	6233
5067	137797
1062	3799
9228	9378
640	973
1453	8945
6164	6168
11015	23046
6804	6813
389	30851
344892	390275
6201	7311
197	2147
988	10767
5695	51371
6135	6181
9700	10051
6142	6152
6426	9782
683	338339
3913	10272
2533	7408
6156	23049
10181	10523
1956	8976
6233	55666
3912	4240
5869	6453
6745	6747
9367	201475
6205	6228
388	26084
1088	6556
5781	6774
10236	220988
7525	9564
6635	51639
51433	246184
6144	6234
617	10469
607	5929
6626	10594
3683	5023
6173	6230
7514	25909
3107	10475
57530	100506658
6124	6193
932	79895
389	29127
383	8993
2197	6189
6184	6210
6142	6170
695	7305
963	5023
551	64106
351	6370
2935	6169
6181	9349
2841	55970
7476	7477
23076	57696
6146	6206
6233	8945
7314	10980
3833	9793
3675	3909
10051	64151
1950	3671
6632	25766
8341	85236
1431	1737
51088	144699
285093	390190
6204	6230
5529	81930
351	55970
846	50835
9564	10044
6605	9031
3611	6790
3458	6775
2072	7158
6133	6206
10489	25831
3113	3127
9126	23332
2107	6176
5119	51652
6158	7311
6829	92105
353137	353145
3178	6434
4548	10768
4736	6168
3713	6705
6128	9045
6138	10399
3921	6231
9655	50813
10413	51421
3921	200916
160	1601
1278	4313
6233	8290
5707	6790
3619	3832
10885	27042
3213	3215
972	3109
23332	25909
6204	7311
2521	6429
990	55388
6208	9887
1915	6207
6173	6228
121504	126961
6137	6228
9870	22954
3109	3122
6135	6143
8742	51330
4735	11190
6152	6170
28973	55173
1778	4735
10802	100302736
10885	23160
90025	158506
351	126006
991	1781
6210	55127
6631	6637
984	54801
10975	126328
4763	5704
22919	79172
971	974
302	79026
796	6344
6224	6230
813	3915
6128	6159
1793	5880
22826	85313
3838	4343
598	6774
3352	5540
890	983
3559	8651
2865	6863
6173	6227
23350	51690
3675	4233
1933	6176
6152	6159
5795	6714
8514	11314
4695	51079
11275	283807
90025	91694
1783	10112
51099	79948
2799	23526
10274	57551
6309	6713
8243	10051
9133	9493
1329	1337
163	8301
1778	121441
1551	1576
6169	6207
5928	10014
10965	55825
9037	23275
26589	64963
5861	10749
6601	57492
1495	1942
3675	3912
637	3002
6146	6194
6144	6233
219968	285093
4670	11338
2635	3659
2846	2922
6170	6202
6837	55588
6602	6605
22995	146057
3882	121391
677	56915
9739	23067
79003	81565
4691	9136
8243	9793
5873	25797
5318	11187
6136	6222
6125	6146
22954	26091
5725	10236
109	10681
1854	4174
9820	26268
8349	8969
800	3672
22905	54874
10254	51652
2597	7167
6147	6155
302	3074
1290	10536
6152	23049
79172	151246
3717	4352
11325	23350
259287	259292
10484	56681
5781	7525
6142	6161
1398	5829
55850	147700
6142	6193
657	659
57332	84733
1942	9564
9410	10236
4724	10476
3921	6130
6143	6231
24137	146909
22936	64859
1453	55272
6235	25873
4353	6036
3191	10657
5516	5903
1329	1340
4696	4716
9928	259266
6152	6201
399	9411
7852	9564
53339	197131
1783	6232
2695	594857
6169	6232
3921	9136
3054	23067
2804	9276
5707	10575
6136	6218
3569	84141
6164	6188
4069	4332
632	4094
8131	64121
7003	7005
672	51755
6202	51187
521	27089
4512	4538
4736	6234
6714	7402
3312	29763
811	10130
5861	81562
3688	3918
5879	7454
1237	27199
3903	79895
5529	7311
1830	6699
5861	55605
23030	51588
5311	9727
3178	220988
5747	7456
1906	2863
5869	11021
6135	6141
3043	3045
8729	9371
23521	51386
10382	91147
10592	24137
9320	10075
8085	9757
6133	6189
752	5217
6129	6169
1062	79172
7314	26263
7204	10800
1781	9493
7311	8290
9295	9410
10749	11127
999	1500
3921	6160
9700	57551
1398	10458
81697	344892
2911	594857
6155	6156
5725	84991
25804	27258
6129	10399
6227	114987
4116	6235
9972	23165
3973	5744
8349	79019
2188	5982
6234	140801
9690	154881
7204	29933
4540	374291
8881	26224
6233	27327
9020	51330
5928	25942
6144	6175
6207	6232
1859	10238
932	966
57413	58191
5950	7276
6129	6147
7409	653361
671	5657
6193	6231
1005	1009
6169	6218
3797	10112
7110	10618
996	25831
5347	29127
5516	6249
6185	58477
112	8698
11176	51742
2917	23566
6139	7311
5829	6709
2491	5048
2081	7494
1604	54732
6194	6207
1660	51729
5822	10171
6138	6139
4736	6218
6233	57674
1994	5725
1395	79924
1445	7525
90293	285231
64106	347148
5515	6500
6133	7311
566	6036
1956	7039
2782	2833
2912	3355
6233	143279
6133	11224
1639	3797
3921	6204
1387	10498
834	114769
4927	50628
6601	55193
5021	10886
945	5023
1902	7852
3683	64386
891	3838
4116	6206
2788	55970
10681	338557
846	259287
6154	6173
84154	84549
57129	63875
891	1022
6136	6194
84085	154881
344892	390058
3361	9290
1236	4544
10342	10427
9655	57542
6160	23049
6218	27340
4940	10561
6234	25873
5725	10492
183	259287
4116	140801
8607	51773
7919	10949
57511	84516
6209	6231
3105	3133
84418	100049587
4033	10970
7536	27316
6161	6210
6143	6233
51079	54539
6170	6207
6152	140801
338	51156
6228	9045
1499	5714
6168	6194
6136	9349
3046	3050
3915	375790
891	1781
1350	7381
3107	5696
1511	6036
671	56729
23275	23509
1783	2491
8347	126961
324	5699
6133	6210
9631	23279
26046	140461
6159	6193
3017	8329
6746	58477
23142	26190
226	2597
6132	6160
1350	29796
2801	10802
4208	5533
6139	6210
4116	6167
6138	6233
6135	6170
3054	3607
6142	6204
6124	6175
6189	6204
1576	1577
5294	7852
6165	140801
1908	6863
6790	55165
10762	84271
6165	6209
64926	153090
623	5737
5689	51371
23601	170482
5700	5705
2843	151306
6209	6234
1306	50509
6175	9349
6709	6714
5501	25936
9031	221830
1435	1462
3434	4599
799	10268
57111	401409
5586	5879
391	8503
2691	59350
7415	10383
116	2740
2801	5862
351	54972
3949	5868
971	973
201475	326624
2195	7124
6133	6142
2767	9002
23160	79954
248	6975
640	5079
1910	6863
10857	196527
324	5516
6160	6175
5441	5901
8243	23332
2197	6218
1781	10540
1536	84329
6164	6218
25978	51652
5693	5700
6129	6208
7329	197370
3308	9631
778	27091
705	55759
8914	9126
3351	4887
4102	158511
6207	23049
10189	79902
1778	10112
6850	64170
23291	55236
1778	5861
6137	6147
9377	54539
5054	7424
6137	6143
26235	158506
3728	5493
1778	57545
6138	6165
6141	55272
3683	3685
1551	1555
6142	6189
1933	6164
6125	6160
6156	6228
6158	6233
6218	6224
9183	22919
4670	51593
9636	10379
1129	8322
6135	6152
6205	7311
6122	7178
3996	5584
7133	8740
595	11186
3884	100653049
8334	8969
2197	6161
108	7252
6426	10772
6146	6208
4298	6830
1329	10476
6135	6176
6176	6727
6161	6232
1544	169355
177	351
7311	84251
8295	57634
2266	3827
1058	9212
1349	10975
3688	4233
7175	10250
1781	5516
6203	6217
6135	6173
1495	5819
2255	26281
5707	126374
4718	79133
1398	7409
1058	151246
86	55193
1605	9459
7311	84962
6143	6158
2071	2967
891	9787
7110	79571
6132	6727
4893	27006
6194	53918
22954	89910
9685	10618
8697	9604
23350	79869
10949	23020
3685	3915
120776	344892
2873	51122
472	5429
3543	7441
8720	51360
1131	64106
4584	4588
4116	6169
4312	4314
2491	81930
23332	79172
10193	197131
1981	6208
6147	7311
8085	57690
3882	8688
6453	9341
867	5290
6169	6224
1824	5266
4171	4172
51382	79895
338	2243
79954	84128
79583	79600
113130	151648
1062	2491
6207	11224
8365	653604
11190	22919
3303	10963
7514	23039
6338	6340
4717	29796
9493	24137
6155	6169
6152	6206
6132	6176
1188	7809
9632	10483
154214	221687
11127	64792
1660	23020
23291	57630
374	2153
2491	6232
6202	140801
4626	8735
837	841
51725	142685
7311	55914
9126	11130
7536	10772
6157	6168
1969	9564
4738	9616
916	940
130	10720
2033	10498
6222	7311
2847	10563
3685	375790
8301	25977
51081	51649
4174	63922
3486	84141
1965	8892
4641	5872
127544	154881
51109	54884
5230	7167
7862	54815
351	1524
3115	3119
6133	6157
8970	85236
1994	9343
5286	7311
2207	7305
5930	23295
6430	10949
6233	126961
2848	196883
899	22888
3833	56992
6128	6143
6167	140801
5869	26130
4711	51300
6156	6222
9320	51088
9919	149111
2207	3937
963	966
3921	6201
6208	9349
6161	6165
522	539
10799	88745
3113	7535
6610	7132
7311	57630
6788	51421
641	5426
6429	10291
6181	25873
6175	6209
5339	6157
6202	11224
5265	7040
51773	79019
6233	65264
6168	51187
6147	6202
2197	6173
2865	23620
6141	6228
23511	51692
6168	6181
50831	56923
6596	7311
10285	23350
11338	84271
5433	55197
945	79895
1398	6461
9604	22954
55720	79954
117	5741
3362	53831
1812	51764
3192	5094
3106	3659
3178	27316
5701	11047
5339	6189
1439	5568
9793	57551
5725	9879
2932	5718
5021	347148
4541	91942
4709	51079
10274	113130
9076	100506658
2841	7852
2266	5345
5725	10657
10491	85301
7311	23032
9493	10749
6207	6230
3190	23435
23517	134430
5903	7514
890	10403
6152	25873
2358	3579
64750	115290
54908	151246
6138	7311
6135	6138
6143	6161
6144	6193
2617	4141
6146	51187
10256	54845
1783	11014
6228	6230
2968	6882
6161	6206
9126	113130
3915	10130
332	64151
813	6790
10272	84141
977	5339
26267	63893
6133	7178
9833	22974
6204	6208
26539	344892
6157	6176
51510	51534
6173	6206
6125	6139
8945	51684
6548	11261
6201	6234
2801	2804
6136	6229
6152	8666
5094	9343
2967	9646
9904	57647
23095	24137
5529	5903
143471	161742
6428	6632
2033	81857
830	10466
1822	1911
3796	5515
9793	57122
3055	5829
1823	2312
983	7514
11339	79682
6168	6222
7311	10252
8356	126961
2043	2050
4171	11073
9371	79989
213	5265
6233	140459
4519	4536
6136	6188
3993	84612
23223	64318
8905	8907
2197	6206
8886	23160
8243	10735
6233	6714
885	886
6133	6203
10681	51083
5869	8027
6427	79902
6135	6227
3433	10561
6193	6206
6154	6218
55052	57129
28981	92104
3091	4088
4694	29796
6181	7311
54973	79664
6159	6229
5725	10432
111	1812
80155	80218
6203	6207
2168	3158
6132	6169
672	8314
6138	6193
56995	84085
7873	51726
65003	219927
23067	25942
10523	27316
26716	344892
1650	29927
7466	10970
11224	140801
6164	25873
1001	1500
3797	26146
6130	6204
1915	6202
1277	22801
6142	6147
5725	27316
3921	6128
5747	375790
695	8976
2222	6721
26263	54939
23601	338339
29945	90025
516	26521
10250	22794
4111	158511
6210	6218
10321	57554
6160	6204
22905	51429
54881	55127
7533	10971
51289	56923
6233	25831
4708	27089
7325	7704
6132	6208
9738	132320
2917	8811
9371	11127
1062	1894
7098	7311
4686	9128
10133	81631
4584	50614
3796	5519
7039	10652
3684	79895
3659	6672
155	796
6147	6157
197	462
6156	6218
6181	6204
6222	23049
6737	283807
1991	4353
6223	23521
9716	55749
2197	55127
917	1759
3619	9700
5294	7409
4717	4728
891	55872
7414	8993
7311	55666
5711	7321
1387	8648
2091	6188
9984	10482
1894	5880
521	9551
6147	6152
23014	55884
567	3106
5094	10285
6154	6223
6167	6229
685	1956
7272	9833
55764	150737
3619	9126
57630	285231
2790	5294
2071	5433
9787	24137
2801	51014
6165	6224
6160	11224
10403	348995
25929	57122
1302	169044
3062	5021
6154	6222
6152	6207
6130	6188
3156	3157
4233	8976
29984	445328
57551	79172
23304	53339
6209	6227
6133	6235
84261	154881
22954	55236
2932	23291
8128	8703
4588	56667
23279	79172
6206	6207
9320	26091
3921	6142
7321	65264
920	29988
10389	84108
7919	10236
6204	9045
6142	6209
10841	200895
1490	7003
6209	6233
155	6344
3115	3122
6147	6154
988	29127
3039	3048
3356	6915
344	6382
8337	8349
1605	84892
50813	55884
6173	6175
10458	10787
2205	3702
6157	6165
6204	6232
10153	51602
4694	4726
2792	6752
6158	6202
55252	221937
11167	84141
2810	3691
3115	3123
3358	6869
6923	9978
4736	6165
7040	57530
6208	6233
3918	5829
6288	6357
5725	10594
1173	5962
3978	5426
6237	7525
3119	3122
4690	10152
1062	1063
2197	6207
399	64333
6156	6189
2033	5469
1292	3685
4829	10886
6137	6167
2635	5371
117	2784
6139	6167
6124	55629
5872	53916
6632	6636
226	2821
983	6502
3437	91543
974	100423062
6122	6141
5887	7415
1062	9787
10014	57459
3190	10432
64981	116540
3832	9700
54617	57634
6129	6201
9820	23304
701	56992
344892	387748
83540	220134
9927	55669
5021	64106
5699	8697
5315	7167
6790	11190
2091	6217
6144	6208
2185	9564
9666	23291
1937	6133
399	9938
23774	57459
3836	10971
1269	8698
84366	360205
1783	11127
8106	29894
9730	10425
6167	6209
4352	5335
6141	9045
974	29760
6434	57794
6150	116541
54778	84231
55703	55720
6142	9349
6432	10946
6128	6173
6138	6223
5507	6233
6189	9045
6147	9045
7337	26046
3105	3134
6232	11224
23304	64682
136	2788
2696	53831
3433	3434
65055	128366
156	9002
148	2922
6189	6223
5627	10461
3364	5810
3698	51156
4160	104909134
8313	10297
3361	3627
3619	9493
9126	348995
3895	3915
1017	10926
10592	22974
2919	27199
3054	4899
607	8945
10053	130340
6146	6189
3437	4938
1230	2833
4512	4537
6700	26239
6144	6223
10102	28998
11064	27077
9329	84265
4707	4717
3683	3688
3006	85236
9700	79172
6142	6232
6218	9349
10376	203068
972	3119
353139	353142
2064	85440
4713	10975
6161	6208
6164	6233
641	5424
9739	25942
4712	4726
2197	6228
23398	23517
1749	1750
3091	5708
8697	11059
695	3635
5983	56852
1062	54821
5711	6233
10383	84962
160	29924
160	8867
56729	126014
10772	10949
2207	6556
27	4690
6181	6201
23291	57154
988	53981
6141	6168
405	1387
3303	3320
5829	7852
6129	6154
699	151246
915	29126
3190	27316
4509	4536
6203	6204
1120	1375
3106	3107
6155	6167
6130	9045
81	9564
53354	60490
25873	114987
22974	81610
6160	9349
10000	55970
10466	55275
6125	6206
22938	220988
3912	51280
3912	10970
3355	6751
3017	85236
1234	1236
26146	92104
6130	6155
10574	22803
3833	29127
1366	9080
5516	79172
6218	6223
5435	5439
4670	10432
6154	6210
3015	5436
6168	9349
10096	10097
5347	24137
968	5878
3909	6385
51645	57819
6233	140458
1536	3685
1495	1500
1991	8635
6233	26091
3305	10963
6418	7514
56949	91603
3882	286887
3688	10298
79132	91543
3833	9212
7516	11073
2243	5005
1457	10051
6628	85313
1387	25942
8351	121504
6157	6161
1515	3113
2197	6128
9133	10733
9793	22974
10022	259292
2965	8731
2695	5741
6185	6729
915	3559
6132	140801
3921	6181
930	974
813	7184
2768	2790
1937	6201
6193	6223
776	786
54069	79172
6189	6229
55143	57082
9793	26005
1191	2162
6667	6670
5426	23594
4509	4519
1111	8317
87	5768
5438	83443
6147	10399
6138	6167
6141	6223
4700	55967
1062	5526
1783	81930
4508	4539
3866	144501
6157	6181
9700	23397
341152	344892
1291	10536
186	2914
51023	90480
3687	79895
4519	4535
1933	6189
7871	8428
56963	148738
150	10874
991	9493
9126	23122
6135	6171
6159	51187
6209	23049
5432	79577
2932	5714
6202	6203
6201	6208
3017	8341
51602	84128
6155	6210
6429	9295
34	6256
1793	8976
6157	6175
8945	10075
3202	3204
988	1654
1605	8910
1822	23028
102	84141
1121	81846
796	797
9349	9887
9045	9349
6158	23521
2147	4295
8697	9320
3854	8689
1107	23186
6194	6232
5269	5337
8317	80174
79895	222487
6461	10458
9493	55165
23020	51692
5707	7316
10403	10615
514	521
6169	6170
9126	54780
3320	10458
1062	10112
701	3832
831	5829
9031	25885
4538	4539
1823	1825
1111	4361
6135	6209
6206	6209
1495	8394
7514	9972
6167	11224
6233	11059
25885	55703
6152	6227
6202	6233
9757	26523
6232	10952
5566	7283
9183	64105
6168	6227
1669	10394
10403	151648
570	1962
6218	6232
6139	6207
6159	9349
1237	8811
23283	27316
6224	6235
140458	285231
2847	2918
5516	9989
1660	9128
3267	26130
974	3635
83666	151636
3358	64106
4254	5777
2537	9636
171177	445328
5518	5976
6161	6230
4736	6156
4736	25873
51602	55759
10885	23404
4233	9564
7316	91445
324	2932
5929	10238
2914	4988
10412	10607
4589	10610
27340	57647
6152	6232
9330	53981
1387	2033
6234	9349
6235	6727
1108	3094
10693	22803
2932	5516
2832	117579
1880	196883
6147	6194
90480	116541
1511	5657
6164	6203
990	5717
2864	27334
2150	5021
813	10618
196527	326624
9918	10592
2197	6157
6203	23049
3054	25942
2683	84061
705	23560
833	8565
6164	11224
6136	6217
10874	27199
6128	6160
1741	22941
4726	4728
6175	6206
5868	10096
57647	84916
377	3799
6228	10399
9564	54518
3437	8638
23511	25929
671	1116
6122	10399
3191	7536
2185	5599
719	945
6133	6155
6147	6170
6122	6143
1778	22930
51602	84154
3437	55601
57630	64750
6129	6161
9739	27327
6233	10818
140458	151636
10112	64151
6201	11224
23291	151636
4057	6709
6154	6232
2042	2044
302	23526
351	59340
3832	9833
11251	56670
3619	23511
5111	7329
4288	9700
6863	84432
6142	6154
2251	8823
6160	6230
1969	3055
3183	4670
6161	6233
6173	6207
945	2207
1660	9343
1595	3156
6319	6720
6138	11224
6156	6176
6176	6228
983	9631
6158	6205
1605	3915
3184	3185
5660	10970
1490	7004
940	50943
27134	100506658
6135	6144
55127	84172
5469	10498
1511	1991
6122	6137
11051	55660
55066	57546
7375	8717
4952	9341
186	4988
2597	5230
57545	121441
4125	8635
6130	6161
6175	6193
10921	10949
10489	51343
26190	65264
6161	6164
6230	6233
6122	6228
857	1956
4343	27327
891	10112
5547	25798
6210	7178
1511	4332
4736	6193
64976	64979
4712	4724
6122	6155
2555	23229
1499	5516
4736	6160
1453	6201
7317	51343
2792	2911
3980	6119
1069	2073
5714	11059
54885	152503
22984	26155
11218	79084
1499	2932
6129	6189
2197	6160
10272	11098
2965	6749
7409	27071
2317	54751
3422	4047
6233	440689
8065	9354
7852	63940
6130	6160
10713	51692
22948	84790
3071	10552
3320	10383
5330	55970
1783	6709
3183	6432
5298	8394
3055	9844
3685	5747
6160	6227
6173	7311
3320	7415
55003	55299
7204	55970
6201	25873
54778	197131
5747	9475
6130	6206
22918	79895
7532	653784
57405	79172
4528	28973
3558	3717
10466	57511
1839	5782
3191	10713
6181	6233
4131	5048
6144	6228
5435	5451
5597	5714
5347	54820
6138	6204
6130	6139
23244	57551
6193	9349
6164	6165
1781	5861
3886	8687
5293	23533
3437	10964
7852	8698
3184	220988
4736	6223
10075	54620
283111	344892
10427	10484
51602	84946
1121	79090
3320	6461
5516	7525
3832	6240
3214	3215
6142	6208
6137	79707
6170	6232
3200	8338
10250	11338
8945	23198
9700	10274
8570	11052
22995	23332
6206	6218
5471	10606
9738	54820
6439	653509
6194	6202
6154	6233
5432	8450
3886	8689
91543	129607
5217	55740
27316	55749
6122	9045
5788	7852
4867	84902
7536	10250
4670	84991
1793	10458
8907	23396
6167	6223
25909	55746
4736	6222
5725	11338
6155	6222
9188	25885
51350	112802
54148	56945
87	7044
3683	10857
7337	55175
3852	3868
1387	6601
8365	8969
5954	7184
1080	2147
6144	6204
5694	7314
114	2492
57105	94233
9039	136371
4173	55388
60488	116540
6138	6227
4540	55967
6142	6168
6136	6169
7486	11073
891	9833
8321	8322
6373	10563
6142	6207
1856	7314
991	10726
6135	6142
1536	8655
5695	51330
6136	6167
5868	5870
2197	11224
146	886
4686	23511
54539	55967
10053	152503
9349	140801
7514	23122
10376	84617
10802	51014
3191	10949
10484	79090
1232	8843
11017	22826
6209	10952
6168	9045
1781	4735
10466	11014
831	23209
6201	6202
10849	25885
1462	8542
24137	55614
1063	3619
3181	51593
1981	6133
6209	23381
3978	5424
5528	151648
1277	4060
4939	10379
1981	6189
830	5048
1950	7474
5432	6205
6122	6159
4853	9253
2798	4829
1129	6572
1555	1557
6128	6161
5725	23020
3312	9128
7337	26190
6387	50837
10907	57819
701	8243
23122	55746
6241	9700
1387	81857
23601	79895
4839	55720
1639	29127
60485	84962
6138	6142
2873	8607
3106	5696
4701	4713
1829	2125
6136	6168
3115	4261
3619	79172
23304	84085
3190	51692
891	5861
1933	6194
3054	81887
6428	10946
3913	5747
4734	22954
963	3903
197	2243
6430	7919
1069	27077
26173	51593
1398	9046
6206	7178
891	1033
6152	6235
6132	6147
6159	6210
1933	6159
988	5591
6135	6158
695	118788
51693	60684
675	5983
1434	7514
4088	7316
79861	81027
1738	4967
8356	8365
2920	55970
25926	79707
972	3122
6156	6201
1241	55970
4724	7381
6133	6205
2205	2206
1116	5199
3937	5788
1062	5529
10960	51128
2222	4047
7054	57016
4116	6152
5708	6790
2266	9715
9341	10652
317772	440689
6224	6234
377	9493
6146	6170
824	3688
988	5983
3184	9716
6122	6233
1453	6204
11100	11338
4343	4853
2967	79577
2962	54845
10945	10959
996	23291
695	2207
9138	29984
9320	22954
301	2788
1660	11338
6156	6206
472	5884
4709	27089
5605	84292
4540	4709
1453	6189
1387	8289
23197	26043
3156	6307
6628	220988
6223	6227
1793	100423062
5443	6370
9295	22794
5173	10874
2672	6688
51172	84572
6194	9045
5747	10458
930	933
6167	6233
8661	8672
378	11014
6227	6230
5093	5094
6122	6168
9616	150726
11127	64837
2475	7528
23533	55361
4172	4998
3576	6347
6206	7311
153	796
1906	2150
28981	150737
84135	134430
2153	2244
5439	9978
1387	6667
2918	10563
3836	22974
3309	7184
6631	6636
813	3912
122042	196883
3181	220988
6790	24137
1915	6124
6161	6202
9320	10193
6208	6232
6629	10189
6143	6155
4508	4541
6147	6165
6175	7178
7514	79172
890	4288
6122	6160
8237	10574
4057	57554
2635	6672
6139	6155
6227	6229
4353	56729
6385	375790
7979	139285
1173	6455
2784	2792
6176	6202
9690	84231
286	6708
6556	196527
6453	8976
6218	6235
6124	6161
5797	25945
3092	9146
3799	55605
25831	65264
2863	7204
1282	1292
3685	3693
6146	6168
23350	26121
29984	57449
6426	6428
51206	80739
338	3698
1398	11184
2107	6173
10426	11064
3912	11167
680	5021
6170	6204
64151	83540
8816	51122
6136	6144
1639	22919
3091	84962
6130	25873
1739	4646
8655	10540
3326	7415
4904	22826
9493	9585
705	83732
8945	55832
6428	6430
3192	51729
2177	2189
6240	10592
3681	8515
6152	6165
6207	6208
1452	6500
945	6556
2597	5315
3512	100423062
4697	27089
1660	9716
27327	80012
1981	6137
908	9628
2107	6181
4088	5594
3903	10970
4512	4541
3848	3872
5704	6205
2912	5179
26531	344892
164	10618
6233	154214
1956	2274
9690	221687
3115	10346
9551	9556
3111	3119
6157	6230
6157	6169
6455	8673
23376	26235
150468	259266
51088	51122
26290	140453
2159	2243
1387	8085
1508	1514
5528	23332
11103	84916
51021	84545
81	7791
3434	10964
55081	92104
712	714
6734	58477
6709	6711
6205	6222
2197	6232
336	350
5861	5878
6279	6280
10869	63891
174	2266
1902	55970
4686	8021
388	23370
6750	50837
2247	6233
671	1991
680	347148
3713	6699
1524	6370
57630	140458
7164	286451
5795	10857
79895	160364
7398	10714
6130	6138
9738	146057
3921	9349
1161	5887
6173	6202
3355	4543
5869	10552
2817	3340
4008	144699
4793	5704
6155	6201
4709	91942
8945	51132
6157	6194
2073	5424
6130	6147
1062	9371
6157	25873
102	6233
6602	55193
6165	6201
3837	5903
6176	23049
6635	27258
1942	6714
53905	90527
6632	6637
6135	6207
6132	6201
27258	83443
9648	10466
521	4713
6130	6144
11314	79895
672	84464
942	7525
1946	7525
3833	10615
1495	84962
6133	6160
3856	3875
8243	9700
5879	10552
5194	23600
6189	6222
5347	259266
521	4724
351	3912
4736	6142
9039	10425
6128	6209
6428	6434
6184	29927
6171	6227
6233	84251
50838	259287
846	3357
23142	23291
7311	140801
399	7984
7311	440689
6169	6206
3181	10236
5707	5717
6154	6231
4711	84833
3192	27316
5584	55243
6147	140801
4540	4701
7311	7328
6205	6209
6155	6193
6133	51187
4862	79365
6147	6224
1457	25942
8811	56477
1981	6228
6194	6204
3684	3687
10992	27339
7478	7479
55749	79869
3106	10475
378	9276
5437	7874
3048	4778
567	3107
9212	79003
6128	6156
3684	53831
6129	6202
3984	54434
112	57413
3191	79869
1269	56670
335	2266
6167	6194
3192	7536
10920	26263
2197	140801
6142	6144
6176	7311
5361	7305
1537	54539
9978	54939
3434	23586
6133	6181
7994	9219
4736	6122
51399	51693
338	4547
1291	5352
7320	9604
332	22974
6923	23198
6222	6230
521	84833
1933	6160
4609	7022
1933	6181
1453	6232
5714	64750
604	933
1605	3911
5829	375790
8698	63940
4736	6139
109	51083
5725	10949
5928	8085
5693	10213
6130	6205
6129	6165
1460	23397
5201	84617
51465	140739
3683	84329
6139	6222
1063	5501
4708	4709
7311	55272
6637	11157
8816	79269
1398	3055
9188	84172
6036	6037
6132	6165
4710	4725
890	1062
4736	11224
2960	6829
5741	8074
3109	3123
6135	6168
332	5501
1350	10632
23608	140462
3305	3320
6143	6184
6165	6189
6143	6160
3683	10970
3301	3305
6173	6204
462	2147
10102	54148
1084	160364
7469	9656
7042	10490
6621	79035
3091	6233
134	1237
6993	8655
4712	27089
4829	56923
6156	6235
6133	6135
6233	6498
6625	23450
1495	5795
3799	11127
6122	6181
51429	54885
8945	25831
6141	6155
5861	10972
1233	2359
389	9322
53637	63940
891	7531
6165	6204
3309	9531
5368	50865
23020	220988
51069	64928
2099	7031
779	10369
57111	64284
6164	6167
7316	10920
1289	5118
6134	6137
6233	9732
521	1329
4695	27089
330	637
6139	6204
7311	115548
1783	5903
3190	10921
6173	6222
3133	3659
6130	6169
1650	58477
6135	6161
4033	5660
22984	84172
472	51426
6147	6204
6133	6223
6128	6142
7135	7431
9984	23279
6175	6194
220134	348995
2207	79895
6233	23168
11325	26121
6500	51433
2197	6170
5929	79269
6233	51592
811	7184
64928	219927
6626	51593
2919	2920
2186	9739
9870	26091
400	90196
22803	27340
5725	8672
9074	24146
23301	30846
79954	84154
1315	9276
5903	22919
58	60
10920	10980
3838	6790
3836	7534
6009	60673
9892	10109
11004	22974
259290	259294
22954	23014
811	3309
1937	6124
5290	5970
3688	3693
8301	10096
8924	10489
1915	23521
472	84142
726	831
332	3619
6194	9349
2792	391195
983	5000
6136	11224
1062	259266
830	6711
51593	64859
699	1062
54939	90864
6500	55884
10043	25798
2058	2617
6129	9045
27043	57647
6280	6283
3912	3913
10618	55330
1133	8477
329	7316
8175	10523
1022	55840
6218	7178
29889	51154
991	9918
6129	25873
54751	83706
6173	6218
5434	6829
391	394
6133	6159
22916	54973
55236	197131
1277	3685
6202	6210
6233	10110
156	55970
9984	79869
9886	84144
351	8698
727	846
2358	53829
28	2525
6176	6233
3091	7316
4713	4717
6159	6164
389	64333
2967	51755
5519	9183
983	51053
2274	6281
4670	6421
2491	6249
6613	10038
9727	55770
3655	3688
6160	6171
967	25798
7514	23063
55720	56902
567	3140
6188	65008
79664	81556
6227	9349
8775	388552
3107	3659
4343	6233
10575	84617
5347	6232
4666	11224
10499	23389
3903	11314
29984	54509
6129	6235
8394	23533
3619	11004
89941	171177
80097	653784
2916	4887
983	55055
4670	5094
9459	64098
3921	6234
6633	51690
3486	3895
7311	23291
51429	54874
10153	84128
4040	8322
1933	6210
1938	23521
4535	4536
4591	55658
4514	4538
6201	6210
3912	54972
6159	6205
6147	6156
905	27125
11004	24137
1981	6134
5903	57551
23160	84172
5870	10890
6194	6224
393	11014
10285	53981
10425	84085
53917	64284
6137	6233
1347	1350
9553	51264
657	9765
3181	5725
9015	57504
6387	57007
6143	6168
25831	197131
2524	10331
123016	129880
11345	81631
701	113130
6175	6233
551	680
3886	8688
990	5347
6224	6229
5093	6626
3123	4261
6631	51645
4540	51079
846	259295
2932	5529
2517	2990
6136	6232
6152	6202
6331	55800
55755	347240
3688	23209
9133	10403
6625	10523
55829	58515
7478	7484
6171	6231
6129	6173
4174	5424
54734	339122
7328	57630
5437	51639
3620	169355
661	6619
3434	3437
6170	6229
11128	55703
1302	1310
4323	4811
890	10460
251	152330
8688	8689
5048	151246
274	8853
1781	7531
4048	126014
11059	285231
2317	3688
1894	5879
4172	10036
991	54908
867	50618
22981	91147
84861	143279
6173	6223
6224	27340
1814	259285
1277	8974
5435	6637
1816	4160
1362	9698
351	1234
27292	55781
6170	9349
6137	6139
8027	25977
6175	6208
4173	8914
1069	79867
6257	7068
3512	57050
1062	24137
6223	55127
56670	94235
1662	9136
799	51764
2847	6363
5516	5718
3444	3451
2792	2847
64386	79895
10952	90701
1500	4646
7044	51097
9662	10733
8317	23649
991	5708
6147	7178
57403	201475
6168	6224
9570	22872
164	55330
2695	7434
324	5529
4798	79913
5610	23118
64837	81930
4886	4889
2185	3320
5469	9967
566	5657
6122	9349
9655	55832
1129	3355
350	462
1981	8672
6129	6193
3184	3190
1277	1291
1793	9844
3619	3796
51692	80335
3920	5660
6218	25873
3309	6836
6203	11103
996	23327
25926	117246
6206	25873
6235	140801
6122	6189
6189	23049
6176	51187
3183	7919
9282	23097
26123	57545
3619	29127
6230	9045
4171	4176
29894	51593
3937	7454
5869	8411
2792	343172
6229	6230
3113	3119
23122	23279
3109	3111
990	51343
6176	6208
8533	54951
6223	7311
891	1058
23122	113130
3855	3856
1398	5781
4008	57542
6167	6234
4513	4514
79019	85236
6201	6235
1241	2767
1398	9564
3710	6804
1778	6249
680	4829
8688	286887
22984	64318
5829	7430
4508	4519
2359	94235
51645	85313
695	974
3123	3127
971	5336
5566	57787
55755	261734
2305	4288
23309	79595
6049	23304
1933	6207
6167	6175
4710	4724
4125	5657
1786	7027
8189	23636
27340	84916
6139	6201
991	5347
2814	2815
988	5062
5430	55215
9631	65250
2079	6428
150	2917
1994	9416
6222	9045
5903	79172
1350	4695
3354	51764
2243	2266
4641	5879
1043	2350
23601	160364
9436	259197
727	56923
51	7311
6709	9276
3185	10949
399	27237
5435	11325
57122	79172
1933	6227
1058	8655
383	1669
391	55843
3304	9531
351	1269
5516	5520
187	94235
25831	26091
2932	3611
9276	9371
6165	6227
7317	9820
6143	6147
1910	84432
6189	6201
2268	6714
6147	6159
2782	5082
10735	23279
701	7153
6754	50837
813	84141
501	51166
8661	728689
6160	6231
87	1499
1058	55355
85476	116541
50831	50832
9074	10686
632	3381
940	5879
2960	9412
212	2623
10652	11014
6747	60559
1495	1969
10022	259287
2491	5529
1022	2810
6222	11224
1994	10236
6934	83439
9967	84498
1870	4208
6141	6144
288	3897
7532	10142
904	2967
4710	4715
3676	6714
6750	6754
5869	10890
10274	55055
3918	4233
3852	3860
6155	140801
1500	7525
9493	9787
1308	3655
6234	6235
1364	137075
80168	346606
9918	54892
1088	170482
5868	51552
8648	10499
6159	6206
3903	57153
9879	10949
23590	56997
10592	11169
6135	6157
996	51132
6133	6139
3184	6427
3191	10921
1956	5328
2770	5747
6230	7178
3133	6890
4172	55388
7311	23521
988	6599
9462	64926
121504	440689
5829	6385
6165	11224
6208	6727
4074	6456
988	7112
1655	25804
7852	55970
6205	27340
3075	3078
4085	55166
988	22803
5862	5870
523	51606
3903	10857
4713	10632
6132	6218
1933	6203
9412	55588
9320	25831
890	11065
1456	7534
6209	6223
6139	6157
988	5094
1956	5782
699	83540
4701	51079
8945	154214
6208	6227
6426	9879
51421	60485
4694	4724
3635	5294
6144	6222
1629	4967
3172	6927
3832	10733
5861	10890
6160	6208
3320	85378
2131	2132
2197	4736
3134	3660
3561	3635
2197	7178
6152	6167
4514	4536
6160	9887
9847	23265
710	10747
5338	9744
1129	4543
389	114793
5179	6751
56929	79176
11325	55749
1639	3326
6748	10952
5590	23286
6138	6235
23566	27199
1969	2050
108	50837
196883	285601
10900	284069
2165	2244
1660	51692
6155	9349
23295	140460
409	950
1937	4736
6159	6169
10383	84790
3663	4281
1794	5880
23582	25949
4297	23269
5436	27258
79470	344892
9877	100381270
6122	6203
1136	1137
6133	6175
1660	5094
185	2642
904	905
6234	9887
8568	51096
6146	6167
146	2846
6133	6234
8886	56902
23160	56919
1500	1969
6142	6202
1857	5708
3184	51692
1861	27348
79954	84916
5451	55718
857	284119
1660	3609
373	7322
10733	26005
3017	8349
6122	6147
6209	114987
7456	10552
6129	6164
813	1462
6143	6234
6229	65008
9833	24137
595	4602
1495	3801
6129	6160
3106	3134
9318	51122
6154	6159
26043	51122
8881	63891
338	462
2841	8698
10885	65083
1121	326624
966	51014
945	222487
5954	51280
7415	56729
23279	51143
8945	80204
6147	6208
5439	10980
5688	8312
3091	5707
6146	6235
7133	10673
163	8976
5439	51755
3811	3821
1058	10112
6164	8662
3915	51280
7514	9126
10971	53944
1933	6157
2033	9967
6230	7311
9700	10403
6147	6168
3066	23028
1337	29796
1069	9557
7434	594857
2099	5241
2197	6159
6241	55143
25984	121391
5439	84844
6281	79026
1476	10394
5501	9700
1269	63940
5519	79172
10236	10523
197	51156
9877	23279
3635	5579
54930	84902
2033	23067
2963	11193
3857	3868
7343	57459
3183	27316
1910	2865
5425	6117
6209	6210
6128	6201
5826	64241
6189	6209
6432	6636
4726	7381
1783	9493
25827	115290
6159	6165
566	6037
7456	8976
2072	6233
6201	6209
4317	6947
6122	6173
6631	6632
896	6777
5928	116092
3178	6626
23028	283248
6170	6222
4736	6141
6147	6160
6146	55176
2178	2189
10952	58505
701	9824
8329	8334
1062	23279
6997	10637
1062	1315
1894	54443
6161	6189
9700	23332
4867	91147
7311	9927
6138	6201
2197	6233
1453	6206
6141	23521
2551	3054
2197	6209
389	23526
3687	8514
1650	7841
6139	9045
6129	6222
397	5880
9585	24137
3122	5641
6830	55677
3122	54331
7846	57545
1233	6370
6160	6168
6175	9045
6160	7311
5605	10256
7311	121504
6144	51187
6376	27199
1291	1292
23325	387680
3872	162605
87	7525
4343	84441
1783	6711
6146	6160
1315	81930
8467	9188
23014	143279
5707	8452
11127	51014
3184	9343
127247	131405
6132	6235
9879	23517
6132	11224
10857	326624
1942	2268
899	140460
6130	6135
6202	6229
4540	4726
23397	56992
26270	93611
388	64333
6176	9349
6164	6176
6138	6160
5819	201633
5469	9968
6232	81930
5879	257106
6158	6234
1981	6175
1994	3191
1937	6128
2975	10621
1233	5473
6233	6235
909	915
4512	4535
2769	5330
6202	53918
832	83547
1499	7879
3434	55601
6908	54815
4736	6161
1994	51692
25929	79084
1387	9967
3797	29127
51023	116540
9126	23279
6167	6169
1524	56670
2633	117854
2268	9564
3672	9564
9283	51764
2242	3561
6169	6228
3880	4072
6878	8295
53829	59340
4707	7381
25836	29072
2150	5332
55737	58533
8915	29775
6189	9349
3178	6430
983	9126
153	155
6135	7178
3915	5879
9126	23063
6663	27022
2846	4923
79865	340205
6209	7178
9793	23244
545	6829
112	3579
6147	6164
10155	25888
64151	157570
6453	8322
26121	55234
55720	83743
4736	6137
84549	84946
2917	6376
6164	6169
1453	6209
858	1956
2197	9349
2912	5733
891	1783
2524	2525
514	4695
5431	10285
727	50835
1495	4233
55081	57560
2491	54821
6138	9045
6194	6208
1910	4295
2557	2560
2207	5335
988	23397
3672	3688
516	51287
10484	81562
963	5795
9320	54778
5652	6692
1783	10121
7936	404672
9133	81624
4947	5716
6146	6169
1435	4924
90293	143279
7532	57521
79050	317781
247	3479
2826	84539
3422	4800
4736	6138
783	27091
1495	5868
972	3127
155	6343
4585	200958
4715	10476
9927	10059
6128	6165
4724	4728
4736	6208
2197	6224
9133	10615
1573	1579
6430	6434
138805	344892
4176	5982
57129	65003
7783	11085
10527	55705
54625	83666
1660	1665
8365	8970
813	10970
7249	57521
8976	22905
7311	23198
3054	6872
4736	6130
9666	90293
8351	8363
6147	6175
2475	57521
84962	121441
641	116028
6124	6129
9439	23097
338	345
6170	6176
118487	219927
3183	6428
7110	90196
6788	60485
1453	6234
22984	65083
1237	6376
2695	2792
6137	6161
2358	23601
6143	23521
10403	51143
6233	89910
3832	10615
6169	6234
5695	5706
1500	55740
7037	54885
1954	23295
2262	2719
10621	11128
3054	8314
5579	5583
6429	10250
2767	5296
399	7409
8341	8969
6405	23654
10484	11196
6136	6159
8453	55884
6181	6230
3911	5747
6165	6218
3921	6207
10250	84950
3071	7456
488	489
6181	6205
6714	7311
5869	23011
6128	6193
84870	343637
23350	58517
2147	2243
6167	6203
3184	9987
6138	6203
3184	3191
1933	6233
5696	5698
55326	137964
6168	6228
1933	6224
6175	25873
4701	10975
3673	3914
3190	6434
6157	6160
6228	6235
988	9611
23011	51762
6626	10523
4852	283869
64750	65264
6130	6168
25909	54821
1453	84902
6182	55052
6129	6143
6134	6154
6729	23471
4173	84296
378	830
6132	6161
6159	6228
126006	729230
5473	10321
301	9002
2790	2863
57539	79659
4736	6158
3866	3875
3157	4047
2932	5708
5880	257106
7476	7483
51081	51264
6155	114987
6790	9493
988	3839
6128	6227
4694	27089
9883	23511
800	5829
2960	92105
2064	9475
6171	6173
7184	10130
8853	11014
5867	5874
1943	2046
6133	6209
9675	57521
53829	57413
10552	22905
335	350
988	55215
8453	89910
10552	100423062
7984	29984
2784	7434
26338	65055
2719	3698
10097	50618
7857	54757
1017	84515
9021	57674
545	7311
1781	10112
84962	126374
87	6714
3921	6122
8895	10970
2993	2994
1915	6206
10540	11190
1121	54453
1365	9074
5547	5660
7328	51444
9320	57154
963	3683
219965	285093
705	84154
400	23041
100	51816
8976	23149
6188	6217
6171	6234
6223	8562
6790	10112
8976	51429
6122	6175
4696	4715
6205	6233
6877	51593
51564	79718
6137	6202
6189	6194
1537	6390
3660	3662
7536	10181
3921	6227
6160	6201
3191	55749
1292	3672
50506	90527
7311	55366
1208	5406
55131	84128
4713	4726
2642	4922
55172	64446
2925	9170
6156	6161
64426	79595
5021	6869
1495	5584
6144	7178
8945	64219
6635	9883
6138	6181
9219	10919
3362	5443
51280	54972
10096	10152
4283	6364
8658	80351
4736	6224
6133	6141
6122	6158
5931	10664
1763	348654
9820	115290
7913	9015
10022	259293
7311	9020
6187	10557
4935	6869
5501	9793
23304	23376
4715	4718
2817	6382
2266	3698
551	1394
1962	7311
891	5515
7311	114987
4694	4701
6152	6157
570	23600
5604	7529
1022	4005
4839	25885
2847	4985
3673	4233
7311	126961
65264	143279
26091	64750
6206	6224
8500	55327
1956	4837
4540	4707
3903	64386
351	29933
54908	79172
6139	6233
1855	81839
3491	3685
9343	51729
4713	7388
2537	3437
1938	6205
3689	7305
1933	6135
7314	64320
102	3915
3360	10888
916	50852
551	10874
6134	6142
3687	441864
2185	7525
1645	1646
1084	1088
6142	6234
6164	6224
4161	7432
705	8602
8688	121391
4005	4602
1911	57504
10552	29763
1232	50834
2064	5336
22794	23398
2242	10371
5155	83706
2147	2159
4686	50628
699	10592
174	3827
1499	9314
403	84747
5795	326624
55755	57787
1462	9469
8697	65264
1292	5352
6142	6175
6138	6206
2840	4986
6173	6235
2197	6154
5929	284058
5451	25896
841	1281
2177	7398
1843	3304
8334	121504
6134	6228
10874	64106
29089	197342
8477	9002
9793	84902
11314	196527
23291	65264
8349	653604
10615	146909
27077	57545
56923	259293
4171	10036
5093	51692
727	259287
6154	9349
6130	6136
2242	3718
54996	64757
8976	10552
7038	7173
1605	3912
6152	6231
6130	6137
6146	6156
2099	2625
6155	6227
2783	6752
1129	4852
3882	8687
9055	10376
3429	8638
892	9477
6158	6168
5116	27229
51693	58485
3376	51520
86	988
1495	1499
2243	3481
6159	6201
10121	26005
1088	2358
6201	6218
10540	22930
4867	57545
4288	26586
8453	26190
1063	54821
595	4609
3998	6745
521	4726
9276	57410
6138	6218
6233	9341
9475	9826
8349	29086
127385	344892
967	4033
2841	63940
54443	55165
6233	26043
4758	54472
6154	25873
5984	7298
5928	192670
11222	56945
88	2890
6130	6235
26091	57542
6210	6230
27043	27340
988	8449
1907	5021
10051	23244
1511	6037
4736	6169
521	522
353137	353139
6147	6207
174	51156
5529	6233
1315	23095
1910	3827
2810	3655
6156	6203
10920	55884
8767	23118
1292	10536
6129	6133
3491	11098
1062	6249
2935	6136
6790	22919
4582	10331
5518	6164
6173	10952
6141	6154
8916	9039
871	1303
5516	5708
991	10112
2204	199675
6233	257397
699	220134
6217	7458
2033	55904
701	9700
57560	150737
6868	11319
65055	219438
5093	10523
2491	9793
9533	112495
6138	6230
6142	6233
1364	24146
6165	6222
3301	3303
3183	10236
112	1880
10713	11325
6146	6224
23014	115290
1956	3912
3688	5829
5439	8896
6136	65008
1111	4172
6631	22826
4734	7316
29093	51264
4736	6129
6171	25873
6432	6632
8337	653604
890	11339
3854	9119
3579	8766
2322	6688
641	7316
8687	8688
6249	10540
988	10403
6515	144195
890	4999
9738	55755
274	23149
133	2790
6128	6169
5119	27183
5347	9918
1385	1387
6209	6232
1462	6696
695	971
3912	10272
55168	219927
55970	63940
5173	27199
4763	7311
1639	10540
746	1603
8178	55840
1001	3728
6122	6222
1462	10618
3832	51203
5077	6663
6169	6201
388	9938
5093	11100
1763	10714
1793	9564
6133	6158
51388	84916
9277	51010
5829	10458
3764	10060
551	1816
7398	56852
928	3655
6175	6234
1915	6222
3054	9739
9277	65083
7321	84962
699	259266
521	4694
2204	338339
4736	6205
2033	6667
4809	6633
6169	6202
1601	10618
6635	11157
7314	9134
1981	6218
8976	10254
5707	5708
728	6376
6144	6158
6208	6209
6836	22820
6130	6222
1236	2841
1824	5493
4233	64759
6161	6173
6203	6235
551	347148
4301	6714
4670	10236
2912	4889
1536	338339
4599	8638
28977	54516
3017	8970
10943	54556
3913	5954
7514	57551
23562	53842
1329	1350
1453	6222
1058	11004
6143	9045
251	137797
10403	113130
4709	4726
2916	346562
8655	55839
861	57332
26284	64965
92815	128312
6164	6230
6809	9341
719	58191
89910	115290
8697	8945
5433	129685
1783	24137
3832	10121
5336	79837
9371	10121
6147	6191
3105	6890
4809	51065
2244	3827
3115	7535
81696	344892
9133	11065
6233	51132
9927	54708
2491	5519
1347	9551
6144	6154
2935	6235
5194	7311
6133	6169
11325	51690
26268	57531
6227	140801
914	924
3187	7536
9978	140458
5717	10575
5565	51094
551	4160
5093	23450
6132	6171
8924	8925
915	3118
5829	9564
9700	259266
2865	84432
6168	6233
5706	5718
1981	6223
3191	5725
6137	6209
6133	6204
8243	23279
57630	83737
6168	25873
1048	8434
5711	7311
988	11193
8945	9820
1268	9294
5739	5746
11004	55143
3486	3491
1058	5528
1813	5443
6164	6207
3066	84289
6136	6204
1991	4125
10250	10291
55124	221400
6154	6189
6130	6223
2535	55970
5037	10256
643	10803
3832	4288
2197	6229
1111	10524
2804	64746
567	10475
1337	1350
1660	3184
6144	9045
6637	27258
6189	6205
846	259293
4791	7311
51690	83443
388	117289
6161	6209
4620	4626
3594	149233
27292	84135
2767	5599
6234	7178
259287	259295
6144	6167
3895	5954
6152	10952
6205	9045
932	160364
2197	3921
185	186
5516	5707
23160	51602
3710	8826
11073	84126
10576	23526
4709	4713
7272	259266
134	5660
29078	126328
186	2913
302	6281
5707	7415
5868	11021
11096	54437
1855	7311
5023	10857
4700	4712
3178	10949
6137	6142
6141	6202
6209	6222
55215	64858
5688	5695
6152	6169
6224	6727
3030	3032
1277	7373
6161	6170
6218	6227
27340	56902
6144	25873
6170	11224
3163	5023
6223	9790
1994	10250
3105	3660
6135	6137
6164	6201
3008	3009
5000	7311
6233	285231
389	2064
142684	201475
6204	6234
5898	10890
1824	3728
90	4088
1763	55388
6157	6203
111	799
7311	7321
107	2775
8365	440689
7536	10949
3799	29127
6130	6203
6137	6160
81285	285093
6430	57794
5426	5427
6168	6204
1605	6714
187	5473
10890	51552
4736	6227
5111	10535
54881	65083
57599	57804
5747	9844
864	64750
3978	5422
3915	4240
4706	4717
9133	113130
5695	9232
5434	80004
3066	6045
367	8349
996	5708
6164	23049
6233	6234
378	10959
8074	8404
6173	6189
10952	11224
6159	6230
7082	55243
1781	6993
1395	2848
932	199675
6139	6156
551	3973
185	4988
5684	5695
3688	3914
6667	10499
5928	9070
353142	353145
8811	27199
991	51088
3685	6518
2197	6222
2968	57804
2197	6227
830	1315
55759	84128
996	8453
28998	64960
9700	10592
23309	27327
1293	1300
5290	5781
6167	23049
26091	65264
1062	10592
259	3698
1329	4713
6167	6228
9092	27339
629	4179
6169	11224
4700	4713
811	813
5870	81876
1937	6228
10153	79954
111	3354
6170	23049
3673	3683
11224	25873
1894	29127
5702	5708
6227	11224
6233	57154
6130	6176
5862	57403
904	6667
6233	90678
2806	125061
9666	89910
2359	11251
6207	25873
6222	6224
55014	126003
64963	116540
6146	6233
1387	5929
6634	22827
8491	10746
6164	140801
29945	84108
1994	3192
1660	3185
5660	326624
1315	9570
6233	9101
10890	51715
4952	54874
9371	64792
10575	10963
5604	23164
640	5336
51234	55831
4853	6233
9666	143279
5528	113130
7311	378884
25831	57542
6176	140801
4599	51191
3655	3675
57405	348995
6139	23521
3687	53831
5529	55055
57662	144100
2790	5579
3184	4670
6130	6152
5529	5699
5067	23627
7043	9765
2266	2719
891	151246
55114	89941
6139	6224
6161	6168
636	22930
4116	6636
23397	55143
6161	6235
6171	6235
10552	100526693
6159	11224
6222	6233
81797	344892
57479	58506
4357	54205
1736	79050
4707	29796
51	6233
2912	4543
9246	197131
4050	7124
5688	7979
8351	126961
6700	353133
9320	55236
6165	6206
11338	23511
7175	57122
5054	5329
16	2617
3397	7057
51592	64682
4240	5954
10749	23046
6142	6235
6154	6193
10342	26984
3856	144501
1103	162466
26589	51069
988	64682
6204	6209
6133	6165
2197	7311
6122	6130
4738	9978
6132	23049
2932	6790
6170	6206
10574	10963
6154	6194
996	57542
1983	6175
1605	55624
11340	23016
163	25977
7184	10970
3181	5430
9282	84498
29074	64928
1944	1945
6518	84329
1981	6222
163	274
11145	122618
5746	59350
54148	64928
3797	28981
1832	3728
5000	5558
10236	11100
6204	9349
2521	10594
2792	26338
10427	126003
5335	10818
5822	10885
2197	6155
7311	26249
1291	8985
627	6272
3920	80331
84231	90678
4064	9450
7135	7139
22917	57829
5878	54885
5080	8338
320	5864
1956	54206
4670	7536
3437	10379
10713	26121
5599	6714
5708	5887
9318	54165
4694	4713
6142	6210
27340	55127
2243	3827
6128	6154
9690	89910
3856	3866
6157	6202
1605	3672
23332	25936
6453	51429
8581	27076
26091	26190
1291	1303
9666	9870
643	9294
8243	57551
6135	6165
55635	259266
720	721
1783	5516
6164	6229
8349	440689
6434	27316
6790	9787
3184	10181
9793	57787
3886	121391
2239	9348
5865	23011
6135	6160
4695	4708
84648	353139
5424	5426
389	55843
6167	6173
6167	6210
10193	26118
6133	6193
6232	54820
3127	4261
1660	10492
3921	9045
4298	9646
846	259292
8453	79699
22981	57545
102	54918
6160	6181
9551	84833
963	64386
6461	6714
1659	9716
4535	4539
6168	6230
6203	6232
580	10714
10618	79571
6128	6170
2033	10847
29074	51069
3799	9585
699	3796
1557	1576
10930	29974
3491	84141
4172	9700
10155	25799
248	152330
5903	10735
1576	2327
6167	7311
5330	9002
6160	7178
6189	6224
6142	6218
9666	64750
64761	83666
8615	10959
1956	2268
3123	54331
55008	151636
2207	199675
226	2539
288	6712
1432	5062
2186	23067
5394	5822
5347	11004
1315	9382
6168	6175
152	5580
51692	55749
10112	10749
57154	57674
9716	10285
3433	3437
7421	11198
6125	6167
3660	5696
1116	3240
4670	220988
462	2159
2033	9757
6189	6206
6147	6193
5189	7311
6158	6194
1088	160364
10155	10780
6161	6171
1933	4736
3827	5020
3354	11255
6194	6234
1994	10492
9183	57405
966	79895
4696	4710
1938	1975
4541	25915
996	5707
6173	9349
3174	6927
84464	201254
5189	6233
1452	5515
2790	55970
6170	10952
86	8607
833	4677
1956	2064
466	1386
5034	5479
3685	6714
6138	6202
3148	8125
6201	6224
2107	6137
444	3091
4174	10036
6170	6233
9126	79172
983	9972
1656	80153
1314	10959
47	1431
8871	51429
891	2491
3915	84141
6135	6205
2197	6202
5604	8826
23350	55749
287	6326
3376	8565
26589	219927
5501	57551
6128	6230
695	2206
11059	140458
1601	8322
26146	79659
23244	55746
551	553
2207	160364
5528	8243
6124	6206
472	7468
10121	84962
81	5829
6434	27339
990	5985
4641	9371
