6159	6176
6136	9045
891	6790
3111	3122
4512	4541
9700	113130
8548	64746
10383	84962
6143	25873
64963	92399
111	9283
2935	6203
4952	5286
6154	9349
3490	6696
57413	59340
2790	2863
6154	6223
6173	6175
8338	10526
1946	2268
51426	57654
6133	6135
4793	5714
26019	51121
567	3659
833	2617
2079	6432
3624	10272
6159	6167
1793	10787
10575	84617
6175	6209
6146	6189
4952	8976
3903	10970
4691	9136
1060	348995
7337	8697
23122	23244
6135	140801
1994	3192
1355	4513
3993	84612
3361	9290
351	1524
6147	6152
11017	55660
126638	353135
6223	9887
627	5879
6147	6205
1121	22930
1783	9371
274	6453
6204	6223
4735	23322
7456	10458
259290	259294
3912	5829
5368	50865
11004	22974
933	974
5932	348654
10735	57551
5347	24137
4860	7498
1453	6204
187	2359
54516	55037
3912	3918
388	4983
3852	3868
335	350
3855	3866
1292	3672
6157	6229
1454	4867
9968	10499
26232	126433
699	6241
2641	346562
10153	22984
6138	6141
2535	55970
6143	6194
6176	6204
5587	112476
344892	390083
9877	10250
3184	10181
274	9341
3190	10594
3833	9700
3832	51203
64981	116540
57154	84231
6874	83860
722	725
389	10398
1555	1557
1943	2046
6135	6155
6133	9349
3192	6434
1981	6234
971	974
9221	23160
3074	5476
6164	6218
7852	9564
392188	645402
1462	10618
102	2358
6167	10952
3937	11184
10533	26091
991	2305
6128	6139
3105	3135
4537	4538
3312	9128
9738	55755
25804	27258
6142	6156
8914	11169
7124	51330
5707	84962
6170	9349
1660	9716
57122	57551
2521	57794
6161	6170
6147	6208
23279	55746
6135	6147
4695	4725
6144	6208
90550	91689
118487	219927
6128	6208
1241	7204
7018	9829
4735	7283
6188	6203
6203	6209
6224	6232
6136	6138
4924	10618
6194	6202
2358	53829
4008	22954
6124	6164
1345	7381
6157	6159
10291	10949
1233	5473
4670	6434
4172	6118
1857	55361
7311	10818
54069	79682
9833	259266
3921	6233
301	2790
25909	55746
2962	54845
2801	10972
6202	6203
1824	3728
4670	27316
1937	6228
2197	6210
1241	29933
1911	6045
891	9833
64105	151246
23601	338339
6133	23049
1277	8974
695	7409
6233	54677
9636	11274
988	51692
11100	11338
6181	6233
6430	8175
2033	10735
122042	285601
5361	7305
5872	6764
6135	6224
55781	84135
4694	4724
10075	54620
5720	5721
6206	6230
23774	57459
4313	4323
6125	6203
4999	84515
3350	84539
7343	57459
580	2177
10403	151648
152	5580
6142	6222
65264	115290
6161	9045
5529	6249
983	5983
963	5795
5339	6157
9655	57542
1499	1969
54821	55055
4116	6637
983	6502
3689	3693
2537	10379
7536	84950
1956	3691
10285	10713
6194	6206
7178	25873
5725	11338
6185	58477
6161	6232
4726	9551
3915	11098
6164	140801
6147	6167
2207	5338
6169	9349
3320	6461
4713	9551
6143	6181
3852	286887
5547	10970
7514	9126
6143	6202
1435	84141
3921	6204
595	896
161	867
160	1213
5048	11190
983	11130
6307	50814
6176	6232
6161	6208
5887	7415
8925	10489
6455	9341
6147	6155
5698	6890
846	50838
22984	84172
1738	6470
1994	4670
3312	8871
966	100049587
335	2243
5980	56852
5981	10051
3895	11167
699	259266
6135	7311
5981	7516
187	56670
6173	6181
3850	3860
8775	10618
26525	84639
796	5745
5422	79892
10907	51690
3916	5878
7311	8945
23020	220988
2268	4301
6167	6176
226	2023
23160	55127
6129	6138
11004	55143
2648	25885
4436	254394
219960	285093
3921	4736
9700	259266
2197	10952
1915	1937
3672	3696
991	51665
5731	94235
6157	6164
1956	55914
963	326624
9787	81930
83597	403253
26190	57542
3356	6915
10291	27316
1634	4314
330	637
3921	6152
1536	23601
6130	6232
8453	79699
1601	8027
671	3240
336	2243
22794	81608
6136	6233
4116	6173
890	983
6160	6189
3915	5879
23627	137797
1329	9551
5501	9700
22888	51343
1500	6714
6204	6208
6129	25873
55720	84916
4886	5733
1244	9429
4690	9448
3352	5540
9887	23381
23160	27042
383	10394
6233	9045
972	3127
6142	6175
9491	200734
6122	51386
2048	7525
988	23397
6233	440689
7979	139285
6173	6229
6130	6159
2197	6144
4700	4713
2099	6198
6141	6189
4709	126328
7311	154214
2247	10818
23122	79172
29984	50649
1022	6929
6152	6176
1058	151246
6667	10499
6156	6173
6128	6206
3270	147111
332	22974
10949	220988
23014	79791
8349	8970
1555	1559
6201	6210
3691	4233
3185	51692
2790	27334
1063	25909
6147	6161
5878	11252
5094	27316
9126	79677
1778	3320
6165	55176
6426	53981
27327	84441
4708	27089
3866	144501
996	6790
4710	29796
322	333
6635	83443
6165	6208
5516	5707
7110	90196
3833	9212
1933	6233
3119	3123
1500	5795
1063	7514
2861	56923
4701	126328
10324	51666
29127	54443
7153	23397
6154	6202
7514	25909
6167	6189
9138	55970
3553	11213
1910	3827
7913	9015
551	6846
6142	6144
5795	6714
6207	6234
54663	84365
23168	27125
1781	29127
3921	6135
1660	3191
627	5599
6122	6137
54820	55143
3048	3050
51575	79954
4736	6207
6227	114987
1994	10492
830	10282
6233	57154
3909	3918
2064	9475
6189	6193
905	79577
6173	6202
6204	6233
5796	6233
3882	3886
1660	10236
3163	3725
55863	91942
6688	8334
1906	2150
8412	9564
9277	51010
1269	8698
9875	27340
6122	9045
6168	7311
4538	4541
10749	51479
983	129401
8974	29920
1843	3304
6456	9892
6133	6222
6136	6231
6133	6231
3921	6164
659	9765
388	51291
10274	81930
1956	10413
54069	79172
3684	3687
6232	23521
3827	4295
1495	3801
2150	2863
1337	29796
2197	6204
6165	6188
6167	6201
84128	84294
9793	10403
6159	6227
9371	11127
54885	152503
672	7979
1832	11187
1910	2865
1642	9730
25926	117246
6147	6158
10112	81930
10043	25798
1387	5929
9330	53981
332	55055
6135	6139
5710	51686
6152	55176
890	9133
58191	63940
1287	8974
1325	2784
10460	64151
6206	7178
3838	22974
1660	51593
6130	6181
6173	6201
6203	6206
388	55843
6170	6218
9833	55165
6138	6203
3119	3122
1983	6122
11103	51575
11137	84916
6130	6147
2147	2159
5441	5901
2048	8976
23517	134430
891	7531
1669	8993
6133	6229
6709	7430
5829	10787
1173	8301
580	10714
1739	5290
163	6453
54998	55052
6156	6218
6233	8322
6428	6430
55279	285237
7272	9700
6189	9045
1161	7518
2913	4988
4691	8602
51127	163351
9282	84498
3437	6772
1633	2987
1937	6188
2810	4486
3912	3915
26589	55168
6176	6223
3178	4670
4736	9045
3619	3796
8337	85236
3881	112802
6170	6234
22826	85313
1398	6461
1994	9343
6159	6189
2635	6672
23646	147746
8688	121391
983	5519
336	2266
3178	3184
3181	3189
6155	6170
6152	6189
2886	5155
10112	24137
462	2243
6204	6227
388	55160
341152	344892
5879	10552
1048	80740
636	22930
9126	79172
695	3725
6128	6230
701	1063
51317	57649
6129	6201
5199	56729
3119	3127
4116	6169
6193	23521
4541	25915
695	8976
10552	29763
3915	5621
6703	6704
3619	57551
6130	10399
5903	23511
411	153642
1398	9046
10664	22976
23511	51692
5000	7311
2178	6118
1956	3655
2064	5336
5116	728642
6518	326624
5714	6790
79339	344892
5903	8563
6142	6165
6173	6223
6233	7844
2799	5476
3133	3134
5829	55742
6144	11224
6147	6175
4508	4514
5725	9879
9967	23097
967	25798
8189	11100
7706	57506
5711	7321
963	6518
1933	9349
6428	7307
3304	10963
26539	344892
4736	6234
2767	64407
5747	7454
3619	3832
9282	9968
10943	54556
8648	84498
6160	6171
6160	6173
54555	56915
7204	55970
1991	8635
29127	51143
2911	594857
6227	11224
4713	51079
1933	6169
6141	6203
23295	54620
6139	6173
3690	5908
6202	6232
4734	65264
2865	6863
50838	259295
6155	6193
6133	6194
1994	3191
6202	6223
2769	5335
9787	22974
3683	64386
2305	22974
6160	6228
902	51138
6233	23049
966	326624
8886	9221
6155	6202
84085	154881
2159	2243
813	6790
112	1880
6137	6204
7057	79875
8729	9570
1660	2130
26232	80196
2197	4116
5879	6249
27095	149111
1062	9787
1915	6159
7919	23435
3659	6672
6142	11224
3903	326624
830	9276
1133	9002
7783	11085
9672	64131
64151	83540
4701	10975
6157	6194
26190	140459
5708	29979
6184	6185
7272	10615
6147	6224
6202	6235
4171	81620
3832	29127
338	5948
5929	23067
623	56923
10970	222487
905	5431
6227	6727
9320	23291
23014	64410
50813	84727
521	4700
197	2266
3133	3659
8243	9700
57154	151636
6133	6176
1173	2535
6141	25873
1601	8301
6223	6227
6129	6207
6950	10575
6461	10458
2782	11245
10250	22794
25879	84294
55703	84172
6235	7311
6159	7311
54820	57787
9276	11070
6206	25873
6233	54778
5591	55183
2054	8673
60	1072
2358	160364
5879	9181
8976	29763
1810	55689
8321	8322
6218	6223
4173	4175
1665	9128
53917	57111
778	27091
81	7057
3836	7534
5707	5717
3350	4988
1946	5294
6170	25873
6181	140801
79980	113130
6138	6175
378	830
1778	79867
2033	27327
7337	11275
23160	84172
4736	6128
2268	6774
23332	25936
5869	8301
5861	326624
56949	57794
4736	7311
152	5179
1084	138050
9690	57630
6130	6170
6129	6155
57678	256356
87	78991
22984	84128
5829	9459
779	27091
6233	57674
5116	23354
890	9824
1111	8317
3688	10298
10592	11169
9475	9826
2916	346562
3921	6208
8683	9785
671	10394
399	4952
9221	25885
3673	3912
3437	55601
4116	6636
301	2788
3184	3191
10713	51692
514	4724
10458	10787
8453	65264
566	1991
6159	11224
7514	79172
6167	11224
8615	9570
570	7311
23291	79176
54821	57551
991	9787
4852	283869
5822	8568
51203	56992
6161	6230
9416	55660
6628	220988
25909	57551
6176	6218
6165	6229
4176	4998
3433	4599
29984	84986
5828	5830
3109	3123
8349	8969
1903	57007
6201	6231
1398	1793
1350	10632
4536	25915
80184	91147
6133	6142
6228	11224
6173	7311
675	55215
6748	10952
87	6385
5609	9181
9666	65264
904	6917
372	57511
60	2597
64410	80176
1278	1634
79682	147841
513	517
6049	23304
226	7057
5880	91614
10236	55339
1277	4060
9493	51014
4585	6483
8581	83639
3836	10971
10499	96764
6193	6222
29127	55872
9655	9903
6147	6189
7514	55055
5318	5493
3190	3191
3655	3914
3850	196374
27125	55840
996	80012
993	1111
1337	27089
8243	23047
23197	56729
6228	6235
3767	6833
10022	50835
10426	440145
4695	4700
699	9700
5347	54820
991	22974
2186	9739
4513	4519
7272	10592
1439	5777
7314	10920
23291	26190
1933	6128
6207	51202
6210	6218
6233	154214
1741	22941
7305	10870
9320	84085
3192	11338
6130	6203
9875	22984
896	6776
389	64333
10749	11015
6750	50837
6636	8683
5747	11099
996	65264
1062	5347
996	5708
4707	4712
3433	4938
8178	11267
10717	130340
10403	10592
1906	1956
6993	10755
5868	51715
11017	22826
617	10469
9341	115548
7428	26259
8976	54874
186	2914
720	3426
29927	100526842
351	5330
2197	6138
3920	80331
3913	54972
514	4694
251	137797
4726	7388
6209	25873
64946	147841
5869	23011
6637	51690
2920	2921
3673	375790
160	29924
8925	54778
2122	8535
8467	79595
6133	6217
6171	6173
4297	6045
9867	53339
23310	64151
4176	5111
5439	80349
1894	5879
2491	5529
6176	6203
5869	26130
3092	9146
51465	84447
6173	6206
3611	6790
6233	140459
51096	55759
4926	9793
4710	4718
7200	84634
6237	7525
471	441024
28998	118487
9322	9341
9183	64105
6139	6228
4736	6165
6205	53918
5605	84292
6169	6227
1063	2305
3458	6775
905	27125
6205	6232
6426	10285
3659	6737
472	51426
2060	50618
10574	10963
4736	6227
6189	6222
6218	6224
7398	10635
6160	6170
1340	1347
6636	10465
5436	85437
672	8314
55249	55870
890	4288
2318	54751
344	26020
10803	50865
3640	5443
1793	5747
7175	23279
6461	10787
6285	6288
6168	6203
91	92
6208	6235
3842	10527
1005	1009
134	5660
8514	79895
27339	57461
6128	6142
2799	5707
705	84154
8514	22918
6430	57794
10096	10097
2848	196883
988	9533
1555	1576
25937	51421
6517	84246
9833	29127
1282	1292
3710	8826
672	51755
830	9371
80184	84962
1499	2932
6128	6173
7316	11001
6233	653604
580	1111
2932	5708
4904	10465
6128	6144
6152	6223
1234	1236
6152	6165
5684	5694
23533	55970
6181	6228
6164	6204
10121	10844
1315	29127
4670	23435
3134	3660
162	23431
9493	11113
5054	5768
10250	55749
6168	6207
3192	23350
246	11283
1991	6036
7533	10971
6133	6204
11325	51690
6129	10399
23304	26046
5526	7316
6136	6155
22936	64859
84085	89910
10592	24137
6173	6208
1453	6193
1813	4283
1232	50834
6230	7311
6203	6235
2079	6637
84296	84515
6125	6146
6157	6203
8843	50834
143279	154214
87	5879
2033	5469
3688	3913
6147	6165
5094	84991
55127	65083
51510	51534
51444	80196
9184	348995
6224	7311
7316	7328
23011	51762
9886	84144
6635	6636
6714	57670
6154	6193
26005	121441
127247	131405
1656	80153
7486	11073
2519	51816
7531	8655
4172	55388
4867	9657
5518	6164
3017	8969
6137	6206
6168	6229
389	1894
23160	55720
4541	374291
6091	7852
1991	5657
116	5746
5432	11051
3937	7305
521	55028
6205	8562
6139	6209
55582	55614
4736	6143
10153	55131
6233	8334
6142	6170
2033	81857
6209	8562
6147	7311
6133	6228
5339	6164
973	974
90480	116541
324	8945
6222	6231
3134	3659
1050	2322
3832	9585
10316	729230
8655	79023
5898	5899
23142	51138
6124	6125
891	24137
7039	10652
23160	25885
5696	6890
3360	10888
10527	55705
5741	8074
6147	10399
9439	9967
10075	54926
26190	55832
4758	54472
3619	10274
1366	4072
6170	7311
4125	8635
3434	55008
55125	55755
10236	23435
10236	11338
153	6344
11190	121441
9295	22794
55339	84271
9716	27316
813	7184
719	8895
3693	5829
6189	7311
932	160364
3185	10949
6556	170482
10802	51014
990	64151
65055	138883
27340	55127
6208	6222
3688	7057
2033	55904
22919	54821
1956	2059
6202	25873
991	51088
9533	112495
11051	23398
988	9879
6122	6147
6167	6227
6133	23521
2255	143282
3267	10618
1277	3685
6155	6222
2042	2045
4627	5898
6206	6235
6176	6227
5741	594857
4295	5020
553	6869
6633	84844
3309	10049
55166	348995
1605	84892
7283	22919
5777	7409
8301	25977
3882	8689
3191	11338
1329	29796
2814	51206
6133	6164
8886	51388
383	1669
5431	79577
10376	150465
6175	23521
1668	728358
1915	6228
2803	90196
10155	284309
5318	11187
84105	347732
6188	23049
5048	7531
4513	4537
6194	23521
79090	90411
6128	6229
6169	9045
4736	6203
1069	27077
7153	7175
5832	118813
147	2150
2792	2847
143502	285093
3185	4670
57551	81930
6156	6159
5708	84962
6429	9295
9510	11096
6207	27340
22974	23397
1173	29763
915	29126
51088	51122
51649	54998
2782	2784
6233	90293
5048	5516
3183	6430
3113	4261
1910	84432
3685	9475
6152	9349
988	1654
11316	55850
904	5451
174	2266
399	6453
6240	29127
7434	594857
6154	6165
57082	220134
6147	140801
6207	23049
9283	51764
516	4508
10022	259293
23601	170482
9295	10250
8365	85236
56902	88745
7466	51280
6139	6175
3172	6927
905	2967
712	713
6181	6208
991	5708
6138	6188
1783	11316
335	51156
2935	6189
55755	347240
8720	51360
4986	50834
677	56915
2305	5347
8337	121504
6159	9349
3305	10963
5929	284058
6222	27340
6133	6136
2197	6164
5724	163351
1813	6364
87	7044
6143	6206
1830	5266
2491	3619
3192	4670
1350	7388
4701	4713
3915	6714
55175	56995
2896	10493
57696	65095
3875	3880
890	11065
6233	23014
3184	6434
6228	7178
2195	7124
6133	6203
1435	6696
6223	6232
6147	6194
1908	1910
6204	6229
6158	6234
6124	6222
6167	23049
6602	55193
57405	348995
377	11014
695	7305
5023	84329
9354	140461
6229	11224
2798	56923
6189	6234
5985	10038
7334	64320
6157	6165
1783	54821
971	5336
6170	6235
6208	6218
7525	11099
643	50865
26268	56995
932	338339
8337	653604
6202	9045
1062	79172
5718	8453
6161	6228
727	259287
3066	6045
966	10970
11176	23309
8473	284058
6229	65008
11004	259266
1933	6137
4713	4725
6142	6234
1314	26286
9662	10733
7153	53371
6157	25873
6138	6230
5529	10274
22848	26130
2537	8638
4700	4724
11103	27340
4867	79867
1991	6709
377630	401447
6202	7178
5451	23248
966	5023
6637	51503
5747	9844
6133	11224
3908	10319
185	2862
8841	79685
5985	83932
1937	6142
1783	6709
6631	6635
26249	55521
4173	81620
3646	8667
2934	51411
84541	140739
27258	83443
55832	80067
10250	10285
81	5829
2358	6556
6157	6207
6133	6206
259	2244
5657	8635
1237	27199
3635	3667
10403	55143
963	3683
991	5707
24137	81930
5431	23398
3909	4233
11176	51742
9690	84231
10274	57082
2932	23291
6144	6229
3832	6240
6154	6230
10153	51602
6136	6167
27043	57647
6700	353133
287	10121
10987	51138
932	2358
6167	6175
11004	81930
23332	57551
983	9972
909	915
5903	25909
701	23047
6601	11198
344892	390077
6144	6193
6189	6228
3852	196374
57191	400720
7249	7532
1129	6751
351	3913
6776	26228
1933	6201
972	3119
60	5879
890	7298
2833	83756
3422	6721
4940	10964
5023	8514
930	5336
5578	5588
1088	160364
1062	9793
1915	6144
2788	5368
5725	10291
10250	10291
6249	10540
914	924
6161	6209
3107	3659
3107	3133
10552	10787
8351	121504
1129	5179
54742	80328
8085	55904
50838	259287
57521	389541
2918	10563
6224	27340
6194	6233
3886	54474
25793	140456
5179	6751
6619	10623
6049	26224
9040	80196
5929	57690
8907	10053
3855	3888
1337	1340
26272	55236
6453	54874
10975	126328
3273	5345
10236	23020
6154	6201
6428	7919
5529	57551
6205	27340
6194	6235
1062	64151
338	462
6711	10466
1650	3920
5706	6790
1062	1063
6130	6168
3761	3785
2491	22919
6836	9276
6171	6228
523	155066
5435	23524
6173	6209
4953	51686
6204	6218
816	4137
22938	220988
4695	4713
55	154664
8085	8945
6201	9045
10767	22894
23	6059
4171	4174
10540	22930
22974	259266
8925	197131
57122	79172
6169	6194
1968	8661
1302	50509
905	23168
2197	6137
7311	9349
4301	7082
23107	65993
389	394
919	7535
1994	9416
7474	7483
5829	64098
10014	57459
8969	440689
6432	6434
5439	5451
3672	3685
2150	55970
377	5861
1793	6714
7283	22974
6138	6147
5226	7086
212	2623
6138	6223
2197	6156
88	4620
984	54801
4172	10036
6159	6181
10920	55884
6790	29127
351	8477
6161	6173
9126	23122
5347	6232
6233	55666
7335	55905
1230	2826
51289	259292
1113	6855
6133	6208
6164	6224
701	9700
9039	136371
1350	29796
7311	140801
6139	6141
6133	6209
566	4332
3113	10346
3912	5578
6233	27340
6159	6209
3619	57082
6156	6224
988	55631
831	3688
1994	8570
79659	92104
2149	2151
9320	25831
92104	150737
9978	158506
6209	6228
3433	10964
23112	26523
51715	326624
63915	84062
1452	5515
9055	22974
7311	9666
8570	11052
9727	55770
10232	27076
1969	3055
8689	9119
1499	283149
6208	6233
9493	10749
6189	6207
2475	6654
9655	10489
29078	126328
5610	23586
2251	8823
9144	11322
1033	9787
344892	387748
1969	7525
6128	6201
920	29988
6146	6727
8065	9354
6159	51187
7328	51444
1121	79958
1387	3064
2099	9687
6157	6232
10102	51021
6139	6208
1551	1576
4712	91942
1081	3623
388	4952
399	94134
4712	4724
1783	11014
6426	6434
27327	80012
3895	84141
6144	6218
1894	9833
2914	4988
6161	6194
79865	340205
7311	114987
3836	3838
8648	23097
6205	7311
6164	6189
64750	115290
7994	10499
6222	6229
3055	9564
1236	4544
5929	6872
9585	81930
813	10970
5519	10274
10945	10959
155	6344
3797	79659
6155	6233
102	84141
5294	55970
6136	6204
3912	10272
6455	7316
2058	4141
570	54363
963	64386
2197	9790
2359	11251
3084	5781
6167	6235
8394	23533
799	51764
6224	140801
1499	5795
10523	11100
23011	51715
3356	94235
1783	11127
8322	9341
2767	7204
29093	118487
6182	55052
6430	27316
6144	6207
2204	79895
2847	2918
1080	4036
3921	6130
57647	79954
6201	6223
6173	23049
5155	83706
23332	121441
1329	4712
6161	6193
1605	5879
6146	100529239
2790	7852
23014	55884
55759	84154
7403	10664
4172	7298
6175	6229
3856	3880
6173	140801
6189	23049
25	5159
3909	9459
23122	25936
1660	3192
7327	8925
2153	2243
5685	5700
259290	259295
53371	79902
4736	6129
6202	7311
2735	79809
6133	6143
273	8673
9631	23511
8924	8925
4700	51079
3091	4088
6156	6233
1230	83756
7311	158506
5880	171177
6155	6173
6159	6173
3184	6427
6230	9045
3860	3890
6124	6176
56929	79176
9793	51143
5978	80012
5700	9184
3481	3827
837	841
6208	25873
5708	64750
6152	6159
988	3839
7327	29945
641	4439
3192	10236
1236	1901
3913	9459
10388	25777
1933	6129
2965	8731
4544	5443
6885	23118
4088	5784
6203	6234
23412	51725
1116	5004
23244	55746
27316	51692
6139	6204
1394	1816
4288	51203
5347	54908
3646	6156
6209	23049
2792	3763
4174	7298
2623	10661
4735	91147
6175	6210
344892	390063
7204	10800
51289	56923
6790	11065
6625	27316
7311	64219
23304	29945
5424	5591
2197	9349
5695	5715
3339	3912
23350	55749
4540	4710
2963	11193
6144	6173
637	3002
1605	375790
6160	6165
6168	6227
3921	9349
6139	6156
10652	11014
3214	3215
87	1499
10811	124056
6135	6152
6181	25873
9133	51203
6160	140801
3071	7409
904	905
2099	7031
6156	8667
2521	3185
2783	6752
186	4988
3184	4670
1293	1300
6233	80351
1277	1292
7311	23600
57405	79980
6173	6224
1017	63967
2203	5213
9265	27128
9493	55165
8334	8969
5339	6133
6205	51187
6122	6157
5725	23435
80097	653784
23586	54476
23304	57531
6156	6208
4049	115650
2767	9002
5880	9743
7337	9867
1161	5887
4303	5901
10733	22995
5591	7486
259293	259295
2683	2720
6161	6218
6160	6235
3355	5173
3853	196374
3689	199675
9055	9928
3897	57698
3191	3609
329	5707
4233	64759
10949	23020
930	29760
64426	79595
6189	6218
138805	344892
2913	84539
5422	84515
2081	7494
7155	10036
5501	79172
6143	6157
6209	6218
34	6256
6224	25873
1487	5928
5684	5706
9833	11339
3115	3123
3115	4261
23309	27327
8945	23014
6218	6228
3837	10575
3799	10540
6227	7311
4343	4853
344892	390059
6130	6155
4008	57154
6141	6159
3109	3113
6175	6223
6228	6230
1665	23350
1605	6714
6209	7311
114	1814
3921	6234
90480	116540
6202	53918
1667	1668
5094	10262
6181	51187
2305	5518
9793	54821
5071	23352
332	3619
1515	3113
5589	23193
7032	7033
5054	5327
891	54908
3148	8125
5516	55055
23014	143279
65055	219438
2244	3827
6155	6167
3921	6133
4736	6173
7514	22919
6122	6189
285093	391211
4886	4889
26046	64682
26224	55208
1956	3918
1058	5528
5347	9055
22984	65083
393	399
2073	4331
26268	53339
6138	6189
1958	4665
2033	25942
991	9055
6133	6234
4736	6156
26046	140461
3106	3134
9126	54780
5054	5328
9025	9656
6142	6155
10970	11322
6138	6142
26232	93611
1307	169044
2792	7434
6155	23049
6165	9887
1161	51426
6232	81930
2768	2790
6170	6230
344892	390326
813	10130
3354	9283
1665	3192
3184	5094
4738	9978
4736	6171
6201	6209
1956	54206
25831	65264
811	5034
1000	56975
4710	4713
400	25839
1816	4160
5597	5718
6137	6233
3849	319101
3998	10959
6500	8697
6233	26130
9798	27183
3672	3912
6201	6218
54845	80004
57696	117246
1783	5516
6161	6181
10155	90233
7316	83752
50838	259293
6233	11059
142	5981
163	8976
4175	6118
567	3106
4735	57545
11218	55746
302	56729
4116	6146
4535	4536
3921	25873
8976	10458
3074	23197
7311	56288
2847	4985
65083	84172
23562	53842
6747	23471
2033	9739
4519	4537
5869	9341
10181	10523
4734	64750
3921	6138
2675	220164
1063	57551
5652	6692
3797	92104
1365	24146
4540	4726
1601	6453
23601	199675
6202	9349
4976	9927
996	7337
26005	79867
11137	51388
9738	10733
86	988
197	3827
9793	151648
1233	5196
1129	2912
6118	10459
140458	285231
5451	25896
1981	6230
6217	6232
6237	10371
6169	6207
1435	1462
6139	7311
383	671
7317	140459
6188	6207
4159	53831
6154	6235
6176	6222
514	4713
516	10632
25929	79084
25836	29072
6455	8673
988	10576
661	10623
3157	3422
1350	440567
719	945
51264	51649
10714	23649
1857	27130
377	10540
2521	3181
2132	2817
23322	80184
53371	53981
10733	163786
51143	57405
8687	8689
9934	27199
6146	6201
1994	10949
2197	6207
5705	10213
1453	6206
5439	9978
4700	27089
3434	10964
1173	10552
6232	54820
6188	6206
6156	25873
55143	57082
28514	54567
6418	10592
6201	6207
5777	80184
8175	57794
988	24137
23014	80176
3903	5023
4738	5688
383	3240
1983	6175
3181	3185
3267	5868
5983	57804
867	10097
26123	79867
6130	6218
64976	116540
1810	26009
1362	9698
23658	27316
2863	5332
1292	1303
4540	4713
381	23046
695	3635
24137	285643
6167	55176
2811	2814
1915	6207
6157	9045
6453	29763
374	2069
92815	128312
1234	4544
1969	9564
2185	3685
6229	6233
3675	375790
10051	64151
1329	1337
65003	219927
9349	140801
857	1956
1084	338339
2966	728340
6129	6156
9320	65264
148	886
699	220134
3832	9700
102	6556
3320	84131
10262	27238
2185	375790
2798	4829
2033	6872
2071	55677
10517	10987
902	10987
5529	7311
54908	79172
6204	6232
10199	55759
8334	8365
5432	84962
6146	6152
50831	51289
1950	2277
9690	57154
1783	11015
1462	10130
5931	10664
988	4436
6205	6208
6233	55008
640	973
6830	79577
4172	10714
4670	23020
1942	284656
9411	29984
1500	4646
7336	7341
4508	4536
2873	8945
3913	4233
2962	10291
5528	51143
2932	5707
891	6249
8648	23389
779	10369
6175	6203
6159	6203
163	1601
6610	7132
2695	10266
1453	6229
9790	55127
4718	5284
890	9787
1191	10916
6161	6189
9349	25873
6136	6164
399	7984
2912	5173
1981	6160
6223	9045
92170	503542
3071	3320
2848	122042
1909	2922
9002	55970
6132	6227
5584	6714
6167	6232
6136	6142
6128	6231
5657	23197
6118	9557
3320	10458
6135	11224
1302	1306
4736	6160
2863	3269
259287	339403
5702	5706
6637	83443
9739	23067
3491	3685
7706	51426
8317	23594
3868	196374
10733	79959
5439	6119
1639	3326
8742	51330
9410	84950
6160	6188
3594	149233
5903	9126
11169	23649
140881	245911
7316	10920
6133	6181
10201	87178
3355	4889
4709	4725
7175	51692
5546	10262
5878	54885
302	10577
9126	11130
1660	57510
123904	146183
6159	6228
10022	56923
4695	4726
4069	6036
5862	10890
107	2775
6124	6175
6181	6218
3375	7253
1824	1825
5529	5781
9551	55967
6143	6231
4734	89910
58506	130074
51322	79577
344	9672
1660	3609
1069	9657
3191	51692
10427	10484
2197	55176
6168	6175
3491	10272
4539	374291
391	94134
6155	6165
341276	344892
6144	6222
3681	8515
522	84833
8541	64130
3491	3915
5861	10342
9221	84172
84128	117246
3688	5879
23112	192669
3837	22974
1174	55330
1676	3837
5747	10787
9787	24137
6209	9045
553	680
5604	23164
6556	84418
2002	6722
9700	23397
2444	84766
26716	344892
4736	6167
1062	5516
3998	22872
813	1435
9666	89910
9551	29796
6164	6188
28998	51264
5149	388531
199675	338339
3683	3695
932	945
6160	6205
595	4609
55872	83540
1398	3055
8836	116844
6230	7178
4591	55658
6136	6168
332	7514
3091	5708
383	4942
4641	10552
84154	84365
23223	64318
4738	6635
6224	23049
9040	140739
3684	79895
4736	140801
6135	6136
7756	64149
1462	84141
5179	7857
6189	6233
4599	51191
1660	10492
22954	23014
1813	5443
2125	5493
4867	8655
9277	84946
64928	64979
6338	6340
10749	11014
7057	83706
641	5426
6159	6229
8581	10232
7343	9013
6161	9349
6699	6707
4905	9527
51602	84946
1839	5782
54820	146057
65003	118487
3921	6161
6122	6202
6170	6206
5179	9210
4803	5923
51429	115548
5328	5329
8945	55832
2197	6155
5878	51715
2318	3688
1062	29127
9793	22974
5441	79035
1981	8672
1237	5173
3191	9128
377	9493
26271	51053
2197	6146
3710	5330
6136	6159
5579	9564
3181	6628
6189	8562
2863	9002
4540	4724
9556	84833
963	7805
6154	6168
2695	5741
2993	2994
83597	135924
7453	8565
1781	6232
7175	57122
3659	54739
1956	23624
83540	157313
2033	23112
6625	10236
348	5360
10427	55291
9354	23304
6159	25873
6158	6206
238	943
1511	6036
831	23209
1315	81930
8945	80204
6157	6173
6164	25873
55320	401541
6124	6235
2023	5315
3673	3675
6790	22974
988	29127
1058	55355
6232	25873
1870	5928
6189	140801
6223	8666
6142	9045
6132	6168
1154	23014
6142	23521
80184	117177
7514	23122
24137	29127
521	7388
1434	3836
6155	11224
2131	2132
11095	157869
153571	153572
6223	6228
1854	4174
2177	2189
10890	23011
6181	23049
5284	55004
1282	10536
8365	126961
6224	6233
1969	2268
728	50835
1129	4543
3866	3875
6224	6234
9126	113130
861	6595
6233	65264
8687	286887
5093	10181
4725	4726
1350	27089
4775	5534
1453	6189
25936	79172
152	2916
26277	54386
27334	55970
3675	3912
6154	6164
6161	51187
891	22974
133	2863
5788	7852
53829	57413
5725	51692
6130	6161
7984	54509
399	10144
5878	9341
6137	22916
4439	6118
4599	8638
1364	9080
3576	6347
10112	54443
6176	6202
6317	6318
8349	653604
2525	10331
6915	94235
2247	3685
2491	79172
1915	6130
3797	24137
10236	10594
991	1781
8329	317772
9138	29984
26232	84541
5519	6801
6135	6176
6698	147409
5865	23011
6442	6444
2833	6346
2177	5883
81567	93100
26190	197131
372	9183
9631	65250
6122	6176
6133	6207
3918	375790
10163	147179
1495	9043
4540	51079
4599	23586
3685	160364
55755	261734
3702	9402
332	5528
5869	8027
6164	6209
6218	6234
904	25896
6152	25873
9343	9416
1124	5879
6227	6231
1350	7381
335	336
945	2548
516	26521
23095	24137
7316	64326
5725	10492
1576	2326
3191	55749
4172	4173
5001	222229
506	3313
2932	6790
3109	3119
1983	6181
6164	6230
1241	2863
6175	6201
177	351
5516	5711
8853	11014
1398	9564
1287	80781
5001	10926
2800	9827
6218	6235
3832	4288
6139	6194
673	57498
113130	151648
9126	9793
10489	55832
9181	171177
3274	55970
79643	92421
1656	54464
904	2957
1910	2147
10285	51692
1933	7178
2719	3698
2147	5020
5432	79577
4144	4548
3685	3688
1129	4852
9276	10652
4519	4536
10427	126003
6135	6175
3267	10254
4069	6037
5688	7979
6138	7311
4194	9099
7421	11198
7337	54778
6203	6222
7317	89890
3190	57794
2053	7311
891	129401
3054	81887
3689	3903
2206	3702
3672	3915
1717	3157
3190	11052
1287	3673
3655	4233
50838	56923
1063	5501
25885	64794
6165	6233
197	335
2242	10371
22995	55835
51	5194
9371	11014
6169	6208
6249	8826
6181	6207
521	10975
1991	4332
5023	326624
2918	6752
29763	51429
258	9210
102	1499
6168	6176
55127	84172
2197	6206
8729	10945
2048	5998
9738	132320
2305	10112
728	6376
5822	55127
9133	81624
6139	6193
3913	10298
991	1058
514	4700
3973	104909134
7316	54677
81930	259266
7057	7424
972	3115
51234	55831
4116	6135
1559	2327
5339	6189
983	26005
661	55290
1103	162466
727	846
56923	339403
9877	100381270
5433	10772
6194	53918
4940	10612
2197	6233
7041	7414
988	23435
8074	8404
6159	9045
23295	84231
2197	6223
50838	259292
2354	3015
5294	7409
3843	10527
6143	9349
6737	283807
5878	10552
3191	79869
6136	6169
516	4714
2197	7178
91543	129607
3689	84418
7994	9219
6222	25873
6136	6218
10254	22848
5868	23011
813	5954
4905	9570
6159	6210
3106	3107
6124	6142
183	51289
23304	56658
1340	27089
3434	8638
5861	51014
2255	26281
6142	7178
566	4069
2242	6237
7153	348995
6228	140801
4254	7409
3434	23586
5528	151648
1642	5931
7311	7321
245937	613210
1650	29927
2242	3718
7862	54815
51129	85441
8740	10673
1350	4695
57154	57674
10539	57019
5558	23595
57154	65264
2521	10921
831	5747
10890	10971
3619	25909
1576	54600
2769	5330
2935	6169
1781	6993
57545	121441
3437	8638
5747	9475
10952	58505
3183	27316
2923	6185
8729	23095
10517	51433
9655	55832
1933	6130
6130	6142
6139	6146
8301	9341
990	10592
6160	7178
9968	23097
5981	57599
8347	8969
6233	221937
11339	79682
9700	151648
7852	55970
2865	6288
10121	26123
86	8607
10250	84950
5692	5710
5516	5714
1783	2491
5706	5714
8697	11059
29126	80380
7249	57521
9690	154881
6160	6232
6152	6188
6169	6181
3685	4240
1994	9879
2268	7525
220134	348995
60560	80218
53371	348995
6142	6193
2243	3026
1291	8985
2790	5294
3320	9844
5684	8658
3190	6434
1981	6228
1062	9585
1116	1669
3106	5696
55055	79172
8615	100302736
1453	8945
6146	6169
226	7086
10552	22905
23304	90025
2962	8175
1915	6139
705	9277
10466	10540
8450	51122
8976	25977
9128	51340
2932	3611
5336	7525
3055	5829
3850	3852
5880	257106
8662	9669
521	9556
117	2784
5688	5695
945	222487
3433	3434
10427	11196
9437	259197
23223	79711
54677	83752
6167	6202
4709	55967
332	81930
6154	6159
6209	140801
55055	348995
1639	8729
857	1950
1933	6181
6157	6189
57405	79682
8452	57154
988	10403
3192	10523
7514	23332
8337	333932
2064	2065
6228	8662
6515	144195
54578	54657
4538	4540
10802	100302736
6164	51187
6830	26043
156	8477
2784	4985
1062	10274
4695	4724
23517	84135
5439	6637
2551	4899
9984	79869
6144	9349
444	3725
23160	84916
5688	11047
3178	10523
6160	6169
6142	6189
1956	3320
26232	55527
7474	8324
1933	6135
133	2790
3482	22848
4586	140453
6142	6208
26589	29093
990	5985
7321	23198
353139	353145
7311	57530
6169	6170
23014	142689
3909	59277
400	23041
5660	7852
4736	6229
999	4072
102	160364
1329	7381
9730	84085
5591	9656
2956	4436
51289	339403
6518	10857
1783	24137
112	57413
3619	10403
6156	7178
108	7252
963	3685
4798	79913
4736	6188
10964	55601
695	5293
6152	6222
5411	51747
23160	64318
988	5094
27340	55720
6139	6144
187	5473
988	1994
6157	6161
10857	196527
6133	7458
695	2206
11251	94235
23047	151648
567	6890
9416	51692
6385	7852
6143	6201
6164	6165
813	3569
26519	26521
915	919
51138	122769
6194	25873
891	9787
2826	84539
3181	3190
7139	7431
3852	3860
5868	9341
3659	10475
6122	6173
9767	11143
6147	6218
7272	64151
23376	84085
1880	57413
26168	27043
1062	23095
6916	80142
28959	55365
1291	5033
1387	6667
1783	6249
1994	10285
3512	100423062
6142	7311
8924	23030
5566	5970
1981	6168
6139	6210
8573	57669
1325	2847
6144	6228
6135	6218
6146	6161
6142	6207
3184	9343
6152	6171
9320	154881
6181	6204
23279	51692
3672	9564
2982	2983
57111	64284
5431	10285
5970	23291
9655	50813
5433	23517
6152	6154
29984	55843
1814	259285
117	5741
887	2147
1933	6159
3913	375790
514	4695
3187	6426
6124	6189
4666	6137
57153	160364
6790	11190
83551	319100
6141	6144
7846	150465
6432	10189
88	4626
6233	27327
2491	5048
121391	286887
4700	4717
890	10733
4540	4709
3833	24137
3676	3691
7110	79571
9363	9367
891	1033
2623	6886
4736	6176
5286	9685
1232	338442
6383	10082
699	151246
4691	22984
5753	6725
10282	10652
9632	10483
4172	4998
7311	26249
7311	92421
6635	23524
932	326624
4116	6218
2621	83706
9652	23517
1536	2204
1387	8085
11127	23095
6193	6227
6130	6206
64682	84085
2957	6601
3192	51692
3361	3627
4751	4867
1453	10427
6625	11338
932	10970
4696	4710
5697	6750
6155	6168
1062	23332
6628	6636
5290	5781
51023	51649
6233	8290
6234	23049
22794	23398
6206	23521
54069	64946
5929	8945
6189	6209
4171	4998
963	3903
7153	9688
988	5062
10014	54880
2848	285601
6143	6147
1394	3973
2932	5704
6160	6230
6136	6217
1949	2045
4513	4514
3688	91522
3071	5747
160364	338339
891	10112
8453	55832
3430	8638
7272	9787
4588	192134
1000	1012
23212	65083
6168	6209
6692	6768
1933	6204
5700	5706
9343	51692
22984	55127
641	2178
966	199675
420	58530
8704	55624
4543	5173
5196	56670
9412	55090
1241	55970
1933	6194
5879	50807
3718	50615
6891	6892
1490	25937
2079	6428
6772	23586
6176	9045
54939	55294
3882	8688
6168	6202
3619	9972
1290	3685
1062	5526
9533	64425
2072	6233
5903	7514
7311	10111
335	2153
6224	6228
2207	5335
57129	219927
10615	56992
6142	6164
6136	140801
25	5893
23291	23327
11325	83443
83732	84946
8085	9757
3362	53831
4536	4539
388	23526
4708	4709
60488	64963
1915	6189
6142	6173
2048	3055
3119	4261
2935	25873
10189	29107
1062	3799
506	4714
50840	259295
23283	55749
3688	23209
9039	10293
6790	24137
10283	23398
6143	6175
4538	374291
6206	6210
3190	9128
991	4734
11103	84916
5861	5878
10254	10617
6790	7283
6233	143279
259292	259293
6155	6157
26190	55236
1639	22930
6207	6218
695	7454
4508	4538
29927	58477
6188	6235
3685	9564
1947	2049
7132	10616
7311	9341
6461	7409
567	3105
6890	6891
2204	160364
8453	9820
50614	200958
6201	140801
6556	338339
9727	23265
6169	6202
9883	55746
4947	5716
79019	85236
51143	79172
5594	51316
4853	6233
8886	84916
904	5431
336	462
5433	129685
4173	55388
7328	22954
6210	6222
1933	6202
2214	2215
1191	2162
6135	6205
11052	51692
6233	9101
890	51203
6168	9887
8329	85236
6223	51187
6170	6176
116	59350
3122	3127
9493	22974
399	9138
3240	56729
6156	6201
6152	6160
6711	11014
6128	6234
6139	6142
671	8993
6483	200958
7311	23049
9928	259266
10112	29127
1347	10632
4724	91942
5516	81930
6122	25873
5868	64145
2207	23533
6631	6636
999	3691
51023	116541
1660	51729
6142	140801
1398	7525
3157	4597
1398	11184
1285	1286
1495	4301
6147	6230
10153	55759
156	5578
369	54845
6147	6207
1906	2863
10663	259292
1208	5406
3856	3866
51023	55052
6218	6231
8356	8365
3921	6203
3355	5179
1832	5493
3434	4599
3340	6385
183	846
6233	23291
4707	4714
4709	51079
3797	10112
1478	3188
6203	9349
25897	27252
4602	5432
6138	6160
521	1350
6233	55669
8349	85236
6122	6193
2935	6173
5928	192670
26268	90025
22954	23327
1325	6373
472	84464
1511	5657
9320	80204
3240	5005
2150	7204
6201	6235
2359	94235
3663	23321
6207	9349
9040	29945
5199	6709
3133	10475
9656	11073
3619	23047
5469	80205
6128	6130
5193	8239
3433	10561
1302	169044
4993	344892
1983	6176
6158	6208
6637	11157
6159	6194
2788	2863
6135	6223
87	5768
5426	23594
6637	51639
10484	11196
23047	57405
5869	8322
6155	6194
1830	3713
226	5768
1544	3620
1511	1991
9564	9844
3660	10475
4670	5094
8453	56995
1660	3190
3681	22801
1105	4343
3054	25942
64761	83666
118430	727897
11065	122769
10499	23389
7311	55914
5332	55970
1994	220988
8451	9730
5519	9183
5685	5705
6128	6175
2023	2597
5610	6774
55635	259266
6155	9349
6128	6181
6170	6173
6130	6204
6209	7178
8341	8969
6165	6223
5707	10383
389	9938
2790	7204
6157	6168
6707	126638
6132	6218
991	54908
2537	9636
1434	3837
4254	5777
928	3655
2935	6160
991	10726
4513	4538
6426	9782
6175	6235
977	5339
7317	51343
26046	26268
1756	284217
9276	9371
10914	53981
2153	51156
8453	84085
6232	6249
2491	54821
8729	10121
6128	6207
6228	9045
6129	6161
567	3660
5023	10857
4514	4519
5707	6386
388	257106
5439	10980
57381	57514
695	3055
2817	4035
55759	57696
6156	6207
1230	29899
4670	11052
79172	113130
7204	8976
2811	2815
6173	6235
6201	7311
335	5948
174	2243
6203	6205
6204	9045
6373	10563
6202	6228
3673	4233
3973	4160
963	8514
4514	4535
8807	8809
6169	6204
6429	84950
1511	4069
57479	58506
164	10618
6139	6164
6129	6181
6161	6203
126328	374291
5519	5903
10959	26286
51421	60485
9833	10112
2957	51616
6223	6231
118487	128308
6741	9533
22984	57062
1471	2519
3091	84962
6181	9045
6161	6224
24137	64837
6708	6710
9493	10112
1665	84172
10574	10576
3191	5725
2519	11098
6152	6169
988	10540
383	4353
5660	10970
25942	51317
2197	6136
6138	6167
5371	6672
1233	94235
5116	55125
6678	7424
6194	51187
5747	9564
7514	23244
3371	84141
996	1017
6169	25873
80168	346606
1434	7514
5725	7536
51433	246184
6155	6169
2071	9014
6161	6222
1727	5707
8563	23225
6168	6181
5707	7321
7328	57154
4519	4541
5435	6875
6193	6234
1956	3688
6130	6189
3178	3192
6134	6202
3860	3868
6138	6208
23350	79869
1050	7124
2157	27095
501	85007
4033	10970
4695	9551
1605	29954
2832	3827
374	2065
6146	6206
23291	89910
7321	84962
4724	4725
6139	6232
3837	3838
6231	6233
1601	8976
5286	7311
351	3912
2784	3763
10713	26121
6125	6160
65993	124995
712	7305
3084	85440
640	974
9757	26523
54577	54657
25885	27340
6122	6181
752	5217
7058	9507
6135	6170
6122	6156
1314	8615
6155	6229
6157	6181
7476	7483
6160	6222
2197	3921
8514	10857
6144	6201
1500	84962
11102	55127
5701	7316
6141	6222
6233	25831
4736	10399
6205	6222
317	835
2033	23013
4599	10379
6144	6161
1956	9341
4947	5708
1314	10802
5930	140460
2266	3698
6143	6158
6202	23049
6138	6204
351	2767
6173	6222
8329	121504
11343	57552
672	7153
6206	6218
338	2266
7178	7311
4172	5426
79583	79600
64837	81930
3860	286887
9371	79989
6194	6209
136	2863
3115	3127
3619	11004
6231	25873
6205	11103
5878	8411
6161	6204
1536	8655
9015	284119
1048	154064
1559	1576
55112	150737
6136	6203
27316	84991
671	1991
55832	154881
6138	6169
3912	54972
116	4914
377	1783
1994	9716
6232	23049
5700	5702
10155	201514
23122	23279
1937	6125
26267	63893
10749	24137
727	50835
55131	64318
9306	9655
3609	4670
701	57082
350	2266
1794	5199
1230	55970
6132	23049
3169	55766
3764	10060
6194	9349
302	2519
10199	79954
3569	84141
1915	6142
3512	57050
3673	3683
391	394
6233	90678
3903	64386
1136	1137
161	3482
5903	7175
9738	203068
83666	151636
988	79595
6136	6207
10236	22826
9133	51512
9919	149111
51010	51602
111	10268
9833	64151
8886	55720
1453	6232
3433	4940
1665	3191
4509	4537
58505	200185
6185	84061
1933	6176
10733	79441
552	6866
6155	6206
3854	9119
1981	6223
9793	55755
4701	51079
6793	10857
51096	84128
6173	6194
6233	257397
5747	7852
6165	6222
9887	11224
5093	51692
6272	9500
6144	25873
351	1269
9551	27089
6208	6210
399	117289
3683	79895
3978	4174
1292	3685
6142	10399
4353	5657
10733	55142
6176	6207
6235	6727
56945	57129
6233	23112
351	83706
1233	2359
2209	10152
7327	10517
3832	9833
2549	3055
2071	6878
9188	23560
6194	6205
4171	4172
3185	10921
2239	10082
5528	9700
3055	5336
3071	10458
4171	4176
6009	60673
5627	10461
6133	6156
4735	79867
3848	162605
4700	4712
2623	3674
57332	84733
50835	56923
4535	4538
5741	7434
1069	10426
9045	25873
5516	79172
23354	728642
50865	64805
3191	23283
11193	22826
3912	51280
4686	9128
6155	6231
80018	80155
79501	285093
6136	9349
6175	6193
2962	57794
23244	23279
22995	23332
4736	6232
5879	6385
6173	6233
3303	3320
6428	10946
3921	6168
136	2788
7317	22888
8905	10053
5695	7979
891	29127
2935	6157
6144	6234
5928	57649
409	950
4707	51079
11051	85313
51465	84541
26263	55884
29074	55168
8329	126961
22984	51602
6170	6208
1364	100506658
6714	10413
4536	4537
9700	51434
6923	285231
1453	6233
3015	5438
6133	6165
6147	51187
3921	6222
799	10268
6122	6168
9790	27340
6330	6340
4670	10657
3853	3855
6146	9349
6222	51187
3921	6160
8334	79019
6138	6224
2274	284119
6601	6605
1942	2268
4508	4512
580	80010
1062	10051
6209	114987
1291	5351
1660	23283
3978	4176
1314	9632
972	3113
10540	80184
1605	9459
9126	9184
3303	10963
4172	4678
23431	27131
335	3827
27076	154064
6203	6207
9416	53981
6128	6202
4116	6165
2960	2967
1314	10945
87	7525
9793	203068
80321	91147
6170	6203
335	2266
1956	2268
6129	6173
516	401505
941	942
4035	6385
26519	56993
6144	6230
23582	25949
6141	6175
6139	6157
6154	6189
778	10369
9493	64837
695	7525
3309	29927
22984	57696
5684	5695
8329	8347
5427	9768
7852	63940
3071	6461
2683	54918
3691	3918
55388	90381
7321	57154
2147	4295
6203	6232
2358	170482
3433	91543
6209	6230
5644	6690
102	1495
151648	348995
6154	6228
1793	5880
5984	7298
2683	84061
274	1956
4116	6206
6133	6169
2801	5861
6208	23049
8924	10489
6154	6167
1063	3619
2912	3355
6709	126014
1290	1303
27252	140461
6193	8666
6281	79026
2954	8836
3837	5903
399	23526
56923	259293
3836	22974
1398	85440
351	54972
3163	5023
6518	10970
988	56852
3115	7535
6637	51372
28998	57129
2521	3190
7311	55008
6836	22820
6422	7474
8453	8697
6135	23521
5111	10714
9341	23149
2064	5364
4670	10949
1639	29127
29089	197342
6128	25873
10949	84991
833	4141
1994	10236
26523	192669
4670	51692
2197	6176
1398	5781
6168	6189
7343	9112
2790	9138
3222	3225
23059	26146
5431	9879
6500	7314
57403	81876
24148	51340
324	5519
3579	8766
9021	57674
9277	84154
2197	6167
1173	29924
26190	51122
6152	6208
7454	10458
1778	80321
5440	80349
5591	8924
8661	728689
84643	93661
9969	10499
8843	27198
25831	80204
10733	11190
1829	64065
6203	6228
10236	10250
4176	5982
9570	10802
10181	10772
7153	9824
10051	10592
890	84515
1991	6037
1500	7525
2957	7702
10396	25798
6132	6160
6233	9732
6139	6167
2107	6137
10236	10946
5473	11251
1778	1781
7311	143279
1292	10491
1642	8607
10902	54617
1645	8644
7021	83741
6241	55143
6319	6720
6152	9045
8663	728689
1933	6205
4519	4540
22905	51429
7003	10413
4940	10561
1595	6307
398	5880
3326	7415
5903	79172
6363	6373
9904	57696
393	11015
6128	6136
2033	9031
5286	6272
857	4088
5361	8829
57187	65109
8976	10254
5700	10213
3713	6699
115106	440145
2788	55970
671	4353
5868	8301
3886	8688
5519	5781
3178	6430
79895	100049587
5529	151246
1915	6138
6142	6205
7283	27175
3619	9700
9341	10254
25885	55127
6175	6194
29984	128272
4538	4539
5708	5970
2197	6142
5868	5869
29945	90025
3638	6721
6125	6161
4694	4726
1515	3122
6222	6227
6059	8886
102	3915
22984	23160
5443	6370
1500	3801
3913	6714
4700	29796
1794	3055
966	6711
7337	55175
701	10733
5879	9475
23223	79039
830	1604
4316	6696
5861	11015
3949	5869
1555	54600
5985	8914
1956	8976
161	6233
116	2740
6181	6232
671	1116
55720	83743
79172	151246
6125	6164
22974	81610
1738	4967
2131	375790
2968	6882
10102	54148
55749	79869
6709	11014
3914	4233
5985	63967
1103	6572
2788	2864
1943	1949
8289	57492
6228	27340
1983	23521
8337	440689
2186	8467
10576	23526
514	1350
1500	7082
4736	6218
5336	118788
570	6233
11116	79959
1915	6206
2521	3192
5516	5903
2968	57804
164	2799
50831	50832
4701	7388
324	8085
3184	9716
4999	5558
988	10236
6154	6232
4839	25885
10403	81930
1147	9040
28973	55173
6601	6602
11339	64946
23160	23404
3827	5020
3326	10576
2788	2790
10517	51444
2197	6181
9354	9604
3838	6790
1452	6500
6193	6228
4709	91942
9793	84902
1062	9493
988	64682
6869	347148
9126	23063
6234	140801
4585	200958
919	3559
1499	5819
1310	169044
160	1601
55720	84172
6141	6234
51602	84549
6132	6204
3691	3909
25798	326624
3187	7919
29093	65003
1349	10975
6143	6176
4734	22954
3071	10552
23160	54881
121504	333932
2935	6181
705	23160
4233	8976
8329	440689
6122	6161
6173	6230
63967	84515
3488	54757
4710	4724
6193	6194
6170	6189
4116	6633
6158	6189
6157	6169
701	10615
5905	6232
6146	6234
7311	55670
6698	6707
1660	10713
9570	22872
6137	6138
6370	165140
287	6326
595	5708
6461	6714
3886	286887
6556	196527
3921	6136
100	51816
6206	6228
10733	203068
163	26130
7454	8976
6128	6161
9837	11169
11250	83551
3837	7175
988	58517
6136	6227
658	4093
5950	7276
10250	79869
1017	84515
90025	158506
6428	7536
6147	6193
1233	6370
89890	90025
4514	4538
51320	55175
23279	79172
3191	10492
2036	8573
6157	6201
26043	51122
920	9026
8812	11198
6878	8295
6194	6201
5294	7852
6455	23149
3491	7184
9793	25909
6133	6235
10403	23310
2912	5179
3827	5005
4694	4713
6176	6189
164	55330
47	1431
7110	10618
10232	94025
776	786
10097	10618
920	115548
2597	7167
4714	54539
6155	6227
6461	9844
6203	6208
332	1058
6193	9349
5885	286053
6130	9349
23332	25909
2888	5584
2935	6170
11190	55142
1308	3691
2185	5747
3838	5903
6135	7178
595	11186
6129	6209
5690	8452
8976	9341
10592	157570
3184	9987
2792	138883
6133	140801
9114	127124
6125	6189
3911	3913
9128	11338
830	11014
11176	64426
5170	7249
57630	83737
4049	4050
3619	79172
1557	1559
6383	284217
84154	84549
3853	286887
6164	6235
1453	6208
5430	81556
22948	63971
6125	6139
27229	54801
6124	6169
830	51014
5624	10232
1118	3417
5829	375790
6222	53918
10155	25888
1292	1295
1965	8892
4998	5422
11021	23011
567	1520
2197	6209
5896	5897
4736	6158
55872	157313
57405	64946
4718	4728
3486	11098
7314	140739
1942	6714
7398	10714
23047	55143
23063	23244
26270	93611
4513	4539
6128	6227
1781	10383
1829	5493
55970	126006
10517	53339
115290	143279
5005	7276
988	3843
6234	9887
389	114793
1453	6218
2535	2790
6432	6632
6141	6173
6201	23049
4736	6159
2865	23620
3685	84329
4008	7321
334	3491
685	1956
6129	6168
2177	11073
6128	9349
8615	10802
3609	10236
8453	9666
522	539
197	2243
2642	4922
1398	10787
2535	64750
23122	57551
6453	9322
3912	84141
6152	6230
259292	259295
6154	6175
6207	6230
2207	199675
3091	6233
54575	54600
5869	6233
4710	4726
57787	146057
1576	2327
10540	121441
3688	3695
1453	6202
6135	6164
7328	9690
8365	653604
7298	10403
197	462
6152	6201
55143	151648
387	7094
6147	6227
6135	6144
6167	6170
28981	64792
8329	8349
5217	55740
857	64750
6175	6232
6387	50837
6427	10189
9700	10615
6167	6233
6136	6208
5436	5438
11274	23586
3685	6385
6147	6232
8729	9276
65264	90293
2048	5921
5119	9798
4713	7388
23355	27072
117	594857
6210	9349
283111	344892
5157	7991
11015	23046
54657	54658
4736	6193
84549	84946
55168	64928
23295	140460
26173	51593
6138	6156
10926	63967
5266	6707
6203	6229
9276	10427
1981	6233
51264	64928
3559	8651
991	5905
9493	81930
966	79895
6207	7178
23014	55832
64792	92104
8453	54165
8808	84639
3434	4940
389	94134
6279	6280
6233	56254
4734	23291
338	2243
1830	6699
6147	6176
2847	6363
2153	3827
6143	6173
1058	9212
5983	56852
5528	113130
23020	27316
2846	2922
5879	100423062
890	157570
113	259285
6133	7311
6750	6754
6156	6176
6227	6232
5516	7525
3683	3693
1915	6222
3635	3718
2798	10886
2034	9314
1812	51764
988	9475
23601	160364
6217	11103
6139	6160
6189	25873
6240	10051
10733	347240
338	51156
10155	79943
8648	10499
6232	6235
22995	163786
23650	163351
5705	5718
2207	338339
27042	55153
1981	6208
3915	51280
336	51156
8337	8349
6175	6202
9320	55236
4666	6129
892	9477
6135	6173
89910	90293
9493	259266
3688	3918
5347	10592
4175	81620
90	659
5471	10606
1956	5328
4537	25915
204	4508
527	6836
1477	6431
680	64106
3630	22796
6135	6232
6128	6228
57153	79895
6222	6232
864	64750
1956	5782
1659	9716
3886	8687
7919	10236
891	2491
6169	6229
3921	6175
6125	6133
5880	9844
10615	146909
81792	170690
4208	6929
6202	55176
3710	5575
6169	6230
7409	7454
10112	83461
10291	23658
928	113177
84727	122769
7124	7316
6223	7311
393	11014
55920	79023
9757	23067
5970	23118
6201	6208
6635	27258
1325	6752
1670	1671
4735	10540
8329	8365
1555	1577
3434	9636
6136	6230
8976	55971
1022	4005
6137	6218
9616	150726
8688	286887
3619	23511
2837	84539
5433	22794
3579	5515
29796	51079
9320	89910
3685	5023
55831	56851
1783	22930
29118	63876
5528	55143
3183	4670
2801	9276
6129	9349
4829	10886
10885	25885
6138	6154
7337	51320
6500	10920
4173	8914
51725	55819
6146	6159
9700	57082
891	51433
6556	23601
197	336
783	2784
3491	3913
6233	26190
2033	26523
3283	6718
899	51343
51079	374291
3688	3912
64979	118487
344892	390058
120796	344892
8976	10552
1060	57082
90	4090
6734	58477
6167	6206
2242	9855
1457	1857
6139	6222
4736	6201
6176	6234
3646	26986
11102	23160
23511	25929
6181	6229
6210	6223
1915	10399
111	3354
5715	7314
2033	9757
10466	57511
9322	23265
7311	54363
7311	27327
6234	8666
10426	55755
6160	6231
55143	113130
57545	91147
55252	221937
248	152330
3133	3660
6155	6181
4736	6209
6203	6231
187	94235
5204	6637
259287	259293
5566	7283
1665	5725
1327	1337
988	8243
10963	22948
887	4295
1937	4736
302	79026
5439	6923
5707	7415
3107	5696
1029	1030
1933	6206
7004	25937
5435	9978
8698	59340
1605	3909
1630	137970
350	2147
5516	5781
6235	11224
79954	84128
9870	84231
79583	80184
3921	6147
6158	6233
6160	6209
4736	51187
4620	8735
6636	6637
9282	9967
972	3123
29127	81930
3672	6709
6169	23049
57154	64750
6227	140801
641	7316
8514	57153
2064	6233
1337	1350
6233	84231
6218	6230
1956	2064
187	6370
22974	29127
945	3685
6207	6222
887	5020
9833	51203
55124	221400
6701	6704
6672	10475
9918	10592
72	58498
5501	25909
10102	28998
5196	11251
57405	151648
79895	160364
332	9493
6137	7311
6124	6133
6168	9045
904	6619
9904	57647
5872	8766
3856	144501
6156	6169
9820	90293
6125	6194
4008	57542
2633	5371
6161	140801
6135	6208
6129	6139
3190	4670
332	1062
1956	5921
2197	6235
1129	3355
1060	220134
6169	6232
830	6711
10660	390598
29093	92259
1991	5199
147	5021
64386	79895
9820	23304
57551	79172
10403	57405
5048	5529
10528	55226
8351	653604
6168	6173
3190	10921
6139	6230
6165	6169
9787	9833
1994	7536
3799	9585
4116	6227
55629	65110
6203	6223
2967	51426
3914	3918
3688	7052
1879	5079
6189	6224
9329	10621
6233	8295
54908	55055
2491	5903
6117	7156
27237	171177
22905	29763
1605	3913
5605	10256
55737	58533
514	521
3673	3691
6135	6157
399	9411
813	3912
6143	6160
521	4694
1956	5829
302	3074
1495	1969
4539	4541
5426	9126
2266	2719
6790	55165
399	64333
6168	6204
8451	55208
6193	92856
5004	5005
6129	6206
6206	6222
4688	124056
4609	7022
2885	3655
6152	10952
779	783
3561	3635
6160	6233
4173	9837
53637	63940
258	5179
4793	5704
6605	57492
6147	6201
6158	23521
8976	22905
389	2064
891	5861
6142	6176
3688	6774
7919	10949
5347	5905
335	3698
388	9938
9820	56658
4736	6144
3799	29127
3178	10949
2804	9276
219858	344892
25957	51747
1910	4295
4584	140453
6218	140801
10394	56729
6128	6169
6161	6227
2186	23067
10802	51128
1933	6154
705	56919
2792	391195
51649	64976
3362	3640
3692	10969
6877	6908
6923	9978
6152	23049
27042	55127
6160	7311
2792	6752
64926	153090
8945	90293
57154	79176
6142	6210
5424	5426
3192	10492
6137	9349
7327	9040
79867	91147
3191	3192
6202	6210
156	301
4839	6156
6147	9045
6218	11224
7458	8662
10540	29127
5438	85437
6189	6217
6629	6634
5436	6631
5048	23322
6230	6231
51465	51676
6133	6157
6143	6223
5708	7415
6156	6228
2197	6203
6132	6136
10885	84172
6621	79035
6152	6206
2266	9715
6170	6171
6601	57492
2243	2244
4670	10594
6908	54815
553	64106
830	10540
4173	5557
4854	5087
7337	9320
6850	9564
2204	338339
6189	51187
1457	9918
9787	54443
53917	201475
2197	6125
3903	10857
824	3688
3192	55749
1033	9232
3796	10735
1536	4689
991	83461
4706	4717
10671	51143
6189	7178
55901	170692
9816	9875
991	64750
4736	6133
8881	63891
1656	27161
6491	259266
4696	4718
9700	23332
929	7097
2222	3422
4715	7381
5872	51715
1137	1141
3313	9093
1536	653361
26146	150737
6143	6171
2962	3664
4313	4325
4694	4701
8473	10724
10425	84541
6144	7178
6206	140801
24137	259266
1981	6133
5869	51552
2185	5879
3185	10236
6227	6234
6230	55272
55127	79954
6233	7178
983	7272
1783	79659
332	54821
1778	24137
1894	6790
4057	57554
1088	138050
391	26084
8452	10075
6141	23521
6164	6217
2618	4548
6207	6209
5094	51692
11102	134430
2305	9133
6631	84844
5781	259230
5699	11059
797	7252
3433	8638
3122	3123
1292	5352
6208	55176
6164	7458
22954	57542
3486	3491
890	7272
6176	6206
632	4094
10952	140801
56923	259287
6143	6209
4867	79600
332	7272
1445	26191
3799	55605
3635	80271
23076	57696
5347	10112
7037	54885
6156	9045
6129	6133
10574	22803
285	7010
7044	51097
89910	143279
6175	6234
1781	11015
55131	57647
5717	6790
2740	59350
1108	2033
5310	9727
6159	6202
8655	27077
5345	5624
23223	65083
51203	55143
6206	6208
336	2153
79583	79867
6181	6235
6133	9045
988	55215
302	6281
6152	6156
6125	6129
1453	80097
5695	11047
332	259266
6139	6203
5119	51652
29093	219927
1557	1576
1287	5155
3683	5788
6428	220988
5518	6133
5330	60675
6218	23049
4736	6122
6129	6208
11190	22974
1933	6136
5430	27316
6209	6232
3685	6518
5928	10013
1058	55839
4509	4539
53981	85313
10425	84085
915	3118
84676	140456
4670	9343
3055	3684
8648	9968
3422	4800
6189	11224
8581	154064
6146	6160
1347	4695
1398	5829
6132	6170
9820	115290
5954	51280
6223	6233
6175	6181
6631	27258
9410	10946
1981	6164
6218	25873
8886	79954
2801	2804
2957	5433
6157	6176
6167	6204
6233	83987
9436	259197
2197	6202
26146	64792
963	10857
1956	10552
1595	3156
2980	2984
163	5878
399	84144
1981	6224
4040	8322
6233	10818
8648	96764
1292	8974
4718	4724
84648	353139
55066	57546
4712	4726
2071	8450
1062	10112
26268	64682
3184	51692
3320	10598
8021	79023
9320	26046
9984	10482
3482	10618
1774	5199
6637	27258
1660	4670
56963	148738
1548	1553
23122	55746
4695	27089
3921	6227
6234	6235
4116	6201
6233	23168
545	6233
26235	158506
6135	6228
701	7153
9377	54539
6235	9349
2916	3351
1022	2810
186	2913
7311	83987
6230	23049
2125	6707
2099	6387
2197	6232
6157	6234
26005	84902
595	4602
5528	23332
25885	55703
3855	3875
3113	3127
6207	7311
6139	6189
3949	5868
51382	222487
6626	27316
2204	199675
566	4125
6141	6194
6632	57819
22995	27229
399	57449
3183	6428
9349	11224
1453	6222
1329	1347
3190	11100
6205	6229
391	27237
6207	6229
1595	5447
8648	80205
22984	26155
6160	6224
4689	7409
1981	6189
5433	55197
5516	51400
9793	55746
6138	6233
3920	6836
5590	6714
2770	55970
11073	84126
4116	51639
23291	51122
23398	23517
2033	4089
102	6233
5516	5598
160	6233
1781	6249
1121	51715
55839	79023
3797	9493
25978	92421
226	5315
6168	6224
6133	6193
4666	11224
2537	3433
8698	63940
6137	79707
6728	51121
6154	6169
2695	594857
3687	441864
50848	57530
728	5697
6142	6202
7840	57787
4542	4646
10458	100423062
5436	27258
6223	6229
10274	57551
996	197131
6430	6434
134860	319100
6181	7178
3191	10657
7189	55626
3183	7919
6143	6168
1778	10577
6202	11224
6125	6158
6188	6230
9739	26523
727	10022
9877	55746
6877	51593
9793	23332
1676	3836
1476	10394
9371	10112
6137	6141
4509	4519
6632	10907
22954	57630
259287	259292
4283	6364
9833	22974
29088	51264
26232	51444
336	4547
7004	10413
383	5657
3685	10970
6249	81930
6625	8189
8317	23649
9416	10914
3135	3663
6045	171023
3685	375790
9700	57551
1880	3579
3607	55252
6790	9493
6160	6168
5739	94235
9787	29127
23067	25942
3913	51280
4724	4728
4584	192134
6418	7514
3185	3190
3074	6386
4171	4678
3852	3855
6138	6139
7316	22954
1786	3017
3619	51203
4173	84296
6160	25873
323	351
29984	445328
10657	11052
6228	6234
3433	9636
5717	200734
6124	6230
6133	6218
811	5589
10274	113130
2683	5660
6168	6201
116540	116541
10849	25885
83597	135946
5048	121441
274	5869
26043	54165
262	4143
5515	6500
10403	56992
833	4677
10575	22948
3913	5829
996	115290
6188	6227
9611	23118
1857	6233
5878	10890
389	90627
23160	56902
6156	6229
971	973
6205	6233
1116	10394
6133	6138
9382	9570
5515	10776
5699	64344
3376	8565
64792	79989
971	29760
3267	3949
6142	6157
9867	140461
29074	51069
9341	10552
10959	55605
6132	6201
1981	6154
1660	51692
867	6654
22872	100302736
11224	23049
6143	6234
6122	6232
6176	6194
1894	9493
6181	6202
4924	5589
3833	10615
8453	55884
117177	121441
10920	26263
3105	3134
7153	55746
8317	80174
23309	79595
6924	22916
6175	9349
5695	7314
6122	6139
3309	7184
6122	6207
7536	27316
6188	6229
3320	9657
4709	29796
6156	6164
6167	6209
2935	6122
6229	11103
57153	199675
5451	55718
6201	6230
9752	56141
5196	5473
2262	2719
891	5516
6230	9349
3017	8337
4717	84833
6155	6201
1665	3190
1069	9557
8644	57016
5861	10890
10575	10963
27076	83639
3106	6890
1062	54821
6139	6159
2189	80010
643	10803
1062	6790
6128	6204
6128	6168
919	3123
1084	160364
8871	9341
3695	8516
2923	3309
813	10618
6189	6205
9883	23511
6129	6230
1781	5861
23112	27327
1233	11251
783	10369
6809	9341
7478	7479
3911	9459
6193	6232
7324	79876
3351	346562
6159	6218
2935	6234
6160	6175
5516	6249
6175	6230
959	10673
9055	29127
3842	54464
5777	7852
7327	51433
3619	81930
3191	10432
6146	6233
6136	6156
161	26130
8349	79019
6426	348995
1511	6037
6235	23049
10133	10540
6175	6218
10193	26268
3915	5954
6161	6235
7409	27071
1453	6205
6428	6632
22826	57819
857	284119
6202	23521
6157	9349
2243	3698
6165	6189
6181	6222
2521	5725
5173	6751
8329	8337
6037	8635
4848	23019
3543	7441
1173	5962
4297	23309
6133	6202
6737	146330
9320	26190
3619	10112
9870	57154
1439	5568
10952	28972
29933	55970
3619	151648
6135	6141
920	5335
9564	10787
916	940
6176	6210
1287	1288
23279	81930
5599	6714
7272	10733
6161	10399
3913	3915
27292	55781
1237	2917
5725	10949
55275	55610
3178	3609
335	462
79892	84515
6142	6161
1783	81930
10189	79902
3884	3885
1500	3728
1660	10523
6230	6234
8452	9040
23283	27316
7153	57122
6161	6234
6230	25873
5872	53916
9700	10051
3312	10808
6147	6191
60488	116540
6385	7057
6218	6227
1650	6122
221	5328
3675	7045
1856	5528
3921	6230
891	1781
886	3061
1778	5861
3192	27316
51	55825
6209	27340
6128	6164
332	23332
988	51645
6227	9349
5315	7167
55055	151246
2863	7204
23160	57647
26267	90025
4288	10051
6136	6165
972	5641
3184	55749
7005	10413
6130	6235
6156	6167
6747	60559
4005	4602
2932	5718
3339	3915
84962	126374
3676	6714
4540	4694
3185	84991
10236	51692
3184	27316
4514	4539
1933	6144
6616	8673
6205	6230
9037	23275
8295	57634
3675	3693
58505	100128731
56670	94235
699	79172
11127	51014
1062	259266
6629	10189
22918	53831
945	2207
1084	2358
1315	3796
51023	54998
864	5708
29127	51014
2064	6714
4867	91147
25879	56902
3048	4778
1933	6224
353137	353145
6434	220988
399	445328
1793	7525
991	9491
2205	3702
185	186
5707	5708
6202	6205
2791	115557
5869	57403
83540	348995
6160	6207
6175	6227
3002	5551
10618	50618
2237	23649
10890	55667
833	8565
2185	6461
389	393
8337	126961
6514	6927
2920	3569
6130	6188
109	2358
9793	121441
8667	26986
344892	390061
6157	6224
3301	3303
22930	25782
3006	85236
5701	51330
55215	64858
5868	51552
8074	29106
158506	246184
8697	23291
4173	8317
6156	6202
6133	6146
56165	136991
3190	11338
6141	56915
10959	22872
112	3579
5586	5879
6188	6202
4713	10632
4626	8735
6233	221687
1876	10445
29093	51258
3937	5788
2524	2525
6631	6637
6613	7341
27340	57647
972	3109
3710	6804
3093	22954
1639	10540
6230	63931
2692	5745
2521	3183
3685	3903
8021	55746
1793	5829
1366	9080
570	1962
5861	5868
7311	23118
3017	8351
54509	445328
6230	6233
2071	10920
6218	6222
871	1287
336	2262
868	5930
4952	286451
6164	6205
6144	51187
472	64421
286	6708
8338	26277
3106	10475
2359	56670
2957	6619
940	5879
10992	27339
6175	6233
3170	3651
6426	27316
6154	6234
5822	10885
990	55388
4829	56923
4717	29796
10193	197131
2692	2843
4736	6169
2197	6159
140807	319101
8683	10569
2521	27316
6122	6155
6128	7311
4738	6923
680	6869
701	113130
5584	55243
8945	23304
55070	79176
11128	55814
5093	5094
8065	84259
6626	51593
6130	7311
5351	5352
8329	8341
6128	6171
6548	11261
26046	197131
5604	7529
2641	10203
1435	8542
6208	6229
2197	6152
6222	6223
4540	4701
1269	63940
51650	64983
7305	23601
4160	104909134
10083	257629
4724	10476
57647	84916
3698	3827
9690	22954
2197	4736
2848	3274
1933	6147
10540	24137
5829	7430
1476	2495
8886	23160
6830	55677
6155	6161
10236	11100
6136	25873
146	84109
1277	22801
6201	9724
4173	5422
50831	259292
5149	54714
2185	3320
7057	56999
259287	259295
344892	390275
3710	10235
3015	10284
54881	65083
259290	259293
8337	8365
11015	51014
155	6343
3853	3860
3190	10949
4702	4724
6167	140801
867	5781
2033	8289
5501	57551
9730	10425
8349	387103
8243	23244
8607	54881
1277	1291
9700	348995
23020	51729
6210	9045
6147	6160
8886	64318
8570	22894
185	4922
23398	85313
7137	7138
1669	56729
54778	57542
11128	25885
79861	81027
10517	51138
9700	64151
4724	27089
344892	390066
174	3698
1659	9343
6138	6201
7164	10053
3115	10346
2205	5335
6700	26239
6158	6168
3688	6709
830	10466
4131	5048
1462	3915
1007	1013
1040	79143
9700	9793
6169	6235
988	3066
846	56923
3013	8351
10283	23517
4171	6749
9410	57819
1665	9879
8318	54962
5706	5718
50832	54429
9553	54998
4542	4641
5861	10749
3799	24137
6135	6137
6189	6232
5473	10321
1783	8729
1739	4646
3013	8334
5829	7534
1579	8529
6169	7311
5048	81565
988	79869
2358	338339
5426	63922
4171	5984
6129	9045
991	11004
6139	6155
4927	50628
1111	23595
6136	6229
9904	23160
5704	5714
6222	6228
6139	6206
29974	403314
1633	5143
9055	51203
6709	56729
3437	23586
6625	6626
4712	55967
1022	9150
683	199675
2033	6667
6170	140801
11224	25873
6232	8662
2803	7110
4952	6233
6168	6169
2956	5422
5557	54962
29945	64682
8290	121504
1933	6168
1859	132660
8661	8672
22845	57171
351	2817
5694	7979
2776	27334
302	5834
996	5717
6139	6168
9879	51362
51099	79948
3109	3115
4087	79753
7525	10298
890	4999
472	5884
7184	7466
4171	55388
3675	3909
10293	200845
391	8503
3594	7297
7042	83706
988	9774
7027	7298
3619	23279
6155	6164
79867	80184
79600	91147
6146	6181
6633	6637
5592	8654
1950	3912
324	6233
6122	6133
51593	51692
1915	6161
721	3426
6129	6135
1347	4726
9801	28977
9371	24137
6714	375790
1956	7311
6122	6169
3915	84141
915	3702
6143	6233
55872	64151
6155	6224
846	4829
6500	7320
6165	9349
990	63967
1595	4047
3832	54892
7388	29796
1058	9833
1783	25839
10489	84231
22856	55454
9611	23097
1783	29127
51023	64976
6160	23049
6158	6194
6135	6207
336	338
5879	64333
51143	55055
1387	6601
6135	6146
6203	23049
904	5433
8453	26043
5571	60673
1783	5903
4116	6132
682	6693
595	5707
1111	7486
2197	6228
6122	6175
6234	7311
25873	51187
5717	10575
10112	10540
6133	6173
6206	6229
2535	7525
1063	3832
6135	6210
983	79959
1822	23028
23327	29082
4508	4539
1453	6227
7031	7033
1962	6233
6169	6223
79682	387103
7454	10787
55662	80351
274	8853
1956	3675
3202	3203
26268	80204
1001	3728
79954	84916
6233	26043
6160	6210
64682	80204
2197	6222
1058	11004
4736	6130
9493	9585
2817	3340
25885	83743
353137	353139
6874	51230
9295	25957
1488	6934
4736	6222
5869	7311
22974	83461
6491	284403
2072	7158
9295	9410
51081	51264
23014	64219
6132	6169
332	79902
1794	9844
6210	6235
2147	3481
9742	55112
6059	55720
920	5286
1337	1351
57678	253558
6139	6233
3659	5696
6133	6155
2197	6727
10960	51128
50838	51289
174	6694
9493	54443
24147	79633
8468	91646
9739	27327
4624	4635
2790	2837
6428	6434
6387	57007
9341	22905
10921	23524
8515	22801
1495	5819
6133	6168
988	6596
1398	3685
3115	3122
9782	10949
6132	54512
6426	7536
6136	6194
5869	6453
3434	5610
6136	6201
102	813
10970	338339
3832	10592
8843	338442
23244	25909
3912	375790
10112	22974
10523	51593
2629	5660
6700	353132
1063	79172
9724	27042
2641	113091
9320	54778
1783	6232
5438	84844
5433	6426
6135	6209
11190	57545
3913	10272
2266	3481
8638	10379
3361	4283
3133	6890
2935	6176
6154	6218
56729	124583
5094	27238
5694	7314
6176	7178
9350	148738
6189	6203
10969	29997
81	87
10965	55825
9349	9887
160364	199675
10272	11098
641	2177
8027	51429
3921	6232
6142	6218
1956	3912
3183	5094
22974	64151
846	259292
389	6242
3054	9739
472	4361
25942	57649
6138	25873
54874	115548
51429	54885
4700	4709
102	1088
5311	9727
4343	84441
890	55165
8636	11258
6142	6181
5747	7456
156	2863
8189	23524
5429	5983
2932	5526
4713	29796
8914	9126
9318	54165
1062	57551
2917	27199
6129	6147
6142	9349
1662	9136
11103	56902
1294	2157
1610	4843
6165	9045
4171	5422
3797	26146
3678	5329
3689	8514
25897	55175
55070	126433
1495	3799
2207	7305
1758	8404
1660	1994
2551	3054
3860	196374
6159	6204
3875	144501
26268	57531
1174	10016
3320	85378
2153	2159
6164	6194
197	51156
3934	8836
8568	22984
6232	9349
115827	326624
8189	10921
6165	6224
8666	25873
5970	6667
6135	51187
988	10657
6130	6202
6201	6227
4116	6202
1969	6714
11314	196527
3903	8514
9341	54874
9126	348995
7175	9877
2537	10964
2792	65055
2892	2903
6144	9045
6232	7311
824	831
5725	10657
25978	51652
6635	6637
51330	115650
904	79577
3915	10298
7514	23279
6233	140458
7317	29945
9879	10949
8087	9444
146	886
2059	5294
6161	11224
671	1669
966	3683
1107	23186
6229	23049
6229	6230
5338	11145
5741	10266
4172	11073
6137	6170
5868	26130
187	11251
6222	9045
4736	6205
996	6233
1394	4160
1839	3976
2207	3903
5862	8548
92421	440738
1660	1665
5707	6790
1144	1146
2841	55970
50835	51289
5905	23225
3688	5747
335	345
1111	4361
1063	23279
27	10486
6233	285231
3921	6228
161	24137
9666	115290
890	10403
4736	6223
1937	6138
6170	6233
5435	84844
6125	6202
54778	197131
1306	169044
10285	10914
6124	6203
6168	6228
3190	3609
6156	6188
3183	27238
945	3903
10713	53981
23122	23332
25898	27252
643	64805
9601	10130
4008	9870
4588	26290
6128	6135
1147	2475
5501	9793
4694	55471
5201	84617
1778	11014
8969	85236
10153	84128
7337	10193
5704	5718
3921	200916
3915	10130
5339	6194
6142	6147
2197	6170
3857	3868
1933	6222
699	1058
3887	3889
55003	84154
8365	8969
5111	5434
4638	4659
991	9918
10155	90075
8243	10735
10921	51692
23301	30846
5111	10535
5443	53831
351	5660
6165	140801
54539	126328
26268	140461
7311	11224
10254	51652
3309	9531
10053	152503
6125	6169
22794	348995
726	831
6202	51187
5528	11004
2557	2560
643	1268
6147	6181
999	144100
672	348654
5699	51684
336	350
23112	84441
6635	51690
332	79172
1788	57332
9666	143279
6136	6209
1781	57545
890	26271
1994	3609
966	10652
10841	200895
3635	5294
6950	84617
6210	9887
8688	8689
4713	4728
7327	26046
2840	4986
2060	9829
10426	55835
3832	10051
5329	11322
6209	6229
1933	6218
4724	29796
6635	9883
3320	10787
6175	6206
6139	23521
274	8976
6517	9968
259	2266
2034	3091
27161	192669
8295	79595
6137	6209
10890	51552
6232	6234
2153	3481
8568	57696
6128	6209
5795	6518
8600	50964
6147	6168
6426	6432
9371	10749
28981	79989
2817	6385
6138	11224
632	3381
3690	3791
3434	55601
6207	6223
3055	5788
6130	6230
332	5501
130	10720
39	3157
617	26517
344892	390067
3655	5339
6129	6136
1650	6836
257313	387129
4736	6189
6626	10523
2867	23620
23322	79600
6130	6164
5685	5706
3055	3572
6143	6159
3833	29127
6556	160364
2617	8565
9341	25977
1499	10971
940	50943
350	462
7415	10576
623	2861
8301	10096
344892	390079
7525	9844
6210	25873
7514	81930
796	797
6139	9045
11196	126003
57530	100506658
2813	55350
988	11193
8351	8365
57082	79172
325	3015
6280	6283
684	4939
28987	51388
1781	2801
1981	6209
6139	6176
388	7409
1088	150372
988	3326
10427	22872
8615	8729
1937	6201
514	27089
6189	6208
6159	6175
6129	6203
8085	23067
25831	197131
1991	4069
6154	6227
1453	6223
2863	55970
3309	9601
6144	6233
1660	55749
55746	57122
940	3695
10403	51143
640	5336
1062	83540
10403	57082
6130	6138
6204	6224
60485	84962
27089	29796
1133	8477
462	2159
54148	54516
6631	6632
6154	6204
2799	5834
4588	140453
109	53829
6124	6206
54474	121391
108	50837
2801	11014
1287	55214
3434	11274
6167	6222
5594	5781
6950	10376
6158	6202
6124	6141
399	4983
9739	9757
2932	5714
440	2617
6209	11224
6181	6230
109	10681
5529	81930
9892	10109
8976	115548
6146	6235
3308	5903
983	9126
1902	63940
2155	2159
5500	5516
3664	23650
1453	6231
3920	55754
116541	219927
2804	10945
1347	84833
10528	64425
2550	3579
6133	6152
1551	1555
2621	10272
197	350
3685	10857
7272	10403
9877	23279
3833	9793
5781	10818
488	489
6202	6204
1965	1973
6144	6155
2131	2817
1665	10885
6135	6227
29127	55165
2912	4889
3339	6385
4514	4536
5928	10014
26146	28981
84163	389524
51118	80135
3486	3569
6430	10949
4809	5435
1781	10112
51023	116540
6160	9045
10713	11325
3915	7402
6133	6154
23160	134430
6233	55366
6137	6154
6122	6129
9787	64151
138803	344892
55759	84128
4641	5879
6152	6167
6208	22803
6165	6203
6189	6229
6158	7311
2935	6168
4670	10236
6156	6235
4599	4938
1121	81846
6167	6203
6144	6169
23197	26043
4736	6233
3687	79895
932	79895
3157	6307
3888	196374
23122	220134
3017	8970
6204	6235
9188	25885
2072	51426
10153	79954
932	3903
5558	11169
378	9276
6729	23471
3572	3977
55110	57703
3880	4072
50831	56923
3695	5747
3274	285601
2633	117854
6122	6160
4508	4537
9076	24146
1894	10112
51023	219927
6599	6602
3903	79895
3903	57153
1395	2848
988	7919
6868	7311
3192	6626
4738	5715
8243	23332
6152	6209
1080	2147
3882	8687
28998	65003
6152	6173
983	2491
8992	23545
5516	5519
5747	10458
8349	126961
6202	6234
3837	57122
79895	199675
1793	3071
6799	6817
6227	23049
5094	10236
26589	28998
6139	6224
6154	6233
4735	4867
2767	8477
84231	90678
389	9411
54998	64976
3123	3127
444	3091
6204	140801
4125	5657
9277	80135
6714	8976
7110	10466
51676	115290
6923	140458
6161	6164
5111	7027
9276	9632
6233	6235
6223	23049
7082	100506658
7311	10952
10236	51729
8816	79269
1639	22919
1500	55740
3184	10921
219954	285093
1763	55388
1455	89780
8243	9793
1062	55055
974	29760
6170	6222
6128	6222
9020	10000
79473	344892
917	1759
6233	7311
9820	89890
10482	23279
10250	10772
84078	89890
351	7184
7311	23521
3062	6869
6233	7098
1603	100128731
11014	22818
23291	26091
6154	11224
4928	10482
22984	64318
6124	6135
945	10857
79711	84172
1741	26037
5713	5715
5361	55558
4867	57545
3913	5747
6138	6193
680	2798
5437	23524
8192	9361
886	887
335	338
3882	286887
6130	6223
5189	7311
4641	9371
80196	140739
7456	10552
84861	143279
7528	54891
9462	64926
57539	79659
3619	29127
23595	51053
6237	10235
813	3915
1660	3181
274	51429
636	23299
4734	23327
6189	6230
3978	5424
401505	100188893
6138	6232
1861	27348
8334	85236
23149	51429
10693	84617
4116	6168
4862	79365
9320	10193
2123	2124
6209	6727
6636	84844
6170	6201
4709	10975
2623	2811
9348	10082
64682	89890
1347	9551
26524	126374
23244	57082
7311	65264
8329	8334
83540	220134
2059	10458
5610	23118
9212	83903
1650	7841
6122	6141
6206	23049
2521	220988
6155	6176
1933	6133
8322	8976
1129	5173
963	5023
6908	23451
6224	6235
4694	4710
1981	2197
353142	353145
1453	6230
1793	10458
6168	11224
5518	23399
988	6599
6222	6235
6122	6138
6159	23521
8365	440689
3909	375790
9320	57542
1857	5699
6426	6428
10681	51083
79895	338339
6997	10637
6138	6222
4069	5199
6161	6205
5331	27334
6228	23521
6152	6170
3422	4047
1856	27130
11338	23636
7184	9601
3945	4200
6209	6223
1478	9128
2617	4141
4641	5898
3859	125115
1639	1783
10250	11100
6129	6222
10949	23658
9690	221687
9978	140458
6990	146754
9790	22803
974	5336
990	3832
4085	10733
5094	5725
4173	5426
2537	4599
5433	8085
9700	79172
7311	151636
3832	5422
8131	64121
201475	326624
6626	220988
6631	57819
8237	10574
9969	23389
7424	8828
8085	9739
8106	29894
3608	116844
4713	126328
988	6602
10802	10959
3683	8514
4539	4707
1356	54757
23590	56997
10592	51203
1778	4867
5768	11167
9742	57560
377	10749
64792	150737
891	81624
151648	220134
1508	1514
7043	10916
1902	8477
9126	57551
513	9377
8976	51429
3437	10964
3921	6189
10199	84946
2197	6139
3043	3045
1495	5781
6232	140801
6160	6194
8607	11091
5338	9744
4736	6206
1029	5925
5737	56923
11176	79595
22984	79707
6147	6203
4172	4176
6164	7311
6207	6224
7336	9867
28981	150737
890	151648
10970	326624
1981	6235
22974	121441
4102	158511
1969	5747
51021	84545
332	151246
23512	84108
2784	2847
25873	114987
1398	2185
51079	54539
5699	8945
1072	5216
6746	28972
5781	6774
4512	4540
4839	55720
54998	219927
5196	94235
9793	79172
5094	9416
9045	10399
84231	140460
4712	7381
6130	6144
7337	84085
9978	285231
6152	6204
4540	25915
5179	283869
6161	6169
3880	144501
6218	6229
55781	134430
3673	3909
6154	140801
2178	2189
5711	7311
3122	54331
26155	84172
6202	6233
1387	9967
4853	6868
3811	3821
6159	6230
108	797
2107	6170
3713	6705
9662	79441
10713	23451
11190	203068
4853	9253
6129	6142
1387	5469
988	7112
51692	55339
127385	344892
2691	5739
2243	3827
2286	5479
6229	27340
10121	57545
51429	54874
10466	10618
6170	6232
1295	55214
6209	10952
6601	9031
6141	6161
2672	6688
6176	140801
6144	6227
11236	79139
3396	51081
7133	8740
6165	6207
2064	7525
8729	10959
3122	11184
5094	10285
4724	4726
51154	84154
1994	27316
8697	8945
1778	6249
23309	64426
2475	9821
11339	51203
142	56655
27252	55585
185	2641
813	84141
6708	11280
4694	29796
498	4508
6146	6224
6182	51081
6129	6224
351	63940
6181	23521
11222	56945
2222	6307
47	2799
6233	22848
10921	27316
23160	55759
5330	8477
2177	7398
387	7046
10458	55740
80740	171169
1950	6678
4867	80321
3937	55740
567	3134
1629	4967
8687	54474
6934	283149
79895	222487
6152	6168
222487	338339
23404	54881
6209	9349
6201	6233
8969	8970
6155	140801
1902	2185
983	9833
983	4288
55008	151636
79470	344892
4536	4538
3105	3659
53339	80196
10491	10536
9844	10458
2817	5673
9847	23265
64928	118487
4297	23269
6227	6229
3635	5579
6647	11315
9655	84085
2197	6165
139322	374354
6201	9349
2841	63940
4710	4725
4519	4539
126006	729230
891	991
7204	60675
3921	6207
6234	23521
7322	9867
6206	6234
196374	286887
3903	11314
9636	10379
5695	51330
388	23370
5725	9343
3921	11224
5868	10890
84085	197131
9372	25930
3267	22848
6483	8705
846	2798
4343	6233
9636	10561
2197	6160
6164	9045
4839	10885
2958	79035
26146	55112
5716	51330
7532	10142
1269	59340
8881	29945
10970	11001
4736	6202
4666	6202
6159	6193
25885	55720
5328	10396
10517	140739
4288	7153
6152	6164
7316	55669
2773	29899
1946	1969
6170	6209
3619	8243
5693	5705
117	2792
10153	10199
6169	6231
6133	6158
3558	3717
10236	10291
5558	10926
6189	6206
388	389
6171	6231
6227	6233
7520	79840
4670	6421
1665	1994
6210	27340
84135	134430
6156	6227
51203	64151
6141	6232
6129	6157
6137	6189
2197	6135
6201	6206
990	8697
522	9556
6224	6229
972	3111
6228	10399
3832	11169
6143	6161
10013	57649
1058	64105
6142	6224
10857	84329
1781	3320
1495	8394
916	50852
1573	8529
84418	100049587
8673	10970
6602	6605
51373	64951
5441	84844
5869	8976
7514	54821
501	51166
3913	11167
3071	7456
1043	7512
6934	83439
6429	22826
6129	6189
3178	220988
7314	10980
6426	55660
1937	6207
6173	6203
25831	64682
6427	6432
79685	94239
50835	50838
1282	1295
1345	4695
2784	5741
22803	27340
6203	11224
7469	9656
6193	7311
5566	23332
5869	10254
79172	151648
6727	140801
3105	5696
6159	6164
868	200845
6426	23517
1116	4069
6222	140801
6194	6222
3185	23283
9493	11015
7381	29796
641	5424
8243	10592
7337	26190
4116	140801
5869	10552
10321	57554
1665	11338
6161	6201
6925	6938
1459	9918
834	114769
6208	6209
513	374291
1994	10921
6128	6235
6138	6181
6157	6160
6157	6209
6132	6208
2847	6752
399	9743
5708	51330
6159	6201
641	2189
5985	55215
3912	3913
6173	6218
84648	353145
5422	10714
6136	6160
6159	10399
4952	54874
6137	6175
6167	6234
8976	10787
11098	84141
23028	57504
1062	7272
988	4999
3921	6144
4535	4539
6129	6202
9631	9972
11073	63967
1956	5579
6147	6173
6187	10557
6160	9887
7414	8993
6863	84432
1495	128239
163	9341
6047	23291
301	5368
7082	55243
6161	6231
5579	5583
1350	4726
2033	8243
1524	6370
26589	51069
2197	6189
5861	9276
6155	6235
10491	85301
4620	4626
399	26084
6122	6209
3725	3939
10274	151648
55755	146057
6139	6218
53981	348995
945	6556
6122	6143
81930	151246
10022	339403
3675	3918
2491	81930
55790	79586
6157	6233
22954	23291
186	4922
7153	9700
3394	6688
6169	140801
3688	4233
5422	10592
6194	6207
5501	57122
6169	6175
3491	10970
6746	58477
3062	64106
79023	129401
6139	9349
1398	5747
399	57522
10236	10949
6208	9887
55166	387103
1432	5062
3190	9716
5426	8317
5339	6234
4582	10164
6144	6175
6405	23654
1314	8729
813	3491
4541	4712
378	10959
899	56995
3895	5879
7311	8290
5726	6755
6139	6223
94025	200958
5711	8697
54856	55870
2873	8607
2788	50865
2491	5519
6142	6160
5528	5702
6160	6223
6146	6147
4361	10635
521	27089
6168	6223
6136	6144
2207	100049587
56995	154881
10084	27238
1088	23601
891	8655
5707	126374
6138	6173
399	80728
7153	7298
27248	79139
4343	27327
64976	90480
6385	375790
661	6619
3687	8514
1933	6203
6158	6223
6132	6147
6194	6217
6206	6223
23014	65264
5067	23627
3157	4047
10900	284069
146	2846
22954	26190
6154	6161
25909	54821
5501	25936
1084	1088
1536	338339
1387	81857
9611	9967
4312	4314
2790	55970
4736	6208
6147	6222
990	996
389	9322
6146	6230
1824	6707
5179	5733
1495	1499
6132	6161
3105	3133
4725	55967
2695	2792
58	60
50616	116379
6157	6235
800	3693
6667	8648
6714	10298
2537	10561
6288	6863
6234	25873
6124	23521
2912	6751
6453	8322
867	8301
1639	9493
5861	57403
3860	3888
623	2357
6156	6161
6432	10284
5518	5976
1605	5579
156	9002
4140	5527
29796	55967
51592	64682
3190	220988
1387	23097
8853	11015
5590	50848
9879	58517
7984	29984
699	3796
6434	57794
6124	6129
2197	6129
23560	84172
8356	653604
10376	203068
4088	64750
2197	11224
6203	6218
1537	4715
1991	4125
5347	81930
6129	6143
1793	9844
6142	6229
1004	1016
1105	23168
2185	5829
9276	10802
2519	5476
6229	6235
6165	6206
1439	6776
9716	23350
9604	9867
6168	6210
6233	6868
117	7434
6142	6169
338	4973
7536	10250
2197	6161
7531	10383
6205	23521
2131	6385
1783	51014
23511	55746
5717	9020
6142	6230
6203	6204
6189	6223
6223	9349
4707	54539
10613	11160
4064	9450
6133	6139
1956	4145
4735	121441
1793	9564
4357	54205
5529	7514
472	5429
6124	6205
6208	6234
9040	10987
1277	1289
3183	3190
55168	219927
6193	6230
2150	10800
197	5005
4771	122786
466	1386
5861	11014
1983	6234
8829	10512
6790	9833
972	3122
2958	5435
1111	2177
1497	23729
6135	6233
3683	3685
1364	1366
51602	57696
1314	10427
6125	6135
1994	55339
6272	11319
719	8514
1195	57396
3833	146909
6171	6227
6667	27327
3620	169355
8477	55970
4116	6167
9133	10403
2767	5330
6161	7311
23291	56929
7874	56655
4957	55755
6165	23049
6159	6232
22974	203068
6165	6209
5689	5700
3855	3872
6132	6171
6125	6228
6142	6159
6128	6160
2792	26339
51602	84365
1302	1310
1291	1292
23521	51386
5194	23600
122876	594857
5711	6233
2197	55127
8085	57690
377	51014
6747	84061
7434	122876
6146	6173
336	3827
5579	55970
705	83732
6599	55193
23332	146057
84131	347240
1347	1350
4985	6752
6129	6169
3113	3119
5970	57506
6122	6228
10523	11338
2358	2767
6156	6230
6146	6176
7536	10181
6132	6176
5528	10726
4735	23332
4236	10291
6206	9045
8945	55031
3853	3888
1650	6184
400	55275
6181	6223
26046	53339
6158	6228
890	1058
6188	6204
2242	3320
9128	10594
6137	6208
6157	6206
2353	4773
3887	3892
3797	28981
6921	55284
9126	114799
3684	53831
23586	55601
6223	6230
6168	23049
3683	10857
54821	151246
22954	64219
3855	144501
6147	6164
25831	53339
6185	6729
6189	9349
6138	6165
2268	6714
6122	6222
6147	6229
6207	25873
6137	9887
5528	8243
3119	7535
9785	23450
643834	643847
6176	6235
9790	54881
567	3107
29889	51154
55582	89953
8351	126961
891	5526
9928	11113
1315	9276
23291	65264
4724	7381
10857	64386
1043	2350
6169	11224
50865	63940
9739	25942
643	9294
10382	23332
3187	55696
9643	93621
988	6950
966	51014
114	2492
4085	55166
1778	4735
3055	5747
4904	84950
10236	10921
4591	65264
3660	5696
4736	6138
2099	54828
830	6709
6124	6147
8453	89910
29074	219927
6206	6224
7871	8428
4067	6776
6204	6207
2197	6201
8365	333932
4726	4728
867	5290
705	23560
3008	3024
6426	10772
51692	55749
1595	3157
657	9765
6830	9646
3192	6625
419	390243
6556	100049587
4050	7124
3482	26130
3918	9459
1605	5747
6158	6170
8085	25942
400	57511
90293	140458
6138	6207
6453	8976
11169	79915
6159	6165
5529	51143
55832	115290
51079	126328
22917	57829
6453	10552
6228	6229
5080	8338
8313	10297
4751	259266
2841	7852
2967	79577
5529	5903
389	6453
8658	80351
23224	23353
10652	51014
6124	6161
6156	6189
9493	11014
966	9276
6637	55505
4713	4726
81285	285093
3123	54331
695	2207
3912	11098
5394	55127
10992	79869
6167	6208
4173	6118
6790	9787
1956	5336
8648	9282
1269	53829
1382	5916
6223	8562
6181	6205
391	55843
2767	29933
521	4724
6139	6207
6135	6193
6175	6224
8655	60673
51388	57647
3437	4940
2036	116986
4736	6141
3354	11255
1981	6210
7311	126433
4792	5687
6142	6203
11224	140801
9742	26146
5077	6663
9700	55143
51604	84720
3866	3880
10112	64837
6169	6209
6233	9690
983	3838
1062	9700
11014	23046
3799	81930
999	3728
2194	6319
719	58191
10413	51421
3683	5023
90	4088
4088	25937
5529	54821
6138	6210
6138	6170
7311	11059
7919	348995
10577	10694
10285	53981
1431	2747
54716	153201
10161	257313
2064	2886
2864	27334
6122	6205
6142	8666
4736	6170
9824	10112
3192	5094
7321	79176
6209	6235
6170	23049
4495	4496
1500	4233
6167	6168
259290	259292
8243	10274
3118	3662
701	9793
5093	23450
55720	57647
9793	84131
6137	6201
1938	1975
9793	57122
6164	6232
10426	11064
4035	5159
940	8516
6159	6207
332	24137
23279	25909
7311	23291
147	2863
2207	79895
6168	6727
1398	7409
6136	6173
4736	6139
680	3358
2967	9014
9870	26091
8905	8907
1936	6132
2767	5599
4709	27089
6176	25873
6152	6229
4331	404672
3071	9564
9493	24137
8655	83658
1902	9002
1281	1290
6228	25873
3185	55749
122042	196883
6936	51645
51122	54165
6144	6204
197	2153
6158	6205
6168	6232
983	219771
54617	57634
51121	79048
6155	6203
988	8449
3688	3915
6165	6170
4697	4700
6181	6209
1291	5352
6130	25873
3190	10432
6175	6205
6133	6167
6709	6714
6169	6176
2353	5447
3833	56992
1781	9657
8945	9820
7337	57169
84085	84261
6156	6160
5870	81876
9716	10921
1642	11091
4709	4724
6754	50837
5469	9968
4976	55669
7336	10038
2521	6421
6752	10563
1022	5887
25885	84172
6136	6170
6249	54908
3304	3337
7311	23198
5351	8985
6122	23521
1991	3240
5725	10432
1738	4191
10053	130340
1453	4809
5707	7316
2268	9564
6160	6204
6124	6224
928	3688
6122	6164
6132	6235
640	7525
4297	192669
6202	6224
3181	3191
3912	5879
2207	3689
2976	11128
6154	25873
6122	6136
65264	143279
9040	9870
6434	8175
6138	6228
4508	4541
5869	5870
55755	57787
1906	6375
846	259293
6133	6144
4332	6036
6850	64170
3112	114876
6161	6210
720	721
6136	6206
2782	26086
10517	222235
51289	259287
1605	3912
6222	23521
1457	10592
1781	7531
8086	84271
332	10615
5908	7094
7531	81565
6625	51593
5199	10394
1062	5529
5347	11004
6194	6223
108	283869
2058	2617
23405	57510
6201	25873
55850	113220
6156	140801
6801	8428
6164	6175
2197	140801
6139	6169
9776	55626
1577	54576
6209	6210
4298	6830
908	9628
5230	7167
9870	57542
6137	6176
6227	6228
6146	6228
251	23627
3921	6165
55766	57459
8945	143279
9410	10181
5725	10236
135228	266727
1268	9294
6235	27340
6139	6143
64131	375790
81	7791
689	4666
4862	5054
1088	338339
10013	51317
6160	6181
4736	6168
9793	11004
153	155
10097	50618
6206	7311
6135	6203
6167	6230
3133	5696
3200	8338
3683	3903
8453	115290
699	55143
160364	170482
2359	5473
9716	10236
8886	56902
595	6776
56670	59340
6135	6206
1237	9934
27198	338442
9246	11275
5422	7027
861	6604
675	5983
90293	221687
6632	6635
3915	375790
1781	3797
25831	143279
140453	192134
2788	5331
1387	10498
29945	51444
5347	51512
54908	151246
1816	104909134
4736	6161
8349	8365
5430	11338
10484	81562
1063	7153
6130	6208
1634	4060
1453	653784
1822	1911
22995	146057
10885	27340
5590	23286
3240	5199
3123	7535
146057	347240
27316	55749
150468	259266
3832	146909
1660	5094
23304	64682
534	8992
9416	23451
196527	326624
9870	22954
3619	51143
3355	5733
10574	84617
1063	9793
4686	23511
51650	64951
3717	4352
6161	6233
3635	5777
226	7167
1994	51692
5708	6790
9055	10376
27340	84916
27258	51639
7272	9833
6157	6204
10484	56681
4584	4586
2550	6363
6128	6143
6194	6224
4537	4539
6154	6158
1783	9493
3903	84329
6137	7178
3178	6294
9045	9349
6170	6228
1490	7004
4353	6036
9904	79050
6156	6204
5501	23332
6429	10236
23042	23420
6233	126961
6152	6203
3055	3702
6240	6241
7311	10252
4893	27006
25	10163
7412	388646
7175	55746
6218	55127
2840	84634
6223	6234
9020	51330
3797	10749
3123	4261
3909	5829
1908	84432
6137	6169
6122	6194
26524	84962
999	4646
7375	8717
10517	25898
134	6376
1445	9564
1793	100423062
4734	26190
2132	6385
5699	5711
6231	6232
6235	140801
2206	2207
26249	150684
7919	27316
521	1329
2932	5516
2197	6147
6950	10693
640	29760
6288	84432
1524	56670
213	5265
22984	23223
966	3903
2197	6168
2922	3061
1173	5868
108	6750
6138	6229
1387	8648
6434	27316
8349	333932
9354	84085
1329	1350
55127	84128
6208	11224
6132	6156
4678	83879
1340	1351
1108	25942
6147	6159
1981	6202
4237	4239
6167	9349
6233	55670
51645	85313
1241	2767
373	7322
56919	57647
8317	84515
3886	8689
1453	2197
800	10398
3074	5707
10075	84231
11222	57129
867	50618
933	973
6164	6201
7311	23586
51109	54884
3856	5493
22930	84516
4735	151011
5429	56852
3433	3437
6181	11224
2804	64746
3191	9987
1278	4313
672	2177
6175	6207
6136	7311
1291	55214
1994	10498
3579	126006
3619	54821
2197	6175
799	1812
51023	90480
3921	6181
3092	6233
6158	6159
2792	388531
6137	6230
4717	4718
974	100423062
6160	6201
55832	90293
641	5427
1385	5594
6130	9045
3434	10561
4194	57690
7454	10552
9320	26268
8875	55350
1781	5516
4599	10964
990	5422
2800	2803
2919	2920
5977	57492
10197	64682
6204	6206
3659	7706
10540	57511
7314	29763
5501	80335
11325	55749
6428	10236
6230	6235
10112	11127
9341	51542
6128	6233
2247	6233
6164	6176
1000	10970
472	4439
920	1234
6136	53918
7311	50848
6122	6206
9126	23279
6426	100526737
51003	400569
1933	3921
22984	23195
6122	6208
23160	51602
6232	7458
6156	6175
1660	6625
1855	81839
64284	401409
1058	57405
1001	1500
6143	9045
108	5179
10914	85313
5438	6827
3433	23586
6193	25873
1524	126006
6181	6194
649	3339
5880	7454
6155	6232
8463	25937
6135	6171
8334	8347
6209	6222
144699	154881
2837	3358
9700	146909
4088	57154
6222	10399
6164	65008
11051	55660
6520	23657
55168	56945
5394	5822
988	5394
9092	27339
3984	54434
6161	6223
9738	54806
988	5983
6124	6232
351	5340
6133	6189
11190	23332
1938	23521
336	3698
2597	5315
3855	3856
9716	10250
3118	3135
6176	6208
1783	6711
8655	55839
6160	9349
25926	84128
6194	6228
6233	22888
3663	4281
3437	4938
890	10460
6223	140801
54617	93973
1161	51397
56902	79954
6176	23049
6143	6222
6430	7919
4691	10528
64951	64979
6142	6152
10594	11338
5660	63940
11100	23524
5093	6625
3912	6714
2107	6176
10381	84790
7305	100049587
2091	6217
4322	7373
5286	6233
8128	8703
813	3371
2266	3026
6224	6230
6135	6230
567	3140
6136	6222
2165	2244
6144	140801
3054	23067
2938	2939
6138	6168
10413	25937
6161	25873
1956	2274
23327	89910
6224	9349
7456	8976
10199	84128
1994	23283
54443	55165
9031	221830
4116	6152
4738	285231
3482	4905
8615	10959
1994	10250
351	29933
3693	7525
3853	3868
6241	51203
23397	56992
1291	3672
5795	326624
990	9156
6137	6155
5094	9343
23608	57154
5519	51400
6147	25873
2790	22948
8329	333932
2719	135152
23327	115290
1937	6128
1120	1375
22905	54874
1915	6147
6745	58477
6147	6235
1432	6885
8349	79101
3101	64841
6142	6232
9585	29127
4508	4513
6201	9887
7184	10970
9738	146057
10890	57403
4088	7316
23332	27229
3832	10121
51693	58485
6122	6142
6227	6235
930	973
5347	259266
7311	121504
5928	57459
4173	5983
2033	2072
5624	255738
1133	7200
23601	79895
683	932
152	11255
1062	2491
2537	3430
521	10632
6146	6194
2317	3688
4584	26290
963	1536
4512	4538
9833	10403
11004	113130
3122	5641
3675	3688
6124	51187
6164	23049
1937	6133
5747	23209
6605	9031
3091	5707
3192	5725
6135	6161
89910	154881
4540	4695
163	7311
5093	10236
6164	6173
10254	23149
3111	3115
6132	6135
23076	51602
6135	6222
2865	84432
6184	29927
6139	6234
846	5737
53829	59340
3855	3868
1642	56852
2535	5599
3832	64151
338	4036
5507	6233
9742	28981
1387	2033
4535	4537
7184	10130
10970	54972
84464	201254
148	2922
9700	25909
3579	57413
990	9700
4736	9349
4288	7272
3688	375790
991	9493
26354	54475
3597	7297
6160	6218
8243	23279
6307	51478
5928	7343
9700	29945
1915	6202
778	783
3192	5093
3214	3216
6453	7311
6240	7153
3178	6626
4116	6233
9133	83461
1559	2326
3725	9070
3882	54474
6164	6202
514	10632
2353	2354
1994	23435
999	1001
10285	23451
6142	6223
5700	5705
1605	10298
6135	6201
7272	24137
5741	122876
5739	5746
4141	8565
6222	9349
6152	6227
5870	57511
156	2767
1511	8635
10092	10109
336	345
9493	9833
710	10747
671	5657
4033	5660
5433	55660
5879	10788
4512	4537
6165	25873
10403	23397
945	5023
9363	64284
6175	7178
3362	5443
10071	79695
672	64682
6205	6206
5709	29882
4800	6667
6130	6139
3444	3451
5706	51053
776	51764
4689	653361
11245	55970
3912	5747
462	2147
5929	10238
6193	6205
6124	6194
996	51132
6154	6176
3673	91522
6233	6234
27316	220988
6208	6227
3071	9844
3633	29984
3303	9531
4538	4707
9156	51514
6136	6189
9493	11127
90025	91694
5822	7109
9076	137075
51728	79622
6139	6152
23451	51634
2145	5928
10749	51014
9875	55127
5869	10890
2967	9646
11218	23511
10403	113130
7311	23032
4736	6175
6161	6206
7326	26259
6218	6727
389	399
640	3932
11098	51280
25909	57122
4288	9700
3111	3113
6144	6168
6135	6142
4057	10321
1662	10528
9183	22919
6194	9045
9557	57804
9527	84516
1854	7298
351	10970
6201	6232
7317	84078
1062	22974
3683	7409
2519	3074
6125	6144
9320	197131
1908	6863
6161	6202
1857	5528
2099	5241
10618	23431
3921	6157
6146	6227
719	63940
988	55183
904	9646
3107	6890
399	143872
1398	3937
6168	9349
6714	7402
174	3827
6203	23521
1944	1945
1398	5599
4233	5795
3181	10594
2206	5335
9793	23244
6122	7178
116	5739
3889	3892
10592	54892
56729	126014
3921	6206
3843	55705
5903	54821
3565	3567
27134	100506658
6204	7311
26173	79034
7156	63967
1058	55143
1063	23332
6155	6207
1455	2810
9927	10059
53917	115273
400	90196
7096	10333
5725	8672
2810	3691
2243	3481
23521	56915
4116	6635
2625	3169
6432	84324
846	6870
6169	6189
6125	6206
5516	10213
3135	3821
6208	6223
11218	79084
2023	7167
57405	220134
5335	8698
6146	6164
8175	56949
345	350
2268	5829
4298	9646
983	79172
9126	55746
9632	22872
6146	6218
7204	29933
6165	6181
1511	4332
3113	3115
9055	11113
161	8650
11251	56670
26268	29945
2491	6249
5519	22919
6139	6165
7525	10413
2204	23601
1062	1783
320	5864
683	338339
6229	6234
6208	140801
3046	3048
351	8698
10432	23435
5684	7979
3122	55824
5422	9126
10403	26271
5867	5874
29894	51593
6142	6168
140460	197131
1535	57126
80328	116372
3184	3190
6129	6233
945	84418
51264	219927
1445	54845
846	259295
6208	55127
1241	1902
350	5267
6130	6169
1329	1340
3157	4598
3855	3880
8925	53339
1915	6122
9330	55814
9553	51650
5029	5724
6175	6208
6125	6143
4841	6421
57405	113130
26470	253982
5695	5701
996	25831
10949	27316
2971	51082
6181	6189
6337	7311
3422	4597
9904	22984
6144	6209
10890	51715
695	971
51690	83443
26531	344892
9793	23279
3192	10921
6138	6152
29945	84108
6207	6233
4697	55967
1778	5347
5701	5715
4116	5435
1315	4905
344892	347468
6168	51187
6142	6233
1655	25804
5869	22905
5868	22848
6602	9031
6129	6228
3797	79989
8544	10787
521	4701
1665	4686
6132	6173
1639	9371
6167	6223
7135	7431
2696	53831
645836	100287238
6169	6224
6152	6202
10574	10575
10576	10693
5701	7979
4697	27089
1453	6234
1902	2767
338	1080
6164	6227
7311	64750
6921	10987
6147	6170
23047	57082
6124	6128
4736	6135
53354	60490
3185	3191
51289	259293
9879	23517
1327	1329
7536	10236
23521	25873
183	3357
11339	55143
5903	57551
2036	4646
6175	6228
3354	6387
8655	23218
6156	6168
23244	23332
3376	51520
2792	2911
163	24137
6155	6223
4715	4718
22954	55236
695	118788
3458	3586
6432	220988
51692	55746
6157	6223
6202	6227
3190	10492
3304	3320
26146	79989
4710	4717
2125	11187
81	3688
2817	375790
8615	9276
841	1281
115273	201475
10403	10615
25847	150726
6208	6727
1452	5516
53831	441864
6176	6228
7295	50484
657	659
6189	27340
153	796
5347	11190
1660	7536
372	1315
2197	6234
3921	6231
219968	285093
4584	4588
3181	4670
57787	261734
6830	85403
8452	9870
3854	8689
1315	9382
904	55197
5892	375757
1778	84902
9648	79571
2997	6233
5701	11047
2491	7514
6154	6160
6161	6165
6218	9349
915	3559
7846	57545
3190	5094
55008	57154
521	4713
22897	653784
338	3698
6142	6154
2099	2625
4436	7520
3912	4233
6202	6208
5435	5439
7702	55814
25827	115290
3491	3895
1669	10394
3579	55970
1329	27089
545	5889
27258	51503
23165	51692
811	7184
988	55770
7004	8463
3191	27316
4725	9167
4088	23327
3796	5519
25909	79172
11118	11119
6139	25873
10199	11102
1453	6209
7532	80097
23279	51362
10112	23095
6124	6202
9412	9442
3619	5501
6144	6165
6827	25920
991	24137
10193	54778
4736	6124
6154	6173
8689	121391
566	4353
1453	57787
11258	11316
6206	6227
1063	259266
3054	80335
6156	6222
9277	51118
6124	6143
1937	6130
2935	6164
672	27229
5529	5699
4710	27089
6130	6136
917	5296
2776	2837
6137	6210
4172	81620
187	1233
8463	10413
6130	6205
6637	23524
8886	55127
2539	160287
6141	6176
3213	3215
2792	594857
55142	440145
11314	100049587
4593	57144
637	4170
7514	55746
6170	6227
6154	6206
6223	25873
1536	51382
2805	3242
1660	5725
3105	6890
4717	4724
55131	84128
6223	6224
2521	4670
23332	91147
3015	387103
4713	4715
22905	115548
6228	6233
6427	79902
6173	6228
4539	4540
6678	7057
3915	4233
6229	6232
5438	51639
5707	23526
64410	142689
7178	10399
5878	23011
6176	6229
22897	79598
3655	7057
2537	3437
6122	6158
699	10592
9416	10285
472	7468
4519	4535
1937	6222
9126	25936
3619	10592
6161	23049
6122	6128
6147	6233
344	6382
5878	7037
183	259287
10540	57545
8514	11314
7979	9978
22918	79895
11145	122618
23601	57153
1933	6207
2042	2044
6872	83860
1008	1013
64963	116540
4734	9320
11339	54069
1908	2865
6205	9045
915	3560
6122	6144
2803	5870
604	933
5879	9046
2065	3918
6222	6234
5594	10971
6205	6209
3915	4240
996	4734
6160	6167
6154	6209
6159	6188
10250	27316
6176	9349
9883	51692
6908	8812
3796	3799
6218	9045
1991	56729
1915	4736
10640	55770
64946	79682
3134	6890
1232	4986
4242	4853
1306	50509
5501	23122
6157	6228
388	117289
8334	8970
6128	6159
26589	64928
9184	23063
3675	7057
54751	83706
4695	29796
28977	54516
4116	6160
5440	10302
6169	6233
23304	84085
3111	3123
10153	57696
7311	25873
8449	79869
6194	6203
6165	6202
6288	6357
79600	79867
2197	6230
1315	23095
10885	55720
6141	6154
1121	5869
6135	6159
6224	51202
9739	23112
156	55970
6165	7311
29984	54509
1062	51143
3192	23020
3688	3693
50831	339403
126638	147409
3340	375790
6203	11103
51676	64750
6136	6235
1962	7311
1277	7373
1445	2213
6176	6224
10274	10403
1605	3911
2475	57521
9886	221472
891	1022
1969	2050
1717	50814
3827	51156
6698	353135
4088	7048
2185	3688
9350	56963
5929	8085
1289	7373
705	84946
813	11098
10425	63891
4205	6938
7311	57154
5685	5688
2817	7525
301	27334
55326	137964
6122	6223
2730	2937
10155	10520
712	714
4172	9700
5528	79172
6204	6234
3071	10787
197	3481
7596	10155
10324	201456
1213	10254
991	55355
6159	6208
5048	5515
6696	91851
9212	55355
10298	375790
6144	6235
8881	26224
7158	7311
1731	23157
127247	148581
3178	7919
1956	115548
7329	197370
2197	6208
6207	53918
1069	54891
5829	7525
6136	11224
3308	9631
391	80728
6346	83756
1129	4889
9493	10540
5335	6850
5929	9757
6167	25873
3106	3659
890	1062
3181	5725
4173	79892
6160	6203
111	51764
4509	4536
1453	6228
5777	10630
699	1062
7327	53339
3676	4192
6159	6224
5861	51715
3881	54474
5430	6601
111	799
9343	23451
6158	6173
197	2147
5707	64750
6144	23521
6160	6176
1783	3799
9791	81490
113130	348995
3833	55143
3359	9177
6125	6233
6625	23524
9044	55814
6135	6165
9136	84946
9212	83461
6138	6194
4905	9382
1287	3688
891	8697
389	30851
11169	84296
701	51203
5431	10914
6206	6207
6772	83666
1084	23601
6147	6234
701	3832
55832	80204
4116	84844
796	6344
641	6118
187	5196
4736	11224
6189	6204
3683	326624
6138	51187
3849	140807
6124	6207
9039	10425
6173	6188
9675	57521
3301	10808
174	51156
3832	259266
23225	79833
6633	25929
6125	9349
1364	137075
55166	79682
1969	5879
988	10640
6234	27340
701	9824
6159	6168
3156	4598
5715	7979
1829	3728
6201	6222
2033	56655
5335	10818
1445	5829
996	9820
2033	10847
251	152330
5194	7311
3001	5551
4736	6194
6222	11224
121504	126961
54960	129401
567	3133
3903	22918
2847	594857
6643	58533
301	302
6206	6209
3075	3078
3007	3024
8969	653604
394	7204
2197	6224
9870	64219
6139	6205
1173	9341
3799	9493
6160	6229
6203	25873
11004	54820
6165	11224
6240	10592
6727	7311
6128	6133
116	94235
9277	65083
2919	6347
6169	6201
6181	9349
2358	57413
23304	26268
64386	84329
3685	5829
51023	122704
3703	6185
6218	7311
846	259287
351	3491
1639	3797
9076	100506658
3215	3216
6203	6227
4830	4831
6233	8445
3191	4670
5777	6850
8467	25942
9040	53339
6161	7178
8453	23291
9655	26190
5518	6222
6619	8812
3675	3914
983	9631
5286	55361
5034	5479
4512	4536
8945	25831
10236	220988
148	2837
1445	6714
6836	29927
1991	4353
3725	4088
641	116028
389	257106
317772	440689
6160	11224
55143	220134
983	29127
6228	7311
10946	22826
274	51411
6136	6228
811	10130
2033	8085
23122	348995
7175	10250
2197	6128
891	81930
6208	7311
5529	7525
55236	197131
54578	54658
10618	22848
3190	3192
4343	6714
6144	6160
1783	10121
1453	6210
7466	10970
56902	84916
6142	51187
10484	79090
2968	9656
1453	3921
2268	2817
3673	3693
6176	11224
3355	4543
5493	11187
5747	7204
553	3062
4539	4712
4709	9551
9276	11014
4988	84539
64318	79954
3189	9987
1398	1794
4069	5657
6173	6207
57542	65264
399	9459
11091	81887
3980	6119
6141	6168
4014	5317
2185	2268
6147	6157
9040	51433
6667	23248
5547	5660
26190	54778
10885	81887
6136	6161
4512	4519
8976	147179
5023	10970
338	4547
9883	10898
6124	6138
51429	152503
8568	51096
1933	6209
9744	51454
4694	4725
1595	4597
226	2597
1642	79913
988	9219
6152	6233
23028	23186
23332	79172
6129	6175
6135	23049
3796	10274
3683	84329
6161	6168
4173	9126
6146	6168
29945	63891
4585	10331
5861	55605
3921	9045
6613	7421
6167	6210
6144	11340
1983	6133
5432	27125
3655	3675
25915	126328
1445	1956
7507	10714
163	8301
3397	7057
1457	25942
8260	79903
9246	54778
6241	9700
2209	6688
635	29958
9564	10044
6194	6234
6635	11157
9742	23059
7020	284252
29984	64333
51639	84844
25929	57122
6429	10250
3115	3119
2064	54206
6189	6202
2521	10236
9341	10652
6231	9349
6154	6210
3850	3853
701	3619
1794	5880
84131	203068
3308	10574
6135	6168
1454	51077
11004	51512
2792	4985
6167	6173
10517	10694
57670	283455
2222	3157
2792	122876
1362	3482
6128	6193
4717	55967
3560	8651
84946	88745
9040	222235
5438	27258
344892	390084
6173	6227
4171	11073
10022	259287
6164	6167
6202	6207
6453	51429
831	5829
3191	23435
688	5468
595	6777
6426	9416
6137	6222
5903	9883
6138	6164
6155	6156
6135	6235
1364	1365
7919	8106
3832	6241
51684	80199
6204	9349
81797	344892
6173	6234
5290	6667
886	2922
64981	116541
4998	7027
4057	56729
1933	6227
6125	6201
629	4179
399	1894
2197	6157
886	2846
6161	6167
6133	51187
3190	10236
4734	6047
8453	51122
988	9793
2204	2207
478	5349
6128	6232
51218	388962
6152	6155
86	1642
9793	23047
6193	6233
158506	285231
4141	4677
3486	11167
11017	85313
23586	83666
55003	55299
7311	10110
824	5829
680	846
2177	2178
5660	326624
6202	6206
4736	6210
2222	6721
185	2642
6130	6152
2768	5879
51116	92399
1781	9493
6218	27340
3017	8329
6144	6159
10193	26046
96459	201163
6132	6224
624	6755
9700	64682
23304	53339
56262	80131
1500	1956
301	7852
1915	6204
3635	4233
383	56729
6159	6205
1933	6210
974	2213
6147	6154
8351	8363
10155	10780
3837	7514
81	9564
6233	8945
5439	84844
9972	23165
6667	6670
3619	24137
3687	22918
3437	10561
4513	4536
6137	6223
3932	29760
5330	9002
27257	57819
378	10282
26190	54165
6128	9045
54996	64757
6189	6227
6164	6203
6169	6234
6240	11169
9055	9493
6141	6142
3486	84141
6152	6235
8602	84172
988	6601
6142	6228
7476	7477
7124	8740
51715	57403
6158	6176
996	9320
9436	9437
1933	6164
6605	55193
377	9371
6175	6204
83551	134860
2348	11316
10403	51203
6387	6754
2491	151246
6234	7178
1347	4713
27241	166379
10489	51343
3673	3688
57082	151648
1230	2833
10193	53339
4700	55967
5869	51715
6156	23049
4736	6125
783	10368
2023	2026
2792	219438
55008	64750
6142	6235
988	5985
23533	55361
4853	27327
659	23118
10762	84271
3192	23283
4540	374291
6232	6233
7311	55272
26091	57542
6136	6157
2266	3827
1063	54821
1063	22974
640	5079
55212	84100
1232	8843
10885	55127
6164	6181
5347	9793
1453	6207
3685	4035
1981	25873
988	10767
1933	9045
1347	27089
3113	3123
6138	6144
4734	8453
6137	6147
6125	6128
9793	113130
23063	23122
7320	9604
6169	6222
6125	6235
6122	9349
1894	54443
1398	9844
6164	11224
3832	10733
2197	6154
3491	11167
3913	11098
1778	6232
4712	4713
114	259285
8349	121504
3913	10970
6152	6218
3725	4772
643	5368
988	3837
566	1511
57082	57405
26043	55666
8907	23396
7003	25937
2071	9015
4584	9245
6147	6204
6218	9887
3156	6307
6161	6207
1431	1737
23327	79176
23279	23332
6635	51639
567	6737
1277	5118
2247	2260
1329	4701
3178	6428
7337	26046
3921	6209
6169	6218
5695	9232
57545	79867
6125	6222
6159	6233
6138	10399
6159	6235
1816	3973
930	933
2151	6915
672	84464
4323	4811
6235	9887
6427	8106
699	9824
6707	147409
3895	3915
2535	8324
6152	11224
1956	5796
3106	3133
8970	85236
5347	29127
6159	6206
6427	6434
2784	7434
23223	26155
3191	10921
6207	6227
695	6850
6129	6159
3105	3107
5331	222545
983	3833
4809	84844
5903	10735
871	1291
1660	9128
80205	96764
2033	9967
6363	6752
26091	64750
7529	51552
6130	6141
9277	55131
6625	11100
8175	10181
4697	4708
3184	6626
3066	9014
9493	29127
10970	79895
8349	317772
990	5717
3017	8349
3685	5817
27292	84135
344892	390081
1173	5878
1660	11338
6160	6193
6133	6230
3357	56923
2147	2266
10484	51014
10762	55143
904	6830
3921	6122
6399	22878
3113	3122
3491	11098
6801	7871
2967	27125
6632	51503
6155	6230
5566	57787
1601	8322
6143	6228
6130	6207
6189	6235
6657	57167
4085	5700
2957	10499
4708	51650
2242	3561
4738	5693
6146	6222
7311	140458
9672	375790
983	51053
3107	10475
988	9126
3202	3204
9371	23095
6209	6227
2521	6626
988	4173
5657	56729
942	7525
1088	2358
6129	6193
10592	23310
10458	10552
5887	8450
6133	6205
51382	338339
636	25782
6688	7305
7317	64682
3713	23581
11017	11051
51081	84545
1439	3635
567	10475
846	51289
701	64151
10389	84108
7536	10523
55142	146057
54480	55790
846	339403
5008	7297
8945	65264
51602	84154
1933	6142
6130	6222
5441	10980
6170	6727
6416	50488
8314	23512
5693	5700
5469	7182
6137	25873
6122	6234
8453	8945
6203	9045
7852	8698
6154	6229
3921	6139
28973	64928
6142	6167
4736	6235
4726	29796
4695	51079
6203	6233
9126	11169
7311	55666
1291	1295
5048	151246
3040	3048
1241	56413
10155	80110
399	7204
3609	5725
26494	344892
3561	5599
53981	79902
2801	6709
6461	9564
7477	7483
81794	339366
26005	26123
6385	10755
57105	94233
23279	57551
930	974
6175	7311
1303	10491
6170	6229
3091	5594
833	3376
6164	6168
29763	54874
4085	79682
1291	3685
6155	6158
506	8802
1062	11004
3619	55143
288	2348
6161	6188
10525	29927
8723	51143
23524	51639
1956	54874
4617	4618
1063	24137
83540	151246
10376	84617
6229	7311
65264	89910
10489	197131
1778	10112
2168	2169
57542	144699
3688	9564
5590	57154
8189	10523
6157	6222
6142	6158
51068	117246
3688	7424
2918	4985
7098	7311
329	7316
6206	27340
80224	374291
9136	84365
6154	6155
353139	353142
3135	3805
10640	23265
6375	6846
6637	84844
2994	6005
6228	9349
6143	6155
6201	114987
11014	50807
5747	8976
7013	9126
6159	6160
5093	27238
186	84539
156	5021
50506	405753
4543	4852
4332	8635
1233	56670
8477	9002
24137	146909
2792	2918
5584	56288
1994	10291
5599	9479
2633	3437
1499	128239
2792	5741
208	57148
8452	140739
6164	6193
890	9833
3949	10552
4332	5657
5746	59350
3185	23020
6944	81611
23326	79595
695	3937
3017	8334
1646	8644
506	1431
6201	6229
1017	4999
830	29127
25839	84342
2740	5739
3354	51764
6203	7311
56624	259230
8993	10394
6202	6218
5431	8085
5431	22794
6154	6203
950	25977
4670	10432
1292	5033
5438	6635
6169	6210
332	64151
5829	6385
2957	8812
6139	6202
6209	6234
4710	4715
6218	6232
3685	326624
3912	10971
1290	10536
623	5737
29984	257106
2491	9793
3267	5869
4540	4712
1290	1292
6667	25896
57674	151636
6128	6146
4734	26091
6155	6175
399	5879
6155	6218
6133	7178
4713	4717
6925	6929
332	9833
3178	8175
3619	9126
5708	5887
1022	56949
11187	64065
2817	6382
5879	10458
919	3122
6168	6218
7398	56852
123099	340485
6209	6224
1213	6233
5431	5433
10000	55970
6138	6159
6147	6202
5023	64386
213	5340
10857	10970
388	64333
3549	6469
9462	153090
6147	6228
1129	5733
1062	23279
6165	6227
6122	6159
3356	5731
4707	55967
6181	6203
8945	64682
6136	6232
715	716
9276	51014
8688	54474
1081	7252
6147	6231
2692	2838
1435	4924
3856	3875
695	5335
1956	5879
891	7314
4582	10331
332	9700
5714	5718
5347	22974
988	23595
4712	51079
5696	5698
5439	6621
6625	23450
28998	219927
9294	64805
29945	89890
54620	84231
6924	79577
10403	220134
51280	54972
1116	1991
1915	7178
9604	23291
6175	9045
9322	22905
695	5777
2491	57551
521	4726
56165	91646
3725	4208
6202	6222
10890	11021
6142	6227
3181	10657
699	9928
11065	64151
5202	10471
23304	80204
2132	375790
1063	55746
1954	23295
6139	6147
6136	6147
6147	6210
6169	6228
6164	6223
60	10093
3886	121391
80176	142689
890	64151
1453	23332
2205	2206
890	11339
5725	10594
11127	64837
846	3357
6175	6176
996	8453
79867	121441
6133	6232
6130	23521
9648	10466
6518	84329
6202	6230
7109	51693
26005	80184
4928	7514
1445	7525
5868	57403
3491	5954
6133	6210
22984	79039
6168	6193
27340	56902
800	5829
7311	55669
3914	5829
212	2038
54998	128308
2222	4047
3491	51280
51234	56851
8337	8347
338	2153
25898	26046
51143	113130
728	846
1937	6229
1294	27095
64682	90025
3685	3915
2792	10563
6136	6181
23030	51588
6160	6208
302	2799
55143	57405
163	8027
11157	51690
9276	10959
9126	23332
6132	6222
6201	6224
5330	55970
6161	6175
4125	10577
5694	51330
2040	10159
10959	11014
6208	9045
8945	11059
51692	80335
6132	6167
51258	64951
3559	3560
219965	285093
6233	10111
10561	55601
3918	4233
2147	3827
7525	9564
1400	56896
1398	10458
6138	6161
705	8602
3882	121391
2916	4887
4208	4209
3178	7536
6632	6637
54778	140460
1655	11325
64963	64976
7516	348654
6144	6203
932	51382
5928	57690
5438	6633
10193	25831
7109	22878
7003	8463
23586	29761
991	6232
26589	64963
10574	10693
1291	10491
6158	6203
6205	6228
7164	152503
5869	8411
23332	57787
10432	27316
6132	6165
3832	3833
1398	6714
22919	79172
6222	23049
6556	79895
6233	10110
945	79895
160	22872
6146	6167
1645	2052
9793	57787
1639	10112
8717	9530
1435	3490
5861	10959
2197	8662
2788	10575
6222	7311
4736	6136
3109	3127
3854	3861
5529	6232
4712	29796
10274	51143
3009	3024
966	64386
5432	6205
680	4829
377	830
6124	6139
671	56729
6233	26523
552	2847
11059	23291
6866	8997
891	1058
6520	8140
117	2695
9793	57551
331	6233
8767	23118
7415	56729
64151	157570
6709	51014
3673	3918
3491	54972
1069	4867
1365	100506658
858	1956
3832	7153
3912	7184
9938	29984
6188	6222
6230	140801
6189	6210
4904	10946
1048	8434
3728	5493
1457	7153
25936	100527963
248	6975
6144	6176
81537	259230
10376	10693
4317	6947
11218	25929
6138	9045
6714	7311
6147	6223
5438	51755
6233	51132
988	9611
2962	56949
6139	6201
4670	5725
6632	11157
5717	126374
64951	64983
9862	84246
996	23291
56923	259295
3376	6301
1536	3683
974	1445
2177	84126
5155	7057
5711	8453
399	7409
4116	6170
2200	401138
23279	113130
196883	285601
8341	8970
6157	6175
23014	115290
2243	51156
10236	27316
6202	27340
999	1942
3909	6385
8452	10517
55829	58515
6128	6147
10857	326624
3832	10615
9787	10403
25831	154881
6156	6165
3640	53831
811	3309
1292	55214
3434	3437
6203	6230
226	2539
6165	6173
830	55604
6138	6218
10199	51602
5516	54908
5715	11047
6203	6217
9459	29984
6135	6231
55127	57647
6155	6159
3190	5725
3884	100653049
1511	4353
2064	5747
6203	6224
5725	9128
2776	2788
84648	353137
5199	124583
6709	6711
285093	390191
9867	197131
3008	3009
7514	57551
6272	79158
3190	27316
1060	23063
3832	4173
988	5725
6233	9927
9228	9378
6130	6194
91147	121441
6135	6204
378	5861
10749	29127
6205	6234
7311	9045
6167	6727
247	3479
23122	113130
3866	3868
4609	7020
4172	5422
6142	6171
2767	5296
6164	6228
1063	4288
302	23526
6146	51187
2045	285220
6136	6188
4008	144699
4985	10563
23160	84154
3822	8302
156	2121
3437	4599
5196	6370
570	23600
301	55970
7409	10787
58508	84661
6168	25873
5518	6228
57129	65003
6125	6181
5469	9282
6137	6161
5529	22919
1544	169355
9793	26005
11059	65264
6135	6189
10102	84545
9055	10112
6868	11319
1398	10818
988	27316
5699	23198
6146	6156
10285	55749
6122	29997
4709	4713
4116	6235
54625	83666
6155	6234
675	1017
6176	7311
2633	4940
9879	55660
1058	79172
6124	6156
1292	7373
353137	353142
8590	285093
3978	4172
6141	6147
26190	65264
3912	5954
6130	6133
50835	259287
27125	79577
1933	6230
1175	5878
389	117289
2237	10535
10907	57819
6233	10401
1022	91603
1462	10082
7272	259266
57115	114771
6142	6194
999	1500
4241	53942
6141	9045
5438	83443
23279	23511
2788	3269
6234	9349
4069	8635
5547	326624
4686	8021
904	6667
1062	1315
3675	5328
3796	5515
6137	6235
5684	5688
2633	2634
1660	9343
2023	5230
6160	6164
6132	140801
1434	3838
988	22803
3619	10735
109	59340
6171	6235
4710	4728
1111	54962
3308	55706
932	3689
23291	54165
5954	10970
1315	84516
5528	81930
6155	25873
6125	6159
6155	6189
3799	10112
2359	6370
10250	348995
3105	3660
1749	1750
79869	84248
1292	10536
6208	6230
6130	6229
6167	6229
27316	65109
9730	64682
6143	6169
3355	6751
945	3689
11128	55703
53981	55660
10517	29945
10466	11014
6202	140801
3937	7462
6194	6204
9212	79003
6210	6228
6164	6222
6130	6176
84870	343637
5870	57403
699	988
2832	117579
6130	6154
973	29760
7057	9070
11345	81631
10802	22872
393	5879
3188	10594
5393	51010
6124	6193
5879	7454
695	3710
6222	6233
1933	6138
9918	259266
701	221150
51098	83658
5880	9138
25873	140801
6147	6209
26235	90025
932	222487
353132	353135
9972	23279
6605	11198
1281	4060
6164	6234
1116	5199
887	3827
2521	6434
3683	57153
6161	6171
3619	113130
6138	6202
9793	10274
566	5657
5880	10298
1062	5903
246184	285231
10540	11190
6189	6201
51650	64976
4540	4541
3017	6688
6159	6222
991	29127
5829	9844
6176	6205
10920	150726
4588	56667
5528	23279
7311	8450
6137	6181
259	3698
9126	9700
3122	4261
28973	51069
2207	3937
9551	9556
6205	25873
6205	6207
7846	10376
10112	51014
3308	3312
3181	10236
3313	5903
6135	6169
1937	6189
6132	6727
6169	6206
302	23197
5708	7316
156	351
4538	25915
9564	10458
6222	6230
2770	5599
3937	7409
25926	51096
6129	6234
378	22818
6154	6170
8972	93432
1969	2048
5422	55388
10592	259266
2220	5648
161	5286
6829	54623
1325	10563
6181	6201
9927	55669
9716	11325
53339	197131
389	55843
6157	23049
6157	6202
7311	55366
3998	6745
4111	158511
5707	10575
991	9133
2524	10331
6168	23521
3184	23451
54577	54578
1457	10051
6128	6154
7317	9820
9700	23122
65055	128366
51258	64928
6144	6157
6233	51592
9662	132320
1603	58505
7409	653361
5707	51330
4725	29796
5829	7852
6130	6160
60	57591
6139	6154
9126	9656
1453	126003
1933	6193
3630	10121
7514	23039
23275	23509
4288	26586
6201	6228
3190	10657
6601	8289
6605	29117
983	203068
5694	5715
6426	10250
10905	23193
2935	6207
5781	7525
6168	6205
56895	137964
4171	7298
6748	90701
7454	7456
23076	55131
6155	9045
5981	23244
3852	3888
11340	23016
4008	79176
462	51156
4171	4173
1933	4736
1829	11187
4538	4712
1829	2125
2064	5599
6923	51755
8886	84172
6206	9349
3953	6774
3181	10432
2358	3579
51096	57696
920	8976
6164	6207
3054	3607
6139	6181
53339	57531
8334	8349
57531	90025
81	226
54577	54658
6159	6161
9156	84126
89910	115290
57680	284058
6122	6203
5293	23533
1793	6461
1329	4713
4288	6241
1500	1942
6790	84962
3091	51122
3911	5747
3978	4171
151246	348995
3837	9631
5199	126014
3912	11167
6165	6235
9883	23165
1325	283869
335	4547
28981	92104
6147	9349
6155	9887
4512	4514
57542	197131
6189	11103
2801	51014
4670	9128
23354	132320
10403	64151
4853	10046
5868	5870
1983	6223
1022	55840
3184	10189
7536	10772
3685	3912
9015	57504
336	4036
5435	5451
6157	7311
2935	23049
51433	140739
6429	10946
6159	6170
3675	4233
7097	7124
2222	51478
905	5433
1500	1969
391	9743
6137	6160
2244	2266
335	4036
3921	6155
6165	6204
945	100049587
2358	57153
7514	9972
23526	51816
1460	23397
5604	8826
10022	50838
3921	6154
54821	79172
3054	8314
1933	6189
6234	8562
5435	55599
8805	27044
1668	1669
3490	84141
4695	4709
5879	5898
23067	57690
6827	10302
51069	55168
9343	27316
2960	4763
6133	6201
6426	7919
7516	11073
6168	6206
6204	6228
6222	6224
5724	23650
6146	6202
6144	6224
8581	10942
4696	29796
53917	64284
1088	170482
6233	54363
5657	6036
10331	200958
51602	55759
4221	11168
10155	25799
6144	6223
351	7852
5438	51503
4670	220988
950	22848
3309	6836
4736	6147
10885	22803
3689	5023
25827	126433
8916	9039
6152	6161
4852	5179
3921	7311
3017	8365
6737	79754
5611	10525
6137	6202
988	60682
5725	23020
60560	80155
5501	51692
3200	5438
6130	6209
4541	91942
1781	51014
607	8945
701	8243
1605	55624
51143	151648
2491	55055
345	2262
6173	6189
9793	81930
598	6774
1292	5351
6430	220988
7311	54874
54625	151636
1406	4901
23020	51692
2033	25885
8969	121504
4125	6036
1062	10592
3918	5829
84648	353142
9277	83732
7054	57016
4512	4535
6146	25873
1120	5130
6500	142689
8945	285231
5869	25977
2912	4852
1105	27161
5338	5579
5433	10285
9636	23586
6233	9341
891	5515
9682	165918
5880	27237
10869	63891
203068	440145
864	10413
4057	6709
1589	3290
10965	641371
81	5868
1933	6165
3921	6128
4809	11325
2912	5733
9887	25873
1956	22905
891	3838
2064	85440
3437	91543
1063	9700
3915	5829
54998	118487
6165	10952
954	158067
9459	64098
6143	6164
5872	23265
2071	5887
56667	140453
26268	84261
2147	2243
10367	90550
6130	6228
6229	140801
3996	5584
6129	6160
3627	6347
6233	151636
6135	6229
701	4288
6205	6223
7098	10695
6167	6228
6233	158506
6182	65008
5290	9208
8697	65264
6164	6229
1793	8976
9870	10517
8467	9188
988	51362
6201	6204
6137	6229
185	4988
6158	9045
2071	27125
79600	84902
6164	6233
10285	23350
6128	6188
6688	7805
1660	27316
10285	11017
4738	28991
6138	7178
3667	5580
6233	25873
4519	4538
6439	653509
23322	79867
6141	6202
2792	5145
6159	6223
8886	23560
9320	22954
11314	79895
6240	7298
6147	6156
6133	6224
10592	64151
7003	7004
10413	60485
2792	26338
1595	51478
3868	3888
6176	6727
5266	6699
9700	10403
4514	4537
991	5347
6155	6209
3921	6142
6137	6158
3187	10181
5928	9070
23332	57122
2648	5469
5708	8742
335	2262
3488	7857
6169	6173
2475	9675
4952	9562
3429	8638
6146	6208
344892	390064
6194	6232
1639	24137
6164	6208
2677	5627
3669	4939
6160	6202
6208	9349
3491	84141
7272	55635
3915	59277
3920	5660
6208	6228
55759	84549
1956	284119
5875	201475
6135	9349
6134	6228
5501	9126
4171	10036
6122	6124
6217	27340
8450	50813
930	118788
2033	7874
7082	25937
6171	25873
3675	3683
11014	51014
6170	11224
1291	3688
4646	23607
208	2475
10342	81562
3122	3662
6427	7307
4599	4939
6124	6146
2359	5196
3111	3118
23160	27340
7520	55183
2784	6752
6601	55193
6207	6232
3921	6194
6150	116541
2147	2153
6130	6173
1069	10383
10663	56923
5903	23279
1910	6863
3360	7253
9416	85313
5516	5520
11064	27077
389	5217
996	5707
1499	23291
3030	3032
6206	6233
23291	55236
81697	344892
3039	3048
8175	10523
302	6386
3111	3119
1315	9371
4999	23595
3183	6434
1329	1351
1315	8729
5286	286451
6774	9021
8976	55243
1385	1387
6169	6203
10096	10152
6173	6204
861	57332
10112	10749
899	9700
1994	55660
6370	11251
23325	387680
301	9002
6122	10399
3850	3868
6137	6142
5725	8661
4736	6164
25831	90293
26239	353133
2784	594857
1933	6124
3655	3918
274	11252
6152	140801
10155	388569
6165	6218
10022	259292
6230	23521
8365	8970
6155	6228
51676	84541
7320	7322
87	7791
1942	1945
4736	6142
6229	25873
1387	25942
6483	94025
3479	7044
988	10592
6181	6234
891	55165
4992	344892
1268	10803
9782	27316
6161	23521
26091	57154
5870	8766
11157	51503
1063	81930
1495	6714
5983	8451
6863	23620
25793	84676
1737	57546
6181	6224
6430	6432
6136	23049
6518	196527
3685	6850
11004	24137
695	974
5528	9793
537	10159
7038	7173
51650	54998
6136	6139
351	55970
11338	23511
521	9551
5361	9855
55746	57551
5868	11021
7204	10316
10051	23244
6128	6157
3183	220988
6631	51645
51465	140739
5695	6500
2962	4298
6168	6230
1981	6222
156	7852
64425	65083
1299	50509
1942	2041
58	5879
1280	84570
4074	6456
6161	6176
5438	6637
2197	27340
4666	6136
3320	7531
90293	143279
23423	54732
8871	51429
4736	6137
4173	6240
1981	6175
2207	11314
6133	6147
10412	23517
163	25977
1991	10394
10274	23279
6133	6227
6990	255758
3674	5829
5433	6619
6233	9349
8295	8945
5928	116092
8945	115290
6152	6207
3481	5005
5435	6637
4297	51230
5438	5440
6193	6206
1824	1832
117	122876
26268	84085
6137	6234
2065	3691
6129	6204
899	140460
2846	4923
4736	6230
7337	51132
6950	10694
4736	6228
3017	85236
6222	7178
4738	7979
11128	84172
10022	51289
6128	6194
5339	6124
3240	10394
6124	55629
5347	9738
4543	4889
9495	10369
51725	142685
5690	8742
905	55677
8914	83990
6147	7178
54552	55720
6136	6224
5298	8394
3191	10949
23291	57154
3837	348995
6155	6208
6147	23521
6210	6233
5426	9557
378	51014
9493	23046
1063	9833
3685	64386
1291	1303
3655	3909
6147	6206
988	5903
9730	10293
3178	6434
9787	55165
7311	89910
5476	5834
3689	338339
6207	6228
6128	6189
6156	6209
3094	57649
6138	6227
4734	7316
1911	57504
2790	5579
6124	6228
11004	23332
7456	10787
4701	374291
4540	126328
3685	8514
10749	23046
6146	6165
6869	64106
7779	27173
5879	8976
8861	90780
3113	7535
23112	80012
6173	6176
891	995
6209	6233
6170	6204
3098	5236
6139	6229
6138	6205
6434	10432
1738	4719
1500	5879
8698	55970
3897	3912
9738	54820
6167	9887
5976	56006
4686	9879
3921	6159
963	84329
28972	90701
55014	126003
8775	388552
5869	7316
6175	6222
79867	84902
6170	6188
1116	5005
6165	6228
1062	81930
6209	6231
6173	6232
6130	6167
6233	140801
4288	259266
1783	10540
1308	3918
51081	51649
9073	9080
1645	1646
6870	56923
2735	6608
389	7204
6230	114987
3689	7305
55703	55720
518	521
6129	6130
2222	2224
2186	196528
4853	23509
4585	94025
155	796
2539	7086
2064	7311
1981	6232
6502	136371
5426	8914
7478	7484
7317	8924
6142	25873
10930	29974
6201	6234
26224	84085
9055	10592
3221	3222
9128	55234
6143	6232
10383	84790
6165	6201
7472	7482
6135	6234
26284	64965
6136	6176
9341	22836
9700	83540
2322	6688
2776	5331
10618	51246
3491	3912
6142	6143
6224	6227
6047	9320
334	3915
1453	6201
6156	6171
5718	6790
5286	29988
6175	51187
6164	9349
23322	57545
6230	6232
7337	197131
2962	80004
6130	6165
5036	10576
6790	121441
1938	6122
8027	29763
3691	3911
6870	51764
6233	22954
1902	7852
2635	5371
383	8993
1292	3688
566	6036
3071	8976
80321	121441
23327	51088
7857	54757
6206	6232
6138	6235
5590	7311
26285	149461
55125	79959
6228	6232
25929	55706
2957	5431
26290	140453
916	917
6672	79097
5725	84991
6227	6230
120776	344892
332	29127
5879	375790
2125	3728
4700	4708
8542	84141
6139	6161
2033	10498
4928	55746
6161	6229
2243	5005
2197	6173
84366	360205
2975	9329
9277	26155
2695	7434
25984	121391
1315	9570
3320	5829
864	3683
1121	79090
57062	57696
10885	54881
6136	6152
6453	22905
7124	10673
1063	5347
9276	64837
51382	79895
4176	5422
5744	9340
8491	10746
4540	4707
830	10652
6233	9887
6772	6774
5519	79172
3689	79895
6176	6201
26224	283807
9378	54413
10332	30835
4597	4598
10885	27042
8945	89910
6632	51690
6125	6175
8581	27076
1129	6572
5435	11325
4048	126014
5870	7110
4712	27089
1942	1969
6233	11224
8337	317772
5529	55055
1870	4208
351	1234
10970	64386
3312	10576
699	57082
4738	59286
5822	22984
2767	55970
119678	344892
51692	220988
5903	9631
156	1902
10425	79876
4736	6181
6233	89910
4297	8085
11065	83461
5368	64805
1933	6143
6193	6202
4332	6037
9493	9787
4709	4712
6189	23521
7155	8289
1453	6235
8895	10970
1268	64805
3192	7536
54821	81930
10772	27316
6128	6129
9320	144699
5529	5718
6309	6713
4736	6152
1329	10476
3006	8337
2197	7311
51069	64928
1236	2841
6122	6135
7536	10949
746	100128731
1453	55127
9040	10517
6135	9887
3312	7037
6202	6209
23	988
9787	55635
3579	729230
2533	7408
9551	84833
6993	8655
1824	5493
1994	5725
1857	5708
5747	10298
6175	6189
6160	6227
8189	10181
3054	6872
6147	11224
3122	7535
6155	7311
1908	23620
6156	6203
963	10970
1387	4205
6135	6138
1942	2049
2810	3655
22954	26091
2957	57117
7450	54756
6386	10487
6233	7158
1856	5869
6434	7919
1576	1577
6137	6139
84902	91147
2153	2244
1476	8993
9212	57405
988	6605
1453	6203
5870	10890
6249	401541
701	4173
699	3619
6135	6167
993	84126
6128	6155
983	10733
999	8907
10193	80204
6207	23521
1269	56670
6776	6777
351	6370
3184	3192
5797	25945
5054	5329
55970	63940
26682	344892
6667	26512
16	2617
6136	6202
6137	6167
6185	7184
6133	6223
6133	6141
6135	6194
6176	6230
1337	1347
9277	10153
9700	23279
639	3662
5879	8853
5880	94134
1783	10112
55142	132320
112	1269
1601	9341
9972	23511
2597	5230
388	397
26155	65083
6138	6176
51388	84916
6128	6138
5829	10298
4969	11081
6498	64750
9439	23097
6143	6193
338	350
871	1303
23244	57551
3046	3050
5290	5970
9371	64837
90293	285231
111	1812
3912	59277
2197	6218
3852	3853
6158	6218
6453	9341
57696	317781
3240	5004
9045	11224
2691	59350
6142	6204
2222	4597
7311	57674
7327	140739
6218	6233
6138	9349
2243	2266
2268	5747
6181	7311
160	26130
857	7132
6152	6234
3655	375790
7311	23607
1236	5443
5819	201633
4710	4712
521	29796
23322	121441
3698	51156
11252	29924
566	8635
6223	6235
4173	7298
163	54874
6279	6283
3191	10236
3187	7536
2537	3434
5880	80728
6135	6181
378	11014
695	5336
7316	91445
3109	3111
6141	7311
153	6343
2581	4759
6135	6202
3071	5829
6790	22919
83540	259266
5977	8289
6173	25873
2185	9475
6152	6228
6164	6206
1121	326624
10256	54845
4543	5179
3551	4803
950	3482
846	10022
3685	196527
6138	6206
5067	137797
3191	7536
6223	9790
54734	339122
3111	3127
6170	6202
2740	94235
4952	22905
2837	5331
6176	23521
967	4033
51343	142689
6164	6170
1859	10238
7153	259266
133	55970
9410	22826
6141	6158
689	6160
9833	24137
5747	375790
8329	653604
1994	3190
51350	112802
8106	9410
3643	9021
6223	23521
988	10574
6139	6235
5879	94134
3055	9844
55839	55920
966	2207
4033	4257
6204	23049
783	27091
675	5429
1793	7409
9410	55954
2197	25873
1308	3655
302	5707
9276	22820
7514	9793
3190	55749
1062	151246
6429	9410
4715	10476
59350	94235
10236	10432
3055	6503
988	203068
6194	6230
6204	6222
6156	9349
1778	2801
60	10095
9021	140462
6173	11224
2535	4919
336	5948
64318	84128
5928	51317
51645	57819
3895	5954
332	1063
6193	6203
1495	84962
3685	7525
6233	8976
399	9938
51602	84128
9844	10787
4088	5054
1268	50865
8334	8337
6773	10379
65083	79954
4173	7153
891	7316
3304	9531
9276	57410
285093	390190
6176	6209
23291	83737
4952	9341
5829	10458
6223	27340
7316	9341
6204	6209
5335	7305
1981	6201
388	399
983	3832
54960	79833
3619	9793
1258	3000
5431	57721
4736	6157
2185	9564
6175	25873
6130	6137
6231	9887
6428	6432
6168	6194
6426	10914
3127	4261
4641	5872
990	51343
6170	10952
4736	6155
5516	151246
1981	6135
163	6233
6135	6154
3192	79869
1933	6157
3181	51692
2633	10561
338	345
1669	3240
5433	51362
6176	51187
3320	10383
23608	140462
5529	5711
10524	10714
6159	6234
1981	6139
353132	353133
1983	6232
186	3350
87	6714
4889	6751
8568	25926
1500	51474
905	2957
3673	3914
79050	317781
57111	401409
7862	9219
57545	80184
10813	10885
6224	51077
566	6037
3619	5528
10436	51202
23063	57082
51585	79869
3178	3183
3376	4677
4173	6241
2548	6556
6157	6230
5829	23209
324	5699
5094	23020
6657	63978
5725	27316
624	339403
4695	4708
9787	11339
6155	6160
1933	6175
3360	3375
4736	6204
1981	6206
6227	25873
1452	5714
10952	11224
399	257106
90025	246184
2209	2268
6147	6169
4700	54539
6169	6193
10499	55588
7153	56992
915	286749
6156	6206
2917	9934
7532	653784
6141	6223
4298	23168
23049	25873
79172	348995
8082	8910
6625	10523
121504	653604
1314	22872
3174	6927
5948	5950
5660	55970
1062	113130
1604	54732
1950	7474
22954	89910
3683	10970
3015	79682
55070	57154
6181	6206
6202	6229
4708	29796
1763	10714
6158	6160
4713	10975
950	7316
5685	10393
778	779
55720	79954
6168	6208
9883	11218
2147	2244
8452	26091
4208	5533
5021	5332
4708	55967
3351	4887
57082	113130
7328	23608
3127	7535
4709	4710
5516	5529
1669	1991
6129	6232
5984	23649
10959	22818
6142	6206
5023	5795
9382	9827
5422	5983
6144	6232
302	10383
3191	9716
727	56923
51088	144699
1303	55214
1314	9527
1859	5928
23218	196527
1108	3094
9069	9076
6154	6208
5689	51371
8027	8301
26091	84231
87	3688
6135	9045
389	57449
2043	2050
1781	4735
6218	7178
5928	8085
26589	51649
5739	59350
6209	9887
23451	51692
6698	126638
955	374659
64928	219927
6156	6223
6142	6201
6204	6230
966	11014
84128	84946
3914	375790
3301	10963
2197	6229
6128	6203
55090	55588
4736	6154
2956	6117
5347	9918
5928	9112
3687	53831
6201	6202
1088	6556
11202	25818
6144	6147
830	5048
389	57522
6144	6189
1778	6709
8347	8365
1329	55967
6204	25873
2912	4543
963	966
6434	10523
4141	7453
1902	55970
1894	29127
5660	84061
3799	11127
996	8945
4174	5424
5529	6233
345	4036
9133	55355
8085	8289
3071	7454
1653	25940
1660	3184
1398	3071
2768	2783
999	9839
3355	4852
10071	50614
2740	5746
1832	3728
6262	11069
6234	9045
1017	10926
2197	6227
8452	50813
2207	8514
6184	58477
830	5870
84962	121441
6130	6175
146	2922
3171	6927
10523	27316
1822	57504
4928	57122
7089	83439
2185	5579
6135	6158
9700	23047
27237	29984
10250	23636
338	3827
6129	6194
3909	3911
1387	27327
5880	84144
6133	25873
701	10403
56995	84085
3916	3920
6036	6037
6133	6159
23291	55832
6146	140801
7316	150726
10970	84141
10552	100423062
6168	6234
3181	5430
6208	27340
9341	51429
9585	24137
54850	63891
3178	27316
6137	6228
990	84515
351	9002
2814	2815
3482	5868
2358	23601
10681	338557
5657	6037
4867	27077
1337	4697
7316	10552
6168	6170
6168	6231
6146	6203
1933	6228
10735	23279
1365	1366
11014	11015
3850	3855
5688	5701
7321	8452
6176	6233
4174	10036
3183	6426
9188	84172
3911	3918
6144	6205
79954	84154
1665	55127
5518	6232
1933	6155
6165	6176
1327	29796
6631	51639
3667	9564
6144	6206
966	79090
6176	6181
6133	6161
1062	24137
54881	55127
1717	6307
55832	57542
5439	51755
1111	2178
55166	57405
26290	56667
5048	54821
4948	7299
904	51755
5829	6709
6160	6206
5788	6688
920	3702
6159	6169
9219	10919
4353	56729
5898	10890
5829	6461
84261	154881
1880	196883
4736	23521
6235	9045
4508	4535
6168	6233
2125	6698
4702	4710
4736	25873
3185	3192
5879	257106
4543	6751
950	8976
932	57153
2237	5111
6632	6636
10621	11128
22974	24137
699	83540
6168	6222
6790	10133
5093	10523
5116	27229
6663	27022
10193	26118
8687	121391
10714	80010
3015	5436
932	199675
6602	57492
10395	23371
10920	10980
7536	9716
6168	140801
2107	6059
6167	6218
81696	344892
2266	51156
905	25896
7314	64320
991	10112
6229	9349
1282	1284
2767	5335
23376	26235
4508	4519
5725	220988
27089	84833
2799	23526
1601	5878
6049	8881
1499	7409
26046	84085
1829	1832
2222	4598
6188	6189
5694	5695
2792	343172
6434	27339
3183	6432
328	10038
521	7381
4508	4509
5746	94235
10133	81631
3655	3688
6133	6170
6128	6224
9782	23435
9128	9879
6141	6230
6135	6160
7283	10540
1894	5347
3309	51726
6872	81887
10663	51289
2197	6133
197	338
57413	58191
11102	84946
8317	63967
3105	3106
50615	59067
1605	3688
6135	6143
5930	23295
3683	6518
6146	6204
11127	29127
10232	154064
6168	6235
2207	6556
23160	56919
6745	6747
57082	348995
6755	339403
1116	56729
9892	10092
1524	729230
10466	79571
11258	93661
83597	390174
9329	84265
6160	6234
121504	440689
4586	4588
6229	9045
55876	94103
377	29127
24137	55614
9702	22995
26263	92912
2935	6229
1832	2125
6132	11224
2242	5361
5903	22919
302	383
6218	10952
53905	90527
5693	10213
5108	22832
11167	84141
7479	7484
6227	10952
6141	6205
983	7514
9295	84950
4670	11338
332	57551
2962	27238
5460	55211
9787	10592
26239	353132
6047	9604
2847	10563
8655	64792
6231	114987
10733	132320
5880	6453
3688	5829
6135	6156
5777	5806
3921	9136
5435	55656
2788	5294
1981	6218
1942	9564
5903	23332
2274	6281
4332	4353
6208	6232
6233	8450
388	9459
5861	10972
9184	57405
6185	29927
6125	6168
3308	10808
6158	6175
399	9828
3913	5954
9700	10592
5861	5869
6154	6222
4233	9564
6171	6234
462	2155
10618	79571
6133	6137
2197	6158
462	3827
3364	5810
3156	3157
197	3698
2965	6749
6165	6230
6137	6168
5493	6707
932	966
6130	6135
904	2967
6426	10949
2967	9015
8514	10970
945	3163
6129	6235
23404	23517
6165	6168
1395	79924
64106	347148
26338	65055
6144	6202
3190	23435
4952	9886
824	7525
26589	219927
5290	259230
23160	79954
1477	24148
1937	6202
4713	55967
6201	6203
10489	54778
6134	6154
6881	102157402
55884	115290
51510	51652
1314	9276
6144	6181
9787	10112
5933	132660
6138	6209
6129	6164
26476	344892
10592	22974
5438	9978
2185	7525
3185	5725
1314	10959
5868	7879
5433	9879
146	148
4172	4175
3339	7045
5528	23047
5829	9564
2695	2784
6137	140801
6241	64151
5795	55754
23620	84432
6124	6160
4161	7432
11190	22919
7846	203068
9738	347240
3655	3912
5869	11021
7311	9020
2932	5529
6158	6193
4512	4539
974	3635
6133	6175
5558	8317
26	10562
2550	51083
2207	160364
3838	4343
51	7311
4677	8565
10517	80196
6137	6173
3091	7316
2847	2911
6169	6171
22919	22974
2168	3158
9371	51014
6624	51411
5336	79837
7704	142689
7325	7704
8349	440689
4952	6272
595	5694
6714	7525
821	10802
6207	9045
6428	22826
7042	10490
8648	10498
6950	10574
472	84142
5048	79003
3912	10970
966	11314
57405	79172
6188	11224
5725	9716
397	398
4343	7311
2151	3356
88	2890
1812	10268
3659	5371
6233	26091
5437	7874
28981	79659
2224	6721
5269	5337
1315	3799
988	1660
9820	26268
1933	6160
1499	5708
2197	23049
26155	117246
51434	143279
9181	29984
6210	140801
6923	23198
7283	22897
1329	4726
1116	3240
56949	91603
9700	57122
1911	23028
351	7466
1605	5829
1650	6185
846	50835
8175	84811
9564	54518
6363	10563
10112	55635
6144	7311
5697	6376
64951	64960
8816	51122
841	843
6143	7311
131873	256076
10552	100526693
4860	9615
6164	6169
6129	6144
2792	128366
6154	6231
1605	3915
5717	8453
489	4853
5426	5427
6144	6194
56923	259292
8689	286887
2197	6169
6141	6193
6235	25873
672	7516
6144	6164
55252	55777
1809	10371
377	3799
399	27237
22974	23332
3203	3204
4887	346562
6206	11224
3181	220988
3054	4899
3915	10970
6130	11224
891	4751
2243	9715
7311	285231
2843	151306
1781	11014
891	9493
10921	10949
5557	23595
6160	6161
397	5880
51206	80739
6167	6169
5526	6249
4700	9551
5890	5985
6204	11224
8453	9320
8687	8688
4738	9616
2914	3350
8915	29775
6193	6231
6122	6130
29088	63875
1650	58477
3240	4069
701	56992
6142	6209
5518	6235
130340	152503
672	4439
6133	6233
6165	6167
3640	387129
826	831
80184	121441
3937	7454
2159	2266
9133	23397
4540	55967
6189	6194
2967	51755
4085	147841
64781	340485
1509	124583
2207	2212
6201	11224
7311	257397
6827	80349
7311	8976
4803	53358
10250	58517
4069	4332
1062	3619
6193	6223
4713	4724
4050	5716
1129	8322
389	23526
6155	6204
5430	9611
55142	203068
10489	22888
80155	80218
51514	64708
2925	9170
6173	9349
2810	3918
9040	25898
4939	10379
55720	56902
5438	23524
351	5443
53905	405753
857	858
2695	122876
6790	10112
2841	8698
2788	27334
11091	54881
6207	6235
3109	3122
488	4853
57662	144100
50506	90527
999	3918
4700	4725
1008	1016
6135	25873
9156	55388
23160	84128
2648	9013
915	7535
5879	9564
9320	51132
3921	6201
3683	3688
2317	54751
6133	6160
11113	259266
1956	7039
51264	64976
338	2262
1983	6205
2960	9412
6036	8635
857	3688
9702	55142
9978	81559
3357	5737
10540	22974
