3921	6209
6222	11224
6160	6228
6434	8175
1605	3913
10592	22974
10403	23310
1994	55660
5747	9844
6139	6165
4700	4724
1292	55214
6144	6203
389	257106
636	25782
9367	55275
6161	6189
10155	55663
1781	29127
23011	51715
6167	6233
389	114793
2537	4599
7337	9730
6181	7178
5699	23198
6164	6209
23122	57551
7311	257397
10291	27316
6135	7311
5885	286053
1956	2069
867	50618
6696	84141
6231	6233
9782	10949
5347	10112
6202	6207
705	23560
2358	57153
8463	25937
10413	25937
6156	6218
1308	3691
9341	51429
117	2792
3688	3912
60	2597
158506	246184
6632	6635
23160	84172
29945	64682
4539	4540
6223	6229
2801	10802
2621	10272
10236	23435
4582	10331
23160	55759
10342	81562
2358	6556
2491	6249
56729	124583
111	51764
4952	8976
6169	7311
5880	9138
6139	6175
6152	6155
4116	6637
3084	5781
6136	6160
6169	6170
4008	7321
5179	5733
6139	6228
10403	11004
6147	6158
1727	5707
113130	151648
1325	10563
3685	84329
988	22803
8600	50964
87	51097
2491	55055
5394	5822
5422	84515
6207	6235
50838	259293
9690	89910
9867	53339
6133	6142
846	259292
2132	375790
2588	9798
4736	6210
3305	9530
6754	50837
79895	338339
1915	6206
11322	326624
10767	22894
4708	4709
3071	8976
9886	84144
783	10368
6518	326624
10952	90701
2099	9687
3434	10964
377	1781
10051	23244
932	160364
2242	9855
23586	55601
1291	3688
1994	10498
501	51166
5660	10970
627	6868
7297	10148
6129	6135
399	57449
5930	26249
635	29958
6637	23524
945	100049587
23601	57153
6152	11224
5707	7321
4343	6714
6233	7844
1269	59340
5903	25909
6227	6234
3916	5878
6124	6158
6193	6233
6170	6176
6155	6232
3354	9283
7414	8993
689	4666
1175	5878
553	64106
7132	10616
988	3066
1350	440567
657	64750
161	5869
4670	10657
336	338
3683	326624
1129	6572
5435	6637
3860	196374
5438	51639
5605	84292
6155	6218
4736	51187
22974	81610
6136	6144
6234	140801
6147	6227
6201	114987
3579	57413
23225	79833
23279	79172
9875	22984
3921	6207
6155	6235
8976	147179
10540	84962
64386	84329
79980	113130
6453	10552
6137	7178
915	3702
5747	23209
23049	25873
197	51156
9133	113130
2048	5998
2197	6135
56923	259295
4830	4831
567	6737
6135	6139
6144	6147
2817	6385
6130	9045
3609	5725
4736	6138
3685	199675
3181	220988
23279	25909
9045	25873
6181	6232
8974	29920
10394	56729
1880	196883
1854	4174
2800	2803
26531	344892
1781	3797
4886	4889
5747	7409
6206	6229
5861	11015
5822	22984
3635	4233
4837	284119
2064	5336
3135	3805
1629	4967
3619	113130
6165	6206
8853	11015
9700	10051
7454	8976
983	9126
2197	6194
2099	5241
8243	10592
146	2846
5519	5903
4538	4712
6632	57819
1536	3683
3684	3687
1933	6144
25	5893
8334	79019
920	1234
9643	93621
5149	54714
8178	55840
226	2597
6160	6231
672	8314
6161	25873
6147	6159
6154	6210
6138	6170
3945	4200
4509	4538
991	11004
3437	10561
6217	11103
90293	285231
4116	6147
2244	2266
4736	6208
7133	8740
974	3635
9782	27316
3490	84141
6804	6813
6223	8666
8615	9570
9551	10476
3183	4670
6206	6223
8453	22954
890	151648
399	64333
7525	10413
2033	6667
11187	64065
1439	5777
6158	6160
51079	54539
3572	3977
916	50852
6605	9031
5199	10394
3187	10181
2358	3579
10733	55142
25926	84128
3685	7133
51079	374291
3909	6385
9790	9904
6385	375790
6169	6218
472	7468
930	974
157	2869
1950	7474
6208	140801
990	3832
3309	10049
6117	7156
4700	29796
5984	7298
908	9628
6173	9349
5880	80728
8704	55624
1063	259266
1915	6144
6201	6210
9183	57405
332	9493
2840	4986
6144	6155
26234	154881
891	10112
5777	7852
208	57148
6602	55193
7343	9013
5879	9181
7004	25937
5950	7276
3913	5829
6125	6189
6129	6130
6132	6202
6156	6224
10153	55131
55970	126006
1069	4867
1954	23295
6419	27339
899	9700
51444	57531
79659	92104
23590	56997
7137	7138
7314	10980
3619	9972
3091	112483
4717	4725
22974	83461
161	3482
27340	57647
3683	3695
5725	10594
1933	3921
5290	5970
6234	7178
2220	5648
54474	286887
722	725
6175	6218
1213	6233
1287	55214
641	4439
8243	10735
1088	138050
6124	6224
6124	6235
351	7042
6128	6138
90025	158506
3320	7415
2641	346562
8541	64130
54998	55052
6217	27340
6222	9349
6139	6164
400	90196
1394	1816
6164	6202
1233	2359
6136	53918
54845	80004
4116	51639
3685	80781
8065	83737
6210	6218
1793	8976
1088	160364
2197	55176
3075	3078
10552	22905
1017	10926
6122	6139
6129	6222
6233	23291
3921	11224
11340	23016
84648	353139
3702	9402
920	5286
7874	56655
5705	5718
6233	22888
864	7004
5194	7311
3178	6428
3106	3107
29093	118487
846	3357
6158	6159
6171	6227
54677	83752
28998	51264
6133	6218
23325	387680
60488	64965
3111	3123
2222	51478
598	6774
9128	51340
57674	64718
81285	285093
7311	10111
7311	55670
10389	84108
2551	3054
7155	8289
6144	6193
23160	79954
6741	9533
6138	6201
10970	326624
4708	29796
187	1233
6132	54512
2185	5879
2792	138883
274	6453
6137	6202
3039	3048
9276	9371
26190	54165
641	5427
501	85007
1994	3191
1933	6193
60	1072
9276	22872
9793	84131
338	350
6165	11224
10427	126003
857	8976
29093	51023
9136	84946
5879	10458
695	5336
1536	3685
11145	122618
6133	23049
5697	6376
5908	7094
5878	11252
1081	3623
1431	7416
7317	51343
2197	6202
6132	11224
6135	6141
2053	7311
8085	57690
351	27242
102	10618
6227	6232
3184	9343
4751	4867
988	6599
6633	11325
9411	29984
6135	6171
28959	55365
1495	8394
7536	10949
24137	81930
9824	10112
1499	1969
9306	9655
6152	7311
226	7167
5345	7076
2932	5711
6165	6209
9341	22905
1902	55970
5000	7311
6156	6189
1994	9879
3633	29984
3017	8329
10574	84617
3109	3115
10890	10971
10733	84131
2197	6155
4513	4537
127385	344892
22984	79707
6156	6188
4839	51202
996	51132
1063	79172
2767	5599
5579	55970
3909	4233
6181	6202
4726	4728
705	51154
6128	6143
6156	6160
383	1669
929	7097
117	594857
26270	93611
830	51014
6139	6157
4940	10561
988	8449
6207	6229
9631	9972
3655	3914
6135	6207
2967	51426
10813	10885
1022	91603
6147	6160
23601	199675
6201	6235
6132	6135
3673	3912
51429	54885
57662	144100
2814	2815
6234	9045
5529	81930
3827	5005
9793	11004
4867	121441
6429	9410
23524	51639
3482	5868
7272	55635
6714	8976
719	58191
472	84464
3267	10096
140458	285231
7311	10110
846	6870
11098	84141
1981	8672
86	55193
11202	25818
2317	3688
6599	6602
3486	11167
10618	84141
174	2266
8027	8301
6139	6169
9739	23067
84366	360205
932	3689
11190	22974
7311	23049
5439	84844
4538	25915
6631	6637
6223	9790
8027	51429
5707	8452
5717	9020
1902	63940
5023	64386
6159	6161
377	3799
7153	9688
6128	6230
1017	4999
54821	79172
6136	9349
156	2863
4539	4712
1665	3191
9276	57410
8356	440689
4736	23521
2735	79809
1870	5928
1956	10413
10075	80204
6137	9349
2197	6161
4712	7381
643834	643847
1063	7153
2792	343172
6154	6203
824	831
23223	64318
27339	57819
4710	4715
7311	8945
2623	2811
6147	7311
4926	55722
84261	154881
5529	5699
4540	4709
10713	26121
51317	57649
23325	253725
5688	5706
6175	6201
336	4547
7514	55055
4508	4539
5870	81876
6128	6209
22919	79172
6158	6222
2792	219438
23014	55884
5699	11059
6168	6207
9739	27327
6129	6154
3184	10921
2916	3351
10857	64386
335	2153
6176	23521
7184	9601
6168	6206
6154	6202
6872	81887
2912	5179
219960	285093
3915	6714
800	10398
3309	29927
905	79577
5879	10552
6234	11224
54821	81930
521	9556
1462	10130
5266	6699
3008	3009
23322	79600
163	7311
10403	55143
7311	57530
2956	9126
3886	8688
6124	55629
6139	6234
6205	51386
3190	10492
5981	57599
6222	9045
301	55970
1910	4295
1665	23350
2788	27334
1870	4208
5708	84962
185	4988
7307	7919
988	3326
1394	3973
3482	22848
1991	4353
7328	9690
51	6233
6122	9349
966	10970
6181	6223
6138	6173
1291	5351
6146	6227
79583	79600
187	11251
6159	6167
1478	9128
5436	85437
55131	84128
9350	56963
1915	6138
1956	5579
6176	7178
2091	11103
389	9322
197	2147
1642	4798
6133	6147
4736	6157
9559	55737
1062	64151
334	3491
8351	8365
1950	3671
26285	149461
6168	6229
6217	7458
10426	55835
6158	6206
5501	57551
10484	126003
50838	259287
1278	1634
2243	51156
3913	10970
10762	84271
1781	7531
6233	140458
6141	6189
6203	6218
6657	63978
6133	7458
84549	84946
9475	9826
6133	6222
4057	57554
325	3015
3479	7044
3308	10574
5707	10577
9801	28977
10282	10652
3221	3222
6175	6181
1778	6709
5657	56729
10965	55825
8463	10413
1595	3156
7305	10870
6202	6208
4597	4598
26589	64928
1605	3909
6218	10952
6207	53918
1595	4047
7984	29984
3105	3133
6204	6206
5880	91614
4710	4725
632	4094
5710	51686
4985	6752
3843	55705
2081	7494
23112	80012
29889	51154
10199	11102
891	7531
155	6343
6169	6235
2633	5371
4172	4175
6128	6133
830	10959
10283	23398
54577	54657
3856	5493
389	5217
6173	6188
1062	5903
2150	2863
3915	10970
10342	10427
6556	23601
6176	51187
10952	11224
440	2617
4736	6234
5361	55558
3191	4670
9793	81930
6205	6223
6133	6205
4952	6272
7516	348654
5880	27237
9138	29984
6233	140459
6161	51187
7316	55669
1981	6133
9246	11275
3659	3660
9212	55355
4641	9371
55845	644150
51088	51122
6122	6142
79869	84248
6154	6173
6836	29927
367	8349
10155	90075
6136	6201
10274	10403
6203	6206
7057	56999
5872	53917
3190	5093
4852	5179
1398	5829
23160	27042
4620	4626
10969	29997
11014	51014
6189	6204
11143	27154
2692	2843
8915	29775
351	78991
5516	51400
6201	6224
2790	2863
7311	8453
259292	259295
6696	91851
4809	6231
6154	6206
6203	6224
4172	9700
5286	55361
383	3074
990	63967
3674	5829
5829	9844
1241	1902
3687	53831
6188	6222
8243	10051
156	9002
9015	57504
1456	7534
3074	6386
2848	285601
6201	11224
6181	23521
5741	122876
3884	3885
9585	81930
9277	51118
6142	6176
2920	6376
9700	57082
2623	3674
79895	100049587
917	29993
8688	8689
4033	5547
8881	29945
6206	6232
2197	6201
1781	11015
64951	64983
4312	4314
6175	6232
6130	11224
6877	51593
3156	3157
1277	7373
6136	23049
8689	121391
7311	84133
2072	7158
8993	10394
6156	6176
6137	6170
904	6667
4736	6147
64750	65264
1793	5880
988	9631
11015	23046
5695	9232
9277	83732
3921	6160
6155	7311
6156	6203
5584	55243
23304	26046
50838	259292
9716	10921
2935	6203
5788	6688
5516	5708
3619	11004
6169	6181
5310	9727
671	1669
8976	23149
25831	26091
8295	57634
6167	6209
10022	259293
351	1269
7311	84962
5473	10321
3133	3659
4171	55388
3673	3914
79867	84902
115290	126433
6143	6222
1329	4701
10769	55835
4867	57545
11338	23636
2147	2159
5116	728642
6161	6164
6181	25873
10618	79571
6208	6235
55272	56915
3200	8338
6138	6218
2968	6882
6138	7178
6135	6209
1956	3091
2197	6233
10733	203068
6159	6169
1062	83540
3937	7454
6189	6205
10022	259292
6125	6233
6142	6203
9787	11339
6130	6232
23332	25936
1783	54821
11338	23511
3105	6890
2242	10371
991	55355
29093	51264
6201	6234
7311	55666
10802	100302736
6176	6207
3683	79895
6133	6169
4543	5173
8697	8945
1942	2268
5819	201633
811	5589
6206	9349
6165	6228
6137	6155
23627	137797
3355	6751
1783	6232
6146	140801
9757	26523
6139	6203
699	9928
10153	84128
57122	79172
4541	91942
988	6596
1933	6164
6160	6230
6165	55176
6453	7311
26190	55832
1230	2833
3685	5817
6133	6208
1676	3836
988	10403
1282	55214
983	3832
570	7321
1781	6993
6171	25873
9564	9844
90025	91694
1639	2697
6790	9787
6156	6223
51234	55831
6175	6223
5878	10254
6426	10949
4586	26290
6202	6229
6167	55176
1536	338339
153	796
324	5529
112	1269
1981	1982
5217	55740
6827	51755
6385	10755
5501	23122
6625	51639
7311	55432
6223	6235
3178	6434
7175	23279
6426	10250
79895	160364
2305	9833
6165	6167
1994	9416
6141	6223
6142	6234
10250	10772
3909	3912
7153	9700
3921	6165
10096	10097
23404	81887
6169	9045
51382	222487
813	1435
6045	23028
6136	6202
6143	6202
51003	400569
163	164
1063	24137
983	29127
6209	7178
5753	6725
6139	6156
4809	84844
6143	6201
3123	4261
2642	4922
10254	51652
1277	1292
2071	27125
932	966
9564	10458
55832	57542
351	59340
6827	25920
4985	10563
23011	51762
9092	27339
332	10615
8655	64792
9918	259266
1876	10445
8106	29894
6233	23049
55143	57405
7153	55746
8607	54881
25831	143279
2537	10964
5711	8697
6170	6223
10097	10618
6625	23524
891	5516
6734	58477
890	10733
2099	7031
351	9002
1642	11091
6204	9349
1290	5351
821	10802
1329	1347
1871	192669
1915	6189
1511	4332
6204	6234
6161	6224
3827	5020
3685	10970
1778	3831
6130	6235
3913	6714
5707	84962
23376	84085
8322	22905
6124	6173
966	11014
6152	6209
4701	10975
6790	9493
1969	2050
4069	5199
5368	50865
514	27089
2913	4988
7283	22897
6154	6165
3364	5810
6152	6170
3921	6227
5878	9341
55168	219927
3903	84329
10484	51014
4353	6036
8514	11314
5196	5473
7283	22974
6091	7852
389	9411
3921	6206
55872	157313
4085	55166
2266	3827
25885	64794
6307	51478
6218	6727
2060	50618
6146	6230
6132	6224
1452	6500
6748	10952
6222	10399
6161	6175
5781	10818
123904	146183
8349	79101
1937	6202
5311	9727
4538	4539
8698	59340
11176	23309
6193	6203
4512	4541
6714	57670
4702	27089
1660	51729
6181	6205
6146	6201
8886	55720
2204	79895
8648	10499
641	5424
3619	9700
4171	7298
6157	6202
2918	6752
4736	9349
3113	3123
6222	6234
4700	27089
6135	25873
83597	135946
6132	6156
3619	5528
1062	22974
4519	4536
5983	8451
9934	27199
3683	57153
6176	6228
6233	8295
27089	29796
1559	2326
1282	5033
10321	57554
680	64106
10094	127833
11258	11316
2312	6701
11167	84141
6165	6229
3015	10284
3856	144501
1462	8542
3430	3433
5725	10236
7375	8717
2932	6790
2207	11314
7321	54583
1822	57504
7476	7477
6747	84061
6133	7311
8243	57082
3921	9045
9636	10379
8334	8347
9690	57154
83540	259266
22916	27161
393	5879
2197	6206
4686	9128
627	5599
5516	5523
3913	9459
6188	6229
3240	5004
2475	9821
5516	5781
4593	57144
6635	6637
6141	6147
6223	23521
623	2861
1822	1912
486	1429
25984	121391
6143	6181
25929	55706
11339	55143
996	4734
10293	200845
7089	83439
6152	6227
3113	3122
3725	4088
1387	4205
23431	27131
671	1991
351	5443
6233	9690
185	4922
2243	5345
3921	6168
727	50835
399	9828
9055	9928
813	10618
1499	10971
65055	219438
1500	6714
187	94235
9533	64425
1234	1236
10714	80010
8895	10970
6138	25873
6135	140801
6155	6181
566	6037
3192	55749
1457	7153
54578	54658
4952	22905
999	8907
4718	4728
1962	7311
197	3481
4853	6233
335	345
102	160364
10285	23350
6159	6203
9031	221830
8450	10401
6143	6234
2935	6160
830	29127
604	933
4853	9253
26268	84085
6136	6147
5493	11187
338	345
1499	283149
6146	6189
1656	54464
79682	147841
4712	4728
6169	6229
988	5394
6136	6157
3619	54821
6229	27340
4288	51203
9655	10489
23160	27340
3558	3717
11102	134430
5329	11322
4116	6635
6142	6156
90	4088
1282	10536
3693	5829
7337	11275
60560	80218
6157	6194
1783	11127
6135	6233
378	830
2475	6654
51023	116540
1241	2863
3191	7536
5501	9126
2521	4670
3718	7297
3660	10475
338	4547
6233	10111
2770	55970
1660	1665
2079	6428
1234	4544
2935	6133
9320	84231
4171	4174
9075	10686
3178	3609
57551	79172
10413	51421
64963	92399
5685	5705
89910	90293
5747	10787
1665	9879
6139	6176
3912	5747
2491	79172
1946	2268
993	1111
6164	6228
2962	80004
891	29127
11176	79595
142	56655
8542	84141
1287	80781
5869	9341
10466	10959
8687	54474
9276	9632
5725	9343
8365	653604
8972	93432
9700	79172
6188	6204
2131	2817
5519	9183
7057	7424
6165	6173
6135	6194
377	830
6218	9887
6132	6170
6272	9500
6136	6155
2521	3190
6137	6154
1991	4125
6869	64106
1453	80097
2965	9646
2792	128366
6164	6222
6631	84844
60488	64963
238	943
51264	65003
5529	79172
8260	79903
6667	6670
6142	6193
6139	6141
10274	23279
1911	57504
6193	6202
1601	8301
5878	51715
388	9938
7984	54509
6621	79035
9655	9903
23586	54476
23322	80184
26268	57531
5269	5337
389	55843
7414	103910
2034	3091
1490	7004
6637	84844
2792	5741
6171	6231
1302	1306
3309	51726
6142	6208
9700	25909
6122	6147
2099	6198
6122	6223
5433	10285
10772	10949
301	27334
890	9133
3843	10527
1398	9046
7846	203068
11176	51742
10952	25873
2186	9739
3046	3048
11137	51388
63891	79876
5878	10890
403	84747
4713	4717
302	56729
991	5905
55720	56902
9582	27350
6453	51429
353142	353145
9690	26091
6135	6159
11222	57129
2810	3691
6152	6234
858	1956
2892	2903
1639	3326
8337	317772
830	10652
6205	6233
11224	25873
10552	23149
988	6950
6137	9887
6133	6138
1462	7184
1063	25909
558	2621
6203	11103
10920	150726
1453	6203
6175	6193
389	29127
3799	24137
6168	6218
2197	6223
6133	6204
6165	6170
10525	29927
1937	6128
7337	84085
2207	79895
10121	79867
1385	5594
5698	6890
377	29127
4829	5737
6173	6176
1002	1006
9730	64682
1173	5868
1981	6222
6836	9276
7343	57459
5439	6621
6775	10148
3178	10949
4735	57545
3054	4899
701	7153
3594	7297
6136	6142
10403	26271
6142	7178
394	7204
6157	25873
55125	79959
7472	7482
5861	10959
6130	6167
1660	3185
6206	6230
10885	25885
7018	9829
7532	10142
4736	6206
675	5983
2305	7153
336	4036
1660	55749
834	114769
6207	27340
6209	6228
5338	11145
5880	10298
6703	6704
1294	2157
348	5360
6129	6160
1933	6138
23067	25942
1292	1303
9730	10425
867	10097
10484	11196
8925	10489
5693	5695
81794	339366
1894	259266
56165	91646
6136	6173
1639	9371
8189	11100
51465	51676
8065	9354
5501	79172
57082	79172
7381	7388
3973	104909134
3640	387129
2189	7517
1783	9371
6790	24137
4069	6037
6227	11224
344892	387748
2617	4141
1116	5199
5347	10592
6169	6204
3921	6154
5739	94235
4125	8635
6233	26130
919	3122
3357	56923
26190	140459
1794	5880
344892	390084
6154	6230
1511	1991
10466	11014
9790	27340
6241	55143
891	9833
9156	55388
5795	55754
54998	128308
6193	7311
799	10268
6223	140801
6556	79895
26019	51121
1088	150372
11113	259266
2185	5747
6139	6222
2026	5315
10432	27316
4171	4172
783	27091
996	5699
5432	84962
51209	401409
6135	6204
5869	8411
6168	6205
1797	93643
3881	112802
2147	3827
3181	10657
1058	55839
8881	26224
6207	7311
1062	151246
5591	9656
6202	6233
4111	158511
22995	27229
1915	6205
9666	143279
6133	6168
6159	6232
3458	3586
1452	5714
3683	84329
3240	5005
1315	2804
3850	196374
1329	1340
10075	56658
6143	6206
9037	23275
3921	6164
6128	6201
705	51602
472	4361
23511	51692
6130	6202
6228	23049
10236	10291
6164	51187
1994	10921
6915	94235
6135	6173
6170	6230
1445	7525
2305	4288
6133	6141
6230	63931
335	3698
9883	55746
7862	54815
6152	6168
7272	10403
6160	6233
6189	6217
6158	7311
3191	10236
6129	25873
2784	4985
7409	23533
23223	79711
7531	8655
2740	94235
6130	6142
6194	6222
6207	9801
695	2207
4726	29796
9493	9787
811	813
10193	25831
5093	6625
5903	23511
1385	1387
8683	10569
3619	9793
6124	6232
3685	64386
6207	25873
6175	6228
4734	8453
6442	6444
2197	4116
64426	79595
1937	6188
102	813
1387	5929
5435	5441
4288	9700
10975	51079
3675	3915
5954	51280
2801	2804
54751	83706
4541	4726
1880	57413
2783	6752
6222	25873
10663	259292
51585	79869
1610	4843
5747	11099
5869	10890
344	26020
4893	27006
8334	8341
10272	11098
11014	25839
10907	51690
800	5829
2797	2828
6836	22820
2550	51083
23244	23279
4694	27089
3619	9126
6142	6204
6170	6171
4540	4712
389	393
1462	3912
3184	220988
6154	6170
3859	125115
1933	6147
1173	5878
6223	6230
51645	57819
399	9138
1062	79172
1161	5887
867	6654
930	118788
2149	2151
5179	6751
5707	5717
5741	10266
1778	5347
3920	6836
6453	29763
7311	80351
4666	6202
6130	6203
3909	5829
28981	150737
6173	6175
3191	10657
8886	55127
2197	25873
1471	2519
5708	51330
6137	6168
6203	9349
8334	8365
5196	11251
3184	9987
2803	5870
27327	84441
3838	6790
1938	6141
8412	9564
1956	5921
1915	6230
4993	344892
6147	6175
10885	54881
6207	6224
945	79895
23601	338339
9128	11338
6147	6206
1515	3122
6156	6204
6135	6234
3113	7535
1069	10383
56902	84128
3937	5335
2863	5332
4887	346562
6156	8667
945	3903
3017	8969
1601	10618
10749	23046
29763	51429
246	11283
6233	11059
6698	147409
1536	23601
6233	23112
10236	10949
4514	4535
23244	57082
6455	9341
6173	6203
553	6869
7070	161357
1315	8729
7514	23122
4543	5179
527	140885
351	5660
4969	11081
9716	10236
4586	4588
9343	51692
9371	51014
5368	64805
891	9493
2197	6207
27257	57819
50834	338442
185	2642
4700	4725
5501	51692
3222	3225
6727	140801
972	5641
6426	6434
57405	113130
595	5694
3376	8565
1347	4695
988	10657
9039	10425
3685	5747
6147	6207
2268	5747
6601	9031
1325	2847
2792	4985
54821	151246
22938	220988
109	10681
11065	64151
5706	5714
6137	6173
1453	6202
353139	353145
1832	5493
8514	10970
2683	2720
6923	51755
6455	8673
1084	2358
4717	84833
6155	9045
2817	3340
2064	2886
6188	6230
6135	6147
522	84833
57531	90025
4233	64759
3915	375790
10014	57459
683	932
3685	5795
6161	6228
9015	284119
6204	6224
6176	6209
6122	6173
6164	6188
8477	55970
1495	5584
6209	6727
521	9551
3009	3024
29796	51079
28998	65003
6249	8826
6430	6432
3882	3886
6159	6175
1933	6206
2519	5476
8453	55884
1291	55214
800	3672
6176	6727
6137	22916
1351	9377
2980	2984
4736	6135
2633	4940
1739	4646
9349	11224
3267	8301
6173	6228
9508	56999
6204	10399
2767	7204
5347	259266
1783	3799
6194	6233
10083	257629
116	5746
2036	116986
3903	57153
5869	7311
891	8697
8697	9604
9656	11073
5529	51143
6159	7311
338	5948
3122	11184
136	2788
10970	64386
4116	6170
4171	6749
990	996
22954	23291
55832	154881
1386	6602
8829	10512
5093	5434
2935	6136
6147	6203
776	786
2034	84962
2197	27340
972	3111
5707	54583
752	5217
9738	347240
5266	5493
2792	5145
1778	5707
3685	9564
6159	6227
3105	3134
6164	6218
344892	390079
7337	23291
6124	6194
6185	6729
2922	4923
988	9475
10153	55759
4725	4726
2197	6193
9837	11169
4540	4707
904	2967
1981	6139
1911	23028
1121	79090
8581	154064
9493	11014
933	973
6160	6181
6173	6222
10236	10250
7466	10970
1579	8529
1956	5879
9493	9833
4952	9886
1292	7373
996	8453
6613	7341
5023	326624
658	4093
87	7525
1942	9564
5439	6637
3797	79659
3320	10383
39	3157
10749	29127
5684	5685
6154	6160
3190	6434
3915	10130
6746	58477
26682	344892
4005	4602
4736	6129
6170	11224
6128	25873
23046	51014
6128	6208
3048	3050
4088	64750
5438	83443
3434	4599
7311	25831
50831	50832
7317	140459
3015	5438
2072	6233
6152	9045
8453	89910
1956	9341
6168	23049
3912	5954
6135	6201
6222	6224
6228	140801
1001	3728
3635	3718
6230	9045
6137	6209
10383	84962
6167	6168
2260	10818
5747	10298
6193	6222
3064	55660
1173	29924
7454	9322
29089	197342
6135	23521
26268	64682
4116	6202
1511	6036
5718	11059
219968	285093
9716	10713
51491	55651
6206	6210
6170	6207
6203	6233
6201	9887
11103	27340
3301	3320
1116	4069
3362	5443
6124	6160
10324	201456
10592	54892
2197	6147
6217	27335
389	57449
102	6556
6181	9045
6124	6228
1329	27089
51434	143279
5695	5706
11196	126003
3360	3375
2177	7398
1576	54600
9787	10592
1605	3915
5001	222229
259293	259295
3481	3827
6209	9887
915	286749
79895	222487
2107	6181
1062	9276
5435	5451
10199	84946
4839	6156
1362	9698
3190	11338
6130	6193
55212	84100
23028	23186
6181	9349
6164	6206
55124	221400
8886	23160
6157	6203
3191	9987
55582	89953
5093	10594
2817	7525
1936	6132
1062	6232
2784	6752
831	3688
6155	6233
4536	4537
6232	54821
5744	55970
2266	9715
5747	375790
7311	9341
120776	344892
4288	10112
1462	9469
51203	55143
116	59350
6144	6232
5501	9700
6142	6171
11014	55605
53829	59340
6217	84916
6227	140801
5693	5705
2841	55970
3071	10787
23658	27316
595	11186
3854	9119
57787	261734
6167	6232
7381	29796
3881	54474
3437	6772
80328	116372
9371	64837
10425	79876
10075	54926
6173	6227
8449	27238
1994	10236
5023	84329
5878	8301
6204	6228
4738	5715
3664	11074
3091	5707
6737	283807
3178	4670
6136	6194
5422	7027
1439	3635
2123	2124
6124	6135
9787	22974
6240	10051
6923	140458
3937	7305
3491	11167
6189	25873
6208	6232
64792	79989
6181	6203
3433	3437
6165	25873
87	6714
3796	10735
16	2617
5339	6194
3799	11127
6144	6152
7098	10695
3184	3185
887	5020
6138	6202
3579	729230
1069	27077
3912	54972
23030	51588
8131	64121
6146	6168
2197	6727
1453	6235
3115	3122
6156	6209
156	5578
10489	84231
891	2491
6157	6230
5393	51010
6138	6224
6234	9349
6176	6205
9883	11218
919	7535
9631	23279
8027	25977
6194	6232
1994	220988
3619	23279
6208	23049
2197	6232
6139	6146
285	7010
2837	5331
5694	51330
4148	10272
4998	5422
51206	80739
3178	6294
23309	79595
54885	152503
6230	11224
1605	5579
54620	84231
6272	79158
55008	57154
10466	79571
6165	6227
338	4036
8843	50834
51585	84248
6850	9564
5580	7525
1969	6714
5624	10232
514	4694
1783	10121
4174	7298
54998	64976
1398	6850
6128	6233
5797	25945
6037	8635
6132	7311
10274	81930
26091	154881
1080	4036
6122	6124
8382	26289
4171	5422
6208	55176
8729	10959
9295	25957
6747	60559
7305	23601
4116	9349
9367	201475
1500	7525
4171	4175
6233	22848
50831	339403
4947	5716
6207	6230
6434	27316
701	4173
163	5878
51728	79622
6129	6194
6616	8673
5565	51094
7919	8106
1933	6133
51350	112802
4867	80184
10285	53981
9128	55234
26091	57154
3185	51692
2810	3655
10885	65083
2197	6222
2153	51156
4102	158511
6176	6232
3921	6194
6139	9349
10112	51014
514	4726
23160	64318
11224	23049
5093	10236
9690	221687
1453	6229
728	846
4508	4509
9730	10293
6152	6224
5869	8027
9493	81930
9126	9793
126006	729230
6152	6208
6135	6170
6234	25873
1910	2147
3681	22801
1129	6751
6426	9782
6135	6167
4297	6045
5905	6232
3903	326624
1634	4060
6923	9978
3054	6874
3916	5660
1915	10399
29074	51069
29796	54539
864	64750
695	3635
2919	25797
6175	25873
6207	6234
8317	84515
2912	4889
55832	80204
10523	57794
1173	6455
6774	9021
6138	7311
54663	55272
1829	1832
3185	55749
6138	6194
2695	2784
338	4973
6129	6173
153	6343
79682	387103
6181	6209
51639	84844
23332	27229
3185	5094
2197	6146
996	25831
5887	7415
641	2189
4736	6165
6714	10298
1763	348654
5777	10630
6924	22916
3688	5747
2033	5469
338	462
6169	6201
3184	6427
6122	6158
9738	54820
1642	8607
6124	6203
3675	7057
10693	55970
990	9700
6168	6209
3184	9716
3937	7462
2107	6137
1813	6364
9655	26190
3675	7045
6139	6205
6204	6229
488	4853
2935	6168
221	5328
1783	11014
3017	6688
147	5021
6139	6155
4057	6709
3491	3895
6157	7311
24137	146909
6138	6168
3688	9564
11014	29127
64792	92104
6155	11224
5699	8945
1793	10458
3692	10969
1455	89780
1894	29127
317772	440689
1839	5782
3913	375790
6128	6161
84078	89890
10920	26263
4695	4713
5048	7531
6161	6167
4736	6169
3309	6836
389	64333
6175	6206
3832	10121
1660	10713
955	374659
2243	3827
3854	8689
6135	6164
6152	6203
1269	56670
6129	6143
6142	6173
2222	3157
2801	9276
6227	27042
5880	257106
10285	10713
4736	6160
113130	348995
3685	3897
1829	64065
8688	54474
6130	6209
3006	8337
1290	1292
967	25798
7057	170690
2533	3937
5872	326624
79023	129401
2804	64746
23244	57551
7337	197131
1302	169044
3718	6777
23291	26190
6201	6230
864	3683
4707	4726
1933	6154
6122	6156
332	79172
9320	26091
4952	286451
5367	256933
6142	6169
4713	9551
351	3912
8615	9276
1277	1289
1445	5829
54487	192669
6164	6203
672	64682
6850	64170
3109	3119
107	2775
6125	6181
6152	6169
6175	7178
988	3837
4738	9616
4205	6938
6122	6157
9738	54806
6157	6181
1781	4735
6147	6232
27316	65109
9833	22974
6170	7311
8365	85236
26046	140461
6168	11224
6143	6164
3433	10964
6168	6176
6427	10189
2305	55355
4736	6161
9076	10686
9212	83903
9657	57545
388	57522
6164	6169
727	56923
6169	6208
2033	9739
84447	91319
391	8503
2804	9276
6147	11224
3482	10618
1452	5515
332	9833
1738	4719
2358	160364
988	29127
3832	51203
10163	147179
6157	6234
3429	8638
4588	140453
1500	5880
23149	51429
10523	56949
6168	6203
6233	6234
5094	9343
11014	22818
9978	158506
1022	55840
6142	6228
7403	23054
6165	140801
2358	53829
1555	54600
4602	5432
5870	10890
8243	9793
2935	6189
701	4288
10022	50838
3683	3903
5048	5516
6249	401541
1665	9128
3156	4598
1645	8644
967	4033
6228	11224
6168	6235
5529	6232
6154	6158
3163	3725
4144	4548
917	1759
9790	55127
10714	23649
26267	63893
3921	6159
23042	23420
983	3838
245937	613210
6204	23049
5179	9210
6167	140801
2197	6229
1398	6461
945	10857
3105	5696
6130	6204
607	8945
2151	6915
9221	23160
6142	9045
5707	6386
9984	79869
7862	9219
6156	6230
1084	23601
701	5528
142	5981
1956	54206
6133	6156
2799	5834
10250	84950
3071	5829
8106	9410
1120	1375
1956	5829
51088	144699
6428	10946
6165	6188
10316	729230
991	51088
3360	7253
6218	6222
830	55604
6138	6165
51626	64792
6158	6189
23197	26043
10155	25799
6193	6228
4736	6141
10236	23020
932	222487
1969	2048
6155	6193
7316	64326
6556	196527
3240	4069
6635	23524
1069	9657
1908	1910
4049	115650
2194	6319
2064	6714
4735	23332
6157	6160
154214	221687
3683	5023
6137	6142
23322	121441
26155	65083
7311	9856
5880	84144
51429	152503
5430	9611
950	7316
65055	138883
10403	51203
5516	6249
3355	4543
6136	6188
4952	6233
399	84144
1906	2150
2317	54751
3853	196374
5451	55718
4735	79867
8698	63940
51122	54165
287	10121
3113	3115
9793	25909
335	462
8451	9730
147	2150
6168	9887
6146	6204
3915	4233
6147	6233
4905	10905
388	257106
5717	8453
514	521
6169	6171
22984	23195
1387	6601
10576	55970
389	9938
3836	3837
11190	54820
26123	79867
22954	23014
25831	57154
5589	23193
3178	3183
64792	150737
3267	10618
5929	8085
6138	6156
10900	284069
6130	6208
163	6453
156	2767
11169	84296
3838	22974
6209	7311
3091	7316
9919	149111
351	55970
6169	6222
10458	10787
65264	143279
5023	8514
5443	53831
2912	6751
2873	8607
983	5000
161	8650
3559	3560
9690	154881
6142	6158
1455	2810
3181	51593
4695	29796
3119	3123
6709	7430
6176	6223
988	9126
56923	339403
53905	90527
7476	7483
187	5473
3043	3045
2266	3481
8590	285093
80184	91147
6203	11224
6218	6232
6125	6204
53354	60490
1062	2491
9666	65264
2147	2153
6801	8428
26224	55208
3017	8334
3491	3569
6233	23014
9493	10112
1315	84516
3192	27316
1646	8644
51692	55746
5558	23595
6231	9887
7525	10298
26589	29093
3912	59277
2719	135152
28981	79659
7456	10458
2932	5529
6202	9045
90	657
6164	6194
2863	55970
4724	4725
6130	6164
2064	2065
6142	9349
1601	9341
8976	55971
335	5948
6232	140801
10802	51128
988	5983
351	63940
521	7381
1084	338339
988	55215
8816	51122
26249	55521
7409	10458
10574	22803
55127	79954
3837	9972
2197	6169
6158	6161
23063	23244
917	5296
3106	6890
80184	84962
54998	118487
6232	6235
60	10093
3339	6385
55863	91942
8560	196527
4588	26290
6122	6161
6158	25873
6155	6173
6152	6171
4701	126328
2695	10266
3855	144501
3101	64841
1956	3688
5286	9685
6737	79754
595	6776
11102	84946
988	9611
6122	6159
3855	3866
187	56670
5725	51692
1025	23168
23244	23332
6233	8976
1915	6130
472	5884
11128	55703
6133	6230
6158	6234
6135	6157
6233	54677
1911	6045
7272	10615
344892	390083
3688	23209
6142	6229
3761	3785
3185	5725
6146	6208
8356	126961
6138	6188
2353	2354
2641	113091
6152	6223
6206	7178
1173	9341
6428	10949
6155	6229
6164	6168
1287	3688
7388	29796
6144	6167
914	924
6125	6146
6993	10755
399	7409
6155	6201
6125	6136
6157	6168
1462	7425
4512	4536
317	835
1007	1013
55143	151648
8491	10746
6632	10907
4040	8322
5223	7167
6228	23521
3192	51729
10949	79869
727	10022
7178	10399
1116	10394
6136	6228
8886	84916
3312	29763
5286	8976
6185	84061
6428	7536
7110	79571
1453	6206
23047	151648
3687	441864
7027	7298
6429	10236
9320	25831
4008	57542
2896	10493
29127	55165
6144	6227
22974	121441
2207	6556
3882	8688
5660	63940
831	23209
2932	3611
6181	6208
1453	6209
6189	6235
4015	7093
6159	6234
6169	25873
6161	6227
5529	7525
6227	25873
945	2207
10577	56729
6129	9349
84676	140456
3122	4261
8453	65264
3184	3190
10236	10594
6249	10540
29093	65003
26091	151636
685	2069
4713	27089
891	5526
1347	84833
3833	56992
6222	140801
990	10592
6147	6161
6209	6234
9045	11224
6208	6218
4540	4726
685	1956
5566	57787
6173	6202
1933	6157
1933	6227
81	9564
4172	11073
3669	4939
1956	4145
4064	9450
108	6750
288	2348
6176	6206
1282	1292
133	2790
7469	9656
1728	3162
25909	55746
6206	23049
6135	6227
6135	6138
8976	25977
6218	6224
4710	27089
3685	3912
1314	9276
5879	9411
54821	55055
55872	83540
6161	140801
4173	81620
904	51755
6181	23049
1285	1286
11224	140801
5685	5688
6170	10952
8881	63891
6714	375790
6128	6175
54625	83666
5318	11187
1783	54908
10250	22794
7478	7479
6155	6169
9320	84085
8875	55350
6168	6170
6206	27340
156	351
6205	53918
890	9824
1536	84329
56949	57794
29933	55970
7316	83752
92815	128312
9371	9493
56923	259293
9133	10733
9870	57542
2935	23521
332	57551
81	3688
7507	10714
6139	6161
6207	51202
9002	55970
1269	8698
932	199675
9601	10130
4353	5657
1781	9657
6175	6233
2805	3242
57542	65264
2242	5361
6205	23521
6142	6224
6167	6170
6141	6158
6202	23521
4174	10036
3799	9493
6135	6224
1856	27130
521	4726
144699	154881
684	4939
23295	140460
3356	6915
79954	84128
1788	57332
10527	55705
5931	10664
11251	94235
2960	2967
7385	7388
4678	83879
11218	23511
10412	10607
6135	6232
2091	6217
988	53981
4707	4713
6194	6208
10460	64151
302	5834
11004	23332
2444	84766
8767	23118
1793	3071
2033	27327
932	10970
332	259266
1495	1969
6632	11157
3921	6144
3684	53831
204	4508
1524	6370
966	3683
8329	126961
9886	221472
6165	6235
4691	22984
3685	8560
4700	51079
6122	6207
3685	6461
388	389
22984	84172
6135	6142
3895	11167
400	23041
5347	9738
6152	6207
3611	6790
6431	8480
6383	10082
9181	29984
4254	7409
5610	23118
8945	26268
2305	5347
1347	4726
135228	266727
63915	84062
5701	11047
5586	5879
1601	7311
5868	23011
10376	203068
10489	197131
10960	51128
7272	24137
8925	197131
23076	57696
9318	54165
51023	122704
3123	54331
11193	22826
3105	3107
25831	64682
617	10469
3055	5788
513	374291
2617	3376
84163	389524
9700	57122
29088	51264
5347	51512
1994	7536
4509	4535
57082	113130
6232	54820
5708	29979
5869	8322
3725	4772
3017	8337
6147	6222
2597	5230
7415	10383
9320	154881
10484	81562
963	10970
10250	58517
8453	54165
3698	51156
6138	6159
1063	55746
5688	11047
9416	51729
4313	4323
2817	375790
2967	9014
857	284119
6233	9101
3912	4233
54881	65083
1634	4314
2932	5714
1431	2747
864	10413
1161	51426
4116	6161
3350	4988
996	5707
3897	57698
55168	64928
7381	440567
2548	6556
84648	353145
5023	5795
3437	10964
4116	6227
3301	10963
983	7514
10376	84617
2784	2847
9978	81559
1605	5829
10484	79090
55720	79954
5339	6189
2197	6230
4670	23435
2557	2560
8612	166929
9320	144699
112	3579
6502	200845
7919	27316
9318	11275
3054	8314
3113	3119
4736	6158
720	721
1103	162466
65264	89910
5094	10285
9969	23389
7994	10499
6170	6175
3912	51280
726	831
3157	6307
53917	64284
1174	55330
6156	6173
10426	440145
991	64750
29984	64333
55168	56945
1601	8027
9055	29127
3190	10236
9604	9867
6207	6208
1407	8864
6233	55366
6133	6227
6160	6222
9076	100506658
6138	6222
6700	26239
3767	6833
10382	91147
6161	6207
6141	6234
5436	6631
6158	6175
9742	57560
388962	654483
991	29127
3565	3567
89910	143279
1536	3163
6925	6938
6188	6228
3491	84141
6709	51014
5868	10096
3837	7175
4694	4713
23122	23279
6170	6227
3921	6128
57082	151648
6201	6218
6233	221937
4809	5435
5430	6601
1910	84432
6122	6169
2266	5345
10890	57403
1981	2197
3119	3127
26005	121441
930	5336
23332	121441
2197	7311
2033	10735
3685	3688
2197	6203
5725	10432
8655	23218
7311	83987
8886	27340
1660	5094
11004	113130
57413	59340
23327	79176
1495	5795
2064	6233
23112	27327
5599	9043
2091	6188
8969	121504
2960	4763
8658	80351
2197	6164
8945	65264
9844	10458
4712	91942
6169	9349
6144	11224
9611	9967
4735	80184
2784	594857
4798	79913
4116	6235
1315	81930
7311	151636
5879	100423062
3340	375790
6157	6224
3187	7536
3320	10458
2189	80010
9742	55112
5717	126374
23223	26155
1084	1088
9377	54539
11345	81631
8514	22918
5609	5879
6139	25873
23059	28981
3909	375790
55143	348995
4710	29796
7311	55669
2932	5526
10236	27316
6169	140801
1933	6128
1345	4695
64781	340485
6201	6233
7328	51444
26523	192669
23279	23511
3913	3915
6152	140801
1601	5878
3109	3127
23112	192669
5529	151246
6143	6223
6136	6203
5747	7456
6156	140801
2811	2815
4701	51079
7042	10490
5435	11325
6125	6158
7416	10165
6138	6161
1783	11015
226	2023
4999	84515
1292	10491
27340	56902
1778	2801
10574	10575
988	60682
8945	25831
1476	10394
1129	4852
8337	121504
6429	6434
841	1281
2832	117579
6152	6189
4076	55226
6164	11224
6205	55272
3074	10577
6155	6176
80321	91147
3675	3909
6428	220988
3688	5788
196883	285601
8663	728689
9114	127124
6165	6203
6708	6710
51692	220988
640	29760
10254	10618
6194	6204
23332	57122
1981	6210
6461	10458
1445	26191
2792	594857
5746	59350
6133	6157
6130	6191
282991	388552
1813	5443
152	11255
6208	9045
1398	10458
4242	4853
6122	6193
6208	25873
4171	4173
5547	25798
3797	28981
2268	9564
6159	6188
324	5519
3040	3048
83551	319100
22995	146057
55127	84172
6234	23521
8189	51639
6124	6189
54555	55760
26091	65264
516	26521
2692	2838
9493	64837
999	4072
1650	6122
28972	90701
4041	6422
8907	23396
53339	197131
9533	112495
11017	85313
79600	121441
5660	84061
1991	6709
5286	7311
2197	6173
55143	113130
3688	7045
6188	6235
1453	6222
2043	2050
6280	6283
6863	84432
6133	6203
4706	4725
29927	100526842
56923	259292
6235	27340
983	79172
7054	57016
991	9055
1237	27199
6157	9045
3134	6890
3683	7409
8945	143279
5528	5702
3845	4763
1660	4670
23601	160364
950	22905
8334	8970
5725	10492
5528	151648
383	10394
5869	25977
55720	64318
6205	25873
6147	6201
8886	64318
9716	10250
7272	64151
796	797
6129	6170
3376	6301
3112	114876
3107	3659
10499	23389
9493	10540
388	23370
6167	6201
919	3559
4709	25915
846	51289
6152	6206
3659	5371
23014	115290
5683	139285
6599	57492
5339	6234
89910	144699
9354	83737
6133	9349
383	56729
50616	116379
2033	9968
6135	6155
5438	10302
1942	2041
4584	140453
5868	7879
9585	10749
5199	6709
6133	25873
9277	84946
3184	10181
6637	51503
10250	11338
1981	6230
51143	113130
226	2539
5954	10970
154	11250
51602	55759
1069	10426
10970	11322
8175	56949
1994	10492
55166	79682
6209	9349
4763	7311
6160	6206
705	9277
163	10618
9320	9690
8886	9221
6129	9045
5708	5970
4713	126328
2197	6156
5438	51755
22794	81608
6434	57794
5879	94134
3433	23586
92104	150737
680	6869
5315	7167
6193	23521
7178	25873
640	5079
1650	6184
4599	8638
1329	55967
27042	55127
4033	4257
6139	6218
302	6281
9045	23521
1500	1969
522	9556
9648	22796
3437	4940
6181	7311
9341	22836
6727	10952
3915	51280
6181	6229
3001	5551
25885	55703
8802	8803
672	84464
10403	56992
5351	8985
6203	7178
2814	51206
6203	6223
26043	51122
2178	6118
8349	85236
10403	64151
3886	121391
6205	9801
2767	5330
966	3903
6161	6235
6201	6232
118430	727897
7328	57154
57154	154881
3837	7514
2305	55165
830	6709
6147	7178
3685	3695
999	3691
1536	51382
6147	6224
4519	4537
399	85360
6209	6218
26	10562
8085	8945
25885	55127
6130	23521
4707	4717
3071	6461
23275	23509
5985	8914
9133	10615
5519	79172
6169	6194
1398	1956
6169	6175
1778	10577
399	6453
1832	11187
6429	10250
60560	80155
5862	5870
6556	170482
6133	6158
126328	374291
378	22818
1908	23620
7514	25909
6132	140801
23	988
57678	253558
6125	6201
29945	90025
5528	23279
4927	50628
23014	55832
8347	8969
10155	201514
50865	63940
3111	3122
680	4829
6210	27340
6205	9045
4708	55967
5861	51014
7456	10787
102	2358
6176	6233
5265	7040
637	4170
6202	51187
5347	9918
1969	5879
6227	7311
7409	10787
10885	23404
1058	57405
57405	151648
567	3140
5829	7525
552	2847
140881	245911
26046	26268
9493	11113
1063	54821
8807	8809
6936	51645
6209	9045
203068	440145
1576	2327
10890	11021
983	121441
11190	55142
1289	5118
7337	54778
8568	51096
11218	25929
9126	57551
6461	9844
8329	653604
904	25896
6138	6176
7341	129401
26519	56993
6137	6235
3921	6233
6188	6207
9967	84498
7316	11001
25827	126433
54821	57551
22954	57630
57129	63875
6155	6165
7454	7456
10959	222068
7316	54677
6222	6229
7514	54821
2537	3434
6217	6232
378	11014
3481	5005
84135	134430
3811	3821
102	1499
6128	6154
8969	126961
521	4713
2521	10236
2521	3183
2222	4047
8697	65264
4712	51079
4171	4998
974	1445
4343	27327
3911	5747
1605	3912
6711	11014
4125	6036
3713	23581
8570	11052
1314	10959
26005	80184
9245	10071
5707	51330
10652	51014
4736	25873
5861	10749
3109	3111
57154	151636
10749	81930
2784	2792
56949	91603
79583	80184
6130	6138
6288	6863
9330	53981
5518	6232
378	9276
643	1268
4853	23509
8021	10482
1981	6154
4116	6636
196527	326624
2178	7398
6159	6207
5507	6233
1956	4837
23095	64837
23020	27316
996	57542
2804	10945
11190	57545
4709	4712
3184	4670
6137	6181
6125	6133
6229	6230
5036	10576
393	399
6142	23521
632	3381
6202	6224
6135	51187
51602	84549
1457	23411
1915	6122
3683	5788
4734	65264
5093	51692
3685	7525
23218	196527
3190	220988
1555	1559
23332	25909
5741	8074
6147	6223
22918	53831
55165	259266
988	51362
3157	4047
2792	391195
4713	10975
6125	6206
2207	100049587
3361	9290
1387	25942
8655	55839
1668	1669
64946	147841
116	5739
3190	9716
6173	6194
1956	5578
10592	23310
10236	11100
1000	56975
6169	6206
9662	79441
1022	56949
1778	84902
22954	57542
6129	6234
3416	7321
10919	53615
5928	9070
8351	126961
3913	11098
1462	54480
996	8945
6139	6143
11130	79902
672	51755
1315	3799
6202	25873
6176	9349
1937	6133
2967	9015
7311	27327
4695	51079
9652	23517
991	6232
6168	6210
3301	3303
11017	22826
2204	160364
6135	6175
1208	5406
3620	169355
50838	51289
2071	2967
6170	6218
6152	6157
1453	55127
1058	9133
8453	23291
3838	4343
5430	27316
705	84154
672	7153
6169	6224
7337	9320
1462	3490
11127	64837
60488	116540
4067	6776
153	6344
1832	2125
387	7094
2065	3691
183	51289
23376	26235
3434	5610
5501	25936
5861	51715
928	113177
6125	6129
950	25977
26146	79659
1595	51478
7038	7173
1783	6709
1233	6370
51099	79948
51429	115548
5082	10574
51575	79954
3355	4889
10523	11338
6157	6207
4713	4728
4736	6128
51692	80335
3672	6709
10153	79954
2177	11073
3691	4233
2255	26281
7184	10970
3921	6208
2197	6158
9870	26091
6628	220988
6233	9341
3183	220988
2033	23067
2359	11251
1000	7184
6189	6202
2131	375790
6204	6230
8085	26523
6156	7178
9341	10652
4670	27316
5501	57122
6688	7805
2047	285220
1778	57545
9833	259266
64151	157570
4867	8655
155	796
8666	25873
8548	64746
6138	6227
9793	10733
10803	50865
2521	51692
6164	6217
148	886
3183	6428
2865	84432
6194	9349
23291	79176
1340	1351
6170	6229
991	5707
6626	220988
6189	23049
3013	8365
6678	7424
5707	126374
350	462
84617	84790
10735	23279
6133	6136
6202	6222
6157	6205
55166	57405
2788	5368
23304	84085
7175	23511
5869	6233
6790	11065
409	950
6439	653509
324	1857
7536	9716
891	5515
890	9833
5338	9744
7403	9757
51593	64859
6453	54874
10097	10487
3685	8514
1933	6130
6204	9045
25885	84172
7057	9508
399	9938
117177	121441
1956	2064
1937	6189
6124	6142
6173	6189
1277	4060
2635	3659
2358	23601
6202	6217
259	3698
1915	6161
51121	79048
26173	79034
6453	9322
6208	6209
1314	8729
3191	5725
1630	137970
5584	56288
2935	25873
6156	6168
344892	390063
1969	9564
9439	23097
4538	4540
1981	6228
6133	6160
831	5829
6233	8322
2071	55677
121504	653604
6135	9349
4670	5725
3683	3693
1589	3290
6133	6217
9320	57154
6205	6222
10959	25839
400	25839
3797	10749
9793	23279
3560	8651
6241	51203
1434	3837
8356	653604
6189	6222
3191	23435
1230	29899
389	7409
5781	259230
6156	6233
7533	10971
4254	5777
4172	8888
3267	10254
1303	5033
3240	5199
10403	57405
6130	6176
6232	9349
57082	348995
6205	6206
3437	8638
55249	55870
10274	113130
6231	9349
6950	10574
963	6518
2247	3685
4707	4712
23304	56658
6181	6204
3688	7430
6218	23049
9320	197131
6176	6181
6157	6164
6137	79707
8329	8363
932	3903
11339	79682
996	51088
6144	9349
2204	199675
8969	653604
3091	84962
3918	375790
6210	6222
9329	10621
2549	3055
5861	5869
6189	6207
351	1241
1315	9276
6130	6133
5439	6923
5869	57403
2155	2159
712	714
3434	9636
1495	5770
6128	9045
1292	1295
6203	6232
2917	9934
2197	6144
4736	6144
2243	9715
4057	56729
2150	5021
6136	6229
2847	594857
3313	9093
6165	6232
10272	91851
701	9824
10914	79869
10528	55226
6129	6165
972	3123
3190	23435
163	274
9752	56141
8341	8969
1241	29933
10540	11190
4736	6227
3903	11314
6205	6229
6908	54815
6147	6218
2769	5330
51079	126328
6143	6168
983	10733
6122	6144
3937	5788
9879	55660
6138	6175
1956	7311
3921	6161
4173	6118
3107	5696
55958	401036
6160	9732
7124	51330
6157	6173
332	1058
3191	27316
1453	6193
6135	6169
988	4173
9459	29984
3832	10733
4514	4539
4905	9527
1933	6188
3909	9459
56923	259287
51069	54948
6233	285231
1129	3355
10592	51203
3190	11052
2791	5578
6143	6209
11051	85313
131873	256076
4707	4710
1937	6135
4332	4353
1902	9002
5717	51330
3187	7919
3797	24137
1783	81930
197	3827
5594	5781
2806	125061
1605	3688
5426	8914
3695	8516
3685	6850
3065	4221
8924	10489
54908	151246
5864	401409
6775	9049
6173	6224
6202	6223
3836	3838
3685	3903
6133	140801
8661	8672
54939	55294
5438	6635
6205	6207
2197	23049
6139	6144
3054	9739
728	5697
8638	9636
9655	50813
4948	7299
80184	121441
8697	23291
2033	4089
6147	51187
5430	9282
6124	6133
3071	3320
1812	10268
54517	142940
6165	6218
6154	6209
335	2243
6204	11224
6233	27340
3837	3839
6155	6175
2072	51426
6137	6223
5566	23332
6157	6206
6133	6143
2965	6749
2185	375790
1783	29127
8514	79895
6205	27340
11190	203068
5747	7204
3685	3693
6129	6133
23517	134430
6194	6217
8175	84811
6133	6194
6182	65008
5822	10885
6142	25873
3329	9804
2153	2159
6128	6235
6142	8666
259287	259292
10540	22930
3301	10808
23224	23353
6430	7536
813	3569
26190	56929
10592	64151
11014	50807
2079	6637
6167	6175
6125	6235
1241	2767
2165	2244
6133	6229
991	4734
64750	115290
4999	5558
8086	84271
6206	6209
2318	3688
521	7388
388	7409
2535	64750
6625	27316
10153	51602
10236	11193
6147	6191
6222	23521
1314	9527
3433	4938
9700	146909
9069	9076
6146	6235
6160	6218
336	51156
6223	9045
867	8301
1915	7178
29127	55872
23327	29082
6194	23521
10121	26123
6176	6201
6228	25873
1933	6218
10592	259266
6156	25873
1956	7039
7311	11224
1105	23168
996	23291
51023	90480
1008	1013
6232	6234
3827	51156
3192	5094
7852	9564
6159	11224
160364	338339
2059	10458
6147	6152
4736	6223
4670	11052
6159	6189
1477	24148
6637	11157
5903	23332
1445	2213
6159	6193
6128	6135
6204	6218
4008	55236
8976	115548
6155	6230
6890	6892
3267	5869
10403	220134
4116	6633
6233	51132
4591	11059
4738	5688
6233	126961
6208	6222
4670	9128
3106	5696
5985	83932
6164	6207
2033	25885
6122	9045
1173	8301
3174	6927
394	11015
4513	4514
6194	6206
6155	6189
4697	4708
55703	84172
988	79595
5697	6750
6227	27340
5713	5715
8945	90293
22803	27340
6142	6202
9833	10112
8351	653604
2918	10563
4734	23291
2125	11187
6152	6201
26091	64750
11014	23046
6181	6206
23327	89910
4540	374291
779	10369
6428	6434
1043	7512
6130	6135
23279	51362
57630	83737
6159	6208
7311	90293
8740	10673
6548	11261
7756	64149
399	445328
5865	23011
10857	196527
23620	84432
6168	6233
4008	154881
5424	5426
6152	6161
9221	84172
8828	10512
163	1601
79869	84950
3312	6804
23774	57459
705	84549
1453	8945
6688	7305
6173	6208
6229	25873
6338	6340
79738	166379
4125	6037
55702	56949
1717	50814
5879	7454
3619	10274
7039	10652
6154	6176
6189	6194
338	2153
4701	374291
26239	353132
6165	6181
8301	10618
100	4907
1398	85440
516	10632
5879	64333
399	5879
9793	23244
351	7184
84231	90678
6142	6143
6173	6232
4540	126328
1453	126003
10592	157570
7164	152503
3200	5438
9724	27042
22974	24137
4512	4514
10857	10970
3832	29127
6170	6189
6626	10523
2348	11316
846	339403
6427	220988
3084	5584
5711	6233
6141	6159
1435	84141
2207	3689
6235	9045
6156	6202
5829	23209
6249	151246
1915	6139
3832	3833
9793	84902
7153	57122
6122	6205
8688	121391
11015	51014
945	3685
9277	51010
6222	6228
8453	9320
10970	222487
2491	5519
1129	5173
4666	6137
2197	9349
58508	84661
1956	8976
3170	3651
8329	8365
4116	6206
4724	27089
8723	51143
5546	10262
7335	55905
3359	9177
9410	10181
920	8976
3055	6503
6144	11340
5879	50807
1915	6228
8334	440689
25879	84294
6202	6230
8082	8910
940	5879
274	8853
3214	3215
9320	10193
1665	11338
7536	84950
6218	6223
2266	51156
6224	6234
6141	25873
6752	10563
1669	1991
23332	79172
6156	9045
4695	27089
6209	11224
570	10005
10403	57082
5528	9793
6229	65008
2064	3320
5528	348995
1902	2767
3609	4670
3091	5594
1758	8404
51650	64983
727	50838
2801	11014
6430	57794
1783	84342
5432	79923
1994	3190
6189	6209
1981	6223
1500	1956
4738	5693
1290	1303
6124	51187
51118	80135
140460	197131
1783	6711
5034	5479
4116	6201
5332	84109
7311	25873
55125	55755
6233	90293
23582	25949
778	783
4088	7048
6132	6176
5557	23595
1487	5928
6136	6169
6233	6498
988	10640
6167	6234
1124	5879
8365	8969
10574	10693
1062	5526
5347	9055
3561	3635
1062	9793
2197	6142
4161	7432
6169	6207
2247	5781
2122	8535
1462	3491
1509	124583
6500	7314
10484	90411
1062	51143
4714	54539
3189	9987
624	339403
10155	388569
2683	54918
2353	4773
4519	4538
6790	11190
6133	6146
6165	6168
6129	6204
6176	6222
1669	3240
1434	3838
705	8602
6169	6203
121504	440689
4700	4717
672	7516
1969	7525
4512	4537
109	2358
29126	80380
6202	6209
7204	29933
1605	375790
5048	81565
23047	55143
8976	10458
3978	4174
55166	387103
6201	140801
2919	2920
2197	6189
5426	8317
9055	11113
6181	6230
1365	24146
6210	25873
84085	84261
4689	653361
6194	6201
344892	390067
6170	6228
6625	10236
3107	3133
8907	10053
6233	25831
6233	26043
7139	7431
6429	8175
164	10618
6161	6223
6122	6234
7454	10787
6155	6159
11222	56945
3856	3880
8934	51209
1398	6714
5869	10254
1656	27161
3354	51764
9968	10499
6202	55272
6144	6233
4069	8635
8334	8337
26046	197131
6374	27198
112	1880
6036	8635
9371	11127
1173	5962
2968	57804
2535	2790
963	326624
9787	55872
8477	9002
3190	10594
3675	3918
26263	92912
6135	6144
6144	6189
10561	55601
2033	10847
8349	126961
1829	11187
28514	54567
3187	55696
4694	4695
6130	6165
84154	84549
6827	10302
22984	55127
10869	63891
988	55183
112	5660
4751	259266
6138	6141
9700	348995
719	8514
3339	3912
6132	6171
2107	5515
1781	10383
56995	84085
6117	10635
122042	196883
10663	51289
10396	25798
2740	5746
5688	8312
25945	56288
6138	6230
4735	151011
6426	6432
5704	5714
7311	10818
627	5781
3663	23321
5094	9416
55749	79869
6637	55505
163	51429
1387	8648
5528	55143
5438	5440
6461	9564
9493	55165
9320	64682
6170	6222
6203	23521
5981	10051
8468	91646
25885	27340
156	301
6432	6632
971	973
420	58530
3912	5879
8568	22984
7454	10458
4116	6204
2322	6688
6169	6202
4700	54539
22948	63971
4148	6696
10491	85301
4724	7381
3915	5879
4544	5443
6133	6175
6204	55272
6136	6181
3688	3695
2790	2837
6122	6164
1856	5869
1063	7514
6201	6231
1063	81930
7158	7311
988	1654
3984	54434
6923	23198
4519	4539
4172	10714
187	5196
148	2922
1058	9212
134	5660
400	55275
6279	6283
3115	3123
9382	10905
23059	26146
10921	55746
111	10268
3619	151648
5725	23435
3172	6927
521	29796
9793	51143
83597	135924
8175	10181
1287	3673
7979	139285
1268	9294
6133	6154
51109	54884
7409	9844
10403	10592
4537	4538
389	394
7311	55008
811	5034
3688	5829
9117	90411
3619	57082
1660	3184
5436	5438
8085	9739
904	905
988	5591
623	56923
50835	56923
6165	9349
1639	22930
9688	57122
3109	3113
197	338
112	57413
9371	23095
9045	9349
6152	6229
8337	8970
5861	10484
1639	22919
8841	79685
8192	9361
4712	29796
212	2038
23562	53842
9564	10787
332	81930
87	7791
3491	11098
5594	84823
6189	6233
51264	64928
2209	2268
6189	6230
51289	339403
6201	9045
27334	55970
5985	83695
983	5519
3008	3024
23301	30846
26224	84085
1778	22930
3216	3217
108	7252
331	6233
9604	83737
1303	10491
3685	5023
2247	10818
7314	64320
3013	8363
6138	6193
6181	6201
1603	58505
7320	9604
6147	6228
6227	6233
6147	6156
25909	79172
23533	55970
9793	26005
6160	25873
3113	3127
3301	3304
9875	55127
5048	5529
3362	53831
6142	6147
6237	7525
3320	84131
4712	4726
1453	6234
5290	5781
3433	4940
4074	10618
8301	9322
6167	6727
811	10130
10885	55127
54960	129401
2695	5741
3837	348995
627	2247
2801	6709
88	4626
1576	2326
5829	6461
6229	6233
6181	6207
3320	10598
813	2519
6224	6230
1555	1576
5684	5695
2837	84539
22974	23332
26043	54165
963	3903
65003	118487
3320	85378
2788	2790
6159	6209
1347	4713
1604	54732
10540	57545
6152	6202
6233	26523
7311	65264
11325	51690
2832	3827
1062	23332
3491	10272
6154	6193
6233	54363
3351	346562
28998	118487
3115	3119
6201	6209
6143	6161
4528	28973
2959	6883
3980	6119
4542	4646
9787	29127
89910	154881
5526	7316
332	991
3185	4670
79228	84324
47	1431
1500	7409
9039	136371
7337	10489
5795	6518
6202	7311
25804	27258
6137	6158
5684	5688
1906	6375
4867	9657
2048	7525
811	7184
9793	23047
5571	60673
10403	79682
3921	6133
3912	3913
6152	6235
6170	6201
10575	22948
1793	9844
566	4332
55175	56995
388	64333
9892	10092
6144	6235
8976	22905
11014	11015
857	3688
302	10577
8334	8969
6194	6224
64410	142689
7057	170692
1956	3918
9883	51692
1781	11190
699	83540
3886	286887
6175	6203
5903	9631
89910	221687
5707	10383
6625	51593
6146	6233
890	84515
7311	92421
57122	57551
6156	6201
83540	220134
3690	5908
54996	64757
1500	4646
5330	8477
3607	7528
25937	51421
6185	29927
55703	55720
2243	3698
991	83461
6143	6157
813	1462
55850	113220
1453	3921
10155	90233
6135	6230
90550	91689
909	915
10096	10152
2788	5294
7531	81565
5715	7979
1933	6181
1500	1942
81	5868
5739	5746
6229	6235
55759	84128
5347	29127
2491	7514
1944	1945
1774	5199
6230	6232
9727	55770
6135	6168
2841	63940
259290	259292
3921	6204
6159	10399
4841	6421
8301	10096
8945	285231
5516	5529
2045	285220
6159	9045
5880	94134
6130	6139
23511	55746
51096	84128
4734	89910
8329	333932
1511	4069
1933	6228
6143	6232
9276	51014
3579	5515
4514	4536
4713	51079
6188	6227
1665	55127
4670	11338
6772	6775
8394	23533
6201	6204
1991	4069
3181	10432
1062	23279
3635	5294
56919	57647
688	5468
4641	23607
6139	6181
4696	29796
1962	23600
5869	8301
6160	6165
2932	5718
4303	5901
8175	10523
27252	55585
4710	4718
25978	51652
51676	115290
7311	64750
1233	94235
5594	7533
1994	9716
7311	285231
2767	29933
1810	26009
55008	151636
27258	83443
10949	27316
5868	5870
51203	64151
23168	56254
3921	6135
6129	6164
9055	10592
3912	3918
4707	4724
705	83732
2197	6129
7311	55914
6205	8562
3619	8243
4297	51230
6233	6235
23283	55749
974	29760
6667	26512
3091	55662
3355	5179
988	5725
6143	6194
3054	23067
5828	5830
6130	6223
6124	6141
9276	22820
6160	11224
2209	6688
1356	54757
9320	89910
344892	390081
4736	6155
1453	653784
6128	6155
6146	9349
6144	25873
3550	24148
51134	80184
5861	11014
8337	333932
6632	51690
9133	55355
1281	4060
146	148
6635	11157
6233	84231
4582	10164
64105	151246
5473	11251
2521	5725
4709	9551
4141	8565
9700	23332
51203	56992
11064	27077
377	10121
338	2262
23279	57551
8337	126961
8914	9126
2768	5879
959	10673
8243	51143
8976	10787
2784	5741
10466	143187
5921	9462
9439	9967
1495	4301
3852	3868
3685	5829
6234	8666
1816	104909134
6146	6727
1292	5033
6142	6170
6863	23620
6167	7311
55720	57647
6201	6206
5111	7298
1660	23020
8969	85236
6164	23049
5985	10635
10051	10592
9604	23291
7514	9793
2359	94235
9459	64098
51	7311
55066	57546
102	1495
10376	150465
9655	55832
7311	23586
7316	7328
6132	6161
6159	6205
6124	6175
6169	6173
4148	7425
6164	6235
915	29126
1874	10014
2197	6132
5422	9126
2197	6170
1756	284217
186	2913
1291	5033
6667	23248
6129	6233
715	716
657	9765
2033	81857
5529	57551
9276	64837
10084	57794
9341	23149
3304	3320
966	5023
9879	51362
9690	84231
6144	23521
4904	84950
6160	7311
26173	51593
3688	83660
6130	6136
6168	23521
55143	57082
6208	7311
3914	5829
3897	3912
6426	10772
1048	8434
5440	10302
3672	9564
4298	9646
2935	6234
988	64682
197	2153
57191	400720
6432	10189
6233	90678
8337	8349
1129	5179
6128	6194
4717	4718
6175	6194
932	57153
6426	7536
4519	4540
6133	6164
392188	645402
5701	51330
6156	6235
3579	55970
9972	51692
9700	113130
6793	10857
6207	6227
9883	23511
1281	1290
6141	6194
9648	10466
3643	9021
2205	5335
11004	22974
4536	4538
2491	54821
53831	441864
10053	152503
6202	11224
6158	6173
6223	8562
6850	23533
23586	29761
1395	79924
1080	2147
5768	11167
3921	6139
6233	151636
6232	81930
6207	6209
3921	6181
8178	11267
3071	7454
4695	4726
6138	6169
6125	6142
6222	6235
641	2178
920	29988
25839	55275
9716	27316
274	51411
6136	6232
1650	3920
6138	6232
7272	10733
7082	55243
3222	3223
248	152330
6491	284403
156	7852
3713	6705
3437	4599
4809	51065
991	151246
22984	26155
2243	3481
9283	51764
1347	1350
2491	6232
10857	326624
389	57522
9341	10552
4736	6189
988	5903
695	2206
6130	6157
8085	9757
3921	6142
3675	3694
6141	6142
1048	171169
6944	81611
6202	6203
7514	23244
5879	375790
3655	3912
7311	11059
57545	91147
2121	2736
6129	6230
6154	6201
6152	6232
7520	79840
1129	2912
5430	81556
8720	51360
8189	10523
213	5265
1026	1029
1062	6790
9551	29796
3017	85236
23533	55361
6637	51690
186	3350
6122	6176
3832	9700
1315	23303
3949	10552
5578	5588
6139	6147
3880	144501
1937	6130
6139	23521
156	8477
26259	55819
6146	100529239
8349	317772
7409	653361
60	57591
29127	54443
27072	65082
6169	6228
5657	23197
8843	27198
1495	1500
689	6160
90293	140458
6233	57674
7328	89910
259	2244
6165	6201
11251	56670
2207	7305
1490	25937
6233	8450
6201	9349
3889	3892
2773	5594
1499	6714
3240	56729
5829	10787
6176	6224
2266	3026
2790	7852
6667	8648
2916	346562
6281	79026
3543	7441
6132	6136
6129	6167
3111	3127
6189	6224
2168	3158
9341	54874
5829	7430
3350	84539
11100	23524
6168	25873
4088	5594
10274	220134
9382	9570
7311	9020
5558	10926
116	2740
6387	57007
966	326624
332	7514
9666	23014
6144	6202
2932	5708
891	55165
6169	6231
7434	122876
6189	51187
6165	6207
7311	10952
2033	8243
988	9793
197	2243
5684	8658
301	2790
6202	23049
3491	54972
6160	6223
10749	24137
1495	128239
5795	10857
6135	6206
6176	6203
991	9491
701	64151
2071	10920
6168	6188
6363	10563
6161	6209
3683	3685
5578	6868
5700	10213
117	7434
1453	57787
7003	10413
2817	4035
5693	10213
5439	51755
3181	10236
972	3115
1660	10236
3062	64106
3797	9493
24137	259266
6156	6161
6122	6232
8365	333932
334	3915
6203	6234
6709	6714
6134	6728
4288	6241
9126	23122
8661	728689
5592	8654
6161	6205
57153	199675
23327	115290
5529	5718
5694	7314
389	117289
945	2548
8467	79595
6193	6234
6235	27042
4172	5426
996	65264
3918	4233
1942	1945
4999	23595
636	5048
3903	79895
6229	11103
7289	23432
53339	57531
6235	55127
8337	8365
6124	23521
5928	9112
9183	113130
3122	3662
351	824
3688	3915
9557	57804
558	7409
26524	126374
6453	22905
5777	80184
5528	57405
6160	6189
3953	6774
3434	55008
5869	22905
991	22974
2237	10535
332	1062
640	973
5970	57506
6201	6229
4738	6923
11073	84126
6223	7311
1329	4712
2359	5473
8351	121504
4686	25920
10574	22948
566	1991
7314	10920
5725	10949
6161	6169
6194	53918
6631	6632
6130	6229
4535	4539
6138	6205
345	2262
7204	55970
8970	85236
1933	6137
6157	6165
4116	5435
6158	6167
990	84515
5861	10890
5699	64344
6173	140801
4537	4539
8349	440689
8313	10297
8638	91543
521	27089
6635	27258
983	51053
22974	64151
6141	6170
10432	23435
5347	5905
8976	10552
11103	84916
2071	5433
3017	8341
6432	6434
988	51645
988	9967
6144	6173
3054	25942
11339	54069
57539	79659
1191	10916
9968	23186
3837	10575
1933	6176
28981	57560
6130	6189
1650	6836
5433	8085
3115	4261
6159	6235
5528	79172
3190	10949
932	51382
7178	7311
84141	91851
6168	6228
6202	55176
3304	9531
56902	84916
55014	126003
3190	10657
1345	7381
6518	10857
3673	3691
7153	259266
1349	10975
1173	2535
6233	10401
5426	9126
9055	10112
830	5048
4316	6696
1488	6934
8453	55832
6230	55272
3855	3880
3312	10576
2976	11128
3308	55706
2071	9014
2197	6210
6224	6727
695	5335
7846	150465
871	1287
3921	25873
9757	23067
6204	6207
10274	57082
6201	7311
9320	80204
3619	10403
6160	7178
6155	6234
9282	9967
23423	54732
126638	147409
1907	84109
677	56915
2125	5493
2305	22974
57545	79867
6373	10563
6160	6201
1937	6125
6230	6234
3659	7015
1121	51715
26289	27109
886	887
3191	55749
8337	440689
6194	6223
2837	3358
4538	91942
2079	6432
6146	6234
5294	55970
6272	11319
567	3106
1813	4283
6134	6228
6233	23168
4976	55669
3672	3912
90293	221687
6233	56254
6129	6152
9742	23059
6169	6223
6885	23118
963	10857
6136	6170
51143	151648
7175	57122
80321	121441
6129	6138
6161	7178
2243	2244
5699	8697
2185	7525
3716	5781
3313	23511
6130	9349
6233	10818
2197	6138
4332	8635
4172	4678
23291	54165
6232	7458
5880	9743
7846	57545
846	259287
6130	6181
9700	151648
1299	50509
3122	3127
7164	10053
3017	8970
6167	6206
1327	1329
1303	10536
6135	6223
23526	51816
4736	6222
3181	3190
6229	11224
3836	10971
7316	9929
9700	64682
5443	6370
3267	9341
871	1290
23279	55746
3309	7184
5578	8038
5715	7314
916	940
6133	6189
338	2266
3054	3607
10232	154064
6146	6194
208	51230
6133	11224
3122	7535
3882	286887
79172	113130
1994	55339
8243	23047
5930	23295
60	5879
9820	26268
9320	151636
2847	6752
10499	55588
336	2153
5869	11021
9700	10615
5948	5950
6202	6204
8826	128239
7311	79577
22888	51343
22930	84516
6168	6189
10084	27238
2968	9656
6165	6189
2635	5371
1908	2865
5438	22976
3832	9833
8689	286887
10857	84329
6142	6232
6171	6234
5515	10776
6189	9732
6229	23049
2965	8731
6167	6218
3688	375790
8775	10618
6136	6233
7094	22906
54850	63891
5829	7534
6146	6147
1350	7381
2206	3702
5361	7305
1063	57551
6139	6167
1956	2247
6164	6175
1660	5725
6205	51202
6142	6205
6235	7178
3190	55749
23279	81930
4736	6201
2803	7110
4353	56729
6707	126638
152	2916
55737	58533
2255	143282
9611	23118
4725	27089
4938	10964
6161	6204
4853	27327
4175	6118
1453	6218
375	1314
6137	6169
84131	203068
7846	10376
4116	6222
6138	6229
10980	26263
6049	8881
6147	6231
6175	6207
2957	6619
1659	51503
22954	55236
2222	6721
2197	4736
6133	6167
1933	6189
9371	10749
5879	23526
3339	7045
2521	6626
5529	54821
7994	9219
27339	79869
1232	8843
3937	11184
6228	8662
11157	51690
10693	22803
3673	3688
6136	6207
130	10720
115290	143279
3109	3122
388	393
1938	6142
51289	259292
3797	57539
6156	23049
9276	10802
4710	4724
120796	344892
6173	11224
6160	6224
3913	5954
8329	121504
5528	10403
2691	59350
6141	6175
6233	9349
9782	23435
6160	6168
5516	5903
6208	22803
833	4141
6141	6203
8453	115290
1453	6189
4717	29796
9348	10082
9126	23063
1062	5528
6228	9349
51143	57405
11127	23095
8453	8945
3213	8338
6210	6233
4513	4536
1933	6175
25915	126328
6233	55666
5869	51715
6908	8812
9329	84265
51650	64951
2621	83706
5868	9341
5001	10926
5439	9978
6647	11315
6430	7919
6128	6144
5694	5695
6141	6161
6136	6138
3797	79989
10155	284309
5439	10980
1938	6122
3191	51692
26539	344892
1933	6230
24137	55614
6636	6637
5725	8672
1933	6152
4512	4519
988	6601
440	2058
6124	6204
6128	6157
226	6678
51071	126133
6141	6193
335	4547
27237	171177
5879	8976
1956	3691
1824	1825
57413	58191
2792	65055
10489	22888
990	5717
51382	338339
10155	80110
10274	79172
11275	283807
6132	6218
6633	51690
3852	3853
22919	54821
2153	3827
6139	6235
5695	5701
3320	6461
3678	5329
6203	27340
6748	90701
6169	6209
9655	84085
6158	6203
164	2799
6232	7514
6135	6181
595	4609
1457	9918
6156	6227
6160	6176
2033	25942
9491	200734
6204	6208
3191	23283
3191	10713
6916	80142
5516	54908
6129	6139
1495	5868
3655	5339
3184	3192
701	10403
2521	10921
2790	5294
6428	7919
383	3240
5529	22919
4854	5087
904	5431
6128	6159
4724	4728
3689	7305
2197	6208
1778	6232
6146	25873
90480	116540
6130	25873
8805	27044
4736	6176
25942	57690
5829	7852
514	4724
1457	10592
639	3662
2036	4646
6155	6227
1956	51429
6146	6165
1062	11004
6155	6160
2535	7525
1453	6224
3185	23020
1291	8985
1329	9551
6125	6167
1981	5976
4591	65264
1387	6667
27198	338442
462	3827
8349	79019
6133	6176
56929	79176
1291	3672
5155	7057
6204	6233
51166	125061
7311	154214
26354	54475
6233	55669
2197	6157
7311	57154
3094	57649
6230	7178
4707	51079
8573	57669
186	2914
26168	27043
6142	6154
3178	3192
6154	9349
2963	11193
2197	3921
830	10540
9787	9833
6152	6164
973	974
3240	10394
6171	6173
23014	64219
701	9700
6147	6164
6009	60673
7415	56729
6138	10399
6147	25873
25942	57649
6152	6194
3267	22848
6160	6188
10285	11017
156	1907
23020	51692
6188	6202
1445	3688
8924	22888
6188	6189
4332	6036
54069	79682
6136	6176
11051	55660
251	137797
2359	5196
4867	23322
23295	54620
1659	9343
9978	285231
3912	10971
8243	23332
26118	51088
2200	401138
4717	4724
6159	6173
5605	5894
6137	6176
55662	80351
54820	146057
10071	79695
6136	25873
1983	6175
5880	9844
3190	5094
6189	27340
3833	10615
3055	5747
2197	9790
988	27316
10905	23193
8853	11014
111	1812
10540	121441
3764	10060
6232	6233
4736	6202
4172	81620
332	22974
3978	5426
4599	4938
2197	6125
6136	6165
6228	6234
3687	8514
338	3827
6125	6143
5688	5695
4208	4209
1111	8317
6130	6170
3688	7424
2132	6385
6164	6234
4322	7373
10236	10946
1650	58477
28981	79989
117	5741
8667	26986
6201	9724
26091	57542
4848	23019
1325	6752
3852	196374
640	3932
4712	27089
23014	89910
138803	344892
4540	51079
4713	4726
4509	4537
3191	9128
1595	6307
6208	27340
54948	219927
6132	6727
6142	6175
1453	6231
3191	10492
1453	2197
58505	200185
5878	54885
65055	128366
10427	22872
3181	3191
1292	5351
10841	200895
10236	220988
2740	59350
6137	6175
9350	148738
6142	6223
5725	9128
7167	51071
185	186
1668	728358
9276	10427
6173	6206
163	8301
4710	4713
3921	9136
7779	27173
5438	6633
1400	56896
26470	253982
3921	6122
6137	6201
2962	8175
3832	10615
6176	23049
4539	4541
6434	7919
6142	6209
2788	5331
2962	56949
3913	11167
488	489
890	7298
4709	55967
5335	8698
64318	79954
6518	10970
6157	6208
6631	27258
2811	2814
6708	11280
4713	10632
1088	338339
2792	2918
1781	5516
29882	135892
6161	10399
322	333
6167	25873
372	9183
23149	115548
3122	54331
2185	2268
9188	84172
6009	51422
26589	64963
3619	23047
6157	6232
2147	2244
6234	8562
6146	6170
10102	51021
6171	6228
6130	6161
6750	6754
397	5880
6128	6160
5529	55055
521	522
3685	4035
1499	7409
890	10403
6700	353132
6136	6227
3113	10346
661	10623
6147	6189
4641	5879
2207	5335
5204	6637
10403	348995
10051	64151
8687	286887
5189	7311
3074	23197
108	50837
5684	7979
988	9774
7204	60675
5529	23279
896	6776
6161	6181
10250	55749
3178	27316
6161	6229
701	9793
4436	7520
3659	10475
6144	6176
4713	4725
5872	53916
6233	8445
4738	28991
3190	3192
1062	10274
3320	84962
3799	81930
6209	6223
10552	100526693
3015	5436
6631	6636
6130	6158
6135	6136
2534	5609
1822	1911
1781	10466
399	9411
6133	51187
6146	6161
55839	55920
890	51203
905	5431
6124	6146
1043	2350
6208	6227
6161	9045
1282	1284
5048	23322
6453	9341
6167	6169
1063	5347
6133	6235
3270	147111
8742	51330
2058	2617
391	9743
10458	55740
79172	348995
64425	65083
7317	22888
1778	2491
335	336
6181	140801
29984	55843
7343	9112
6602	9031
6234	23049
8841	9794
4588	56667
6138	9349
6223	23049
6130	6173
6170	6188
393	11015
79867	121441
23142	26190
4087	79753
1108	2033
7204	10316
4519	4541
1778	9493
126638	353135
891	6249
2770	5747
6157	23049
3214	8338
301	302
5597	5718
3915	5829
5547	326624
55746	57122
2641	10203
9295	10250
10594	11338
24147	79633
345	350
51122	56995
5426	10714
1665	3192
23517	84135
3054	81887
324	6233
6164	6189
3688	4233
6154	6223
8655	60673
27340	84916
890	10460
4952	54874
378	55605
7514	81930
10189	79902
5290	6667
799	1812
27241	166379
3303	9531
23291	56995
57551	81930
9551	84833
1022	4005
4867	91147
119678	344892
6147	6208
1783	24137
4508	4541
3360	10888
7058	9507
2691	5739
6426	23517
6868	11319
9793	54821
6133	6181
3659	7706
7466	51280
5194	23600
3437	4938
1337	1347
25836	29072
1793	7409
6125	6222
5777	7409
8021	23636
4713	4715
324	2932
2268	7525
3912	5829
522	4713
160	26130
5796	6233
3178	7536
6202	10399
983	129401
996	80012
79954	84154
29894	51593
6175	7311
6426	9879
6155	140801
3148	8125
6229	9349
6167	6222
1639	11014
2672	6688
7311	23014
1736	10813
6128	6129
23521	56915
6142	6189
8341	85236
6135	6229
3433	10561
1387	81857
4736	6142
3857	3868
4670	51692
332	55055
6173	23049
6129	6159
6128	6169
6232	7178
4035	6385
226	5768
3309	9601
64981	116541
7334	29882
6869	347148
51081	51649
251	23627
51343	142689
6714	7402
3203	3204
6168	51187
389	30851
5829	6709
117	122876
51604	84720
6142	6201
2099	2625
567	3107
2204	2207
5351	5352
51676	140739
6189	6229
1991	56729
6143	6176
8976	54874
6142	6230
6159	6233
10523	27316
1062	81930
4736	6203
3837	22974
6158	6218
2023	7167
29763	54874
51264	118487
6427	7307
2912	4543
6167	6204
51382	160364
102	5795
6147	6157
57479	58506
55832	90293
11316	55850
186	4988
377	1783
9631	23511
3055	3572
151648	220134
7936	404672
6154	6204
1778	81930
6194	6235
3672	3913
9738	10733
405	1387
1783	10540
4736	6232
904	79577
6164	7458
1292	5352
7327	8925
930	29760
1660	2521
161	867
1495	7082
10970	338339
5330	55970
25897	27252
6193	9349
2790	7204
7153	23397
3681	8515
8453	51122
4724	91942
6138	6208
27125	79577
6129	6201
332	151246
6154	6218
1869	27161
23304	90025
3071	10458
6137	6233
6138	6181
1268	64805
64106	347148
5021	5332
6122	10399
4736	140801
5903	22919
1994	3609
4069	5657
6154	6167
51023	54998
9126	25936
5903	6633
8243	9700
1653	25940
11100	11338
4116	29107
2847	10563
4736	6168
6208	6210
51388	57647
6235	7311
695	7454
680	846
6129	6147
6635	51690
3913	10298
4171	5424
80740	171169
10458	100423062
4331	5436
1909	2922
6147	6167
920	2533
6144	6234
6206	25873
1937	6142
3191	3192
6141	6207
2491	57551
2073	4331
3157	4597
8655	79023
3267	3949
5747	9475
3683	64386
6202	6205
9648	10618
6147	9045
10713	11325
26046	84085
6157	6223
6155	6157
22905	115548
6137	6161
9126	55746
797	7252
6147	6193
4947	5708
1983	6223
7311	9045
23291	65264
1981	25873
6189	11103
10332	30835
6202	6228
5692	5710
7311	55366
10482	29894
10201	87178
1282	1295
5981	23244
6176	6234
2033	6872
4173	5426
905	2967
1933	6159
6181	6234
6125	6139
6193	6227
6209	6224
6228	10399
6167	11224
127247	148581
84727	122769
4717	4728
6125	6203
6167	6224
10199	84128
4738	59286
10193	197131
6194	51187
6429	10946
6189	6232
1783	5903
2274	6281
6405	23654
56999	170689
336	5948
7204	8976
5702	5706
6206	23521
3689	79895
5435	6875
274	5869
3853	3868
1364	1365
3664	23650
6135	6208
7514	23279
891	81930
783	10369
1050	2322
389	6453
3635	5777
7316	22954
1398	10152
4540	4541
4343	84441
2932	5516
1058	11004
6139	6194
10272	84141
896	6777
3832	4288
991	9918
4695	4700
1462	6696
34	6256
5977	8289
3304	10963
6201	6223
6443	8910
9371	79989
5685	5700
6132	6167
1660	51593
671	10394
5898	10890
163	8027
1284	10536
5684	5706
6146	6167
2251	8823
4116	6173
1022	5887
57405	79682
7536	10772
2197	6176
6132	6208
4709	126328
9927	55669
1314	9632
4116	6233
64979	118487
10959	11014
55142	146057
6152	6165
6161	6210
8581	10232
6209	6222
26190	55236
2147	3481
1058	10726
1933	6135
1337	29796
112	8698
28981	92104
7316	91445
6147	10399
6206	6224
3444	3451
9221	25885
10618	22848
59	140465
6997	10637
966	100049587
9527	84516
6218	6227
6142	6164
3111	3119
1121	326624
9416	55660
6130	6206
3055	3702
5868	51715
513	9377
4172	7298
7311	8139
55759	84549
23327	51088
6204	6209
10282	10466
6209	114987
2264	7311
6921	10987
3848	162605
6138	6142
10952	140801
6161	6202
5584	117583
6122	6155
7096	10333
8905	8907
146	2922
1655	25804
187	6370
1432	5062
2197	6235
84105	347732
6790	29127
3832	54892
6136	6167
3915	5621
695	3937
329	7316
3157	3422
54474	121391
1524	729230
25831	57674
302	383
8697	11059
3937	55740
3909	3918
3013	8351
10920	10980
6128	6142
1956	3655
79865	340205
1237	2917
9128	9879
5695	10213
8914	11169
55055	151246
5708	64750
26146	64792
8347	126961
5781	6774
3698	3827
6434	27339
6136	9045
2535	5599
10524	165918
6209	23049
26190	65264
4976	9927
11176	64426
3683	5795
6124	6129
8450	51122
10959	22872
8453	9666
4541	4724
5982	6119
7337	9867
23197	56729
6181	6224
58	60
7454	10552
6228	11103
1116	3240
3422	4800
3106	10475
9655	57542
1660	6625
3055	5829
5741	7434
10660	390598
2207	199675
1398	7525
1943	2046
462	51156
5978	80012
966	11314
6206	6227
988	10592
1937	6207
4926	79959
26190	57542
389	399
6173	6230
1088	2358
5116	23354
55008	64750
5695	7314
3326	10576
6224	6227
6152	6188
3796	10274
2982	2983
79501	285093
1956	5782
5685	10393
1816	4160
6138	6164
64963	116540
55055	79172
2798	4829
10181	10523
6122	7311
6206	6218
2801	5862
3066	23028
4085	79682
7041	7414
6146	6203
3675	3685
2625	3169
5528	9700
6203	6209
5872	51715
5707	7316
9793	203068
1103	6572
6159	51187
6142	6152
6193	6223
9700	23279
6130	6147
3619	29127
6224	27340
1778	6249
9570	22872
11116	79959
6202	53918
3396	51081
7311	126433
2197	6234
63967	84515
9793	57787
6164	6181
55832	115290
23291	197131
857	64750
5684	5694
8662	9669
50813	55884
1453	10427
2767	9002
79895	199675
1453	6228
9133	23397
3914	4233
5331	222545
6158	6168
2185	5829
3866	3880
891	51433
1781	6249
7272	9787
9183	10403
25957	51747
974	100423062
51202	56915
9020	10000
3084	85440
1315	9371
6161	6233
1994	3192
2801	10427
6224	6228
3105	3660
6233	7311
3659	5696
6209	27340
945	222487
6176	6202
6233	22954
7328	23608
2888	5584
6231	114987
867	5290
10112	24137
3491	10970
988	10236
6157	9349
6156	6207
3685	6385
5685	5706
8318	54962
1314	26286
6667	10499
57129	219927
6130	10399
6218	9349
1062	10112
353137	353139
23309	27327
5411	51747
6168	6194
4952	9562
2847	6363
6147	6210
4926	5116
6224	25873
55759	84154
1310	169044
6146	6164
23160	55720
26494	344892
4709	51079
10802	51014
813	3371
988	10767
9682	165918
59350	94235
6137	6218
10484	56681
890	7272
114	1814
1933	6160
64946	79682
3913	51280
9320	26190
891	1058
23332	57551
5071	23352
251	152330
6132	6209
6189	6223
5518	5976
51118	84946
6147	6169
9410	22826
6625	8189
2033	7515
643	5368
2521	3181
6129	6136
999	1942
51234	56851
9883	23165
6233	9045
6138	6204
930	933
1956	284119
8945	23014
3190	3191
55920	79023
1783	5516
3192	10236
6233	8290
6143	6173
1660	3191
3178	3184
10885	22803
8453	56995
54620	80204
3156	6307
2517	2990
1956	54874
6176	25873
3127	7535
695	971
5346	400569
2058	4141
6218	7178
9246	54778
9791	81490
4734	6047
551	6846
3684	79895
6164	6204
6155	6202
7311	57674
6201	6202
6181	6227
25847	150726
6144	6206
1287	1288
100	51816
5328	10396
1639	10540
6370	11251
846	5737
5747	7454
3191	10432
4237	4239
11004	55143
1536	2204
8329	8337
1676	3837
9320	26268
259287	259295
6206	11224
6138	79738
1915	9045
25909	57551
4707	27089
3882	8687
2865	6863
6130	6194
1453	6223
388	4650
140807	319101
813	1000
4599	23586
86	1642
23014	80176
111	3354
6160	6202
10733	347240
4116	6132
1398	2185
1116	5004
51264	219927
695	7409
353137	353142
1639	9493
9493	22974
6122	6202
388	399
933	974
3887	3889
996	9320
6146	6222
1991	6037
5954	7184
6144	6161
4686	11338
27	1398
55279	285237
29093	219927
3675	3683
2788	55970
161	24137
9972	348995
701	10733
3214	3216
3895	8542
51690	83443
6138	6210
4624	4635
6209	140801
160364	199675
6049	26224
6233	7189
56945	57129
3675	3693
6203	6230
377	11015
7514	57551
9495	10369
7525	9844
9341	115548
351	54972
353139	353142
208	2475
6130	6159
2799	23526
1894	5879
1660	51692
10382	23332
8689	54474
7184	10272
3267	5878
7133	10970
4736	6207
4715	4718
6138	6139
9320	65264
890	64151
6173	7311
9126	348995
1956	2268
3074	5476
7434	594857
1295	55214
88	2890
6130	6160
6923	285231
1499	7534
6155	6223
1063	2305
4436	254394
3688	7052
641	116028
9793	151648
1173	10552
3659	6672
6218	9045
506	3329
695	3725
7337	26046
6137	25873
6160	6170
6157	6228
6141	6173
6698	126638
6155	6167
2957	51808
389	6242
2268	2817
27095	149111
351	3491
50835	51289
6222	6227
4735	23322
2846	2922
6142	51187
1495	84962
6159	23521
4666	11224
6124	6156
837	841
3833	9793
9870	22954
10097	50618
1859	5928
4233	7311
11245	55970
705	84946
1500	55740
6136	7311
6141	23521
6136	6209
51692	51729
11064	23354
6514	6927
3912	375790
64979	116540
54555	56915
2960	9412
9076	24146
5872	8766
6137	6206
5029	5724
920	5335
813	10130
506	8802
54577	54658
5438	27258
567	3660
3683	10857
3718	50615
1879	5079
6224	11224
4992	344892
6224	23049
9904	23160
1956	10552
1605	8910
341152	344892
3123	7535
9787	64151
65264	115290
2197	55127
84962	126374
2286	5479
1933	6129
1459	9918
6129	11224
53637	63940
6776	6777
1915	6147
55901	170692
185	2641
6233	8334
5436	7936
353132	353135
55839	79023
3886	54474
1291	1292
6135	7178
6143	25873
1660	3181
5861	5878
514	10632
11130	79172
4509	4539
51023	55052
5725	7536
3192	51692
8337	8363
4736	6209
6143	6158
1793	100423062
7136	7170
6709	11014
79473	344892
4736	6130
6138	51187
10432	10949
7316	10552
6129	6235
25885	83743
2186	23067
1398	11184
6210	140801
6122	29997
3909	3911
50615	59067
1062	5529
28973	51069
50840	259295
1453	6232
671	56729
4540	4728
4171	11073
285093	390190
695	118788
2358	57413
1062	1315
5652	6692
4599	10379
5928	8085
3491	3912
5501	23332
988	23397
1499	5795
81537	259230
3214	3223
8329	8347
988	6602
6144	6175
29984	54509
5518	6228
6218	6233
5516	55055
5547	10970
6155	9349
7311	89910
6125	6228
1642	79913
1236	5443
1000	1012
1084	138050
10489	79654
1144	1146
6210	22984
2521	27316
11157	51503
8334	8349
1559	2327
6203	6217
28998	64960
894	3065
5708	5887
4736	6204
5869	23011
6218	27042
3202	3204
6205	51187
990	5985
57154	64750
9570	10802
1937	4736
2597	7167
6170	6209
5610	6774
6122	6189
1287	8974
3710	8826
8544	10787
6222	7311
9585	29127
8085	25942
4736	6170
6125	6168
9126	23244
377	11014
1315	4905
5347	81930
4638	4659
5983	56852
6667	27327
5879	257106
6147	23521
6036	6037
135892	401036
6168	6201
5717	6790
3691	3909
1655	11325
4700	4726
3796	5515
6141	6205
833	4677
627	5879
1665	84172
6122	6209
1915	6204
6515	144195
5746	94235
8969	8970
26239	353133
6135	6152
6208	55127
10592	11169
991	1058
3123	5641
891	991
55635	259266
57153	160364
6135	23049
6164	6229
6154	6229
6124	6143
3579	126006
6429	10291
6143	6147
5777	5806
6137	6229
54973	79664
2975	11128
5869	8976
302	6386
2247	2260
1387	5469
1981	6189
6167	6173
3192	5725
932	2358
10427	10484
6233	440689
941	942
6233	9887
1116	1669
4736	6188
3355	5173
6427	6434
9184	57405
5977	57492
5903	7175
6205	7311
9371	24137
6161	6208
3912	11098
9055	10376
1111	4361
3921	6138
22974	29127
8655	27077
5347	11190
6234	6235
9282	23097
712	713
56624	259230
6168	7311
966	10652
9553	51650
6130	6222
2776	2788
55755	261734
1137	1141
1398	5599
891	3838
22897	79598
6206	7311
2197	140801
6147	6165
9320	57542
7450	54756
3827	5345
7175	9877
3106	3659
9126	11130
9968	23097
1237	8811
7189	55626
4952	5286
2268	4301
10133	121441
2788	10575
5970	23291
2197	6154
6135	6202
5441	79035
6144	140801
5422	55388
7249	57521
84131	347240
4700	4712
9690	57630
57542	197131
6124	6230
6125	6160
27161	192669
6129	6168
6156	6164
5747	7852
6169	6230
6157	6222
950	22848
27292	84135
6209	8562
8329	8341
11314	79895
3660	5696
23332	146057
3646	26986
1524	56670
6173	6191
127247	131405
9793	55755
4033	5660
8717	9530
3491	3685
6203	6229
7272	9700
4173	55388
6181	51187
999	3918
11325	83443
2994	6005
51510	51652
5438	6637
6130	6155
2683	84061
9887	23381
7412	117854
6139	6223
88	4620
10236	51729
6130	6154
23332	80321
4116	6135
8085	23067
6132	6169
6224	6233
6201	25873
102	6233
10282	10959
2920	55970
6176	11224
466	1386
56667	140453
4697	55967
983	9972
974	5336
351	10970
4208	5533
79867	91147
3491	3913
6204	25873
6146	51187
226	7057
6193	6230
10283	23517
4512	4540
6133	6161
3274	285601
1063	5501
4508	4537
26716	344892
9739	25942
3190	10921
7479	7484
152	5580
8365	126961
5575	7289
3214	3217
4088	5784
3796	5519
22984	23223
950	5286
6154	25873
4297	192669
728	50835
6167	6193
50506	405753
6144	6209
6133	6155
4116	6125
10921	23293
977	5339
5347	54820
6130	6228
8314	23512
7031	7033
1830	5266
971	29760
1113	6855
521	4701
6128	9349
3619	10592
57187	65109
9341	10254
3915	4811
1293	1300
3688	7057
10681	338557
2938	2939
4867	10540
1269	53829
3181	51692
1398	7409
6135	6193
1063	22974
6168	6222
2358	170482
4541	25915
6891	6892
6155	6224
7317	10489
637	8626
8945	9820
9847	23265
9877	100381270
5431	5433
3486	3569
1933	9045
1844	5599
6139	6207
5610	11274
7316	150726
5048	151246
6128	6231
5500	5516
57332	84733
1018	1026
4670	220988
6678	7057
2633	10561
9181	171177
4734	115290
1908	84432
3134	3659
905	5433
7003	25937
6430	6434
5896	5897
6185	58477
7298	10403
1781	9493
6139	7311
26224	283807
6228	6229
6637	27258
1191	2162
6165	6169
11190	121441
10592	24137
5435	5439
2197	6188
27237	29984
1457	10051
671	5657
10071	51146
51725	142685
84418	100049587
4508	4519
5336	79837
50838	56923
6184	58477
9632	22872
11250	319100
5529	10274
683	338339
6194	6202
6699	6707
26589	51069
2768	2783
6950	10575
5435	6633
1665	1994
1781	57545
6203	6204
6136	6230
7153	7298
23332	57787
6122	6141
10898	23165
683	199675
6518	84329
338	3698
6173	6218
6229	6232
1793	9564
6139	6208
2268	5783
7536	10181
6185	57171
7316	10920
2033	23013
4713	4724
10466	10540
11218	79084
4173	4175
29984	257106
2266	3698
1063	9793
1292	8974
3183	3190
2625	7031
7021	83741
6164	6232
3687	79895
29945	63891
1213	8976
6128	6168
57403	81876
6164	6176
10799	88745
6170	6181
514	4695
6146	6152
7311	115290
6207	9045
108	283869
6136	6218
891	24137
91543	129607
3866	144501
9904	57647
11314	100049587
54069	79172
9228	9378
1946	1969
6160	6210
5294	7409
6135	6137
1968	8661
1213	10254
5699	51684
51289	259287
9631	65250
10629	51616
1398	9564
4793	5714
8351	8970
22827	24148
7184	10130
2997	6233
65003	219927
824	5829
6890	6891
833	8565
6227	9045
8581	27076
6136	6152
963	966
3184	6626
351	8477
6189	7178
1000	11320
336	345
6161	6194
514	93974
8905	10053
164	55330
680	2798
6159	6170
1292	3685
6184	29927
5829	6385
64928	219927
6129	6169
60	10095
3046	3050
55582	55614
3320	10808
2958	79035
6169	6210
2537	3433
996	5717
5435	84844
4288	10051
344892	390059
3921	6130
4793	5704
701	51203
890	9787
4736	6167
399	9743
637	3002
6147	6170
5657	6036
6249	81930
57521	389541
5435	23524
9076	137075
344892	390066
6136	6189
24137	29127
3191	9782
5870	8766
1894	5347
10436	51202
521	1350
2197	9045
22916	54973
2203	5213
26091	89910
6176	6189
1645	1646
27	10486
54575	54600
1642	56852
1062	10051
10133	10540
7311	114987
6159	9349
1291	3685
3215	3216
9014	57504
891	6790
1859	132660
6223	6233
1365	100506658
3895	84141
9126	23279
6203	6207
916	917
10324	51666
1933	6169
9020	51330
6133	6233
6159	6202
3178	6430
55629	65110
3113	4261
4904	10946
6672	10475
6175	6222
8514	57153
5440	80349
4670	10432
5338	5579
2803	90196
778	779
1398	3937
1306	169044
2157	27095
163	8976
672	5438
6143	6160
1347	27089
796	5745
6227	23049
2935	6130
2132	2817
695	3055
824	3688
6158	6223
8648	10498
643	10803
6133	6135
6142	6155
10574	10963
6182	51081
10749	11014
5880	7454
4736	6233
1387	23097
1398	4233
84962	121441
2185	3688
4116	6167
2912	5733
641	7316
6138	6167
4670	10236
5660	326624
1956	115548
4736	6218
90411	126003
9055	9133
6143	9045
6129	6175
6143	6159
3433	3434
4641	5898
9363	64284
6167	6229
1816	3973
3993	84612
5347	9493
1793	7525
4361	10714
5433	9879
1237	5173
259	2266
2865	23620
516	51287
963	196527
9793	22974
4627	4659
9371	10112
388	397
1314	10802
6141	9045
4069	6036
10466	55275
10133	81631
57154	89910
3921	6136
10576	23526
10930	29974
7311	56288
3320	10787
6745	58477
7057	170689
9739	26523
2782	26086
6139	6229
4159	53831
10466	10618
2178	2189
1290	1291
5519	6801
5516	5711
6125	6194
891	995
7311	54874
55112	150737
5037	54845
351	5340
2195	7124
10014	54880
5119	51652
9984	23279
5867	5874
2788	3269
6218	6228
4543	4852
891	54908
9675	57521
5528	51143
5725	9879
4298	6830
4904	9295
22954	26190
3106	3134
6159	6204
10613	11160
2064	5364
3833	24137
4695	4725
1129	8322
350	2266
55252	221937
5441	84844
5725	9716
4712	55967
4536	4539
7536	10250
401505	100188893
26146	79989
6125	9349
2242	6237
6224	6229
57381	57514
2730	2937
6227	6228
887	4295
5094	51692
5829	375790
6137	6143
991	9787
7324	79876
9493	23046
1829	2125
996	115290
4853	7311
846	259293
3361	4283
1781	11014
4738	6635
6827	80349
6142	140801
6165	6223
11095	157869
2843	151306
1910	2865
5048	11190
6158	6194
6132	6201
84085	197131
1230	2770
4689	7409
5438	51503
134	6376
2535	55970
6142	6233
6626	51593
6128	6206
778	27091
2863	7204
2861	56923
2788	50865
6169	6234
6161	6727
7311	23600
3326	7415
9700	10274
9787	81930
153	155
22954	64219
7388	374291
109	59340
51693	58485
2956	4436
6208	6223
5657	8635
7919	10949
6707	147409
6830	9646
2042	2044
388	55160
6613	79902
4171	5984
25831	197131
727	259287
22919	22974
6175	6209
6170	6235
1058	64105
6155	25873
10540	29127
6159	6230
391	55843
286	6708
915	3559
55003	55299
6227	114987
8615	100302736
624	6755
23412	51725
7311	8290
6181	6222
389	7204
6161	6234
5870	57511
10274	51143
617	26517
2209	10152
10970	54972
6223	6234
521	1329
6610	7132
830	1781
3199	5438
6160	6193
988	79869
51069	55168
6167	6210
6157	6233
6147	6154
5929	8945
10914	53981
183	259287
6233	7158
1937	6228
6130	6207
10298	375790
567	3105
2801	51014
5708	7316
55832	55884
5339	6164
7135	7431
10403	151648
6138	6154
2790	9138
9133	51512
1062	3619
25831	65264
351	813
1277	1291
9493	51014
3479	51097
23028	283248
6158	6202
1781	10540
351	2767
6168	6208
2675	220164
23122	23332
51388	84916
10051	10403
5284	55004
8886	51388
6207	6222
3897	284217
1933	6205
143471	161742
10427	11196
10274	151648
641	6118
4694	4700
890	157570
6202	9732
399	7984
2197	6175
9801	23521
6143	6155
4670	9343
5898	5899
4125	5657
4233	9564
4008	144699
6228	55127
7153	11004
6122	6206
2767	8477
6714	7311
1933	6136
6136	6208
5861	57403
6209	6233
6133	6139
23521	25873
1981	6218
9493	259266
6173	6209
7532	26123
11004	51512
10524	10714
8925	22888
2491	22919
3903	64386
6556	100049587
1000	84141
2475	57521
2956	5422
6133	6224
6430	8175
861	6604
6152	25873
1062	57551
5930	54620
2911	594857
51692	55749
1033	9787
399	257106
6154	6175
399	143872
6132	6235
5693	5700
7175	10250
7520	55183
6132	6147
4508	4538
4751	10133
1605	5879
3710	10235
8568	57696
3882	121391
9212	83461
6157	6235
6672	79097
4695	4707
5528	23047
629	4179
8687	8689
102	5954
4174	4998
89890	90025
3912	84141
6128	6171
2935	6169
5695	5700
2153	2243
5868	10890
1956	5336
4694	7388
1595	4597
55755	57787
9793	113130
130340	152503
183	846
6125	9045
10540	80184
1340	27089
2033	23774
22794	348995
439	5694
6157	6189
29078	126328
5795	6714
64981	116540
996	6233
9045	10399
2209	10787
1573	8529
462	2155
3437	55601
55339	84271
4148	91851
2790	10575
55876	94103
4584	79695
5338	5898
5111	5434
6125	6164
23122	25936
51602	84128
3115	10346
890	1062
2537	3430
9025	9656
23160	25885
813	3491
10155	10520
6626	8175
1268	50865
5347	9793
9978	140458
96459	201163
6207	6232
1453	1855
890	11065
890	5347
6122	23521
1642	5931
2863	3269
1956	2274
6164	9349
5707	23526
26005	79600
6175	6176
9793	10403
4736	6194
3434	55601
6170	6204
5928	57690
6133	23521
183	3357
5469	80205
344	6382
27316	55749
7706	51426
9282	84498
9021	140462
51	55825
22984	25885
23020	220988
344	9672
5707	8453
1537	54539
83461	259266
6165	6224
391	94134
5093	10523
5005	7276
3491	7184
8365	8970
659	9765
6237	10371
10193	80204
259292	259293
1601	8322
6432	220988
3921	6232
9820	56658
11128	84172
4627	5898
400	10466
5744	11250
5196	94235
2023	5223
1063	4288
1956	5328
54856	55870
3184	51692
3799	29127
6921	55284
1823	1824
5529	6233
2847	2918
6152	6228
6164	6223
6139	6232
6605	29117
55605	55850
6142	6167
336	350
6136	6168
6317	6318
5726	6755
5286	6233
9700	10592
2813	55350
444	3091
1933	6142
50506	90527
6218	6230
1500	7082
7421	11198
7415	10576
973	29760
2147	2266
5704	5718
2799	6386
5878	23011
9844	10787
6203	7311
10926	63967
6133	6152
2207	338339
4014	5317
6202	6206
10112	29127
2521	3192
2920	3569
6141	6144
6698	6707
2767	55970
154	1956
6230	140801
506	5250
6168	6231
187	2359
3181	5725
719	63940
6167	6188
4952	9341
971	974
566	6036
2635	6672
2935	6207
9322	9341
6232	23049
55970	63940
6711	10466
4998	7027
55142	440145
174	51156
6156	55272
4508	4512
659	4088
138805	344892
3978	4171
79867	80184
1857	5528
905	25896
65083	84172
10381	84790
79600	79867
4538	4541
3688	3693
160364	170482
26290	56667
2623	6886
830	11014
6233	55670
5739	59350
9510	11096
1783	25839
1763	55388
7316	9341
3887	3892
8021	79023
5872	6764
8128	8703
1603	100128731
6170	23049
8243	23244
1962	7321
2150	10800
7110	90196
115106	440145
10663	259293
5868	64145
1398	10818
7536	27316
6147	6204
6189	6227
4926	9793
988	3843
4700	4713
3163	5023
5347	54908
3797	26146
3192	4670
3921	200916
389	10398
6167	6181
988	56852
6160	6164
6228	9045
10367	90550
2151	3356
10920	283899
5695	6790
3181	4670
2153	3481
25942	51317
988	4436
1783	51014
1781	5861
6387	50837
274	8976
2847	2911
6230	23521
6138	6152
1500	1739
9320	26046
3309	9531
5872	201475
8243	10274
6173	6204
2274	284119
10902	54617
966	2207
2537	10379
6168	6175
4297	8085
6453	10254
6156	9349
988	7919
10236	11338
6229	9045
79339	344892
595	5708
2648	25885
116	4914
4735	10540
671	3240
3619	51203
2197	6130
24137	64837
10092	10109
7311	9666
988	7112
4986	338442
8290	121504
7326	26259
6137	6222
399	57522
4131	5048
1398	1793
7525	9564
411	153642
7155	10036
1350	4726
1717	3157
5566	5970
5093	5094
9219	23186
6124	6206
50832	54429
6132	6173
6428	6430
570	1962
55832	80067
1129	4543
259290	259295
5829	9564
7311	8666
6453	8976
7124	7316
6155	6209
9611	23097
3055	9564
1048	80740
54908	55055
351	29933
4641	10890
727	51289
6799	6817
6142	6161
1783	11316
779	783
1894	54443
6161	9349
6207	7178
1453	6233
6144	6181
2788	2864
6158	6208
1937	6138
3320	5829
4585	200958
1347	10632
1232	338442
2633	2634
5432	6205
4736	6122
920	9026
160	29924
2197	6181
1111	54962
3017	8349
1601	8976
6232	23521
3895	5954
6047	23291
6124	6207
4735	4867
84643	93661
4323	4811
6160	6205
9793	79172
10640	23265
3107	6672
5930	140460
81	1495
5451	25896
3875	144501
6144	6230
6142	6160
5861	326624
521	10975
8683	9785
2914	4988
201475	326624
10885	84172
5469	10498
6164	65008
2798	56923
5437	23524
8317	23649
9372	25930
4233	5795
6208	11224
55168	64979
695	7525
6175	6229
6207	6228
9282	9968
890	11339
636	23299
335	2262
26005	79867
302	10383
122042	285601
6240	10592
10813	65083
1062	3799
1435	3490
6193	6205
7200	84634
10112	11127
3434	3437
6229	140801
4535	4538
10425	84085
186	4922
6158	6205
5347	151246
4174	4678
6229	6234
5928	57649
2358	2767
6206	6228
9436	259197
344892	390077
5832	118813
51116	92399
6210	6228
6386	10487
7919	348995
10533	26091
83597	390174
932	945
84296	84515
2799	5707
6189	6206
3710	5575
6201	6222
9212	79003
9371	11014
972	3109
23304	29945
963	1536
545	6233
6176	6230
4175	81620
1731	23157
1551	1555
9553	64928
6137	6139
4736	6137
3553	11213
7311	9349
23451	51692
54778	197131
174	3827
1364	100506658
4540	4710
6218	6229
6232	10952
779	27091
29074	64928
6155	6231
23279	23332
6155	6161
10250	11100
1495	3801
50865	64805
6159	6160
2197	6224
5528	113130
6602	6605
6135	6161
79600	91147
974	2213
5179	7857
7003	7004
5701	7316
9972	23279
6431	79869
7321	57154
904	27125
1915	1933
6130	6141
6147	9349
6168	6202
8301	9341
1499	128239
6222	53918
6136	140801
3422	4047
6138	6147
9776	55626
3685	10857
1060	57082
55143	220134
3375	7253
1050	7124
6235	25873
51373	64951
6128	6204
6139	6168
6170	6208
3683	3688
344892	390064
6176	9045
6147	6181
10523	11100
4736	6173
3688	5879
6160	6167
8871	51429
983	4288
23354	132320
23160	57647
6144	6222
738	4074
1577	29785
55252	55777
26146	150737
6461	6714
54148	64928
6210	6223
2491	5048
1291	10491
10022	339403
3183	6432
10285	51692
6133	6165
3133	3660
1665	5725
3184	3191
3191	23350
5879	9564
3913	5747
2935	6229
552	6866
23370	56288
6224	6235
51023	64975
6189	11224
6135	6189
10992	79869
1994	10285
10493	23526
6170	9349
7311	115548
6203	6235
9138	55970
9126	79172
1660	10492
377	51014
2033	7874
6152	6176
57105	94233
6167	6208
3619	10112
6161	6165
11190	22919
4738	7979
6122	6160
6169	23049
6205	6208
5869	5870
26235	90025
5155	83706
3695	5747
4724	10476
1937	6203
6144	6159
5432	8450
1933	6168
6176	6208
6790	22919
6124	6222
6135	6727
6154	6235
8301	25977
1814	259285
566	4353
50835	259287
1749	1750
10112	10749
896	3717
399	1894
8087	9444
3908	10319
2036	8573
9416	51692
399	10144
6157	6204
9126	9700
5627	10461
9133	51203
6159	6176
3685	6518
6432	6628
10952	58505
6142	6144
3111	3118
3569	84141
2695	594857
338	51156
5201	84617
1497	23729
5903	57551
8237	10574
10053	130340
3071	9564
3071	10552
6144	6170
5822	8568
108	5179
6154	6194
6133	6170
10352	55699
6122	6203
1793	6461
6950	84617
6210	9349
377	10540
3659	6737
3903	8514
9341	51542
3689	199675
84944	113802
6193	6194
6152	6230
55166	348995
351	6370
10970	79895
6147	6155
2197	6159
5870	7110
5529	7514
26476	344892
830	10466
945	84418
351	83706
6156	6229
26146	92104
5469	9967
988	51692
57787	146057
6218	6234
9870	65264
351	1524
57674	151636
25926	51096
5108	22832
1439	6776
6426	6430
10693	63971
9700	23122
90480	116541
640	974
22826	85313
23601	79895
996	9491
6203	6227
5890	5985
3949	5869
3184	6434
9739	55904
80184	117177
1660	10523
1022	2810
3185	10236
4718	5284
4172	10036
9790	22803
5519	10274
2537	9636
6993	8655
3685	3915
25897	55175
5869	6453
2491	9793
6129	6202
4736	6193
6142	6206
6187	10557
4509	4536
968	5878
4332	5657
1956	3675
905	27125
3921	6152
5644	6690
335	338
57542	144699
4508	4514
5878	10618
1088	23601
4591	55658
3914	3918
5594	10971
7311	23607
6135	6165
86	5977
5829	10298
10121	57545
3185	23283
26519	26521
335	51156
1269	63940
25873	140801
4141	7453
1933	6194
991	10112
6175	6224
8329	85236
185	2862
6193	6218
3875	3880
6230	25873
22917	57829
2848	122042
5695	6500
6164	6173
3866	3875
6375	6846
9551	55967
10236	10921
4712	4713
6635	9883
3190	11100
6147	6194
4736	6139
5869	7316
10540	11014
4008	22954
1894	9493
301	2788
1453	6201
1915	6222
4724	29796
4940	85363
8924	8925
3735	7965
4637	103910
3683	8514
6132	23049
23112	26523
5688	25906
393	29984
3895	5879
3624	10272
6144	6165
10965	641371
6227	6727
1778	5861
10254	10552
6631	57819
6772	23586
79172	151246
6164	6193
6128	6189
527	5660
5700	5705
623	2357
6430	27316
3796	3799
5725	8661
9666	89910
57647	84916
5861	55605
6158	9349
23160	84916
6204	6227
102	3915
5048	79003
3109	3123
10022	259287
6175	6230
4233	8976
23521	51386
3837	23511
659	23118
673	57498
23014	64410
6144	6201
2962	54845
1994	8570
139322	374354
5928	10013
6228	6230
11073	63967
10671	51143
86	8607
6139	9045
1111	2178
23291	51122
55215	64858
8189	23524
4173	9126
3833	55143
1350	7388
4734	154881
6138	6209
6635	51639
983	7321
115290	154214
9493	11015
9700	10403
6500	55884
3886	8689
4116	84844
1387	10498
53981	85313
6155	6168
7311	140801
26232	93611
5984	23649
3918	5829
6182	55052
5700	5706
7514	23332
1933	6201
6428	57819
2519	51816
1981	6233
6160	6229
7596	10155
84085	154881
7057	57188
2935	6235
4236	10291
6746	28972
1511	4353
6430	10949
8329	440689
3119	3122
6231	140801
10552	10787
3482	4905
6279	6280
4734	22954
351	1234
6193	8666
9188	25885
1063	9700
6168	9045
6461	10787
259287	259293
6624	51411
5331	27334
7840	55755
1398	3071
10921	51692
2826	84539
6631	6635
6203	6222
5901	729857
890	4288
3912	3915
5433	6426
10972	51128
10920	55884
4713	9377
4297	23269
6181	6194
9343	51729
5516	81930
9727	23265
5054	5327
5707	10576
8729	10945
6137	6228
7852	55970
1824	1832
5707	7415
6144	6156
6203	23049
57678	256356
4708	51650
3107	10475
5931	6839
6137	6147
5868	11021
999	9839
6491	259266
6169	6227
640	5336
7317	89890
1241	56413
9972	23165
6146	6228
7175	51692
2242	3718
4707	54539
5558	11169
4514	4519
5578	55970
3978	4172
2629	5660
2782	5082
4436	23028
5431	9879
6164	25873
2935	6173
1325	6373
963	5795
5048	54821
3912	10970
2197	11224
1062	5347
6700	353133
10663	56923
6206	6222
5747	8976
6135	6160
6133	6188
5611	10525
813	5954
1495	6714
302	79026
6167	6235
6181	6189
6144	6160
163	284252
4033	10970
6144	51187
3710	5330
4008	55884
4736	6124
1439	5568
54578	54657
1915	6124
824	7525
5371	6672
701	113130
23095	24137
3703	6185
4694	4701
3912	5578
6233	154214
5725	84991
8451	51514
374	2065
1937	6134
9277	26155
2197	6133
3915	59277
8337	8347
7184	7466
3017	126961
6136	6222
64792	200894
10121	26005
4736	6125
8976	51429
6175	6235
6122	6138
25873	55272
6133	6210
9439	9611
2848	3274
22974	23397
336	3698
3683	6518
6141	6202
1435	4924
830	22930
4514	4538
1435	1462
9276	11070
2993	2994
5928	25942
5294	7852
6133	7178
1902	2185
6428	7307
197	336
55720	84916
983	9833
114	259285
10142	26123
6160	9349
4706	4717
9183	79980
4924	5589
81	7057
1994	4670
7311	23032
6637	51372
3673	3675
567	3133
1107	23186
341276	344892
5862	8548
22794	23398
6164	6230
1778	4735
10657	11052
2033	23112
5928	192670
10552	100423062
10254	10617
6233	7178
143502	285093
6164	6205
6164	6165
2597	5315
3340	6385
846	4829
6129	6193
891	1062
6161	6170
1994	10594
489	4853
1983	23521
3181	3185
5861	10342
1133	8477
6133	6223
9666	115290
6159	6222
6228	6235
6181	6228
4172	4998
1108	25942
6161	6222
6119	56949
316	4837
4709	29796
84902	91147
6176	7311
3672	3688
1291	1303
5872	5878
10749	51479
1660	9716
6147	140801
1536	653361
8322	8976
2524	10331
1129	5733
5929	55832
9700	57551
51143	79172
6160	6161
6165	6222
4288	26586
4724	4726
3055	5336
6147	6234
3002	5551
11338	84271
1477	6431
26146	28981
3371	84141
50835	259293
5718	6790
972	3127
5336	7525
6142	6210
3062	6869
6133	6232
5528	8243
4736	6175
1956	3912
6157	6169
22897	653784
163	5869
5834	93100
6173	6207
6170	6202
197	335
3921	6189
10256	54845
9787	10112
6429	22826
90293	143279
9188	23560
399	7204
6124	6147
6222	27340
5781	7852
6167	6202
4736	6154
26190	51122
9904	79050
374	2069
6222	23049
988	203068
156	1902
6125	6144
4670	23020
1121	5869
2525	10331
1500	4233
3827	4295
351	10130
3911	9459
4736	6156
3190	3609
9793	10274
1116	56729
6142	6194
5609	9181
7311	8976
4709	4713
9265	27128
4867	79600
7097	7124
10733	163786
727	846
6230	23049
1656	80153
2242	3320
57545	121441
999	1500
6233	27327
6164	6227
6139	11224
4332	6037
4839	25885
7004	10413
2206	2207
3685	196527
2305	5518
1303	5352
988	24137
121504	333932
4495	4496
7453	8565
1778	10112
4839	55720
6224	9045
10713	51692
5067	137797
197	3698
6189	7311
6165	6204
1933	7178
6130	6168
86	54617
6208	6228
4709	27089
10890	23011
5575	8826
2633	117854
6141	6168
10426	11064
2935	6176
5980	56852
1133	7200
6142	7311
6189	6218
2800	9827
5579	9564
4172	55388
2923	6185
971	5336
6227	6229
1230	83756
6431	10482
1536	8655
3071	5747
6167	9045
3921	6147
6158	23521
1949	2045
3685	326624
3191	9716
675	10111
117	2695
6628	6636
7424	8828
220134	348995
5528	11004
5725	10291
9793	23332
643	50865
134860	319100
155	6344
26290	140453
1915	23521
1233	56670
1289	7373
6143	6233
3394	6688
3048	4778
2833	6346
6870	51764
6144	6154
6157	6159
27340	55127
9493	10749
6235	6727
5868	8301
6605	11198
50831	56923
811	2923
274	1956
6059	55720
1058	8655
1511	6037
6156	6169
8945	11059
6132	6160
9585	51014
6155	6194
4343	7311
915	3118
4617	4618
116372	257194
6556	84418
4116	6632
3725	3939
89122	154881
1453	6205
6160	6232
1435	3371
5879	9475
6383	284217
8243	79172
6164	6233
51602	84365
2683	5660
7003	8463
6233	10110
1933	6207
2913	84539
9577	29882
6159	6228
5903	54821
1395	2848
6262	11069
54555	55272
6194	6230
8321	8322
23397	56992
1605	3672
156	2121
6709	7077
3192	5093
3416	23600
6175	23521
9798	27183
6170	25873
5725	11338
6152	6160
4540	4695
6427	79902
3030	3032
3486	3491
6134	6154
6205	6230
6138	6235
1781	121441
6223	6228
6201	6203
10155	25888
3691	3918
3320	9844
3192	10921
5432	27125
2197	6209
2064	7525
26271	51053
22974	203068
388	117289
111	9283
6235	9349
9318	140461
7327	26046
332	23332
10802	22872
595	5707
6165	10952
7514	79172
4088	25937
6227	55127
6434	10523
472	64421
57530	100506658
6194	9045
9378	54413
7840	57787
2776	2837
6152	23049
2205	3702
4048	126014
10403	10615
830	6711
6128	6222
57153	79895
5970	6667
3978	4176
163	24137
2197	6167
1669	56729
3909	59277
6204	7311
6142	6181
6160	6208
1314	22872
570	23600
6157	6176
4736	6164
6189	8562
6154	6159
6160	6234
1084	160364
6210	9887
1350	4695
64926	153090
219858	344892
6142	10399
23265	50807
6157	11224
6128	6147
5048	55055
2519	3074
3357	5737
8607	11091
4829	56923
4055	51330
1081	7252
5604	7529
81930	83540
4867	80321
3267	5868
4646	23607
6165	6176
11137	84916
378	51014
6809	9341
351	5330
8365	440689
387	7046
671	1116
871	1291
5880	171177
29974	403314
2537	8638
111	799
6129	6206
6222	6232
1116	5005
84870	343637
695	5777
6203	9045
10458	10552
351	7852
2817	6382
6152	6218
6156	6228
377	9371
6309	6713
6136	6235
54778	57542
6788	6801
4710	4728
8322	9341
904	5451
56165	136991
262	4143
5433	10772
972	3113
27258	51639
991	5708
26190	83737
287	6326
846	2798
1058	79172
4171	10036
1894	10112
3092	9146
6159	6229
5515	6500
6631	51639
1812	51764
3490	6696
2791	115557
6144	6158
514	4713
4736	6152
990	55388
3488	7857
6155	6156
3635	5579
1783	5861
566	1511
3931	4023
4735	7532
6637	51639
3066	6045
2867	23620
988	5062
83732	84946
22984	65083
11314	196527
2893	2904
1915	6159
6133	9045
988	4999
56670	59340
6218	27340
54778	140460
163	9322
3361	3627
3646	6156
419	390243
6155	6170
6136	6224
9877	23279
51264	51649
54443	55165
5328	5329
7082	25937
5928	51317
2197	6152
146	886
3921	6157
4852	283869
4540	25915
6133	6228
6167	6203
5708	7415
6453	23149
3434	4940
2064	54206
2033	9967
5711	8453
1121	81846
87	78991
6125	6135
6633	84844
5930	80204
988	8243
10949	220988
25839	84342
2841	7852
3071	9844
199675	338339
4736	10399
4891	30061
1062	9787
1994	5725
9055	22974
813	7184
886	2922
3688	6709
9867	197131
1233	11251
2147	5020
4867	27077
4986	50834
7337	26190
3884	100653049
1605	9459
2107	6176
10952	28972
56902	79954
10970	11001
5023	10857
5796	7316
8729	9276
778	10369
6207	23049
7514	55746
6125	6159
6208	9349
6122	6194
1435	8542
6128	6202
274	23149
51096	57696
6228	27340
6128	6139
6129	6209
6139	6142
1387	27327
6159	6218
3688	3918
2207	23533
6146	6159
53829	57413
1991	6036
81697	344892
990	9156
10959	50999
1453	6204
857	7132
335	350
6181	6235
8533	10445
5747	9564
462	2147
2634	3659
967	5878
3833	64837
57787	84902
3185	10921
1536	4689
50813	84727
6138	6207
29093	92259
25909	54821
4512	4535
5725	27316
4116	6169
7311	158506
1347	9551
2197	6139
4512	4538
5903	9126
10713	53981
5879	5898
1595	5447
10762	55143
6222	6230
7032	7033
3849	140807
1524	126006
6124	6125
3355	5733
2776	27334
1793	5747
6154	6155
9320	51088
3133	3134
6132	6168
23608	140462
6159	6168
4540	4713
6205	6232
9742	28981
10574	10576
5436	27258
6161	6173
1555	1557
10395	23371
1783	79659
57405	79980
940	3695
9918	10592
3156	4597
6143	6228
6429	84950
1387	9967
11343	57552
6165	6202
3675	375790
695	7305
23601	170482
2932	5704
3007	3024
23160	51602
6160	6203
10575	84617
118487	219927
4599	51191
28987	51388
1161	7518
1783	2491
320	5864
6635	83443
5516	151246
6156	6208
5879	6249
9793	57551
1136	1137
6202	6234
6632	51503
332	1063
1793	6714
4116	6218
399	94134
6161	23049
2177	2178
1291	5352
6146	6206
2359	6370
8945	80204
915	7535
6155	6158
6663	27022
6206	9045
2524	2525
595	4602
2207	2212
954	158067
5516	10023
1991	10394
6156	6222
6176	140801
2150	2788
3491	5954
1642	27339
5584	23085
6130	6169
1292	10536
1017	84515
3912	11167
332	2305
27258	51503
54069	64946
6129	6228
701	23047
1340	1347
47	2799
4694	29796
4542	4641
3191	79869
2633	3437
1062	7272
3685	9475
7536	8175
6170	140801
6288	6357
8334	85236
5868	22848
6223	9349
10112	64151
6175	6204
6144	6164
3880	4072
7156	63967
197	462
6133	6137
2262	2719
226	5315
6193	6208
4736	7311
4738	5695
8341	8970
1595	3157
274	11252
890	26271
963	3685
6772	10148
2197	6136
6727	7311
5335	10818
2159	2243
9636	23586
6129	6218
6144	6194
6173	6181
2197	6218
3283	6718
1830	3713
9320	22954
323	351
10112	64837
4172	4173
6168	6234
23279	55339
514	1350
6520	8140
3119	7535
6222	7178
4172	5422
10426	55755
3903	5023
6426	7919
351	7466
50838	259295
3512	57050
6203	6205
1366	4072
2864	27334
6167	6207
6205	6209
6159	6164
23310	64151
2773	29899
7044	51097
5696	5698
9021	57674
6129	6208
6173	6229
2975	10621
2790	27334
3675	3688
11325	55749
6434	10181
55055	81930
4924	10618
6202	6232
6230	6235
4543	6751
1981	6206
2197	7178
54960	79833
6601	6605
51645	85313
79470	344892
10489	54778
5795	326624
3303	10963
3190	10432
6147	6230
2064	7311
5878	8976
23014	65264
6235	10952
10161	257313
6154	6168
2048	8976
6432	6636
6169	6232
23322	79867
6141	6228
1660	1994
1605	5747
2064	5747
6129	6142
4726	27089
10291	23658
6154	6227
3911	3913
27043	57647
80346	402135
1062	64837
2197	6137
950	8976
3486	11098
1667	1668
23168	27125
3579	8766
6164	6167
3921	6155
1854	7298
2967	27125
6156	10399
51382	79895
2243	2266
3191	10921
6228	6233
3433	8638
23223	79039
2740	5739
8175	57794
2935	6217
4862	79365
5339	6133
2048	3055
6146	6218
64951	64960
4904	10465
999	4646
10615	56992
23	6059
6155	6164
988	23595
2059	5294
133	2863
6773	10379
6132	6222
6233	158506
4620	8735
301	9002
11021	51762
6130	6152
6152	6222
6878	8295
1434	3836
1660	9128
9744	51454
1969	2268
671	4353
4513	4538
9437	259197
109	53829
1650	6185
6122	6135
9636	11274
10236	51692
2841	8698
3921	4736
2767	64407
1362	3482
1778	79867
6150	116541
29127	81930
1029	1030
6194	6228
1717	6307
6157	6229
5471	10606
1434	7514
391	394
10713	23451
6202	6227
26235	158506
1965	8892
5579	5583
1660	3609
566	8635
3921	6203
5054	5329
6146	6181
6204	6235
1670	1671
102	3895
1937	6124
1499	5708
2956	6117
7042	83706
219965	285093
6636	8683
3491	51280
567	3659
7311	7321
345	4036
3836	22974
2318	54751
3106	3133
1981	6135
6152	6181
643	64805
8563	23225
6164	6208
3192	23350
8074	29106
3921	9349
72	58498
4725	7381
6453	8322
1062	29127
6138	6223
25831	80204
8843	338442
5701	5715
4726	9551
51258	64928
514	4700
680	3358
5518	6235
6160	6204
6201	6208
6204	6223
6122	6143
3433	9636
2197	6165
11118	11119
350	5267
945	6556
6168	140801
3181	3189
3799	10112
7409	7454
274	9341
1365	1366
1337	27089
4701	4713
4317	6947
3832	6240
963	3683
9738	132320
11017	11051
1933	6224
1398	5781
1942	1969
940	8516
81696	344892
399	117289
1969	3055
6161	6201
6135	6210
64131	375790
6750	50837
8295	8945
2244	3827
3199	8338
9126	23332
6147	6168
6170	6203
9136	84365
5725	10657
9559	58533
1991	5199
3713	6699
10693	11328
6363	6373
2847	4985
3123	3127
1933	6233
7398	10714
1956	3084
3912	10272
1236	2841
1292	3688
6385	7852
7272	10592
640	7525
6144	6205
10749	11015
11004	24137
24148	51340
23295	84231
3822	8302
7913	9015
6227	6230
1471	5034
6155	6228
4694	4724
3837	57122
4928	7514
2790	55970
6233	9927
6159	6181
6227	6235
6160	140801
857	4088
3915	7402
1981	6232
8729	10121
6146	6202
116	94235
6122	51386
6158	6230
9927	10059
6202	7178
3850	3860
1861	27348
1605	10298
257313	387129
5694	7979
6135	6146
302	5707
3799	10540
6160	6207
3351	4887
9412	55090
6188	6203
6601	6602
6173	6235
4726	7381
84154	84365
6139	6152
6208	6229
6125	6208
6133	6209
25	10163
328	10038
6147	6229
10022	51289
8688	286887
5067	23627
5023	10970
5879	90627
6152	6204
7305	100049587
4686	23511
3635	3667
383	671
3619	79172
10412	79039
9295	22794
2204	23601
2957	5433
6222	51187
8560	10970
6139	6230
197	5005
6160	6175
4940	10964
1639	24137
9787	24137
983	80184
2792	26338
3071	7409
51023	116541
3619	23511
6161	6188
6209	55127
3710	6804
2107	6173
2833	83756
846	50835
6124	6202
26589	219927
8349	8969
2064	5599
2792	388531
4712	4724
2491	3619
6209	6227
6203	6228
6175	6202
5737	56923
1062	10403
3054	6872
6426	27316
2719	3698
11339	51203
3911	3918
25827	115290
3017	8351
2099	6387
3267	11252
1058	151246
3396	51649
4696	4710
7514	9126
2865	6288
6142	6159
3619	51143
920	115548
6430	22938
1894	9833
7783	11085
1933	6165
10921	51729
6204	140801
3903	10970
4734	26091
1340	1350
3127	4261
64318	84128
4194	57690
1407	7311
26338	65055
6202	6235
6165	6208
6156	6171
4088	23327
1559	1576
1829	5318
6142	6165
9892	10109
6170	6232
23019	55571
54960	79023
4677	8565
26123	57545
566	5657
5720	5721
6165	9045
6167	6227
6142	11224
10282	11014
6193	6206
899	51343
6129	6203
51226	553115
3688	91522
83666	151636
4297	23309
6144	7311
163	2535
3178	6626
9183	22919
1783	6249
675	27030
6129	6188
388	23526
6144	6208
7409	27071
51172	84572
2790	5579
2521	6434
4738	9978
8698	55970
553	3062
51	5194
3655	3918
56729	126014
4539	374291
86	988
6181	11224
9508	57188
3688	6774
80097	653784
940	50943
9793	121441
988	55631
5725	23020
121391	286887
2150	55970
3833	9700
2205	2206
246184	285231
87	5879
891	9787
6619	10623
5339	6157
6158	6170
6464	6850
2550	6363
1832	3728
6175	9349
2767	5296
5516	79172
3915	84141
8356	8365
6235	23049
9787	10403
5829	9459
3895	3915
1843	5921
3178	220988
65083	79954
1793	10152
332	79902
10254	22848
6237	10235
27077	57545
64386	79895
462	2243
3837	5903
10849	25885
996	64750
1495	5819
258	5179
1824	5266
5900	22800
3903	22918
5879	9046
64682	80204
9322	22905
174	3698
6418	10592
11091	81887
5432	79577
3912	7184
6134	6167
81	5829
5290	9208
3354	11255
1660	11338
9410	84950
163	54874
10291	10523
6144	7178
9672	64131
4584	50614
1557	1559
6155	6207
1116	1991
6455	7316
9801	64965
1738	4967
8648	84498
1453	6207
10013	51317
891	10592
1778	121441
4696	4715
1639	29127
3685	6714
8871	9341
27327	80012
6188	23049
2185	9564
2792	3763
6161	6203
10250	10285
6146	23049
51088	84261
10121	80184
5933	132660
6218	6235
6138	6228
57115	114771
5519	22919
7337	55175
9341	25977
6130	6230
27076	154064
8349	121504
6346	83756
6434	10432
57545	80184
7337	51132
7414	7454
79659	150737
6173	6223
991	10726
6168	6173
6206	6208
29074	65003
2625	5241
1830	6699
930	973
891	22974
3107	3134
5529	5711
26268	56995
988	10574
87	6385
3190	4670
4509	4519
6866	8997
6122	6168
3376	51520
6147	6202
6146	6169
6122	6228
738	51209
6232	7311
6154	6234
3561	5599
4709	91942
1062	5516
2359	56670
398	5880
7167	441531
5829	64098
353132	353133
8615	10802
7532	80097
3915	11098
9219	10919
6209	25873
1462	29940
4069	4332
1280	84570
1308	3655
10618	23431
2916	4887
51429	54874
3655	3675
2048	5921
1292	3672
23291	83737
6426	220988
3212	8338
7425	10272
6168	6223
64979	219927
6161	7311
6193	25873
3185	3192
963	8514
394	9138
4686	8021
23332	91147
6130	7311
332	5501
9349	140801
2519	7184
6429	9295
301	5368
932	79895
8729	9371
5744	9340
991	5347
6124	6169
4116	140801
5822	7109
7321	65264
6418	7514
351	8698
2696	53831
6599	55193
966	79090
1495	4233
643	9294
2185	3320
2633	4938
6124	6205
28973	55173
6155	6203
993	84126
6709	6711
58	5879
3119	4261
6138	6233
1022	9015
675	1017
4702	4710
2243	3026
6170	6233
6132	6227
6161	6171
302	2799
6202	11103
6164	7311
2491	151246
6194	6207
6233	653604
5706	5718
3339	3915
6634	22827
2033	5451
3619	10735
1639	1783
6241	9700
1233	5473
6428	348995
8289	57492
983	26005
5518	6133
152	5179
4707	29796
2207	3937
1277	5118
8452	57154
1445	1956
344892	390058
285093	390191
4710	4717
28998	57129
6173	10952
8648	23097
1908	6863
1500	84962
6157	7178
7525	11099
6206	140801
7311	23118
1329	1337
10250	23636
6189	6193
4670	6434
1005	1009
6167	9349
5439	6119
6157	6209
5425	6117
9757	57690
6169	6189
58506	130074
6146	6160
10946	22826
9787	55635
79172	151648
273	8673
5529	5903
2197	6227
813	10970
6160	23049
6136	6161
6161	23521
6138	11224
10772	27316
5476	5834
6518	196527
51465	84447
26123	79600
3107	6890
65264	90293
53981	348995
3832	259266
1947	2049
6135	6158
22905	51429
9879	23517
10733	79959
4666	6136
7514	23039
6147	6209
9320	55236
6160	6171
7098	7184
6164	6201
6144	6218
23404	54881
1111	2177
4736	6224
6142	6222
6138	6203
2537	10561
338	1080
23160	55127
6130	6218
6426	100526737
4735	11190
6144	6224
54874	115548
123016	129880
377	9493
9636	10561
8945	55832
10236	22826
3357	4829
6223	6227
6285	6288
4736	6133
79954	84916
701	57082
5516	10213
6233	54778
6154	6222
1665	3190
3655	375790
6135	6222
1406	4901
10000	55970
51649	64928
553	680
3308	10808
1350	10632
6136	6204
5689	51371
4904	9410
6122	6208
389	94134
4172	6118
6208	9887
6232	25873
11184	27071
117	2784
1287	3685
3797	29127
81797	344892
699	1058
9410	10946
2533	7408
6159	6210
84861	143279
5870	57403
5441	10980
332	24137
3105	3106
11128	25885
1662	10528
1108	3094
8638	10379
51465	84541
996	5708
2521	220988
695	6850
26190	54778
3685	160364
6227	9349
996	23327
1991	8635
6159	6206
6224	140801
6208	6727
158506	285231
6158	6228
6169	6176
4734	7316
3937	7409
6208	6230
10084	24148
2770	5599
2358	338339
1669	10394
1453	6210
1118	3417
1008	1016
9700	9793
2695	2792
7317	9820
6159	6201
2185	9475
1022	6929
5196	6370
2197	8662
813	84141
6146	6224
6154	140801
8347	8365
7478	7484
10964	55601
3213	3215
10013	57649
7514	9972
5878	10552
89910	115290
9742	26146
6635	6636
5578	9564
7337	23309
966	51014
7311	143279
3352	5540
4176	5982
6230	6233
5318	5493
857	858
10022	50835
4734	64750
23586	83666
10576	10693
6154	6233
1398	5747
920	3702
1829	5493
3191	11338
55388	90381
3433	4599
9277	80135
1994	51692
2848	196883
3122	5641
6209	6235
6169	6233
1387	2033
983	11130
25	5159
6188	11224
5604	8826
6868	7311
7357	166929
9928	259266
5170	7249
3915	5954
6206	6207
11091	54881
10274	57551
6235	140801
2792	7434
5540	6755
1660	23283
6142	23049
6218	11224
197	2266
23063	23122
4694	4726
4736	11224
5879	8853
27340	51202
389	90627
1387	3064
6124	6176
966	79895
4343	4853
259290	259294
10155	10780
6139	6204
7153	9824
6169	11224
4670	10594
3949	5868
4708	27089
1783	8729
3308	5903
6235	11224
1329	4713
6165	6233
5590	23286
53905	405753
1759	7311
6189	6201
5711	7311
5552	83706
1983	6232
3434	10561
695	974
6189	6203
1302	1310
6128	6173
6625	11338
11338	27316
10749	51014
51649	54998
6934	83439
54716	153201
161	6233
1981	6235
6161	11224
2197	6124
9320	23291
6160	6227
905	55677
6233	257397
10491	10536
6207	11224
6142	6235
399	23526
3594	149233
27316	84991
3842	10527
8349	8365
92170	503542
9462	64926
6139	6201
10250	79869
6135	6218
23014	79791
6194	6234
3915	54972
1910	3827
6625	11100
6176	6227
6625	10523
2886	5155
6135	6143
60485	84962
8452	9870
2810	3918
5439	8896
10199	79954
2197	6160
6223	6232
6134	6202
6385	7057
1981	6208
6125	6173
861	57332
23304	64682
5528	23332
6154	6161
5747	10458
3190	9128
6154	11224
5330	60675
6207	6223
5516	5707
3619	3832
471	441024
1241	55970
5581	10681
6207	23521
6158	6176
4626	8735
4057	10321
3640	5443
5868	5869
3074	5707
6167	6228
1537	4722
891	1033
6118	10459
919	3123
3690	3791
1933	6222
22918	79895
6167	23049
6141	6176
10285	23451
8648	9968
4283	6364
6160	6209
4707	7381
6203	6208
9416	10236
351	2817
6206	6234
1195	57396
6747	23471
23291	56929
6128	6229
4702	4724
5439	80349
746	100128731
6152	9349
3422	4597
6144	6223
6152	6154
2792	2847
1350	27089
963	5023
65993	124995
6138	6206
3673	4233
6556	338339
3854	3861
90	659
4116	6152
4926	55755
274	51429
6206	6235
161	5286
6135	6205
6164	55176
6152	8666
11004	64151
6156	6165
5829	55742
5516	7525
3956	7076
6137	6234
942	7525
5286	6272
5435	9978
6161	6230
5862	57403
6128	6203
81930	151246
3437	23586
4734	9320
4508	4536
3013	8970
5861	81562
6500	142689
1453	6227
10112	22974
3672	3685
2168	2169
9716	23350
796	6344
23160	56919
6175	140801
1302	50509
816	4137
4736	6159
6133	6201
344892	390326
1738	6470
6202	6218
5347	24137
6161	6232
5433	55660
963	64386
1950	6678
3434	23586
10949	84991
2535	8324
6204	6222
11235	25843
9730	84085
1933	9349
521	4694
3886	8687
351	2841
6135	6203
9887	51065
4357	54205
6137	6160
6138	6144
6124	6138
1783	22930
6228	7311
6154	6228
6137	140801
5547	5660
81	7791
8295	79595
4775	5534
25798	326624
1937	6201
10112	23095
6135	6156
4116	6168
6173	9045
23326	79595
5880	6453
3688	3913
3672	3915
23304	26268
6387	6754
1915	6202
2266	2719
87	7044
1232	4986
641	5426
10970	84141
6829	54623
5149	388531
332	5347
3916	3920
4725	29796
6159	6165
1364	1366
5094	5725
701	221150
6139	6224
4853	6868
8515	22801
7458	8662
3725	9070
6154	6164
3912	6714
50831	51289
1000	10970
5332	55970
2935	6157
9320	54778
3921	6175
6141	55272
1453	4809
6152	6156
7337	8697
163	9341
160	8867
23047	57082
3190	5725
1476	8993
991	2305
10250	27316
5330	9002
1763	10714
1857	5699
7704	142689
2064	85440
1910	6863
5879	6385
6189	23521
3312	8871
1511	8635
1278	4313
6133	6206
10640	55770
6132	6228
6158	6193
4718	4724
7110	10618
5690	8742
23595	51053
55275	55610
6125	6161
6159	25873
10250	10291
10489	51343
4953	51686
23646	147746
9870	64219
57154	65264
9493	54443
9967	23097
81930	259266
23014	142689
8085	8289
6222	6233
2207	5338
10540	91147
1329	29796
11190	23332
871	1303
22845	57171
4508	4535
5422	10714
6167	10952
160	6233
6122	6222
9382	9827
963	84329
10970	196527
9295	84950
258	9210
5741	594857
4540	4701
5119	9798
6233	8945
10975	126328
143279	154214
56963	148738
4957	55755
10949	23658
1327	1337
3422	6721
6173	25873
6657	57167
7204	10800
683	94103
23160	84128
2801	5861
87	5768
3882	54474
10992	27339
9816	9875
1859	10238
1639	10121
5887	8450
846	259295
3181	10594
8615	10959
7311	23521
8337	85236
28977	54516
3192	23020
1933	6155
6229	7311
11021	23011
2912	4852
1551	1576
8636	11258
5700	5702
6142	6227
8337	653604
6157	6201
5093	27238
6142	6168
2788	2863
5879	57522
344892	390061
6156	6170
1398	3685
26146	55112
27316	220988
6428	6632
972	3119
5604	23164
57154	57674
6727	11224
80224	374291
6133	6234
2863	9002
83597	403253
22948	84617
7082	100506658
5599	6272
9820	23304
6223	6224
8924	23030
1295	10536
6176	6235
6135	11224
6139	6193
6135	6154
2197	6205
2197	6168
26005	26123
5080	8338
10022	56923
177	351
8349	8970
6155	23049
3111	3113
783	2784
1915	1937
5427	9768
6170	6727
9493	24137
4512	4539
5829	10458
5439	5451
2071	6878
1329	4726
163	25977
6144	9045
1282	10491
8452	26091
11059	65264
222487	338339
7184	84141
9493	9585
6422	7474
3619	24137
3191	3609
1495	5781
6288	84432
4735	121441
6138	6189
10112	81930
5518	6164
7311	8295
6175	6234
2131	6385
6790	55165
55884	115290
25926	117246
6122	6181
54148	55168
1058	9833
5438	9978
6218	140801
6158	9045
6168	6230
91	92
6181	6233
6205	6224
81567	93100
57405	348995
6218	55127
4088	57154
4725	9167
6154	6169
2962	57794
5714	5718
3920	80331
6143	6171
3312	9128
1991	4332
116541	219927
6122	6175
6184	6185
389	85360
23244	55746
10112	55635
6188	6206
6165	6230
54509	445328
10094	10095
9416	23451
6790	22974
4700	4707
813	3915
6122	25873
150684	150726
6209	6210
8329	317772
6500	7320
4715	7381
8687	121391
6139	6159
6223	55127
6228	6232
6628	22827
1605	6714
6167	6205
51258	64951
6137	6210
2521	3185
4735	91147
9564	10044
2023	2597
3376	4677
6136	6164
6175	6210
1495	1499
4736	6181
5433	51362
2185	5599
6173	6234
197	350
7311	140458
26263	55884
84231	140460
25831	154881
1991	3240
6173	6233
813	3912
7919	65109
25793	84676
5714	6790
966	6711
6194	6218
388	55843
1660	3190
2197	6204
2033	26523
6130	6205
11127	51014
6139	6160
6427	6432
6709	56729
1781	84962
6170	6234
3683	10970
6154	6232
148	2837
5879	10095
3491	3915
988	55770
6133	6159
6168	6227
336	2243
9820	89890
3856	3875
3921	6222
9672	375790
23322	26123
6124	6161
51068	117246
9040	10517
3191	10949
2214	2215
3921	6228
8074	8404
377630	401447
6189	6234
4049	4050
567	10475
3015	79682
6139	6210
6135	6228
6194	6205
967	3916
6188	6217
25873	55176
5861	10540
10254	23149
6205	6228
1937	6222
4535	4537
2551	4899
6158	51386
55829	58515
6556	160364
79003	81565
4584	9245
3394	3430
846	10022
991	9493
10075	23304
699	151246
857	1956
6165	7311
79642	285362
25873	51187
1576	1577
7175	55746
4313	4325
10013	25942
1907	5332
5501	7159
6233	51592
6189	6208
5266	6707
887	3827
11274	23586
2932	23291
1063	9833
4940	10612
22856	55454
6363	6752
335	4036
2873	8945
6129	10399
6152	10952
8602	55226
118487	128308
6122	6136
140453	192134
5899	7852
335	3827
1062	24137
22995	163786
6146	6173
6129	6189
1537	4726
1499	5819
9295	9410
1062	259266
6209	6229
2491	81930
988	9533
3091	5708
23560	84172
9039	10293
2222	3422
23283	27316
6209	6230
1793	10787
5179	283869
6201	6228
9436	9437
695	8976
1511	5657
2475	9675
1981	6175
3192	11338
3832	10592
29127	51014
6218	25873
1445	9564
991	51665
350	2147
2791	11245
1991	5657
302	3074
7871	8428
1398	9844
6144	6207
2207	8514
966	64386
1933	6210
3921	6201
2958	5435
4548	10768
3015	387103
462	2159
2914	3350
2159	2266
6168	6193
2798	10886
4690	9448
51081	51264
8451	55208
26155	84172
567	6890
4301	7082
10959	55605
56670	94235
4717	51079
6129	6207
6122	6133
636	22930
6160	6173
6128	6181
963	7805
186	84539
5689	5700
3274	55970
9294	64805
8925	63893
6152	55176
87	3688
10425	63891
701	3619
64682	84085
156	5021
161	26130
3973	4160
1062	9585
5196	56670
11190	26005
699	259266
6201	6227
4641	5872
6139	6206
5903	79172
4351	80201
1946	5294
6129	6161
9354	23304
5435	6634
8976	55243
3675	5328
2935	6170
6234	27340
9632	10483
6136	6217
6136	6159
991	9133
54625	151636
79023	84324
11250	83551
891	1022
1660	3192
1058	55355
3488	54757
8568	25926
4736	6143
5660	6376
5610	23586
5715	139285
6223	51187
3675	3914
3918	9459
7311	55272
2268	6774
2491	5529
5879	10788
23322	57545
5116	55755
10102	84545
4508	4513
6696	7425
885	2922
580	10714
5694	5715
867	5781
1907	5021
1290	10536
1462	10618
623	5737
274	9322
5077	6663
10618	55330
3693	7525
23304	57531
29984	171177
55003	84154
6168	6224
1738	4191
928	3688
3192	10523
378	5861
6139	6209
6230	27340
6830	85403
2243	5005
102	8542
11258	93661
9616	28991
868	200845
27340	55720
2537	3437
988	3839
6157	6161
79664	92105
6155	6222
8570	22894
3676	3691
2692	5745
28981	51626
2792	6752
51433	246184
10075	51132
11103	56902
28973	64928
10885	27042
26190	197131
6128	6136
8453	9870
5781	7525
10615	146909
6168	6181
3133	5696
2623	10661
1665	4686
9833	55165
55339	55749
2768	2790
6152	6233
1478	3188
4939	10379
6141	6222
6337	7311
3998	6745
6241	10403
2971	51082
988	23435
6128	6152
1639	3797
4035	5159
3837	3838
51143	348995
1650	29927
521	4724
6755	339403
6161	6193
6137	6232
2185	6461
904	5433
9730	63891
5660	7852
7057	83706
6142	6157
4331	404672
891	1781
29984	445328
3903	10857
351	3913
1453	6208
6181	6218
6709	126014
776	51764
6249	54908
899	140460
5426	5427
2064	9475
64976	116540
4738	285231
1803	59272
344892	390275
7320	7322
6517	9968
302	2519
3932	29760
64682	154881
1902	7852
2147	4295
2736	8481
1915	6142
1537	4715
6132	6165
2207	160364
6147	6235
9370	9441
4194	9099
846	50838
701	8243
5469	9282
6167	6189
3978	5424
8648	9282
8329	8349
10084	84950
5173	6751
5347	22974
1062	23095
3185	3191
11322	55754
10193	26046
1894	6790
10594	23450
8338	10526
6164	140801
9833	29127
3646	8667
972	3122
7311	85015
6204	6232
6228	7178
219954	285093
336	462
51023	219927
2206	5335
2519	11098
6155	6206
506	1431
4540	4724
388	89846
9928	11113
6136	6139
2935	6202
388	51291
10383	84617
7311	121504
9493	29127
6218	7311
3192	23283
2054	8673
1669	8993
6141	7311
5878	11021
6165	23049
6158	6233
1241	7204
51289	259293
8467	9188
57111	64284
6125	6202
6160	6194
121504	126961
4853	10046
4298	23168
10693	84617
7325	7704
2197	10952
2935	6164
6147	6176
4867	79867
2792	10563
3717	4352
6601	57492
5706	9134
6122	6130
6129	6155
4160	104909134
22905	54874
6233	143279
4736	6230
518	521
1329	1350
6160	6169
4736	6136
4709	4725
8449	79869
8065	84259
9277	65083
4666	6129
84128	84946
10412	23517
9969	10499
10071	50614
6138	6160
1810	55689
6830	26043
285093	391211
23511	25929
8329	8334
6132	6204
8349	653604
6330	6340
8453	84085
5660	55970
1778	24137
79090	149111
3093	27252
6142	6218
1601	6453
6434	220988
51642	54948
5872	23265
3181	10713
4535	4536
383	4353
8243	23279
6209	10952
1314	8615
2935	6209
4709	10975
79600	80184
10892	257397
1660	2130
4713	7388
6428	6432
1394	4160
6133	6173
6143	6169
6233	140801
6637	83443
6625	23450
6161	6168
6133	6193
1237	9934
1778	4867
4988	84539
3921	6234
1462	84141
7531	10383
3619	55143
29118	63876
25831	57542
4696	4718
4599	10964
5516	5598
6185	7841
7283	27175
2033	9757
915	3560
6692	6768
6208	6233
4736	9045
29074	55168
5566	7283
6168	6204
6160	9045
2957	7702
521	4700
6175	6189
1933	4736
522	539
1387	8085
6130	6144
1994	10250
4713	29796
23014	143279
1329	10476
6135	9045
9349	25873
6790	9833
3202	3203
1933	6203
6125	6128
6870	56923
2784	7434
6138	9045
4343	6233
3913	54972
6167	6223
29882	401036
2197	6134
6232	6249
6430	220988
2204	338339
1500	3801
899	56995
7536	10523
10403	51143
10403	113130
3609	10236
3559	8651
4088	7316
5868	57403
705	56919
2767	5335
6154	6189
566	4125
932	338339
2185	5579
58191	63940
1915	6141
3836	7534
27229	55755
506	147007
1937	6229
5905	23225
6155	6208
5707	5708
2535	4919
1983	6205
6122	7178
2966	728340
7124	8740
57405	79172
481	488
6223	27340
3716	259230
9700	23397
1435	401138
51021	84545
2207	3903
841	843
4513	4519
6206	6233
8976	10254
4686	9879
5111	7027
701	56992
23585	54741
6139	6154
80155	80218
1337	388753
2935	23049
2033	10498
5878	8411
399	4983
6205	6234
9662	10733
3115	3127
23398	23517
3853	3860
6202	27340
6224	7311
6233	65264
1994	27316
2023	5315
999	1001
3017	8365
6173	6201
5707	64750
8655	10540
24137	285643
1969	5747
2177	2189
377	5861
7314	9134
537	10159
5433	55197
51465	140739
6714	10413
6203	25873
389	23526
6159	6194
11236	79139
1662	9136
5004	5005
2935	6142
6157	6175
10575	10693
2131	2132
6698	353135
7272	9833
7329	197370
1088	170482
3799	9585
7311	54363
5199	126014
6159	6224
26284	64965
988	1994
1022	5432
51320	55175
5701	7979
4725	55967
671	8993
7979	9978
5432	11051
6124	6159
332	9700
26589	55168
6168	6727
1933	6209
9044	55814
80018	80155
3430	3437
383	4942
6189	6228
226	5223
122876	594857
22930	25782
890	4999
3105	3659
6241	64151
6136	11224
1956	5796
1453	6230
1033	9232
3157	4598
595	896
4694	4710
6129	6156
336	3827
1548	1553
6133	6207
4726	7388
338	2243
945	3163
4734	26190
3084	5599
6227	10952
1956	2059
3190	27316
2185	3685
6152	6167
4116	6160
9738	146057
2962	4298
3055	9844
7321	84962
7846	10540
3799	55605
886	2846
383	8993
6171	6235
4736	6205
6158	6181
649	3339
6222	6223
6141	6230
301	7852
55831	56851
4514	4537
2023	2026
1665	10885
6144	6188
64761	83666
6142	6207
51129	85441
4599	4939
3689	8514
1063	23332
9767	11143
10890	55667
9410	29894
1880	3579
5048	121441
5335	7305
3998	22872
991	54908
8687	8688
5707	10575
108	797
4736	6229
51081	84545
5781	7311
377	10749
133	55970
1236	4544
6161	6176
472	84142
5718	8453
3305	10963
3185	3190
6426	6428
4116	6146
6456	9892
7124	10673
2782	2784
1915	4736
3832	9585
1398	10787
6461	7409
4171	4678
1161	51397
6176	6204
6709	8729
102	84141
4176	5111
6144	6168
302	23526
6146	6176
6129	6227
5202	10471
2033	8085
5696	6890
6613	7421
10383	84790
1639	8729
156	55970
3685	375790
23165	51692
6500	8697
9343	23451
1004	1016
1060	348995
10193	26118
3091	4088
8602	83732
3313	5903
51602	84154
3673	3683
3356	94235
1088	6556
1277	22801
1994	23435
4641	10552
3849	319101
7098	7311
3675	3912
6147	6205
79583	79867
6168	6232
29093	51258
659	1386
945	5023
3998	10959
2147	2243
6144	6229
5706	6790
5717	10575
4710	4712
6745	6747
9410	57819
10959	22818
2071	5985
3134	3660
27134	100506658
1660	27316
3675	4233
3576	6347
5929	23067
6167	6176
1314	10427
6167	6194
695	3710
1956	55914
6159	6223
1233	5196
4295	5020
4829	10886
1523	10466
2919	6347
9967	10432
26589	116540
26524	84962
378	10959
6139	6173
2222	4597
928	3655
114	2492
54657	54658
846	56923
7852	8698
5903	7514
50835	50838
6156	6159
5861	5868
283111	344892
8454	9690
1902	8477
5868	10618
4171	81620
1495	3799
3512	100423062
2237	23649
8969	440689
6154	6231
9918	54892
3181	5430
6122	6204
23223	65083
4691	10528
4173	5422
8976	9341
3355	4852
6801	7871
5725	220988
6128	6164
5199	56729
1398	3055
6207	6218
6168	6169
6144	6204
1499	2932
6147	6173
150468	259266
892	9477
3354	6387
80168	346606
6202	9349
2935	6181
2107	6234
51715	326624
2491	5903
389	2064
2153	2244
56902	88745
5869	10552
9984	10482
6124	6193
887	2147
1105	4343
55755	347240
23160	56902
5707	10493
6232	8662
1387	6938
3122	55824
247	3479
212	2623
3837	9631
10921	23524
9493	10121
1303	55214
1462	3915
2769	5335
6632	10465
988	58517
5657	6037
9972	23511
6152	6159
5430	55215
3066	9014
51280	54972
54577	54578
54998	219927
6164	6170
1793	5829
641	2177
2957	51616
6133	6144
3797	92104
1062	10592
2550	3579
6143	6231
5868	26130
10621	11128
1350	29796
1307	169044
2918	4985
6193	6232
4194	7316
1508	1514
966	199675
2209	3055
6224	9349
4173	23397
335	2266
1783	9493
6224	6232
5347	6232
3797	10540
6124	6139
344892	347468
81	55243
1154	23014
2917	27199
6139	6233
8689	9119
9833	24137
6156	6167
23350	55749
6208	6224
6139	6158
6233	9732
5094	10236
25929	79084
248	6975
1981	6234
6631	51645
813	11098
6143	6175
64219	65264
174	2243
8648	96764
6625	6626
3013	8334
891	7314
3111	3115
6233	26190
4541	4712
6498	64750
2967	79577
699	10592
4174	5424
2023	5230
393	11014
4588	192134
4074	6456
332	29127
6164	6224
2784	3763
3308	9631
51289	56923
11059	23291
1605	55624
915	919
3856	3866
6714	7525
174	6694
6233	84749
9700	29945
1938	23521
9133	57082
2268	6714
1337	4697
113	259285
1500	5795
4736	6228
9648	79571
6207	11103
4736	6235
6144	6228
6194	6203
1933	6204
6776	26228
2912	3355
6144	6157
6170	6173
5695	51371
6319	6720
336	2262
6175	6208
1781	80184
6135	6176
6234	7311
1314	10945
23020	51729
23122	55746
6139	6189
54908	79172
1232	50834
10890	51715
6047	9320
6176	6218
4050	7124
6205	11103
1063	3832
51602	84946
6157	23521
4670	5094
6189	9045
6626	27316
8349	333932
4586	140453
9879	58517
5336	118788
2268	5829
6152	6173
6122	6129
10121	10844
5286	286451
6230	9349
6144	6169
7857	54757
213	5340
5862	10890
9020	23118
4710	4726
6175	6205
3312	10808
87	1499
6208	6234
10539	57019
6165	6234
10291	10949
91147	121441
4771	122786
3183	5094
324	5699
6934	283149
3687	22918
6223	25873
9055	9493
3640	53831
6146	6156
6209	6232
2797	2829
27125	55840
1660	9343
2197	6228
2846	4923
521	10632
1933	6202
5976	56006
5708	6790
2923	3309
6233	25873
5037	10256
79861	81027
3017	440689
1072	5216
3178	8175
988	11193
55320	401541
6790	10112
1062	54821
6170	6206
6167	6230
570	7311
4171	5426
55781	134430
966	11322
6130	6188
4734	23327
2071	9015
1230	55970
23279	113130
1017	63967
1650	7841
6176	6194
4694	4707
6143	9349
84648	353142
3304	3337
830	10282
6207	6233
1500	51474
1994	10949
5695	11047
1327	10328
3122	3123
10197	64682
10155	79943
8351	8363
988	1660
10652	11014
23122	23244
5788	7852
3842	54464
3921	6230
10524	54107
2912	5173
1062	9493
5573	23209
3362	3640
1915	6207
55127	57647
11014	60561
2935	6122
6189	140801
2695	7434
3655	4233
6139	6202
7322	9867
116540	116541
6128	6232
950	3482
932	326624
1268	10803
151648	348995
3491	4148
9793	55746
1306	50509
28981	64792
6175	9045
1781	51014
6133	6202
9508	55901
6176	6229
26589	28998
5590	50848
389	1894
712	7305
23279	53981
79090	90411
50835	259292
10376	10693
999	3728
2033	8289
336	2266
6155	6204
7057	55901
2810	4486
6233	26091
6154	6208
6161	6206
5293	23533
5928	57459
3006	85236
29927	58477
153571	153572
6136	6156
3852	3860
6141	56915
831	5747
2521	6421
3133	6890
4736	6171
6135	6235
988	9879
2801	10972
8925	54778
1462	10082
55142	203068
9879	10949
6136	6206
6233	80351
2002	6722
3673	3918
23142	23291
2242	3561
4116	6165
645836	100287238
51514	64708
4540	4694
1659	9716
259287	339403
566	4069
6156	6206
6202	8666
3882	8689
6168	9349
657	659
2617	8565
811	3309
4361	10635
1017	5707
6233	11224
1950	2277
10963	22948
3619	81930
1337	1340
6194	25873
6230	7311
6164	9045
9322	23265
5094	23020
4609	7022
7852	63940
6160	6235
6161	6218
3672	3696
6233	57154
27042	55153
6189	9349
3192	6625
6137	6230
