1830	5266
4352	6776
11095	157869
9282	9967
6165	6176
10930	29974
3886	8689
29078	126328
259	3698
2204	79895
1500	7082
8697	23291
1937	4736
1933	6144
10403	220134
6170	6727
6205	27340
6204	25873
60	1072
705	84549
4694	29796
1062	4751
23291	54165
719	58191
10112	10540
2123	2124
6160	9887
846	6870
2624	6886
5737	56923
3579	55970
7476	7477
9349	11224
8648	96764
81	1495
1933	4736
6168	6188
3921	6222
5928	8085
9439	9967
1962	6233
972	3119
23042	23420
6143	6194
2033	25885
3055	3702
890	64151
6124	51187
2935	6235
8334	440689
334	3491
2803	7110
6132	6169
867	5290
3181	5725
3685	6714
10652	11014
6157	6189
963	5023
79664	92105
161	5286
6160	9045
55832	90293
4726	29796
22984	84172
7316	7328
9045	25873
6168	6193
2847	2911
5872	53917
2623	6886
393	399
127385	344892
4174	5424
4947	5708
6130	6168
1088	160364
1809	10371
29984	64333
1981	6206
26539	344892
6146	6160
3833	29127
5347	24137
4116	6635
1915	6142
1642	11091
1781	4735
9787	11339
990	64151
1495	6714
4734	8453
598	6774
351	2359
5298	8394
3640	387129
6129	6206
4508	4541
6154	6233
5878	54885
6201	6231
4708	51650
9604	23291
2633	10561
9341	25977
8976	10552
55872	83540
25873	55176
3663	23321
4710	4728
6908	10498
6168	6229
6143	6175
1365	24146
6138	51187
51429	115548
6128	6164
5781	7525
4712	7381
5435	11325
6208	6228
22918	79895
10857	196527
6133	6167
5547	5660
3673	4233
6218	6727
6138	6202
6128	6188
2197	6164
8295	57634
3921	6175
6159	6218
566	4353
3678	5329
3481	3827
7337	10193
2832	117579
778	10369
8648	9282
1062	23279
1946	2268
3133	3660
6147	6193
6133	6188
11014	22818
9793	151648
632	3381
4707	7381
26155	117246
9700	25909
6133	7458
2625	3169
23049	25873
6139	6205
3191	10713
5715	7979
6144	6168
1495	1499
9126	23279
24137	81930
2521	10921
1462	9469
3675	4233
22954	64219
5929	8945
10635	146956
6133	6147
344892	390079
6159	6160
23310	64151
6201	7311
9320	26190
3875	144501
5928	10013
9320	10075
2197	6136
6208	6218
521	4724
6122	6160
5708	7316
4738	5695
7453	8565
64946	147841
3437	4938
3921	6143
3688	6709
1937	6222
2521	5725
635	29958
4736	6135
338	2243
29127	51014
4707	4709
23283	55749
834	114769
6233	6234
2305	22974
4116	6201
3676	3691
2784	7434
695	7454
1315	9276
6233	8945
2197	9790
891	4751
10133	10540
345	2262
5071	23352
10857	10970
695	7409
3718	9046
10949	27316
6161	6188
462	2159
6130	6169
4144	4548
4539	4540
23014	64219
3659	5696
6233	64410
1880	196883
6165	6218
6137	6168
55008	57154
2519	51816
5048	11190
715	716
87	7791
5644	6690
4736	6161
10949	23658
6161	23521
6628	6636
10403	64151
3725	9070
6144	6193
9416	10236
6175	23521
3091	7316
6146	55176
3362	5443
56995	154881
4288	9700
1213	8976
6206	6227
10575	22948
6160	6230
51382	338339
1088	23601
6189	6227
2740	94235
5929	23067
6135	6143
1500	7525
3017	8349
6143	25873
64951	64979
8175	57794
6141	6142
5768	11167
9133	83461
7852	55970
81930	151246
3690	5908
6443	8910
6165	9349
107	2775
10890	57403
9378	54413
641	2189
7321	84962
6122	6130
55601	91543
988	9967
9631	23511
6233	7844
3075	3078
25984	121391
56902	84916
3122	3662
1327	29796
144699	154881
4116	6125
6222	23049
79003	81565
6164	23049
3912	5829
4626	8735
4738	6635
7311	9856
102	813
3685	6518
2186	8467
6122	6207
83597	135924
79954	84128
5529	6249
6175	6205
351	719
4173	81620
7525	9844
1453	6201
514	4724
891	2801
6154	6230
6152	6154
1290	3685
8698	63940
5562	5571
9690	154881
10053	152503
9133	51203
1129	5179
891	3838
9020	51330
351	55970
6129	6130
6136	11224
6209	140801
9724	27042
3549	6469
6202	6229
4508	4538
6456	9892
6122	6136
51692	55339
2064	85440
6144	6194
6125	6201
9867	53339
351	6370
9322	9341
6602	6605
9343	27316
9349	140801
6168	6202
6233	9690
2519	5476
23011	51715
22919	79172
5093	10594
9493	9787
6232	7311
115290	143279
1058	9833
1781	9493
3313	9093
5652	6692
5111	10535
2491	79172
25942	51317
6143	6193
3688	3918
3017	8351
2207	11314
2784	4985
88	4626
8451	9730
9126	23332
8337	8349
23586	29761
23291	89910
6133	6155
3312	9128
6908	8812
2865	84432
6427	10189
26123	79867
1659	9343
5529	81930
6128	6208
988	58517
6193	9349
6170	6230
5725	23020
5697	6376
6156	9045
513	374291
9341	10552
6170	6207
4700	29796
6208	27340
3915	4240
3071	10787
3633	29984
6136	7311
3184	220988
27237	171177
1315	8729
6167	6230
23030	51588
1349	10975
6181	9349
138803	344892
9757	23067
6167	6727
2533	9402
23517	134430
5878	8411
4540	4728
6188	6189
6422	7474
6230	6234
6218	7178
4116	6160
705	84946
25839	84342
6202	51187
3105	3134
6133	6194
1983	6234
6602	57492
4514	4519
29984	55843
10458	10552
22954	89910
10484	81562
1062	83540
54908	55055
3687	79895
8666	25873
64682	90025
6167	6168
51692	55746
891	1022
6176	9349
5579	5583
10282	10652
400	23041
2801	10972
2958	5435
3351	4887
1088	338339
10153	55131
3054	80335
6122	6159
2178	6118
5435	6633
5437	7874
659	23118
6175	6233
4323	4811
133	79924
1062	1894
6218	6229
6138	6170
3486	84141
6194	6233
1063	22974
3797	79989
6139	6169
10022	56923
6137	6142
3921	6147
6129	6168
6173	6209
1994	9416
6135	6144
6385	10755
50840	259295
4540	25915
3681	22801
6279	6283
891	5516
778	783
155	6343
1291	1292
3430	8638
5179	9210
5230	7167
1605	9459
6176	6223
1601	9341
10236	10946
10112	11113
5433	10285
1457	10592
4172	4678
7316	10920
4171	6749
3093	27252
2767	5998
6152	6181
689	4666
6182	65008
6122	51386
5697	6750
3313	5903
142	56655
3915	59277
6203	6223
25804	27258
4670	6434
3015	10284
522	9556
6137	6169
3133	6890
6176	6224
4670	9128
8886	56902
1601	8301
6143	6147
6129	6222
6142	6230
26091	65264
983	79959
6229	27340
695	7525
84648	353142
64761	83666
2266	3827
3912	54972
9462	153090
6136	6169
6136	6156
1781	29127
81	5829
8351	8365
10272	11098
10972	51128
22984	57696
5516	5523
7314	26263
5338	11145
6129	6232
26224	84085
7249	7532
6164	6167
5903	55339
118430	727897
5516	79172
6637	83443
1329	10476
65264	89910
683	338339
8337	126961
383	3240
3827	51156
5699	23198
7311	84133
6176	9045
23291	51122
3683	5023
5368	64805
9662	79441
23197	56729
55131	84128
23014	55884
2207	2212
2242	5361
2804	10945
6128	6204
6363	6373
643	5368
8290	121504
5438	51503
6625	11100
6746	28972
64131	375790
392188	645402
27	10486
8453	89910
1946	5294
3303	10963
1778	57545
6142	6155
7337	23309
3055	6503
6208	6229
4694	4701
5558	23595
1857	55361
8568	25926
7343	9013
1880	3579
3866	144501
6141	6147
5196	6370
1655	25804
972	5641
2322	6688
6206	6209
6169	6222
11218	55746
399	257106
2185	6461
9738	55755
10914	53981
25793	84676
5516	7525
4708	4725
3833	10615
6714	10413
3655	3688
4538	91942
27327	84441
6164	6188
4924	5589
23304	26046
6139	6202
25831	80204
26118	51088
5501	9793
6130	6209
1287	3685
6173	6202
4588	56667
1676	3837
23225	79833
4734	26091
4513	4538
6233	143279
57405	348995
6146	6218
5347	51512
51382	79895
7311	8290
991	22974
6161	6205
4670	10291
983	9631
10921	23524
3688	3695
710	10747
4008	22954
8914	11169
23014	142689
1660	23283
6155	9349
886	3061
27125	79577
6223	6233
84131	347240
6147	6227
1062	9793
6207	6209
3178	3184
8322	8976
7311	25873
6136	9349
6147	11224
5422	7027
799	51764
5711	8697
833	4677
1933	6193
4736	6222
163	8301
10236	220988
6152	6159
79954	84154
6161	6228
226	5230
6830	26043
6223	7311
23291	79176
285	3791
6142	6176
92104	150737
2197	6227
10849	25885
79682	147841
3185	3191
6222	7178
22984	23195
3055	5336
8740	10673
6128	6159
10575	10963
6210	140801
6772	23586
4116	6173
7311	55669
2065	3691
6201	6204
7175	23511
185	2641
9879	55660
102	6556
3619	51143
6130	6139
1121	6764
3688	7424
1583	6770
6155	6164
2873	8607
1908	1910
259287	259293
3222	3225
1910	3827
3396	51081
3320	10787
831	3688
1387	8289
1398	5829
6130	6173
6633	84844
7042	10490
1116	1991
26190	55832
701	10403
5822	7109
990	9156
2491	151246
2207	338339
6146	6161
4160	104909134
1991	6037
7249	57521
6227	6234
1453	6229
1111	54962
4710	4717
6667	27327
4695	4709
10316	729230
83666	151636
6232	9349
23595	51053
4512	4541
6168	6235
1294	2157
6146	6208
5469	9967
8924	10489
983	219771
778	27091
6233	8290
6049	8881
6138	6164
64682	84085
394	7204
262	4143
1069	27077
89910	143279
3937	7454
6036	6037
50832	54429
6209	23049
1742	8831
6233	9887
6133	6169
5930	26249
1981	6189
1601	10618
1063	7153
4696	29796
857	3688
6147	6201
8349	8969
4724	4725
3190	11052
8175	56949
6142	6144
6147	140801
4171	4174
28959	55365
81797	344892
988	55770
6453	9322
3360	3375
9700	10592
6157	6222
351	5443
6155	6201
1605	3913
4809	5435
4736	6171
6707	126638
2792	2847
1000	56975
8514	79895
5501	7159
6130	6181
10381	84790
5430	6601
7514	55746
6129	6228
5829	10298
26589	64928
3619	51203
6233	9732
6625	8189
6204	6235
2023	5230
23521	56915
1136	1137
3915	4233
186	2914
330	637
5515	6500
5290	5970
9829	26052
22995	163786
6227	6233
23601	338339
11329	55233
6189	6234
259287	339403
389	23526
5430	81556
2274	284119
719	8514
6161	6170
6223	27340
332	1063
1398	10458
5714	5718
2274	6281
8351	121504
2185	9564
6429	10946
5335	9840
1173	5868
6136	6217
4710	4712
6130	6165
6143	6234
6170	9349
673	57498
6234	140801
79659	92104
5725	8661
6165	6223
6944	81611
6207	9045
10945	10959
6426	6430
6181	6234
158506	285231
9055	51203
3691	4233
22845	57171
6194	6230
6136	6201
9276	10802
3683	84329
6157	7311
4116	6636
274	9341
6146	6201
4171	11073
6157	6207
6159	6173
8087	9444
6168	6207
2792	388531
2633	4938
6122	6185
3189	9987
6152	6202
2239	10082
649	3339
23354	132320
9014	57504
1629	4967
1536	2204
11004	23332
301	302
3240	10394
90	659
11314	196527
3685	4240
3071	9844
8085	23067
2813	55350
197	3698
4709	4710
813	7184
10075	54620
5861	11014
6138	6147
22954	57630
990	8697
6125	6135
8514	10970
7321	79176
6142	7311
4172	5422
9655	26190
891	1781
6193	23521
259292	259293
1452	6500
1956	2274
10403	10615
945	3163
3190	6434
699	6241
1605	5829
1314	9276
5338	9744
5879	94134
8301	9341
8337	653604
4670	10657
1060	348995
701	10733
6129	6218
8243	57082
2521	3192
10193	53339
4853	10046
10193	26118
4540	4707
3833	9793
374	2065
7110	79571
6223	23521
3854	8689
5519	5903
2792	10563
945	2207
27229	54801
1781	11014
2197	6203
2243	2244
6434	27316
6154	6194
2244	2266
3115	7535
1058	8655
6167	25873
2243	2266
1902	2185
701	4173
891	55165
8449	27238
6133	6223
6157	6208
7857	54757
5725	84991
1230	83756
6632	57819
10491	10536
9867	197131
746	1603
3920	80331
9295	84950
8347	8365
10133	81631
6201	6233
197	5005
1908	6863
6208	7311
10403	23397
6157	6201
1453	6228
5048	5515
1452	5516
4724	91942
5286	6272
6233	8450
3978	4176
6714	375790
1213	10254
26190	197131
8453	23291
1329	1337
5928	57649
3619	79172
3339	3912
51203	64151
27316	220988
9968	23097
161	24137
1315	84516
1314	10959
1956	55914
5529	10274
2197	6224
55252	221937
6925	6938
28981	79659
4040	8322
8704	55624
4952	6233
1058	64105
963	7805
332	29127
4736	6125
891	6790
10574	22803
5660	326624
1870	5928
26146	92104
6235	140801
8027	25977
4734	9604
4700	4717
26224	55208
1954	23295
25831	154881
50835	259292
11128	84172
3340	6385
23332	57122
1278	4313
440	2617
5878	9341
3184	9716
3157	4597
3993	84612
6869	347148
6203	6224
6222	25873
6698	353135
10713	26121
2641	10203
5266	6699
5529	51143
6125	6146
6631	51645
3799	24137
9382	10905
6133	6229
6189	6204
5977	6601
6232	7514
9246	197131
4735	23332
5438	6635
11127	51014
6633	6635
6203	6217
8662	9669
1515	3122
1069	10383
156	9002
10772	27316
991	51665
7311	64219
6154	9349
6045	23028
5822	10885
6167	6207
4599	10379
55339	84271
6279	6280
7514	23279
10403	348995
3192	7536
4867	27077
5660	63940
8655	10540
6136	6147
51079	374291
6218	6227
5872	8766
187	5473
25929	79084
6147	6207
3646	6156
8349	317772
966	3903
891	10112
966	79895
3040	3048
344	26020
1499	2932
905	25896
7311	11224
23279	81930
6129	6155
4696	4718
1499	4233
1398	10152
6206	6235
2358	2767
3320	6461
8661	8672
6141	6189
6142	6157
5928	57459
553	680
53637	63940
6141	6234
6122	6173
3913	10272
5054	5327
11065	83461
6122	6202
988	6599
6950	10574
7272	10592
5293	23533
3921	9045
84231	90678
6130	6202
9076	137075
3998	6745
1605	375790
2064	3320
164	55330
6138	6208
5571	60673
328	10038
335	3827
2023	5315
58505	200185
5880	9844
6143	6202
9045	23521
5684	8312
79954	84916
920	9026
1434	3837
1398	3055
84085	197131
6700	26239
6133	6154
3122	3127
27095	149111
54663	84365
51645	57819
991	9055
3659	5371
6233	9101
4131	5048
6164	6222
6176	23521
7846	10376
3710	5330
891	6249
5431	5433
3040	3043
2204	23601
6159	6227
6233	23014
1958	4665
3675	3918
25926	84128
81	55243
1822	1911
4736	25873
3320	57545
2197	6235
6169	6181
988	5903
6667	6670
8317	23649
399	445328
8775	10618
6309	6713
7311	9341
3921	6228
1062	9493
9276	51014
904	5451
1937	6130
1062	3799
4841	6421
5094	10285
6203	6235
6229	11224
6156	6159
1950	8322
1778	84902
3191	9782
3178	3192
26232	55527
7110	10618
5194	6233
6727	7311
6613	79902
643	64805
2956	4436
3832	51203
4175	6118
1058	55143
55850	113220
5440	80349
26091	64750
6154	6175
10540	57545
4736	23521
2033	9757
7469	9656
6461	9844
6208	6210
22948	63971
11190	54820
64951	64983
332	10615
10802	10960
3897	3912
23350	79869
57154	151636
51071	126133
6137	6154
637	8626
1364	24146
187	11251
6173	6194
915	286749
6137	6233
1063	259266
945	10857
10458	55740
79600	84902
8189	11100
26190	56929
7421	11198
9045	10399
6461	6714
6143	6223
1445	2213
9787	55872
5695	7314
7164	10053
6122	6176
6229	6234
4297	192669
6167	55176
4736	6158
6130	6142
9820	56658
9662	10733
6135	6230
5747	7456
967	4033
2147	3481
5196	94235
1981	6175
51234	55831
5695	11047
7272	9700
10283	23398
55127	57647
6625	27316
3340	375790
3799	10749
6208	6233
6135	9045
6637	51503
3619	9700
23562	53842
3181	5430
6188	6232
3838	22974
6222	6227
2801	10802
136	2788
10342	81562
10902	54617
920	3937
4174	7298
6235	25873
29927	58477
55832	154881
6136	6160
896	6776
28987	51388
6159	6210
6207	6234
3672	3685
10121	26123
3267	5869
6155	6218
5433	51362
527	6836
8914	9126
811	5589
521	4701
3836	3838
891	22974
1894	29127
6249	10540
23218	100049587
8356	440689
5339	6234
991	6232
5346	400569
3437	4599
6181	7311
161	6233
6122	6137
6175	6230
6168	6234
1911	6045
4709	55967
226	5315
867	6654
5516	5903
10412	23517
5493	11187
6230	7311
4069	5657
6160	6207
51592	64682
6147	6167
991	5905
811	5034
4298	23168
2960	2967
187	5733
699	55143
9371	55605
9886	221472
5597	5718
6122	23521
3903	11314
6224	6235
6133	11224
53339	197131
6288	6357
9040	10517
595	11186
6223	23049
6194	6223
10618	79571
2197	4116
2359	11251
6632	11157
1173	6455
932	3689
4541	374291
5868	10618
6170	6173
5048	81565
29074	55168
5501	23122
841	843
6799	6817
6125	9349
3434	23586
121504	653604
1915	6144
891	8655
8329	333932
10298	375790
6169	25873
2917	27199
9636	23586
4905	9527
51143	151648
6667	23248
23304	90025
6139	6175
25909	57551
3181	10432
25957	51747
338	4036
4313	4323
6139	6176
6168	6231
830	10540
1778	11014
4690	10152
1783	5903
23112	80012
6204	7311
6154	6165
5869	10890
7204	10800
3190	10432
23376	84085
9055	11113
3309	9601
4538	4712
5347	22974
6155	6224
6122	6141
6059	55720
6141	6230
11275	283807
22794	348995
3422	4047
6161	140801
6181	25873
3796	5519
6129	6209
6147	6205
8337	85236
6229	11103
3111	3123
3619	5501
54677	83752
6201	6235
1062	9585
6125	6233
640	5336
2491	6232
9188	25885
5725	23435
6122	6158
7324	79876
9793	10733
6500	142689
4886	5733
6209	6223
6923	23198
5711	8453
6122	7178
1938	6122
6167	6175
1453	653784
4173	5422
1551	1576
5587	112476
6124	55629
1981	6228
6138	6205
6804	6813
2956	23028
1915	6159
6218	6235
3687	441864
9833	259266
1314	10945
4736	6136
3683	326624
2207	3937
1277	3685
9276	9632
9126	113130
9632	22872
3980	6119
1457	10051
8638	10379
345	4036
6122	6155
26268	140461
6161	6210
1453	6205
112	57413
344892	347468
1292	10491
1062	64151
7132	10616
80184	121441
6207	6232
1347	84833
5685	5706
7536	10250
4537	4539
22974	203068
6129	6203
6154	6235
6203	11224
6160	6202
6230	6233
1650	6122
7283	22974
10799	88745
5777	80184
5082	10574
6631	22826
6741	9533
6426	100526737
9551	29796
4724	4728
6517	84246
152	5580
212	2038
4738	9616
6141	6144
322	333
9666	143279
671	10394
79664	81556
2023	2026
11190	55142
6152	6188
6161	6224
1291	3685
440	2058
6181	6194
6170	6229
7153	57122
3184	3190
1981	6218
4297	51230
6036	8635
9126	9700
5688	5701
6635	23524
4233	64759
26268	56995
10155	25888
988	23397
2790	7852
1387	5929
4317	6947
7337	51132
3071	6461
2801	5862
11258	93661
3157	4047
26190	54165
6201	6210
8453	55884
6383	284217
6189	140801
846	51289
6129	6201
3797	10749
3221	3222
51166	125061
5347	10592
2691	59350
8365	85236
6133	6143
9787	55635
6139	6233
1058	9212
5584	6714
10613	11160
6169	6201
6205	7311
6139	6159
4171	4678
1937	6202
29093	219927
10285	55749
5867	5874
8085	8945
6176	6727
1933	6157
9533	112495
7311	10252
5149	54714
5528	113130
1669	1991
7311	9045
8349	79019
4116	29107
5707	200734
6152	6232
9318	54165
8976	25977
11073	63967
28977	54516
7124	51330
22917	57829
7514	79172
4725	4726
3717	5568
6173	6223
10043	25798
6993	10755
6144	6202
3185	51692
6228	6234
1111	8317
3852	196374
6167	10952
6137	6210
6714	7311
4707	55967
6229	6230
3884	3885
3187	7536
1490	7003
6139	6204
10857	326624
6208	140801
1969	6714
1306	169044
6122	6209
301	7852
1062	3619
2847	4985
5339	6164
29127	55872
6141	25873
6234	23049
6599	57492
3569	84141
6207	11224
8688	286887
5693	5705
5286	286451
4726	9551
54820	55143
22930	25782
6518	10857
3354	11255
27237	29984
7175	57122
1793	6714
868	5930
5950	7276
6125	6159
2629	5660
6159	6194
10919	29945
1665	9879
2597	5230
10250	84950
3909	59277
945	3689
6210	9349
6139	6194
9322	22905
6202	23521
6194	6204
6205	23521
3106	5696
288	2348
27134	100506658
3685	5747
10970	338339
8027	51429
1856	27130
2801	81562
54751	83706
8243	10051
399	94134
6556	338339
54908	151246
6158	9045
6135	6207
6125	6194
8491	10746
7337	197131
6165	6201
10394	56729
6135	6168
6157	6161
26589	29093
9138	29984
1233	2359
5093	6625
3685	5817
1325	2847
6138	6206
57405	79682
208	2475
7311	10110
6754	50837
1915	10399
6491	259266
9738	10733
2079	6432
2799	5707
2475	6654
8450	51122
3916	5878
9341	10254
3689	338339
5286	55361
857	858
26	10562
6132	6218
6229	9349
1956	9341
3107	10475
1870	4208
3267	22848
1630	137970
2197	7311
1727	5707
8945	11059
335	5948
6233	26130
2916	346562
988	64682
627	5879
3882	8689
6181	6205
1387	6667
5862	8548
7082	100506658
6135	6228
3054	81887
1017	84515
10382	23332
5368	50865
6647	11315
2359	5196
1822	23028
4712	4724
3688	9564
7454	10787
3133	10475
2197	6222
5528	9793
2033	10498
5037	10256
4512	4535
389	5217
988	56852
5591	9656
10236	10921
6182	55052
1969	5879
10403	23310
4775	5534
6208	22803
7311	83987
5725	10594
489	4853
6625	23450
8688	8689
1347	4726
111	3354
3301	3304
10552	23149
6128	6146
6218	6231
2353	4773
2268	5829
6430	22938
1445	1956
23423	54732
6157	6164
6135	6218
23627	137797
891	81930
3416	7321
64979	118487
1813	6364
6158	6193
96459	201163
990	3832
4332	6036
6223	8666
7058	9507
3091	4088
6224	7311
6156	6167
996	6233
23325	387680
26190	54778
8085	8289
990	84515
6135	6146
6122	10399
8463	10413
3553	11213
3687	53831
10425	63891
23244	23332
6141	6175
10075	51132
51122	54165
1129	4889
3635	3667
8356	8365
6144	6173
2222	6721
11250	83551
1639	10112
5725	10291
6124	6141
3832	54892
2197	6209
90025	91694
2550	51083
56923	259292
2535	4919
6272	11319
6461	7409
4519	4541
6185	29927
5547	326624
6434	57794
1315	9382
6222	6232
6605	29117
4686	9128
6152	6230
4173	5426
1398	3071
10121	57545
3135	3805
6158	6159
4540	4712
50835	259293
6202	140801
2033	26523
6601	6602
2965	8731
11102	84946
6159	6165
8243	23279
4829	5737
6189	9045
1943	2046
26005	79867
3490	6696
8615	10802
5507	6233
6156	6227
6993	8655
991	10112
966	3683
1129	5173
2209	2268
26190	140459
79600	79867
3105	6890
833	4141
3937	55740
1856	7314
991	29127
6152	6227
1610	4843
6194	6218
1307	169044
5318	5493
4867	57545
57154	65264
1121	79958
6124	6139
54742	80328
1717	3157
6231	114987
11325	51690
5501	57551
2185	5829
4904	84950
64750	115290
9320	197131
2125	3728
6235	27042
830	1781
5199	126014
2695	7434
10576	23526
6154	25873
56929	79176
5516	5781
9126	11130
3912	3915
2036	116986
6201	6208
1933	6165
6122	6232
885	3061
6147	6176
10640	23265
1340	1347
6232	23049
5610	23118
54998	64976
6124	6206
51	55825
1277	4060
120796	344892
7704	142689
89910	144699
3921	9136
6233	23168
4540	4701
1387	9967
3202	3203
4173	55388
79172	348995
117	5741
1062	5903
3675	3693
9793	22974
680	64106
1314	9632
988	1660
3122	5641
6188	6203
1500	1942
84648	353139
6157	9045
25831	57154
727	10022
2197	6229
6124	6135
23332	121441
2892	2903
317	835
6222	11224
6175	6227
1915	4736
335	462
3184	9343
23327	29082
3725	4772
3008	3024
3106	3134
55127	84172
8976	10254
6204	6222
3320	84962
6227	6235
3619	23279
6241	64151
3698	51156
6181	6222
79600	91147
199675	338339
919	3123
1783	11127
302	56729
155	6344
22974	81610
6233	51132
10592	157570
1933	6138
701	57082
5868	64145
6631	27258
3190	9716
966	51014
643	1268
1595	4047
6208	11224
682	6693
4736	6224
8394	23533
3832	9585
10193	54778
1783	54821
7316	9341
685	2069
2107	5515
990	51343
6161	9045
6136	6194
6601	55193
4171	4175
5290	9208
3105	3133
6203	23049
8347	126961
24147	79633
51096	57696
830	51014
117	2695
6434	220988
1499	5781
9672	64131
5501	9700
5905	6232
377	10540
671	5657
6230	23049
25929	57122
10749	23046
3837	3839
1781	7531
3394	3430
1282	1292
5284	55004
185	2642
7082	25937
29126	80380
1062	1315
1108	25942
3799	9585
5725	10236
4712	4728
7337	9867
6133	6235
2625	7031
886	887
4670	10949
4736	6147
9354	23304
3579	729230
5880	64333
23122	23332
1120	5130
2617	8565
187	5196
116	4914
3134	6890
3619	54821
6164	6176
6136	6159
4588	192134
6233	140459
6185	7184
4116	6165
65055	138883
4586	4588
6130	6189
8916	9039
6181	6228
506	8802
3240	56729
6189	23049
5693	5695
4014	5317
10155	25799
6141	6232
6169	6176
3673	3918
2033	5469
1500	55740
4514	4537
695	974
121504	333932
6137	6158
3200	8338
6173	6208
6167	6235
4713	7388
6136	6207
2695	5741
9833	10112
2817	375790
6727	140801
553	64106
10000	55970
1062	6790
3308	9631
1642	79913
2912	4852
6133	9349
6133	6159
50838	51289
5976	56006
6206	6233
5441	84844
54850	63891
6170	6235
5684	5688
6168	51187
6165	6188
3157	6307
1524	56670
1088	170482
5829	7525
6147	6231
2318	3688
4297	23309
4736	6169
6159	51187
6165	6207
6161	23049
2767	64407
6750	50837
6234	27340
4695	9551
4940	10612
3683	7409
4926	5116
9372	25930
6138	6181
3949	10552
999	1942
8729	9570
6136	6233
2197	25873
9700	29945
811	3309
1605	3912
2177	2189
9475	9826
197	462
6137	6206
1783	8729
6426	10250
2792	6752
6281	79026
6125	6222
9883	55746
1983	6176
3685	5829
11100	23524
890	11339
9341	23149
5599	6272
6124	6168
5547	25798
3799	55605
5439	6923
813	10618
3683	3685
5518	6232
1291	1303
332	54821
64981	116541
4602	5432
6164	25873
3921	6139
6218	6223
8065	83737
64837	81930
55124	221400
8689	286887
2243	3481
6122	6139
1660	23020
6432	6628
966	10970
143279	154214
4726	7388
1350	440567
566	4332
55142	146057
4709	29796
5116	23354
112	1269
1994	9879
6202	9045
1327	1337
377	9371
4839	6156
462	2147
7414	8993
6936	51645
1783	29127
891	7531
5519	51400
6125	6158
5708	6790
10857	64386
1291	1295
6135	6204
64979	116540
6194	6207
1345	4695
1511	6036
2222	51478
892	9477
5328	10396
10014	54880
7532	57521
387	7094
501	51166
4670	10523
6307	50814
55755	261734
6159	6209
6227	10952
5519	10274
1058	5528
6139	6206
1495	3801
2177	7398
6160	6227
3190	4670
5361	7305
57122	79172
10523	27316
11169	84296
6160	6168
64976	116540
2535	5599
2243	51156
2358	170482
5688	25906
7434	594857
8969	653604
60	2597
6223	9349
2790	2863
1236	5443
6169	6194
1175	5878
3320	10383
174	6694
2197	6160
3122	7535
566	8635
6152	6167
6188	6204
3691	3918
6621	79035
1290	10536
5696	5698
9739	23067
4867	80184
4538	374291
8886	79954
816	4137
55143	220134
8881	63891
27340	57647
1292	5352
26267	63893
5584	56288
7531	81565
28981	92104
10574	22948
1994	3192
4141	4677
6159	6207
1605	8910
10890	51552
1557	1559
671	1991
118487	128308
1387	9757
1956	4145
7153	23397
836	6789
2197	6233
6637	51639
6142	6169
6133	6165
55143	57082
6161	6233
6202	53918
2517	2990
4288	51203
6663	27022
891	1033
26589	55168
8636	11258
1161	51397
2803	5870
55143	113130
799	10268
1781	10540
1660	55749
6170	6201
102	1088
1937	6201
7514	9126
8365	440689
6233	8295
6202	6208
51692	80335
4713	9377
6923	51755
1902	55970
5436	7936
3013	8351
3725	3939
6161	6209
23160	27340
1303	5351
6426	9879
2153	3827
2205	10219
4295	5020
9039	10425
351	824
988	10640
4088	64750
64410	80176
9700	57082
26338	65055
3169	55766
7317	89890
824	3688
3433	9636
6159	6203
6130	6141
1453	126003
3362	3640
996	5699
1994	8570
4208	4209
1303	55214
5983	56852
3433	4938
2091	6217
55839	79023
3607	55252
4734	6047
1781	121441
6160	6201
7536	220988
521	10975
983	3832
6128	6142
6605	9031
6158	6160
4718	4724
5023	5795
11190	22919
983	5519
919	7535
6124	6189
54885	152503
9322	23265
2770	5599
3688	5747
7317	140459
51289	259287
3672	6709
51143	57405
6152	6233
3921	6209
6130	9045
28981	64792
11325	55749
2197	6206
3009	3024
6637	84844
1290	1291
27242	85441
6144	9349
6193	6228
1829	1832
6168	6227
1435	84141
10427	55291
6161	6171
3688	3913
174	3698
11004	24137
1783	3799
4710	29796
6997	10637
5869	8411
3303	9531
3015	387103
1511	1991
1968	8661
6428	6434
6801	7871
779	10369
3163	222487
5880	9743
3912	10970
4514	4536
3309	51726
1453	6208
5266	6707
6144	25873
1462	3912
332	22974
971	29760
3183	6430
6915	94235
6122	6128
5707	23526
1781	10383
1604	54732
23067	57690
1660	5725
4829	10886
4116	6168
6130	6138
1906	6375
999	3728
8945	285231
813	3569
54821	81930
6125	6167
3866	3875
9276	10652
55166	57405
3133	3134
26531	344892
1398	10818
10153	79954
1739	5290
4586	26290
201475	326624
2268	4301
3911	3913
3105	3659
6155	6165
9133	10403
3689	8514
1933	6136
861	6595
9601	10130
6233	221687
1340	27089
11128	25885
10970	54972
5868	23011
26354	54475
5519	22919
6129	6147
6130	6191
3688	4233
3659	6672
3635	5294
6602	55193
9877	100381270
3309	29927
1060	57082
84418	100049587
5528	23279
640	3932
2847	2918
6138	6193
705	9277
9927	55669
6139	6230
26268	57531
2843	151306
6188	6202
56919	57647
3066	23028
10403	57082
6135	11224
1639	3326
705	5822
6601	8289
258	5179
9219	23186
6124	6193
1536	23601
1129	8322
514	4726
113130	348995
3190	51692
23168	27125
8329	8349
5781	259230
9738	132320
3764	10060
6171	6235
6206	23049
3396	51649
1499	23291
5330	60675
6207	25873
4141	6301
111	51764
8334	8969
10153	84128
187	56670
1728	3162
915	3560
6160	6170
1445	26191
9276	11070
4985	6752
2633	2634
6152	6204
6167	6204
1173	10552
1910	2865
22984	26155
2967	51755
5519	9183
6241	51203
6142	10399
6158	6194
6161	6206
4710	27089
55055	79172
4641	10552
6230	25873
2197	4736
1544	3620
6426	220988
6233	10818
3973	4160
6233	221937
871	1290
5731	94235
6207	6228
2788	10575
22974	29127
959	10673
3543	7441
6427	6434
9133	23397
932	3903
11176	23309
3178	6434
1650	6185
705	51154
4508	4513
6156	6206
84902	91147
6128	6175
6132	54512
6152	7311
6204	6209
1509	124583
8243	10274
10022	259287
6207	6235
595	891
6233	140801
695	971
6165	6234
2959	6883
5970	23118
2197	6176
10285	51692
51429	54874
2197	6137
5868	26130
10576	10693
4736	6143
11102	134430
1956	2064
983	9126
3091	6233
4736	6204
5908	7094
2071	9015
2799	5834
302	6386
83540	220134
2935	6173
3458	3586
6428	220988
6164	6223
9739	23112
57332	84733
63915	84062
10193	10489
3183	27238
8907	10053
10885	54881
57787	261734
1268	9294
6137	6232
783	27091
378	11014
9410	10946
6232	6235
4726	27089
25915	126328
6201	9349
57381	57514
6387	50837
8450	55832
6154	6203
6164	7458
1843	3304
8655	79023
9585	24137
6228	55127
6194	6217
64750	65264
6235	9887
6144	6234
5880	7454
6235	23049
6125	6203
3017	440689
1292	3672
1915	1937
641	2177
968	5878
6194	9045
6156	140801
5347	5905
6189	11103
3837	23511
5872	23265
8322	9341
521	4726
86	55193
10376	203068
2207	79895
3123	54331
3156	3157
51645	85313
2532	4914
6144	6181
1778	9493
3852	3868
1536	653361
6169	6207
1639	10540
6138	6223
23279	55746
5983	8451
930	933
6233	80351
3185	10236
6176	6228
6142	6228
7434	122876
5930	7334
6137	6202
1329	1351
3113	10346
6133	6210
6142	6171
6155	6160
1398	9046
7311	55272
7032	7033
5903	23511
6790	7283
53354	60490
6714	7402
6152	6173
9730	10425
988	5591
6207	6222
332	7514
120776	344892
950	22848
1642	56852
2692	2838
1676	3836
7175	55746
6204	23049
3486	11098
185	186
8452	26091
6205	8562
2768	2783
10959	22818
5516	5520
1291	5033
6170	6233
1022	55840
3422	4800
1994	23435
9436	9437
2535	2790
3017	8969
6233	11059
6152	6194
4686	23511
5879	5898
6189	6222
2033	23067
3837	7514
6626	27316
23160	55720
6152	6160
1453	6231
6137	6173
5441	5901
6130	6175
11073	84126
164	2799
8334	8970
6157	6202
7328	57154
6142	6210
3921	6223
1983	6133
7398	10635
7184	9601
53905	405753
3903	10857
5879	6249
5469	9282
27089	84833
27043	27340
81	5868
8688	121391
3185	3192
5976	6167
6136	6167
2696	53831
23511	51692
5954	51280
6209	6234
3043	10321
4361	10635
23160	25885
6154	6227
3838	6790
5741	7434
6204	6230
5905	23225
23244	57082
187	351
830	11127
150	2359
10540	22930
2197	6173
4952	22905
4710	4713
5694	7314
2551	3054
5795	55754
5725	8672
8453	22954
6157	6160
3688	375790
3921	25873
302	3074
4677	8565
3111	3118
5286	9685
6189	6235
1969	2268
4116	6632
5695	6790
51023	90480
6147	6204
389	9411
6203	6207
3842	54464
6137	6229
1387	8648
9031	221830
830	5048
2125	5493
117	7434
391	80728
7283	22897
6144	6233
5526	7316
26091	26190
6209	11224
6636	10465
1116	5199
6156	6207
671	4353
1876	10445
3837	348995
3352	5540
6130	25873
16	2617
6202	6206
8648	10498
5706	5718
2033	2072
5529	6233
5339	6157
116	5739
6165	6222
4998	7027
9793	121441
3718	6776
1462	6696
5436	85437
146	84109
57545	121441
29796	55967
6204	6234
5707	8453
974	3635
1476	10394
1453	6235
1452	5515
3619	113130
3799	81930
3915	84141
3491	11167
6232	8662
6135	7311
6128	6181
10112	23095
6229	9045
6152	6231
6146	6156
5869	8322
2733	23511
6173	6229
7314	10920
51692	220988
6181	6229
23122	57551
5870	81876
9295	22794
350	2266
6170	25873
26123	84902
5094	9416
4862	5054
1001	3728
55143	57405
183	51289
5048	5529
2863	55970
1810	55689
388	4952
6934	283149
5199	56729
988	5094
8452	9870
2034	84962
302	10383
6772	9021
6157	6168
7272	10733
2073	4331
351	54972
55720	84172
945	2548
904	2967
10269	23463
9636	11274
3178	6428
6129	6208
6152	6189
4519	4538
109	2358
5347	54820
6164	140801
50835	51289
1933	6141
6128	6194
6136	6144
1793	10787
3354	9283
8687	54474
712	7305
8767	11124
10412	10607
6132	23049
60	5879
2934	51411
10236	10291
301	55970
6146	100529239
6241	10403
932	10970
23327	51088
988	51362
988	9879
2197	6156
1398	85440
26190	57542
344892	390059
6175	6176
51690	54464
6233	8334
6139	6144
10693	55970
4088	7316
3054	25942
6193	25873
7481	94235
4736	6206
3796	10735
5707	10575
23014	56995
3093	22954
8453	8697
6169	6202
301	9002
3109	3122
373	7322
4303	5901
2147	3827
6635	51639
6158	6228
6171	6234
3921	6168
23011	51762
2048	8976
6235	7178
3619	9126
3881	54474
6164	6207
10714	23649
6133	6146
472	7468
3071	7454
6128	6147
1398	3685
5713	5715
1471	5034
378	5861
10274	151648
7852	8698
1018	1026
2840	4986
7311	8976
156	8477
5861	51715
824	7525
3688	3693
9787	10592
11235	25843
5422	84515
156	1902
1781	6249
6161	6231
51602	55759
4710	4725
9320	26268
11338	23511
5879	9564
4736	6133
3675	3912
1783	5529
29088	51264
623	5737
5869	5870
886	2846
4670	11338
2946	2948
3156	6307
4725	55967
2071	9014
6167	6203
6209	27340
6745	58477
9183	64105
846	56923
6165	6181
5970	23291
4988	84539
7164	152503
2922	3061
6189	6228
5439	6119
4116	6147
26589	219927
677	56915
514	4695
6147	9045
3921	11224
6167	6188
5704	5714
84085	84261
5294	7852
6708	6710
1406	4901
1665	11338
7272	55635
5715	7314
1069	79867
6124	6175
7486	11073
113130	151648
6181	6233
1387	4205
389	30851
2072	7158
5746	59350
332	24137
394	11015
11190	23332
163	8976
81930	83540
1956	5579
23309	64426
26268	64682
8351	8363
7305	23601
2788	55970
1500	4233
6160	6181
6144	6203
6165	11224
6176	6209
4332	8635
6206	6229
4584	4586
9128	9879
55759	84549
1991	3240
6154	6218
6203	6233
6128	6201
6157	6233
10552	100526693
4116	9349
102	3915
6137	6235
7322	9867
6181	6218
891	1062
54732	55738
6161	6176
5518	6235
5335	7305
6232	10952
2641	113091
4540	51079
23291	23327
8871	9341
1299	50509
988	3066
9439	23097
6210	22984
3187	55696
8329	121504
3191	10236
84549	84946
3054	6872
6161	6167
6204	6208
4513	4537
3685	3693
9128	11338
5426	5427
11245	55970
9887	25873
6185	58477
3111	3122
55720	79954
8128	8703
2099	7031
6135	6160
26271	51053
3434	5610
9918	259266
27316	51692
1605	5747
1285	1286
164	10618
8568	22984
6156	6224
51317	57649
9928	11113
6235	9045
6205	6229
4735	79867
933	973
890	9787
6135	6147
3886	8687
5347	6232
2623	2624
3915	54972
1736	79050
3240	5005
2151	94235
5189	7311
3055	9564
6518	196527
5439	6621
6128	6202
3434	10561
6122	6161
2767	29933
1956	54206
6667	10499
26249	55521
5725	7536
6210	55127
2784	6752
4670	23020
6138	6167
991	1062
6157	6204
867	8301
3799	9493
6233	26190
5880	7409
3148	8125
689	6160
6143	6209
3659	7706
10332	30835
79867	80184
1434	3836
3191	9128
7514	81930
2151	6915
4707	29796
7327	8925
3192	11338
3683	3903
1783	11014
9126	9793
51122	56995
9416	23451
3376	8565
4889	6751
1991	4069
2072	6233
5338	5579
6224	9349
1717	6307
3351	346562
7337	11275
6164	6229
4709	4724
1043	7512
140881	245911
966	100049587
351	1524
1915	6230
2535	64750
4736	6129
991	151246
7779	27173
4519	4540
6165	6229
10250	27316
9791	81490
6147	6206
2207	3903
4986	338442
6144	6176
2913	84539
23431	27131
2525	10331
257313	387129
2491	6249
7204	60675
9371	23095
10802	10959
1345	7381
10112	54443
374	2069
712	713
6141	6158
9282	84498
7343	9112
2957	51616
1500	5880
5688	7979
966	11001
6157	6223
10051	64151
6135	6203
25885	83743
389	57449
1329	1340
6155	6189
864	64750
332	9493
127247	131405
996	64750
6161	6222
50616	116379
3191	5725
6233	26091
1058	55355
6156	6208
6203	6204
7003	8463
6138	6235
9295	25957
2965	6749
6122	6144
55755	146057
6135	6235
4734	22954
6599	55193
3007	3024
6164	6228
23142	23291
6165	6235
4586	140453
1191	10916
4926	9793
388	55160
4008	144699
4736	6193
1956	5336
23327	115290
6453	29763
3017	8365
5054	7424
3856	3866
3491	3915
4886	4889
10403	81930
6173	6176
639	3662
4736	6227
3903	64386
2237	5111
1894	6790
5584	55243
3267	3949
2537	9636
991	54908
4736	6210
4008	154881
996	51088
56923	259293
6203	6227
50835	259287
3191	9987
1398	11184
6790	11190
6124	6232
5093	5434
9877	23279
988	4999
8351	8970
6142	6159
1969	2050
6709	11014
7516	348654
80224	374291
7846	150465
472	84142
2153	2244
8321	8322
2621	10272
3718	6777
2956	9126
3115	3123
7532	80097
89910	115290
3191	55749
6181	6208
966	6711
208	57148
5707	64750
2243	5005
2537	3430
6453	8976
6233	55666
8655	27077
988	8243
5695	5701
6130	6203
4538	25915
832	83547
566	6037
5706	6790
6128	6156
8243	10735
4725	27089
6161	6203
6878	8295
2767	5296
864	3683
6202	6234
57115	114771
3921	6138
8453	65264
51069	64928
4591	11059
5427	9768
9887	23381
55703	84172
23047	57082
2197	6139
6147	6157
1783	6709
5868	51715
6130	6167
6135	6176
1660	1994
6240	10592
3437	55601
3191	10921
7311	285231
335	2262
6208	23049
26091	57154
7311	140458
6164	6201
6233	8976
2683	2720
8356	653604
11130	79902
3422	6721
388	389
8243	23244
393	5879
2197	6147
1537	6390
516	10632
57154	64750
9348	10082
6610	7132
338	2266
1605	3688
351	7852
6138	6204
2801	2804
3190	3609
4809	84844
6207	6233
116	2740
3115	4261
7316	55669
2932	3611
10926	63967
672	8314
23397	56992
2491	9793
3215	3216
522	539
10540	29127
3607	7528
6130	6229
6146	6194
10254	51652
7846	203068
846	259287
7936	404672
6128	6171
10250	11100
55759	84128
10293	200845
80184	117177
3685	6385
8317	80174
6159	6161
1154	23014
2805	3242
3437	10379
10577	56729
5029	5724
3635	5777
1453	4809
10396	25798
6176	6218
6227	114987
6159	6188
6170	6189
6130	6223
6141	6194
695	8976
4512	4536
513	9377
3039	3048
3270	147111
6209	9349
3361	3627
1236	2841
3921	6133
680	6869
1063	23279
1665	3191
8607	11091
23774	57459
1857	27130
6189	6223
899	51343
6128	9349
6227	6229
23466	23492
1453	6233
580	80010
6159	6206
4540	55967
9276	10959
50506	405753
9833	11065
2957	7702
915	3559
2317	54751
350	462
64792	79989
3093	6047
1497	23729
6632	10465
9277	51010
657	659
283111	344892
5869	7316
991	1058
6129	6167
3054	8314
6202	6232
1133	8477
1347	9551
10618	23431
6137	7178
5861	51014
102	84141
151648	348995
6201	6229
6227	23049
3091	5708
3187	10181
10466	10618
6133	6144
6009	7529
6158	6205
4700	4709
6827	10302
6160	6206
6173	6175
81567	93100
6193	6206
1650	6184
23112	27327
1991	6036
1910	6863
9904	57647
3320	85378
23197	26043
10274	55055
2837	84539
146	2846
258	9210
890	151648
11236	79139
9551	10476
4584	50614
1861	27348
7156	63967
5829	7534
813	3491
3913	10298
514	521
6128	11224
353132	353135
22826	85313
4738	28991
6168	23049
6122	6157
7311	56288
9341	22905
10592	64151
10153	55759
5048	121441
6160	6169
2788	2790
6709	56729
6141	6203
2197	6167
5929	6872
351	78991
6700	353132
977	5339
26239	353132
6137	6170
6208	55127
160	29924
2243	3827
779	27091
6143	6206
2242	3320
4695	4725
7536	10181
9655	10489
3659	6737
54778	84231
1364	100506658
7314	64320
5339	6133
7311	9349
1069	9557
3002	5551
6132	6170
9493	10540
6793	10857
6147	7311
10256	54845
9055	10592
5929	284058
1387	2033
10574	10693
5438	83443
1394	3973
9221	25885
10427	11196
8514	57153
54474	121391
3326	7415
7311	27327
1994	51692
10713	23451
8514	326624
1933	6147
1639	9371
8648	23097
5345	7076
1350	29796
1778	4867
6132	6165
3105	3106
10155	201514
6142	6208
1650	3920
9350	56963
5430	11338
627	2247
1069	10426
6193	6230
2122	8535
9767	11143
6144	6158
1116	3240
5394	5822
9025	9656
2792	2911
4700	4726
6657	63978
84366	360205
5048	23322
2107	2935
6850	118788
6161	51187
1933	6128
2475	57521
6790	9493
701	56992
6698	6707
6135	6169
3191	51692
6165	6204
3912	375790
5036	10576
11022	143689
4736	6205
6176	6203
6159	10399
79470	344892
7316	8864
3838	4343
991	5708
1453	80097
23332	146057
2064	9475
9493	10112
6154	6161
9793	26005
6224	6228
6207	6223
3685	5023
4853	9253
2967	9014
7410	63916
2197	140801
6233	57154
988	10592
9553	54998
3105	5696
5519	5781
6164	6230
991	55355
6139	6161
963	5795
6628	8683
2550	3579
640	5079
10427	22872
1232	338442
1605	5879
7311	23607
6128	6207
570	1962
1994	3191
3833	9700
5741	10266
7311	23198
10250	11338
6133	6176
2042	2044
1495	4233
8467	79595
6167	6210
2548	6556
4736	6141
27	4690
940	3695
1933	6133
10155	79943
887	5020
4057	57554
1829	64065
2205	2206
8074	8404
54620	84231
9738	203068
4717	29796
5869	26130
10199	56902
6203	25873
6175	6218
2207	199675
3684	3687
1906	2863
87	5879
2353	2354
701	7153
4694	27089
3880	144501
27	1398
6159	6202
3689	199675
2966	728340
122042	285601
28998	51264
1005	1009
1857	6233
6159	6229
6169	6188
2205	3702
6168	9045
904	5431
65264	90293
963	326624
6135	6224
1969	3055
336	5948
3350	84539
6228	7311
6133	6228
1500	1969
3685	3912
3688	3912
9341	54874
6176	6204
4008	79176
6428	7307
1315	9570
996	80012
24148	51340
3181	3190
2268	6774
7041	7414
6227	6231
6135	7178
10965	55825
3655	375790
6136	6165
4035	5159
830	10466
1942	2268
6209	6232
3882	8687
2932	5529
51343	142689
1477	24148
22888	51343
5981	57599
5879	50807
695	3937
6209	55127
147	2150
6222	6231
332	9833
6194	6206
2521	3185
22936	64859
6159	6204
5829	6385
3913	3915
9493	11127
6173	6188
890	10403
4172	4175
6124	6203
9742	23059
6137	6223
6157	6194
2064	5599
5660	7852
9371	10749
1738	4719
4528	28973
6125	6161
399	1894
830	11014
7335	8453
800	3672
4125	6036
6122	6124
6136	6164
6147	6232
9700	10051
23160	56902
64425	65083
5718	6790
5725	10432
1669	10394
8349	79101
2054	8673
248	152330
377	10749
11190	57545
6129	6169
6230	6232
7520	79840
4069	5199
1129	2912
10022	50838
2648	5469
10749	51014
2197	6157
6429	10236
4161	7432
2994	6005
8349	653604
54069	79172
212	2623
5796	7316
1455	89780
11014	11015
928	113177
6164	6208
6737	283807
6147	6228
6132	6168
51081	51649
5869	8301
3675	3688
6222	6234
3672	3688
6223	6229
2064	2065
219954	285093
79019	85236
3106	3133
341276	344892
1291	55214
3071	9564
23160	84172
1933	6159
10071	50614
1329	1350
1111	2178
7311	26249
22919	54821
3882	3886
6520	8140
3190	10594
10885	22803
6233	83987
29889	51154
4985	10563
2918	10563
6136	6155
3122	4261
4736	6230
1937	6142
3659	10475
1937	6207
990	55388
972	3122
6167	140801
9782	23435
2932	5526
3685	7525
23095	24137
2735	79809
51116	92399
3106	10475
3998	10959
8683	10569
1981	6139
148	886
5439	6637
2071	6878
945	100049587
64926	153090
6129	6230
332	64151
10376	84617
9655	50813
6133	6231
3119	3123
26046	140461
6158	23521
2623	10661
3921	6154
10652	51014
7316	22954
1191	2162
10199	84946
4050	7124
5054	5329
1495	5795
1350	7388
6130	9349
11218	23511
1453	55127
6156	6204
1660	3191
26239	353133
6133	6139
335	350
6288	84432
6184	29927
5093	10236
6235	9349
6205	6223
5310	9727
9742	57560
22974	24137
1603	58505
6147	6209
2847	10563
920	2533
4584	9245
6224	23049
963	64386
6223	6228
2810	3691
5311	9727
966	5023
3181	10657
945	5023
8341	8970
7057	79875
6428	10236
6232	23521
332	79902
10527	55705
2918	4985
185	2862
4710	4724
6138	6210
4691	8602
3192	5094
6170	6227
6173	6227
10489	25831
2043	2050
5829	7430
6136	6202
1857	2932
6133	6181
5528	23332
4736	6152
2799	23526
3119	4261
3909	6385
1144	1146
2072	51426
2935	6133
2837	5331
1555	54600
5501	79172
4539	4712
8638	9636
6159	6169
2935	6168
3619	10274
3123	4261
5604	23164
6218	6234
3357	4829
54657	54658
7311	57154
6125	6144
6637	23524
5707	5708
11274	23586
4125	5657
6122	9045
5429	56852
161	5869
1233	94235
55629	65110
6885	23118
6370	11251
1933	6227
695	3725
2491	54821
147	5021
1660	3181
6154	6229
1557	1576
2033	10847
5707	8452
51715	326624
6125	6164
1495	3799
1994	4670
1855	81839
6141	6202
23521	25873
131873	256076
3178	220988
7536	10949
9570	10802
2033	81857
23304	57531
6124	6146
1500	1956
9833	24137
238	943
1234	1236
3619	9493
10285	10713
3857	3868
6124	6205
7311	10818
3192	4670
2548	100049587
156	2767
1329	1347
1906	2150
419	390243
3320	84131
6201	11224
1662	84365
5903	23332
6128	6152
10112	55872
160	1213
6155	6232
2209	6688
640	973
6208	6231
3066	84289
991	11004
57787	146057
705	23560
2207	6556
6208	6224
116540	116541
10189	29107
6428	10946
3111	3119
3183	6434
9133	55355
6232	11224
1289	5118
4839	10885
6222	23521
7204	10316
1453	6218
2719	3698
4297	23269
146	886
5869	51715
3178	10523
2810	4486
6430	6434
6430	6432
3895	84141
890	5933
5879	257106
1435	8542
6155	7311
2071	2967
6176	11224
671	56729
3889	3892
5903	7175
6203	6208
1062	9787
6672	79097
940	5879
6181	9045
8086	84271
6208	6234
9493	259266
3693	7525
3673	3675
64951	64976
9883	23165
1956	3691
3115	3127
4088	5784
1839	5782
388	257106
8085	26523
890	1062
80321	121441
988	22803
5575	8826
4008	55236
8515	22801
10383	84790
2197	6232
23582	25949
6205	6222
1555	1559
1233	1524
6223	6232
4540	4541
683	199675
55832	57542
6137	6234
9551	84833
3326	10576
3481	5005
26005	84902
8365	8970
8969	440689
334	3915
5695	5700
6144	6222
2023	7167
6233	6498
4436	254394
1605	3909
23376	26235
3017	126961
6141	6176
8189	10523
6165	6208
5788	7852
6171	6173
6124	6159
2817	5673
4074	6456
398	5880
6210	25873
8452	57154
54960	79833
6165	6231
9045	9349
3355	5179
6916	80142
121504	126961
6698	126638
7272	9833
251	137797
27241	166379
5217	55740
6430	10949
6169	6232
712	714
3688	3915
5529	5711
2623	2811
6170	23049
3949	5868
830	55604
6143	6181
2963	11193
5705	5718
1781	5516
6204	6233
81	7057
6169	6223
3312	8871
344892	390275
1639	3797
65264	143279
1605	55624
3301	3303
3832	10592
5111	7027
3320	10458
2243	5345
4172	8888
3433	3434
344892	390077
53831	441864
8334	85236
6208	6227
9055	9133
2917	9934
3675	375790
55746	57122
4541	25915
6136	6224
2800	9827
4758	54472
55125	55755
55872	64151
6237	10371
6418	7514
25909	55746
1669	8993
6204	6223
23279	23332
22897	79598
1499	5819
6157	6176
2358	23601
5711	6233
323	351
6142	6168
6147	6218
3437	23586
54960	129401
11339	79682
1387	10499
945	3903
220134	348995
6502	136371
332	9700
10285	10914
156	2863
6181	6224
3685	3695
6135	6171
4543	4889
8453	9870
9616	150726
1315	9371
10528	55226
6168	6209
5439	5451
3619	23047
6203	23521
7139	7431
7272	10403
7409	9844
6146	6224
7325	7704
26091	57542
22848	26130
3071	7456
5336	7525
9837	11169
1774	5199
3921	6201
4519	4539
3156	4597
2962	57794
904	25896
3683	6518
695	3635
871	1287
5516	5529
23295	140460
2064	7525
338	4547
6223	6231
9967	10432
10574	84617
4686	10594
6208	9349
377	5861
6204	9349
5094	5725
8301	10097
6122	25873
3921	6164
6229	6235
119678	344892
971	973
1303	5033
84261	154881
991	5347
963	3683
6142	6223
8972	93432
22954	55236
567	3140
274	11252
1058	9133
3921	6142
8085	57690
5868	51552
7874	56655
1983	6175
138805	344892
6626	10523
5861	11015
6453	9341
811	10130
7456	10787
389	114793
5515	10776
6135	6233
22995	146057
5579	55970
2967	79577
5590	23286
55055	81930
3903	84329
2962	10291
971	5336
5347	9793
6136	6157
344	9672
5590	57154
6222	6228
23517	84135
140453	192134
6130	6135
521	29796
3797	79659
8945	10075
1991	5199
7082	55243
3191	23283
5528	23047
4734	9320
1314	26286
10920	10980
8329	8337
1824	5493
344892	390083
1908	23620
6202	7178
1062	259266
10592	11169
5685	5688
3213	3215
4905	10905
6133	6138
7979	9978
988	51692
6194	6234
699	151246
1230	2833
6135	6210
23059	26146
6130	6222
1524	6370
23160	64318
9730	23304
6222	7311
9585	10112
5473	10321
861	6604
6625	11338
9282	23097
5868	22848
6203	11103
899	56995
6128	6130
51639	84844
1656	80153
6133	7178
830	9371
22919	22974
5094	10236
6137	6143
6168	6208
5093	10523
6142	51187
3797	29127
1670	1671
10482	23279
4697	55967
6135	140801
8106	29894
6204	9045
5861	10749
993	84126
6202	6228
7532	653784
9793	84131
10489	197131
57530	100506658
699	9824
332	2305
6156	6164
4624	4635
7311	92421
2848	196883
4172	10036
6137	6160
123904	146183
7454	7456
1595	4597
6168	23521
887	4295
53981	79869
4233	8976
2132	2817
274	6453
102	1499
7311	8453
6158	6189
6218	27340
51382	222487
2147	5020
28	2524
6129	6152
4536	4539
10403	56992
4509	4519
3832	3833
55142	203068
54625	83666
3071	10552
10960	51128
4353	56729
4718	5284
3683	3695
51602	84946
727	50835
6201	6206
2197	6205
5440	10302
55320	401541
6147	6229
55143	151648
2247	3685
2792	26339
705	23160
6385	375790
9570	22872
6135	6205
9690	57154
3921	4736
22974	23332
25885	55720
905	2967
3915	5621
10749	51479
6202	25873
6193	6232
6124	6158
27339	57461
3920	6836
6164	6233
2099	5241
623	2861
6173	6181
1385	1387
6146	6227
4904	10465
6204	6229
6157	6230
3619	8243
65055	219438
4993	344892
1537	54539
9793	81930
1605	29954
567	3133
890	84515
8915	29775
1915	6207
5931	6839
222487	338339
6209	6222
1937	6189
146	148
905	55677
6141	6168
23223	79711
6877	51593
6750	6754
8317	63967
6635	83443
10767	22894
8717	9530
6124	6176
2185	5579
79895	199675
3433	4940
5519	6801
3837	3838
9188	23560
3362	53831
6152	6206
3921	6232
837	841
6139	6209
3015	5438
23160	84916
6155	9045
3659	7015
5880	8324
2695	2784
6233	57674
9341	51542
4288	10112
9793	54821
9320	65264
6160	6161
2071	5433
6139	6181
5685	10393
1314	9527
4670	220988
4867	79600
6164	6202
1022	91603
10869	63891
4514	4538
4736	6228
4620	8735
8021	55746
6142	6202
80176	142689
80097	653784
6167	6228
5439	80349
163	5878
5528	151648
23332	25909
3921	6206
8687	286887
1069	4867
6747	84061
5443	6370
1994	3609
3882	54474
916	50852
2801	5861
6133	6164
399	57522
5441	6629
6709	6714
5328	5329
51514	64708
29074	219927
10540	57511
6139	6158
988	6602
6155	6161
344892	387748
7706	51426
3183	220988
1933	6168
672	51755
2740	5739
6157	6228
5422	5983
6228	9887
8349	85236
1387	6601
400	55275
6161	6193
10533	26091
9092	27339
23332	57551
6146	6152
2792	26338
6137	6175
8349	121504
999	3691
4173	9126
4288	259266
9793	84902
6152	6222
6235	55127
116	5746
4718	4728
9739	9757
9984	79869
64792	150737
1601	8976
1956	5829
1310	169044
6208	6235
56165	136991
23404	54881
9459	29984
728	6376
3914	3918
6128	6209
8969	85236
9967	84498
5335	9402
6184	6185
26155	84172
5707	7321
11339	54069
6201	6209
111	1812
1909	2922
1956	3688
9919	149111
3048	4778
7311	121504
6387	6754
1241	55970
4641	5872
2817	6385
79132	91543
9341	22836
9787	81930
2197	6207
999	1500
3190	9128
6161	6235
6129	9045
6158	6173
1605	6714
3673	3912
6168	6228
5347	10112
1121	5869
23601	79895
2197	6159
683	94103
2886	5155
10324	201456
6602	9031
846	3357
6142	6181
51023	219927
3576	6347
6143	6231
8477	9002
1660	10236
23511	55746
6168	9887
6160	6176
6160	6228
8871	51429
2935	6157
2157	27095
5903	25909
79583	80184
6142	6227
472	84464
329	7316
940	8516
57405	151648
51203	56992
9727	23265
3903	8514
1756	284217
55066	57546
8295	79595
56729	126014
6373	10563
7298	10403
148	2922
10426	55835
10285	55339
6159	6232
1111	2177
10102	28998
8673	10970
6908	54815
5330	9002
1983	6141
2197	6189
1287	3673
9493	55165
3091	5707
332	9787
7311	10952
1911	23028
29974	403314
6137	6230
1233	56670
6428	6430
7098	7311
1398	7409
2847	6752
983	79172
6139	6141
2207	5338
5155	7057
23524	51639
51465	140739
7335	55905
1029	1030
1933	9349
6137	7311
1645	8644
389	90627
7852	9564
11021	51762
156	301
5432	79577
3109	3123
4830	4831
6428	6632
6173	6189
7020	284252
5434	8349
11314	79895
336	2243
6625	10523
6155	9887
5111	10714
5519	79172
6307	51478
10964	55601
9892	10092
3054	4899
55970	126006
8697	9604
6234	23521
8802	8803
2912	5179
5332	55970
4050	5716
813	10970
5432	84962
10693	63971
11190	203068
6176	23049
1325	6752
3683	5788
1431	2747
4713	4724
23326	79595
338	3827
7204	8976
3921	6207
2207	3689
8453	55832
988	5062
1937	6128
51264	64928
1639	22919
4617	4618
64410	142689
57153	160364
7175	9877
3921	6122
6135	25873
3174	6927
6141	56915
4736	6176
9294	64805
1915	1933
9493	10749
10250	10772
5435	55718
6218	7311
8689	9119
23107	65993
11118	11119
6201	6224
1829	11187
23165	51692
1292	7373
4171	5426
5879	100423062
3837	9972
5111	6240
3685	10970
1161	51426
6160	6193
4999	5000
6159	11224
3710	6804
1435	401138
5725	9716
7311	57674
966	10652
1048	171169
23028	283248
1778	10112
4436	51434
3190	55749
3113	3122
9666	89910
7314	10980
9320	84231
1793	7409
3827	5345
830	9276
1063	9793
6164	6204
8945	80204
1084	1088
3882	286887
6633	25929
6146	6176
5684	5685
6170	6203
6207	140801
3371	84141
86	1642
51289	259292
1778	6249
3184	3192
4738	5688
51289	259293
1398	9844
332	5501
2965	9646
5861	10972
287	6326
1781	5861
10274	51143
54617	57634
2848	122042
4171	81620
990	9700
1499	10971
5725	9343
1398	3937
4254	7409
3127	7535
7018	9829
11224	23049
9643	93621
5708	5887
3915	10130
11339	79172
6135	6175
22984	79707
4233	9564
6129	6161
3836	3837
6129	6143
846	50835
25879	84294
1329	4713
25885	55703
2810	3918
6144	6206
1120	1375
341152	344892
3119	3122
9363	9367
163	7311
60560	80018
6175	6235
1933	6142
5005	7276
6139	6165
6688	8334
566	5657
6428	348995
5707	7415
3572	3977
3797	9493
2059	5294
521	84833
10574	10575
7153	55746
5438	5440
3915	5829
259290	259293
6136	6161
6143	6176
3913	11167
6189	6203
5695	5706
7184	7466
6790	10112
5688	5695
9790	54881
2491	5519
4724	7381
3914	5829
2792	2918
5048	55055
10841	200895
1937	6188
1329	29796
8412	9564
1000	1012
6176	6229
9412	55090
813	1462
1398	9564
2197	6152
6137	6218
3897	57698
5516	5519
4332	6037
5347	11190
5707	54583
1292	55214
351	1269
1350	4726
3688	10298
3655	3918
6175	6203
23047	55143
3178	7919
3376	4141
6194	6208
1991	4353
8729	10945
160364	338339
336	350
4736	6130
6202	55176
6171	6231
133	55970
1453	6227
27340	84916
11314	100049587
2800	2803
4709	4712
9055	10376
6124	6194
57111	64284
23350	55749
51088	51122
6863	23620
7175	51692
51650	64951
9892	10109
156	5578
27198	338442
10890	55667
6160	6233
259290	259292
4738	59286
3685	199675
5903	23279
6223	51187
6176	6205
5880	27237
4343	84441
6227	140801
1738	4967
54578	54657
3837	10575
79682	387103
174	3827
51088	144699
3675	5328
372	57511
26589	51069
3283	6718
9212	55355
6154	6193
11338	27316
891	54821
9883	51692
1291	5352
3836	7534
684	4939
1084	338339
7514	23122
6790	11065
9700	146909
9879	58517
3853	196374
3304	10963
11127	64792
28998	219927
929	7097
5753	6725
335	338
4709	9551
383	10394
6747	23471
6133	6189
896	6777
2064	2886
9002	55970
8570	22894
627	5599
1653	25940
7272	24137
100	51816
10458	100423062
6168	6194
22984	55127
26263	55884
6125	6143
6159	6233
7175	23279
6233	90678
2841	8698
7337	8697
5426	8317
8976	115548
6128	6133
4343	27327
1063	57551
728	50835
6129	10399
5077	6663
5529	5781
6188	6229
5879	6385
6224	6233
6157	9349
1292	3685
55829	58515
143502	285093
6147	6159
6133	51187
945	84418
1660	1665
4536	4537
9493	64837
963	3903
5290	6667
7321	65264
4738	5715
4173	7298
10484	51014
6188	6230
80184	84962
6175	6229
6168	6173
1327	1329
6122	6156
5518	6228
5879	375790
9282	9611
3913	9459
7272	259266
6201	6227
988	10574
338339	100049587
3984	54434
1994	11338
1281	4060
6518	84329
9039	10293
988	6605
11169	23649
26268	84085
3113	3123
5861	10342
6632	6637
4008	57542
6375	6846
8560	196527
3619	23511
4173	8914
27292	55781
6164	6203
1208	5406
6714	8976
3183	5094
4670	6421
2896	10493
8329	8341
1778	121441
7337	9320
6175	6208
4173	4175
3713	6705
55635	259266
186	84539
9320	25831
3921	7311
25836	29072
9700	10615
2197	6135
274	23149
23295	54620
4736	6235
6222	9045
2958	79035
10885	23404
6130	6207
2042	2045
6154	6173
6168	6210
5194	23600
344892	390081
350	5267
11325	83443
552	6866
3491	3913
25873	140801
1639	22930
10663	56923
324	5529
2968	57804
3594	149233
6161	6169
6141	6205
1043	2350
1660	9716
1783	81930
6133	6227
10112	24137
4697	27089
10618	51246
8334	8347
1290	1303
1660	3192
6637	55505
6231	140801
6155	6167
65003	219927
1269	59340
3921	6194
6173	140801
3655	3675
720	3426
5566	7283
10112	22974
186	2913
1460	23397
996	4734
90293	285231
1933	6124
6138	6189
6455	10552
9636	10379
389	393
8683	9785
1983	6205
6138	25873
1933	6201
6129	6165
1659	9716
6155	6170
991	64750
2801	6709
9318	11275
4957	55755
5657	56729
3717	3718
6193	6231
8945	9820
2064	7311
6129	6194
3185	23283
5529	5699
705	56919
6122	6133
54996	64757
6188	6207
7337	10489
3267	26130
5339	6189
996	9820
996	25831
5518	5976
1576	2327
26043	54165
3134	3660
5878	51715
54821	57551
1347	27089
4069	4332
51206	80739
1595	50814
1601	6453
6155	6168
6194	6235
8337	8365
22974	64151
9716	10713
6137	6139
6146	6181
1536	3685
399	64333
1453	57787
6453	8322
6921	79754
1431	4191
8976	22905
6143	6171
4670	51692
6147	6152
726	831
100	4907
2131	6385
6237	7525
1161	7518
624	339403
383	56729
6133	6234
3274	55970
9044	55814
3434	9636
3062	6869
6201	6218
6234	7178
6194	6224
2767	8477
6129	6170
2242	9855
388	9938
10714	80010
1233	5473
6181	6201
1830	3713
10965	641371
891	9787
10096	10152
9371	9493
9551	27089
1062	5529
6146	6147
3320	5829
3921	6165
1946	1969
6235	11224
10523	11338
4171	5422
6128	6144
6217	6232
1445	7525
6122	6181
5984	7298
11065	142689
3855	3880
9632	10483
6128	6129
2776	2788
7311	55366
1822	57504
801	6263
10885	55127
2033	5929
2691	5739
5529	5718
8976	51429
1559	2327
2769	5330
1856	5528
4512	4514
4726	7381
11340	23016
6154	6202
6124	6142
6631	84844
51650	54998
4725	7381
8570	11052
6168	6233
2767	5335
6850	9564
5473	94235
7516	11073
1645	1646
344892	390058
6500	7320
1500	3801
6625	23524
7018	7036
4057	56729
10236	10594
6142	6234
5578	9564
6154	6189
1302	50509
3683	64386
2197	6125
6152	6234
1595	3156
3491	10970
5879	9046
1291	10536
1894	10112
5707	10577
5903	10735
1859	5928
1813	4283
50838	259295
2132	375790
2033	6667
6125	6128
6129	6173
3560	8651
9716	27316
87	3688
6223	6227
353142	353145
6169	6171
7311	54363
9972	348995
3921	200916
2033	9031
51725	55819
5985	83932
4544	5443
11091	54881
2153	3481
2521	220988
930	29760
10262	27238
917	1759
57122	57551
9156	84126
3675	3909
4736	6203
5435	23524
6169	6170
251	152330
197	2147
4436	7520
92170	503542
3921	6181
3921	6230
6233	8445
6130	6205
2491	5048
6175	6204
79895	100049587
1063	3832
983	10733
11190	22974
6233	22848
2033	6872
1783	11015
6455	7316
5879	10788
6142	8666
5706	51053
6228	8662
6790	10133
55127	79954
58191	59340
4641	5879
90025	158506
5315	7167
9277	51118
7514	57551
118487	219927
10236	51729
1559	2326
6233	285231
1933	6169
6132	6235
5339	6194
6130	6160
399	10144
3949	5869
4116	6233
57551	81930
6809	9341
6161	6207
6146	6727
10075	80204
890	51203
3006	8337
1453	6202
950	3482
51692	51729
3054	3607
6147	6233
2914	3350
1241	1902
9343	23020
10376	10693
1793	5747
9738	146057
3359	9177
9055	9493
1364	1366
2787	10803
3178	7536
7311	55914
6217	84916
80740	171169
2956	6117
84676	140456
950	22905
2847	594857
22995	27229
991	2305
1783	51014
4738	285231
25831	65264
1062	5516
2197	6234
11167	84141
4736	6164
966	64386
29074	64928
5433	6426
6157	6224
90480	116540
10574	10576
1793	9844
1548	1553
2204	160364
4033	5660
3320	10598
5204	6637
6233	653604
23160	79954
3491	10272
6667	8648
3915	10970
1495	4301
6168	6232
6139	25873
2814	2815
9744	51454
3837	9631
2962	54845
4867	84902
23011	57403
6164	6206
3921	6227
3191	10949
8243	9793
3921	6189
2521	51692
4736	6173
4283	6364
6156	6161
4976	9927
6173	6203
23586	54476
3339	6385
28973	51069
5695	51371
10992	79869
7057	83706
9416	10949
5880	91614
7124	8740
3978	5426
399	5879
988	79869
3945	4200
25879	56902
351	5660
6160	6205
5330	55970
3913	11098
988	51645
6139	6164
5335	6850
1576	54600
5347	29127
9700	23279
5286	6233
9787	9833
2207	7305
57678	256356
9604	83737
5657	6037
338	1080
5329	11322
8337	317772
6147	6203
5707	6386
3886	286887
4584	26290
917	29993
6159	9045
3912	51280
3561	5296
6130	6147
9462	64926
6144	6232
3918	375790
6626	220988
3672	3915
1462	84141
3433	4599
23149	115548
54148	64928
53981	348995
6427	6432
3190	27316
2826	84539
867	5781
1499	128239
3355	4889
3017	85236
6159	6235
6232	6233
10466	10540
6144	6230
1981	6160
6631	6636
6136	6173
6202	6210
5119	27183
10491	85301
3895	11167
890	983
163	274
4837	284119
1994	7536
988	9126
6138	6228
1337	4697
6154	6160
6206	6207
6194	25873
932	966
83597	135946
1277	7373
6146	6168
140460	197131
2147	2153
3832	10615
51465	51676
325	3015
6139	23521
57662	144100
1062	81930
288	6712
3178	3183
6850	64170
2767	9002
6138	6139
4174	81620
23586	83666
6175	6223
6144	11340
6233	126961
150	5196
5869	22905
248	6975
4694	4724
2071	6873
9126	57551
335	336
6129	6234
6625	51593
5795	326624
6176	7311
6128	6155
1287	3688
3376	4677
1432	6885
1956	5782
6203	7178
4508	4519
1910	2147
6144	6205
1812	10268
9184	57405
1595	51478
637	4170
6167	6233
1129	6751
6205	6207
23601	170482
1981	6167
3190	5725
5717	200734
5878	10890
2957	5433
6139	6168
6167	7311
10713	51692
2266	2719
10733	163786
1495	5584
4173	84296
6631	6632
3853	3868
1431	1737
617	26517
9069	9076
338	462
6337	7311
3091	84962
10735	23279
3875	3880
3882	8688
3937	5335
9282	9968
2911	594857
1476	8993
4536	4538
6144	9045
56949	91603
22984	65083
4712	4713
336	2266
6136	9045
3491	84141
1915	9045
273	8673
6202	9349
9128	51340
6207	6208
8661	728689
1478	9128
5004	5005
521	7388
57403	115827
2048	25791
1783	2801
4734	23291
9700	151648
5829	23209
29984	171177
5565	51094
6209	6228
9350	148738
391	55843
932	338339
4085	79682
6147	6165
1793	10458
6132	6156
377	830
6202	9732
5879	10458
10413	51421
7783	11085
11176	64426
6165	6227
8697	65264
1478	3188
988	8449
6176	6234
887	3827
1781	10112
8687	8689
1573	8529
51676	115290
6130	11224
1665	1994
6233	27340
518	521
10735	57551
54881	55127
6169	6231
4088	25937
643	10803
2178	7398
954	158067
6790	121441
1116	5005
23160	51602
6175	25873
3178	4670
9276	57410
3429	8638
3433	8638
5869	57403
51510	51534
6175	51187
6189	6224
1455	2810
6147	6224
6234	8666
6154	6232
10489	79654
102	160364
3655	4233
991	51088
545	6233
2801	9276
5433	10772
4609	7020
60	57591
5438	23524
3192	23283
1453	6234
34	6256
6144	6159
6233	7311
5741	122876
377	1783
6230	9045
5290	5781
6189	6205
5828	5830
6556	79895
10236	22826
4519	4536
8453	84085
335	3698
1241	2767
6169	6209
1659	51503
2920	2921
163	5869
8192	9361
7409	10787
6161	6181
83540	157313
914	924
6136	6229
6167	6218
6136	6138
4887	346562
5747	7852
9371	51014
4690	10096
10920	55884
335	2243
4952	54874
5879	7454
7409	7454
2865	23620
3619	10592
6165	6228
1111	7486
2784	2792
2197	7178
813	6790
3842	10527
3213	8338
4436	23028
813	3371
920	5286
6228	6230
87	7525
7089	83439
109	59340
727	846
6205	6233
4736	6159
824	5829
4709	126328
29984	54509
90480	116541
6169	6203
11224	25873
6790	84962
4033	4257
6142	6189
56165	91646
23322	121441
1983	6181
64979	219927
6142	140801
9793	25909
5426	8914
6231	9349
9228	9378
3106	3107
4717	51079
23122	55746
7337	26190
5699	8945
1983	6232
81794	339366
570	7311
332	10112
213	5340
1956	5796
8541	64130
3921	6159
6228	10399
1793	9564
6139	6228
399	80728
163	8027
6138	6176
988	203068
2197	6223
6150	116541
3191	10657
10236	11338
5707	51330
6142	6158
4713	126328
9416	51729
7316	11001
57129	63875
5933	132660
4697	4708
6205	6232
1268	50865
3832	9833
3312	10576
963	10857
25827	115290
8542	84141
2811	2814
5711	7311
11015	51014
4697	4700
3797	24137
6147	6168
5694	5715
9648	10466
7919	10236
6165	6173
27229	55755
5707	10383
6132	6135
6202	27340
6745	6747
2782	26086
3832	29127
54939	55294
6159	6201
1906	1956
26046	197131
2060	9829
4297	8085
3071	8976
6426	10949
10552	10787
920	8976
57545	80184
6125	9045
1662	9136
6429	6434
400	90196
3797	26146
5707	5717
6514	6927
5609	9181
6288	6863
4172	4173
108	283869
5202	10471
4736	6128
1063	81930
9798	27183
830	29127
6135	6229
6156	6189
2204	338339
988	27316
3360	10888
6181	6230
2919	2920
904	51755
3691	3909
5708	64750
6130	6154
6170	6188
90550	91689
672	84464
2053	7311
10489	84231
2648	25885
3190	10949
659	9765
5108	22832
1555	1557
890	5347
50834	338442
10885	84172
3301	3320
6836	22820
6152	25873
1981	6154
1660	6625
1062	5347
1981	6235
4541	91942
9787	54443
9181	171177
6827	80349
4087	79753
1329	4701
3560	3718
623	56923
2912	3355
6228	9349
972	3127
6147	6170
9655	9903
4352	5335
909	915
2197	9349
2194	6319
6143	6205
6154	6201
7454	10552
1949	2045
324	6233
409	950
3710	8826
3884	100653049
6189	7178
9716	23350
5435	9978
2803	90196
5693	5700
23283	27316
4049	115650
6144	6154
3356	94235
11218	79084
7337	55175
501	85007
11014	50807
4701	10975
3479	7044
6159	6205
87	6385
47	1431
9564	10787
25885	84172
6136	6170
6147	6161
1281	1290
5684	7979
1387	8085
671	1116
1942	1945
6142	6218
5528	9700
5702	5706
185	4922
1515	3113
6159	9349
160	8867
28998	57129
6165	6167
4116	6206
1387	5469
3848	162605
9436	259197
8467	9188
6405	23654
6432	10946
9276	64837
6233	84133
6208	6232
1810	26009
701	1063
8648	10499
6155	6204
950	25977
6234	9887
6135	6154
1915	6204
1857	5699
5179	283869
1329	4712
7153	7298
2036	4646
4695	29796
3185	23020
1605	3915
6167	6202
6129	6204
3109	3113
8853	11015
9551	55967
109	10681
5528	8243
2206	10219
8085	25942
7311	55008
890	10733
6164	6232
919	3122
2912	6751
7428	26259
79869	84248
2197	23049
7283	27175
5948	5950
6188	6227
991	1781
121391	286887
10892	257397
7514	23244
3833	56992
7311	25831
6429	22826
950	8976
2788	2863
7532	26123
1462	10618
6135	9887
8720	51360
2203	5213
2912	5173
25831	197131
6136	23049
5529	5903
9410	22826
27316	55749
3181	3189
9564	10458
55142	440145
4691	22984
1933	6204
8021	79023
6133	6161
4700	4724
6173	6235
6201	6228
5930	23295
336	4036
1660	2521
6829	54623
6370	94235
89910	154881
24137	64837
9320	151636
1062	22974
1495	5868
9844	10458
1660	2130
11004	259266
6189	9349
11004	113130
6189	6194
9793	23244
23160	27042
4173	7153
9133	113130
4707	4710
6146	6189
8723	51143
64318	84128
9870	26091
1660	51593
6189	6206
991	4734
2967	9646
4176	5111
6159	6223
6155	6223
1956	3084
6205	6234
1308	3655
2957	51808
6133	6206
8453	79699
1062	10112
5436	6631
5685	5705
1933	6160
6168	6222
6159	6189
50838	259293
4751	4867
3916	3920
6202	6230
5657	8635
3913	54972
6133	6204
6143	6201
10663	51289
3183	7919
8688	54474
7110	10466
6138	6207
6137	6181
2185	3685
351	59340
7155	8289
3827	4295
6155	11224
2790	7204
57154	89910
671	1669
7038	7173
60	10093
11059	23291
1511	8635
4331	404672
1942	2041
4172	55388
6233	23112
4702	27089
1116	1669
5879	10552
7840	84902
79861	81027
3184	4670
6132	140801
2521	6421
6224	6227
4508	4512
624	6755
5578	5588
2058	4141
3397	7057
9875	22984
7311	11059
285	6776
2792	3763
1511	4332
6207	9349
287	10121
6158	6161
6146	6206
351	7184
8573	57669
8314	23512
4736	6218
1749	1750
324	2932
4599	51191
4254	5777
1857	5708
3178	27316
3673	3688
5331	222545
26270	93611
4174	4998
51023	116540
6132	6136
6601	6605
3184	3185
6128	6227
1969	2048
9114	127124
6128	6235
4512	4538
4696	4710
2935	6234
26519	56993
1453	3921
6207	51202
5347	9055
4088	57154
6218	6232
3183	6432
6169	6218
6139	6147
6143	9045
10236	10432
351	2767
1933	7178
4904	9295
5869	25977
65003	118487
1717	50814
1981	6208
6137	6204
6605	55193
2597	5315
6136	6208
338	5948
6144	6160
857	284119
6165	55176
11015	23046
6426	7536
6229	25873
51069	55168
5170	7249
871	1291
1124	5879
6500	55884
26173	79034
5557	54962
1022	2810
1062	9276
2846	4923
6161	6223
3185	5725
2491	81930
2782	2784
10713	11325
9138	55970
2932	5711
6133	6136
9320	23291
6128	6154
351	7042
6201	6222
7919	8106
3675	7057
5439	9978
999	3918
10890	51715
6194	6232
932	5023
6160	6224
6144	6156
9341	51429
6143	6168
3312	6804
2305	9133
6790	9787
3685	326624
29927	100526842
3799	11127
3109	3127
5516	5708
1500	1739
6154	140801
10274	57082
57187	65109
4736	6165
50838	56923
6210	6228
3689	5023
8881	29945
728	5697
5977	8289
6135	6231
8451	51514
23412	51725
1781	11190
10592	23310
3693	5829
6142	6193
891	9232
5438	51755
3512	100423062
6202	8666
3357	56923
6234	8562
6556	196527
6173	6204
84078	89890
5048	151246
23304	26268
7317	22888
7311	57530
2045	285220
219960	285093
6233	55669
1601	8322
8318	54962
6122	6203
7337	26046
2185	5879
9349	9887
9752	56141
6891	6892
8615	9570
163	25977
9037	23275
6491	284403
6128	6234
10161	257313
6207	6229
988	1654
344892	390067
3320	7415
8178	11267
1783	10121
2079	6637
2912	4543
51649	54998
5433	55197
23608	140462
4509	4536
5266	5493
9969	10499
377	29127
6950	10575
6124	6129
963	84329
11187	64065
8581	154064
5529	55055
1933	6222
23076	55131
5094	9343
5592	8654
1854	7298
6205	6224
6203	6218
324	1857
6164	9045
27316	84991
5717	9020
3903	22918
6233	89910
5048	54821
1063	7514
5829	64098
2962	8175
2064	6714
51676	65264
10250	22794
5579	9564
6137	9349
126638	147409
114	1814
3866	3880
472	5429
6147	6175
8453	9666
6159	6222
9329	10621
6234	25873
4208	5533
11176	79595
996	57542
7003	10413
6139	6224
2147	2159
22948	84790
3107	5696
8337	121504
399	117289
3854	9119
372	9183
3912	59277
3827	5005
988	9611
6430	8175
6137	6164
8027	8301
174	2243
1063	4288
10092	10109
130	10720
1956	2247
5834	93100
8969	8970
388	23526
6176	6230
79050	317781
3909	5829
5526	6249
3619	3832
6122	6206
5351	8985
6152	6228
156	351
6194	23521
11137	51388
932	2358
6160	6189
5660	55970
25831	26091
10540	80184
7532	10142
1668	1669
6455	9341
1778	5861
26589	64963
6144	6152
4709	4713
5119	51652
8289	57492
4694	4713
3849	140807
6205	53918
7311	23600
29984	257106
7316	91445
6129	6175
6147	6173
6631	6637
6874	51230
9495	10369
2033	10735
84464	201254
6790	9833
285	7010
6142	6175
10403	57405
6049	26224
3659	54739
3689	3903
51023	64976
722	725
1233	11251
6129	6159
1241	7204
6175	9045
1778	79867
7124	10673
8841	79685
2197	27340
3192	6625
8945	90293
2222	3422
5869	8027
6207	7178
6152	6207
941	942
5746	94235
4288	10051
988	10657
553	6869
399	4952
1439	5568
7039	10652
3685	84329
4700	55967
111	10268
6133	6203
701	9700
1832	5493
8687	8688
26589	116540
2863	7204
9968	23186
2633	3437
3717	4352
1830	6699
3184	9987
9585	81930
8453	9820
1665	55127
6241	55143
9700	10403
5451	55718
3822	8302
6139	6234
10919	53615
10733	79441
4700	4712
1173	5878
3190	10236
84128	84946
6165	6170
84643	93661
5000	5558
84135	134430
1108	2033
4513	4536
51650	118487
6156	6202
996	115290
6206	23521
444	3091
1241	29933
6210	6218
5819	201633
5422	9126
695	3055
6128	6193
6625	51639
776	786
3688	83660
6160	6231
570	54363
4691	9136
6130	6176
6181	6209
5887	7415
6230	55272
344892	390063
1084	2358
6167	6232
6426	6432
1292	5351
891	5515
1287	8974
6773	10379
388	117289
3619	81930
3054	23067
6235	7311
3192	55749
9700	10274
10663	259292
5832	118813
10236	10949
1783	79659
1232	50834
8189	10921
6217	27340
11137	84916
8615	100302736
3852	3853
2792	391195
1781	11015
7311	143279
4736	6170
6159	23521
8514	11314
4116	6432
1350	10632
6159	6230
8365	653604
239	5742
890	7272
399	9938
6218	9349
6124	6143
996	9491
1213	6233
27327	80012
6169	6228
6426	10772
3111	3127
4205	6938
5493	6707
6203	9045
5286	7311
6144	6201
1994	10285
6233	257397
6155	6169
3308	5903
1314	8615
2735	132884
2792	343172
6142	6164
920	950
6203	6206
51143	348995
2817	3340
2033	8243
1994	9782
11064	27077
1453	6223
6133	6207
6135	6161
1495	5819
2131	375790
6125	6175
6135	6155
84962	121441
6133	23521
1434	3838
1337	1347
4713	4725
6217	11103
10681	51083
3184	6427
5451	25896
4709	4726
988	79595
6133	6158
2023	2597
5822	22984
7458	8662
5829	6709
10772	10949
991	9787
112	3579
8347	8969
5822	10171
4353	6036
3895	5879
5048	7531
10943	54556
6170	6204
10112	29127
8655	83658
3915	51280
6206	6230
4141	7453
567	3105
3109	3115
4548	10768
9320	54778
701	51203
6142	6235
8334	8365
3912	3913
1933	6230
2251	8823
23304	64682
4735	121441
5822	55127
108	797
6165	9045
6144	6228
6138	6169
1269	8698
3675	3685
55014	126003
4701	7388
537	10159
6169	6189
6135	6157
226	2597
1048	80740
3895	3915
2635	5371
990	5985
7525	9564
6165	6233
3673	3691
4111	158511
8453	9320
6181	6232
3640	5443
1277	22801
6189	6230
6227	9045
2132	6385
6202	11224
6203	27340
51444	57531
8329	8365
701	8243
8729	10959
9787	29127
1662	10528
831	5829
972	3113
6139	6160
1781	84962
174	2266
6729	23471
1908	84432
1337	1340
10618	22848
9055	9928
226	7167
8729	9276
55755	347240
6122	6233
1063	9700
858	1956
26290	56667
1793	7525
4125	6037
2535	8324
6206	9349
5702	5708
5196	11251
3190	23435
8976	23149
6233	27327
6189	8562
7094	22906
721	3426
5335	8698
2692	5745
3837	55706
2918	6752
2153	2243
4035	375790
4736	6156
813	3915
5980	56852
3191	3609
680	2798
6152	9045
6872	83860
10383	84962
3909	4233
79583	79867
2833	6346
9437	259197
6155	6227
26168	27043
6156	6203
6165	6230
6619	10623
5869	10552
972	3115
3687	22918
10733	347240
1793	5880
5698	6890
821	10802
87	7044
6189	6232
6158	9349
7756	64149
11251	56670
1915	7178
4171	4172
6128	6169
830	10282
3101	64841
2925	9170
3669	4939
10254	10552
3181	51593
3054	9739
1824	1832
3913	5954
9820	26268
158506	246184
4513	4514
462	2155
26589	28998
9277	10153
8581	27076
991	5707
378	10959
4736	6209
10525	29927
1938	23521
3113	4261
1062	7272
6133	6152
6228	27340
4148	10272
6363	10563
3267	10618
6167	6181
5516	51400
2197	6144
6164	6205
6146	6235
8648	9968
22954	26190
6124	6230
887	2147
10952	28972
51088	84261
114	2492
1347	10632
6165	6209
6143	6228
5739	5746
8969	121504
11145	122618
388962	654483
8313	10297
2358	57153
9553	64928
6122	6193
4194	7316
5443	53831
4853	27327
51421	60485
6227	7311
10112	64151
3695	5747
8260	79903
3660	10475
1816	104909134
6737	79754
2491	7514
950	7316
6173	7311
6157	6229
4700	4708
10970	222487
2150	2863
2266	3698
6207	6227
5930	54620
1237	5173
1880	57413
5422	10714
6142	6232
800	5829
3434	3437
9295	10250
640	974
10664	22976
2521	3190
55832	80067
4057	6709
6152	6170
4539	4541
377	11014
2865	6863
9133	81624
7153	9824
26290	140453
9320	10193
4288	6241
186	4988
1337	29796
9879	51362
5861	5868
79172	113130
1453	2197
6222	53918
1386	6602
4670	5725
351	3912
6363	6752
9666	115290
3305	9530
4717	4718
2185	3688
5688	5705
6135	6223
4085	55166
3717	6776
1232	8843
7003	25937
6154	6164
6146	6228
1950	3671
4686	50628
4584	4588
4513	4519
1816	4160
55582	55614
64410	79791
8976	29763
23511	50628
522	84833
6135	6159
6923	9978
8881	26224
3437	4940
5529	151246
23304	56658
51650	64976
695	7305
6193	92856
6130	6133
126006	729230
51575	79954
932	79895
6147	7178
27258	51639
1173	5962
10952	58505
286	11280
6132	6160
10466	57511
963	1536
4724	10476
996	5707
2932	23291
4540	4713
9969	23389
51676	64750
7272	9787
3202	3204
7326	26259
1387	25942
6146	140801
6117	7156
3486	3569
1981	2197
10324	51666
2197	6228
6037	8635
6556	11314
79895	160364
29127	81930
23327	79176
26190	65264
6233	6868
5708	84962
6317	6318
1915	6175
6122	6228
9055	10112
3512	57050
1933	6152
1121	160518
10671	51143
6218	6228
6129	6142
9656	11073
3437	6772
4116	6135
6128	6165
8729	9371
3909	9459
6210	6233
521	9551
1933	6164
6171	25873
163	51429
160	26130
6125	6228
3185	84991
5422	55388
988	53981
6135	6194
5829	9564
6167	6173
10489	22888
6167	6170
64976	64979
4543	6751
6709	6711
3190	220988
3157	4598
8082	8910
6218	23049
6210	6234
26043	51122
23451	55339
156	55970
6230	140801
3619	10735
388	55843
10802	100302736
153	6343
1660	10713
11113	259266
336	3698
1511	4069
7311	114987
81285	285093
5476	5834
1453	1855
6500	7314
4736	6208
7311	151636
5788	6688
6455	8673
3181	10594
391	26084
1783	10112
6160	6209
5547	10970
6230	63931
353139	353145
6168	6204
6157	6175
4736	6234
6141	6161
160364	170482
6139	9349
2197	55127
1579	8529
1646	8644
4237	4239
2243	3698
259293	259295
9510	11096
6130	7311
1063	24137
6144	6165
9978	158506
5928	9070
8453	26043
3833	9212
23291	55832
4700	27089
4519	4537
4116	84844
29945	63891
4736	6144
6129	6188
9700	10735
5657	6036
389	29127
55737	58533
115827	326624
9021	140462
3915	5954
9739	27327
4116	6222
6129	6160
6168	6169
2932	5718
972	3123
3184	51692
28981	79989
6156	6165
4709	4725
932	160364
9371	10112
1329	9551
4736	6175
5529	79172
983	2491
3181	10236
2792	65055
6728	51121
1942	9564
10403	113130
83551	319100
152	11255
1282	1284
945	222487
57129	219927
24137	146909
7466	10970
10921	10949
9320	144699
7178	25873
6194	51187
1315	3799
6128	6228
3664	23650
1445	5829
2064	5336
891	81624
3921	6155
9283	51764
5411	51747
3190	3192
23223	65083
6632	6636
9716	11325
9833	64151
54509	445328
351	27242
1398	2185
55749	79869
1000	7184
9968	10499
5693	10213
9883	10898
6167	6209
5336	79837
153	155
1062	23332
10946	22826
6146	6234
7305	10870
1933	6224
6147	10399
2197	6202
3674	5829
11103	51575
5699	64344
1660	3184
6134	6154
1763	55388
6160	6229
1456	7534
4712	55967
7311	23521
6147	6160
10022	259292
6137	6147
3915	10298
527	3920
4313	4325
55143	348995
6122	6222
26494	344892
3635	5286
6209	114987
6232	27340
6625	10236
3127	4261
3107	6890
6135	6234
6635	27258
4353	5657
245937	613210
10403	51143
1129	6572
10970	326624
6125	6185
3908	10319
6144	51187
1814	259285
10403	26271
5880	94134
1555	1576
54165	57542
1933	6202
6209	7178
2064	5747
9928	259266
1936	6132
79867	91147
23533	55970
6133	6175
2153	51156
6202	6227
5054	5328
1524	126006
56902	88745
1062	6249
8905	10053
6772	83666
5116	55125
3491	3685
5265	7040
1665	23350
4713	55967
846	339403
2980	2984
3921	9349
6144	6164
1981	1982
10291	27316
2444	84766
6128	6231
9967	23097
6181	6223
64963	116540
4736	6201
595	5708
6232	81930
6130	6208
5861	81562
3357	5737
8976	10458
1303	10536
2537	10561
3376	51520
56667	140453
566	1991
701	221150
4607	4624
2521	10236
87	5768
4495	4496
6210	6235
8243	79172
3920	5660
55781	84135
1994	55660
6143	6164
6139	7311
4939	10379
2801	51014
55720	83743
1551	1555
2197	6165
8970	85236
2695	2792
51023	51649
4829	56923
6142	6205
4538	4541
4514	4535
6165	25873
56624	259230
6136	6231
6135	6164
302	2519
3356	5731
84727	122769
10376	150465
6222	6224
51728	79622
1991	56729
2792	219438
23291	83737
6155	6173
6228	25873
2888	5584
6387	57007
8334	8341
5985	63967
4867	91147
226	2023
9183	79980
4695	4700
196883	285601
1121	81846
988	23435
1121	51715
6188	6222
10383	10577
25798	326624
5880	84144
2185	375790
302	79026
9493	9585
6233	56254
9978	140458
779	783
5516	5707
996	5708
4709	51079
4172	5426
9824	10112
701	10615
8329	8347
1033	9787
5880	10298
6613	7341
3183	4670
6130	6161
10890	11021
4069	8635
3304	3320
6155	6209
2359	5473
699	220134
6165	23049
3698	3827
11339	64946
3491	3895
932	199675
6194	6228
6189	27340
2993	2994
1058	57405
2491	22919
3836	22974
7098	10695
1084	138050
6128	6167
5528	9126
2783	6752
65993	124995
6161	6173
1277	1292
8886	84172
3903	326624
10199	11102
6185	6729
4771	122786
1915	6222
8074	29106
1603	100128731
6801	8428
6427	79902
5725	9879
10900	284069
2207	160364
55901	170692
2033	9739
57082	113130
6130	6194
6137	6189
6709	126014
6201	9724
1794	5880
6155	6229
7037	54885
6169	140801
5739	59350
4763	7311
5269	5337
10413	25937
150684	150726
26005	121441
2935	6170
699	988
6866	8997
1499	5708
8334	121504
3683	3688
3071	7409
3303	3320
8886	23160
1081	3623
6157	6181
4067	5788
3074	5707
2784	594857
6206	7311
4343	4853
928	3688
6138	6227
22954	23014
6125	6202
1364	1365
6169	23049
645836	100287238
6122	6223
4541	4726
3710	10235
338	3698
5111	5434
84085	89910
6201	6207
6156	7178
6209	8562
3178	6626
8581	10232
701	113130
226	5223
4702	4710
2266	3026
2033	4089
8655	60673
11222	57129
9136	84365
6432	6636
1499	7534
2521	57794
26232	93611
6161	6204
9551	9556
6232	25873
6429	84950
3912	6714
4736	6188
4867	9657
6139	6156
6175	6232
6139	9045
6237	10235
4713	10975
112	1880
830	10652
156	7852
6122	6189
6170	6222
1660	10523
23149	51429
4694	4710
4738	6923
89910	90293
4701	374291
705	8886
1292	10536
1660	3609
6170	6234
3619	11004
3354	6387
6233	9341
10199	79954
27042	55153
10484	56681
5546	10262
6205	25873
9343	51729
1544	169355
830	6711
1793	5829
5558	8317
7871	8428
4116	6227
23218	196527
1350	7381
23265	50807
6128	6161
1908	2865
6217	27335
3355	4852
3433	23586
6158	6233
6143	6169
4904	22826
5516	55055
1894	5880
6164	6194
4540	4710
5981	23244
8886	64318
1314	22872
4538	4540
1915	3921
23279	23511
9700	9793
10749	29127
8329	317772
1981	6135
55872	157313
11338	23636
2792	5741
22974	121441
10693	84617
6135	6181
1778	6709
27161	192669
4233	6233
9564	9844
84648	353137
10274	10403
6330	6340
22984	79039
7536	27316
5861	10484
2058	2617
6201	6223
1315	81930
6714	10298
6223	6235
6206	6222
50615	59067
57191	400720
58	60
2864	27334
6170	6175
6169	11224
6144	6155
1237	27199
6181	140801
6139	6142
9631	65250
23322	79867
5529	54821
3685	160364
6133	6168
3685	5795
3192	23020
6203	9349
51602	84549
6233	55366
3017	8334
7314	9134
2197	8662
3912	84141
57551	79172
6146	6203
1314	10802
963	6518
920	29988
2633	5371
187	6370
25	10163
1981	6222
990	996
1576	1577
1793	8976
9295	9410
2519	11098
6133	6230
3094	57649
796	5745
6138	6233
6176	6222
9793	23279
7328	22954
27252	55585
5501	23332
3191	10492
1778	24137
55832	80204
685	1956
3113	3127
1933	6137
8925	10489
5347	11004
811	9601
11091	81887
9833	55165
6159	6224
1453	6206
57479	58506
7466	51280
1488	6934
1933	6189
1965	1973
2767	5330
10096	10097
9371	24137
6181	6207
55249	55870
5438	6637
916	917
5747	8976
25929	55706
9833	11339
5701	11047
2867	23620
4599	4938
274	51429
4102	158511
1902	8477
1337	27089
6160	6235
5433	9879
2205	5335
3274	285601
6136	6230
8905	8907
6155	23049
51143	55055
6139	6167
6130	6232
3491	5954
11051	55660
6142	11224
6125	6189
25926	117246
6209	6727
896	1032
58508	84661
23586	55601
84154	84365
6169	6204
2197	6138
1511	4353
24137	29127
4736	6124
1325	10563
3017	6688
3624	10272
22948	84617
6160	6203
2782	5082
6165	6206
1577	54576
5196	56670
6167	6169
9820	23304
10594	11338
3849	319101
56923	259295
6045	171023
6631	6635
990	10592
8337	8970
338	51156
6135	6208
1084	23601
6133	6202
2247	2260
1650	29927
9690	22954
6223	6230
3043	3045
1500	7409
22905	54874
8895	10970
7184	10130
81930	259266
55008	64750
8533	10445
1287	80781
8085	9739
5094	51692
10285	53981
7311	9020
51003	400569
26263	92912
8317	84515
2923	6185
6232	54820
6136	6188
51264	118487
2873	8945
3887	3889
6176	6235
9652	23517
6161	6230
1668	728358
3360	7253
8463	25937
891	5861
4332	5657
9875	55127
796	797
163	9341
963	8514
3799	10112
2975	9329
6950	10376
6222	9349
8843	50834
8976	10787
7317	51343
9320	26091
6218	6233
1329	55967
9700	64682
1857	5528
3181	10713
7514	9972
3886	54474
3109	3111
1063	5347
6133	6233
5660	84061
10155	284309
9776	55626
25831	143279
3973	104909134
26476	344892
3856	144501
54998	118487
5516	151246
344892	390066
1894	9493
10236	23435
1058	10726
9655	57542
23014	80176
2305	7153
9045	11224
10291	10949
8453	54165
4809	6231
5741	8074
338	350
3635	3718
1937	6138
4999	84515
3192	51692
6428	7919
6201	6234
1650	6836
6156	6171
963	3685
915	919
157	2869
999	1001
1778	2491
51715	57403
6209	9045
3491	51280
7412	388646
1347	4713
6159	6164
1453	6203
186	4922
2537	4599
6169	6210
8945	25831
1933	6154
6154	6176
10274	81930
51373	64951
6432	6632
1291	10491
6170	6206
383	4353
5688	7314
6232	7458
6168	140801
6157	6205
6142	6173
27334	55970
3017	8341
6161	10399
3921	6161
3855	144501
3434	10964
10193	80204
6207	27340
9604	9867
6147	25873
23309	27327
57545	79867
4173	23397
25885	27340
5529	22919
3135	3663
26146	150737
6134	6228
4171	4173
64951	64960
991	83461
6047	9320
27257	57819
11224	140801
10367	90550
5777	7852
2131	2817
2189	7517
4709	27089
6165	6232
1439	5777
197	350
1994	220988
9320	55236
1398	5781
1812	51764
1933	6176
10484	79090
3918	9459
2177	2178
1660	4670
5501	25909
8243	9126
3312	29763
2798	10886
6229	23049
950	10254
3914	4233
4172	6118
2197	6128
671	8993
3690	3791
2059	10458
25942	57690
993	1111
1731	23157
7478	7484
8590	285093
4952	9886
6128	6232
6224	6232
6209	6229
4535	4539
988	1994
11339	55143
10466	79571
9790	55127
6133	23049
6142	6152
23291	65264
983	6502
8337	333932
1956	3655
10802	51128
521	1329
10250	10285
6167	23049
1665	9128
60560	80155
2975	11128
84231	140460
163	6453
10466	11014
4751	10133
54821	55055
6138	6152
3112	114876
51602	84365
6134	6175
5742	27306
23063	23122
2131	2132
783	10369
6128	6160
1278	1634
7133	8740
1063	5501
9690	221687
301	2788
6748	10952
3214	3216
472	64421
7110	90196
11193	22826
4736	6139
6233	54778
23304	23376
6139	6229
6143	6159
6601	57492
3064	55660
6167	6227
6169	6175
197	336
64284	401409
1108	3094
1956	2268
1277	1291
10813	65083
516	26521
9666	65264
2358	6556
1435	4924
988	10403
2683	5660
1062	1783
7200	84634
3881	112802
23160	84128
2683	84061
2847	6363
8175	10181
6206	140801
3091	51122
6130	6137
8329	8334
6206	25873
5747	11099
9793	51143
3685	3903
60488	64963
6168	6170
6129	6233
27089	29796
134	6376
5829	9844
1969	5747
1783	9371
87	1499
2932	6790
6206	6234
1453	6230
5870	10890
6047	23291
3558	3717
6142	7178
23291	57154
153	6344
5695	9232
719	8895
23304	29945
2769	5335
11343	57552
8945	64219
9410	57819
6146	6233
5435	6637
8237	10574
6155	6235
9128	10594
6164	6168
6146	6230
54148	55168
6130	10399
2932	5516
332	3619
3619	9972
2790	9138
9212	83461
25897	55175
8514	10857
7514	54821
3113	3119
6157	6232
5928	116092
22905	115548
2776	27334
9700	23397
8767	23118
2197	6175
974	5336
3001	5551
2475	9675
570	6233
29089	197342
3579	5515
9354	83737
155	796
7178	7311
23095	64837
830	1315
10524	10714
4508	4537
3267	10254
5861	10959
1277	8974
6128	6229
1062	55055
3921	6130
6175	6222
891	51433
701	23047
11004	55143
7311	65264
6122	6205
1778	5347
23322	80184
4715	4718
6218	6230
4707	27089
6175	6194
6755	339403
6167	6229
1894	5879
10285	11017
6159	6234
6137	6208
2792	138883
783	10368
219968	285093
5566	5970
1439	3718
1454	4867
411	153642
3937	11184
1969	7525
920	5335
641	5424
1084	160364
6206	6232
1793	6461
2197	6155
23332	25936
2207	100049587
942	7525
153571	153572
51602	84128
1233	5196
868	200845
11202	25818
9883	11218
4641	9371
420	58530
54821	79172
388	7409
4312	4314
6188	11224
3850	3860
5725	10657
6168	6181
10952	90701
23291	55236
1933	6207
4301	7082
2814	51206
4852	283869
5438	51639
6169	6224
6229	7311
6124	6133
3482	26130
54973	79664
4904	10946
6168	6189
6156	6175
5796	6233
3702	9402
8698	55970
302	5834
335	4036
5286	8976
5424	5591
7184	51726
988	55631
2185	2268
11127	64837
1062	11004
5879	64333
3119	7535
6233	84231
1347	1350
5294	55970
9493	9833
6208	55176
4738	5693
8976	55971
6205	6228
1994	10498
6432	6434
8667	26986
4033	10970
1116	4069
6262	11069
2305	5347
7097	7124
6169	6229
6155	6158
10574	10963
6185	84061
4048	126014
9410	55954
4712	29796
332	81930
1269	56670
3937	5777
183	846
1277	1289
1933	6155
9870	65264
57674	64219
3309	9531
5575	23209
1783	6232
5657	23197
1088	2358
570	23600
383	671
399	7204
7311	89910
5903	6633
1081	7252
6154	6155
9787	22974
1490	7004
4535	4538
54577	54657
51023	54998
5700	5702
6711	11014
3355	6751
6128	6189
7311	64750
5868	10096
2935	6229
6218	140801
10733	79959
2197	6133
3185	55749
389	6453
28972	90701
23279	25909
3655	7057
6167	11224
247	3479
3921	6204
1937	6228
50835	50838
988	6596
1080	4036
1315	4905
6135	6209
56902	79954
1665	3190
6218	10952
5795	6714
5336	118788
6144	6167
6156	8667
5094	27316
116	59350
3185	10921
5880	9138
5861	57403
7538	9261
699	10592
6233	140458
595	6777
1981	6164
2537	3434
776	51764
6139	6210
5173	6751
6222	10399
3491	11098
462	3827
80155	80218
6160	6173
2204	199675
3655	3915
51079	54539
5451	23248
2521	5094
4172	81620
57521	389541
5516	81930
6193	6227
2195	7124
2206	2207
26235	90025
5435	5451
932	8514
1001	1500
351	1233
988	29127
4736	6223
6154	6210
6637	51372
54575	54600
4736	9045
6203	6231
7158	7311
1462	10082
9276	22820
3937	5788
6233	26043
10618	26130
6632	51690
10885	27340
1983	6122
4867	8655
1508	1514
1385	5594
4952	9562
6155	6231
259290	259294
6158	6222
6176	6207
6429	9295
1457	7153
5928	57690
6874	83860
5797	25945
3833	55143
4514	4539
6218	55127
1778	10577
23275	23509
5599	9043
130340	152503
4670	10594
701	9793
6160	6194
6209	6230
3911	5747
705	51602
10920	150726
25942	57649
2237	6240
3956	7076
5862	5870
10112	83461
23398	23517
6143	6155
84870	343637
5435	6875
1453	6209
813	84141
920	3702
5516	10213
6141	23521
117	2792
6139	6223
23112	84441
488	4853
8886	55127
5430	9611
6135	6206
9276	9371
1894	9833
6133	6135
6175	6193
353139	353142
846	10022
133	2790
55876	94103
506	3313
1650	58477
2932	5714
10905	23193
6169	6235
6156	6232
6385	7852
6193	6233
2186	9739
351	7466
6138	6203
335	51156
29093	51264
1292	1303
1453	6210
966	11322
3157	3422
8658	80351
56945	57129
55008	151636
1329	7381
6206	6208
2935	6122
6203	6230
5880	6453
3911	9459
187	94235
9787	10112
9341	10652
3181	3191
111	9283
2801	10959
3105	3135
6135	6141
174	51156
6168	6176
5290	6774
6144	11224
51118	80135
127247	148581
891	995
3811	3821
6227	6232
6632	51503
6146	6159
116372	257194
23224	23353
6147	6155
324	5519
399	7409
4853	6868
4125	8635
3355	5733
9246	54778
640	29760
1103	6572
7852	63940
3937	7462
56923	339403
1088	138050
5438	6827
26146	28981
57082	79172
92	7049
331	6233
6047	9604
4537	4538
9371	79989
2960	9412
4689	653361
6635	51690
7328	23608
4357	54205
3683	8514
3192	5093
999	9839
6154	6208
86	8607
56995	84085
2784	2847
6189	23521
9320	84085
5196	5473
2036	8573
1660	11338
4666	6136
161	3482
140458	285231
8341	85236
1133	7200
5347	81930
2537	8638
5747	9844
51023	122704
2817	6382
6453	10552
7456	10458
4035	10082
9820	90293
3688	23209
1280	84570
3921	6152
6625	6626
3978	4174
4540	4726
2792	122876
9126	54780
1293	1300
2268	2817
6144	6189
81	9564
973	29760
6208	9045
4585	200958
23658	27316
6152	6229
4678	83879
6147	6202
10885	65083
6635	6636
1660	27316
6228	6232
2197	55176
990	63967
8775	388552
1495	5781
10733	203068
1793	3071
5528	10726
9553	51264
7311	23049
3200	5438
6144	6207
6135	6222
3486	11167
7178	10399
6135	6139
6181	11224
890	11065
26146	55112
10097	10618
6049	23304
11098	84141
3609	10236
6870	56923
2064	6233
3191	4670
1981	6232
80328	116372
4695	4726
1981	6210
6136	6227
389	7204
22974	83461
6193	6223
6164	6235
8729	10121
1639	24137
6164	6218
1287	55214
4540	4709
83551	134860
1340	1351
6142	6203
6144	140801
9700	55143
5432	6205
6176	25873
6168	11224
3214	3217
4646	23607
5023	10970
3074	10577
567	3107
11251	94235
2967	51426
113	259285
1308	3918
9801	28977
1783	5861
29127	55165
466	1386
6698	147409
2286	5479
79172	151648
10163	147179
6133	6217
10749	81930
90293	143279
4940	10561
2242	10371
1490	25937
3433	3437
10921	27316
6155	6230
53339	57531
6636	84844
9793	57122
5725	51692
2033	8085
890	157570
6155	6175
3579	57413
10749	11014
6229	6233
143471	161742
6157	6203
5701	7316
221	5328
3913	375790
695	5335
6161	7311
7311	158506
10540	11190
23020	51729
3107	3659
3305	10963
1605	3672
6160	6188
10285	23350
5436	27258
4171	5984
5861	55605
5684	5695
6868	7311
6188	6235
6138	6229
6613	7421
7337	9730
2633	4940
8243	10592
988	55183
1956	3918
1832	2125
885	2922
2079	6428
6194	6222
5684	5694
7184	84141
2255	26281
846	50838
5868	8301
6155	6210
4297	6045
1981	25873
57674	64718
8349	126961
1000	10970
23014	64410
5286	29988
5880	257106
5928	192670
6206	6223
488	489
3837	5903
6181	6203
10193	197131
4952	8976
3437	10561
6133	6218
6155	6206
5717	10575
336	2153
6137	25873
1994	10594
9144	11322
1950	2277
2521	3183
2185	3320
6142	6207
1536	4689
55165	259266
2033	25942
6194	6205
6165	6203
6132	11224
6158	6202
2848	3274
108	6750
79659	150737
1669	56729
6156	23049
1933	6205
2932	5707
79583	79600
5747	10298
6836	29927
3664	11074
675	5983
6233	151636
5725	27316
22856	55454
4695	27089
6173	6207
6170	6223
6181	51187
891	11065
6194	8666
8548	64746
64928	64979
2064	54206
6132	6227
9927	10059
7311	7321
5001	10926
8742	51330
1453	6207
974	2213
6133	6141
1161	5887
7316	64326
7994	9219
8467	25942
10663	259293
1763	10714
10762	84271
5903	7514
1915	6124
9730	64682
26284	64965
3619	29127
7706	57506
4734	23327
6280	6283
6138	6142
6124	6125
2107	6137
6872	81887
6135	6189
1439	6776
1783	2491
6159	6170
6774	9021
988	11193
6160	7311
3796	10274
3832	4288
6152	6157
2956	5422
6227	25873
6233	197342
3433	10964
6233	440689
2207	8514
6139	6185
6209	6224
9700	57551
246184	285231
595	5707
6130	6235
6122	6164
10022	50835
10250	10291
375	10959
6548	11261
6144	6161
6203	6232
1933	6130
6147	6230
6157	6173
383	8993
23291	26091
1559	1576
6218	25873
2222	4047
6161	6201
4927	50628
6136	6142
26123	79600
1457	25942
10813	10885
2033	55904
6128	6173
6152	6208
3912	10272
6158	6168
139322	374354
9585	10749
57531	90025
6122	9349
6218	6224
6143	6222
6207	7311
81696	344892
4725	29796
6161	6227
2804	9276
3683	3693
23301	30846
4709	91942
84085	154881
5688	11047
27258	51503
9564	10044
6157	6234
1453	6222
2358	3579
6130	6152
64946	79682
1394	1816
84648	353145
6173	6222
3183	6428
6227	6228
3897	284217
1292	3688
1306	50509
11196	126003
2521	6626
4999	5558
11103	27340
10014	57459
5432	23379
58506	130074
6205	6230
51264	51649
6230	6235
983	7514
6161	9349
1062	151246
6156	6201
6714	57670
336	4547
899	140460
6129	6202
3913	6714
1462	8542
6672	10475
6128	6139
514	1350
2623	8861
389	9938
10907	51690
344892	390064
5739	94235
6173	6224
6230	7178
1004	1016
10274	57551
401505	100188893
2932	5708
891	24137
9181	29984
22995	23332
23223	26155
6146	51187
142	5981
6136	6235
6201	9045
6207	6224
4713	10632
988	9793
6235	27340
6136	6209
2792	128366
3312	10808
5501	9126
10197	64682
6455	23149
8766	10890
9276	10427
6160	7178
9702	22995
91147	121441
1435	3490
3681	8515
6138	6144
3066	6045
8687	121391
6556	84418
5426	9126
9113	154810
6138	6218
5708	5970
6154	6223
1062	6232
64386	84329
4069	6036
6426	7919
6207	6230
8341	8969
3718	50615
2107	6176
636	22930
6142	6143
5709	29882
55166	79682
5438	9978
2071	6830
6146	25873
990	5422
79501	285093
6152	6235
28973	55173
6160	9349
2968	6882
6168	6224
1302	169044
4627	5898
4707	54539
5433	55660
54577	54578
988	3839
117	2784
7536	10772
3609	4670
6176	7178
9787	55165
5500	5516
7919	348995
23122	23244
64792	92104
4116	6167
7057	7424
1738	4191
3685	6850
3046	3050
108	5179
3046	3048
345	350
6453	51429
5067	23627
6135	6201
2790	27334
9700	348995
1277	5118
7204	55970
6207	23049
5094	84991
6498	64750
1783	22930
5898	10890
6158	6206
6143	6161
1933	6129
23332	57787
8976	9341
6201	140801
86	8451
6130	23521
5589	23193
6170	6202
4736	6155
1956	115548
10053	130340
1660	5094
6147	6156
27316	65109
351	63940
5179	7857
5048	79003
6868	11319
4726	55967
1302	1310
4695	51079
391	9743
10075	84231
9716	10236
1665	84172
6173	23049
6147	6154
6139	6152
6161	6234
6228	140801
6790	29127
6169	9349
641	116028
1915	6228
5870	57403
7311	54874
6700	353133
1129	5733
1933	6206
4736	51187
4736	6194
988	23595
10051	23244
3912	11098
6157	6235
29074	51069
160	1601
6154	6170
1080	2147
6129	6135
727	51289
6204	6227
25926	51096
1944	1945
2790	2837
10959	11014
6135	6165
6158	6223
1783	6249
1933	6228
4535	4536
187	2359
3115	3122
553	3062
1758	8404
7846	57545
23322	79600
3710	5575
833	8565
6631	51639
6135	6173
5708	29979
5023	10857
1236	1901
6135	6138
1956	7311
80018	80155
23279	79172
5529	6232
3860	196374
6234	9045
108	50837
55166	387103
6142	6206
5438	6633
6230	23521
329	5707
2633	117854
6205	9045
1058	55839
6161	6202
5435	5439
3655	3914
5868	9341
6232	54821
6233	22888
6160	6171
778	779
54716	153201
4724	27089
4940	10964
2153	2159
1232	4986
60488	116540
6224	140801
10426	440145
6122	29997
841	1281
6175	6207
1933	6181
6175	7178
1981	8672
50838	259287
10733	84131
51	6233
29933	55970
4088	7048
830	1604
6193	6234
10201	87178
3655	5339
2730	2937
10970	79895
29796	54539
1656	27161
8453	56995
521	4700
6135	6170
25885	64794
9782	10949
4713	4726
983	51053
720	721
6175	6206
6870	51764
6711	8615
8351	653604
64318	79954
3667	5580
6124	6169
6156	6223
9672	375790
6135	6167
2521	4670
6124	6160
10236	27316
83597	403253
2975	10621
3364	5810
51	5194
6146	6175
6233	51592
6599	6602
7415	10576
353137	353139
8945	55031
10615	146909
3184	10181
6128	6203
5518	6167
57082	151648
51014	54732
891	10592
7919	27316
991	9491
6132	6171
6144	6169
55127	84128
22984	23223
3832	10733
5566	57787
6461	9564
6210	9887
1910	84432
10112	81930
1794	3055
8243	55746
4298	9646
3178	6294
9126	79172
6146	6222
4707	4717
6205	6206
389	394
3673	3683
29763	51429
55131	64318
2521	27316
23332	27229
1395	79924
11127	23095
9847	23265
6176	6206
6175	6210
3434	4940
3921	6208
6139	6208
2521	3181
6152	6224
7409	653361
640	7525
988	9219
344892	390084
6202	6233
9133	51512
1650	7841
9371	11127
9367	201475
7862	9219
6714	7525
3895	5954
6203	6229
64151	157570
6129	6138
9611	23097
3361	4283
5473	11251
6189	6202
891	1058
6142	23049
6626	51593
3921	6160
514	4694
108	7252
79867	121441
890	9133
2932	5704
10121	26005
2810	3655
2865	6288
1107	23186
6210	27340
2359	6370
6133	6170
1824	1825
813	1435
6154	6222
2081	7494
2243	3026
6227	9349
2912	4889
6147	6191
5869	6453
2168	3158
3203	3204
3191	9716
4713	29796
50848	57530
399	23526
2935	6164
54821	151246
6173	6234
3843	10527
55055	151246
6139	6157
58191	63940
7536	84950
1290	1292
84154	84549
1937	6229
6170	6218
316	4837
63891	390594
9685	10618
6667	26512
4116	140801
2185	5599
3048	3050
3853	3860
701	9824
11014	23046
6206	6218
5869	10254
117177	121441
972	3111
6223	8562
9128	55234
3921	6135
22905	51429
1915	6122
6156	6222
5747	7204
6168	6201
8337	8347
6439	653509
6233	84749
2266	5345
6688	7305
5518	6164
6204	6207
6204	6228
5471	10606
6164	6189
1589	3290
1173	9341
5872	6764
3376	6301
9833	29127
6635	9883
1017	4999
3843	55705
6631	57819
64105	151246
6830	85403
3594	7297
5436	5438
6233	23049
2197	6201
6154	6158
3185	4670
6222	6233
4948	7299
672	7153
10963	22948
6696	84141
5116	27229
2197	6208
5707	7316
3640	53831
643	50865
2359	94235
338	4973
6189	6217
65055	128366
3190	5093
6206	6210
6703	6704
10403	151648
7031	7033
6201	6202
1116	10394
1660	10492
6790	22974
1601	8027
5001	222229
2770	55970
2767	7204
9416	55660
3663	4281
8243	9700
6133	6222
6159	6175
7514	23332
6167	6194
6202	6224
1902	9002
8351	126961
55781	134430
6139	6232
2971	51082
393	11015
6160	140801
6707	147409
7272	64151
983	9972
4867	121441
1398	7525
11339	51203
163	1601
6138	6160
9700	57122
3071	5747
4233	5795
39	3157
661	6619
123099	340485
2935	6169
6156	9349
2185	7525
1495	7082
6144	6209
641	5426
9904	79050
6132	6222
324	5699
1400	56896
6132	6204
4512	4537
6141	7311
4736	140801
8925	53339
6223	140801
3672	3696
6223	9790
6132	6176
10193	25831
6167	6176
53905	90527
727	56923
996	8945
6208	6230
567	6737
932	51382
160	6233
377	51014
9738	54820
6139	6207
6139	6203
3565	3567
6202	6205
567	3106
6136	6218
9793	11004
2792	4985
10970	11322
53829	57413
9793	113130
5605	84292
6167	6223
6152	6168
2537	3437
5928	51317
6193	7311
6232	140801
1291	3688
7466	8720
6138	6209
3832	6240
9820	115290
1933	9045
3183	10949
4064	9450
966	199675
7043	10916
4735	11190
3192	10523
7272	10615
6124	6156
183	259287
4700	4707
2197	11224
4694	4726
567	3659
4969	11081
932	326624
3170	3651
5701	7979
10489	55832
1933	6194
4670	5094
3178	8175
6165	6189
196527	326624
6233	90293
3684	79895
6181	6189
10540	22974
988	6950
867	50618
6147	6223
6233	9927
7042	83706
4853	23509
988	7919
2776	5331
8993	10394
6182	51081
3903	10970
26524	126374
79895	222487
8568	57696
4141	8565
6776	26228
3913	51280
6128	6168
1453	6204
4713	4715
2197	6146
8349	333932
9277	84946
5516	5711
5718	8453
5872	51715
9972	23279
6175	7311
988	3326
1174	10016
1350	4695
6201	6203
641	6118
4539	374291
332	5528
5021	5332
29093	51258
9739	26523
2099	6387
10592	24137
8925	197131
6156	6173
3071	10458
6202	6222
10615	56992
6169	6234
1365	1366
25	5159
6143	6158
81	3688
521	1350
6678	7057
6154	11224
9730	84085
11052	51692
9655	55832
5985	8914
5422	10592
2491	55055
6175	6181
8615	10959
5520	6132
55884	115290
5781	10818
3684	53831
3915	6714
4343	7311
6175	6202
4088	23327
6222	6235
1576	2326
58	5879
79867	84902
9493	11014
8907	23396
5870	7110
1364	137075
1105	4343
259	2244
10285	23283
1665	3192
6709	51014
6132	6727
3122	55824
6136	53918
2920	3569
1933	6209
1981	6202
6234	6235
1062	5526
9790	27340
3309	7184
197	335
3017	8329
1994	10949
4172	7298
10921	51692
5878	11252
6170	140801
4689	5880
1350	27089
11157	51503
4172	4176
7311	9666
3181	220988
6144	6147
6154	6169
6189	6233
3688	7045
6124	6224
6176	6227
9631	9972
197	51156
2107	6173
3799	10540
6189	6209
65083	84172
1660	51729
6228	6229
1269	63940
7409	27071
6556	160364
26155	65083
388	4983
6207	23521
6157	6169
4540	4695
389	2064
6229	140801
4736	6157
6129	6193
26190	55236
150468	259266
4540	4694
3105	3660
636	25782
6152	140801
23223	64318
161	26130
6228	11224
2846	2922
797	7252
4736	9349
6122	6169
1457	1857
4689	7409
10142	26123
1524	5196
10959	22872
6224	6230
5829	10787
10236	10250
27042	55127
1432	5062
2623	3674
2537	10964
6138	6168
10102	51021
6637	27258
57405	113130
6141	6223
2790	5579
51350	112802
891	7316
3214	3215
6139	6235
6155	25873
7153	259266
4116	6161
6168	6727
6218	9887
54820	146057
50831	50832
6161	11224
10749	11127
11014	51014
4713	51079
23223	79039
3713	6699
4172	4998
28514	54567
1387	81857
7388	29796
3685	8514
6137	6167
10274	113130
3909	375790
5331	27334
10425	84541
3437	91543
4706	4717
6164	55176
3856	3875
2048	5998
4542	4646
6129	25873
28998	118487
3191	23435
57403	81876
367	8349
6159	7311
1487	5928
983	7272
2642	4922
3320	10808
5695	51330
6164	6217
846	2798
11157	51690
871	1303
6156	6176
6133	6142
4116	6146
7004	10413
6128	6143
1069	9657
701	3619
317772	440689
6185	57171
3728	5493
8976	55243
1050	7124
1499	5795
2533	3937
1859	10238
813	5954
9700	113130
1173	29924
400	57511
5777	6850
6201	25873
6136	140801
7311	23586
2178	2189
5435	6634
6605	57492
9870	57542
2641	346562
23047	151648
26285	149461
3192	5725
6206	7178
7415	56729
6142	9045
6227	6230
6138	6161
302	6281
377630	401447
5660	10970
1062	10274
6370	56670
6206	9045
6223	25873
3191	79869
6173	25873
824	831
9730	63891
5023	326624
3008	3009
4712	27089
580	10714
8615	9276
6133	7311
5558	11169
1500	84962
930	973
719	222487
6222	6229
6232	7178
4736	6207
6429	9410
5701	51330
6165	7311
4700	51079
800	10398
91543	129607
996	23327
462	51156
3183	3190
5795	9522
3055	5747
22974	23397
2804	64746
6136	6176
5094	23020
3192	6626
6156	6228
26716	344892
4725	9167
6233	158506
6141	6193
6146	6167
2197	6129
6176	6202
9349	25873
9156	51514
811	813
7044	51097
4543	5179
9039	136371
3491	7184
351	83706
160364	199675
3375	7253
10189	79902
8301	10096
3915	11098
1634	4060
1387	3064
1291	5351
5586	5879
567	10475
10291	23658
3921	6167
5747	9475
7305	100049587
4173	5983
10992	27339
26046	84085
9793	10403
3030	3032
3433	4939
6233	54363
1832	3728
2243	9715
4724	29796
3394	6688
23291	56929
3156	4598
6233	7098
6124	6138
2938	2939
1829	2125
1500	51474
23067	25942
4543	5173
2147	2266
23122	23279
2151	3356
160	22872
1778	54821
6232	6249
4509	4537
391	8503
9493	10121
5898	5899
163	6233
2266	51156
521	9556
5695	7979
92815	128312
1902	63940
699	3619
5435	5441
10155	10780
23322	57545
5977	57492
2125	11187
3181	4670
26046	26268
51068	117246
6128	6222
3689	79895
6748	90701
6160	6208
399	4983
6453	54874
4666	6137
3185	27316
25937	51421
6209	6218
9793	55755
6144	6175
988	5725
6206	11224
1058	151246
6173	9349
344892	390326
1994	9716
6164	6173
57111	401409
988	10767
5868	5870
9459	64098
8655	55839
3921	6128
6233	22954
8322	22905
1783	9493
6209	7311
1781	3797
6203	6209
6135	9349
6152	23049
388	397
2107	6181
7320	9604
988	24137
6628	220988
4686	10302
595	5694
5335	10818
6159	6181
2833	83756
6161	6168
9820	89890
3181	3185
6136	6139
4670	10432
4584	192134
6154	6234
1981	6234
3920	55754
29118	63876
6144	6188
4512	4539
988	5394
3620	169355
6890	6891
2788	5368
4591	65264
3856	3880
3190	57794
7027	7298
3354	51764
5394	55127
6155	6208
6169	6206
4298	6830
3190	10921
1894	259266
3921	6144
6169	6227
1453	6193
9493	22974
4736	6181
6229	6232
5434	10594
6204	6232
55755	57787
4116	51639
26091	154881
3761	3785
10427	126003
27340	56902
5707	126374
1063	2305
23304	84085
2799	5476
1337	1350
11004	22974
9972	23511
996	51132
1063	79172
6165	140801
5777	7409
6208	6727
6430	7919
6138	6201
1495	1969
3134	3659
226	7057
3107	3133
3187	7919
632	4094
391	94134
146	2922
6203	6222
26589	51649
344892	390061
890	55165
2200	3678
6125	6181
5795	10857
6136	6181
79473	344892
332	79172
9793	79172
3635	4233
595	896
3683	10857
8925	54778
6128	9045
2524	2525
1058	11339
6139	6201
7005	10413
1292	1295
4666	6202
8568	51096
1007	1013
6138	7311
9527	84516
51118	84946
1991	4332
2214	2215
3836	10971
5433	129685
64426	79595
1230	29899
55125	79959
6776	6777
891	55839
6138	6173
1943	1949
6827	25920
4236	10291
3188	10594
5432	11051
11065	55165
1282	10536
5741	594857
6124	6202
8697	8945
10403	10592
22826	57819
2150	5021
2197	6727
2740	59350
3084	85440
1660	9343
6124	6222
10022	51289
5361	8829
6138	6175
3921	6136
3355	5173
7536	23020
10539	57019
4174	10036
1956	3912
9648	79571
4670	27316
1237	8811
51465	84447
3912	10971
3797	28981
5747	10787
26005	80184
10592	259266
6133	140801
51650	64983
10426	11064
5970	6667
886	2922
4953	51686
2197	3921
64963	92399
6167	9349
302	5707
2197	6142
3619	24137
5690	8742
6152	55176
5903	22919
963	966
5861	5878
6556	100049587
6866	94235
4734	89910
7525	10298
3015	5436
5627	10461
891	991
6129	6154
3107	3134
1991	10394
22984	64318
988	10236
3909	3918
1956	3675
4588	140453
4713	4728
6201	6232
5689	51371
4343	6714
9918	54892
4670	10236
6142	6170
6201	23049
3356	6915
5330	8477
3178	3609
2033	23112
9585	29127
6923	285231
8365	8969
9320	154881
1915	6161
6209	9887
6157	23049
6161	6229
6155	6176
6125	6160
1605	5579
1129	4543
5430	27316
55831	56851
378	9276
1445	9564
6091	7852
5023	84329
6128	6218
2767	55970
6152	6164
6169	6230
6138	6156
6169	6233
1605	10298
6189	11224
1950	7474
2185	5747
1307	50509
4172	10714
1308	3691
3856	5493
991	10726
6122	6142
391	394
1062	79172
7316	80176
399	9138
2197	6181
6170	6228
351	10970
3837	57122
6152	6223
9354	84085
8175	84811
8976	54874
1398	1793
399	6453
6231	25873
1981	6223
3191	10523
5862	10890
6130	6206
54856	55870
51429	54885
996	197131
2773	29899
9416	51692
5695	6500
1778	5707
90293	221687
6233	25831
6210	6223
117	594857
5424	5426
1289	7373
2268	6714
4706	4725
6234	9349
5430	55215
4839	25885
7375	8717
6176	6210
6222	6230
6157	6159
1816	3973
4686	8021
4542	4641
6168	9349
2358	57413
2305	10112
727	259287
2107	6234
6869	64106
388	64333
2784	5741
6202	23049
9188	84172
3267	5868
3017	8970
4691	10528
701	4288
26146	79659
3192	27316
5880	171177
6230	6231
1129	3355
521	522
8544	10787
680	3358
22954	23291
4862	79365
683	932
57154	154881
7525	10413
988	5983
51264	219927
6147	51187
2863	5332
6136	6189
89890	90025
5869	11021
26043	55666
1536	8655
521	55028
6045	192669
6122	6234
6158	6208
3015	79682
8829	10512
2997	6233
6170	6208
1915	6139
2149	2151
2099	54828
9879	10949
6233	55670
1062	24137
3111	3113
1794	5777
84163	389524
3852	3860
10693	11328
10803	50865
3579	126006
23601	160364
6152	6175
6203	6205
891	54908
5371	6672
9533	64425
7536	9716
26519	26521
3119	3127
566	4069
22930	84516
3559	3560
5878	10552
10083	257629
336	2262
9934	27199
1022	4005
81537	259230
389	9322
9870	22954
6194	6201
6144	7311
4735	57545
6208	6223
6125	6133
3672	3913
2537	3433
5707	6790
5393	51010
4116	6633
6173	6230
259287	259292
6171	6228
6136	25873
1398	10787
3055	5335
2150	10800
3685	10857
5179	6751
6137	6228
831	5747
6202	6207
5699	11059
23620	84432
1241	56413
6189	51187
6202	6204
8826	55109
8945	143279
6124	6228
23160	56919
378	51014
3006	85236
7456	8976
3163	5023
2784	3763
988	9475
796	6344
7514	23039
4597	4598
259	2266
5901	729857
2099	2625
25909	57122
2209	10152
3655	3912
6130	6164
3915	5879
302	23526
2147	4295
2551	4899
5199	6709
1938	1975
351	8477
6210	6222
6132	6161
9887	11224
1111	4361
1495	1500
11190	121441
9341	115548
6141	6173
2535	55970
389	94134
9787	10403
6136	6152
9276	22872
1292	8974
1956	8976
54881	65083
56670	59340
9738	54806
3854	3861
9439	9611
7514	9793
55003	84154
2811	2815
23160	55127
3071	3320
51585	79869
1933	6175
8449	79869
998	22919
6272	79158
988	10059
3685	4035
3685	3915
115106	440145
3695	8516
6152	6218
2071	55677
1942	1969
695	5777
29093	92259
251	23627
2935	25873
79023	129401
6790	24137
6189	25873
1132	53637
3106	6890
6233	23291
4992	344892
6138	6232
56729	124583
4712	4726
4171	55388
10199	84128
5199	5777
6143	6157
5903	79172
6164	6193
3646	26986
695	118788
23014	65264
5896	5897
4508	4536
6747	60559
988	4173
2197	6158
9655	84085
6009	60673
51289	339403
6223	55127
4738	9978
6142	6204
5080	8338
9556	84833
2801	10427
6159	6176
11258	11316
6432	220988
4998	5422
47	2799
4171	4998
1537	4715
9557	57804
6173	11224
3676	5829
6863	84432
185	4988
746	100128731
4734	26190
6616	8673
22918	53831
6202	6223
4726	4728
5008	7297
6157	6165
4609	7022
1398	5599
351	10272
56902	84128
1915	6206
9136	84946
4986	50834
999	8907
3692	10969
3978	4171
983	29127
7204	29933
9611	23118
1956	2059
25831	57542
3133	3659
6169	6193
163	24137
8697	11059
6130	6204
5441	10980
1395	2848
6133	6232
29127	64837
5717	8453
9730	80067
846	5737
4508	4509
658	4093
6146	6164
5694	7979
133	2863
6128	6233
4853	6233
54820	57787
6138	6154
3912	3918
9739	25942
10885	55720
695	2206
5604	8826
6155	6202
4695	4707
2242	3718
983	4288
6128	6224
5903	54821
5829	10458
6175	6201
10155	90233
4116	6132
10112	64837
56949	57794
6141	6222
332	1062
10403	51203
4057	10321
5903	9631
8189	51639
6209	6227
86	988
5516	6249
1008	1013
2262	2719
6130	6144
7862	54815
11051	85313
1063	54821
9833	10403
2358	53829
7454	10458
2220	5648
933	974
988	3837
51023	116541
1387	27327
9742	28981
5335	6776
4736	6202
1292	5033
6829	55726
6152	11224
6170	6171
59350	94235
9221	23160
28981	150737
7153	56992
6122	6208
26525	84639
6628	55110
6137	6209
6209	6233
4509	4539
55168	64928
1282	5033
9126	23122
6129	6156
6155	6193
4751	259266
1329	27089
6201	9887
3444	3451
1088	150372
2914	4988
3674	8844
387	7046
629	4179
351	9002
3797	10112
11222	56945
2205	2207
6147	6234
1495	51474
79339	344892
9055	22974
5296	10818
10013	25942
6161	25873
9790	22803
23014	143279
2791	115557
6152	9349
6139	6218
6155	6156
1058	11004
336	51156
3683	79895
393	11014
51433	246184
6249	81930
9020	10000
945	79895
6152	6156
3921	6157
671	3240
6135	51187
6128	6135
9493	23046
8175	10523
6240	10051
6164	7311
9329	84265
6161	6165
7189	55626
6461	10787
6155	6203
472	4361
1991	5657
7533	10971
122876	594857
51143	113130
1911	57504
5566	23332
3859	125115
6159	6168
996	1017
6129	6139
5726	6755
23014	115290
6154	6168
348	5360
6709	8729
1453	6189
57630	83737
7472	7482
3491	54972
5516	5714
4736	6229
3071	5829
22905	29763
1639	9493
6144	7178
2033	23013
1660	3190
3688	5829
4717	84833
6156	25873
1915	6130
9978	285231
6155	6181
10592	51203
84231	197131
10432	27316
752	5217
4736	6232
6138	6165
6515	144195
219965	285093
10094	10095
990	5717
8131	64121
9793	10274
3092	6233
2034	3091
1660	3185
23601	57153
6144	6157
6692	6768
6147	6222
1956	7039
6129	6136
5829	7852
23521	51386
7311	257397
5879	9475
7520	55183
6152	6165
3212	8338
2817	4035
1956	10552
9793	57551
3619	57082
9277	80135
148	2837
26146	64792
6426	23517
9739	55904
5034	5479
8895	326624
6223	9887
813	11098
10274	79172
1103	162466
351	29933
2841	7852
23291	56995
26005	26123
6059	8886
351	10130
1337	1351
1933	6135
826	831
26224	283807
6142	6160
6161	6218
905	79577
9306	9655
3309	10049
5439	84844
10592	54892
5469	9968
10425	84085
23244	23279
6142	6209
54778	197131
3903	79895
80321	91147
1937	6133
999	4072
23327	89910
4852	5179
472	5884
4005	4602
6160	6164
10890	23011
2197	9045
1774	56729
10969	29997
950	5286
1233	6370
3017	8337
135228	266727
3880	4072
6206	6224
1302	1306
6135	6142
8453	8945
29984	445328
6709	7077
3184	10921
4171	10036
1956	4837
23244	57551
3122	54331
6164	6227
9410	10236
2635	3659
4736	11224
3837	7175
6146	6169
4695	4708
6701	6704
6430	57794
6233	11224
890	26271
55720	56902
6429	10250
2268	7525
2832	3827
4584	140453
6188	6206
7424	8828
5708	7415
1854	4174
3482	5868
23585	54741
3937	7409
51118	51154
51234	56851
6168	6175
7507	10714
27258	83443
2767	5599
10097	50618
25909	79172
5781	6774
6168	6206
63967	84515
9493	11015
6699	6707
7316	10552
11127	29127
3921	6234
11021	23011
2034	9314
6139	6193
3055	3572
7919	10949
5347	9738
6122	6138
399	26084
6319	6720
22974	259266
966	11314
2935	6160
6169	7311
10432	23435
6517	9968
5431	9879
5868	57403
3437	10964
11017	22826
51109	54884
8334	8337
51121	79048
2617	4141
6156	6233
6133	25873
2268	5747
23309	79595
6170	6232
9133	56992
6130	6159
57153	79895
4508	4535
3301	10963
3619	10112
8886	23560
2695	122876
641	5427
7311	154214
10561	55601
6218	9045
5747	10458
9585	51014
9212	57405
972	3109
6632	6635
1294	1295
6175	6228
9886	84144
11345	81631
6202	7311
5689	5700
11103	84916
3688	3914
9553	51650
6428	7536
7476	7483
5611	10525
6138	6222
727	50838
6934	83439
522	4713
8807	8809
966	11014
6142	23521
26235	158506
930	118788
6204	140801
5829	375790
6157	6206
6133	6209
2266	3481
6169	6208
4848	23019
2817	3055
6155	6234
3240	4069
6142	6201
9126	348995
55839	55920
2968	9656
6601	9031
890	10460
4700	4725
1118	3417
3486	3491
2935	23049
5869	8976
8514	22918
4735	10540
1499	7409
7135	7431
9730	10293
246	11283
6189	6218
10112	10749
55662	80351
7536	10236
115290	126433
991	9133
1639	29127
10657	11052
3903	5023
10733	55142
393	29984
2207	5335
6233	9045
3190	10657
5501	25936
3796	5515
6171	6227
6144	6229
6139	6173
566	4125
23076	57696
2159	2266
400	25839
6193	6205
2790	55970
988	9774
2848	285601
4867	23322
6165	6224
9493	29127
991	9493
353137	353145
6128	6170
6205	51386
6130	6218
23533	55361
84296	84515
5529	57551
1915	6147
1783	25839
161	8650
7531	8655
10236	11193
6136	6203
6168	6203
6194	53918
2033	7874
5696	6890
905	5431
6152	8666
375	1314
22897	653784
9793	57787
8969	126961
3074	23197
10921	55746
6788	6801
6830	9646
6128	6136
23020	27316
3689	84418
23279	51692
705	84154
1665	10885
5067	137797
1072	5216
867	10097
8349	8365
5441	79035
6147	6210
3190	5094
23590	56997
55832	115290
4707	4712
1879	5079
4541	4712
399	9743
80184	91147
25978	51652
4641	11127
27340	55127
6193	8666
1991	4125
6203	7311
988	4436
7311	23032
226	5768
6164	6234
988	3843
7337	84085
2073	8451
10640	55770
728	846
973	974
11128	55703
399	57449
285093	390190
7311	126433
2177	11073
5194	7311
6176	6233
930	974
1763	348654
10112	51014
6233	6235
891	2491
6129	6133
6137	79707
4322	7373
23020	220988
3184	6434
24137	55614
88	4620
55112	150737
6500	10920
2125	6699
2168	2169
1063	25909
3190	10492
6133	6160
6164	6224
7137	7138
3915	7402
187	1233
521	10632
3066	9014
6181	6204
55215	64858
1230	55970
1524	729230
27076	154064
6629	10189
3181	51692
9212	83903
988	9533
51604	84720
8805	27044
3832	9700
6158	25873
6165	6168
3767	6833
5685	5700
6168	25873
54845	80004
5335	10920
302	2799
10051	10592
3055	5829
5868	11021
2197	6169
6632	10907
10426	55755
6924	22916
1062	2491
10236	11100
29093	118487
6635	11157
5829	6461
5928	10014
6206	27340
54577	54658
4736	6154
6170	6176
3434	8638
6156	6229
680	846
10693	22803
9371	64837
350	2147
3685	9475
567	6890
8853	11014
51143	79172
57674	151636
57545	91147
4512	4540
2242	6237
55703	55720
1601	5878
6128	25873
9126	55746
963	10970
4041	6422
7311	23118
6790	55165
1524	2359
6146	6202
4541	4724
8189	23524
87	51097
4736	6137
23291	26190
3646	8667
5870	8766
29796	51079
6142	6147
3185	10949
9183	113130
6272	9500
344	6382
9564	54518
2790	5294
5426	10714
54480	55790
3688	7057
27340	55720
10802	51014
6428	22826
3434	4599
29127	54443
6154	6231
6136	6222
140807	319101
9793	55746
3190	11338
6175	6234
2200	401138
79685	94239
3055	5788
7175	10250
6209	10952
1902	7852
9055	29127
4535	4537
5981	10051
9382	9827
60485	84962
1595	3157
6230	9349
2305	5518
4701	51079
6144	6204
4171	7298
4839	55720
6152	6203
2695	594857
6130	6228
6233	7178
23279	113130
6229	65008
54578	54658
6224	27340
6139	6143
11017	85313
1739	4646
940	50943
783	2784
4116	6235
6160	6234
2519	3074
26190	51122
4736	6142
3561	5599
4588	26290
4116	6218
6159	6167
5880	80728
6711	10466
6224	6234
8453	51122
8826	128239
1656	54464
389	64333
55175	56995
5438	84844
3918	4233
6374	27198
8365	333932
9700	79172
6205	11103
5516	5526
6427	7307
57542	144699
6193	6203
6176	140801
905	5433
2916	3351
84131	203068
23244	55746
521	7381
6231	6233
6144	23521
10250	23636
6158	6218
8065	84259
4540	374291
51226	553115
102	6233
6124	6161
6249	54908
8451	55208
10254	22848
6228	6233
3123	7535
7913	9015
5700	10213
6734	58477
8607	54881
2935	6181
54069	64946
1398	1794
5528	79172
116541	219927
6203	6234
6434	8175
1655	11325
1121	79090
6224	25873
9879	23517
1062	57551
1524	11251
10425	79876
7153	11004
891	9493
1236	4544
2597	7167
11103	56902
6228	7178
2189	80010
695	6850
23	6059
3833	24137
5000	7311
1511	6037
10112	11127
6155	6228
6130	6136
4221	11168
9156	55388
9700	259266
51289	56923
6130	6155
72	58498
25885	55127
6164	6165
688	5468
6129	9349
3192	10921
6181	23521
5435	84844
6572	8322
3688	91522
399	9411
521	4694
6139	6155
7525	11099
6125	6139
3434	55601
6157	7178
7328	9690
2197	6218
1434	7514
9277	65083
5777	10630
9690	84231
6147	6208
6173	6218
51429	152503
54778	140460
302	23197
54620	80204
57082	348995
197	2266
1062	10592
83597	390174
6827	51755
514	4713
7327	26046
336	3827
335	4547
6430	27316
1595	5447
378	10282
5529	7514
1956	10413
54625	151636
3685	196527
514	27089
9972	23165
4707	51079
5928	22823
6133	6156
6176	6194
9757	26523
5294	7409
983	5000
55212	84100
50506	90527
55863	91942
9700	23122
1121	326624
11100	11338
6147	6235
7311	90293
351	11251
3827	5020
3672	9564
3308	55706
3437	8638
6232	6234
9377	54539
6187	10557
983	26005
259292	259295
6147	6158
1329	4726
4735	7283
6168	6218
996	9320
8886	84916
6184	58477
7057	56999
5717	126374
4717	4725
5516	5598
3660	5696
6160	6210
338	2153
6152	6171
56670	94235
2159	2243
5071	7704
7311	8945
9816	9875
6155	6207
3685	9564
6144	6208
833	3376
2788	5331
2798	4829
7153	9688
377	3799
10232	154064
6138	6188
890	9833
6636	8683
6168	7311
896	3717
5684	5706
1315	23303
9320	89910
637	3002
204	4508
1794	9844
1981	6233
3912	4233
10013	57649
10575	10693
1933	6203
9330	53981
5903	57551
6233	25873
6173	6228
846	4829
3675	7045
9844	10787
891	151246
1991	8635
10592	22974
3619	9793
6147	6169
54552	55720
9133	10615
10952	11224
2491	57551
9700	23332
3113	3115
6142	6194
3115	10346
10121	10844
9410	84950
4343	6233
6135	23521
7450	54756
3118	3662
5725	11338
6154	6209
1778	2801
2099	9687
10959	51014
6142	6165
2768	5879
4171	4176
5540	6755
6143	6232
6189	6208
5747	7454
6181	7178
2913	4988
5720	5721
4670	11052
8243	23332
566	1511
7979	139285
117	122876
134	5660
6154	6204
3111	3115
5695	10213
335	2153
2147	2244
6189	6229
3998	22872
6154	6206
2935	6189
6122	6129
5829	55742
50835	56923
3433	10561
4702	4724
6143	6173
6175	6209
114	259285
2863	9002
983	129401
928	3655
6138	7178
405	1387
5700	5706
1063	3619
899	9700
79865	340205
3185	3190
2206	5335
6135	6232
81697	344892
983	203068
4707	4724
8514	9522
79090	149111
6132	6167
1462	3915
51	7311
7316	26986
2033	9967
8450	10401
8065	9354
3683	10970
6142	6161
595	4602
378	55605
9276	11014
857	4088
6136	6168
4952	286451
6138	6141
10952	140801
6147	23521
5439	8896
6175	6189
63891	79876
10285	23451
4332	4353
5706	5714
7456	10552
3685	64386
701	3832
64981	116540
51602	84154
908	9628
5903	9126
3191	10432
891	8697
6137	6138
6921	10987
197	338
977	3655
1738	6470
2071	27125
6161	6232
26146	79989
4714	54539
5199	10394
22803	27340
4008	7321
3882	121391
51129	85441
2222	3157
2792	5145
6124	6147
6164	6170
10914	79869
9320	22954
23279	51362
54778	57542
5931	10664
6158	6203
3320	9844
3850	196374
3113	7535
6142	9349
4717	4724
3561	3635
5879	8976
10084	27238
974	1445
64219	65264
6142	6222
4736	6167
6132	6208
1471	2519
7316	150726
5725	9128
54998	55052
6233	154214
971	974
3240	5004
6209	6235
10857	84329
567	1520
6170	7311
6170	10952
6657	57167
6155	6233
3109	3119
5869	9341
55168	56945
389	117289
6218	6222
996	54778
1669	3240
6233	10401
6643	58533
6175	9349
719	945
4700	54539
6139	6222
389	399
6165	6169
4067	6776
23332	79172
4175	81620
335	2266
5430	9282
6155	6194
641	4439
604	933
336	462
5347	9918
5157	7991
10949	220988
6233	8322
6146	6173
57405	79172
7398	10714
9212	79003
9126	9656
4707	4713
2212	5335
2788	2864
11116	79959
4641	5898
351	8698
6161	6175
6128	6230
5692	5710
4088	5054
4736	6160
10749	24137
6136	6204
54998	128308
7021	83741
3673	3914
6133	9045
8945	65264
3688	5879
3659	3660
2962	56949
523	155066
23028	23186
8945	55832
6176	6232
3191	11338
1195	57396
2147	2243
4599	10964
4700	9551
3667	9564
259287	259295
177	351
5528	55143
2524	10331
7311	23291
5528	5702
23451	51692
23014	79791
6194	6203
51388	84916
5878	10618
6164	6175
6709	7430
29763	54874
6144	6235
6235	6727
641	7316
3609	5725
54908	79172
6156	6188
9493	24137
3672	3912
6147	9349
1783	10540
4670	23435
285093	390191
6599	6601
56923	259287
7184	10970
2033	56655
1933	3921
6137	6201
64928	219927
6160	11224
6136	6232
183	3357
51096	84128
10540	121441
974	29760
5093	5094
351	3491
3911	3918
6146	9349
54069	79682
51725	142685
10681	338557
1856	5869
3685	3688
6204	6224
6156	6230
6167	9887
6130	6188
6233	7158
3301	10808
6164	6181
6156	6235
60560	80218
1173	2535
6142	25873
1499	283149
1915	6202
2186	23067
57542	197131
55970	63940
3062	64106
7531	10383
6144	6218
1290	5351
6142	6154
1956	5328
163	54874
3482	22848
4593	57144
6222	6223
6152	6155
6135	6136
6208	25873
983	7321
2533	7408
1453	6232
6160	6167
6156	6168
1445	54845
6206	6228
6169	9045
5528	348995
81930	113130
2222	2224
57405	79980
3921	6203
3355	4543
81	7791
55168	219927
4738	7979
5588	9402
338	2262
1783	6711
566	6036
3886	8688
1634	4314
29093	65003
10885	27042
3178	6430
6135	6137
10749	11015
5516	54908
6167	6224
6370	165140
5048	5516
1356	54757
3106	3659
1536	3683
833	2617
5201	84617
5594	5781
55759	84154
54874	115548
10412	79039
51203	55143
1387	6938
4709	10975
5684	8658
5718	11059
904	6667
3953	6774
8875	55350
1778	4735
23	988
10885	25885
966	79090
6208	9887
4599	4939
6144	6170
8337	440689
4708	29796
7316	83752
2798	56923
10022	339403
6146	6204
4738	54939
4952	5286
51510	51652
904	905
6223	6234
3185	5094
6173	6201
4540	126328
3797	92104
5869	6233
3903	57153
932	945
8295	8945
1062	23095
5469	80205
7311	10111
7311	140801
26523	192669
6189	6201
3190	3191
23304	140460
6143	6160
2048	3055
6386	10487
6224	6727
9918	10592
8563	23225
6158	6230
9978	81559
9318	140461
399	9828
705	8602
11218	25929
6188	23049
6159	6193
1778	6232
6152	6169
695	5336
1050	2322
8365	126961
1121	54453
1022	5432
6173	6206
5929	8085
10484	11196
1268	10803
5557	23595
1781	57545
50831	339403
29945	90025
6228	6235
3619	10403
1950	6678
6157	6209
25897	27252
6152	6201
6204	11224
4116	6202
6160	6175
6159	6228
4736	6138
5708	51330
26682	344892
23646	147746
84962	126374
799	1812
516	51287
3643	9021
1933	6188
6204	6206
2060	50618
1595	6307
891	29127
6678	7424
6139	6189
10121	79867
2922	4923
6224	6229
636	23299
10540	24137
7478	7479
9246	11275
9604	22954
11316	55850
351	3913
6160	6232
4713	9551
2923	3309
5714	6790
8329	126961
2359	56670
6223	6224
351	2817
6146	6165
5725	10949
4288	26586
5710	51686
1933	6233
1457	9918
672	64682
1008	1016
1237	2917
26470	253982
1969	9564
8843	338442
6133	6173
2792	594857
92	4086
6128	6157
51079	126328
383	1669
3619	5528
351	126006
6418	10592
4695	84833
65264	115290
9320	10489
23142	26190
27043	57647
1362	3482
6141	9045
6165	9887
6167	6201
187	1524
6142	6229
2491	5529
55720	84916
3184	3191
3797	57539
5868	7879
64106	347148
55252	55777
51320	55175
4067	7409
50838	259292
9887	51065
3015	8290
6141	6159
10403	55143
966	2207
6168	6223
3915	375790
1994	3190
6122	6147
6136	6228
1983	23521
84861	143279
5717	6790
3491	3912
23160	57647
56963	148738
999	4646
5528	51143
7984	29984
8322	8324
857	64750
2861	56923
945	3685
6790	10383
10575	84617
6500	9604
351	5330
2033	27327
1981	6230
126328	374291
7454	8976
7337	54778
9265	27128
3912	5954
2625	5241
9879	51690
6208	6222
891	1783
988	55215
4893	27006
6156	6218
1387	10498
2768	2790
955	374659
3192	23350
521	27089
6176	6201
4582	10331
1994	10921
4035	6385
661	10623
983	9833
2557	2560
4736	6168
5829	9459
1994	5725
8322	54874
353132	353133
6223	9045
8468	91646
6752	10563
22984	25885
6170	11224
3013	8334
10949	84991
6830	55677
2197	6161
3074	56729
6137	6155
904	9646
5604	7529
699	1062
2740	5746
3184	6626
1778	3831
5347	259266
1536	51382
6142	6233
3837	22974
6128	6206
2222	4597
6633	6637
9435	50515
4947	5716
51692	55749
6201	114987
6921	55284
3105	3107
5707	84962
9611	9967
6193	6194
6430	220988
84105	347732
6231	9887
4638	4659
6161	7178
10499	23389
10274	23279
8600	50964
6240	29127
285093	391211
6142	6156
6158	6234
1459	9918
6383	10082
5700	5705
1956	5879
8655	23218
1291	8985
26019	51121
6176	51187
7328	51444
1453	8945
9363	64284
6144	6224
2935	6207
51280	54972
657	9765
6233	9349
6138	11224
6133	6208
695	3710
3488	54757
8453	115290
134860	319100
23063	23244
6147	6181
6193	6218
6155	6159
9742	26146
3913	5747
3309	6836
6124	23521
4088	5594
5093	51692
1965	8892
23279	53981
1287	1288
4582	10164
10594	23450
6161	6189
4543	4852
919	3559
7343	57459
6135	6193
5879	8853
4172	11073
6133	6193
28998	65003
6181	6235
6137	6176
4809	51065
6234	7311
6233	10110
197	2153
9221	84172
3713	23581
9493	54443
5023	8514
8689	54474
6161	6208
29945	64682
6709	124583
9076	24146
4538	4539
1033	9232
2788	3269
5868	10890
2197	6194
6346	83756
10427	10484
2916	4887
2305	4288
4172	9700
320	5864
6135	6227
51172	84572
1387	23097
3913	5829
1639	8729
6224	9045
60	10095
9318	27252
93611	142689
10075	54926
389	257106
5558	10926
6137	6222
6189	6193
1994	10291
9320	57542
4715	7381
595	6776
389	57522
8349	8970
332	55055
932	222487
2683	54918
983	11130
4666	11224
5290	259230
7336	7341
2197	6168
5594	10971
4736	6122
388	23370
6132	6201
156	2121
11338	84271
338	345
2268	9564
6164	65008
79895	338339
226	2821
2071	5985
2247	6233
5984	23649
4701	126328
55003	55299
10022	259293
1022	5887
2695	10266
6158	6176
6135	6152
57105	94233
4666	6129
6836	9276
811	7184
3192	10236
6154	6159
226	6678
915	3118
1894	54443
2064	5364
8301	9322
3192	9716
111	799
4591	55658
55279	285237
24137	285643
813	3912
6133	6205
2099	6198
6144	6227
353137	353142
1639	1783
672	7516
521	4713
6923	140458
121504	440689
5822	8568
1453	6224
617	10469
50831	51289
6122	6175
1829	5493
53981	85313
4620	4626
1365	100506658
6147	6189
301	27334
4724	4726
916	940
945	6556
915	7535
1315	2804
1017	63967
286	6708
2317	3688
6143	6233
699	3796
54474	286887
6194	9349
1500	4646
3172	6927
6164	6169
3912	5578
5869	23011
1994	27316
9716	10921
9320	51088
6159	25873
2155	2159
6338	6340
9984	10482
9793	23047
5351	5352
11014	55605
389	10398
831	23209
3055	3684
2801	11014
6130	6170
7514	25909
905	27125
6160	6218
3855	3866
6181	23049
4710	4718
9793	23332
6426	27316
10885	23160
4512	4519
4710	4726
9870	64219
1981	5976
5885	286053
6168	6230
6122	6135
9742	55112
9126	23063
3191	27316
6205	51187
5119	9798
1268	64805
6147	6164
6427	220988
4069	6037
6228	9045
116	94235
7316	54677
6138	6230
6160	6223
6133	6201
3913	10970
1803	59272
5694	5695
8698	59340
6147	6194
6189	6207
3434	55008
967	25798
6222	140801
6164	9349
6142	6224
83540	259266
1902	2767
3978	5424
5432	8450
3725	4088
966	326624
6167	6189
6193	6208
6125	6129
2185	9475
23355	27072
1325	6373
9883	23511
23332	80321
6208	6209
2491	5903
1048	8434
846	259292
79090	90411
6135	23049
1500	6714
50865	63940
2935	6203
54998	219927
8243	23047
6125	6142
1994	9343
5861	10890
3133	5696
22794	23398
10181	10523
6137	6141
5432	27125
25831	140460
983	3833
1981	6133
6202	6218
3191	3192
2244	3827
1394	4160
1639	10121
6500	8697
3192	51729
1063	55746
3921	6233
2197	6204
1994	10492
643	9294
6950	84617
915	29126
3937	7305
4176	5422
3687	8514
2537	10379
2197	6210
10970	11001
6233	10111
4708	27089
2692	2843
5438	27258
6189	6210
10487	11344
2197	6193
6160	25873
6155	6157
2197	6230
10920	26263
91	92
2033	23774
920	1234
5868	5869
6167	6206
3091	5594
9183	22919
6156	6169
197	2243
1555	1577
9833	22974
2207	3635
3685	375790
5879	9181
3718	7297
891	55872
6138	9045
2962	80004
6176	6181
26173	51593
6167	6208
7003	7005
6209	25873
695	2207
6176	6189
8085	9757
3918	5829
6203	6228
6232	57551
10342	10427
6434	27339
10959	55605
595	4609
705	83732
197	3481
5693	5707
4734	64750
6201	6230
8924	8925
54443	55165
1347	4695
27125	55840
6207	53918
9076	100506658
6746	58477
7415	10383
6442	6444
5437	23524
6155	6222
51264	65003
5438	85437
6207	6218
25909	54821
5930	80204
374	2153
7153	9700
6426	6428
1105	23168
10975	126328
50813	55884
302	10577
6133	6157
1490	10413
6605	11198
6175	6224
4508	4514
1994	55339
389	1894
514	4700
57154	57674
27248	79139
6207	11103
4952	9341
26268	53339
156	5021
4928	7514
2788	5294
5970	57506
10523	11100
6158	7311
1062	54821
6128	6138
988	5985
3559	8651
5660	6376
9411	29984
10321	57554
9133	57082
9725	84443
10121	80184
9015	57504
57539	79659
9126	23244
996	65264
6204	6218
10112	55635
4116	6637
51649	64928
10890	10971
5433	8085
301	2790
51593	64859
1366	4072
7381	29796
57153	199675
2491	3619
6159	6208
6173	6232
9493	51014
1499	1969
6160	6165
3350	4988
6194	6202
6428	6432
6135	6158
2033	8289
1994	10250
1234	4544
891	5526
11322	55754
336	338
5460	55211
5610	23586
2635	6672
6154	6167
6125	6168
2318	54751
400	60592
90	4088
2206	3702
2048	5921
4701	4713
6637	11157
1915	6189
1495	128239
10552	22905
151648	220134
4599	8638
8663	728689
378	830
5439	10980
8886	55720
6453	7311
2792	7434
2266	9715
11017	11051
5624	10232
5093	27238
9126	25936
10802	22872
6160	6204
2197	10952
6164	6209
5149	388531
2242	3561
8329	85236
607	8945
6135	6156
996	23291
3017	121504
80168	346606
4712	91942
7124	7316
1783	24137
5528	57405
6233	65264
55326	137964
3304	9531
6202	6203
3308	3312
5347	54908
4976	55669
846	259295
3912	11167
5518	6133
6132	6147
6688	7805
2521	6434
988	6601
1295	55214
27292	84135
9787	64151
6138	6224
6155	140801
1915	6138
8356	126961
3675	3914
6138	6159
3361	9290
6181	6202
6143	9349
1495	5770
9636	10561
6169	6173
846	259293
6205	6208
3886	121391
6170	6181
3304	6233
2255	143282
3832	10121
6160	6222
4867	79867
6385	7057
23560	84172
6227	6727
6128	6141
3688	7052
699	259266
3912	5747
3579	8766
55720	57647
6161	6194
5725	10492
8689	121391
6173	6233
3490	84141
3123	3127
83732	84946
1667	1668
23295	84231
8976	147179
9493	81930
2197	6170
3115	3119
9738	347240
1058	79172
2962	4298
1398	6461
6167	6222
2788	50865
5529	23279
79172	151246
4116	6152
6193	6222
2197	6154
65083	79954
5701	5715
6124	6128
1062	1063
9371	11014
3799	29127
514	10632
6129	6235
8349	440689
4710	4715
102	1495
226	2539
10458	10787
23046	51014
6129	6164
10193	26046
336	345
50813	84727
2960	4763
1793	100423062
1282	1295
857	1956
6788	60485
88	2890
23014	55832
567	3660
9276	10121
1173	8301
1778	81930
6453	22905
9933	84365
6461	10458
6122	6143
6156	6160
4116	6169
4067	4254
1062	10051
5861	326624
9320	26046
6176	6208
5529	7525
9716	10250
50865	64805
2967	9015
153	796
5887	8450
1511	5657
1453	10427
1778	22930
6132	6224
1088	6556
5704	5718
5434	54845
197	3827
302	383
5870	57511
5439	51755
28	2525
8974	29920
6170	6209
1933	6210
4924	10618
4999	23595
6152	6209
890	4288
6136	6206
397	5880
4670	9343
10713	53981
3912	7184
1439	3635
219858	344892
8334	8349
8843	27198
1435	1462
1536	338339
2071	10920
1237	9934
3074	5476
51258	64951
6139	6154
1398	5747
3921	6231
6189	7311
6157	25873
274	8853
3932	29760
22938	220988
6132	6173
1398	6714
11059	65264
4735	91147
51081	51264
6154	6228
23112	26523
5862	57403
6137	6161
7919	65109
3191	7536
1665	5725
109	53829
213	5265
6202	6235
904	5433
64151	83540
1063	9833
6138	6194
680	4829
23511	25929
6142	6167
5725	220988
1062	5528
6161	6164
1062	29127
7479	7484
3683	57153
6137	140801
6160	9732
3422	4597
10097	10487
1933	6218
23020	51692
2675	220164
6241	9700
3178	10949
1783	5516
4736	10399
4686	9879
3689	7305
6227	11224
10970	84141
28973	64928
1495	8394
1642	5931
6181	6206
6122	6194
4904	9410
1303	10491
2002	6722
6144	6223
462	2243
5878	7037
2976	11128
1116	5004
3308	10808
3055	9844
861	57332
8477	55970
10236	23020
8816	51122
10155	80110
675	27030
6209	6210
719	63940
6152	6161
8334	79019
1660	51692
23279	57551
29093	51023
8329	653604
163	9322
551	6846
10153	51602
9793	203068
6233	54677
5469	10498
6167	6234
6168	6205
9787	24137
1291	3672
5978	80012
1994	10236
3163	3725
1962	7311
332	151246
4736	6189
3488	7857
6222	27340
10236	51692
6222	51187
2165	2244
3304	3337
7096	10333
2935	6176
6218	11224
6118	9557
4540	4724
57678	253558
9631	23279
1314	8729
4599	23586
6133	6137
4194	57690
6636	6637
3675	3915
4867	80321
3978	4172
3887	3892
5023	222487
1781	6993
6129	6189
2358	160364
5528	11004
6426	9782
7320	7322
9675	57521
4176	5982
51021	84545
4690	9448
6193	6202
988	60682
24137	259266
6158	6175
9727	55770
6233	7189
6138	9349
6202	6209
1981	6168
6160	23049
10236	55339
1983	6223
186	3350
399	7984
6122	6168
891	9833
7054	57016
5610	6774
988	7112
1778	5529
1137	1141
813	10130
4736	7311
9493	11113
3635	5579
7334	64320
1129	4852
4854	5087
7311	55670
6637	51690
5699	51684
8886	9221
11176	51742
126638	353135
1495	84962
6164	11224
6135	6202
28998	64960
6134	6202
8329	440689
6141	6154
6249	8826
6139	6146
8945	89910
4952	6272
2348	11316
6165	6202
4793	5714
6138	10399
3619	151648
4509	4538
1832	11187
1665	4686
8356	121504
1956	284119
1781	51014
10489	54778
5878	23011
10952	25873
996	8453
2788	27334
335	345
4508	4539
9219	10919
4736	6233
1660	9128
1741	22941
87	6714
51099	79948
701	64151
6708	11280
6133	6224
6152	6176
6635	6637
3909	3911
2841	55970
3122	3123
6125	6206
