117	2695
4734	23291
5747	7852
1910	6863
3071	5747
5822	8568
3931	4023
6160	6227
4670	10523
186	2925
6829	54623
7337	26190
3655	4233
3054	3607
6139	9045
1121	79090
916	917
6167	6173
9372	25930
2033	23112
6790	24137
7454	8976
6224	6233
345	350
8453	84085
50813	55884
1365	100506658
6168	6170
7184	10130
6143	6164
6207	6235
6709	51014
3920	6836
23517	134430
3203	3204
1362	3482
1813	6364
996	6790
4033	5660
6147	140801
4599	8638
353137	353145
3912	7184
4694	4710
6047	283807
1387	2033
6138	6188
813	84141
6128	6171
6222	7311
55629	65110
6232	6234
6122	6206
6146	23049
6130	6136
3074	5476
1605	5829
966	3903
23332	25909
24137	146909
301	55970
6143	6157
5438	6637
26155	117246
6208	6229
2967	51426
3688	9564
3214	3215
4512	4537
6188	6222
7057	7424
23376	26235
5558	23595
3718	50615
705	84154
4837	284119
3909	9459
6128	25873
409	950
2811	2814
6233	9732
5822	10885
6125	6228
595	11186
6133	6229
9739	55904
302	6386
51079	374291
1232	4986
776	786
2243	9715
10236	11193
10426	11064
248	152330
6233	56254
6164	6169
5717	200734
25831	65264
6152	6222
23112	27327
9320	26091
1500	51474
9136	84946
7337	54778
9844	10787
10425	63891
553	680
4509	4535
1103	162466
9564	10458
3362	53831
10484	90411
6223	6235
6154	6189
6156	6161
904	2967
920	29988
891	7531
10383	84790
5515	10776
1062	5903
6209	9349
3303	3320
6159	6173
9020	51330
4686	25920
1315	9276
3212	8338
4717	4726
1950	3671
6128	6130
51421	60485
4509	4538
117	2784
641	7316
2913	84539
10291	27316
6141	6175
6142	6176
3672	3915
2932	5526
55720	83743
8337	126961
5984	7298
5335	8698
832	83547
2036	8573
2935	6235
1349	10975
1778	10112
6136	7311
6750	6754
6135	6189
8463	25937
7272	24137
7311	55666
4584	50614
2774	389090
4069	4332
3695	8516
719	58191
811	10130
7846	150465
1445	1956
23168	27125
6161	6222
163	5878
3355	5179
3240	5004
6201	6233
3688	3914
6249	81930
4713	4725
10618	22848
5903	79172
6125	6167
9700	64682
302	3074
7514	9972
51289	259292
4712	4724
3106	3107
2266	3698
29763	54874
6170	6218
7779	27173
7057	56999
6161	6203
324	2932
51081	84545
9700	25909
778	27091
29889	51154
5365	8482
5928	10014
377	10540
2792	2911
1793	6714
3339	3912
6160	6229
22905	51429
6176	6207
5696	6890
701	10733
2197	6234
963	10857
1660	3190
3683	3695
3013	8351
5880	91614
5339	6189
1292	55214
3797	79659
6235	11224
3191	10713
6518	196527
3895	5954
25	5893
27257	57819
11314	100049587
9870	57542
6139	6181
1950	3912
6234	7178
9984	79869
1387	25942
1665	5439
6133	6218
6047	23291
6167	6218
10671	51143
516	4714
6152	6231
1292	7373
5684	5688
5594	10971
905	5431
10153	79954
6047	79176
891	9833
1793	10787
50838	259292
727	51289
6173	9349
7311	8295
945	3685
830	55604
212	2038
23279	81930
7098	10695
640	3932
6201	9887
1462	10082
10121	26123
26224	55236
892	9477
1173	29763
6124	6160
3978	5424
26173	79034
102	6233
89	8557
7536	9716
6432	6628
5725	8672
28981	92104
5829	10787
55166	387103
6146	6156
344892	390077
5438	51639
55014	126003
4947	5716
23327	51088
10574	22948
10199	79954
4172	5422
10576	23526
1937	6138
4670	23435
8106	29894
5519	10274
25831	197131
10112	83461
8945	11059
5441	10980
950	22905
7204	10316
3937	7454
10618	55330
5868	10890
6363	10563
3157	6307
344892	390063
10250	11100
6233	51132
23014	143279
3689	199675
10403	26271
64926	153090
108	5179
567	3133
5501	23332
64151	157570
3491	11167
1462	84141
10389	84108
5795	6714
25847	150726
6175	6223
3115	7535
974	2213
4939	10379
5624	10232
890	1062
9972	51692
5094	84991
891	54908
905	5433
4736	6204
5832	118813
11169	79915
6135	9045
7532	80097
6129	6155
2740	94235
11325	51690
6189	6228
2804	64746
6203	9045
5929	6872
5439	8896
6128	6218
2935	6202
5501	9126
7514	23122
1008	1016
2635	6672
185	2925
10964	55601
6709	6711
2932	5718
140458	285231
514	521
966	79090
143279	201456
23279	53981
6233	23014
6161	6168
4952	6233
6154	6203
4736	6161
4736	6230
55770	117177
8329	317772
3350	8484
4952	286451
1910	3827
4067	285220
6209	6222
891	5515
6141	6189
6643	58533
2036	116986
1453	6209
6218	11224
64946	147841
6209	25873
336	3698
55212	84100
3675	3912
867	5290
1062	57551
9276	57410
4702	4724
3688	7057
1781	57511
8452	9870
54578	54657
514	10632
378	9276
8085	8289
9277	10153
5747	11099
2033	25885
3685	4035
23310	64151
988	3066
2107	6181
6189	6210
841	1281
6418	7514
6164	6224
6141	6194
81930	83540
6047	9320
1933	10399
60560	80218
3437	6772
3185	3192
6169	25873
6201	6222
6147	7311
6144	6207
92104	150737
3619	9972
9616	28991
695	7409
64425	65083
5928	9070
5286	9685
26190	57542
5870	57511
2002	6722
115106	440145
351	10970
635	29958
29088	51264
6227	114987
2023	2597
3912	10971
6235	23049
891	9787
9604	57630
7153	11004
6202	55176
2033	9967
7375	8717
9553	54998
4695	9551
5829	10298
4736	6203
5023	326624
6218	6234
353137	353139
5266	6707
81930	151246
3953	6774
79172	113130
6147	6222
6189	6193
122042	285601
6160	6171
3192	55749
1306	169044
6637	51639
5469	10498
7178	7311
1457	10051
6208	140801
9341	10652
514	1350
9045	9349
3101	64841
25798	326624
6613	79902
10285	51692
8914	9126
3911	3913
6224	6727
6152	6224
6168	6235
4713	7388
846	10022
5702	5708
2157	27095
3054	4899
6144	6189
8351	8970
6208	9349
2305	9133
51081	118487
1938	6122
1662	9136
6223	9887
6144	6234
3611	6790
9493	10121
90293	221687
388	55843
553	3062
1268	50865
983	9833
2788	55970
8243	57082
2784	3763
3685	64386
1116	5004
8655	23218
51382	338339
945	84418
990	5717
10484	81562
3071	8976
4736	6122
84541	93611
9972	348995
6134	6154
79682	147841
1398	85440
6161	6232
3437	4940
9212	83903
2132	375790
1062	3619
2912	5173
26224	51666
6124	6235
6159	6181
23521	56915
22984	23160
10540	22974
6146	9349
8365	8970
10022	259293
2803	5870
219960	285093
29945	64682
5887	7520
3856	3875
204	4508
778	10369
6175	7311
3921	6189
84648	353139
3683	7409
5519	6801
6217	84916
5977	8289
6165	6168
462	2243
23309	57169
4686	6123
3619	29127
10952	140801
9276	10802
136	2788
6157	6173
9700	146909
6168	6208
23279	55746
4617	4618
3093	27252
9320	154881
259290	259294
6734	58477
6136	6157
10403	81930
23601	338339
351	7852
2204	199675
10236	51692
55884	115290
2242	3718
4738	28991
351	9002
4809	11325
79664	81556
672	7516
7337	23291
353132	353135
4734	23327
988	6596
6128	6228
6170	6727
6152	6203
8322	9341
3183	6432
867	5781
3921	6136
81	5829
54939	90864
4597	4598
25831	80204
6208	27340
4718	4728
3683	10857
567	3105
6156	6167
6047	26224
4735	23332
350	462
567	10475
3875	144501
9002	55970
1347	1350
2064	2065
6147	6231
9510	11096
51143	113130
3112	114876
8697	9320
6161	6176
6836	22820
6208	6209
6233	22888
9138	55970
3191	9716
1307	50509
3903	57153
6130	6144
1665	9879
23595	51053
887	2147
23020	51692
5230	7167
3854	8689
991	6232
2719	22943
701	7153
2491	54821
6142	6171
4172	6118
9782	10949
6159	6193
10324	51434
4707	4724
6672	79097
6128	6159
5438	6827
4702	27089
27089	29796
2197	6202
2799	5834
6228	25873
6181	6209
4734	89910
5898	10890
8544	10787
29074	65003
6133	6231
1237	2917
5869	11021
4738	5715
2683	84061
9320	140460
4867	80321
9787	55165
151648	348995
9968	23097
4853	9253
6184	58477
6455	29763
2197	6175
3105	6890
1315	9371
7133	10673
335	338
3192	5094
6175	6203
27258	51503
521	7381
6164	6235
551	6846
2792	3763
2033	27327
887	4295
932	51382
7204	29933
26005	121441
695	5777
6181	140801
10324	90864
2243	3481
6159	6224
6146	6164
3190	6434
51715	57403
5034	5611
6209	6227
6138	6203
6122	6142
51289	56923
5005	7276
26589	64928
3685	196527
4953	51686
3184	6434
84131	347240
26190	26224
6233	143279
5529	7514
7175	55746
6209	8562
2305	10112
6157	6207
1911	57504
26232	26270
6159	6235
6139	6161
1783	24137
57122	79172
3690	5908
5435	6633
9601	10130
9787	29127
6138	6139
6122	9349
58508	84661
351	3912
6194	6206
3866	3880
6130	23521
1662	10528
6176	6229
5707	5717
10370	83741
64682	80204
26268	57531
5725	10236
6202	6206
6233	90293
27	4690
7153	9688
6160	9045
6836	29927
1287	8974
5336	7525
1462	3915
5436	51503
4297	6045
6625	11338
891	6790
6147	6233
2206	3702
2072	7874
4952	22905
6230	140801
4736	6206
6207	6209
3921	7311
1121	81846
6189	6222
4171	4998
3838	6790
6129	6230
10051	23244
8648	96764
988	9967
4160	104909134
56624	259230
4116	140801
55003	55299
54443	55165
6122	6208
3882	286887
79090	90411
5469	9967
506	8802
915	919
3683	84329
5529	5711
344892	390081
6156	6228
2935	6170
5432	23379
57787	261734
7472	7482
29093	51023
547	84643
389	393
51122	54165
186	8484
65055	138883
51725	142685
2268	2817
9459	64098
4512	4535
1292	5033
3113	3115
6229	6234
7514	55055
6193	6231
3913	5954
8698	59340
1956	5328
377	3799
6128	6194
11127	29127
6157	6194
53905	90527
5878	10618
2358	57413
3512	100423062
3106	6890
4670	7536
1994	51692
3178	10949
4584	9245
1048	8434
24137	55614
5093	5434
5928	57649
9295	22794
6161	6201
6138	6173
51491	55651
3185	84991
9790	27340
6139	6205
1499	5781
6209	10952
23586	83666
5584	6714
3304	10963
23521	51386
10992	79869
3659	6041
6161	6175
3911	9459
57405	79172
4519	4537
1555	1577
338	2243
6135	6171
10075	54926
1453	1855
6161	6218
4087	79753
8027	51429
8175	57794
22995	146057
6189	23521
1278	5118
885	2922
11250	83551
11127	64837
344892	390326
2634	3659
4627	5898
5516	7525
6154	6164
4173	7153
5930	23295
4540	4694
966	100049587
5879	9475
990	10592
393	5879
1783	9371
2491	6249
6218	9045
6138	6141
9276	9632
3683	3903
9126	9656
6160	7311
6161	6202
11169	84296
5433	9879
1915	1933
344892	390058
9183	22919
6128	6224
1793	10458
399	445328
1290	1292
5711	8453
983	203068
26118	51088
6124	6202
6923	285231
6141	6193
4717	55967
3320	9844
6193	6203
1778	6232
1129	5733
8886	55720
1793	10152
983	9126
3184	10921
6222	6234
3119	4261
6202	23049
5739	94235
971	5336
6202	6208
2064	6714
6223	6230
26235	90025
6624	51411
6923	140458
3491	10970
9793	54821
6156	9349
1911	6045
3202	3203
6161	9349
462	2147
3799	81930
1290	5351
7155	8289
672	64682
988	24137
10813	10885
4738	5693
2919	2920
6201	6206
2767	5599
2064	6233
6155	25873
2695	594857
6950	10574
3357	56923
9493	23046
5347	10592
1660	2521
6122	6205
4700	4726
118487	128308
3122	7535
57129	63875
6233	8945
9493	259266
153	6344
6164	6208
6202	6235
6161	140801
6205	6206
5048	7531
4343	6714
6135	6222
7414	8993
1956	54206
27043	27340
3433	91543
945	100049587
5878	9341
1511	4353
5422	84515
2209	10152
6144	7178
23397	56992
3283	6718
6144	6206
8347	8969
6122	6203
1457	7153
25831	57542
6155	6204
6122	25873
2519	51816
22974	64151
383	10394
23627	137797
1969	2268
10022	339403
6229	140801
6167	6210
1933	6144
3921	6231
1435	401138
846	3357
6144	6223
2197	6201
7311	23521
1595	3156
990	3832
400	90196
2768	5879
5720	5721
6154	6208
1295	55214
7175	51692
23332	57122
1915	3921
383	4353
3437	4939
6167	6727
3433	4940
3594	7297
6122	6207
7004	10413
4952	9341
5586	5879
963	5023
796	5745
5427	9768
1364	1365
3619	9793
5707	7321
6125	6146
6233	221937
1133	9002
4736	6201
6128	6170
6036	6037
2207	8514
4695	4725
6205	8562
84135	134430
3267	5869
6426	9782
5905	23225
1639	1783
6125	6133
8976	10458
3106	3660
4173	7298
152	8484
4710	27089
6143	6201
64792	79989
6129	6130
388	117289
57721	64863
3827	51156
580	10714
1854	7298
2975	9329
55168	64928
5705	5718
3561	3635
51121	79048
2064	85440
84676	140456
197	336
338	4547
2792	26338
6122	6141
683	94103
945	10857
1991	10394
7536	27316
3191	10657
6152	6229
55872	157313
2151	6915
5930	7334
2810	3691
1058	10726
25879	56902
857	1950
3903	5023
4508	4536
29927	58477
1385	1387
9045	25873
7328	9690
5731	94235
8365	85236
4736	6232
930	29760
6230	55272
4288	10112
351	8477
1793	9564
8740	10673
3178	3184
983	9972
11224	140801
6133	6144
9493	10540
1551	1555
7316	10552
187	56670
3320	84131
4069	5199
3914	5829
6156	6202
2205	5335
7311	11059
1337	1347
3122	3123
4508	4519
6227	7311
5685	10393
10952	28972
1129	4852
2064	5747
2635	5371
51429	54885
6233	22954
6160	6235
4670	10236
9349	140801
26005	79867
102	813
29984	55843
6156	6233
3913	3915
4952	8976
7305	100049587
3048	4778
6160	6232
1329	7381
891	10592
10749	51014
3191	55749
10193	197131
84078	89890
3017	8349
4904	84950
3837	3838
338	4036
991	11004
9320	84085
1314	8729
375	1314
400	23041
11190	22974
9564	10787
988	5394
5725	51692
1345	7381
4539	4712
2841	7852
867	50618
4867	27077
9557	57804
3887	3889
7343	57459
6428	10236
5439	84844
3422	4598
6202	6230
8189	11100
1660	3191
6625	23450
7156	63967
1282	10536
2846	4923
9493	10749
6155	6181
2769	5335
4116	6169
9793	51143
332	79902
5330	9002
335	2266
3181	10657
3673	3912
5286	6233
1350	440567
187	94235
1981	6175
2475	6654
8467	25942
830	3796
351	2841
10022	259292
51330	115650
4904	10465
4538	91942
10285	23350
6626	51593
23042	23420
5119	51652
64951	64979
6135	6233
6173	6188
10920	26263
8085	9739
54577	54657
6132	6201
3921	6157
9793	57122
23283	27316
2042	2044
163	1601
7321	65264
6138	6222
1111	8317
8775	10618
8349	79019
8074	8404
4738	55294
5093	23020
55166	57405
2790	55970
6386	10487
6125	6128
4585	200958
8924	10489
1495	5584
6171	6227
11157	51503
6160	6201
9655	57542
51602	84154
338	350
1536	23601
186	2913
6124	6206
6189	7178
7311	23607
566	4069
6383	10082
1232	338442
4736	6193
5725	10949
10189	79902
221322	317662
6830	9646
2537	10379
7044	51097
378	830
6185	84061
51143	151648
6222	6229
6167	6209
6222	9349
6672	10475
2798	4829
9700	113130
3118	3662
6138	6164
8945	23304
2918	10563
9320	9604
1778	3831
6142	6152
1022	6929
1634	4060
3880	144501
7531	81565
6235	9724
5439	6637
10193	26046
9412	55090
983	11130
9877	23279
2551	3054
6934	83439
6164	6203
4998	7027
636	25782
419	390243
1605	3915
6222	6233
3903	11314
6136	6176
1063	24137
6548	11261
6136	6194
6176	140801
6161	6189
23028	57504
4085	55166
117	7434
6167	6224
3903	326624
4726	29796
3607	7528
1459	9918
1290	1291
6157	6168
5594	7533
2521	3185
25793	84676
3937	7305
64386	84329
1337	1351
164	2799
79600	121441
2521	3192
29089	197342
518	521
1241	7204
6202	27340
5903	57551
3355	4543
991	9493
1291	5033
344892	390084
2767	55970
1315	81930
6175	6194
64979	118487
3178	3609
8514	10857
57332	84733
6154	6206
991	64750
10575	22948
4713	51079
6170	6208
904	51755
2222	3157
6152	6181
6146	6160
566	4332
9655	10489
2683	3920
8453	9666
329	7316
6139	6176
471	441024
5469	9282
6232	7514
5872	51715
3670	89884
6170	6206
10663	56923
1794	5880
10332	30835
6637	51372
891	129401
143	9961
1033	9787
55832	57542
1133	7200
7153	23397
3133	5696
871	1291
11014	51014
6168	6194
1667	1668
23142	23291
6165	6173
9133	10733
6626	220988
3691	3909
344	9672
1717	6307
400	25839
6138	51187
7434	122876
3683	8514
6144	7311
6176	7311
973	29760
6122	6133
6426	27316
8027	25977
26589	28998
2935	6164
54996	64757
91147	121441
9437	259197
6688	7805
7525	10298
3187	10181
251	152330
3886	8689
5529	6233
6500	7314
3688	6774
6175	6210
3718	7297
1315	3799
27242	85441
3685	6714
6147	6205
10142	26123
778	779
6139	6141
2801	51014
9793	113130
6138	6142
1395	2848
54820	146057
3978	4174
6189	6232
3672	3688
3676	3691
5795	9522
4686	23511
8295	79595
6164	6234
23601	199675
301	2788
83540	157313
6218	55127
6432	10189
92170	503542
6170	6204
4678	5984
5696	8313
83597	135946
7454	10458
6146	6230
83597	390174
705	83732
701	10592
6203	6207
5432	79923
6137	79707
4175	81620
6206	6229
1269	56670
2588	9798
2168	3158
6205	11103
641	4439
377	29127
2847	6752
6168	23049
1956	3655
3833	24137
727	10022
2147	5020
2491	6232
5695	5706
705	51602
3921	6204
9318	11275
3071	10458
6203	25873
6157	6160
9793	84902
55	154664
84648	353142
8295	57634
6635	27258
1398	5747
6136	6231
6158	6233
1213	8976
3980	6119
6635	83443
6747	84061
79682	387103
1337	388753
950	5286
6152	6208
6204	6232
6129	6152
988	9793
54821	151246
2071	5433
3640	387129
8334	8365
10484	56681
4809	51065
6500	142689
5347	81930
23304	84085
8189	10523
2197	6159
932	3685
890	4288
1783	81930
3006	8337
890	157570
624	339403
3920	80331
5037	54845
3191	51692
6203	23049
6181	6227
1738	4967
2521	4670
988	9219
7514	54821
2197	6154
566	4353
6129	6222
6143	6169
4736	6142
6432	6632
130340	152503
10426	55755
8329	8365
348	5360
26589	55168
3693	5829
8237	10574
629	4179
57381	57514
1994	3191
5335	10818
8697	65264
6233	9887
23122	23332
353139	353142
10412	23517
6156	6222
595	6776
10569	55696
4701	374291
783	10368
4519	4540
1062	29127
6193	6223
6118	10459
6229	23049
3842	10527
3796	64105
521	9551
146	2922
3267	10618
1356	54757
10051	10592
6188	6229
5529	22919
6125	6203
3903	10970
10749	11127
6009	60673
1457	9918
8881	63891
2071	9014
4736	6173
50835	51289
6430	6434
6208	6232
462	3827
7135	7431
27121	27123
3109	3115
7321	84962
6161	6165
7272	259266
1763	10714
6129	10399
891	1781
4709	55967
972	3127
3190	5094
3915	10130
81	7791
22984	26155
25	5159
123016	129880
4710	4712
10133	10540
6139	6228
25937	51421
79865	340205
2033	25942
6144	6222
3115	10346
8453	54165
9493	9787
2617	3376
51388	57647
2923	3309
2197	6142
10285	55749
6167	6175
1605	375790
3122	55824
55249	55870
2623	2811
1129	5173
4992	344892
5179	5733
7153	57122
9126	113130
996	9320
3357	4829
8347	126961
6453	10552
6208	55176
84870	343637
8337	121504
23279	113130
6863	84432
1933	6207
6130	6142
3340	6385
6137	6176
1665	55660
23291	55236
6885	23118
3909	4233
9228	9378
6160	6230
2033	7874
9462	153090
6233	8322
4670	11052
2641	2862
1495	3801
3178	7536
4736	6157
2079	6637
7003	25937
6428	6430
332	9787
4670	5725
890	9133
3655	3688
1499	5708
9329	84265
920	5335
701	4173
388	397
22954	57542
3191	3609
2792	6752
1058	9833
6233	26091
8655	10540
5528	79172
9341	22836
2912	4889
3833	9700
51602	84365
11103	56902
22930	84516
6635	51639
6869	64106
4686	9879
6157	25873
22897	27175
6189	6194
55781	134430
5433	10772
10014	54880
6631	22826
29074	51069
1783	6711
6047	26234
6830	22916
1236	4544
4736	140801
1942	1969
10051	64151
1983	6175
29927	100526842
10618	26130
122042	196883
2197	6144
3684	79895
868	5930
3833	9793
4710	9551
623	56923
6164	6176
79339	344892
5708	7415
5908	7094
23160	84916
10713	51692
6136	6139
1292	1295
6173	6218
6132	6147
3913	5747
1956	115548
8907	23396
2203	5213
10552	100423062
351	6370
2033	23067
9782	23435
3660	10475
1495	5868
6164	6222
2358	170482
10121	26005
6728	51121
6128	6136
2925	4922
116	5746
23020	51729
6233	9341
6128	6207
695	971
26589	116540
9378	54413
26146	55112
941	942
4947	5708
174	6694
988	5985
10592	24137
6925	6938
3185	51692
51510	51534
27316	220988
6135	6193
4171	4176
1524	6370
6249	8826
988	1654
6227	23049
56902	79954
595	5707
6222	11224
796	6344
1062	2491
595	4609
3672	6709
10000	55970
4514	4536
11190	121441
54778	140460
6234	23049
3184	3190
864	64750
6613	7341
9744	51454
4542	4641
6188	6206
6136	9045
6241	51203
8085	8945
5819	201633
6155	6161
5879	257106
8351	8363
3133	6890
5438	84844
4700	51079
26046	140461
57405	79682
1937	4736
2641	2642
3856	3866
6133	6147
6224	6228
84231	140460
8484	84539
23160	27340
8085	57690
6142	6194
53905	405753
1069	9657
846	4829
9793	79172
55872	64151
2597	5230
317	835
5933	132660
6147	6206
2064	2886
84648	353137
2064	5336
10857	64386
1781	57545
7328	51444
23304	80204
9551	55967
5435	5451
6122	6137
5437	23524
6164	6207
6232	6235
719	63940
5023	8514
8655	83658
1880	196883
2695	2784
6165	6222
1778	5707
4736	6158
351	1269
6133	6222
5093	10523
5578	5588
6432	220988
51426	57654
100	51816
9276	22872
4508	4535
10749	51479
1994	10921
4666	6129
6146	25873
7532	10142
6175	6232
1291	1303
9787	10403
6230	25873
116	94235
213	5265
3015	387103
4736	6223
6143	6175
3685	375790
5432	8450
3655	3914
1453	10427
6134	6175
63891	390594
4014	5317
4508	4514
6122	7178
8993	10394
6156	6207
6160	6170
9439	23097
2358	2767
5714	8697
3579	729230
6124	6176
10970	11001
199675	338339
302	79026
3122	3662
6209	7178
6257	7068
51234	55831
891	10112
6672	6737
677	56915
6156	55272
10094	10095
6428	7307
6129	6235
4171	5422
4736	6135
1462	9469
2197	6139
11113	259266
185	4988
5695	10213
6908	54815
5351	5352
10112	54443
9493	11113
57115	114771
336	345
7272	10615
6176	6205
7337	9246
29074	64928
6223	23521
60	1072
9576	644890
23295	54620
9343	51729
6165	6167
6217	11103
861	84733
5610	6774
6129	6208
4116	6637
617	26517
6133	6164
26239	353132
4775	5534
7298	10403
1630	137970
153	796
5500	5516
3134	3659
904	5433
6146	6152
2633	4938
4690	9448
8689	286887
7476	7477
9551	10632
9801	28977
4543	6751
5777	6850
6137	6155
6136	25873
51234	56851
7096	10333
6138	6228
1548	1553
6203	6204
2207	6556
3043	3045
2186	23067
1781	4735
3015	5438
55003	84154
4988	84539
4173	5426
5870	81876
10022	56923
1287	80781
2642	2862
4436	51434
3672	3913
7311	114987
4735	79867
6698	147409
2071	9015
2197	6232
891	995
6202	51187
1018	1026
25885	84172
988	79869
2767	5330
3491	84141
87	1499
6160	23049
10383	84962
1495	8394
1822	1911
4725	7381
11224	25873
1453	6234
2132	2817
5692	5710
26263	92912
6159	6203
3921	25873
1431	1737
143471	161742
955	374659
2255	26281
3579	126006
6137	6224
6160	6222
8568	25926
23304	64682
2045	285220
1933	6189
302	10383
6203	6231
10592	22974
9044	55814
29974	403314
3728	5493
966	51014
3191	7536
8826	128239
6637	23524
4736	6233
6170	23049
1781	9493
966	5023
6165	140801
5441	84844
6714	7525
3113	3119
1050	7124
28977	54516
6637	27258
51122	56995
6158	25873
10382	91147
963	6518
5741	7434
10274	57551
11275	283807
7337	11275
58	60
27161	192669
4926	9793
6223	55127
9727	23265
4508	4512
6790	55165
5339	6194
79954	84128
1063	25909
64792	92104
10575	10963
1642	56852
6161	10399
2913	2914
3909	59277
830	1781
336	3827
187	5473
9282	9967
983	26005
567	3660
1601	6453
54578	54658
3200	8338
7536	10949
6142	6209
10713	26121
2185	3688
3488	7857
6173	6229
6208	6223
111	51764
5584	117583
6745	6747
4829	56923
55127	84172
10803	50865
6429	10250
27316	55749
114	259285
1292	8974
6317	6318
1387	5929
7184	51726
824	831
1277	1291
2185	3320
5368	64805
1365	1366
680	6869
23279	51692
6161	6229
4694	4713
22905	54874
5436	7936
5880	94134
81	55243
9757	23067
8453	51122
51650	64976
10902	54617
6801	8428
5571	60673
6230	23049
7409	10787
671	8993
3048	3050
4886	5733
2358	6556
6205	6234
6154	6155
5861	10972
389	23526
8648	10499
5438	83443
6136	6207
64963	92399
2773	29899
4173	84296
6155	23049
2033	8289
9188	25885
25	10163
5700	10213
2932	5529
374	2065
2197	6176
258	9210
5516	54908
6133	7458
5501	23122
2207	23533
2914	4987
6218	7178
5590	23286
4361	10635
6468	283807
988	6950
566	6036
2801	11014
2185	5879
4116	6132
6228	9045
8301	25977
328	10038
4694	7388
1292	1303
4116	6146
2125	3728
7204	8976
3433	4938
6233	257397
6129	6233
10802	51128
7984	54509
6146	6167
7137	7138
2023	5315
830	11127
6156	6227
5707	6790
640	29760
6157	6229
6154	7311
3675	4233
83597	135924
6133	6142
1933	6159
6147	6168
163	8027
9320	84231
28973	51069
6636	10569
4171	10036
501	51166
675	5983
6170	6171
7277	95681
1277	8974
6157	6235
6206	6222
3017	8970
4519	4536
113130	151648
6159	11224
23223	26155
6203	6224
4867	91147
26519	56993
6124	6230
553	64106
11103	27340
6625	51593
1062	51143
5579	5583
4985	6752
344892	390083
3017	8341
5829	23209
5433	55197
4088	54778
6201	6224
65055	219438
4317	6947
3937	7462
10569	23517
5880	10298
6147	6224
6133	6173
3659	6737
27340	56902
6137	6209
3190	10657
1398	5781
813	5954
3055	5829
1994	220988
6144	6160
2048	8976
6934	8945
2099	8202
6233	23049
3921	6164
4140	5527
1639	3797
6152	6176
5781	7525
6202	6204
6049	26224
672	8314
6209	27340
6037	8635
6176	6194
6155	6227
8886	23160
25831	143279
5093	5094
5912	51552
1241	56413
6193	6208
1495	5770
79980	113130
1956	5921
699	1062
5528	113130
3178	4670
9318	26190
10121	57545
4738	54939
51118	51154
8767	23118
6144	140801
1994	9416
3006	85236
6128	6235
27327	80012
6698	126638
891	1062
6138	6181
991	10112
636	22930
399	23526
3071	7454
6737	283807
1639	10540
3683	64386
6157	6176
8322	8976
6165	6169
521	4726
4670	6434
5189	7311
1933	6130
2033	55904
10930	29974
3640	5443
3109	3123
695	7305
2197	6168
22974	259266
3689	84418
6130	6189
7525	11099
6135	6161
752	5217
6159	7311
6125	6235
1981	6228
3673	3683
23332	80321
10458	100423062
1669	56729
8945	23014
3886	121391
144699	154881
22954	23327
336	350
4670	10657
3937	5788
2625	5241
5433	6426
6233	6234
4288	10051
891	9493
9341	115548
5347	9793
6122	6143
28998	57129
55339	84271
6129	6228
5451	55718
153571	153572
3360	10888
3685	160364
1524	729230
5741	8074
4540	4728
3169	55766
522	539
6138	6201
1500	84962
5829	9459
4535	4536
6455	9341
5688	7979
3725	9112
846	339403
6136	6144
57187	65109
140460	197131
6125	6158
6207	6234
8514	22918
5330	8477
6189	6229
4830	4831
5347	9738
4125	6037
996	6233
3109	3127
9128	11338
197	5005
6160	6210
1894	29127
9793	23244
5315	7167
6135	6209
186	2914
5336	79837
580	80010
9410	10946
5977	6601
5547	5660
9341	23149
6133	6209
1950	2277
84366	360205
1933	3921
3157	3422
1278	1634
6228	6235
1337	1340
6230	23521
6129	9045
3764	10060
83597	403253
999	1500
6146	6161
9793	57787
332	22974
4171	7298
4171	5984
23122	55746
7272	10403
3659	7706
1778	81930
5869	8411
1062	10274
3192	10921
6147	6156
51264	64928
23590	56997
23049	25873
7139	7431
3055	6503
3422	4800
6158	6194
3309	7184
10574	10575
5978	80012
6202	6224
6137	6235
56667	140453
79023	129401
4724	4725
55131	57647
567	3134
1495	5795
6122	6124
6167	6204
3978	7874
3184	3185
2197	6203
3308	5903
6189	51187
9793	203068
26224	197131
11073	84126
6142	6201
6176	6218
2625	3169
6135	6138
51666	283807
1398	3055
6427	8106
6218	7311
8976	23149
6138	6208
5928	10013
6159	6222
1605	3672
2837	3358
1783	11127
1994	10236
7514	79172
6836	9276
6222	6228
1639	9493
10615	146909
8065	84259
9739	23067
6155	6189
6207	53918
5067	23627
6637	55505
6224	6234
4738	9978
7316	64326
5393	51010
5529	55055
2535	5599
6138	6204
3458	3586
6156	6230
10885	22803
6426	6432
8916	9039
27340	84916
155	796
7311	55008
5048	81565
7124	10673
11258	11316
6363	6373
383	3074
4709	4712
6491	284403
10274	51143
5594	6667
5981	23244
10885	84172
6167	6201
23283	55749
6154	6202
2790	9138
6164	7311
7398	10635
5149	388531
988	53981
6164	140801
6774	9021
6170	6203
6136	11224
5829	10458
7328	57154
6147	6228
1495	1500
1050	2322
6168	6207
1778	11014
6621	79035
1308	3655
7311	121504
1780	84643
9126	23063
7388	29796
6128	6189
9700	29945
4057	6709
102	8542
2194	6319
10574	10576
988	29127
10298	375790
9318	54165
4297	192669
7101	9112
4717	84833
8673	10970
991	5347
11258	93661
27237	171177
1462	6696
6138	6210
3185	5725
10250	11338
10484	11196
3215	3216
27095	149111
3191	27316
6222	140801
3853	196374
8974	29920
6164	6168
6209	6210
9793	26005
2923	6185
887	3827
705	9277
3055	3684
24148	51340
1499	23291
6637	83443
1081	7252
112	3579
1500	1956
351	1524
7846	203068
623	5737
3635	5294
8742	51330
1937	6202
11339	54069
6015	10393
11274	23586
2913	4988
1605	5579
2695	2792
6164	11224
1994	9716
3091	5708
2151	3356
1933	6147
3433	23586
6138	6175
3183	10236
1308	3918
2159	2266
5741	594857
3481	3827
11190	203068
983	3833
6517	9968
2251	8823
4695	4707
988	9774
6173	7311
9341	10552
521	4694
9742	26146
6135	11224
6206	6218
10376	84617
6143	6168
963	3903
131873	256076
6122	6160
6130	6205
3703	6185
1954	23295
9662	10733
6142	6155
4331	404672
3713	23581
1933	9349
163	9322
196883	285601
1660	3184
7003	10413
5294	7852
10096	10097
6165	6207
6170	6202
4736	6194
23011	57403
988	8449
4726	9551
6136	6159
5869	8027
6168	6231
5903	10735
7329	197370
6194	6228
6139	6168
5693	7979
10432	23435
4867	79600
2935	6207
50835	259287
134860	319100
3192	6626
1315	9570
1364	1366
23582	25949
156	351
10121	79867
3655	3675
27198	338442
4735	121441
6170	6235
1915	6204
2865	6863
641	5426
8349	121504
3170	3651
3683	5023
5347	54908
5426	23594
6206	11224
2072	6233
7454	10787
102	10618
4543	5173
56729	126014
9824	10112
4708	4725
4599	10964
7311	65264
2207	11314
661	10623
6143	6161
6233	11224
1991	6036
6223	6224
3106	5696
715	716
8816	51122
6688	7305
6602	7421
54716	153201
4035	6385
2099	6387
3191	9782
9636	10379
7335	8453
9183	57405
7514	9126
6165	6201
1136	1137
6137	6147
6152	6168
3660	5696
1656	54464
6223	8562
6135	6167
3635	3667
22995	163786
7311	23586
4771	122786
2776	27334
7337	9320
4085	79682
6139	6204
6173	6224
8349	85236
914	924
5566	5970
4678	83879
5518	5976
6125	6185
387	7046
1756	284217
8337	440689
5116	55125
9585	24137
8829	10512
3685	10857
2197	6128
6135	6205
3921	9136
5796	7316
3184	220988
29984	171177
4171	4175
6156	6169
23291	79176
5948	5950
2317	3688
26589	51069
6518	84329
3702	9402
2072	51426
999	9839
7305	23601
10232	154064
23122	113130
84962	121441
996	23291
6173	6176
2071	5887
7316	55669
3191	10921
6144	6232
114	1814
80346	402135
51	5194
1088	2358
2782	5082
6159	25873
9833	11339
25831	26091
1983	6234
6428	7536
5557	54962
6207	6228
3685	3912
29945	63891
54742	80328
641	5427
54069	100526739
9833	22974
1088	138050
988	10592
6202	9045
1605	3688
3190	10921
28998	118487
6235	9349
51593	51692
2491	5048
10921	10949
6139	11224
799	10268
1854	4174
7305	10870
1544	3620
63967	84515
2863	7204
3921	6139
6209	114987
2800	9827
10283	23398
6240	10051
6139	6201
9181	171177
6599	55193
1778	91147
2935	25873
9716	10713
2168	2169
5507	6233
1783	8729
6157	6175
6748	10952
6129	6160
6132	6171
3674	5829
6230	63931
2197	6235
933	973
899	51343
2841	55970
3916	3920
344892	390059
10293	200845
1595	6307
8451	51514
6133	6230
1290	3685
27327	84441
5451	25896
27076	154064
332	9493
5179	283869
1088	170482
51649	54998
4332	8635
79867	84902
51143	348995
344892	390067
3855	3866
6160	6233
83666	151636
5432	84962
50835	259292
7311	9666
5829	64098
10884	28973
5440	10302
10799	88745
3320	10383
6147	6154
10458	10552
6227	6229
967	4033
5747	23209
963	7805
11145	122618
6228	27340
174	51156
3127	7535
89910	115290
3921	6144
10762	84271
2359	5196
887	5020
80018	80155
5718	8453
6152	6159
2967	27125
2935	6160
51069	54948
6152	6228
351	5340
2935	6173
3107	3660
23404	54881
6279	6283
1676	3836
2719	135152
23304	26268
10657	11052
1902	7852
932	199675
1642	5931
6168	140801
25909	54821
6130	6229
3882	54474
2125	5493
29093	51258
5706	6790
2197	6137
2253	6469
84296	84515
1350	4726
9436	259197
6667	8648
899	140460
26146	64792
891	3838
3655	3912
26190	57630
87	3688
8666	25873
6228	6233
6921	55284
2521	6421
11065	83461
6144	6202
566	5657
8463	10413
4999	5000
6233	84231
2197	6161
79600	79867
57129	219927
51	6233
6165	6235
55252	55777
6164	9045
9570	10802
6502	136371
5528	23332
6129	6202
10236	23020
3084	85440
23149	115548
4736	6144
6429	9295
6175	6181
4586	140453
10592	11169
9117	90411
6147	6209
4695	4709
8356	121504
1364	100506658
5711	6233
6233	55252
2072	7158
6129	6139
6170	6222
6137	6229
3071	10552
8334	8337
6122	6223
5331	27334
9349	25873
3491	54972
9969	10499
6159	6161
1435	8542
3017	644186
6160	11224
5119	9798
1911	4343
1327	1329
51081	51649
9730	10293
2934	51411
513	9377
6626	10523
1933	6206
3482	26130
51069	219927
6993	8655
6176	6224
3320	10458
6346	83756
109	10681
8853	11015
11065	64151
6629	10189
5684	5694
4736	6175
9787	24137
649	3339
6129	6173
2994	6005
9295	10250
1062	3799
6453	54874
54148	55168
1025	23168
6203	6222
11052	51692
6143	6234
6130	6135
2597	5315
259	2266
1120	5130
399	9938
1965	8892
6204	6228
4541	374291
2864	27334
2847	6363
6223	9349
4735	57545
6667	6670
3921	6147
1894	259266
2197	4116
6181	6207
9367	201475
9055	10112
6157	6189
6168	6169
4508	4513
8976	115548
1499	128239
54998	128308
7314	26263
1956	9341
6152	6175
3887	3892
5283	51227
26524	126374
3184	4670
4717	4725
26268	64682
5435	6637
23601	160364
2197	6218
1241	55970
6124	6173
719	945
344892	390079
3881	112802
5471	10606
6363	6752
9816	9875
3157	4598
1329	4712
8189	51639
3915	4240
9887	25873
1113	6855
55755	57787
117	122876
83540	220134
332	3619
8329	8334
2975	10621
6137	6181
1956	3691
2521	10921
23291	197131
9730	84085
5869	8301
2968	6882
6708	6710
2810	4486
6152	6234
1915	1937
4440	9355
2042	2045
990	84515
3619	10274
1191	2162
5284	55004
2634	4599
64106	347148
6147	6202
6181	6205
324	6233
351	59340
9787	22974
3354	9283
2197	6165
3109	3111
301	7852
6142	7178
7311	56288
1294	2157
3685	4240
6167	9349
10772	27316
9739	9757
3199	8338
2617	8565
2107	6173
2792	5145
6164	25873
2735	132884
6125	6160
6155	6223
1499	1969
57647	79954
8546	26258
25831	154881
1287	3688
4670	10594
1933	6228
3135	3821
5880	171177
3857	3868
6132	6161
2358	23601
1669	8993
51134	80184
4540	4724
6129	6161
6205	27340
6176	6235
393	29984
11245	55970
23601	170482
22848	26130
830	10466
1601	8301
2491	5519
6233	9927
9416	23451
27340	55720
1937	6130
1981	6139
116540	219927
9246	11275
932	3689
4985	10563
7320	7322
64979	219927
2916	4988
11014	50807
6161	6210
1933	6209
5930	140460
824	5829
84128	84946
6132	6167
6173	6235
4853	6233
7042	83706
6790	22974
1933	6204
3852	3853
6210	55127
2207	338339
6184	29927
9320	55236
9551	84833
1665	4686
4116	6632
5290	5781
1315	2804
26354	54475
2247	6233
3838	4343
3512	57050
3685	6518
3433	3437
4102	158511
1058	55839
10885	27340
344892	347468
6135	6234
3684	53831
841	1540
6223	8666
2932	5711
671	1116
6130	6139
632	3381
6139	9349
5528	11004
3685	10970
3192	51692
1063	3832
6159	6218
3190	23435
1981	6222
54480	55790
6208	7311
23327	79176
7153	56992
8638	10379
4509	4539
4707	4725
389	399
7097	7124
7415	10576
1660	10523
23279	79172
2642	10203
25957	51747
23047	151648
11017	85313
977	5339
8729	9371
54663	84365
1783	54821
9369	347731
119678	344892
5529	5781
23	988
5054	5329
4736	6141
7337	23309
6176	6203
6164	6227
3178	6294
3837	9631
688	5468
6434	8175
1778	5861
8334	8349
26190	79176
2814	2815
2185	9564
6128	6203
972	3122
950	3482
999	1001
6455	10552
6631	6632
9672	64131
6133	51187
6233	8295
3921	6227
6130	6228
6224	6232
833	8565
54845	80004
3094	57649
6228	10399
9847	23265
10733	84131
3880	4072
3635	5777
3433	9636
399	9828
8861	90780
3635	5579
7852	8698
6152	23049
10920	10980
81	226
10959	22872
6202	6203
4735	10540
3921	6165
3119	3122
8452	26091
6201	9045
5426	8317
2054	8673
1981	6234
2197	6208
2099	7031
6155	6222
28972	90701
9126	23279
6202	6210
6280	6283
1933	6138
4734	65264
10236	22826
905	2967
23067	25942
388	23370
11275	54778
991	22974
2033	10498
320	5864
9875	55127
2064	54206
7314	9134
389	5217
4691	22984
2071	55677
388962	654483
8074	29106
5424	5426
3619	10592
6207	7311
6206	25873
6146	6234
6233	7311
9870	64219
51118	84946
6130	6194
4714	54539
3339	6385
3912	51280
6514	6927
1062	81930
2237	10535
1660	23185
9585	10749
5196	94235
7871	8428
3309	51726
23244	57082
6636	6637
3860	196374
3619	113130
108	50837
2817	6385
1062	64151
6133	6206
332	23332
6222	25873
11251	94235
5199	10394
54939	55294
7536	10181
83732	84946
920	3702
90480	116540
570	6233
5717	6790
6426	220988
6189	9045
2204	23601
6144	6158
6165	6176
8648	9282
6122	6176
1287	3673
389	2064
1933	6135
988	4436
64951	64960
54821	81930
3071	5829
3115	3119
22954	89910
5558	11169
699	3796
5290	259230
521	522
4707	55967
1387	6938
8924	8925
6159	6229
712	714
3576	6347
3190	3191
534	8992
4938	10964
164	10618
57678	253558
391	55843
9493	54443
4710	4713
6426	7919
1121	326624
9277	84946
6430	27316
9320	22954
3619	11004
9276	64837
3111	3123
5529	79172
5701	5706
3855	3872
4670	51692
4495	4496
6207	6224
50838	259293
50831	56923
1500	4233
4313	4323
8687	121391
351	5330
1537	4722
29984	54509
3635	4233
8356	440689
55131	84128
389	10398
7311	27327
4701	126328
9887	51065
6201	6234
111	799
1116	3240
8365	653604
5880	8324
23524	51639
10236	10921
6193	92856
6167	6233
259292	259295
5435	55718
7153	9700
156	2121
3486	11167
6429	84950
6218	6727
2519	3074
84418	100049587
2784	7434
50848	57530
22918	53831
6188	11224
3113	4261
4512	4536
6181	23049
6047	10324
5868	23011
5684	7979
1969	9564
6204	6224
197	2243
6128	6175
6159	6230
5868	11021
8243	23279
636	23299
566	4125
3375	7253
102	6556
64750	65264
1778	57545
3619	51143
1915	6206
4172	11073
3267	10254
6209	23049
5872	6764
2071	27125
6601	57492
2840	4986
6625	27316
3889	3892
3673	3691
4734	26190
6700	353133
6144	6204
163	54874
6169	6171
988	5062
6201	6207
6741	9533
116	2740
1230	2833
6173	6181
6122	6147
7525	9564
10749	29127
6218	6223
6125	6143
11059	65264
6130	6160
10574	10693
1063	5501
1457	10592
3308	55706
4700	29796
10376	10693
1398	10787
6125	6222
1642	79913
2521	27316
3312	10808
6155	6218
6171	6228
6209	9045
6209	6228
26682	344892
3620	169355
11022	143689
5155	7057
821	10802
23223	64318
5747	7454
64928	219927
27	10486
5869	5870
1880	57413
3105	3107
23451	55339
1944	1945
570	23600
6047	92369
3619	24137
1241	1902
1639	10121
4584	26290
7311	8945
56923	259292
6711	11014
6850	9564
6141	6144
3903	8514
9055	11113
8313	10297
1495	5781
4736	23521
29093	219927
6142	6154
6144	6175
963	84329
1364	24146
2197	6228
2535	8324
6227	6228
6206	23049
6207	6222
5684	5706
6173	6201
4666	6124
6152	6156
394	7204
23304	29945
7124	7316
9883	51692
26267	63893
6233	65264
9632	22872
991	10726
10914	53981
3340	375790
8664	116832
1676	3837
23309	27327
6136	6203
84861	143279
399	9411
2197	27340
54856	55870
102	1499
6224	140801
4736	6165
6235	27340
6142	7311
22954	64219
51465	51676
3122	54331
10802	55014
8729	9570
332	7272
11176	79595
6234	8666
8615	9570
991	51088
3437	91543
1915	4736
1778	9493
1938	23521
28991	122416
6203	6218
26224	56929
5339	6164
6176	6204
728	5697
4867	9657
1058	151246
1069	27077
3683	5788
643	9294
1956	3912
1783	25839
3895	5879
6181	6202
7249	57521
4710	4715
27340	55127
3360	3375
1302	169044
51116	92399
1981	6168
11218	25929
2023	3939
79583	79600
2792	65055
150468	259266
80328	116372
8317	23595
3350	165140
3852	3868
11017	11051
23014	55832
3190	7536
7164	152503
4035	5159
5710	51686
11091	81887
28514	54567
6193	25873
5829	7852
5872	8766
3320	10808
389	9411
2935	6169
3123	54331
7189	55626
5970	6667
6152	9045
26523	192669
5516	5714
6434	220988
7311	285231
6138	6235
2266	9715
9039	10293
3301	10963
6194	6233
1994	10498
6139	6210
5747	9564
185	2642
3190	10949
3397	7057
6189	6209
7324	79876
389	94134
399	57449
6189	6202
399	9743
3396	51081
1579	8529
4736	6227
11095	157869
3921	6168
6128	6138
1937	6133
6936	51645
6181	9045
351	3913
25929	55706
6128	6169
9015	57504
10552	29763
3184	10236
993	1111
6138	6168
6160	6202
5697	6376
6428	22826
643	64805
336	2262
2642	113091
51602	84128
8515	22801
9904	57696
10735	23279
6168	7311
2935	6181
2521	3183
11275	26224
2861	56923
2629	5660
1453	6229
1861	27348
6223	6232
22897	653784
6790	9787
10946	22826
5694	7314
8945	143279
801	6263
988	4999
3672	3696
4171	11073
8412	9564
90	659
6139	6235
9126	23332
1303	10491
6130	6209
1445	7525
26043	55666
6189	25873
6156	6165
5822	55127
8453	8945
2623	6886
8600	50964
8976	147179
1069	10383
7317	22888
6170	25873
966	10652
26190	54778
4361	10714
5861	57403
3190	3609
5870	10890
10733	163786
65083	84172
1488	6934
6165	6234
23160	51602
4298	6830
9277	51010
6161	7178
6224	6235
6863	23620
988	10657
51143	79172
8687	54474
138805	344892
3191	10949
3912	54972
6135	6207
9742	23059
6130	7311
7311	25873
6189	7311
1958	4665
5868	5870
113	259285
5298	8394
6997	10637
2537	3433
6169	6203
6188	23049
6164	6167
3055	5336
6122	6157
5597	5714
6878	8295
4922	84539
6137	6230
2207	7305
6154	6194
6868	11319
7311	92421
1793	9844
6434	57794
7175	23279
1665	5725
51203	56992
2896	10493
6132	6156
1230	55970
6210	27340
64151	83540
3685	9564
5869	9341
1783	29127
6133	6136
51203	64151
4436	5426
4208	4209
23322	121441
6207	6230
1001	3728
2862	4922
3664	11074
4666	6137
127385	344892
9527	84516
1783	79659
6233	7158
966	11322
6667	26512
22905	115548
3619	23279
3479	51097
3836	7534
2521	51692
8655	55839
1280	84570
4513	4536
6143	6176
9564	54518
6635	11157
2153	2243
3123	55824
51692	80335
6138	6209
3921	6160
6233	9349
8085	23067
727	50835
6128	6160
1173	29924
1237	27199
4690	10152
51510	51652
24137	81930
1329	9551
5430	27316
3071	3320
9354	89910
55127	84128
2444	84766
2207	5335
6133	6205
6205	6207
3267	22848
7421	11198
10594	23450
338	1080
7335	55905
1237	5173
3921	6161
1062	6232
6173	6227
4715	7381
6385	7852
5528	9126
5834	93100
5660	6376
6204	25873
5699	11059
5707	7316
10632	84833
186	4987
3913	10970
6647	11315
5194	23600
8566	10855
259	3698
1915	6189
25936	100527963
6152	6169
1268	10803
3918	9459
833	4141
6136	6230
9793	57551
10236	23435
891	9232
6932	8313
2204	79895
29984	257106
5970	23118
29796	51079
1793	5880
2932	5714
966	3683
3921	6208
3433	4939
10489	22888
4848	23019
27316	51692
84648	353145
1956	5796
1347	27089
7094	22906
26091	64750
7057	9070
344892	390066
6155	6202
3356	94235
2641	4922
6137	6169
2946	2948
22936	64859
5347	11190
8976	10254
1314	8615
51433	246184
6047	26190
8976	55971
1495	1499
1994	7536
2788	3269
1282	1284
1511	1991
1933	6128
81697	344892
56923	339403
3725	9070
57662	144100
1063	2305
830	29127
4700	4717
6203	9349
6122	6181
6125	6159
79172	151648
57531	90025
3856	3880
2932	5707
2965	9646
991	2305
5519	51400
197	338
3822	8302
2914	2916
4069	5657
7409	7454
6872	81887
3109	3119
55759	84549
8969	8970
6137	6234
3921	6232
3921	6154
8976	10787
984	23332
9354	83737
6135	6156
301	5368
4543	5179
9978	285231
5717	10575
6429	22826
51350	112802
4173	8914
25827	115290
6227	25873
6772	83666
1717	50814
238	943
2966	728340
4088	57154
3921	6130
51676	115290
3659	6672
5861	11014
1161	51426
3115	3127
1536	653361
2776	2788
9491	200734
2239	9348
6136	6165
10053	130340
8329	8341
1511	4069
23533	55970
336	4036
6137	6232
4638	4659
3913	6714
1431	4191
2801	5862
251	23627
115290	126433
6921	10987
6129	6136
1398	1794
2205	3702
6202	6234
6128	6231
6168	6204
6168	25873
56995	154881
1062	10051
6233	440689
5330	60675
6128	6143
4116	6160
3918	375790
4736	6139
4988	80835
6206	6233
641	6118
1559	1576
2071	2967
5436	27258
5094	27316
4088	23327
4509	4519
6628	8683
6224	6230
4666	6202
55112	150737
259287	259293
7311	154214
3912	5578
5747	9844
9730	64682
6139	6157
7919	348995
10466	55275
3683	3693
1749	1750
86	8607
9604	26190
6137	6161
5976	6167
57413	59340
3071	6461
6125	6139
3683	3688
6210	7311
6159	10399
6202	53918
8337	8349
351	63940
6209	6234
6133	23521
846	259293
29126	80380
2784	2847
57154	154881
521	4713
701	64151
53829	59340
3978	4176
6129	6232
6155	6224
8970	85236
4332	6036
2912	5733
6714	10298
1453	6203
968	5878
6159	6176
2125	11187
399	84144
156	2767
1453	6230
727	846
23562	53842
6165	6218
521	4701
1933	6168
9725	84443
5869	8976
9564	10044
3178	6434
6181	6222
1482	9464
6233	6868
514	4726
6059	55720
3214	3216
6233	55008
6601	6605
5829	9564
5725	9128
5438	9978
10890	51715
6165	6202
1453	6223
8301	9341
1329	1350
6159	6204
23376	84085
3659	5371
1991	6037
6152	6165
2997	6233
6167	11224
259287	339403
6188	6204
2165	2244
9322	9341
7337	55294
6227	6233
6161	6173
7424	8828
2268	6714
2266	3026
5689	7979
7311	54874
6619	10623
5694	7979
377	51014
3181	220988
8636	11258
6175	9349
5347	151246
6231	9349
6139	6160
8337	8347
4952	5286
6142	6230
10713	23451
6204	9045
6143	6158
1471	2519
1969	5879
22872	100302736
3688	3918
6209	6224
22974	24137
3921	6207
4867	79867
351	1241
6167	6188
10489	84231
10857	10970
6426	10772
6176	6209
3105	3659
3105	3135
6206	6230
6203	23521
7311	57154
4736	6133
10900	284069
5781	6774
4528	28973
1387	9757
51069	64928
4736	6170
7003	8463
2787	10803
3185	10921
1829	11187
6218	27340
1994	5725
3106	6672
5688	8312
5338	9744
5880	7409
3683	79895
6169	6170
6189	6234
6147	6194
3054	6872
6233	26130
8295	8945
4298	9646
116	59350
1495	1969
1509	124583
3909	3918
8568	22984
9877	100381270
1329	29796
26005	26123
4508	4537
595	5708
3394	6688
2993	2994
6635	6637
6169	6176
2770	5599
990	64151
7037	54885
6168	9349
6182	11222
1005	1009
1500	3801
26268	53339
4976	55669
10618	79571
9350	148738
8914	11169
6154	6230
683	932
23224	23353
6136	6208
1859	10238
1994	55339
11004	113130
3119	3123
6233	23112
6185	7184
5411	51747
4694	4725
521	4700
2185	5579
6233	9690
22984	55127
3685	5023
928	3688
7516	348654
51650	64983
10660	390598
4839	6156
5516	5781
3046	3050
23586	54476
6228	7178
245937	613210
462	51156
7520	55183
7327	8925
6205	6230
64284	401409
6288	84432
5501	25909
2633	4940
6133	6217
6923	51755
2817	3340
917	5296
6136	6138
3836	10971
1642	8607
111	1812
6139	6224
8925	10489
8969	653604
3912	10970
55008	57154
6203	6227
113130	348995
5717	9020
5529	51143
6168	6201
701	56992
6136	6152
6133	6227
6143	6202
1453	6202
1048	80740
891	5861
3111	3122
6631	6637
971	973
51132	140459
351	78991
6146	6224
3376	6301
9928	11113
4540	4707
6223	51187
10193	25831
9276	10959
22954	23291
6124	6146
6159	6234
6173	11224
4993	344892
6138	6170
3688	3915
7507	10714
4809	5435
5435	6875
10236	220988
29074	55168
641	2189
10236	10594
988	203068
1452	5714
6152	6171
9320	197131
6159	6194
10324	55294
6233	22848
11137	51388
6170	6176
2081	7494
1739	4646
11015	23046
1062	5516
345	2262
6175	6218
11343	57552
6136	6229
6159	6202
6202	6209
8925	197131
2099	2625
26284	64965
6430	220988
1269	63940
6663	27022
3357	5737
3434	55008
10112	81930
1314	10945
6138	6230
5699	8697
4641	5898
1017	84515
1111	2178
6133	6157
11004	22974
3903	10857
6233	54677
1453	6210
10970	222487
2034	9314
6141	6154
2633	10561
3305	10963
6122	6138
79473	344892
3912	5747
1111	2177
26019	51121
1435	84141
10963	22948
25885	55720
2865	23620
29984	445328
685	2069
377	5861
10130	10549
2491	5903
1794	3055
6146	6208
6133	6201
6129	25873
6125	6168
6232	8662
127247	148581
5436	85437
5741	10266
6790	84962
2740	5746
11004	24137
3171	6927
9320	89910
5439	6621
3309	6836
3921	9349
201475	326624
226	7057
6175	9045
6632	11157
6208	25873
813	11098
920	9026
335	4547
988	9126
84231	90678
5435	11325
9246	54778
146	2846
4694	4724
6168	9887
301	9002
64386	79895
6809	9341
4173	55388
3833	64837
6161	6233
102	1495
6204	140801
6137	6204
3066	84289
830	10652
51289	339403
4710	4717
6700	353132
1287	55214
2683	54918
6228	8662
4508	4539
6143	6194
26589	51649
10395	23371
3884	100653049
5518	6167
84231	197131
6171	25873
79895	338339
7311	126433
6426	6430
9801	23521
6208	6210
226	5768
9844	10458
1453	6206
6171	6235
10681	338557
9739	27327
2683	2720
6117	7156
9833	259266
6229	25873
1329	4726
3437	8638
830	9276
4722	54539
6201	6208
1933	6133
10413	51421
259	2244
5878	7037
6155	7311
3490	84141
3355	4889
6206	9045
10885	55127
4137	9024
915	3560
2784	6752
6602	57492
1991	4069
23646	147746
1906	2150
6147	6204
121504	440689
6224	7311
5394	55127
55142	132320
6156	6160
1783	11316
6176	6234
1453	4809
6202	6222
6227	6235
3921	6152
5869	22905
23291	54165
6135	6157
10324	51666
1915	6138
4172	4173
6133	6135
51693	60684
7514	23332
6138	25873
7316	91445
5693	10213
4736	6202
1915	6147
2222	3422
6616	8673
6175	6209
4312	4314
1738	6470
26190	197131
2358	3579
23160	55720
84261	154881
3119	3127
161	3482
57082	79172
1555	1557
3071	10787
6128	6233
6205	23521
10102	51021
1956	3675
8334	85236
6168	6229
9631	65250
9553	51650
6189	9349
6426	10949
6232	140801
2262	2719
1291	1292
9371	51014
6142	6159
3921	6175
6232	54821
8687	286887
6133	6155
6155	140801
6455	7316
5929	8085
22974	29127
4736	6125
29796	54539
4701	4713
4725	55967
5430	55215
673	57498
6122	23521
155	6343
1453	2197
1107	23186
6249	151246
1660	5725
672	51755
1660	51729
7317	10489
6714	8976
9793	84131
8329	8337
683	338339
3685	199675
8667	26986
10051	10403
6160	6218
152	11255
1233	5196
959	10673
90293	140458
5862	57403
6139	6152
23160	84128
6208	6231
7453	8565
641	116028
11339	55143
9329	10621
6130	6173
3673	3688
9787	55872
6161	6171
7021	10370
4048	126014
3172	6927
5529	6232
1088	338339
1062	1315
9276	11070
11014	11015
999	4646
4670	220988
3106	3134
1495	6714
60	5879
6157	6203
26268	84085
57105	94233
640	973
55863	91942
9295	9410
6137	6173
6122	6173
6205	7311
3558	3717
23197	56729
6160	9887
186	84634
6138	6205
6132	6176
5688	25906
521	27089
5696	5698
6233	140458
6429	9410
2535	55970
1241	29933
7314	10980
6135	6224
1933	6181
1915	10399
3191	10236
5707	84962
1856	5528
891	6249
23042	51283
6202	6205
23160	79954
10250	55749
5094	51692
3843	55705
4940	10964
1048	171169
23165	51692
5699	51684
3619	151648
11236	79139
6133	6165
10952	58505
4116	6235
5516	5598
389	30851
28	2524
7153	259266
6128	6133
513	374291
411	153642
846	56923
1495	128239
2033	10847
2767	29933
6209	55127
351	54972
6130	6133
3619	25909
10540	121441
6133	6188
6130	6161
6175	6234
3105	5696
3921	6233
336	2266
5119	27183
81537	259230
4854	5087
163	25977
6147	6158
6170	6232
2982	2983
8689	54474
6326	6328
2034	3091
521	29796
9700	51434
6272	9500
1778	4735
983	3832
3675	3693
3681	22801
6160	6194
3133	3134
336	462
6173	140801
5351	8985
6159	6165
3882	8688
2197	6206
9648	10618
5516	10213
6160	6204
1969	6714
685	1956
3491	3912
11339	64946
27316	65109
1237	9934
3687	22918
4724	4728
1660	23283
146	84109
1161	7518
79867	80184
2735	5696
1495	5819
6189	6235
50838	259295
8351	121504
25885	55703
10992	27339
8663	728689
163	8301
5515	6157
6133	6143
54778	84231
3685	5829
6139	6207
963	3685
3178	6430
6176	6727
2197	25873
6141	6142
7337	57169
6233	285231
123904	146183
6160	6228
2123	2124
2817	4035
1660	3181
26271	51053
991	5707
6156	6164
7337	10193
846	6870
5725	10492
90	4088
4998	5422
2322	6688
6169	6202
6159	6233
7533	10971
2521	57794
6194	6232
3833	9212
10155	10780
4710	4725
10112	11127
6453	9341
54821	79172
6157	7311
6193	23521
1398	10818
6125	6181
332	5501
158506	285231
4540	4695
3434	4599
3434	4940
2132	6385
8349	317772
705	56919
1994	55660
4948	7299
6156	6204
5516	6500
1105	23168
6430	22938
5725	10432
5657	6036
6232	23049
3659	7015
6157	6164
1956	10413
197	3827
6235	55127
6165	55176
1347	4726
108	7252
890	55355
6772	23586
4712	27089
4697	4714
4709	91942
1969	2050
1398	11184
55901	170692
6155	6206
3559	3560
9820	143279
1241	2767
197	51156
4171	6749
3202	3204
6147	6159
10403	57405
1453	653784
4641	5872
6189	6208
1347	4695
3579	55970
10482	23279
102	84141
5726	6755
6141	6230
6164	6228
55720	84916
5950	7276
8648	10498
161	8650
7204	10800
1669	10394
6209	6233
6237	10371
6158	6168
10952	90701
699	10592
3895	3915
6152	6188
9320	54778
9318	26224
5868	26130
6155	6207
966	10970
11329	55233
6136	6232
5929	23067
6141	56915
8021	55746
55166	348995
6160	25873
988	22803
1116	56729
1595	4047
5872	23265
1983	6176
1576	1577
6147	6210
5023	10970
6206	6227
4707	29796
3308	10808
3619	79172
5469	9968
6632	6637
185	84539
1595	5447
5439	5451
81	89
2058	3376
5903	22919
3713	6705
7514	57551
7316	8864
1291	3672
1124	5879
5111	7027
6224	6227
55839	79023
996	5708
26091	154881
6160	6207
7456	10787
5437	51639
25804	27258
27042	55153
1108	3094
886	887
3184	9716
23295	140460
6631	51639
22984	23223
699	151246
51	7311
56929	79176
6164	6202
6233	7844
3915	59277
9221	25885
332	1058
26146	28981
6209	6230
3092	6233
23511	51692
1573	8529
1282	1295
6427	10189
6160	6231
4436	23028
1829	1832
3190	5725
1088	160364
2147	2243
10849	25885
4713	55967
6202	7178
6122	6164
23309	79595
5179	7857
5547	25798
2912	5179
2768	2783
2916	4987
5432	11051
1650	7841
1084	2358
595	5694
6138	11224
6209	11224
8243	10735
156	7852
3698	51156
3135	3663
6155	6229
1981	6223
5781	10818
1991	4353
6138	6194
8317	80174
3040	3048
6161	6228
5739	59350
553	6869
5685	5705
2521	6434
1629	4967
6132	6235
6169	6229
3113	7535
4852	5179
6160	6223
6387	50837
1968	8661
3915	10298
23160	64318
3619	9126
6750	50837
5575	8826
6176	6222
4050	7124
8976	51429
1398	3937
8243	9793
5436	5439
8453	79699
80184	117177
4670	6421
2957	51808
9604	9867
9133	83461
6752	10563
6234	25873
344	26020
27229	54801
1500	55740
11190	54820
3945	4200
1398	9046
2147	2266
5546	10262
399	4983
4599	10379
1327	29796
3855	144501
2197	9790
10528	55226
6133	6189
23322	57545
6133	6139
3921	6234
92815	128312
1656	80153
50838	51289
6173	6209
283111	344892
1646	8644
2185	2268
6210	9349
6176	6228
10112	10749
5579	9564
6218	6235
11051	55660
9221	23160
197	2147
51343	142689
6142	6160
3190	55749
2841	63940
6141	7311
6698	353135
10285	79869
1894	10112
4736	6234
6168	6188
6181	6224
6164	6230
4695	4724
10970	338339
53829	57413
6156	6229
675	5429
3115	4261
11339	79172
5001	222229
1576	2326
6128	6135
399	7409
813	3371
3912	84141
7124	8740
331	6233
9128	10594
4659	5515
23028	23186
5080	8338
6139	6233
1302	1310
6218	25873
6167	23049
6132	6204
23517	84135
2243	5005
1063	22974
1859	5928
657	9765
1937	6125
6141	9045
1781	84962
6169	6230
6169	7311
51645	57819
11021	23011
9616	150726
10802	51014
4694	29796
7184	9601
6176	6206
9967	23097
389	9938
6128	6232
5194	7311
5552	83706
7979	8658
9410	22826
3350	84539
1452	5516
23011	51762
6176	6233
5868	5869
9879	55660
6125	6233
1385	5594
5725	10657
4701	7388
6122	6158
10013	25942
6160	6173
6281	79026
6309	6713
4712	4726
51023	90480
728	846
6223	27340
6161	25873
6934	283149
9636	10561
3017	85236
26224	54778
4116	6635
8969	85236
1499	2932
4599	91543
117	2792
6189	11103
5795	55754
3915	4811
4540	55967
2957	7702
8514	11314
637	3002
4904	22826
55703	84172
920	1234
3669	4939
4670	9343
9439	9967
8688	286887
8853	11014
3433	8638
3184	6626
6234	9349
2920	2921
6146	6181
87	5768
991	55355
5519	79172
2197	6224
1453	6235
919	3559
6146	6206
6158	6234
55125	55755
6139	6165
26173	51593
6209	6727
1604	51014
9690	89910
3895	11167
1832	11187
6189	140801
4288	6241
5426	8914
9126	79172
6146	6222
1088	23601
3189	9987
2048	5998
2767	64407
1915	9045
6167	6223
9128	55234
3433	4599
5660	326624
988	79595
351	7184
5706	5718
5709	29882
8065	9354
2935	6176
6142	140801
388	257106
1536	2204
6422	7474
7520	79840
6139	6147
1994	10949
1981	6218
3833	146909
6206	27340
2177	11073
871	1303
6136	6189
1981	6209
5878	8411
6224	25873
3352	5540
1816	104909134
23028	283248
1129	6572
6133	9887
9883	10898
5695	11047
3655	5339
1111	54962
1329	1340
10236	11338
1508	1514
5473	11251
5441	79035
6136	6206
5708	5970
988	10236
6171	6234
7283	27175
4194	57690
6158	6193
7316	22954
183	259287
1783	5516
813	10970
57545	79867
51096	57696
6169	6201
6158	6189
9716	10236
1069	10426
186	2862
1783	9493
6176	9349
4172	10714
2209	2268
1387	5469
1022	55840
5708	5887
6338	6340
9870	22954
671	5657
5930	55294
7058	9507
4707	4717
2475	57521
2865	6288
6155	11224
4853	10046
7337	55175
6125	6204
3301	3303
2033	6667
26224	26234
6950	10575
5599	9043
1763	55388
6155	6208
1810	26009
1058	79172
9793	25909
7133	8740
5269	5337
1981	6210
9793	121441
9133	9232
6201	23049
246184	285231
6161	6206
60	2597
4701	10975
5347	29127
6152	6227
185	2862
6169	6181
5717	8453
6159	6209
6147	6170
1915	6144
6790	29127
3859	125115
6203	6209
10540	57545
3122	5641
6194	6222
830	1604
6181	9349
9416	51729
521	84833
5529	151246
399	7984
6133	6208
3064	55660
3921	6133
3710	8826
6133	6207
7125	7137
6631	57819
2555	2557
6176	6230
11116	79959
5094	10285
1778	121441
8106	9410
3827	5005
25909	57551
23160	55127
6146	6175
3093	22954
1906	6375
50616	116379
2197	4736
6218	10952
928	3655
79003	81565
23586	55601
2318	3688
4538	25915
6714	57670
6144	6164
51021	84545
5627	10461
6556	160364
185	2641
1008	1013
6201	9349
891	55165
990	63967
3178	27316
466	1386
51317	57649
10618	23431
6159	6205
1495	3799
1161	51397
4176	5422
10403	10615
6692	6768
6170	6233
3082	3908
2197	6727
6210	9045
4584	140453
2305	22974
2769	5330
26224	55208
983	7321
6173	6204
1536	8655
6136	6202
5435	84844
6185	57171
6128	6209
3491	3685
148	886
1315	3796
6160	6181
6373	10563
6712	11316
420	58530
34	6256
920	2533
930	974
5829	7534
3133	9871
102	5795
3569	84141
5540	6755
10885	27042
6128	6156
5829	375790
6173	25873
8945	115290
60	10093
9662	79441
1981	6208
23511	55746
156	8477
163	6233
4987	4988
2810	3918
11103	84916
1937	6201
6703	6704
5435	5439
7514	81930
10121	80184
6453	7311
4508	4538
1302	50509
1434	3837
6158	23521
389	64333
5519	9183
27339	57461
3912	375790
3565	3567
10970	84141
72	58498
3133	6737
338	51156
4691	10528
9295	84950
5438	6633
1292	3685
6170	140801
6128	6165
6154	6173
991	83461
9126	9793
3832	10592
2033	26523
7862	9219
2695	7434
6129	6209
10285	10914
10193	10489
6130	6158
722	725
3811	3821
6165	6204
3673	4233
4116	6202
6182	55052
9818	23511
1387	6601
6233	26043
2358	338339
4173	4175
8329	653604
10199	84128
1453	57787
6155	6165
5879	9046
7316	7328
4301	7082
25831	57154
8697	23291
6124	6143
5795	326624
5725	9343
10524	10714
2641	10203
1495	7082
117	5741
81567	93100
567	3140
6133	6161
58505	100128731
6498	64750
5054	5327
6201	6231
6234	8562
6233	10401
712	7305
6164	6233
6139	6234
6142	6234
1001	1500
6158	6205
5501	9793
966	326624
5878	11252
1268	9294
2960	2967
9875	27340
4593	57144
6223	6231
7184	7466
966	9276
55635	259266
4233	5795
53637	63940
6122	6129
55143	57082
163	9341
22919	79172
6147	6176
51023	219927
392188	645402
2268	5829
10250	84950
6636	51690
26146	92104
5589	23193
54876	54939
5335	6850
6136	6209
3635	3718
6122	6185
4710	4724
5660	7852
1314	9276
28981	79989
2099	5241
26146	79989
2220	5648
6130	10399
523	155066
6135	6176
1814	259285
3185	4670
3093	23291
6152	6209
2107	6176
5715	11047
5515	6500
23658	27316
1595	51478
1453	6208
6135	6227
3361	4283
683	199675
9076	137075
118487	219927
22948	63971
712	713
972	3123
3190	10236
3105	3106
51602	55759
988	10640
302	2799
11103	51575
8301	9322
5270	5329
3886	8687
1132	53637
10283	23517
7479	7484
389	57449
6133	6181
701	4288
4513	4519
6193	6194
5519	5903
3842	54464
6288	6357
23304	53339
9128	9879
6159	6188
6159	6170
1991	56729
9730	10425
5579	55970
6129	6234
2784	5741
904	27125
6156	6188
10890	11021
10403	220134
1781	2801
1781	10383
1327	1337
335	462
112	1880
3688	6709
6175	6229
1213	10254
4734	8453
9021	57674
2197	6164
335	2243
3827	4295
2048	3055
1063	54821
23112	84441
6429	8086
83551	134860
5828	5830
177	351
80097	653784
6203	11103
830	9371
1956	5782
3181	5094
6128	6161
10153	84128
4088	5054
6135	6141
10199	11102
960	6672
6132	6227
890	26271
9738	54820
3123	7535
2801	10802
9787	11339
2237	5111
7272	10592
6227	6727
1981	6133
3362	5443
29763	51429
5695	6790
81285	285093
6154	6231
5429	51426
3672	9564
6152	6235
84902	347240
857	7132
6122	6209
9820	56658
988	10767
6631	10465
813	1435
5501	51692
2863	55970
10735	57551
10561	55601
6133	9045
3074	23197
6208	9045
325	3015
121391	286887
2491	79172
4288	9700
2914	84539
50834	338442
3609	10236
9883	55746
988	6601
5558	8317
3091	6233
6204	6218
7311	158506
3301	10808
932	79895
9700	57551
6154	6167
1956	5579
7862	54815
6136	6188
9371	10112
1603	100128731
2197	6129
5435	5441
161	24137
6154	6235
10574	84617
1315	29127
2976	11128
2268	5747
6890	6891
7272	55635
10382	23332
10640	117177
6164	6173
813	3569
8843	27198
1058	57405
2792	388531
3364	5810
8477	9002
6125	6164
831	5829
6137	6143
695	118788
5929	8945
3688	3912
2692	5745
8976	55243
6135	6201
6635	51690
90	4090
26268	56995
1830	5266
9738	347240
3312	10576
4194	7316
2767	7204
2079	6432
930	933
2147	4295
7979	139285
22984	79707
1289	7373
710	10747
5684	8658
9978	158506
22919	22974
3339	7045
4141	7453
50838	259287
2799	5476
9798	27183
6144	6194
472	84142
4709	29796
3109	3113
3688	5879
23160	56919
6092	89884
6206	7311
11064	27077
1495	4233
933	974
2266	5345
1445	54845
6135	6154
10254	25977
6144	6224
1933	6142
7311	89910
6194	6235
1783	2491
6124	6138
6157	6159
6279	6280
6156	6203
57405	113130
10907	51690
5737	56923
84085	84261
5746	94235
1129	6751
8514	57153
6714	375790
10959	22818
1007	1008
1398	5599
1605	55624
6193	8666
23350	55749
401505	100188893
6136	6218
1511	8635
5501	25936
10576	10693
389	257106
1956	2064
9551	10476
699	220134
5707	64750
26123	79867
6169	6234
6137	140801
6234	9045
2197	6146
6500	7320
287	10121
89910	144699
330	637
6605	7421
108	283869
3687	53831
5901	729857
3688	10298
5093	27238
1213	6233
3054	81887
9341	22905
6128	6144
5610	23586
3183	6430
3015	10284
1786	7027
728	6376
54778	55236
2967	51755
3013	8334
54555	56915
7919	10236
26589	54148
9092	27339
1062	9493
5708	51330
1778	6709
3710	5575
1499	5819
945	3689
23304	57531
885	3061
6230	6234
9820	115290
6161	9045
58191	63940
1108	25942
3594	149233
4512	4538
6135	6208
377	9371
3434	55601
1058	11004
9636	11274
6201	6209
4928	7514
988	10059
4591	65264
2205	2206
11176	23309
10250	10285
6234	7311
226	7167
3488	54757
4288	259266
2214	2215
10733	55142
4713	29796
6170	6173
6203	6230
1650	6185
896	6776
2847	2918
55008	151636
2886	5155
9126	25936
5571	8655
4088	7316
3655	7057
6207	6218
6161	6207
1915	6161
1398	7409
6202	6227
287	6326
4695	4726
10767	22894
4715	4718
11190	55142
7514	55746
6144	6209
335	2262
8317	84515
2648	9013
2803	7110
2804	10945
6175	6202
9283	51764
54539	55967
6135	6232
891	22974
6147	6161
5896	5897
9371	64837
1981	2197
2185	9475
5718	6790
8563	23225
867	8301
2185	6461
1292	5351
10013	57649
219968	285093
197	462
3681	8515
6137	6142
6233	8445
55215	64858
2792	343172
2147	2159
1822	23028
2268	7525
4670	9128
56923	259293
5928	192670
23014	115290
1350	4695
1329	4701
5528	51143
3191	5725
6599	57492
2813	55350
6133	6158
10952	25873
6157	6233
7514	23039
56902	88745
5294	55970
6161	6204
3915	6714
6218	9887
3797	9493
10236	10250
1062	5529
6189	6201
4539	4540
389	7204
79895	222487
4700	9551
23322	79867
6700	26239
5290	5970
8087	9444
132320	146057
6168	6224
7322	26234
1559	2326
5528	9700
10274	57082
9632	10483
1994	3190
6628	85313
2107	6137
6714	7311
6204	6209
2197	6133
6164	6175
2625	7031
7021	83741
80168	346606
6206	9349
6160	6168
26146	79659
1660	10492
116	5739
1605	6714
1063	7153
7846	57545
4724	27089
3619	10112
10484	126003
1650	58477
699	3619
6159	23521
334	3915
6923	9978
988	23397
6232	7311
6428	6434
51023	54998
4952	6272
27042	55127
4540	4713
10540	24137
3303	9531
3921	200916
7041	7414
1933	6218
2958	5435
3350	4987
6143	6181
80184	121441
6125	6129
4736	6168
10426	55835
2305	5518
1894	9833
6130	6154
4599	4938
5501	57122
2065	3691
5777	7409
5023	64386
55127	57647
9611	9967
10155	201514
6165	6229
6233	8450
6133	6202
4172	4998
4588	140453
3240	4069
641	5424
5361	7305
288	2348
3675	3909
1829	5493
891	991
3921	6122
6135	6206
84085	197131
1783	6232
6147	6165
7321	23198
4591	55658
6232	10952
6222	27340
1956	4837
9604	22954
1983	23521
6152	10952
1268	64805
5869	10890
8337	317772
25873	140801
4174	7298
6207	27340
4242	4853
1033	9232
6129	6165
3689	7305
51259	95681
60	57591
3688	91522
344892	387748
3688	5747
3908	10319
6500	9604
3921	6159
1022	2810
138803	344892
1933	6224
5318	5493
521	10975
6232	6233
153	6343
25897	55175
81696	344892
6161	6169
1277	1292
10403	64151
4708	55967
6203	7178
6194	6218
9690	84231
24137	64837
6233	140459
3486	11098
3912	4240
940	3695
1645	8644
6176	6232
6158	7311
186	4988
118430	727897
1794	9844
56995	84085
5023	5795
3092	9146
5879	8976
3115	3123
1439	5777
4712	4713
23526	51816
1398	7525
9412	9442
6429	8175
79895	100049587
6168	6203
3850	3860
522	4713
9604	23291
6891	6892
5694	5715
1794	5777
8189	23524
6189	6217
4008	144699
10466	10618
891	4751
187	11251
6158	6175
1173	10552
3433	10964
6181	6189
4736	6229
6626	27316
6159	6206
5717	126374
10949	27316
23327	89910
6228	7311
3866	144501
1292	5352
64979	116540
2206	2207
1445	5829
156	5578
6217	27335
9666	143279
2177	7398
8945	154214
25942	51317
6142	6228
6136	6147
3181	10236
3833	29127
4924	10618
64928	118487
26285	149461
4116	6206
348	2262
1453	3921
6168	6227
8945	25831
9867	197131
4116	9349
6625	6626
183	3357
1741	22941
917	29993
10274	23279
51096	84128
6135	6228
8687	8688
60488	116540
399	57522
6146	6147
3015	79682
6164	6209
160	8867
1062	1063
8351	126961
6164	6218
2317	54751
701	9824
2359	6370
7857	54757
2537	10964
5644	6690
2131	2132
643	5368
1195	57396
7272	64151
1956	55914
991	1058
10663	51289
5861	5868
3832	9585
1120	1375
4173	81620
4008	154881
7082	25937
3698	3827
6158	6228
7317	51343
23620	84432
6159	6232
6175	6206
1660	9716
5861	81562
6139	6203
3267	11252
6129	6189
5335	7462
57154	64750
963	64386
3054	23067
9904	79050
6159	6189
56949	91603
6222	6223
9742	28981
6124	6175
8349	8970
8704	55624
3832	6240
1062	22974
1660	3185
7454	7456
6125	6175
4763	7311
22974	121441
5718	11059
6132	6165
84541	122416
187	5196
699	259266
6207	9045
6233	57674
2053	7311
334	3491
940	8516
6129	6193
53981	85313
1236	5443
9377	54539
4297	51230
3183	27316
389	394
350	2266
5707	126374
153	155
3093	6047
6158	6173
9738	132320
890	64151
6230	6232
1406	4901
9551	9556
6152	6202
1994	10291
8662	9669
6128	6139
972	3113
3185	10236
5591	9656
6210	6223
972	3119
10540	91147
1942	2041
1329	1347
4736	9349
11014	23046
5725	10594
6139	6142
5516	5519
1937	6222
3313	23511
9927	55669
10324	11275
705	84946
22954	23014
1950	7474
5347	9055
5700	5702
6194	6207
6235	7311
3190	10432
4171	4174
6155	6234
54850	63891
1453	6228
9219	23186
1395	79924
6207	6233
3993	84612
377	1783
6613	10038
8775	9871
1605	5747
7311	25831
521	1329
3832	10615
2186	8467
7337	9867
7580	118924
833	2617
996	115290
57154	65264
6139	6164
4088	25937
3308	9631
3105	3134
6204	6229
6232	57551
8449	27238
2918	6752
6427	7307
7311	9341
6176	6202
10381	84790
2533	7408
23122	25936
2033	4089
335	345
4544	5443
8451	9730
6468	201456
26494	344892
5657	6037
4905	9527
10975	126328
846	50838
1933	6233
890	151648
4125	6036
10905	23193
10458	10787
950	8976
1455	2810
5695	51330
695	2207
56919	57647
521	55028
6208	6222
55175	56995
988	23595
1933	6155
3091	84962
84163	389524
10574	10963
1781	3797
9611	23097
3884	3885
2266	3481
378	11014
57647	84916
9790	9904
833	4677
501	85007
23097	81857
6176	6208
864	10413
2207	100049587
8329	85236
51264	219927
1281	4060
6233	23168
1062	79172
3106	10475
6193	6232
387	7094
6175	6201
3833	55143
6175	6193
57674	64219
9570	22872
55284	79754
1660	27316
1394	1816
6173	6203
4711	84833
6556	79895
4751	4867
3973	104909134
79172	151246
6142	6203
2557	2560
3675	5328
1908	84432
79050	317781
160364	170482
6176	25873
672	7153
6134	6228
6188	6235
5433	55660
6170	6229
317772	440689
6223	9045
6223	6227
2633	2634
4040	8322
10575	84617
7158	7311
2617	4141
8976	22905
10181	10523
6139	6169
2767	8477
6152	6218
2491	9793
3133	10475
25926	117246
6144	6227
6122	10399
335	4036
4712	55967
2159	2243
79659	92104
1937	6229
7039	10652
3491	11098
1783	5903
1453	6201
273	6455
8085	25942
4171	4172
6124	6139
88	4626
836	6789
26232	55527
26470	253982
2691	59350
4297	23309
6193	6234
10980	54939
6202	6218
79861	81027
7311	23118
3913	51280
514	4724
10799	84946
3915	5954
996	51088
23067	57690
5861	5878
10155	25799
6159	6227
5829	9844
4904	9410
2274	6281
1551	1576
727	56923
5768	11167
4686	9128
3832	3833
10713	11325
25984	121391
6188	6230
996	80012
567	3107
5443	6370
3572	3977
5788	6688
8453	65264
9739	26523
993	84126
11190	22919
6210	6218
3836	3837
6631	27258
6138	6159
2792	122876
6203	6223
8451	55208
3111	3119
2848	122042
6601	9031
1387	10498
9276	51014
6152	6164
6202	7311
4710	4726
6152	11224
55720	57647
7536	10236
6206	6210
8570	11052
10749	23046
3082	22915
2147	3481
6139	6189
6222	9045
1824	1825
3882	3886
6159	51187
5430	6602
5880	27237
158506	246184
10693	22803
932	160364
3119	7535
9793	10274
9790	22803
8661	8672
6827	25920
6169	23049
6210	140801
988	5094
990	55388
6143	6155
488	4853
10413	60485
51023	116540
6138	6160
2790	5294
335	3827
174	2243
186	2916
273	8673
6202	6228
26290	56667
6167	10952
1063	7514
9320	25831
6161	6164
5931	10664
2932	23291
9928	259266
6137	6210
10594	11338
3113	3122
1956	7039
6202	6223
1062	5347
5699	64344
5476	5834
389	55843
4670	10949
5605	84292
6173	6202
5434	6749
701	51203
4736	6138
163	274
10965	55825
25926	51096
1781	10112
991	5905
4709	51079
140453	192134
8337	8365
1325	6373
4050	5716
100	4907
4514	4539
6152	6232
4713	4728
11157	51690
2491	151246
10396	25798
5688	5705
8723	51143
2185	5599
643	10803
332	54821
3693	7525
10466	79571
6746	58477
3192	23283
301	2790
10802	10960
7054	57016
23511	84271
10885	65083
6709	126014
3198	5432
9666	89910
516	26521
6135	6160
23063	23122
24137	285643
6188	6189
8648	84498
4695	29796
6122	6155
1524	56670
6144	6155
10236	10713
3909	3911
5714	5718
5862	10890
3619	10403
87	5879
4952	9886
1589	3290
5435	9978
2033	9031
4116	6152
5008	7297
3624	10272
6235	27042
6461	9844
6790	11190
2642	84539
6141	6203
6160	6224
1949	2045
6147	7178
6169	6189
5903	54821
2957	51616
3082	7450
10970	326624
988	9611
1522	79792
10155	25888
4171	81620
6156	23049
6133	7178
6175	6205
259290	259293
1780	93661
3113	3127
5822	22984
5657	56729
26268	56658
84962	126374
9690	57154
4708	27089
796	797
10112	64837
6160	6161
3659	5696
10075	80204
1292	3672
4829	5737
55008	64750
51715	326624
10980	55294
10254	22848
6144	6147
4751	259266
219954	285093
6139	6155
2932	5516
6157	6181
6208	6218
1350	7381
6137	6223
4736	6124
55143	220134
8178	11267
4609	7022
623	2357
391	8503
7311	23600
721	3426
8542	84141
6158	51386
1173	8301
2968	57804
800	10398
344892	390061
1340	1347
6169	6231
2079	6636
4738	6635
5984	23649
6160	9349
203068	440145
226	5230
7311	57674
6175	6224
6129	6133
6137	6154
6158	6203
4867	80184
2155	2159
3832	7272
1994	3609
6152	6155
6168	9045
7322	152006
120796	344892
23332	79172
7913	9015
10163	147179
2064	7311
4999	84515
23533	55361
55294	283807
2801	10972
3017	126961
8349	8365
64410	79791
5980	56852
6155	6209
1329	27089
5693	5705
2537	3430
5516	5903
3301	3320
87	7525
1577	29785
4724	29796
6556	84418
6142	9349
3797	24137
6209	7311
6124	6161
6175	23521
1660	9343
857	3688
2033	8085
8843	338442
3394	3430
22803	27340
6636	84844
140807	319101
2207	5338
1909	2922
3725	3939
2033	8243
3692	10969
1350	29796
7283	22897
6158	9045
3055	5788
1329	1337
6138	6152
6203	27340
6158	6223
6157	6169
6204	6234
6147	6227
5660	10970
10376	150465
514	4700
6157	6222
6234	9887
813	10130
9887	11224
7311	7321
916	940
8655	79023
867	10097
3184	6427
9793	55755
8729	10959
4172	55388
7984	29984
26589	51264
1233	2359
1938	1975
393	399
991	51665
6202	140801
6201	6223
29945	90025
9126	54780
3361	9290
22984	23195
5725	7536
3133	3660
9716	27316
8581	27076
2491	7514
6136	6161
4700	4707
6223	6234
9738	146057
6204	6206
1063	79172
6159	6167
6223	9790
51666	201456
6155	6175
6129	6203
974	3635
3714	9148
5861	10890
114	2492
4736	6181
3687	79895
10914	79869
2353	4773
1288	340267
6227	6232
10552	100526693
84643	93661
8547	78989
6169	6227
5157	7991
350	2147
1933	9045
1500	4646
4736	6210
341276	344892
8969	440689
4736	6159
8243	10051
6208	6230
57403	81876
353132	353133
6631	84844
9604	83737
6227	6234
1937	6128
6428	6632
54148	64928
2521	3181
1302	1306
3362	3640
988	23435
6182	51081
2185	5747
6159	6169
84727	122769
2147	3827
7311	10818
6194	51187
56963	148738
8290	121504
1813	4283
6272	11319
2847	594857
915	29126
1434	3838
10525	29927
8976	54874
23326	79595
11004	259266
8655	64792
25897	27252
6122	6194
4712	29796
9582	27350
971	974
3188	10594
7311	79577
6132	6173
695	3937
5584	56288
163	51429
10250	10772
3355	6751
259293	259295
25873	55176
6147	6191
645836	100287238
6207	9349
102	51552
3799	10749
1004	1016
10022	51289
26531	344892
6128	6201
163	24137
9133	55355
54575	54600
963	10970
1084	138050
6168	6173
332	55055
6173	6208
391	94134
6144	6159
4736	6167
1462	10618
10403	57082
1292	10536
7311	8453
64318	84128
1915	6139
6188	6207
8085	26523
1329	10476
1116	1991
4738	285231
10487	11344
988	1660
5715	7979
570	7311
3688	5829
726	831
6142	6189
4862	79365
1783	11014
80321	85302
3796	5515
4686	5440
3673	3909
7204	55970
6167	6228
64981	116541
9493	29127
6175	6204
9776	55626
2847	10563
54657	54658
4713	10975
54625	83666
6228	6230
5725	23020
6613	7421
3320	57545
9320	57154
659	9765
6711	8615
5451	23248
2770	55970
26	10562
11314	79895
2207	199675
945	3903
3688	3913
55125	79959
6139	6146
6633	11325
3192	5093
1576	54600
4706	4717
7531	10383
23225	79833
9655	90293
966	64386
3183	3190
10097	50618
3914	3918
5861	10540
3655	3918
11128	84172
6147	6223
6518	326624
9700	23397
29127	55872
4088	5594
4116	6201
4588	26290
9870	65264
3609	4670
4584	4588
23608	140462
4069	6036
1839	1956
3054	8314
1129	8322
5777	80184
3181	10713
9883	11218
5116	23354
7272	10733
719	8514
6118	9557
462	2159
1500	7082
22984	25885
6137	6152
9133	51512
5868	22848
1645	1646
1287	1288
26234	79176
28987	51388
1876	10445
22948	84617
6124	6228
680	64106
55131	64318
5829	6461
10112	51014
5173	6751
6206	6209
3113	10346
4839	55720
55755	347240
10096	10152
6231	9887
3921	4736
6228	9349
2533	3937
6908	8812
6133	23049
3354	51764
3376	8565
6156	6176
6146	100529239
1063	259266
10285	10713
6461	7409
54751	83706
57405	79980
2207	160364
6164	6229
27292	55781
4867	121441
4736	6160
2204	338339
6161	6170
51069	55168
10857	84329
4172	4678
9724	27042
8243	23332
3897	3912
932	2358
3482	4905
2189	80010
6139	23521
6605	57492
2863	5332
146	886
861	57332
26589	219927
1277	5118
10274	113130
5862	5870
5869	8322
6207	140801
6154	6210
8683	22827
4700	27089
10272	11098
81	5868
6201	6232
6139	6185
9716	11325
4173	79892
55055	151246
4712	91942
3178	6626
6144	6230
151648	220134
6169	140801
6154	25873
1129	4889
4697	55967
2801	5861
7409	27071
1778	4867
695	5336
1991	5657
6133	6137
9320	57542
5693	5700
6169	6175
705	23560
1022	91603
152	5580
5725	9716
8131	64121
5566	23332
150684	150726
8976	29763
6159	6201
1793	3071
9039	10425
932	326624
7514	9700
9410	10236
8945	9820
10199	84946
2913	3350
6128	6157
6632	6636
8568	55131
3190	10492
335	350
2033	9739
1058	55143
57153	160364
10970	11322
3659	10475
6194	6224
6142	6158
23355	27072
6203	6233
6136	6227
5715	7314
2919	6347
971	29760
10388	25777
6205	51187
4088	5784
6134	6202
6203	6232
1812	51764
5520	6132
1991	4332
9968	10499
10959	11014
399	94134
3181	4670
55166	79682
126006	729230
6208	9887
966	11014
79867	121441
4116	51639
7175	57122
3074	5707
7311	54363
22794	23398
81	1495
2683	4855
6170	6228
1639	29127
567	6672
9320	23291
1933	6157
5707	5708
3690	3791
4695	4708
3190	11338
9493	24137
26091	57542
7334	64320
3178	6428
6165	9045
3837	57122
274	9341
1062	23095
7783	11085
9320	65264
3675	3918
4512	4541
10022	50835
5869	10254
259287	259295
10575	10728
1653	25940
6137	6164
122876	594857
4691	9136
6138	6167
3312	6804
1495	4301
6142	6193
5747	7456
6138	6206
1062	9585
1291	3688
3491	10272
11021	51762
4514	4535
23291	65264
332	81930
10121	10844
8688	8689
2242	3561
6156	6159
8453	56995
26519	26521
5528	9793
5879	7454
3832	54892
2642	4922
9652	23517
7979	10393
1062	6249
567	6737
8697	11059
79895	160364
111	3354
3909	375790
6181	6228
3909	5829
8972	93432
7532	57521
6194	6205
3191	9987
87	51097
9611	23118
5196	11251
983	7272
2792	594857
23397	55143
51098	83658
514	4694
6144	6205
302	5834
183	51289
1173	9341
3725	4772
2058	2617
5286	55361
208	57148
1933	6230
3109	3122
6667	23248
3274	285601
6128	6206
6241	55143
7532	653784
6500	8697
3949	5869
4176	5982
4717	4718
9045	10399
6201	140801
60485	84962
3673	3675
6636	8683
25885	83743
4689	5880
5865	23011
8453	9820
341152	344892
1595	4597
1062	259266
522	84833
5739	5746
4758	54472
996	25831
5460	55211
6156	6218
9037	23275
3913	375790
6227	11224
3921	6155
10427	22872
7037	10618
6168	6205
7415	10383
6175	7178
2071	10920
5493	11187
444	3091
8720	51360
1387	4205
28	2525
2962	10291
2800	2803
8347	8365
55279	285237
10250	79869
6625	11100
51320	55175
4008	7321
139322	374354
5725	23435
5592	5997
7272	9700
4709	27089
2247	3685
96459	201163
8453	9320
6168	6230
5347	5905
51079	54539
6205	6232
6147	6152
9031	221830
6144	6168
8289	57492
6170	6181
5868	9341
121504	126961
3066	6045
6160	6165
9276	11014
6154	6228
4540	4710
55829	58515
1080	2147
23014	64219
5439	51755
86	988
6143	9349
63915	84062
5335	6776
4798	79913
6208	55127
5868	64145
160	1213
3190	57794
6144	25873
963	3683
6176	6223
3837	10575
8243	79172
2792	219438
513	517
10772	10949
4542	4646
10285	53981
3761	3785
1499	9314
5054	7424
3326	10576
6147	6201
51650	118487
5430	81556
5869	7316
6429	10236
2033	5469
2033	10735
27252	55585
51264	65003
1315	8729
9700	57122
6139	6218
5036	10576
5747	10787
3122	11184
81797	344892
8658	80351
10324	140825
3312	9128
5286	7311
6167	6235
4171	5426
4736	6205
6155	6160
65003	219927
51003	400569
6193	6230
3105	3660
9320	9690
1946	5294
2956	4436
3838	22974
6136	6217
6128	6167
1487	5928
9113	154810
10432	27316
3685	84329
6207	23049
10890	23011
1856	7314
1781	121441
6427	6432
3688	7052
6637	51690
335	3698
3354	6387
3685	7525
7531	8655
1017	4999
5592	8654
6128	6234
6387	57007
6223	6233
3437	55601
10155	80110
1812	10268
257313	387129
59350	94235
57678	256356
6138	6189
1439	6776
991	9787
1453	55127
5706	11047
6790	9833
6155	6156
6152	6154
6155	6170
779	10369
11218	79084
88	2890
6229	11224
6233	84749
919	7535
2801	2804
3663	23321
567	79097
23332	91147
11275	26234
26338	65055
51465	84447
6152	6230
7456	10458
3360	7253
3133	6672
5501	57551
8661	728689
5547	10970
6133	6204
65083	79954
2790	7204
367	8349
51692	55749
6142	10399
152	2916
3240	56729
7328	22954
1495	84962
2767	5335
3185	10949
1981	1982
728	50835
779	783
5440	80349
3849	319101
84259	90864
9126	9700
4303	5901
4641	5879
841	843
6515	144195
833	3376
8945	23198
909	915
6159	9045
6154	6175
3008	3024
6637	84844
2197	6181
983	51053
6133	6224
324	5529
6709	6714
1650	6122
545	6233
1129	5179
9133	10403
11128	55703
10885	23404
10733	203068
6432	6434
6170	6209
3190	9716
3184	3192
5094	9343
5694	5695
1783	6249
6330	6340
25929	50628
6135	9349
929	7097
10083	257629
1500	1942
6227	6231
516	10632
6709	7430
890	10403
6204	6223
8321	8322
4586	4588
2803	90196
5880	64333
8915	29775
26525	84639
6130	6168
643	50865
813	3491
7337	8697
891	51433
705	23160
2239	10082
3444	3451
1894	6790
23160	84172
1994	27316
5433	8085
4724	7381
7311	11224
2222	2224
4670	10432
1665	9128
51593	64859
26270	93611
156	55970
3184	27316
91	92
2149	2151
6224	6229
56923	259287
2197	6170
6203	11224
8334	440689
287	1780
6138	6207
813	7184
2833	6346
3123	4261
3685	6385
7110	79571
22918	79895
3123	3127
10523	11100
6173	6230
6160	140801
1822	57504
3646	6156
1007	1013
6188	6202
2848	3274
6205	6223
6262	11069
552	2847
2920	3569
1783	6709
9493	9585
10256	54845
7514	23244
6129	6168
6154	6205
23304	26046
4707	4726
1398	10458
4173	5983
5879	6385
932	10970
3223	3233
3716	7706
6170	6227
6428	10946
6154	6233
142	56655
5688	5701
6385	10755
6133	6193
1329	4713
3437	4599
7204	60675
4670	11338
246	11283
26235	158506
6160	7178
604	933
3183	5094
3191	10432
10907	57819
972	3115
148	2837
2197	6136
64426	79595
5441	5901
5000	7311
50832	54429
4793	5714
6165	6233
10749	11015
857	858
8450	51122
6237	10235
9320	144699
6222	7178
2023	5230
4541	4726
108	797
4343	4853
23397	24137
6169	6218
6204	6227
4700	4725
22974	81610
7020	284252
285093	390191
9055	9493
399	64333
6135	6143
1983	6205
3911	5747
661	6619
3434	23586
996	51132
23291	83737
6122	6232
4172	7298
4343	7311
6229	6233
4233	9564
6155	6232
29796	55967
1994	23435
23511	25929
10458	55740
3233	5080
5310	9727
7311	85015
6776	26228
6135	6158
3937	11184
6165	6224
1536	4689
3071	7456
6194	6208
55872	83540
983	79959
1314	10427
2185	5829
8453	55884
221	5329
26091	151636
988	51362
6133	6228
6144	51187
4535	4537
55055	79172
6132	6160
3107	6041
1281	1290
7043	54863
6203	6228
7469	9656
3185	5094
2801	10427
47	1431
1576	2327
6155	6173
50813	84727
55275	55610
3832	9833
9295	25957
6136	6169
5878	54885
2197	6135
7706	57506
3646	8667
488	489
3853	3860
5872	53916
3912	59277
10403	348995
5439	8725
6167	9887
79659	150737
2197	6157
7110	10618
56658	57531
5529	5718
919	3122
695	3725
6790	121441
6173	6233
5093	6625
6139	6206
5111	10714
1434	3836
187	6370
336	2243
6169	6223
6152	6173
5704	5714
6129	6147
7316	10920
6146	6173
8976	10552
5529	54821
3183	27238
2197	6189
54821	55055
5878	10890
6636	10465
6152	6223
1362	9698
3852	196374
9156	55388
2675	220164
11338	23511
9870	26091
8356	126961
3486	3569
9793	23332
6133	6176
7311	8976
3174	6927
4736	6208
6144	11224
23	6059
9787	9833
258	5179
6193	7311
4588	56667
3915	5879
56902	84916
1116	1669
1981	8672
3920	55754
999	3691
6232	9349
6610	7132
1062	4751
6206	6207
6202	25873
64410	142689
50835	56923
6230	6235
1803	59272
6142	6181
3191	3192
7178	25873
5196	6370
2353	2354
4540	4712
10920	150726
23291	55832
3305	9530
6203	6205
8329	126961
221	5328
3685	3693
6204	11224
156	9002
6168	6234
1063	3619
4536	4539
3848	162605
4116	6167
1783	10540
9648	10466
27134	100506658
1983	6133
932	945
783	10369
6307	51478
55168	56945
3178	3192
3267	26130
6122	6130
6193	6202
4701	51079
4695	4713
6234	140801
6142	6143
899	56995
6156	6168
811	813
1058	8655
5695	9232
1660	23020
6142	6147
6203	6206
2912	4852
5725	8661
51514	64708
5528	23279
3912	5829
2177	2189
940	5879
5689	5700
6155	6169
2197	6207
1398	10152
1668	1669
1639	24137
57545	91147
6156	6235
51099	79948
5438	23524
10892	257397
6122	9045
9350	56963
9556	84833
8802	8803
1062	24137
11345	81631
6167	6232
51434	143279
1387	27327
23122	23279
9188	84172
6142	6224
2099	9687
1660	3609
3827	5020
6160	6176
89	7125
6146	6218
5684	5685
6135	6144
963	1536
6138	7311
11190	57545
3921	6128
2695	5741
10203	113091
1816	3973
974	1445
4295	5020
5868	51715
4839	10885
8886	56902
6556	23601
6152	6160
1933	6136
9276	10427
974	5336
6129	6175
3646	26986
375	10959
9585	51014
9040	10517
5903	9631
9716	23350
53831	441864
6136	6201
8945	10075
1314	26286
1063	9700
3695	5747
5547	326624
23350	79869
6155	9887
11340	23016
6181	25873
5928	51317
5861	51715
5898	5899
301	302
6175	6208
111	9283
5868	10096
10112	55872
259287	259292
3054	80335
1303	10536
6146	6202
811	5589
10250	22794
4514	4538
2811	2815
6208	6235
57154	89910
6146	6235
10274	151648
5438	6635
9341	54874
2197	10952
9739	25942
6156	6171
54474	286887
187	2359
2962	57794
4686	50628
1962	7311
4313	4325
1233	5473
2980	2984
6139	6159
393	11015
6206	6208
5290	6667
6154	6222
5861	51014
988	56852
2537	9636
890	55165
6632	51690
10403	55143
919	3123
26190	54165
338	2266
2036	4646
285093	391211
4726	7388
6156	6175
51552	116442
6135	6181
324	5699
1387	8648
25909	79172
905	6667
4538	4541
3200	5438
3183	6434
972	3109
4069	8635
351	2767
213	5340
109	2358
5879	94134
905	55677
1660	10713
54778	57542
29127	51143
4588	192134
28959	55365
1660	5094
10324	26224
27316	84991
53981	348995
6202	6232
9690	22954
4057	56729
4713	126328
3998	6745
8349	653604
1347	84833
915	3702
1902	2767
8329	8363
3359	9177
10153	51602
57153	79895
6129	6142
6210	9887
6205	9801
2962	4298
2740	5739
2197	6230
5528	55143
2207	79895
3183	220988
945	79895
11118	11119
80321	91147
4736	6209
5829	6709
6189	6223
1906	2863
7852	55970
23059	26146
816	4137
55131	57696
6205	6209
6135	6139
6135	6165
6189	6203
2735	79809
3912	4233
6601	6602
8337	333932
6135	6147
6154	6232
6227	10952
988	8243
6142	6235
6155	9349
663	1013
8843	50834
3837	22974
56929	79754
2178	2189
6222	6224
3886	286887
51382	222487
26239	353133
1981	6233
8329	121504
10640	23265
680	3358
4841	6421
5708	7316
9014	57504
5861	10484
6159	6175
2197	6222
10427	126003
6124	55629
6130	6202
6229	6230
5048	5515
4297	8085
81930	259266
10663	259292
6136	6142
4702	4710
2153	3827
6201	114987
905	25896
5111	5434
6142	6175
23304	56658
54552	55720
6152	25873
10014	57459
7919	65109
6158	6202
8698	63940
6161	6227
220134	348995
226	2539
3915	7402
3309	9601
4686	10302
3619	9700
1943	2046
4111	158511
6204	6208
6152	6233
720	721
2521	3190
5430	6878
4700	54539
6141	23521
7852	63940
8905	10053
3799	29127
699	6241
1387	9967
251	137797
6139	6222
5438	27258
6181	6235
3837	5903
1793	6461
9371	11014
116540	116541
3482	5868
3797	26146
1453	6193
10269	23463
5516	151246
5438	51755
6233	8976
3320	5829
1781	11014
29984	64333
9318	27252
6370	11251
6135	6203
7343	9013
2792	138883
1969	2048
9690	154881
1277	1289
26268	80204
6714	10413
5609	9181
10413	25937
3185	55749
6138	6161
695	6850
4069	6037
5529	10274
3673	3918
23014	142689
2064	7525
932	338339
6138	6165
2058	4141
9879	51690
945	5023
6181	6229
1956	3918
701	3619
10394	56729
6147	6167
2597	7167
868	200845
6405	23654
2932	3611
6201	6210
6461	10787
2243	5345
90025	158506
6173	6234
399	9138
2255	6469
10013	51317
8452	200734
9493	51014
6233	151636
684	4939
6155	6233
51503	84844
890	9833
6189	6224
1933	6205
9801	64965
9133	81624
11314	196527
6165	6189
5725	27316
8976	25977
1601	9341
23291	57154
990	9156
7038	7173
26091	65264
9416	10949
25909	57122
640	974
1956	10552
4724	4726
51118	80135
4175	6118
6202	9732
3619	5528
2243	51156
2044	4067
6152	140801
399	257106
1956	5336
79132	91543
25885	27340
1665	1994
4116	6222
22984	57696
28981	64792
5435	6634
3913	9459
3156	6307
990	5985
6233	55366
1116	4069
4067	5777
6141	6159
55755	146057
57082	151648
9126	79677
5584	55243
1084	160364
3303	10963
5347	259266
156	2863
3837	348995
6138	7178
4736	25873
7337	84085
10112	22974
3797	79989
3833	10615
5590	7311
9371	11127
4233	64759
5829	7430
9655	84085
4952	54874
988	11193
4297	23269
6147	6175
3107	6890
6036	8635
5004	5005
3066	9014
7153	55746
6218	6229
51023	116541
338	462
6139	6208
9055	9133
285093	390190
3091	7316
9055	10376
1946	2268
1830	3713
54998	219927
1062	9787
54677	83752
6210	25873
9493	11014
5339	6133
6135	6155
2912	4543
4707	54539
6146	6204
5516	81930
6599	6602
2242	5361
6699	6707
1915	7178
4736	6169
3304	3320
6130	6141
7343	9112
81	3688
8329	8347
4735	23322
3659	79097
9371	79989
6164	23049
6138	6193
8175	84811
133	55970
10282	10652
6207	25873
1933	6175
55720	79954
9341	10254
64219	65264
3684	3687
5426	5427
5271	5329
1116	10394
5604	8826
79954	84916
4718	5284
9742	55112
824	3688
6137	6139
2788	2863
3185	27316
637	4170
5217	55740
6137	6170
6130	6164
837	841
7316	83752
6144	6228
6155	6176
397	5880
6129	6170
6130	6193
51645	85313
140825	201456
351	1234
11338	23636
9742	57560
2207	2212
4853	27327
5878	23011
904	6667
1783	10121
6155	6235
3913	10298
1537	54539
161	6233
974	100423062
5688	11047
3799	11127
6122	6234
1857	5708
4543	4889
6233	90678
5430	9282
3309	10049
51429	115548
24137	259266
6165	6227
6202	11224
3689	79895
1778	79867
6142	6161
51203	55355
7311	23032
6233	7098
988	6599
3178	3183
6874	83860
27125	55840
6161	6193
22984	65083
8615	10959
6158	6208
6224	9349
8581	10232
6128	6164
1062	151246
4707	4710
2244	3827
345	4036
6136	6155
6232	81930
904	5451
1994	10250
4725	4726
2243	2244
22954	26190
6135	6231
51289	259287
4343	27327
695	5335
1314	10959
1269	53829
4694	4726
6790	10112
2788	5368
643834	643847
6167	6207
1650	6184
185	4922
6155	6157
6139	6144
1116	5199
3192	4670
3433	10561
8314	23512
1398	3685
3091	5594
6218	140801
2318	54751
1537	4726
4939	54739
2178	6118
4538	4712
1655	25804
6122	51386
147	5021
3882	8689
397	398
1557	1559
23291	54778
831	3688
891	5516
3371	84141
6375	6846
2932	5708
6138	6232
8568	57696
3678	5329
6160	6164
4696	4710
5861	11015
657	659
6164	6223
6125	6202
1665	3191
3240	5005
6132	6135
5202	10471
6139	6167
1983	6122
8243	23047
6870	51764
6491	259266
5432	6205
212	2623
6144	6181
537	10159
7514	22919
28981	79659
6698	6707
219858	344892
2197	6125
988	10403
5610	23118
999	1942
208	51230
991	9918
6139	6143
6155	6201
10693	26190
6139	6230
5983	56852
9700	10403
8570	10657
6169	6224
8697	9604
3184	3191
353137	353142
1500	6714
7311	151636
9495	10369
983	4288
6124	9349
6157	23049
6132	140801
338	3698
23011	51715
22919	54821
26043	54165
89910	90293
9436	9437
472	7468
7317	9820
7178	10399
6231	140801
6135	7311
3921	6194
4540	4726
6232	6249
3191	23350
4707	7381
3134	3660
57479	58506
6168	6218
9246	197131
1060	57082
2079	6428
1000	56975
6135	6136
11196	126003
1605	10298
25909	55746
5199	6709
4736	6128
3683	326624
1337	29796
5573	23209
8349	333932
3998	22872
2913	80835
8349	8969
6133	6154
6829	55726
2784	4985
4541	91942
1387	5437
1660	3192
988	10574
26190	51122
1462	3912
64981	116540
11128	25885
966	2207
521	4724
5518	6164
3640	53831
55832	90293
6218	6230
1902	55970
3267	5868
2848	285601
6210	6233
1933	6129
3107	5696
6169	9349
6167	6234
9700	9793
3903	84329
6143	6173
2916	3350
51465	140739
4736	6155
2792	2918
1292	3688
3918	4233
9978	140458
6210	6222
29127	55165
2790	27334
8351	8365
55876	94103
51373	64951
950	25977
1557	1576
641	2177
6227	140801
4717	4724
185	8484
6164	6165
248	6975
3221	3225
54908	151246
51132	54778
8301	10096
5111	10535
5566	7283
53339	57531
10075	84231
890	4999
8329	440689
6434	27316
1781	7531
1727	5707
3832	9700
3191	11338
7456	8976
6129	6194
6747	23471
26043	51122
945	222487
1453	8945
10539	57019
2792	10563
1460	23397
9767	11143
4726	4728
51692	55746
54509	445328
56929	123879
9475	9826
6222	6232
3553	11213
11017	22826
3767	6833
5652	6692
4926	5116
8875	55350
4536	4538
7704	142689
8925	54778
6157	6206
23279	23511
6175	6233
6133	6167
160	29924
55662	80351
3833	56992
6147	6230
1291	5352
26005	84902
10403	56992
811	5034
6870	56923
9918	259266
4738	59286
658	4093
6181	7311
932	222487
6124	6224
51382	160364
6141	6158
8491	10746
1278	81578
6157	6161
1728	3162
1310	169044
11130	79902
1303	55214
64963	116540
6210	22984
6201	6227
8449	79869
5885	286053
2771	3708
3190	4670
6155	6231
9833	55165
6147	9045
3912	5954
7326	26259
6709	8729
9636	23586
6222	6227
4508	4509
6124	6194
6426	23517
23095	64837
4736	6235
9787	10112
6137	6168
2059	5294
54820	57787
6207	51202
23112	80012
10153	55759
472	84464
54885	152503
1088	150372
351	55970
2197	6147
8655	60673
701	9133
2197	11224
1781	29127
6124	6128
3181	51692
10693	84617
146057	347240
1062	9276
6830	26043
7311	55366
7536	10772
51	55825
55143	151648
6171	6173
6147	6160
5970	57506
1936	6132
10112	64151
991	9055
6138	6227
4736	11224
1605	5879
2197	6233
6631	6635
10236	10291
6161	6234
55746	57122
2792	391195
10920	55884
2207	3689
7343	10919
1269	8698
6210	6228
6122	6228
5879	100423062
10316	729230
90293	285231
1287	5155
10921	23524
6168	6233
6201	6230
51429	54874
9787	81930
6133	6160
5695	5701
60488	64963
388	9938
3916	5878
7337	51320
1175	5878
5493	6707
51088	51122
6556	196527
5338	5579
846	259295
10466	57511
6049	92369
1452	6500
6194	6203
566	8635
2153	3481
5684	8312
4715	10476
5023	84329
2243	3698
1453	6224
2204	160364
778	783
3915	5829
1778	10577
6158	6159
6130	9045
1350	7388
7110	10466
6772	9021
2537	3437
904	5431
9349	9887
1665	23658
6142	51187
7409	23533
10841	200895
6135	6168
6135	6137
9887	23381
6168	6232
988	6602
10254	51652
996	4734
3181	3189
6160	6206
332	24137
8243	10274
915	286749
1234	1236
2873	8607
2079	6628
6175	6228
5196	56670
4125	8635
23265	50807
4172	10036
6222	6230
4986	338442
6637	51503
57531	80204
2633	5371
5707	6386
2790	2863
10491	10536
11275	51666
87	6385
6233	6498
2519	5476
388	23526
2242	3320
7316	54677
26046	197131
3688	7424
954	158067
6427	79902
3688	3693
1062	23279
6124	6222
9700	23332
5439	6631
1400	56896
6159	6160
9793	10403
6632	57819
6142	6206
6678	7057
8886	55127
58506	130074
4924	5589
8021	79023
2153	51156
55850	113220
3312	7037
6175	6189
6209	140801
109	59340
3491	51280
6143	6228
472	5884
5931	6839
351	5660
6827	51755
23309	51742
1144	1146
6201	11224
84154	84549
7031	7033
996	8453
6168	6209
6155	6167
4738	5688
274	51429
6168	6176
2847	4985
6164	6232
3187	55696
4940	10561
3688	375790
51264	118487
521	1350
1129	3355
79954	84154
3185	23283
6122	6202
3115	3122
598	6774
9716	10921
377	830
8243	10592
1793	100423062
1937	6189
10250	10291
1601	8027
1668	728358
8322	54874
5368	50865
2033	23013
6146	6227
9700	55143
1173	6455
6208	6233
10869	63891
3675	7045
9416	10236
3111	3118
3856	5493
25915	126328
6139	6232
6170	6189
8337	8970
338	2153
3685	3688
6241	64151
6233	9045
6227	9349
3675	3914
6430	6432
3619	9493
2107	2935
50835	50838
1103	6572
5781	259230
4852	283869
2692	2843
6708	11280
6222	53918
9462	64926
3055	9844
4736	6189
8334	8969
1742	8831
301	27334
8871	51429
2788	2864
64131	375790
6156	25873
5439	51639
9348	10082
26123	79600
9791	81490
5700	5706
1063	9793
5443	53831
6164	6217
6209	9887
57674	151636
50840	259295
23511	50628
8341	85236
3274	55970
10592	51203
6207	6227
4940	10612
1476	8993
6165	6170
2206	5335
6147	6229
22826	57819
6170	6223
2957	5433
26589	64963
3123	5641
2197	3921
5685	7979
1537	4728
6137	6222
916	50852
174	3827
6152	9349
5868	10618
5657	23197
23223	79039
4332	4353
2696	53831
55763	79058
1108	2033
6203	6235
6141	6234
11325	83443
1894	9493
1717	3157
9688	57122
1269	59340
2475	9675
6176	6227
1983	6232
4736	6176
6130	6208
5705	11047
2286	5479
26224	79176
6230	9349
3717	4352
2912	3355
3832	10121
51014	54732
7756	64149
9294	64805
7434	594857
6168	6228
8365	126961
3663	4281
4057	57554
6218	6233
22974	203068
10499	23389
4736	6143
10960	51128
6232	23521
2865	84432
64946	79682
4724	91942
6135	6204
10540	80184
6138	10399
6224	23049
10577	56729
991	151246
4700	4712
467	3725
89890	90025
5660	55970
393	11014
4736	6152
9493	64837
1398	9564
115290	154214
3903	79895
322	333
3071	7409
1962	6233
5335	7305
4889	6751
2799	5707
4582	10331
90480	116541
6144	6154
3882	121391
6142	6167
2268	4301
6129	6164
6156	6170
55339	80335
56670	59340
4172	4175
6160	6169
930	973
6374	27198
10112	10540
567	3106
2958	79035
161	5286
5709	5717
5701	11047
640	7525
701	8243
988	3326
383	8993
6147	6235
8683	55696
1069	4867
5473	10321
2268	9564
2359	94235
8337	653604
472	5429
80321	121441
51289	259293
11222	57129
1432	5062
6518	10857
514	27089
6205	6233
8568	51096
50831	339403
1281	1634
5093	10236
10324	201456
1084	338339
988	5983
1937	6228
2207	3937
10652	51014
4208	5533
6233	154214
1956	8976
3075	3078
8341	8969
2804	9276
6124	6129
1536	3683
22917	57829
3856	144501
6138	6154
7311	9045
6204	6230
2048	5921
7706	51426
3914	4233
967	25798
6194	6202
6125	6169
4512	4514
6235	6727
6154	6201
55703	55720
26190	55236
1659	9343
11154	55745
1933	6227
54998	118487
8698	55970
6181	6208
9793	10733
5431	9879
9675	57521
3486	3491
8881	29945
6173	6194
3157	4597
2535	2790
6157	6201
10199	55131
3017	440689
197	350
8655	51098
1781	6249
6154	6204
4599	23586
51676	140739
6147	11224
3106	6041
84085	154881
1660	6625
1915	6207
6165	7311
332	1063
116372	257194
983	10733
1994	4670
55143	57405
6161	7311
3183	6428
6154	6160
2848	196883
2197	6173
908	9628
10969	29997
991	54908
6233	25831
4697	4726
1387	3064
4172	81620
8243	23244
1601	8976
2911	594857
1536	338339
6235	25873
4904	10946
6129	6143
8341	8970
3181	3185
5747	7204
3852	3860
1933	4736
23295	84231
11004	23332
1345	4695
6208	6727
1111	4361
6249	10540
9349	11224
6776	6777
972	3111
351	5443
2846	2922
1555	54600
23223	79711
891	81930
5954	51280
5788	7852
8638	91543
10640	55770
10274	81930
5861	10342
2965	6749
6152	6206
8841	79685
1911	23028
6169	6208
6152	6207
6208	6234
2262	6469
3192	51729
55236	197131
6161	6205
10592	54892
8573	57669
197	335
930	118788
1062	54821
2935	6229
643	1268
6202	6207
27334	55970
5048	79003
6144	6193
5204	6637
8945	65264
6168	6210
57405	348995
3106	3133
10945	10959
468	57761
10155	90233
23020	27316
6161	6188
2023	7167
6164	6170
988	5903
1329	1351
55781	84135
5330	55970
6231	25873
1894	54443
1387	6667
10749	11014
9551	29796
51109	54884
3240	5199
963	8514
886	2922
6135	6146
1445	9564
3937	7409
9349	23049
6154	9349
7478	7479
3356	6915
28981	150737
891	151246
6229	27340
3062	6869
302	56729
6130	6204
28998	51264
3689	3903
2359	5473
9793	23047
1398	6714
5021	5332
6418	10592
9793	55746
3192	10236
813	3912
6142	6170
64318	79954
54474	121391
8590	285093
3191	79869
2519	11098
6122	6128
4927	50628
1277	4060
3486	84141
2867	23620
1758	8404
1394	3973
65993	124995
23142	26190
3105	6737
2798	56923
1058	5528
3185	3190
6122	6144
1937	6175
87	7044
10312	90423
1236	2841
966	79895
2642	2925
6430	57794
6144	6165
3619	10735
29093	92259
26272	55236
1462	8542
6138	6218
7919	8106
6209	6229
2358	160364
5558	10926
6142	6222
6201	6228
5880	84144
4233	8976
3579	5515
6142	6218
4067	6776
2932	6790
6165	23049
6193	6233
6136	6224
335	336
4738	6923
5566	57787
1058	11339
4205	6938
3118	3135
54960	129401
4887	346562
3799	24137
8452	57154
3796	5516
6790	9493
1830	6699
675	10111
6453	51429
867	6654
57082	348995
6428	220988
6132	6224
127247	131405
7381	29796
2033	81857
6142	6227
6133	6152
5708	84962
4512	4540
6233	54363
3355	5733
6633	84844
3313	5903
6218	23049
6128	6227
3163	3725
2826	84539
3659	54739
6161	6167
3543	7441
50838	56923
6208	6224
5426	9126
5698	6890
6156	6206
383	671
56945	57129
10919	53615
88	4620
3482	22848
286	6708
8365	440689
2557	29979
80740	171169
6155	6159
6427	6434
6169	6222
8085	9757
57542	144699
1956	284119
2888	5584
6233	7189
1063	4288
6128	6222
5335	7852
27229	55755
391	394
4734	22954
10693	55970
25942	57690
2788	5331
2837	5331
10489	51343
2971	51082
11251	56670
6233	23291
9585	81930
9276	9371
1665	23350
9021	140462
10489	25831
10857	196527
3192	23020
6170	6234
4670	23020
846	2798
6142	6164
2621	10272
1781	11190
10236	27316
10466	84516
7153	7298
3915	5621
6737	79754
22984	64318
1445	2213
570	1962
1933	6193
6170	7311
4697	4708
10112	55635
6160	6167
389	90627
3855	3880
6143	6206
5887	7415
383	56729
9752	56141
6143	6233
1981	6202
29127	54443
1524	126006
6167	6222
6147	6164
335	5948
680	4829
2521	5725
1933	6141
9685	10618
6142	11224
11325	55749
2274	284119
6201	6204
6135	140801
5529	5903
6193	6228
9024	51719
4353	56729
2359	11251
29078	126328
6157	6204
4735	91147
890	5347
3921	11224
1233	94235
6231	6233
1669	1991
2524	2525
6152	6189
6233	126961
388	64333
6165	11224
6130	6159
991	4734
3071	9564
3301	3304
10714	23649
23275	23509
7919	27316
6168	6202
4677	8565
6125	6194
1933	6222
2197	6138
3191	23435
6218	6231
28998	65003
3017	8351
174	2266
2633	3437
51575	79954
6426	100526737
4725	9167
2938	2939
86	1642
2491	57551
3066	23028
6625	10523
51088	144699
6231	114987
5347	54820
4584	192134
6203	7311
7175	10250
746	1603
23291	26190
9493	81930
9330	53981
26232	93611
6170	6230
2791	115557
9833	24137
8688	54474
9655	50813
6204	6207
10324	56929
4736	6164
9025	9656
5870	57403
6160	6208
10466	11014
5885	9700
11187	64065
25978	51652
1500	5795
6133	6232
6228	9887
8717	9530
5347	22974
9371	23095
1291	55214
6233	9101
514	4695
3181	5430
3915	54972
6173	6206
9354	84085
23279	51362
4809	84844
90550	91689
1857	5528
6204	23049
3074	10577
10376	203068
5880	80728
383	3240
4713	4717
9631	23279
11014	22818
3836	22974
7322	9867
5928	57459
6159	6210
1908	23620
6124	6156
6157	6224
6176	23049
6129	6138
22954	57630
23560	84172
1601	8322
5741	122876
6142	6223
6128	6208
9738	10733
26476	344892
6164	6201
7328	23608
23291	57630
9410	57819
2914	4988
2783	6752
5880	7454
2782	26086
4736	6171
5869	25977
23160	56902
695	974
4599	51191
5903	7175
1285	1286
9972	23279
6157	6202
6288	6863
7486	11073
4519	4538
6154	6223
5071	23352
5433	51362
6218	6222
6230	6233
9867	54778
5432	79577
6232	7458
890	9824
9133	57082
10403	113130
23332	121441
973	974
811	7184
6193	6205
6194	27340
991	29127
79172	348995
336	338
3105	3133
5077	6663
1314	9632
5879	10458
5714	6790
9410	84950
7450	54756
50835	259293
6430	7919
9114	127124
6223	140801
51434	201456
29127	81930
1879	5079
7525	10413
6144	6157
3184	9343
155	6344
6146	6176
3609	5725
4116	84844
51382	79895
23095	24137
3827	5345
5286	286451
813	10618
6165	25873
4116	6233
6160	6234
6203	6229
27258	83443
4736	6130
9968	23186
10403	23310
6132	6222
6209	6218
2197	6156
1991	4125
9700	10615
351	8698
8514	79895
3181	6628
4713	4715
1453	126003
9533	112495
3376	51520
6204	6233
9787	10592
3001	5551
6146	6229
6139	6173
28973	64928
6129	6206
9919	149111
5347	9918
2197	140801
6136	6222
2197	6167
9212	57405
6218	6232
1431	2747
399	7204
5699	8945
3312	8871
6194	23521
3912	3915
5690	8742
9126	23122
5394	5822
23332	57787
1278	1290
6136	23049
4670	5094
727	50838
6147	6207
10321	57554
1991	5199
57674	64718
79600	91147
6170	11224
2817	375790
6915	94235
6205	9045
5747	7409
4538	4539
6167	6230
942	7525
9648	79571
51650	64951
1290	10536
3921	6135
10022	259287
7027	7298
3921	6181
5707	51330
10491	85301
6201	25873
6161	23521
5711	7311
890	5933
1660	51593
2521	10236
5708	64750
5290	9208
5286	6272
3017	8337
6129	6204
991	1062
5829	55742
4173	5422
5557	23595
6159	6168
6142	25873
800	5829
2491	5529
4331	5436
6128	6181
146	148
3797	28981
920	8976
1870	5928
2956	9126
1435	6696
6124	6147
5437	7874
23197	26043
890	29127
399	117289
6125	6206
5705	5706
2305	4288
1133	8477
6165	6209
126638	353135
8767	11124
6154	6158
6147	6232
6632	51503
1453	6232
3491	7184
6181	23521
3691	3918
53354	60490
10898	23165
1981	6154
1915	6175
1832	3728
3106	3659
1116	5005
3912	3918
55252	221937
8394	23533
4116	6176
5339	6157
3071	9844
7283	10540
3214	3217
6128	6146
6173	6189
187	1233
6222	6235
2186	9739
6139	6154
9320	26046
6461	6714
1291	10491
6204	6222
6628	220988
5048	5516
974	29760
1669	3240
4710	4718
701	57082
4343	6233
3882	8687
133	2790
1062	83540
2635	3659
2801	6709
197	2153
727	259287
6146	6201
1456	7534
7320	9604
2740	59350
10652	11014
6142	6205
3320	7415
57599	201254
1453	6189
112	1269
4893	27006
6130	6207
10527	55705
6181	6232
51143	57405
5347	51512
3937	55740
10112	29127
5093	51692
10075	54620
87	7791
5861	10749
6160	6209
1453	6207
2491	22919
6631	51645
10621	11128
6157	9045
3437	10561
3796	57082
3008	3009
4707	4713
6233	57154
6132	54512
1337	4697
143502	285093
6136	6204
2305	5347
8689	9119
10959	55605
6189	6230
10890	57403
1544	169355
79867	91147
3185	23020
999	3918
9585	10112
5928	8085
11127	51014
671	1991
3921	6203
2242	10371
4695	27089
983	219771
1347	9551
9666	65264
79090	149111
3675	375790
6142	6157
197	2266
1340	1351
23325	387680
6129	6218
2099	6198
65055	128366
6161	6223
5023	10857
3915	375790
10713	53981
983	6502
5704	5718
2788	5294
695	8976
2197	6227
10540	29127
1387	23097
2634	10475
3213	8338
7337	26046
6142	6144
672	84464
1910	2147
1439	5568
1906	1956
3107	10475
5708	6790
3270	147111
3422	4597
6139	7311
6185	58477
56923	259295
6130	25873
1062	7272
6601	8289
3355	4852
6135	6173
8349	126961
5747	10298
988	9879
1603	58505
26524	84962
4666	6136
6136	6167
23431	27131
6144	11340
2059	10458
6147	6157
1788	57332
2918	4985
5422	79892
6128	6202
945	2548
2185	7525
1022	4005
7043	10916
2792	26339
23291	151636
2147	2153
3619	8243
2550	51083
5199	56729
2767	9002
1154	23014
3304	9531
116	4914
983	129401
5516	51400
2185	375790
58505	200185
10193	26118
6160	6188
1956	5829
1307	169044
3105	7706
10262	27238
152	3350
1910	84432
9886	84144
6234	27340
7536	220988
6144	6235
1292	10491
4116	6636
10890	10971
6137	9349
5562	5571
10236	10946
6453	8976
1871	192669
10552	22905
9892	10109
6631	6636
890	11339
5347	6232
1942	2268
4538	4540
6147	6218
3619	23332
5001	10926
3932	29760
10133	81631
109	53829
6161	11224
6167	6208
7538	9261
6181	11224
6194	9349
4718	4724
5339	6234
351	7466
3181	22827
857	4088
84131	203068
6136	6156
4738	9616
9716	10250
6385	375790
3192	6434
3687	8514
6169	6204
6672	8086
6173	23049
1457	1857
585	123016
23332	25936
6635	6636
5199	126014
147	2150
185	186
6234	6235
566	6037
1659	9716
151246	348995
2091	6217
6129	6159
5903	25909
6165	6206
3221	3222
6135	6170
695	3635
3921	6228
1347	4713
3093	9320
1434	7514
4602	5432
4696	4718
23014	79791
9793	23279
4867	57545
4697	4717
8729	9276
4540	4701
10285	23283
5604	7529
5611	10525
5868	57403
3190	27316
6461	10458
6202	6233
336	2153
6128	6154
797	7252
2550	3579
274	8853
5529	6249
3240	10394
1351	9377
3799	10540
1555	1559
6168	6181
489	4853
570	54363
861	6604
3832	10733
1455	89780
4646	23607
8243	55746
6147	6173
1291	10536
5516	5529
156	301
6157	6209
389	57522
6773	10379
6167	6169
3437	23586
9655	9903
5435	23524
890	10733
335	51156
999	4072
3184	51692
6204	6235
4670	27316
6194	9045
1969	7525
3491	5954
7412	388646
9221	84172
336	51156
4709	10975
3309	29927
6176	6181
5516	5523
6602	9031
6737	146330
7536	10250
6167	6176
9793	81930
671	3240
2847	2911
6235	9887
55124	221400
5981	57599
6233	80351
6168	6206
10552	10787
1439	3635
5422	9126
6141	6202
4700	55967
6175	140801
699	83540
988	7112
1783	5529
6129	6154
1908	2865
6154	6161
10197	64682
6138	6144
1824	1832
55720	56902
6141	6205
6143	9045
4708	29796
6156	6201
4540	54539
6135	6223
22948	84790
9833	10112
6157	6165
7311	83987
332	79172
3689	8514
521	10632
10102	28998
10201	87178
2814	51206
1937	6207
6139	6209
3422	4047
776	51764
5331	222545
830	5048
5747	8976
377	10749
3685	326624
5903	23332
80224	374291
9045	11224
6130	6222
8322	22905
344	6382
6141	6161
22984	79039
8477	55970
2790	7852
6139	6175
6455	8673
6045	192669
6122	6161
3437	4938
4513	4537
8689	121391
3921	6142
1453	6205
2107	5515
344892	390064
4867	8655
2965	8731
6161	6224
7337	51132
4626	8735
23160	27042
6142	6210
6136	6181
1173	5962
6173	6207
4641	11127
4436	254394
2131	6385
1230	83756
5528	10726
4641	9371
3710	10235
79470	344892
2197	6160
10155	284309
3351	4887
3799	9493
2956	5422
6170	6175
11339	79682
3156	3157
6209	6223
3912	6714
3017	8365
6137	6228
1237	8811
4734	64750
6135	6152
6170	6201
5293	23533
1072	5216
2197	6209
6155	9045
6152	6167
4976	9927
6160	9732
9277	65083
6430	10949
6155	6230
6164	6204
117177	123016
9867	26224
6637	11157
6135	6235
996	5699
1577	54576
6205	6222
4540	126328
3685	3903
5469	80205
2916	84539
1650	3920
80155	80218
27340	57647
7314	10920
6234	23521
1500	7525
9666	115290
4173	23397
6228	6234
3683	3685
4535	4539
6135	6218
720	3426
6133	6235
9320	10193
6222	6231
4540	4541
57111	401409
378	51014
6045	23028
1656	27161
6133	6138
858	1956
56902	84128
23076	57696
2150	5021
521	9556
6168	6193
4131	5048
1832	5493
302	6281
6128	6188
6468	51666
671	4353
8189	10921
6432	10946
51206	80739
130	10720
4724	10476
6434	27339
6201	6218
8581	154064
10970	79895
2963	11193
6233	55669
11338	27316
6156	6173
6801	7871
4540	374291
4736	7311
6207	6232
5094	5725
6772	6774
10949	23658
2862	84539
6924	22916
6233	89910
990	5422
462	2155
4176	5111
6230	7311
7458	8662
4988	8484
6122	6159
701	221150
2916	346562
5594	22906
163	7311
2197	55127
915	7535
4599	4939
3998	10959
89910	154881
3685	9475
112	8698
3222	3223
891	1022
197	3698
1793	5747
3718	6777
6146	140801
4322	7373
6218	6228
6133	6141
632	4094
988	3837
6632	6635
7082	55243
991	9491
4519	4541
54625	151636
9967	84498
7311	9020
8945	26268
23149	51429
6337	7311
6165	6223
9787	64151
6130	6147
6144	23521
6181	6230
5867	5874
54973	79664
3192	10523
6173	6223
6228	6232
1856	5869
23160	23560
1660	2130
3107	3659
6727	140801
226	6678
7311	10252
1511	6036
6137	6218
6154	6159
3190	10594
1499	10971
6426	6428
54617	93973
10540	11190
4713	4724
5431	5433
6152	6161
1490	25937
3683	6518
1778	2491
6432	6636
915	3559
1639	22930
6154	6193
6152	6157
6439	653509
7004	8463
50831	51289
51728	79622
6157	6234
7057	83706
6667	27327
6176	6201
51429	152503
6628	6636
5430	5985
6128	6168
3667	5580
5701	7979
5529	57551
3054	25942
4736	51187
2255	143282
4738	7979
472	64421
8450	10401
9382	10905
1813	5443
64682	84085
4353	5657
51154	55131
617	10469
351	3491
6631	51503
9967	10432
6143	25873
1902	63940
9112	10919
9820	23304
2784	594857
4125	5657
51203	55143
8467	64426
2841	8698
3181	3190
3561	5296
3490	6696
4352	5335
6595	6604
6128	6155
3111	3127
4641	10552
3192	6625
5597	5718
51068	117246
3937	5335
3866	3875
160	6233
4509	4536
4922	84634
915	3118
6122	29997
5518	6228
701	23047
4049	115650
1639	22919
1559	2327
6142	6229
988	55770
4734	7316
6924	79577
50831	50832
6595	55352
6175	6230
988	7919
6160	6205
6150	116541
6122	6136
983	7514
8243	9700
51690	54464
3178	6421
932	3903
6167	6170
2770	5747
1081	3623
4513	4514
2692	2838
4539	374291
5879	6249
22920	84643
6142	6232
8805	27044
9883	23165
6124	6169
3921	9045
5928	7343
6181	6234
5439	80349
3030	3032
4116	6227
6167	6203
567	3659
108	6750
6625	23524
904	905
5528	5702
9700	23279
6201	6229
6157	9349
1063	57551
2197	6152
3055	9564
391	9743
4539	4541
3039	3048
988	55215
988	51692
8548	64746
5880	6453
29074	219927
51388	84916
6240	10592
6165	9887
1994	9879
3683	10970
5699	23198
7936	404672
5688	7314
23014	65264
719	8895
6137	6201
6047	51666
6128	6147
6133	6223
636	5048
9320	11275
23218	196527
338	5948
5048	151246
2912	6751
399	5879
1994	11338
2935	6203
1232	50834
3837	7514
6175	25873
5529	81930
84154	84365
5796	6233
5294	7409
2962	8175
6173	6232
51172	84572
3683	57153
1366	4072
2810	3655
6133	6159
4174	5424
10427	10484
3192	79869
2914	3350
6203	6208
6748	90701
28998	64960
3675	7057
3320	10787
6165	6228
811	3309
27241	166379
3222	3225
5518	6232
5878	10552
5179	9210
6128	6229
389	1894
3376	4677
5336	118788
3685	3695
6428	7919
6169	6173
5713	5715
335	2153
7409	653361
3054	9739
3559	8651
3434	9636
55970	63940
6135	23049
10484	51014
6144	6208
2792	7434
983	2491
8886	84172
25836	29072
6468	146330
83540	259266
6207	6229
6168	6175
378	5861
9493	10112
23279	57551
1511	6037
3903	22918
5328	5329
6164	9349
58	5879
117	594857
3915	51280
2521	6626
988	9533
6206	6224
4540	25915
3685	6850
10022	50838
6136	6228
3491	3913
1639	8729
6602	6605
6208	6227
383	1669
64105	151246
11167	84141
6605	29117
6125	6161
1208	5406
4736	6154
4254	7409
3797	10749
4736	10399
3849	140807
4709	126328
6125	6135
9700	23122
2197	55176
9188	23560
6143	6160
983	5519
1232	8843
6157	6232
9493	22974
50615	59067
3949	5868
3579	57413
10250	27316
9126	55746
3192	11338
389	9322
1121	51715
23014	55884
6233	27340
2197	6223
4708	51650
11222	56945
6737	92369
6233	51592
6189	6218
2107	6234
3688	23209
2207	3903
3017	8334
4509	4537
134	5660
23244	23279
3619	55143
3735	7965
2185	3685
891	8697
10965	641371
4952	9562
813	6790
2833	83756
1665	11338
57153	199675
1943	1949
23304	90025
3106	6737
6169	6188
5701	7316
6125	6189
3627	6347
5701	5715
3107	3133
996	65264
2524	10331
4514	4537
1233	6370
29894	51593
8349	440689
353139	353145
4172	9700
6461	9564
6147	6203
972	5641
6167	6229
57405	151648
1991	8635
6141	6168
163	8976
6188	6227
8260	79903
6154	23521
4536	4537
6122	6139
2957	6619
9871	10802
6164	6188
51399	51693
3184	9987
6170	6207
5880	257106
274	11252
7337	197131
6233	10110
51023	122704
6165	6230
7337	283807
6167	6202
659	23118
5872	53917
186	3350
2209	3055
1778	6249
695	3055
23322	79600
3688	4233
3619	54821
55142	146057
886	2846
47	2799
23601	57153
1398	1793
3434	10561
5695	7314
1981	25873
377	9493
3191	4670
9837	11169
6133	6168
9700	10051
174	3698
1062	9793
4116	6218
23601	79895
6518	10970
9655	55832
1956	2274
10523	27316
5436	6631
6155	6194
6869	347148
4736	6156
6129	6169
1991	3240
5707	23526
3913	5829
2914	80835
5094	23020
8453	115290
6207	6223
6165	6181
54577	54658
22984	84172
6233	653604
3313	9093
8334	8341
1129	4543
9320	26190
4116	6173
552	6866
6136	6235
2672	6688
6167	140801
4540	51079
11218	23511
6194	6201
6189	27340
8886	79954
79583	80184
6147	6193
6144	6201
9493	55165
4735	151011
9790	55127
9276	10652
60560	80155
11224	23049
6167	6189
399	10144
6237	7525
10412	79039
6137	6202
1017	63967
3725	4088
26190	56929
6147	25873
6124	6203
9055	9928
6625	10236
2968	9656
6161	6209
3875	3880
5048	11190
891	2801
1956	3688
23014	64410
4710	29796
7327	26046
1604	54732
1655	11325
640	5079
4116	29107
1933	6154
121504	653604
5266	5493
6125	6201
186	84539
6128	6204
2150	2863
6137	6206
1058	9212
2197	7311
2768	2790
988	51645
6218	6227
6130	6232
6128	6230
6206	6232
6169	11224
6135	6164
80070	171019
9020	10000
1315	4905
10403	51203
1950	6678
1956	3084
9212	79003
389	29127
2956	6117
6194	53918
3320	6461
25839	84342
6130	6203
6124	6135
5311	9727
4700	4724
51676	64750
6232	25873
23291	26091
10236	51729
4172	4176
7311	8290
5725	220988
1499	4233
8334	8970
4689	653361
6144	9045
55601	91543
3178	8175
813	1462
1043	2350
6139	6223
6950	84617
2222	4047
3009	3024
1314	9527
7101	57167
4620	4626
3434	5610
6132	23049
5869	26130
3187	23517
6142	6207
121504	333932
1291	3685
1299	50509
6181	6206
10615	56992
8175	56949
1660	11338
9564	9844
6657	57167
10084	27238
6142	6168
6427	220988
4694	4701
6229	6235
4713	9551
6122	6175
5880	9138
26263	55884
11091	54881
23332	57551
84085	89910
6146	6169
8337	85236
143279	154214
1915	6222
5518	6235
988	5725
1902	2185
4695	4700
5094	10236
57154	57674
4240	51280
783	2784
1477	24148
4537	4538
6228	55127
4839	25885
7476	7483
23014	56995
16	2617
6129	6156
8826	55109
1605	3912
3915	10970
372	9183
10489	55832
5707	7415
22888	51343
1660	4670
55832	80067
285	7010
4171	4678
1942	9564
81794	339366
4736	6147
6142	6202
9343	27316
4116	6432
329	5707
54998	64976
671	1669
6158	6161
8317	23649
3074	6386
932	966
29127	51014
2204	2207
6224	27340
10592	157570
547	3798
6790	11065
10857	326624
3015	8290
6189	6205
2525	10331
6169	6209
1287	3685
8349	79101
3837	9972
4584	4586
6387	6754
6154	11224
259290	259292
64114	196527
4700	4713
54881	65083
23412	51725
9793	22974
6175	6207
3320	10598
6135	6142
51079	126328
5048	5529
9306	9655
472	4361
25942	57649
1452	5515
3107	6672
3326	7415
3192	7536
831	5747
6122	6222
3046	3048
6047	9604
7042	10490
6152	6201
2642	84634
9892	10092
1915	6122
6144	6173
1398	9844
10733	79959
57545	80184
3361	3627
4736	6129
4236	10291
56949	57794
6142	9045
9820	26268
9276	22820
2073	4331
6206	6228
4116	6125
695	7454
983	9631
23160	25885
4712	51079
26190	83737
26224	283807
8082	8910
112	57413
6223	25873
6520	8140
1499	5795
2935	6157
23295	90678
9690	221687
351	29933
4233	6233
1991	6709
6125	6144
3911	3918
6194	6223
5516	5520
6167	6168
9282	9968
6173	6175
3984	54434
6385	7057
1290	4060
8027	8301
151636	197131
6202	23521
3664	23650
2962	80004
10714	80010
637	8626
57539	79659
6189	6207
1088	6556
3350	4988
1933	6160
3351	346562
3886	8688
2975	11128
2792	2847
2962	56949
5438	5440
1994	10492
10489	197131
6133	6170
6169	6228
6217	27340
6169	6194
2805	3242
5880	9844
6201	6235
3190	9128
2792	4985
3320	84962
1084	1088
57191	400720
9875	22984
6143	6232
3105	10475
5695	5700
1161	5887
6285	6288
2843	151306
2788	27334
2922	4923
1670	1671
6206	6235
8655	27077
6047	54778
1783	3799
79895	199675
5361	8829
7018	9829
3854	9119
2242	6237
4734	9320
999	8907
1946	1969
22826	85313
6790	22919
6133	6194
10193	54778
378	10959
9730	63891
6138	6224
3190	220988
6135	6194
27043	57647
6133	6210
6141	6223
6556	100049587
1956	2059
5430	6601
51592	64682
6143	6147
5879	10552
10236	10949
6468	10324
4988	165140
3921	6138
6249	54908
5660	84061
6755	339403
3134	6890
6175	6222
56165	136991
861	6595
7311	8450
3832	4288
29933	55970
6130	6223
9886	221472
5879	375790
5903	23511
5873	25797
689	4666
2623	3674
23107	128308
23322	80184
9055	29127
9700	79172
1780	2908
6161	6235
6632	10907
3184	10181
1665	10885
389	117289
6319	6720
990	9700
7337	26224
10523	11338
3897	57698
5286	29988
1994	9782
5985	8914
1394	4160
3619	3832
4707	4714
4734	26091
6793	10857
4254	5777
10885	55720
3854	3861
5879	5898
6155	6203
6635	23524
1739	5290
991	5708
6144	6167
25885	55127
4689	7409
8329	333932
6228	140801
1277	3685
3560	8651
4700	4709
7317	89890
6189	6206
6233	158506
8945	80204
695	7525
4726	7381
3191	23283
10092	10109
26190	55832
10342	81562
6208	11224
1398	2185
3685	8514
830	51014
9820	57531
226	5315
160	22872
6235	140801
9927	10059
6868	7311
2788	2790
6154	6234
2873	8945
5706	51053
6139	6193
6165	6203
988	27316
6181	6194
6205	6208
2695	10266
2641	113091
6169	6232
10324	283807
6206	7178
671	56729
22974	83461
2767	5296
6136	6168
999	3728
4033	10970
64761	83666
841	8738
1783	5861
6168	6189
6175	6235
3685	5747
1043	7512
120776	344892
134	6376
6138	6202
5170	6197
920	5286
1981	6189
23279	23332
388	55160
2917	27199
7514	9793
1981	6135
3579	8766
247	3479
3185	3191
7311	9856
6147	9349
9076	24146
890	51203
3850	196374
8615	100302736
6161	6194
5981	56655
11015	51014
4736	6188
6133	25873
6701	6704
51649	64928
1315	84516
6850	64170
302	10577
6161	6230
7311	10110
6429	6434
6754	50837
186	80835
4159	53831
6128	9045
8886	9221
6135	25873
6171	6231
3685	3915
374	2069
1781	10466
7184	10970
841	7706
26290	140453
5928	57690
115290	143279
10802	100302736
9416	55660
6923	23198
837	79792
3190	3192
7415	56729
332	10615
1983	6223
8638	10964
1398	5829
1981	6235
4512	4539
6181	6223
6181	6233
302	383
7316	11001
2801	9276
6164	6194
51264	51649
6130	11224
6188	6232
226	2597
9978	81559
10254	10552
6136	6170
11073	63967
6154	6165
10574	22803
1536	51382
1738	4719
2244	2266
126638	147409
3881	54474
11338	84271
6122	6189
26146	150737
27292	84135
6429	10946
332	9700
8775	388552
3832	5422
5725	9879
9585	29127
142	5981
5711	8697
7311	55669
2243	3026
54069	79172
2177	2178
4514	4519
1595	3157
1605	3913
6136	6233
3127	4261
5685	5706
26168	27043
3111	3115
2266	3827
5528	8243
51666	140825
8976	9341
3091	5707
3055	5747
1738	4191
81	7057
6233	6235
3886	54474
5725	10291
3956	7076
3213	3215
2044	2045
6170	6188
3190	11052
846	51289
6167	6227
6707	126638
5928	25942
6714	7402
624	6755
65264	90293
10189	29107
6209	6231
3183	4670
6194	6204
274	23149
6164	6181
6208	6228
3797	10112
6091	7852
6232	54820
5869	23011
891	2491
28998	219927
4734	83737
689	6160
6233	55670
3909	6385
5347	10112
10367	90550
4088	7048
6233	10818
3320	85378
6152	6204
6132	6169
1233	11251
1080	4036
6142	8666
6136	6160
3017	8329
9738	55755
10274	10403
4734	9604
9322	22905
398	5880
6877	51593
7272	9787
5054	5328
9833	10403
6157	6228
22954	55236
1933	6203
4088	64750
6233	11059
6233	7178
381	8655
2064	5599
10919	29945
5599	6272
6143	6223
2033	5929
11004	51512
10236	10432
623	2861
2967	9015
5530	6647
1129	2912
6205	25873
23047	57082
1500	1969
6189	6233
84105	347732
6206	140801
7514	25909
8871	9341
6135	6202
6133	6169
9133	51203
3921	6223
2358	53829
332	5528
1234	4544
6228	11224
2122	8535
1435	4924
55143	113130
3713	6699
6194	25873
2863	3269
83551	319100
6136	6164
4353	6036
1969	3055
55737	58533
6170	10952
11169	23649
2920	3576
6136	9349
996	23327
1969	5747
5700	5705
6142	6173
1029	1030
6143	6159
8334	79019
9320	51132
23279	25909
1453	6204
50506	405753
6144	6203
595	896
389	114793
5861	55605
6132	6218
9112	26038
1435	3371
3309	9531
8351	653604
6727	7311
2960	4763
5433	129685
2200	401138
6147	6234
9969	23389
8365	8969
23327	29082
160364	199675
2222	4597
10426	440145
39	3157
2197	6204
9320	151636
6194	6234
4717	29796
1660	51692
5439	10980
6135	6159
8365	333932
6137	6160
10071	50614
2222	6721
2517	2990
79583	79867
4064	9450
6169	6207
9631	9972
55320	401541
9879	51362
1453	6218
8106	51593
988	58517
3434	3437
3437	10379
1650	29927
988	4173
6159	6208
6128	6173
6142	6208
3007	3024
4171	55388
5529	7525
4886	4889
9793	11004
1236	1901
8648	23097
1915	6142
7874	56655
6138	6233
7919	10949
9219	10919
336	5948
4620	8735
6181	6204
4041	6422
3912	10272
3921	6201
2033	9757
1933	6210
5695	51371
55759	84128
57551	79172
2956	23028
54778	197131
1783	11015
1981	6232
6154	6170
2790	2837
6154	6227
6181	6218
55749	79869
1062	11004
2719	6469
1121	22930
1063	81930
5869	57403
6185	29927
8683	10569
3433	3434
6142	6233
846	259292
3017	8969
5179	6751
1933	7178
10403	151648
9282	84498
6155	6164
25879	84294
6950	10376
9918	54892
4221	11168
5516	5707
6136	140801
1499	283149
1915	6130
996	57542
1660	55749
3002	5551
10540	22930
2237	23649
4283	6364
3191	10523
2782	2784
6159	9349
9277	51118
4116	5436
26716	344892
2131	375790
2735	6608
607	8945
6128	9349
6218	9349
1793	7525
6223	6228
1398	6461
5976	56006
6222	23049
3479	7044
9055	10592
2060	50618
183	846
57787	146057
8729	10945
6428	6432
23521	25873
22856	55454
64976	116540
2359	56670
1536	3685
9055	22974
4736	9045
6130	6206
10890	55667
11100	11338
5170	7249
3897	284217
55127	79954
988	9475
11202	25818
988	5591
4694	4707
8807	8809
6233	26523
91543	129607
6187	10557
6142	6169
1173	5878
6173	6228
5196	5473
6135	6229
5082	10693
9411	29984
5108	22832
5869	51715
996	9491
779	27091
5685	5700
846	50835
9879	10949
7272	9833
5434	54845
7466	51280
51166	125061
824	7525
991	9133
680	846
9277	80135
6133	11224
1062	10112
4357	54205
6133	6233
2131	2817
9793	151648
8085	55904
1013	1016
2792	5741
3181	51593
351	83706
54998	64979
6147	6155
57630	83737
1063	23279
1453	6222
27	1398
8192	9361
988	55631
7311	115290
6146	6165
5777	7852
3111	3113
6165	6188
57530	100506658
8334	8347
6233	27327
23354	132320
1453	6227
857	64750
133	79924
4535	4538
6047	9867
567	6890
22845	57171
799	1812
22938	220988
8886	84916
9787	55635
6122	6135
6169	6235
891	55872
857	1956
7852	9564
10425	79876
1781	51014
6233	55666
4591	11059
1062	10592
8687	8689
302	5707
5685	5701
6188	6203
4853	23509
1829	2125
50506	90527
6137	6158
3903	64386
6156	8667
6128	6152
3853	3868
5037	10256
1870	4208
6125	9349
6154	6218
6168	6222
10427	11196
10425	84541
1894	5879
6181	6201
9984	10482
55066	57546
1476	10394
5879	10788
6129	6167
9493	11015
4288	26586
6143	6222
9371	10749
1937	6124
3267	3949
7311	23198
1933	6202
6168	11224
830	10282
2963	3312
23327	115290
25926	84128
1445	26191
830	1315
54620	84231
516	51287
5660	63940
6605	11198
945	6556
6165	9349
1084	23601
23586	29761
891	81624
3437	10964
6201	9724
4548	10768
22930	25782
222487	338339
4736	6222
6139	6202
950	22848
1910	2865
4736	6136
64951	64983
1915	6159
928	113177
6159	6164
6185	6729
2491	55055
6139	6194
55168	219927
6133	6234
55970	126006
5516	5711
1605	29954
6133	8662
64928	64979
10250	23636
963	326624
8514	10970
639	3662
3350	80835
2733	23511
905	27125
6168	6223
6159	6207
6159	6223
55759	84154
6205	6228
2197	6169
6164	6189
2064	9475
3619	23511
10952	11224
10919	84108
6233	221687
6173	6222
5868	8301
29118	63876
4627	10092
10592	259266
5332	55970
5697	6750
4586	26290
2537	3434
10802	22872
3655	375790
6625	8189
3181	10432
1639	3326
6628	22827
57521	389541
1453	6233
5822	7109
9343	23020
1364	137075
6129	6201
1308	3691
6138	6147
64792	150737
4173	9126
8907	10053
6205	51386
4332	6037
1511	4332
23112	26523
4171	4173
1340	27089
917	1759
6746	28972
1605	9459
10980	90864
6135	51187
1017	10926
1500	1739
1022	5887
834	114769
4713	10632
1610	4843
746	100128731
3921	6209
8541	64130
9785	23450
80184	91147
522	9556
1306	50509
8648	9968
6169	6206
5702	5706
26046	84085
1880	3579
23291	56929
5983	8451
6227	6230
5903	7514
2491	3619
7316	9341
57154	151636
26091	57154
2125	6699
6130	6170
6146	6233
6128	6142
10885	54881
6176	6189
55165	259266
2623	10661
6133	6203
9212	83461
7994	9219
6209	6235
4713	4726
6146	6168
5747	10458
54821	57551
3122	3127
6132	6170
945	2207
5526	7316
2932	5704
6147	6189
2243	3827
3192	27316
5861	10959
79664	92105
2597	128240
6207	23521
4686	55696
111	10268
3183	7919
6157	6230
1314	10802
4736	6137
3799	55605
6155	6168
1839	3976
2033	6872
1994	8570
4541	4724
6218	6224
4537	4539
4793	5704
4541	25915
9972	23165
9126	11130
1293	1300
51692	220988
566	1991
6737	10324
783	27091
26190	140459
57545	121441
8453	89910
8615	9276
4332	5657
6707	147409
2243	2266
6155	6228
1660	10236
3685	5817
566	1511
51081	51264
8688	121391
5829	7525
2197	6210
6144	6169
6204	7311
8729	10121
4986	50834
185	4987
1495	51474
64837	81930
6059	8886
22920	93661
7516	11073
1478	3188
8683	9785
6137	6175
6181	6203
6453	29763
5501	9700
830	11014
338	345
54165	57542
2197	6155
1780	22920
640	5336
6456	9892
6203	6234
3434	8638
259292	259293
4141	8565
5422	55388
3643	9021
1350	27089
1062	5526
7032	7033
3837	7175
5869	6233
6167	25873
9904	57647
6133	140801
7514	23279
383	5657
6167	6206
1277	7373
79869	84248
1314	22872
6165	6208
6241	10403
4707	51079
5747	9475
64976	90480
988	9631
7456	10552
9643	93621
2792	128366
4288	51203
983	79172
2197	23049
4700	4708
6147	6208
7398	10714
197	3481
1435	1462
4726	55967
6137	6167
2642	4160
6164	7458
3122	4261
2491	81930
6135	9887
6194	6217
10926	63967
3192	5725
6122	6193
3855	3856
2537	10561
1277	22801
5879	64333
3134	5696
1062	1894
57551	81930
2641	346562
7089	83439
10540	27175
1555	1576
6184	6185
680	2798
831	23209
6129	9349
1515	3113
3921	6222
857	284119
5657	8635
3133	3659
373	7322
6156	140801
10749	24137
6601	8467
950	7316
4161	7432
6189	8562
1453	6231
24137	29127
10592	64151
6135	6169
54620	80204
6137	25873
4695	51079
336	4547
3675	3688
3429	8638
1774	5199
6049	8881
388	389
4714	9377
7314	64320
514	4713
11004	55143
3687	441864
5707	10575
7478	7484
6138	9045
2195	7124
56670	94235
5880	9743
6233	25873
1810	55689
9879	23517
4686	29101
332	7514
3055	3702
2691	5739
816	5606
4736	6207
6147	6169
1662	84365
2935	23049
3091	4088
8329	8349
1956	4145
6047	57630
6635	10465
6133	9349
5529	5699
27248	79139
6124	6232
6135	23521
5029	5724
567	5873
4624	4635
9318	79754
1515	3122
1233	56670
51650	54998
10970	64386
9918	10592
6202	9349
6210	6235
1937	6188
1908	1910
11176	64426
163	6453
1933	6169
1781	5516
6160	6175
4707	4712
3691	4233
1063	55746
5879	50807
3751	30819
87	6714
160	26130
5519	5781
7317	140459
3619	5501
7311	10952
7082	100506658
671	10394
3689	5023
6189	11224
9136	84365
23160	57647
2147	2244
6233	140801
2197	6229
3065	4221
10552	23149
6709	11014
140881	245911
6138	6223
1933	6164
3796	151648
1121	5869
6709	56729
7525	9844
6139	25873
9493	9833
3434	10964
1387	81857
6430	8175
2784	2792
1778	24137
65264	89910
1453	80097
1793	7409
6209	6232
595	6777
6130	6175
8356	653604
813	3915
3491	3915
6133	6175
23063	23244
22794	348995
3913	54972
5862	8548
6632	10465
5688	5695
988	64682
1407	7311
1291	5351
3191	10492
10733	79441
699	9824
6133	7311
3458	6775
50865	64805
6203	6217
226	2821
2153	2159
9015	284119
3912	3913
9265	27128
3836	3838
6167	6181
10733	347240
6204	9349
4172	5426
23244	57551
6233	10111
6144	6233
10291	10949
2197	7178
6161	6208
9363	64284
23451	51692
5977	57492
10112	24137
6168	6727
6201	6202
6128	6129
186	4922
3178	220988
3799	9585
6790	10133
332	3832
1230	29899
26539	344892
4541	4712
11137	84916
3157	4047
6175	6227
3689	338339
1994	10594
6144	6161
5429	56852
6747	60559
3017	6688
9144	11322
6223	7311
4853	6868
1660	1994
6132	6168
79600	80184
10921	23293
51725	55819
377630	401447
891	29127
10959	26286
2521	220988
5149	54714
5266	6699
3135	3805
54778	283807
54874	115548
25983	55272
3912	11167
350	5267
3113	3123
3178	7919
4717	4728
6122	6168
6124	6125
353142	353145
65003	118487
896	3717
6154	6168
7311	140458
9341	25977
6137	7178
226	2023
5422	7027
2925	9170
1908	6863
55831	56851
6678	7424
377	11014
3672	3912
10949	220988
57111	64284
219965	285093
1398	3071
2197	9349
6128	11224
3619	81930
4172	8888
9833	64151
4709	4713
6139	6229
595	4602
1471	5034
6993	10755
5707	10383
10199	56902
23127	81578
11339	51203
4582	10164
3192	23350
1290	1301
2790	5579
6206	6234
2935	6122
7311	84133
1511	5657
2266	51156
2033	8648
6136	6173
54577	54578
4298	23168
4862	5054
695	2206
6233	8290
60	10095
32	2194
126328	374291
1537	4715
6142	23521
1329	55967
3912	11098
6147	6181
6228	6229
5903	23279
7311	143279
4512	4519
6135	6230
5433	10285
1793	8976
6799	6817
5879	9181
6189	6204
338	3827
57542	65264
6165	6232
3918	5829
10403	10592
160364	338339
4736	6218
338	4973
4174	10036
10970	54972
6189	6227
7249	7532
6154	6209
6175	6176
10403	51143
9655	26190
1173	2535
7336	7341
4690	10096
7454	10552
9656	11073
6229	9349
4710	4728
148	2922
3561	5599
3799	10112
3107	3134
6144	6229
4067	4254
4519	4539
9341	51429
8128	8703
521	7388
830	57511
5725	11338
26005	80184
51639	84844
1063	5347
55832	154881
6169	6233
996	5707
996	64750
4725	29796
351	2817
3633	29984
3659	3660
6152	6170
4736	6228
51129	85441
3921	6206
6170	9349
5985	83932
10533	26091
57542	197131
846	259287
25885	64794
6135	6175
6130	6188
6142	6204
2209	6688
1933	6165
6142	6165
2892	2903
399	1894
1315	23303
2222	51478
7311	140801
6229	6232
5746	59350
2064	3320
10885	25885
5501	79172
5516	6249
6159	6228
5829	6385
1387	8085
6168	51187
3355	5173
1933	6194
6164	6206
51602	84549
5878	51715
6135	6210
6161	51187
3710	6804
186	165140
1915	6228
8468	91646
1173	24137
6137	6233
6161	6181
5905	6232
5067	137797
9757	26523
6129	6135
3673	3914
2048	25791
695	5293
2962	54845
846	5737
2551	4899
5338	11145
7311	57530
3672	3685
6202	6229
107	2775
988	60682
6572	8322
6210	6234
5903	6633
6160	6189
164	55330
11098	84141
3796	10274
1060	348995
6556	338339
162	23431
10425	84085
5519	22919
54998	55052
2788	50865
6130	6138
4905	10905
6207	7178
3184	55749
890	10460
6144	6218
6160	6203
6206	6223
6156	6224
9833	29127
4691	8602
54734	339122
26190	65264
