9666	115290
3106	3134
4116	6146
50835	50838
9276	57410
1950	6678
302	6281
9870	22954
4734	9320
5310	9727
377	1783
6142	6175
6233	9045
6132	6727
1965	1973
6154	6230
5441	10980
8334	8970
6223	140801
4543	5179
10970	326624
5435	5441
5948	5950
4686	23511
5149	54714
6688	7805
5438	84844
6189	6232
6233	8945
5433	51362
6129	6235
6156	8667
2023	441531
988	9475
3833	55143
6128	6143
6207	9045
6235	27340
5688	5701
23291	79176
1291	3688
6429	8086
10427	11196
113130	348995
1292	1303
705	9277
5331	222545
64386	79895
6132	6173
10499	23389
6633	51690
514	521
988	9611
2243	3026
51592	64682
2625	5241
6461	9564
8687	121391
6146	6169
6159	25873
2195	7124
1956	55914
513	9377
988	1654
6637	51503
8663	728689
55252	221937
891	6790
11128	84172
2863	3269
6629	6634
4986	338442
64386	84329
10574	84617
4116	6169
2692	2838
60560	80018
1536	3683
2491	5529
8914	9126
55131	64794
4736	6207
5707	6386
1237	27199
1983	6205
699	151246
6165	6176
51109	54884
5528	10726
10594	23450
6125	6133
3579	57413
259	2266
1315	84516
6156	9045
1062	6249
996	5699
1933	6152
332	1062
6193	6218
6159	6165
6160	6170
1555	1576
1137	1141
10615	51203
6139	6146
1325	10563
50865	64805
5870	10890
338	2262
23562	53842
6147	6176
6204	6230
9493	23046
6138	6167
117	2792
1511	4332
2920	55970
1236	5443
1956	10413
1605	8910
10577	56729
5339	6176
9329	84265
3181	3185
1365	24146
115106	440145
6231	9887
1778	6709
6136	6204
3185	10921
6130	6209
10618	26130
10413	25937
3491	11167
6635	6636
9883	10898
81697	344892
6754	50837
1660	10492
1559	2326
10959	22818
3690	5908
6152	6203
28957	51373
6139	6202
9330	53981
2801	81562
988	51692
6137	6181
3055	3572
1022	2810
6635	6637
8175	10181
3127	4261
22856	55454
4584	4588
3875	3880
2521	5094
51202	56902
6161	140801
7167	51071
999	4646
5903	54821
6168	6181
187	6370
6137	6142
6176	51187
65083	79954
920	8976
51465	84541
2533	3937
2125	11187
6144	6224
9984	10482
81567	93100
4088	56937
5435	9978
197	3698
9114	127124
6147	6218
9787	64151
2521	6434
6147	6223
7328	23608
3655	3918
6161	6201
3646	6156
27316	51692
51088	84261
1144	1146
86	55193
6868	7311
55839	79023
57662	144100
8976	10254
966	3903
10484	126003
6138	6207
10425	63891
25929	57122
890	9133
6160	6171
5872	53917
10920	10980
9133	10403
3673	3914
6167	140801
79501	285093
6136	11224
117	2695
6147	6210
966	11322
2197	55176
1387	5469
24147	79633
672	8314
2132	2817
6160	140801
9055	9493
983	10733
1994	10492
9439	23097
3066	6045
1983	6223
1956	4145
285	7010
51069	64928
3685	196527
6130	23521
4736	6227
5829	64098
10952	140801
9648	10466
10885	27340
4736	6188
3017	8337
65055	219438
3190	3609
6133	6202
3017	8341
6130	6154
6870	56923
3921	6189
51602	55759
4538	25915
5451	55718
24137	285643
81696	344892
23310	64151
1576	54600
9126	54780
1824	11187
4116	9349
6201	6232
4700	55967
6167	9349
4116	6125
3178	3192
6152	6222
1810	26009
8924	23030
388	55160
23218	196527
54716	153201
5707	5717
2788	27334
988	203068
120776	344892
1457	9918
1854	7298
3916	5878
3491	3912
3843	10527
6156	6201
80168	346606
11059	65264
3134	6890
2255	26281
7317	89890
6164	6217
11004	259266
1398	5781
64979	116540
2788	5368
83597	390174
6233	257397
3767	6833
5610	23586
6049	26224
6158	7311
983	203068
3797	79659
29093	51264
335	2266
332	22974
4599	51191
963	326624
2318	3688
6228	10399
10199	84128
9791	81490
5695	9232
6122	6176
4301	6714
7316	91445
3433	4938
6428	6432
6147	25873
9493	10749
399	5879
4343	27327
1315	64837
1983	6224
3491	3685
8729	9276
639	3662
199675	338339
6160	6207
23112	84441
351	7466
4738	5695
3915	375790
1302	1310
63915	84062
6181	6208
2792	26339
6428	10236
4536	4539
3433	8638
6130	6191
54821	151246
2359	94235
3856	144501
11073	63967
3837	9631
3190	7536
5578	6868
6156	6228
1660	6625
6210	22984
1019	1870
351	1234
79600	84902
6218	6232
830	1604
89910	143279
5439	10980
890	9787
8349	126961
6159	11224
6790	10383
6432	6632
3190	10949
2197	7178
2222	3157
3178	3183
1084	2358
8533	10445
219960	285093
6232	7311
2185	3685
3181	3190
6430	57794
9820	26268
1084	138050
6657	57167
6950	10376
1653	25940
868	200845
29933	387129
719	8514
6141	6194
9690	154881
8590	285093
1778	2801
4707	54539
3920	6836
3799	29127
10575	22948
123099	340485
5928	10014
5701	7316
55142	146057
3569	11098
641	5427
6138	9045
10236	23020
3312	29763
3685	6714
4736	10399
55755	347240
10489	25831
3978	4171
5173	6751
3039	3048
6156	6208
6171	6235
4736	6167
3796	5515
353139	353142
2033	56655
5438	83443
11218	79084
23601	57153
148	2922
6637	23524
3434	10561
4738	5688
5501	57551
6165	6202
83597	135924
3998	6745
163	54874
1511	5657
6262	11069
324	5699
6154	6232
55720	56902
6228	27340
4736	51187
1349	10975
2792	2847
2847	2918
983	26005
5111	5434
6772	23586
3913	10298
3832	51203
3312	7037
5724	163351
6232	6235
1495	4233
6173	9349
8085	25942
2197	6234
6152	6159
7311	57530
3187	7536
10949	84991
6130	6152
6790	121441
1063	259266
8688	121391
3911	5747
727	50838
23244	23332
4288	51203
51143	79172
27134	100506658
955	374659
88	4626
3006	85236
3134	3659
683	94103
55008	64750
10592	259266
2242	9855
2197	6133
322	333
10914	53981
2197	6203
1991	56729
9824	10112
374	2069
9320	84085
9968	10499
23160	56919
329	330
3437	10561
4718	4728
6206	6230
3718	6777
5714	6790
9730	63891
1994	10498
7409	27071
2958	5435
2048	5998
3115	4261
6233	22954
3434	3437
391	8503
522	84833
1364	24146
8976	115548
6165	6189
462	2159
6233	6498
5731	94235
671	1991
2768	2783
6667	26512
64114	196527
4736	6209
203068	440145
2770	5747
3055	9564
1329	1337
2957	6619
3882	8687
5868	11021
6130	6218
8853	11015
891	10592
10671	51143
64682	84085
187	56670
3703	6185
26173	51593
23620	84432
990	5985
274	11252
3688	5747
6122	7178
5795	10857
6173	6176
6147	6189
728	846
597	637
5597	5718
11103	84916
3308	9631
6059	8886
1329	4701
6208	6228
1499	128239
5338	11145
3434	55601
9969	10499
27242	85441
399	10144
10112	23095
6167	6206
695	7525
23283	55749
705	84946
56923	259293
988	10767
332	64151
7321	65264
3903	10970
391	55843
3361	3627
5929	23067
1933	6141
1288	340267
6181	6223
9787	10112
1830	5266
6188	6204
1956	54874
6173	6188
6147	11224
9354	83737
10514	10885
23028	23186
9040	10517
2521	3183
8907	23396
8178	55840
6637	51372
10693	22803
389	57449
1994	10594
6870	51764
846	339403
57413	58191
3683	8514
25885	27340
3190	55749
6850	64170
890	157570
1639	29127
1650	6130
23244	23279
3486	11098
335	2243
4540	374291
3054	4899
945	3685
335	2262
6128	6170
3619	10592
3055	5747
79685	94239
2266	5345
9793	79172
23327	51088
10403	26271
56929	79176
993	1111
7032	7033
10733	203068
1956	6714
2790	10575
29763	51429
6227	6230
4697	55967
6189	6206
9382	10905
220134	348995
1639	3326
9738	347240
7428	26259
1660	10713
8697	23291
1398	1793
26005	80184
5196	6370
983	11130
7520	55183
26470	253982
6009	60673
9611	23097
8853	11014
3856	3880
8243	23279
6222	6230
1456	7534
4700	4708
9887	23381
811	3309
977	3655
513	374291
27043	57647
3685	3695
23011	57403
4008	23327
3433	4599
57680	81887
1832	11187
2262	2719
701	113130
1871	23512
7311	23586
6208	6227
6144	6147
10802	10959
7311	115548
2535	5599
10841	200895
2790	2837
1345	4695
8807	8809
7175	51692
4288	9700
8449	27238
8976	9341
6194	6230
2185	9475
9716	27316
6161	6189
5720	5721
3849	140807
6157	6181
521	4701
2197	6201
9113	154810
64946	79682
51382	160364
8976	55971
345	350
10920	55884
9320	26046
5433	9879
187	5473
8688	54474
3066	9014
2444	84766
2896	10493
1337	4697
2629	5660
4584	140453
23301	30846
6385	375790
3267	5869
2033	23112
11052	51692
10949	27316
140881	245911
10514	10849
6168	6173
1524	6370
6173	23049
6185	84061
2264	7311
9493	81930
6173	6232
4646	23607
1315	9276
1062	64151
954	158067
6164	6201
338	3827
7525	9564
8365	8970
1537	54539
6241	9700
1453	6234
6135	6218
5433	55197
6156	6235
8351	653604
6147	6230
51382	338339
7272	10403
4512	4539
1017	84515
4686	9128
9045	25873
521	4713
1669	8993
27	10486
7057	7424
983	9793
891	24137
4952	6272
2521	3181
6146	6227
10970	54972
5880	27237
657	659
400	25839
5707	23526
6711	8615
695	3055
10885	27042
6206	6223
81537	259230
6556	170482
7314	10980
9570	10802
4160	104909134
10181	10523
3915	54972
6161	6169
1938	23521
4717	51079
3240	4069
79837	89869
1329	4712
111	1812
3109	3122
6152	6230
8976	10787
3675	7045
6175	6227
4538	4540
3659	5696
1933	6202
1325	2847
2243	9715
6207	6222
3437	10379
5885	286053
991	1778
4513	4514
26005	84902
10802	22872
10013	25942
258	9210
64284	401409
3326	10576
2107	6137
4708	4709
5290	5781
65264	90293
9306	9655
399	57449
695	8976
963	966
6157	6169
2767	5599
1839	3976
102	160364
10274	113130
6217	11103
5578	55970
1601	8027
1314	22872
1337	29796
10112	11127
391	394
3675	5328
7409	10787
5747	23209
9666	65264
1908	84432
8349	387103
695	2206
4736	140801
1595	3156
1291	5352
5529	7525
6138	6194
5899	7852
23160	84128
301	7852
6139	6167
6160	23049
1292	5351
1350	4726
11258	11316
3190	10432
55746	57122
6714	57670
56729	126014
3710	5575
7456	10458
1665	5725
6144	6202
6161	6228
6158	6193
6234	11224
4659	5515
891	54908
4734	65264
4116	6170
160	6233
5339	6157
3660	5696
1902	8477
3827	5345
5439	6119
3172	6927
5094	23020
3850	3883
4701	51079
5685	10393
6189	6208
388	397
501	85007
1824	2125
332	1063
6878	8295
3903	79895
1434	3837
2938	2939
3675	7057
963	7805
2197	6189
2633	5371
259289	338398
3915	10130
2932	6790
4694	29796
6154	6169
6218	9045
885	3061
55014	126003
8905	10053
80155	80218
9410	10946
29945	64682
3854	8689
6135	6193
59350	94235
11176	51742
9282	23097
6709	126014
5347	81930
6799	6817
5516	55055
3921	6207
6387	50837
3434	55008
5977	57492
6152	6154
7272	55635
988	3066
3199	5438
1894	29127
2151	2791
988	10657
160	1601
6176	6203
9790	22803
9371	23095
6205	6224
53905	405753
324	6233
9133	113130
6194	6233
9045	10399
5437	7874
6233	143279
2792	388531
2358	23601
9277	10153
57405	113130
22954	89910
7175	23511
6154	6231
5093	51692
2359	6370
10540	11190
344	26020
4141	8565
274	9341
6136	6189
3973	104909134
6122	6228
3356	94235
5829	10298
5604	7316
5094	27238
2804	10945
6230	9045
10772	10949
8636	11258
695	3635
23404	81887
2237	10535
6154	6160
857	858
7857	54757
1062	1315
2892	2903
6141	56915
890	11065
6122	51386
10907	57819
4172	5422
3685	80781
6122	6142
6143	6201
2033	9739
6129	6201
6154	6175
4057	57554
3304	10963
688	5468
701	10733
6133	6159
4125	5657
3313	5903
3797	10112
6228	7311
3105	3660
9672	64131
5149	388531
1938	1975
5705	5718
6548	11261
6154	6223
4952	6233
6132	6167
598	6774
6209	7178
9793	23279
54620	84231
2125	5493
10592	51203
6137	6161
9700	23397
10640	23265
57405	348995
4591	55658
335	345
1829	64065
6161	6227
10749	11014
5335	6850
6189	6201
6633	84844
6167	6181
4666	11224
2242	3320
6157	9045
746	100128731
988	53981
514	4724
9462	153090
4670	10236
6147	6204
2197	27340
7311	84133
4508	4536
5747	10458
6455	7316
3646	8667
6218	9887
148	2837
335	3698
5529	5711
6159	6232
4172	55388
54552	55720
890	11339
4173	7298
1063	57551
26476	344892
3912	3918
6135	6173
6143	6231
6136	6167
11338	23636
6175	6210
84231	197131
8945	154214
5590	50848
6137	6208
5985	8914
6228	6229
4999	5000
1284	8974
1739	3996
23160	84172
3832	10615
56902	57647
6461	10787
1937	6130
4998	8317
65264	143279
1272	83464
657	9765
197	335
10256	54845
87	6714
8243	23332
7336	7341
6203	27340
55735	139322
2237	23649
6233	26523
5708	6790
8365	126961
4708	51650
6158	23521
4281	4940
6122	6202
11193	22826
2189	80010
8925	197131
353142	353145
3482	5868
7321	23198
332	9700
1453	6189
6152	10952
6156	6230
5519	5781
8907	10053
10155	80110
1129	3355
10075	54620
201475	326624
2975	9329
6125	9349
6229	9045
6133	6173
6147	6224
5707	64750
3434	23586
8085	23067
2197	6160
6714	9564
84962	121441
65083	84172
388	64333
5435	5451
3685	6518
6631	57819
6232	27340
25885	83743
5870	57403
1105	23168
830	5048
521	1350
50628	129401
5546	10262
5586	5879
4540	126328
1781	10112
1639	10121
6133	6201
3918	9459
6224	6230
51289	56923
26146	55112
1063	54821
3912	4233
51602	84946
9126	79172
6173	6218
2803	7110
932	3685
6175	6194
1942	2041
6625	51593
8452	9870
3185	55749
1981	6202
5438	27258
5868	51552
2672	6688
4867	23322
3675	3912
5878	51715
10592	22974
54998	55052
6169	6231
5688	7979
6202	6224
3619	5528
10652	51014
4512	4540
3909	6385
1308	3691
6144	140801
8301	10096
9793	23332
6625	51639
7919	8106
6707	126638
29934	55737
2914	3350
6755	339403
6147	6235
6708	11280
2197	6232
6518	10970
2740	59350
3181	4670
11202	25818
4353	6036
3486	8542
28981	92104
567	3106
6136	6209
6157	6160
3354	6387
6194	6235
966	6711
10236	10946
117	594857
7311	257397
2932	5711
26268	57531
57115	114771
57787	261734
7529	51552
6142	6144
27089	29796
3192	5725
2305	4288
5978	80012
3043	3045
6235	11224
6152	6201
143502	285093
4585	200958
25909	79172
2132	6385
1894	9833
8301	9322
3675	3915
4116	6218
160	8867
988	6599
6156	6204
57479	58506
640	5336
9341	10254
6159	6170
2197	11224
9793	84131
2358	6556
22905	51429
4839	6156
1950	7474
9790	54881
109	2358
545	6233
5339	6217
4887	346562
10574	22803
972	3109
699	24137
2099	2625
6164	6165
1915	1933
7458	8662
26091	57154
3190	9716
5575	8826
6500	8697
4298	9646
728	5697
3433	3437
6133	6189
6201	6228
990	84515
399	7984
6637	83443
5869	8411
4233	64759
6135	6223
4985	6752
6139	6206
6130	6206
9928	11113
6233	8445
6144	6234
4016	5118
6209	6235
9350	56963
399	84144
10403	348995
891	1022
1069	27077
6130	6138
3903	84329
7525	10413
8329	653604
55970	63940
3074	5707
1793	10458
60485	84962
595	6776
57154	64750
1129	5173
10890	11021
9585	10112
5869	7316
10885	23160
6136	6203
867	6654
990	5717
683	932
6232	7514
389	5586
1659	51503
6147	9045
3111	3115
1660	1994
6621	79035
389	90627
2197	6161
4436	23028
1758	8404
2625	3169
378	51014
23327	115290
1910	84432
6139	6154
3716	259230
5179	283869
1894	5879
3181	3189
1462	3912
6175	6205
6122	6189
966	199675
1495	5584
6453	7311
6152	6168
6155	6175
8329	317772
1778	22930
7311	23118
963	6518
3187	55696
5116	23354
3101	64841
6434	27316
22974	29127
3433	23586
378	9276
4176	5982
2932	5708
7516	348654
6122	23521
1398	1956
6234	9045
2197	6138
6202	6218
6146	6160
3055	3702
6185	7184
6173	25873
5469	9967
942	7525
1933	6135
9341	51542
1933	6230
6202	6223
23646	147746
79867	80184
22948	63971
6176	6194
6194	6222
6164	6234
1969	2048
6923	140458
55070	79176
146	2846
6161	6202
896	6776
904	5451
6135	25873
2197	6235
4724	29796
8698	55970
988	27316
2036	8573
3918	5829
6430	7919
3676	3691
28514	54567
6205	27340
8687	8689
5872	8766
1022	4005
3921	6228
10890	23011
9076	100506658
55720	79954
1589	3290
8805	27044
51725	142685
55582	89953
5519	51400
6128	6189
89910	154881
5697	6376
72	58498
6135	6222
5584	55243
2994	6005
2214	2215
4641	23607
7272	9833
1956	7037
6189	6223
8729	10945
3673	4233
4734	7316
988	22803
10618	79571
2243	5345
4800	6667
5688	11047
9820	89890
6128	6164
10484	56681
7082	100506658
1793	5880
2099	7031
2305	7153
9700	10051
8615	10802
6142	6156
6194	6223
3683	10857
3827	51156
6161	6206
861	57332
5591	9656
3921	6165
23112	192669
6193	92856
6160	6231
6122	6124
1783	11127
6207	6235
3185	10949
60488	64963
338	350
6124	6138
51692	55749
5928	57459
259290	259293
6427	220988
3725	9070
6204	6229
7531	8655
5829	9459
1062	54821
6223	55272
84617	84790
332	55055
2848	196883
3192	4670
6155	6169
2150	2788
29088	51264
163	1601
999	4233
3915	5829
121504	126961
3710	10235
10952	58505
661	10623
134	5660
6122	6229
1783	5529
399	9938
4999	84515
3859	125115
7124	10673
7311	158506
332	24137
1387	10498
5547	25798
54845	80004
1277	1289
4670	10657
712	713
5930	7334
6235	25873
1933	6218
10112	54443
10383	84790
722	725
4541	4726
6157	6201
301	5332
4540	4694
3054	25942
90	659
6133	6210
54657	54658
51143	151648
1965	1983
5426	8914
25873	140801
2157	27095
6170	6233
5711	8453
5869	8976
5709	29882
2912	5173
285093	390191
84154	84365
1943	2046
65993	124995
3895	84141
3122	7535
444	3725
6202	6234
6223	9790
3832	9585
79090	90411
11145	122618
8945	51684
10890	51715
5552	83706
1894	259266
87	6385
79682	147841
5493	6707
6136	7311
2740	5746
9320	57542
5829	7534
219965	285093
3579	126006
6124	6147
6227	7311
963	84329
1981	6230
6223	23521
23601	338339
712	7305
6147	7311
1946	2268
6790	22919
6181	6204
3458	3586
7456	10552
10613	11160
1398	6714
8969	121504
10733	163786
6133	6230
8290	121504
51649	64928
6137	6223
377	10749
51602	84128
1778	54821
3688	3911
8085	26523
6165	9887
10890	55667
891	3838
9870	57542
3921	6152
3184	9716
6288	84432
3002	5551
9820	90293
2274	284119
6434	57794
2863	7204
3192	51692
1499	5819
55703	55720
5868	10096
4713	9551
1642	8607
6231	140801
1981	6206
6164	6181
3119	4261
6132	6235
6155	6232
6144	6230
8341	85236
8886	56902
641	2178
2045	285220
5330	60675
383	3240
6132	6156
1781	3797
2782	26086
1902	7852
2843	151306
6249	151246
4736	6201
3192	5094
10663	259293
23279	23332
6139	7311
7184	10970
23160	27340
5054	5329
991	10477
187	5196
6637	11157
891	81930
966	79895
988	23595
4707	4724
6128	6129
813	3371
1147	2475
4709	126328
154214	221687
11128	55703
5747	7204
5878	54885
8074	8404
783	27091
2026	5315
988	56852
2186	23067
11015	23046
5230	441531
6227	23049
643	9294
208	57148
1462	10082
5931	10664
3091	7316
9675	57521
6141	6175
6170	140801
10396	25798
9793	57122
7414	8993
553	6869
1994	51729
1457	10051
197	2147
4803	8767
6194	6217
1665	3191
3725	4772
3170	3651
1665	3192
2625	7031
2243	3481
6643	58533
10193	197131
5739	94235
8453	55832
6233	89910
6175	6228
8477	55970
6154	6161
1290	1291
10769	55835
4735	7283
3565	3567
1329	1351
920	115548
3479	7044
1281	1290
6189	6210
2206	5335
5436	85437
6122	6135
153	796
6167	6202
9553	64928
8698	63940
377	830
336	345
156	301
10403	220134
5702	5706
1314	10959
4670	5725
2072	7158
5725	9879
1294	2157
813	10130
1121	79090
5746	94235
1981	6168
643	50865
4582	10164
1062	9787
2956	4436
6133	9349
57674	151636
6139	6222
867	5781
4738	28991
2801	51014
3320	85378
6233	55366
163	7311
22984	23195
6201	7311
6206	6222
1121	326624
3183	27238
374	2153
5338	5579
3122	3123
6181	6203
2967	9015
1933	6204
1824	5493
6047	9604
6217	27335
51098	83658
54443	55165
5516	51400
51602	84154
3071	5747
2177	2189
6142	6208
2521	3190
23412	51725
4085	55166
3040	3048
23291	56995
2740	94235
138803	344892
1910	6863
4088	7316
2846	4923
84447	91319
6137	6158
7158	7311
6217	27340
2150	7204
9793	113130
488	489
6168	6208
1778	1783
4125	6036
3921	6227
4599	4938
6159	6164
4700	9551
5347	22974
6164	6208
126638	353135
1910	2865
6175	140801
127385	344892
6133	6228
6632	57819
6176	6224
6430	10949
6201	6208
6237	10235
6130	7311
6175	9045
3685	5747
389	9322
7779	27173
988	9967
7514	9793
671	1116
701	10615
25804	27258
6142	6193
9564	54518
3267	3949
57630	83737
6207	6209
391	27237
6233	126961
5879	9475
27042	55153
6143	6155
351	83706
6156	6207
1832	5493
226	2821
5347	5905
831	3688
6128	6230
6135	6168
389	393
6171	6231
6206	11224
6159	9045
6165	6188
6154	25873
3064	55660
27340	55127
3797	79989
6233	54677
1915	6189
983	219771
9493	11015
5930	54620
251	137797
3320	10458
6161	6207
23030	51588
6152	6202
4736	9045
1116	10394
8969	653604
3886	8687
6137	6202
6202	6230
29078	126328
6173	6230
8886	23160
6124	6232
8356	8365
3903	57153
6132	6201
1191	10916
6233	55670
10013	51317
537	10159
6135	9887
919	3559
5707	7415
8698	59340
1660	9716
695	974
64131	375790
2207	338339
9968	23097
6171	6228
3673	3683
9133	56992
6175	6206
81930	113130
5094	10236
10491	85301
10885	27043
6138	6160
23112	27327
55166	348995
2048	8976
9833	55165
7979	9978
87	5879
7414	7454
7272	24137
1991	6037
25897	55175
1857	5699
51	5194
659	23118
9133	10733
1303	10491
10254	22848
7311	23032
4686	25929
671	8993
891	55165
411	153642
4116	6235
27316	55749
701	4288
6129	10399
6921	79754
4173	4175
920	5286
846	4829
64981	116540
3066	84289
54663	84365
6209	10952
6228	7178
28972	90701
25978	51652
5868	8301
5699	51684
6422	7474
6133	6154
23332	25909
6125	26135
9716	10236
6169	6228
55275	55610
399	7204
3909	3912
6136	6231
1793	7525
5688	5695
7311	140458
1717	50814
133	2863
6157	6229
6500	142689
10885	55127
2197	9790
6204	9045
26168	27043
3659	6737
3184	3192
5516	5711
23279	23511
3842	54464
1289	7373
1639	9493
6167	6227
6139	6165
6168	6206
23332	79172
2923	6185
1902	2767
2197	6202
4670	10432
6181	6205
3094	57649
6159	6181
834	114769
6154	6227
9044	55814
10236	55749
6714	10413
329	51330
1060	348995
28977	54516
6147	6160
6218	7178
3683	3688
23524	51639
3215	3216
3691	3918
5054	7424
1453	6204
643	64805
6426	7919
1121	5869
2197	6159
51264	64928
3684	3687
50506	90527
10919	53615
1660	3181
5547	5660
9412	9442
51079	126328
4173	81620
6176	23521
1781	84962
6160	6230
6152	6157
1500	5879
891	9833
3799	9493
9837	11169
9793	25909
7335	55905
6152	23049
2359	56670
6167	6188
4928	7514
8767	11124
521	4694
6181	7311
4829	5737
2359	5473
5747	7456
5684	8312
6161	6203
8453	9320
6133	6222
8027	25977
6193	7311
6184	58477
55127	79954
3119	3122
6386	10487
6139	6144
399	9743
9972	51362
4343	6233
2962	3664
1956	5579
3619	8243
6169	6206
4085	79682
8065	84259
3551	4803
1969	2050
3685	5829
10262	27238
26190	57542
51320	55175
1950	8322
90293	143279
8329	85236
3619	10735
1453	6209
6222	7178
4736	6171
6288	6357
6136	6138
4641	9371
23020	220988
3214	3215
53339	57531
8463	10413
6133	6144
163	24137
1022	6929
9188	23560
6233	57674
4513	4519
905	5431
683	199675
6160	6168
3015	8290
7409	23533
3882	8689
11218	25929
2491	3619
1660	9343
54577	54658
5788	6688
2197	6224
23014	55832
3240	5004
6147	6167
3183	6428
4763	7311
8453	55884
4736	6165
259292	259295
3594	149233
2692	5745
7153	55746
6206	6208
5439	5451
163	9322
6208	6223
6133	6193
5829	6385
6150	116541
3267	5868
4708	27089
1029	5925
1933	6147
26123	79867
3163	5023
6165	10952
684	4939
9493	64837
566	4125
58	5879
1314	8729
10660	390598
6921	54620
5701	7979
4736	6173
899	51343
127247	148581
5707	10577
3853	3860
6037	8635
2053	7311
55876	94103
1665	55127
55970	126006
51081	51264
2769	5335
3191	4670
4713	51079
2064	3320
1022	91603
23332	146057
6201	23049
6234	7311
5430	27316
4436	254394
6168	9349
161	5286
7434	122876
4173	5426
1956	3091
1981	1982
983	3832
2122	8535
109	10681
121504	440689
1337	1350
117	7434
1981	6222
55749	79869
50834	338442
5707	8453
6201	6209
5869	5870
6137	6204
23512	84108
26232	93611
10413	51421
6218	6234
514	10632
10403	55143
6222	9887
399	7409
9879	55660
383	671
6233	10818
4736	6133
5867	5874
10849	25885
10112	29127
6160	6204
4709	55967
6132	6168
10489	54778
3071	7454
23279	79172
1111	2178
10432	27316
8514	10970
6428	6632
1965	8892
2537	3430
55720	57647
5692	5710
29074	51069
53981	85313
3827	5005
4582	10331
5657	56729
4141	7453
4171	5984
1495	1499
1453	6231
7189	55626
7003	7004
1610	4843
2107	2935
6146	9349
2801	10972
6631	27258
2204	23601
10869	63891
9322	9341
6227	6727
797	7252
55003	55299
640	974
6165	6170
6227	10952
4695	4709
10772	27316
6141	6230
8542	84141
10193	53339
6125	6129
57531	90025
7311	55008
3827	4295
1062	81930
163	9341
1080	4036
3674	5829
5880	7409
8886	27340
6135	6167
6205	6230
50616	116379
6385	7035
5435	23524
6144	23521
6129	6142
23	6059
1439	3635
2033	8243
23397	56992
4736	6156
1902	63940
1774	5199
6165	6233
8295	57634
9968	23186
4839	25885
945	10857
5695	10213
6167	6228
6204	7311
6836	29927
1870	4208
2243	2266
1969	5747
6168	6229
7311	10818
6176	6234
7388	29796
9793	10274
6227	6235
3119	3123
5526	7316
1445	1956
4736	6170
23326	79595
3157	4047
336	3827
5795	6518
6147	6170
335	350
338	2243
7984	54509
1432	5062
4088	57154
695	5777
1555	54600
6227	6229
6152	6188
890	64151
5493	11187
25909	57551
5878	10552
3091	5707
2935	6160
1511	4353
51264	51649
3212	8338
6157	6202
388	23370
7320	9604
3978	4174
570	54363
11059	23291
891	1058
5879	7454
6223	9349
1933	3921
3710	6804
133	136
6130	6144
6142	6229
2695	5741
8969	85236
1894	54443
1605	5829
4678	83879
553	3062
3915	84141
5023	10970
6128	6206
3339	6385
6385	6386
5981	23244
2993	2994
7311	25831
50865	63940
5879	6249
6207	53918
4508	4509
6164	6188
23160	79954
6155	6160
10022	259292
6309	6713
1956	3918
1915	6161
6139	6224
2185	5599
6233	23112
6218	6223
10576	10693
163	51429
4014	5317
6169	6175
6750	50837
972	3127
1524	56670
6122	6222
6189	23049
5422	6117
3953	6774
4111	158511
55863	91942
1232	338442
7852	55970
10403	51143
6520	8140
4793	5714
9246	11275
5217	55740
641	7316
940	8516
55066	57546
6714	7311
1043	7512
3308	3312
6133	6227
2788	10575
6147	6206
6184	29927
10540	22930
8514	79895
6518	196527
23160	64318
10615	56992
9820	57531
10142	26123
6170	6222
302	56729
1129	6572
1856	7314
627	2247
5861	10890
6167	6233
3640	5443
3190	5094
10112	64151
6135	6158
6203	11103
1287	55214
6233	23168
56262	80131
8895	10970
63891	79876
8329	8341
1445	6714
1812	10268
51650	64951
1824	1829
163	274
2641	346562
80184	91147
3178	7536
3240	56729
2621	10272
6235	7311
6133	6161
9320	26190
6161	23049
10324	51666
6167	6224
151648	220134
1933	6188
4641	5872
8337	85236
2207	5338
3309	10049
3433	9636
6173	6209
6152	6167
174	3827
2935	6133
1605	5747
1783	9493
2801	11014
6141	6189
3855	144501
60	57591
2033	6938
3355	5173
940	5879
891	1781
6222	23521
2767	55970
3313	23511
2841	7852
23332	25936
932	160364
841	843
963	5795
51079	374291
6135	6202
1781	10383
6133	6170
2033	25942
6147	6164
6610	7132
7434	594857
22826	57819
4144	4548
3106	5696
10540	22974
8573	57669
1991	4125
6139	6207
22938	220988
6228	9349
933	974
226	2023
9655	9903
3688	5829
3350	84539
4332	6036
6137	6206
6144	6232
8189	10523
8767	8915
6229	6233
2537	10561
10274	51143
4695	4725
6147	9349
6890	6891
4724	4728
10621	11128
26270	93611
5747	7852
4331	404672
4830	4831
6635	9883
680	6869
1660	3185
6128	9349
329	5708
830	51014
10592	157570
4041	6422
6235	9887
6173	6235
6202	6235
64750	115290
6124	6161
5685	5706
991	9491
3191	9716
4738	6923
23223	26155
6936	51645
3543	7441
23067	25942
6146	6156
3312	6804
3191	10713
6122	6181
1212	28964
9793	55755
6430	220988
4714	54539
6138	6206
84231	140460
890	4999
6176	6727
177	351
3799	24137
4736	6155
259292	259294
10484	81562
27316	220988
6160	6232
4904	84950
7325	7704
727	56923
3688	6774
6159	6234
6128	6160
695	2207
2147	3827
4233	8976
4171	5422
6160	7311
26338	65055
2805	3242
65264	115290
6181	6194
915	3702
6209	6218
10920	150726
6625	10523
3181	51593
2623	3674
10199	56902
6950	84617
9412	55090
8926	25949
6122	6206
916	940
3122	3662
6167	6208
6138	6235
8648	96764
5693	10213
1783	3799
778	783
27043	81887
163	6233
6136	6165
4638	4659
2853	8843
84296	84515
6201	6222
6168	6234
10053	130340
5516	79172
51081	51649
3486	11167
8729	10959
1813	6364
4734	115290
10466	10540
6613	84733
6155	6157
3797	26146
595	5708
22936	64859
1981	25873
7135	7431
5284	55004
6128	6155
23011	51762
55143	57405
1290	1292
1650	6184
6224	6727
8600	50964
10075	54926
84105	347732
2803	5870
6144	6206
6128	6228
351	5660
3903	64386
3190	51692
5189	7311
891	7316
6159	6218
5706	5718
338	3698
1329	1340
10285	10713
6173	6208
6631	51639
23097	81857
6232	140801
3619	23511
3718	7297
4508	4535
5699	64344
51202	56915
3093	6047
4125	8635
9967	23097
2131	2817
521	4726
2841	63940
22984	23223
671	3240
6203	11224
5796	7316
6138	6139
5694	51330
55124	221400
6170	6235
983	4288
5707	54583
1281	4060
7089	83439
6036	8635
3394	3430
2243	2244
23014	143279
27327	80012
6432	6636
51118	84946
595	4602
2922	4923
130340	152503
3866	144501
383	4942
6136	6227
6152	6169
3921	6138
84870	343637
6146	6176
1230	55970
6176	6229
2735	6608
1161	51426
6189	6235
4735	23322
2197	140801
6130	6232
2767	5335
4116	6152
6188	6230
6152	6165
6233	65264
4116	6635
891	29127
25831	154881
4695	27089
3799	10540
6168	6232
10112	81930
51023	90480
5048	54821
26285	149461
7153	9824
2268	6714
11325	51690
916	50852
6156	23049
6147	6169
3978	5424
991	51088
6136	6228
8453	26043
974	5336
3848	162605
8843	259289
4751	259266
2997	6233
6173	6181
4889	6751
50835	259287
350	462
3054	9739
1937	6202
6330	6340
1116	5199
2033	10014
8729	9371
1981	6228
6167	6204
4736	6144
6124	6142
4303	5901
2197	4736
6137	6233
6155	6165
640	29760
6176	6208
10576	55970
4709	4710
9700	151648
9887	25873
8615	10959
60560	80155
6230	25873
990	51343
22984	57696
23223	79039
6130	10399
6432	10189
26519	26521
389	23526
6155	6204
3190	3191
57191	400720
1783	10540
7314	10920
9787	55635
6142	9349
6204	6218
5834	93100
6207	6224
6135	6141
1515	3113
1033	9232
6456	9892
1398	10152
7124	7316
1387	8085
4717	55967
9475	9826
6164	6202
983	51053
6130	6203
1350	27089
10484	79090
1495	1969
8694	158835
54539	55967
6160	11224
988	24137
9700	29945
79172	348995
6168	9887
79600	79867
4751	4867
2185	9564
2491	5903
6235	140801
5438	5440
4700	4707
6714	8976
7283	27175
4588	140453
4691	9136
5339	6205
6130	6208
7153	57122
3191	23435
551	1392
1981	6210
2773	29899
2813	55350
26190	83737
60560	80218
2832	3827
719	63940
6207	7311
1230	2826
23212	84365
3309	51726
5311	9727
6189	25873
5894	6337
54620	80204
10574	10963
999	1956
5689	5700
4969	11081
5516	5707
5928	25942
7164	152503
5879	7456
25885	55703
5706	51053
9833	259266
2776	5331
23322	79600
2633	2634
1435	8542
9793	10403
3675	3694
353139	353145
10914	79869
53981	79869
53829	57413
23112	80012
60488	116540
8673	10970
4172	10714
1639	10540
4940	10561
2207	3937
3055	3684
5529	151246
8349	333932
5501	25936
1314	9276
7311	56288
991	23327
6161	6173
3191	7536
6165	6206
695	971
6205	8562
6164	6189
8453	89910
3191	10949
1337	1351
7175	55746
2197	6158
8243	23244
64951	64960
813	3491
1063	9700
1639	9371
988	3843
6167	11224
23160	25885
1292	8974
4809	5435
6209	9045
6161	6176
6206	27340
10199	84946
1457	1857
399	4983
6173	6234
2197	6204
5111	10714
7311	9666
133	79924
3921	6133
1033	9787
7317	140459
6160	6235
6208	6233
10540	57511
152	11255
6203	6205
10094	10095
27292	84135
28987	84916
1069	10383
10956	11236
7316	64326
4353	5657
2197	6125
966	11314
2159	2243
8337	653604
10930	29974
8544	10787
399	1894
8453	9666
6135	6142
2058	2617
5516	5903
2918	6752
4736	6222
8317	23649
9700	10615
116	5739
800	10398
6234	23049
7412	388646
4726	9551
4512	4537
6141	6161
1445	2213
8322	8324
6228	11224
2064	2886
377	24137
9212	79003
10316	729230
5528	151648
87	226
6188	6229
8317	80174
6218	6727
6128	6194
2837	5331
6210	9349
84418	100049587
332	5501
3301	10808
1857	27130
8687	8688
10285	23350
3687	441864
6602	6605
6830	22916
3491	11098
5929	284058
919	3123
5861	10540
248	6975
6194	9349
6139	6160
5880	9743
6169	6222
161	8650
6139	6209
9276	22820
6208	22803
891	55839
1956	3569
5199	56729
6130	6229
3491	10970
988	9219
2957	5433
387	7094
831	5747
1915	10399
153571	153572
6133	6203
6637	51639
5023	6518
1398	5829
1667	1668
22794	348995
6161	6218
285093	390190
6155	25873
6233	9349
2033	23774
2026	7167
3054	23067
7204	60675
9320	26268
6164	6170
6147	6154
3133	6890
5230	7167
8607	11091
3837	22974
1669	1991
816	4137
5563	22863
3184	220988
84085	154881
23533	55361
9277	51010
6128	6171
6241	55143
3326	7415
259	2244
3184	3191
22954	57542
6158	6173
2956	5422
25909	57122
3921	6168
6205	51202
8615	9276
60	10095
6188	6235
1398	11184
6189	6228
10153	55131
9604	9867
10022	259287
1478	65109
6209	6222
9757	23067
1956	115548
22974	259266
4609	7022
3192	7536
2803	90196
6142	6194
2817	6382
5529	81930
64151	157570
1387	6601
7042	10490
8329	440689
23309	79595
6158	6234
6122	6169
6135	6143
10540	121441
2197	3921
51382	222487
10236	27316
9730	84085
6161	10399
2956	23028
6207	6230
388	9938
4116	140801
4508	4514
81	5829
6144	6208
4508	4513
6207	6227
7109	51693
1362	3482
6222	6234
391	9743
6218	6231
329	5707
10970	11001
971	973
6139	6173
26224	84085
9782	27316
8301	9341
5695	5706
5599	9043
1022	5887
5526	6249
6189	9349
3105	3133
776	786
79954	84154
4700	4712
7316	7328
9354	89910
2790	5579
1364	1366
11091	81887
57551	79172
5048	5529
6241	10403
3181	10236
5660	63940
720	375056
4172	8888
3054	3607
2633	117854
6155	6159
891	5515
4666	6136
3361	4283
6921	29116
6209	27340
9742	57560
6128	6233
1933	6205
5590	23286
2023	2026
8334	85236
6135	6189
6122	6168
25885	55127
7514	81930
6133	6218
1981	6208
5286	29988
6891	6892
3191	27316
27340	56902
3918	375790
11051	55660
389	9411
5861	51014
10254	10552
9294	64805
1981	6146
6426	27316
5528	9126
3156	4597
6518	326624
6167	6232
9636	11274
891	1033
4173	79892
1315	9570
813	10970
23160	51602
5701	5715
2519	51816
4690	10096
185	2641
9801	28977
3008	3009
864	10413
56902	84916
3355	4889
5196	94235
5928	57649
3015	5438
6136	9045
1601	9341
6139	6194
1933	6228
5547	326624
6223	51187
3675	3688
389	94134
920	9026
5345	7076
8189	51639
3655	375790
6154	6193
701	23047
5473	11251
1282	10536
5627	10461
6141	6203
6164	6176
726	831
2033	5451
4736	6122
388	23526
6161	7311
10155	25799
6147	6231
6774	9021
5501	9700
2792	10563
5189	6233
3111	3122
4736	6160
10382	91147
2197	6146
226	2539
891	9787
6173	140801
1937	6201
6128	6159
3669	4939
6129	6202
5878	23011
5347	24137
3185	84991
6156	6218
830	5870
996	65264
336	2262
6434	10236
9738	23354
5879	64333
4670	6434
489	4853
2209	6688
55168	64928
2804	64746
51645	85313
3796	5519
344892	390275
6202	23049
3691	4233
399	9459
4998	5422
6138	6173
57187	65109
8704	55624
6233	10110
8976	25977
6152	6207
1062	23095
4174	10036
10153	55759
3702	9402
3796	10274
27241	166379
10403	57082
3091	3939
2316	2317
705	51602
6208	11224
6139	6168
6164	6222
3320	57545
3921	6164
10112	22974
4734	55008
5528	113130
10342	10427
1292	5352
2131	6385
3320	10808
10902	54617
2864	27334
226	5768
2837	84539
4708	55967
9493	29127
1956	23624
890	10403
1062	1778
1347	1350
51350	112802
6363	6752
377	29127
29894	51593
10524	10714
348	5360
55839	55920
2197	6193
6830	26043
27097	79595
10096	10152
5587	112476
6124	6202
332	29127
1879	5079
6240	10051
6154	6208
10945	10959
5747	7454
10657	11052
1062	79172
5336	7525
8615	100302736
187	11251
9700	10403
3119	7535
2034	3091
6157	7178
6632	6635
6134	6175
2917	27199
22995	146057
4734	6047
999	4072
6152	6231
383	56729
9742	23059
6204	140801
3688	5879
3017	126961
10197	64682
1290	1303
3937	7454
405	1387
6249	8826
891	1783
9055	10376
26267	63893
5432	27125
4171	81620
23223	64318
259292	259293
23291	83737
6144	6222
6209	25873
7453	8565
1173	8301
8976	10552
1991	10394
22826	85313
3213	8338
2537	9636
595	896
6193	9349
3881	54474
6130	6167
1915	6122
2537	4599
3635	4233
566	6037
4131	5048
2537	10964
6189	6222
1234	1236
4076	55226
387	7046
2932	3611
197	3827
5928	10013
1365	100506658
3163	3725
3017	8969
51121	79048
5094	84991
9282	9968
2865	6288
5872	51715
23521	56915
6228	9045
4695	51079
677	56915
6233	8976
26091	65264
5699	8945
9276	11070
6230	6233
887	5020
9416	55660
8829	10512
3192	5093
6176	6181
4641	11127
10963	22948
6167	6234
6170	6171
10943	54556
5862	8548
1642	56852
5566	7283
4736	6138
6727	140801
3356	6915
9320	55236
983	7514
5094	27316
5695	7979
6428	7307
1406	4901
5747	9475
10383	84962
11116	79959
90480	116540
64979	219927
811	10130
2932	5704
51069	55168
1601	8322
6232	10952
23160	84916
397	5880
1478	25949
2067	91442
3698	51156
4735	79867
1660	23283
8688	286887
1605	3688
1665	4686
121504	333932
3912	10970
53339	197131
6827	51755
886	887
521	84833
988	5985
9787	22974
11137	51388
3685	9564
1136	1137
10540	29127
55055	79172
671	5657
867	5290
26589	28998
8514	11314
5294	7409
5005	7276
932	199675
6173	6207
846	56923
6869	347148
6146	6181
91543	129607
23521	25873
4736	6175
6139	6181
5970	57506
351	5443
5872	53916
4867	91147
1116	56729
6176	6204
2305	9833
10664	22976
3655	3912
2535	55970
55336	118424
2207	7305
7450	54756
54960	79023
6146	6152
9341	22836
9793	81930
6428	7919
7514	9126
6202	6203
316	4837
6136	6181
4353	56729
3838	22974
6850	23533
6429	9295
6836	22820
9738	57787
6233	151636
6144	6201
6161	6175
23279	25909
7311	55669
108	7252
10857	10970
5744	55970
4171	5426
25926	51096
3113	3123
7357	166929
2957	7702
7155	8289
10155	10520
5371	6672
6616	8673
156	7852
5880	9844
7456	8976
5037	54845
6130	6181
2243	3827
5725	7536
6233	154214
23586	54476
4540	4712
3687	79895
1642	79913
7311	8450
8337	121504
5119	51652
6169	6224
462	3827
6218	25873
6572	8322
140460	197131
1778	10577
6206	140801
6124	6230
3921	6209
6233	54778
2033	5929
6209	6232
28973	64928
1111	2177
1364	1365
377	10540
1173	10552
5516	5529
23291	23327
2107	6181
3491	5954
6288	6863
6130	6165
1308	3914
1660	11338
6130	6136
5054	5328
1453	3921
5879	9564
2197	6233
112	57413
1292	3685
1350	29796
1129	4889
830	29127
6160	6202
11218	23511
389	4627
4172	10036
5741	122876
6157	6194
4088	5784
4854	5087
11167	54972
6793	10857
9126	25936
6850	9564
996	80012
2072	6233
6122	6138
10946	22826
6206	9349
2798	56923
8886	84916
6159	6176
2305	5518
6317	6318
6175	6209
7133	57153
6207	6234
1387	8289
5436	27258
3921	25873
6168	6231
3015	5436
9282	9967
7478	7479
580	10714
1783	2801
701	10403
2960	4763
4886	5733
79954	84128
259293	259295
6141	6205
2186	196528
6605	29117
1645	8644
2817	6385
6141	6158
5725	10949
6885	7182
25885	64794
9459	64098
6189	9045
259286	338398
6161	6194
1937	4736
1981	9887
3833	64837
6202	11224
4809	51065
7314	9134
5515	6157
389	64333
645836	100287238
2848	122042
301	2788
9076	137075
116541	219927
3713	6705
6993	10755
3673	375790
6426	100526737
6157	6233
9886	84144
6210	8662
2799	5834
245937	613210
6173	6206
3688	91522
6130	6228
890	4288
3688	8482
7298	10403
6206	7311
6175	6193
9782	10949
1991	4332
6189	140801
9181	57530
534	8992
25977	286451
966	79090
6224	9887
6181	6229
6170	23049
6772	83666
6453	8976
1981	6175
9570	22872
1291	10491
22954	57630
2932	5529
2359	11251
2784	4985
1660	9128
8688	8689
3836	10971
2792	26338
6142	6143
3921	6222
6132	6161
641	4439
6208	6222
92104	150737
5977	8289
972	3119
1524	729230
6128	6137
3683	5023
10193	80204
3915	51280
1856	29763
7058	9507
6159	6229
6144	6164
1315	23303
6635	11157
7516	11073
1175	5878
5869	26130
9055	10112
3921	6155
5516	6249
7862	54815
6159	6204
9320	89910
4514	4537
991	11004
6218	55127
6158	6203
10075	84231
2185	3320
51362	348995
334	3915
23279	81930
6202	27340
25909	55746
4343	6714
6169	6227
1781	9493
2770	5599
54885	152503
9411	29984
6059	55720
6228	6232
6637	27258
5347	29127
3866	3880
3832	10403
950	3482
5725	10432
6790	10112
3092	9146
2023	5315
6217	7458
2535	8324
2965	9646
6428	22826
1559	1576
4867	80321
8945	23304
10969	51388
3184	9987
6159	6193
1452	5515
6161	6181
6176	6202
204	4508
1308	3655
1277	1291
701	57082
1665	9879
4736	6157
4116	6233
3376	4677
2784	6752
3692	10969
1829	3728
8533	54951
1063	25909
3635	5579
6142	6233
5829	7852
6142	6165
29127	81930
2197	6167
833	4141
6138	6218
23332	27229
4627	5898
534	7037
1933	6227
377	3799
6434	7919
6517	84246
6147	6175
7204	10800
6137	6218
1605	6714
6209	6228
259287	259293
9636	10964
4519	4539
7316	8864
389	1894
7454	8976
6207	23049
64761	83666
2826	84539
23076	57696
301	55970
2696	53831
2358	57413
389	2064
4069	6036
4736	6205
3200	8338
6159	6230
25942	57649
4717	4718
1088	2358
1781	5516
8334	121504
2491	6249
10285	23451
1062	24137
1595	5447
80176	142689
6908	54815
5660	7852
5797	25945
8697	65264
4171	6749
79865	340205
6157	6234
6636	10465
23291	56929
9491	200734
79867	84902
1781	4735
6601	55193
4512	4536
6135	6205
2962	4298
3913	11098
7337	9730
6138	6161
54856	55870
6147	6156
208	2475
988	55183
87	5768
2798	4829
6142	6152
23586	83666
87	3688
1946	5294
55689	55929
6167	6222
3355	5733
8566	10855
4254	7409
84648	353137
28987	51388
6189	7311
1650	29927
10489	84231
1387	4205
344892	390084
983	6502
6204	25873
3691	3909
8450	51122
1081	7252
891	10112
5424	5426
6152	6206
3921	7311
6223	6228
1794	5880
161	3482
4008	22954
2801	5861
2204	160364
10121	26005
335	336
701	23279
7311	154214
891	4751
400	90196
22803	27340
8568	22984
4057	10321
8925	54778
6130	6164
9371	10749
6203	6228
2935	6189
5822	55127
8515	22801
9969	23389
345	2262
6144	6227
26019	51121
1398	5599
5861	5878
60	1072
7311	11059
6709	6714
6230	23521
6155	6193
23197	26043
4862	5054
4686	10594
991	2491
23304	26268
7327	8925
2205	3702
55055	348995
3184	10181
7272	10592
6230	23049
2846	2922
84078	89890
1981	6232
6164	6193
133	2790
2521	10236
1595	51478
6142	6161
4700	4726
6169	6171
5707	10575
2792	391195
146	148
1230	29899
10975	126328
4508	4519
9787	29127
161	24137
6152	11224
6136	6208
641	6118
399	3633
6189	6234
553	680
9844	10458
2960	2967
899	9700
8349	8970
6130	6135
4953	51686
2197	6194
991	51665
6633	6637
6209	6227
10412	23517
5529	79172
9700	25909
10890	57403
1660	1665
23223	79711
11014	22818
7311	10252
1315	9382
5286	9685
55720	65083
10713	51692
10051	23244
8349	121504
1778	5861
3921	6206
54908	151246
6164	6173
6160	7178
6139	6169
7919	10236
3619	29127
6169	6204
6232	6234
9126	11130
6122	6234
1933	9349
10960	51128
6233	51592
3270	147111
6429	10236
1268	50865
56670	59340
10525	29927
4512	4538
2782	59345
54881	65083
139322	374354
23291	57154
133	55970
2033	2072
887	4295
3914	375790
84135	134430
302	5834
8027	51429
2491	5048
84648	353145
3192	27316
6129	6170
7375	8717
6137	6147
6556	196527
6133	140801
6158	6160
5869	10254
8351	121504
4176	5111
10749	11015
988	3839
2814	2815
2683	5660
3921	6223
472	64421
7476	7483
6233	7158
4116	6202
5329	27286
891	995
56670	94235
11015	51014
6232	25873
1956	4837
6207	11103
10250	22794
811	5034
2197	6176
6147	6203
9320	25831
5684	5688
6141	6193
2956	9126
3852	196374
6130	6193
9276	9632
2268	7525
999	3691
11200	79184
8453	8697
4707	4710
6152	140801
1314	9527
10236	10921
5501	25909
51676	115290
79583	79600
6189	6209
1660	10523
6168	6189
5436	7936
10466	79571
6141	9045
6128	6173
55737	58533
221	5329
51330	115650
23028	57504
51003	400569
7003	25937
6181	6189
6790	9833
89890	90025
9666	143279
2848	285601
5781	10818
1314	8615
2247	6233
1121	81846
1669	56729
4171	4678
5737	56923
1191	2162
2790	2863
6143	6222
27043	27340
5023	5795
2222	3156
79895	338339
6136	6202
1315	9371
5529	22919
9283	51764
1434	3838
3659	54739
4173	23397
54820	57787
1398	9046
1282	1295
6827	10302
1956	3084
8334	8969
5516	151246
5715	7314
351	8477
4736	6228
649	3339
7514	55746
1116	1669
6776	26228
6142	6160
8065	9354
9551	27089
6631	51645
6202	6206
341152	344892
1230	2770
6632	10907
23327	29082
1956	2064
1495	6714
1233	11251
27340	57647
11095	157869
8843	27198
6139	6164
1337	1347
2788	5294
23291	55832
1299	50509
6158	6205
115827	326624
5557	54962
79132	91543
3267	10096
1233	6370
7486	11073
2185	375790
3852	3868
6224	23049
11118	11119
1241	56413
3685	10857
6599	57492
1453	6222
6146	140801
1781	51014
6138	6154
9632	10483
7525	11099
5347	54908
920	29988
2151	3356
6155	6170
4538	4541
6158	6223
9716	11325
6234	8666
330	637
6130	9349
4736	6232
3213	3215
56902	88745
6161	6234
1337	1340
8243	79172
1544	169355
1956	10552
2810	4486
2935	6164
10964	55601
1994	27316
3371	84141
988	10574
80321	91147
6207	25873
4641	5879
7337	26046
23627	137797
5861	10484
1088	138050
2197	6227
26268	53339
6168	6227
9879	58517
6203	6230
28998	57129
156	2121
1303	55214
6157	6235
3909	4233
6143	6175
2832	117579
993	84126
6142	6181
4712	29796
7846	57545
3685	3688
1453	1855
5981	10051
830	11127
3181	10713
3559	3560
6128	6154
5347	9793
10489	51343
6142	7311
3181	51692
26523	192669
5829	23209
6925	6938
6921	10987
6135	6227
3491	54972
1063	9793
23160	55720
3921	6128
1915	6228
999	3918
8128	8703
4734	26091
689	6160
830	10652
5707	200734
156	2150
259287	259292
1495	5781
6133	6231
6167	6229
1646	8644
5688	5705
6218	6235
9015	284119
3054	8314
5869	11021
4976	55669
4540	4726
3394	6688
51650	64976
1832	2125
3915	11098
6130	6189
6227	6231
1557	1559
5700	5705
80328	116372
5558	11169
891	11065
373	7322
4670	10949
6625	6626
966	2207
996	9320
5717	126374
22984	25885
3092	6233
2168	3158
10540	57545
2150	5332
7204	55970
4544	5443
64928	64979
26005	79867
344892	347468
3192	6625
6137	79707
1118	3417
2521	3185
5725	10594
2023	2597
671	1669
9341	22905
2935	6170
1500	6714
1088	6556
890	1058
6204	6206
6233	140460
7311	55914
2204	338339
7337	9320
8655	60673
1063	4288
6133	7178
79339	344892
6203	25873
6338	6340
2079	6637
3202	3204
8740	10673
896	1032
6161	9045
4233	5795
11187	64065
23398	23517
6173	6223
8175	84811
1642	5983
102	1088
6138	6156
4829	10886
1431	7416
9716	55749
6711	10466
5880	10298
1063	3832
6144	6207
6154	6234
57111	64284
4670	11052
971	974
996	6233
1387	2033
57405	79172
6168	6222
886	2846
8347	8365
8697	11059
3796	10735
6307	51478
1062	2491
56995	84085
6202	6228
23560	84172
719	945
10900	284069
26589	29093
728	50835
8453	54165
4087	79753
5438	51755
6279	6283
6139	6205
3889	3892
933	973
116	94235
118430	727897
3190	9128
7311	8976
10489	197131
6136	6229
6156	6224
6203	6208
3937	7305
6173	6204
2064	7525
5179	5733
394	7204
10969	29997
57647	79954
9611	9967
1329	4713
988	60682
8993	10394
79643	92421
7454	10787
10376	84617
336	338
4541	4724
2962	27238
6147	6233
6168	11224
6128	6201
6142	6167
5861	10972
5516	5708
3660	3662
9793	23047
29984	64333
7311	25873
6133	6157
6208	6230
8085	9757
6194	6208
9820	201456
6176	140801
9879	23517
3939	7167
9371	51014
1029	4193
22954	23291
6453	9322
4736	6159
9493	11014
10813	10885
55635	259266
4735	11190
6144	7178
51649	54998
10885	55720
3481	5005
5093	6626
2790	9138
6667	23248
2197	6135
2767	9002
5929	6872
6128	6188
1910	3827
81930	259266
5928	57690
566	1991
5529	7514
11190	84962
377	5861
1717	6307
6155	6167
5536	5894
9410	10181
3683	3693
7305	10870
8658	80351
1268	9294
1161	7518
8843	338398
6428	57819
1290	10536
3303	9531
9493	10121
6184	6185
25909	54821
2123	2124
1536	3163
6164	7311
90293	285231
26091	57542
3192	10523
3320	7415
6203	6231
701	3619
4736	6234
122042	285601
6168	6193
1499	5708
10436	51202
147	2150
51289	259287
1058	55839
5695	11047
5476	5834
1634	4314
9904	79050
4926	5116
9793	23244
1937	6175
6280	6283
351	1524
6152	6194
5004	5005
6164	9045
4586	140453
6233	9101
51429	54874
350	2147
1019	192670
1577	1579
7514	23279
3267	10618
6169	9349
1994	10236
8243	10592
6208	6229
6428	10946
963	10857
6224	140801
25937	51421
5116	55755
9318	11275
689	4666
23011	51715
3984	54434
1511	4069
1453	80097
156	9002
6169	140801
1133	7200
3691	3911
6169	9045
23291	26091
54732	55738
84131	347240
2197	6157
6168	9045
54617	57634
6790	29127
5880	171177
6144	6194
8453	23291
3909	3911
2197	6222
55781	84135
864	5708
4173	9126
5361	8829
1105	4343
51023	219927
6223	6234
8924	10489
6636	6637
3915	5621
2968	9656
1495	7082
4736	6124
9377	54539
1435	3371
6130	11224
23404	54881
4696	4715
4584	4586
3184	6427
9221	25885
2799	6386
2932	5516
6233	221937
6201	6218
1933	6233
2033	6872
2251	8823
5290	6667
54069	79682
9636	23586
7311	55272
84516	91949
3355	5179
6169	6201
26190	55236
84643	93661
2207	11314
566	4332
3105	5696
6142	11224
226	3939
5708	7316
6124	6160
10116	53339
7178	25873
4690	10152
3312	10808
23322	79867
54577	54657
3688	7057
813	1435
6160	9349
6154	6194
891	2801
5698	6890
3157	4597
3362	53831
6160	6164
1595	3157
3895	3915
158506	285231
904	6667
54148	64928
6152	6181
2194	6319
6626	27316
2036	57669
945	84418
6135	6234
2768	5879
54821	81930
1660	3184
344	9672
6144	6159
9341	51429
11065	83461
25915	126328
1936	6132
2633	4940
5716	51330
8334	440689
6130	6223
3882	3886
9879	51690
26290	140453
29093	65003
9183	64105
2242	8829
6175	6203
1282	1292
836	6789
3909	3914
6135	6230
351	8698
10540	24137
5519	9183
6154	6206
2975	10621
51096	84128
9727	55770
3181	3191
6144	6204
5795	326624
11343	57552
6203	6233
3685	6461
3191	3609
28	2525
51650	64983
3880	4072
2002	6722
5433	6426
6232	81930
6223	6235
8074	29106
6229	7311
991	10112
6161	6233
7337	9867
6129	6130
6138	6227
521	7381
3886	54474
6142	140801
6128	6168
6217	84916
1778	4735
23332	57551
6136	25873
1943	1949
26589	64963
3376	51520
932	326624
516	51287
156	8477
2033	27327
6635	23524
3055	6503
1669	3240
6201	9724
332	9793
1398	3071
23279	55746
23014	55884
2207	5335
23160	134430
3619	113130
3978	5426
6167	10952
940	3695
7178	7311
6772	6774
6734	58477
9416	23451
26271	51053
1994	9879
811	813
50831	56923
6139	6233
6164	6227
6160	6169
6218	27340
2935	25873
50838	259295
6161	6208
6164	25873
567	6737
5684	5694
3685	7525
6208	23049
3687	22918
351	3912
54874	115548
6194	53918
6134	6228
353137	353142
186	84539
6155	6228
3912	11167
2923	3309
4869	55706
1131	2769
6201	9887
22948	84790
6164	6203
57530	100506658
6210	27340
3688	7424
4116	6160
197	2243
55168	219927
462	51156
3309	7184
963	8514
6175	6204
991	5707
988	10640
5879	10458
7153	23397
10574	10575
147	5021
2634	3659
2064	6714
144699	154881
6222	140801
7272	64151
79470	344892
9904	79954
6129	6155
6201	6227
6202	7178
54778	84231
4352	5335
4724	7381
54069	64946
6233	6234
3675	3918
3133	5696
6132	6227
6135	23049
24148	51340
6223	25873
1350	7388
8356	440689
2935	6122
580	80010
4701	4713
2322	6688
4297	51230
6144	6167
5438	10302
10926	63967
6142	6232
58505	200185
79980	113130
941	942
2204	199675
6205	6206
3361	9290
4057	6709
6374	338398
9790	55127
10618	22848
6152	6227
5660	55970
6208	9887
919	7535
6147	6222
29127	55165
5880	7454
10112	55635
1559	2327
9212	10024
5879	94134
8295	8945
1793	5747
10053	152503
2833	6346
6203	6204
6165	25873
6155	11224
22888	51343
6146	6218
57542	197131
11064	27077
4694	4701
861	6604
6157	6232
5868	57403
6122	6207
9652	23517
1763	10111
991	5708
25831	65264
4803	5607
9126	9793
6709	51014
1659	9716
5928	9070
8453	65264
1488	6934
22897	653784
1269	53829
6138	6168
6168	6218
514	4726
6143	6194
472	5429
1933	6160
3921	9045
6181	25873
4736	6233
5347	9738
5604	8826
5605	84292
23291	89910
55759	84154
6155	6201
7874	56655
11103	27340
3956	7076
2962	57794
6142	6159
908	991
2837	3358
80224	374291
6229	6232
4695	4700
6147	6228
5657	6037
868	5930
6168	6202
29984	257106
5093	10236
4696	4718
1062	9276
6176	6233
9025	9656
999	1500
7466	51280
81794	339366
126328	374291
3683	10970
5695	7314
1660	10236
7153	259266
10112	64837
6194	6203
1315	2804
7057	56999
11190	57545
9276	22872
3833	9793
1981	6167
1435	84141
6222	6223
6175	6218
22984	79039
5604	7529
4686	5440
6202	23521
1208	5406
6500	55884
9136	84946
2178	2189
23291	51122
1915	6130
4033	4257
6137	6154
10992	27339
2817	5673
10022	56923
904	5431
4736	6230
6135	9349
3437	55601
11274	23586
57545	80184
712	714
521	55028
6160	6175
2305	5347
5869	10552
6181	6202
336	51156
963	10970
4540	4701
1462	9469
963	5023
51264	219927
7536	10949
3491	51280
6122	6159
6232	7458
90	4088
9655	50813
2691	5739
3305	9530
6222	51187
4734	89910
6167	6189
23291	65264
4694	4726
51602	84365
3913	375790
4686	10302
5368	64805
11224	25873
3895	5954
7415	10383
705	23560
3437	23586
6154	6202
90025	158506
3915	5879
6222	6231
4707	51079
2935	6207
1555	1577
8349	317772
1500	7082
6165	6181
1915	6230
3183	5094
6156	6232
6135	6209
9875	22984
1915	6138
3619	79172
1233	56670
846	50835
3619	3832
10403	10615
3569	84141
1906	6375
2033	8085
1241	55970
9219	10919
4734	8453
83540	220134
9738	54820
55127	84172
6128	9045
5266	6707
6188	11224
6223	23049
3106	6890
26046	26268
3664	11074
3071	10787
64981	116541
9462	64926
1822	23028
6152	6218
813	84141
9738	55755
79600	91147
8615	9570
5610	6774
6233	8450
3685	8514
472	84142
10022	50838
1933	6164
6176	6189
55252	55777
6170	6204
22845	57171
6168	6188
55901	170692
8329	8365
7415	56729
6165	6201
55720	84916
1950	2277
51289	339403
5869	10890
2788	55970
420	58530
4736	6125
51465	51676
3921	6203
3854	9119
6135	6232
2965	8731
6209	6231
4713	4725
4736	6193
6218	6230
81	55243
163	8301
1453	126003
3396	51081
6170	6202
968	5878
5048	81565
977	5339
2033	10847
3017	8329
701	8243
5747	11099
6204	23049
783	2784
7272	10733
4725	51079
5438	85437
641	116028
3886	286887
10885	84172
5903	22919
1793	9844
8349	79101
344892	390083
7311	23291
9126	23063
2305	10112
1387	8648
108	797
5332	55970
991	1062
6167	6207
3192	55749
6135	6165
9883	23511
6773	10379
6143	6193
7175	9877
9655	84085
3109	3115
4514	4519
2769	5330
5519	6801
4205	6938
6141	6147
6133	23521
467	3725
1994	3192
3852	3853
53905	90527
5684	7979
3912	3913
444	3091
1824	3728
4853	27327
1783	54821
9126	23332
6135	6137
1824	1825
5610	23118
5516	5520
3912	59277
6237	7525
4736	6130
5111	6240
6154	9349
53917	64284
54069	79172
6125	6139
5048	79003
22948	84617
9700	64682
4519	4538
1453	6228
64951	64979
516	26521
1291	1303
5870	81876
671	56729
6156	6223
7249	57521
3017	85236
1910	4295
6165	6232
6137	6230
551	170589
23160	57647
226	7167
4599	4939
6139	6234
9564	10458
5694	5715
6181	6235
9133	23397
991	22974
7124	51330
4670	7536
4736	6135
552	6866
2810	3655
1457	7153
2918	4985
51585	79869
6201	6234
399	23526
2784	5741
163	8027
5903	10735
6741	9533
1103	6572
9318	54165
29984	55843
6133	6175
6224	6234
1829	1832
6138	6233
10298	375790
26716	344892
1717	3157
10458	10787
23107	65993
6155	6234
1292	55214
5717	200734
5861	11015
5715	7979
3364	5810
3663	23321
8243	9793
3915	59277
2788	2864
54820	146057
6667	10499
3655	3915
1340	1351
778	27091
6625	11100
55755	57787
10458	10552
945	79895
23355	27072
27	4690
6159	6203
2222	51478
1453	6193
344892	390079
10749	11127
7454	10458
10383	80142
3664	23650
10395	23371
2064	5336
2847	594857
846	259292
5660	326624
6229	25873
4116	6135
50831	50832
3433	4940
9700	23279
8334	8337
6205	53918
5286	55361
6161	6164
6234	8562
9221	23160
4069	6037
3937	55740
3359	9177
1398	6461
1088	23601
5528	5702
5704	5714
2792	138883
22974	121441
3191	3192
7314	64320
8548	64746
1453	55127
6137	6209
9833	29127
5708	51330
2776	2837
9138	29984
3921	6157
23212	65083
4734	9604
6229	140801
1392	5744
10403	64151
6193	8666
9138	55970
6517	9968
10802	51128
51429	115548
5707	51330
6234	140801
3913	3915
4159	53831
1783	2491
1008	1013
6136	6142
174	2243
974	3635
29093	92259
5605	10256
813	5954
5725	10236
3190	11100
6133	6168
51444	57531
4008	144699
9277	84946
6138	11224
7311	9978
399	445328
6207	51202
3725	4088
9585	10749
9295	10250
1933	6209
6144	6161
5111	7298
3111	3119
5657	8635
8976	51429
9276	10121
55127	84128
7316	150726
9276	10959
2935	6234
5330	8477
6224	6235
6122	9349
659	9765
3190	10921
9212	83461
174	3698
23020	51692
9014	25885
79682	387103
4709	9551
6137	7178
138805	344892
4927	9212
6142	25873
1327	29796
2491	79172
6128	6229
9730	10425
23	988
23475	27231
3107	3133
3561	5296
11014	51014
3912	3915
1906	1956
4707	4717
3909	5829
2962	80004
10193	54778
5694	7979
5599	6272
8717	9530
6128	6193
84676	140456
10592	23310
6136	6206
5179	7857
6233	11224
1605	3915
6157	23049
1660	5725
1476	10394
11137	84916
4194	7316
29127	51014
1453	6207
3185	4670
409	950
64837	81930
5898	5899
4298	23168
336	4036
1968	8661
3672	3915
351	10970
1859	5928
6453	22905
6224	6229
1962	6233
9371	79989
3437	4599
2197	6168
23160	55127
4695	4724
5516	5519
7175	10250
5094	10285
7098	7311
1915	6139
54577	54578
86	1642
24137	81930
5903	25909
1783	51014
1111	54962
2913	84539
6428	348995
6515	144195
8976	10458
6160	6224
7532	10142
5048	5516
3978	4172
3683	5788
55703	84172
11345	81631
6426	6430
10857	64386
3688	6714
11073	84126
1994	3190
6194	6232
9847	23265
3157	6307
5689	51371
5294	7852
1116	4069
9700	23332
1017	9133
9533	112495
2268	2817
6159	23521
1915	6142
6157	6161
9349	11224
4758	54472
6036	6037
7175	23279
4736	6141
10552	100526693
26682	344892
6122	6160
3937	5788
1174	10016
2675	220164
4512	4514
56667	140453
156	2863
4535	4539
22974	24137
1981	6234
6144	6209
1902	55970
1981	6133
1230	83756
23286	122786
6233	653604
7514	55055
351	6370
6233	7311
6130	6222
6136	6152
1173	5878
54908	55055
3850	3855
2597	5230
114	259285
5516	5526
2268	6774
10523	27316
641	2177
3673	3675
6746	28972
6138	6159
5928	116092
899	140460
521	29796
6133	6142
4670	5094
778	10369
3572	3977
1500	4646
996	25831
3717	4352
4617	4618
2197	6207
26589	55168
8570	11052
219858	344892
11316	55850
25879	84294
27257	57819
11224	23049
6168	6224
55166	387103
64976	90480
27292	55781
6233	9732
6426	23517
6429	10250
6193	6222
3222	3223
830	10282
6155	6206
6152	55176
3937	7462
1432	6885
6181	23521
7337	197131
1500	3801
1956	5336
5518	6232
5439	84844
6142	6155
2207	3689
7153	9688
6142	10399
566	4353
10970	338339
1062	1063
9793	10733
350	5267
6124	6224
830	10466
6136	6194
3837	57122
552	2847
6175	6207
4343	7311
55143	348995
1781	57545
57531	80204
6228	6233
3458	6775
4050	7124
6154	6167
6272	9500
55279	285237
152	5580
4736	7311
7133	10673
1387	81857
2788	5331
6728	51121
4172	4175
51068	117246
1981	6233
22905	115548
2033	8289
80184	117177
6135	9045
6223	6229
1314	9632
389	5217
3897	57698
9793	121441
6165	6209
23142	23291
6556	160364
2792	219438
26146	28981
6157	25873
23658	27316
6203	7311
6205	23521
6921	114907
6154	140801
3360	3375
3860	196374
9341	10652
10552	22905
5660	84061
3178	8175
23275	23509
6428	6430
1395	79924
6141	6202
55829	58515
4689	7409
84261	154881
7532	80097
6228	6230
6142	6170
6233	7178
28981	150737
3688	3918
1173	24137
6206	6229
919	3122
4670	220988
6156	6189
6167	6210
4519	4540
9557	57804
6154	6158
6206	6235
51715	57403
8468	91646
891	51433
1595	4047
1287	3688
1783	25839
2792	5145
4624	4635
27095	149111
3192	6626
2178	6118
9276	11014
6233	8334
4713	55967
8976	147179
8881	26224
2197	6156
1781	7531
10458	55740
6169	6234
9793	26005
146	2922
1665	4839
6176	6230
3007	3024
6133	6188
6156	6167
6210	6235
6129	6143
7096	10333
6232	9349
5708	5887
4867	9657
1933	6193
6144	6173
1268	64805
1347	4726
6830	9646
55131	57647
1453	6223
1783	22930
6137	6139
6164	6230
7305	23601
185	2642
5438	51639
5330	9002
1981	6218
3915	5954
2790	7852
9655	57542
23049	25873
1655	11325
3192	10921
1781	11190
6599	6602
6189	6204
2695	7434
3017	8334
3837	9972
6202	55176
2266	9715
6137	6169
6170	6227
80097	653784
6209	140801
6776	6777
632	4094
9927	10059
6208	6218
22974	203068
1894	10112
111	10268
3837	3838
6170	6173
3371	3912
1741	22941
3190	220988
6628	6636
6135	6170
6122	29997
6997	10637
6155	6203
5393	51010
8349	85236
3921	6175
6502	200845
8394	23533
3875	144501
5451	23248
3832	54892
332	9833
6139	6208
51203	55143
5879	9046
1662	84365
9020	51330
1861	27348
963	1536
1778	11014
1937	6133
932	222487
6207	6223
1084	338339
1551	1555
1062	5526
996	115290
23279	113130
6133	6235
3115	3123
5507	6233
1933	6144
4005	4602
6130	6235
6167	25873
6232	6233
4261	10346
10970	11322
6122	25873
22863	51422
2197	6165
1933	6224
858	1956
4707	4712
10920	26263
999	1001
6165	9349
5822	8568
908	55135
830	11014
5093	6625
3635	5777
5347	9918
10403	57405
9700	113130
26239	353132
1434	3836
6164	23049
1050	2322
2197	6139
9495	10369
2719	3698
6138	6204
1329	55967
3659	5371
1398	5747
11127	29127
2359	5196
3799	11127
6125	6158
11339	55143
719	58191
1933	6136
1544	3620
2255	143282
5717	6790
988	51362
7311	55366
163	5878
1781	6249
4173	8914
9738	146057
6133	6181
6135	6164
6218	11224
5611	10525
6158	6194
3376	8565
5708	29979
6203	6206
3015	387103
6146	6234
10693	63971
3433	91543
988	51645
7316	10920
4175	6118
6363	6373
10153	51602
3683	79895
5652	6692
6147	7178
5430	6601
6125	6128
3921	6136
10905	23193
6227	6228
1395	2848
11222	57129
6139	6218
932	3903
6173	6222
10713	11325
4694	7388
6727	7311
274	8976
6154	6201
1356	54757
6346	83756
891	22974
50831	339403
3912	375790
999	9839
7337	84085
4734	83737
1080	2147
4069	8635
11004	23332
1282	5033
64979	118487
6168	6203
6193	6231
109	53829
10193	10489
2197	6164
10193	26118
6138	6203
1453	6227
3113	4261
1495	1942
9126	23122
6202	6233
8841	79685
5558	10926
26155	84172
1933	6142
9793	55746
5741	10266
7204	10316
79473	344892
3339	3912
1794	9844
1347	4713
156	55970
6138	6147
4541	25915
8452	26091
1173	29924
988	9793
1490	25937
5269	5337
551	387129
2792	122876
623	5737
6161	6210
1536	338339
226	7057
114	2492
6136	6160
10987	54620
6167	6201
6229	11103
5361	55558
10885	65083
6201	6202
6692	6768
4332	8635
10293	200845
8945	11059
10193	26046
3579	55970
3909	375790
54996	64757
1942	284656
6130	6141
51510	51652
3046	3048
83597	135946
6204	6228
3486	3491
57545	91147
399	57522
9181	29984
4540	25915
23332	91147
6168	6204
9228	9378
5695	5701
10155	284309
57545	79867
1439	5568
6176	7178
705	84154
2242	6237
4221	11168
7398	56852
10291	27316
6193	6227
5432	8450
64318	84128
8945	26268
8175	56949
701	9824
3071	9564
3178	3609
10552	54874
90025	91694
10762	55143
1781	10466
5869	6233
6138	7311
6147	6227
8337	126961
8453	84085
1277	22801
2788	2863
1954	23295
6138	25873
4237	4239
990	64151
675	27030
7311	89910
3688	4233
57082	79172
1793	6714
6139	6232
1915	6207
136	2863
3178	220988
6790	7283
3115	7535
701	64151
23014	142689
3667	9564
9055	51203
3725	3939
6189	8562
988	79595
23283	84271
1069	4867
1536	4689
6143	6206
6173	6233
9320	154881
58508	84661
6233	197342
6171	6234
9776	55626
1981	6135
57405	79980
2125	3728
4514	4538
6128	6130
6235	9045
55284	114907
8976	22905
399	6453
1278	1634
6133	25873
6161	6223
1277	5118
27076	154064
377	9371
10133	81631
2071	5433
3619	9493
7097	7124
4069	5657
4543	6751
830	10540
6125	6194
1937	6228
752	5217
3685	375790
4116	6168
2209	10152
26190	65264
5063	5894
7316	83752
102	1499
1230	2833
6155	140801
2767	5296
1880	3579
10020	54187
9144	11322
1906	2863
6142	6154
3624	10272
1495	1500
811	7184
3240	10394
4125	6037
120796	344892
10332	30835
8365	85236
6432	6434
9126	9700
6124	6228
301	1133
10959	11014
6161	7178
3488	54757
4088	23327
7184	7466
10952	25873
6142	6201
6164	6228
6637	51690
5422	5983
2935	6181
7525	10298
64792	150737
595	891
5706	6790
6147	6202
6155	6189
3105	3106
6146	6230
6222	9045
6157	6223
7311	54363
5347	9055
1058	9212
6124	6194
3921	9136
23350	79869
29984	54509
5905	23225
6188	6203
7454	9322
6175	6181
1669	10394
9055	11113
9553	54998
2203	5213
6432	6628
10236	10250
972	3122
55850	113220
23063	23122
9782	23435
9662	79441
2205	5335
6132	6224
2521	10921
3240	5005
22919	54821
1084	23601
885	2922
4710	27089
5903	55339
23304	29945
4736	6203
1778	6232
6159	6167
6152	6189
3434	9636
6194	6234
9801	64965
6128	6208
87	7525
6934	283149
891	5861
5441	84844
3673	3688
10199	11102
1778	24137
6142	9045
8925	10489
1062	5516
9700	57082
6142	6147
186	4988
1453	6203
3183	220988
5329	11322
2034	9314
4174	5424
1108	3094
7416	10165
5111	10535
3203	3204
2913	4988
2153	27095
10084	27238
6136	23049
1116	3240
4867	121441
2792	3763
4710	4718
6209	6224
8412	9564
1173	2535
728	6376
9221	84172
6142	6202
1605	5879
6139	25873
672	51755
6142	6210
1062	10592
23122	57551
115290	126433
55175	56995
6453	10552
821	10802
1665	3190
699	6241
4512	4535
11339	79172
63967	84515
7004	25937
100	4907
7311	23607
6136	6176
399	64333
9744	51454
90293	221687
54778	57542
6175	6201
10575	10693
9793	151648
1237	8811
4710	4726
1639	3797
3913	5829
6165	6208
6233	90293
3071	10458
5861	57403
10426	11064
4952	286451
727	51289
950	8976
6385	7852
3914	5829
1124	5879
3912	11098
399	117289
1994	8570
680	4829
2790	7204
6204	6235
26046	197131
6203	6207
102	813
1994	55339
4738	5693
2967	51755
197	462
50848	57530
51433	246184
6202	9732
8976	29763
6135	6138
10071	50614
332	79902
26043	55666
9493	9787
950	22848
64105	151246
92170	503542
5435	84844
4702	27089
988	23435
28959	55365
6128	6234
3074	5476
83540	157313
1778	5707
4536	4537
10097	50618
7507	10714
3921	6232
55726	79871
1843	3304
1347	9551
566	4069
1742	8831
7479	7484
996	4734
8689	286887
6222	25873
9126	113130
6137	22916
3698	3827
367	8349
2067	51317
5878	8411
25926	117246
2207	79895
6122	6194
51676	140739
6144	9045
699	3619
1933	6169
6227	9349
4172	4678
4715	7381
1500	1969
4736	6143
6157	6164
824	7525
6208	7311
2963	11193
6135	6156
6152	6229
4088	5054
996	5717
1981	6164
10921	51692
1650	6745
6158	9349
1933	6201
6152	6155
150468	259266
1347	10632
6170	6208
186	4922
6176	23049
5516	7525
3491	10272
388	117289
6156	6227
8351	8970
3055	5829
51465	140739
6235	9724
1601	10618
11325	83443
988	7112
6229	11224
57413	59340
857	1956
988	8243
2288	3169
6144	11224
6426	10772
6205	6232
29945	90025
1816	104909134
1329	1347
4706	4725
87	7044
2475	57521
5528	10403
1291	3685
10992	79869
6130	6139
6142	6168
392188	645402
3191	9782
23014	64410
9700	348995
2767	64407
10121	57545
374	1956
6181	7178
9493	11127
991	6232
9320	51132
23304	23376
6147	6155
6143	6173
5741	594857
6709	11014
84131	203068
7398	10714
6160	6201
2023	7167
5862	10890
26290	56667
685	2069
1665	9128
4952	22905
905	55677
720	721
6159	10399
1350	7381
5711	7321
917	29993
685	55914
29127	54443
1778	6249
567	3140
1969	5879
7311	114987
4116	6636
10236	10949
6218	6228
6205	9045
6159	6173
5436	5438
1005	1009
3921	6139
9738	10733
8175	57794
7328	57154
5201	84617
158506	246184
79867	91147
119678	344892
5868	26130
10403	151648
8365	653604
6155	6161
950	5286
9180	133396
51172	84572
6133	6135
2197	6136
6165	6207
378	5861
118487	219927
2206	3702
2033	9757
6208	6232
1933	6157
890	55165
3949	5869
6139	6141
6135	6181
1603	100128731
6136	6222
5528	23047
5878	9341
5829	9564
1933	6159
23046	51014
6136	6218
5928	51317
4736	6208
4709	10975
10857	84329
116	4914
1387	23097
6698	353135
2919	6288
3184	6434
5700	5702
1915	1937
3113	10346
7311	23198
6667	8648
26224	283807
51234	55831
8612	166929
9927	55669
813	7184
1453	6235
5519	22919
6147	6234
8329	8349
4586	26290
6130	6160
3659	10475
6156	25873
1043	2350
5347	10112
1314	10945
1645	1646
57521	389541
3921	6159
462	2155
6206	6227
6169	11224
6201	6210
5347	6232
7381	29796
187	94235
1859	132660
4736	6136
6165	6168
3685	84329
6130	6159
6122	6143
6133	6169
1933	6138
8861	90780
6204	6224
79895	222487
23279	57551
6157	6189
680	3358
3351	346562
29118	63876
1908	2865
983	9972
6161	6167
1969	2268
4837	284119
1306	50509
6194	6202
302	6386
10714	80010
5701	11047
5001	222229
1287	1288
4700	4725
1453	8945
3716	7706
6169	6181
5547	10970
4620	8735
10618	51246
10394	56729
55755	79959
6160	6181
23304	64682
389	6453
4709	25915
514	4700
27237	171177
6237	10371
4707	27089
87	1499
1601	6233
11014	23046
2186	9739
3619	9972
1778	57545
372	57511
3921	6167
1453	10427
1062	151246
6156	140801
10413	60485
4116	6227
1088	170482
2801	10427
338	5948
10592	11169
2817	3340
377	51014
22954	64219
2873	8607
3799	81930
3133	10475
4710	4717
3655	4233
23160	27043
10749	51479
3304	3337
8349	653604
10561	55601
51023	116541
8314	23512
695	118788
2548	6556
1856	5869
6159	6223
996	57542
1445	26191
351	7852
2537	3434
6175	6222
111	51764
2935	6173
5430	11338
6161	6224
5432	84962
2150	5021
54474	286887
5023	64386
9553	51650
25827	115290
1234	4544
2151	6915
2317	54751
54751	83706
6155	6181
9787	24137
23332	57787
3320	10787
6601	9031
6143	6159
945	6556
4670	9128
4343	4853
6128	6142
640	7525
419	390243
1956	284119
6203	6209
6230	9349
8329	8334
81	3688
3921	6147
5861	10749
1859	10238
351	54972
6133	6147
400	57511
6135	6136
3008	3024
9972	23279
4514	4535
6125	6201
2197	6152
1500	4233
1308	3909
617	26517
10014	57459
9350	148738
5707	5708
131873	256076
1173	5962
701	51203
963	64386
6047	23291
9039	10425
6143	9349
302	10577
10523	11100
6218	6224
6233	8290
3673	91522
8969	8970
6135	6235
9928	259266
102	1495
6181	23049
6229	23521
3903	326624
3192	11338
26268	56658
8453	9870
29889	51154
5425	6117
624	339403
566	5657
796	797
2222	6721
6230	6235
55832	90293
388	55843
2206	2207
1816	4160
6663	27022
2033	23097
1495	3799
6188	6206
6165	55176
2691	59350
6188	6202
2274	6281
996	51088
2207	8514
705	84549
2353	2354
3713	6699
1290	5351
6923	23198
3115	3119
2197	6175
4541	374291
8697	9604
5695	6500
9972	23165
4726	29796
3832	10592
10285	51692
29796	55967
1915	6206
2036	4646
23521	51386
4886	4889
10733	55142
55284	64750
4695	84833
4116	6637
6176	6206
1605	3913
9055	9133
5048	151246
5315	7167
9655	10489
23511	25929
64928	219927
3190	11052
2935	6229
6047	64219
3360	10888
1956	3655
10890	51552
6154	6228
6138	6152
4540	4713
3113	7535
2537	3433
6152	6175
7328	51444
2767	8477
3071	3320
6223	6727
274	51429
57105	94233
6141	6168
3837	7514
988	5062
6189	11103
9295	22794
1991	4069
5868	23011
3689	79895
6138	6230
8085	8289
377	11014
1937	6142
3339	3915
1116	5004
6128	6138
2042	2045
891	9493
5717	9020
3015	79682
4709	29796
7454	7456
6132	6170
963	3903
7311	27327
6146	6167
6154	6155
6147	6152
4725	29796
9793	22974
6556	79895
2023	5223
3640	53831
5985	63967
10189	79902
6136	6233
1394	3973
54973	79664
8453	8945
1495	5795
1933	6128
1783	9371
8945	25831
5433	10772
6141	6142
6159	6222
3113	3127
6205	6222
25	10163
6139	9045
1778	4867
393	11015
643834	643847
6135	6175
501	51166
2200	401138
6122	6147
4116	6167
8775	91949
2222	4597
55166	79682
6167	6169
6129	8666
23601	79895
6790	9787
25929	79084
5298	8394
64426	79595
996	23291
5438	9978
1793	3071
988	5725
1956	5829
521	4724
10096	10097
6210	9887
6130	6170
56963	148738
11314	100049587
991	9787
10201	87178
4508	4537
2648	25885
2784	3763
10236	220988
1499	23291
5725	10657
64976	116540
5903	9631
5660	6376
334	3491
920	3702
4713	4717
112	3579
2197	6137
7514	9972
9833	64151
6635	27258
8514	57153
1956	5782
51088	144699
10403	83540
2776	27334
4738	9978
1537	6390
699	1058
1739	5290
6601	6602
6135	140801
2064	5599
7469	9656
6146	6229
29974	403314
991	79023
5718	6790
5434	8349
187	2359
3688	3914
6205	51187
4736	6235
6147	6208
4725	9167
3695	8516
6167	7311
2519	3074
84231	90678
5438	6635
6154	6235
6141	6159
5236	5631
9349	140801
7132	10616
6426	9879
9045	9349
7514	23039
5037	10256
9877	23279
3683	3903
4512	4541
3921	6201
6228	55127
2633	10561
5116	55125
928	3655
1650	6836
6159	6205
6132	6218
5930	23295
7428	10425
51715	326624
10540	27175
26589	116540
6141	6232
11051	85313
6182	55052
6124	6175
26190	51122
6188	23049
1511	8635
6165	6227
1576	1577
6142	6234
4713	4728
22995	27229
5094	5725
2042	2044
2817	375790
6142	6204
1213	6233
23160	23404
6233	27327
2204	2207
6189	6229
10193	25831
6161	6205
4541	4712
1783	5516
9877	10250
23112	26523
156	5578
8337	8970
6133	6232
57542	65264
2064	7311
5861	5869
701	4173
6625	11338
2912	4543
3853	196374
1063	79172
6202	6232
5861	55605
6188	6207
813	11098
6923	9978
7520	79840
23332	57122
1981	6139
1457	10592
11103	51575
1942	1969
2064	5747
5023	8514
8655	10540
1287	8974
9320	10193
50838	259293
5441	7314
2519	11098
351	59340
9343	51729
891	5516
8687	54474
4288	26586
3111	3127
2033	26523
6208	140801
27334	55970
26519	56993
3191	11338
27252	55585
5690	8742
5029	5724
3549	6469
9883	51692
6144	6228
6229	23049
864	7004
5338	5898
1431	1737
5928	8085
351	2817
2635	5371
351	3491
26146	79659
1431	4191
6168	7311
79023	129401
127247	131405
1915	6222
6222	6233
65055	128366
3856	3866
1398	3320
8655	79023
3156	3157
6146	6224
2073	4331
4539	374291
51429	54885
6193	6203
9685	10618
51692	55746
6045	171023
2064	2065
10885	81887
1019	11140
1933	4736
6152	9349
1445	9564
6233	84749
6124	6146
5080	8338
6155	6158
6206	6209
2975	11128
6235	9349
5693	5707
6233	56254
831	5829
6161	6193
5361	7305
4539	4540
1994	3609
185	2862
1058	6790
10155	10780
3559	8651
871	1303
3191	10657
6125	55176
928	113177
1736	84365
8875	55350
9631	23511
6138	6165
1756	284217
8243	10051
6631	6635
4171	4172
701	9793
2197	6181
3685	5795
6152	6173
2821	7086
2782	115557
950	7316
3619	9793
1500	1942
274	6453
10427	126003
6201	6229
988	6596
3811	3821
2316	3688
6138	6142
81285	285093
6135	6207
5725	27316
8356	121504
6209	7311
6173	6191
221	5328
6128	6231
3796	3799
1639	22919
909	915
11339	79682
1816	3973
2695	2792
6175	6189
117177	121441
283111	344892
1778	79867
5519	5903
1048	80740
6624	51411
974	29760
6122	6185
3619	23279
51320	200845
6144	6188
1062	9493
23304	140460
7042	83706
6194	6204
6124	6222
3191	10432
8843	338442
10236	51692
388962	654483
3308	55706
890	9824
3980	6119
6464	6850
2521	27316
1832	3728
27340	55720
886	3061
25929	55706
27229	55755
3838	4343
991	54821
904	9646
6160	6189
3916	3920
3725	23512
988	55770
4008	7321
6136	6170
778	779
6193	6232
3054	6872
3912	54972
6136	9349
3685	3903
5529	5903
1778	10112
6144	6233
2557	2560
857	284119
699	11004
9553	29074
56923	259295
1088	150372
26354	54475
51143	348995
4067	6776
1642	11091
9410	29894
7037	54885
1956	3688
1573	8529
2266	3481
988	11193
2863	5021
96459	201163
5880	91614
2197	23049
5529	55055
3187	10181
10376	150465
57153	160364
8568	57696
11157	51503
6373	10563
7324	79876
3313	9093
6170	6203
1001	3728
5347	259266
6201	9349
1933	6133
2934	51411
6605	11198
51429	152503
388	257106
6137	6235
10616	51465
23168	56254
6227	6233
22974	81610
3183	6434
6181	6222
6231	25873
695	6850
1605	55624
1062	11004
9564	10787
8568	51096
1778	5529
5529	6232
6152	6235
6143	6202
55326	137964
79895	160364
2790	27334
6152	9045
5426	9126
4726	7381
23304	57531
10381	84790
5868	9341
6189	6233
6877	51593
1307	50509
6208	6235
1236	4544
891	2491
1994	23435
1063	7153
6698	147409
84727	122769
4686	9879
1783	29127
4736	6218
6138	6170
7311	9045
1956	3691
6189	6205
163	8976
1072	5216
8729	10121
4048	126014
3685	64386
1278	4313
3303	3320
1778	2799
8687	286887
388	4983
3178	6434
25885	84172
3832	6240
54998	128308
1113	6855
890	10460
1302	169044
2912	6751
55832	154881
23322	57545
51514	64708
185	186
2914	4988
8602	84365
9767	11143
23244	57082
6233	54363
8881	29945
6157	6228
26190	197131
23295	84231
1277	4060
5440	55726
6155	6231
6193	6228
1129	8322
2695	2784
27340	84916
4734	23327
6130	6147
25942	57690
23511	51692
551	6343
3673	3912
22984	26155
8243	23047
3123	3127
9349	25873
7311	65264
6136	6230
6146	6161
3912	7184
1277	8974
9887	51065
2935	6168
595	5694
154	1956
3921	6194
79172	113130
6210	6233
3030	3032
988	10236
16	2617
55008	57154
4540	4724
10112	24137
6185	58477
5903	79172
6222	23049
9816	9875
3355	6751
1129	2912
643	1268
3222	3225
8638	91543
51122	56995
11339	64946
5768	11167
6374	259289
1950	3671
6157	7311
10952	11224
79172	151648
22905	54874
57678	253558
7311	11224
6169	6229
9437	259197
3488	7857
317	835
1120	1375
887	2147
2719	135152
11127	64792
5905	6232
4736	6202
10014	54880
344892	390326
3558	3717
5119	27183
683	338339
389	114793
9662	10733
7054	57016
23295	140460
7311	8290
6152	6170
5879	5898
1933	6203
5204	6637
9601	10130
8334	79019
1453	6230
3091	4088
377	10112
6201	6203
6142	8666
6170	6230
6133	6205
6159	6235
5528	23332
274	8853
29127	55872
160364	170482
833	2617
1269	63940
1000	1012
4701	7388
6164	6206
64946	147841
3688	7052
1058	9833
5695	51330
5034	5479
6189	27340
344892	390064
6154	6173
4712	91942
6137	6155
6193	6223
1956	2885
6176	6222
896	3717
6160	6193
5869	6453
6139	9349
3017	8365
6143	6181
3133	3134
27125	55840
6418	10592
92815	128312
23601	199675
5286	6272
5008	7297
23197	56729
3184	9343
1277	1292
6924	22916
23332	80321
57405	151648
9883	55746
55832	115290
389	29127
6142	6227
4734	64750
5685	5688
328	10038
3688	9564
2792	128366
2922	3061
2147	2159
7311	285231
3909	9459
10749	51014
2551	4899
302	2519
3303	10963
6223	6227
5540	6755
389	57522
945	100049587
988	5094
9276	9371
11258	93661
6160	6208
5520	6132
55212	84100
966	5023
6048	10956
81930	151246
26005	121441
4208	4209
1650	58477
1062	7272
51317	57649
2976	55703
6142	6203
10250	10291
6235	23049
2197	6229
983	79959
1069	9657
11174	170690
6161	6222
8886	55720
1994	6418
134860	319100
186	2914
6136	6173
9972	348995
2247	6385
3434	4599
4677	8565
5528	57405
11236	79139
2841	8698
2960	55726
6167	6230
4726	27089
890	26271
3071	5829
6164	11224
2317	3688
6161	6230
5710	51686
6167	6223
1500	7525
9867	197131
551	6846
4173	5983
6157	6165
988	4436
624	6755
2801	9276
4008	55236
10382	23332
5336	80271
6168	6175
6863	84432
811	2923
6169	6218
6137	6173
23279	27161
1946	1969
3190	10657
4695	4726
1880	196883
988	5591
6159	6233
54480	55790
8563	23225
6142	6205
6745	23471
3127	7535
79600	121441
6122	6205
5747	8976
6133	23049
6165	6230
22984	55127
8334	8347
2268	9564
65003	219927
9320	23291
6189	11224
2266	2719
2065	3691
6173	6227
51132	140459
6193	6205
2792	2911
6130	6202
1915	6159
8365	333932
11275	283807
3181	220988
1364	137075
4313	4325
6144	6223
6427	10189
10285	23283
5336	79837
6165	6222
8453	115290
9886	221472
6176	7311
830	9371
51676	64750
629	4179
9604	22954
6128	6147
79867	121441
11091	54881
3912	5829
6128	6144
5108	22832
9631	9972
4726	7388
6202	6208
1129	6751
846	50838
5432	6205
3688	3915
983	5519
3074	10577
2054	8673
4322	7373
377630	401447
6133	6223
3512	100423062
83551	319100
2358	338339
6165	6229
988	9533
92421	440738
9371	9493
3672	3912
2305	22974
2222	4047
3797	28981
6136	6155
1969	3055
6168	6233
6173	6194
3915	4233
54677	83752
9320	9690
2247	10818
23309	27327
3009	3024
11222	56945
1933	6176
6439	653509
5862	5870
6144	6235
6138	6210
10250	10285
6233	7874
6790	84962
26091	154881
7110	79571
8243	10274
6203	6223
222487	338339
2863	55970
6136	6157
3190	11338
3655	3909
5693	5695
2073	8451
108	50837
6160	6176
22984	79707
4626	8735
6136	6156
10466	10618
5725	8672
26146	92104
1453	4809
4116	6132
3912	10272
2197	6223
4536	4538
5179	6751
6141	7311
6160	6203
6233	26091
1455	2810
4691	8602
10236	11193
389	9938
6136	6144
2099	9687
5903	57551
23774	57459
6169	6194
6164	6169
6156	6171
6223	27340
3115	10346
9320	26091
10919	84108
4233	9564
6155	6164
3895	11167
641	5426
336	3698
81797	344892
344892	390077
5082	10574
4670	9343
2788	3269
4008	154881
389	7204
2958	79035
6144	6218
401505	100188893
64926	153090
11339	51203
4736	6154
1291	1292
1292	10536
8082	8910
2247	3685
1915	6144
391	26084
1933	6165
4839	10885
5879	375790
3188	10594
4171	4173
1398	7525
10155	90233
3191	10492
3897	284217
5021	5332
6601	57492
6121	158835
7321	84962
1983	23521
7167	441531
389	399
6146	6147
7317	51343
7335	8453
2197	6154
25897	27252
1813	5443
11176	79595
2033	6667
10274	151648
5286	7311
26235	90025
1292	5033
8648	23389
8648	84498
51264	65003
4713	29796
6167	23049
55249	55870
3659	7706
857	3688
4691	23160
6224	25873
2268	5747
1398	3937
26091	26190
2242	5361
3912	51280
4033	10970
57405	79682
8886	84172
6170	9349
6154	6222
26589	64928
25984	121391
3192	23283
7329	197370
6142	6235
5335	10920
3109	3113
6176	6209
23047	57082
636	23299
6227	25873
6218	7311
1471	2519
3635	5294
6136	6169
9493	51014
3833	56992
3301	3304
5708	64750
1366	137075
6193	6233
2168	2169
1291	3672
1595	4597
8106	29894
6156	6206
5196	11251
5566	57787
6165	9045
3688	3695
57647	84916
5699	11059
7337	10489
2205	2206
247	3479
115290	143279
301	27334
2222	2224
9793	57787
6181	6207
5933	132660
837	841
6205	6223
25937	60485
8351	8365
890	84515
6233	83987
238	943
23601	160364
9918	10592
988	6601
2064	6233
1462	8542
6747	60559
6181	6218
8356	653604
4738	5715
4867	79867
9320	197131
3978	4173
9371	55605
9616	150726
4717	4725
26494	344892
55755	261734
10075	80204
6156	6176
988	55215
2242	10371
1063	81930
5529	7311
8329	8337
5707	6790
10236	11100
2147	3481
1813	4283
1453	653784
6209	9349
2358	160364
1778	121441
6209	11224
4297	6045
338	345
5704	5718
3880	144501
1604	54732
5747	10787
6169	6232
3913	10970
3071	9844
2962	54845
6155	6202
57122	79172
1822	57504
51	55825
9564	10044
26043	51122
6157	6222
6233	64410
6500	7320
5707	84962
1108	2033
23291	55236
55320	401541
3123	7535
7454	10552
3912	10971
8514	10857
57111	401409
6124	6159
3688	3913
6122	6139
920	5335
23601	170482
338	4036
4736	6161
2833	83756
1398	7409
10693	84617
1233	5473
5330	55970
1981	2197
6625	27316
3191	10921
1937	6138
1660	3191
50813	84727
7311	151636
5696	5698
1511	6036
4298	6830
2197	6208
8914	11169
4707	7381
1793	8976
6208	6210
29796	54539
3685	5817
920	1234
5331	27334
1058	10112
5829	7430
9798	27183
1291	5033
7283	22974
3619	10403
9632	22872
51071	126133
4283	6364
174	51156
2911	594857
29074	65003
1650	7841
57678	256356
5684	8658
9363	9367
148	886
6201	11224
2932	5526
6176	6232
917	1759
6176	6218
3687	53831
10097	10618
3046	3050
6434	220988
8337	8365
3055	5336
6228	25873
8085	55904
6209	9887
6363	10563
9551	9556
1445	5829
55070	57154
2865	84432
2791	115557
1000	56975
7421	11198
8289	57492
1908	23620
9648	79571
6142	6176
9700	57122
1956	3912
796	6344
79583	79867
2641	113091
983	3833
10112	10540
6877	6908
3486	3569
3685	9475
846	51289
1062	83540
6169	6173
4738	6635
6375	6846
287	6326
378	11014
685	1956
2971	51082
1639	22930
6223	6233
6514	6927
10890	10971
393	11014
4295	5020
23304	90025
23295	54620
7311	23521
6124	6156
7018	9829
2790	5294
11251	56670
488	4853
2623	2811
1387	6907
6164	6209
5335	8698
302	10383
336	5948
3688	3693
3362	5443
6170	6206
6790	24137
940	50943
6155	7311
6427	6432
6790	22974
1063	55746
3055	9844
2475	9675
9604	83737
5708	7415
932	966
1387	25942
9700	23122
2244	2266
8568	25926
6139	6176
246184	285231
5725	220988
4924	5589
1347	27089
54939	55294
3619	54821
23047	151648
6139	6228
6152	8666
1387	27327
4540	55967
6138	6222
91147	121441
6175	6230
1994	7536
3091	84962
6160	6188
10594	11338
3832	10733
6206	6228
118487	128308
5985	83932
24137	259266
2209	10787
2348	11316
9757	26523
1329	4726
10250	23636
6202	6204
3688	3912
5411	51747
54509	445328
4599	8638
2185	5879
1937	6128
2197	4116
5950	7276
4173	6240
4171	4176
6047	9320
79895	199675
4641	5898
8945	10075
6133	6139
2847	10563
6168	6209
4948	7299
6168	6170
3918	6714
7871	8428
3683	3695
2266	3827
9493	10540
6158	25873
6132	6165
6599	55193
6139	6157
22995	163786
9738	54806
6133	6155
6146	6228
966	100049587
9636	10379
6139	6159
6130	6169
6141	6144
2491	151246
6137	6168
1500	84962
6202	6227
8349	8969
2865	6863
117	122876
2064	85440
6161	6165
5861	11014
6136	6201
1915	3921
2810	3918
5594	10971
10514	65083
23291	54165
6146	100529239
6632	51690
640	5079
3620	169355
6143	9045
4713	7388
3672	3685
287	10121
3071	10552
8570	22894
1994	51692
7283	22919
1991	3240
186	3350
6159	6160
11014	55605
57787	146057
10652	11014
6160	6218
3949	10552
5660	10970
4116	84844
8720	51360
6161	25873
8972	93432
699	3796
6204	6223
1129	4543
114	1814
6714	10298
988	3326
4171	4174
2635	3659
1605	375790
399	9411
4690	9448
3105	3135
9787	54443
6193	23521
4508	4539
5438	6633
5829	10787
10236	22826
6169	6209
3123	4261
6829	54623
978	4318
6605	9031
3354	51764
10592	24137
9978	158506
1660	3190
163	5869
6142	6189
51289	259293
151648	348995
10161	257313
11102	84946
9739	9757
160	29924
4736	6229
1325	283869
6233	25831
5725	23020
5822	7109
6233	23291
25926	84128
3191	51692
26005	26123
338	462
2980	2984
5878	10890
1783	11014
6137	6201
4952	9341
6218	9349
5747	9844
332	5528
4584	26290
23327	89910
7846	203068
8351	8363
6155	6233
10514	64425
8189	10181
699	1062
4839	55720
7003	10413
1173	29763
6154	6204
567	3105
3181	10432
3822	8302
1511	1991
1956	5879
8881	63891
3685	160364
727	50835
7846	150465
6232	54820
627	5879
23304	84085
973	974
6165	6223
6222	6227
5501	9793
3852	3860
393	5879
9493	22974
58506	130074
3434	5610
3921	6144
10466	11014
6223	55127
6175	9349
6128	6152
6170	6176
383	4353
6135	6204
112	1880
7316	9341
1738	6470
1933	7178
351	27242
4357	54205
377	1781
5440	80349
917	5296
3017	8970
8065	83737
3192	23020
2521	6429
3115	3122
899	56995
6152	6204
6231	9349
6156	6229
6233	22888
2197	6128
1605	10298
55143	113130
6233	55666
905	25896
8243	55746
2792	65055
29089	197342
6176	6223
7042	7424
29127	51143
6132	6209
6133	6208
7398	10635
5199	6709
6168	140801
6132	6171
108	283869
1551	1576
1495	4301
551	1907
5346	400569
5725	23435
51693	58485
4725	7381
23608	140462
27258	83443
6130	6137
6133	6164
8760	129642
6139	6204
1291	1295
3690	3791
5829	9844
338	4547
5290	5970
4540	4709
6846	387129
3633	29984
6133	6136
3181	10657
335	3827
5516	54908
3655	3914
699	259266
3836	3837
2784	594857
3190	10236
4205	6925
2623	10661
6132	6147
6164	6207
830	6709
6383	10082
1462	3491
1439	5777
567	3659
4542	4641
3609	5725
6155	23049
2048	25791
10714	23649
1642	5931
3678	5329
7536	10250
9833	24137
4904	10465
25	5159
22984	64318
6233	22848
226	5223
10713	23451
6138	6229
3673	3909
833	4677
9493	9833
4008	57154
6173	6203
846	10022
1536	8655
3185	3192
1783	79659
10959	22872
5048	11190
57153	199675
2792	5741
5829	7525
551	6375
23304	56658
80018	80155
6143	6228
9690	57154
26531	344892
3915	6714
6157	6209
6201	6224
6194	6228
5590	57154
5155	83706
3673	3691
4332	4353
6133	6204
6130	6142
1088	338339
6218	6222
3676	6714
1062	3799
6167	6175
6147	6173
553	64106
161	26130
55284	79754
6173	7311
3635	3718
4175	81620
9656	11073
6602	9031
10112	51014
58191	63940
2788	2790
5067	23627
2935	6209
6160	6173
3797	92104
6170	6228
27258	51503
6130	6155
4317	6947
971	29760
1956	5796
10155	25888
4694	4713
1876	10445
988	23397
6801	8428
4712	4713
388	389
9092	27339
22919	79172
302	383
1981	6189
8337	440689
4519	4537
4519	4536
5657	6036
51203	56992
7704	142689
6385	10755
3221	3222
7311	57154
6193	6234
3673	3918
65055	138883
514	4713
4924	10618
7311	23049
522	539
8337	8347
4867	27077
6337	7311
3156	6307
64963	92399
116372	257194
6202	6222
5501	9126
545	5889
4735	57545
6224	27340
4724	4726
57154	57674
2967	9014
4088	7048
3178	10949
3797	24137
111	799
3185	5094
4718	4724
6122	6223
6130	9045
9801	23521
2982	2983
7153	22974
6164	6233
6160	6222
6161	6235
4057	56729
80184	121441
800	5829
3553	11213
56923	259287
2242	3718
1933	6222
285093	391211
1909	2922
6144	6189
5001	10926
1478	3188
3106	10475
1994	220988
6206	6207
10575	10963
11021	23011
84154	84549
3643	9021
5347	51512
6194	6206
6128	6181
10376	10693
6204	6208
3887	3892
6164	6167
6152	6161
5518	6228
3178	6626
1269	8698
26155	117246
1933	6168
1387	6938
4717	84833
4064	9450
3683	3685
10959	55605
9716	10250
11022	143689
3619	10112
9556	84833
1871	6667
4670	23435
6181	6201
8871	51429
3178	6294
6500	7314
5708	5970
9742	55112
5594	5781
23014	80176
3191	79869
6168	6230
7424	8828
6201	6230
2059	5294
8826	128239
88	4620
130	10720
2804	9276
1660	4670
6227	140801
2935	23049
6233	55669
3932	29760
1670	1671
1499	1969
2099	6198
3113	3122
164	55330
6142	7178
3832	4288
3482	22848
932	57153
1793	9564
10921	23283
516	10632
4171	10036
54960	129401
846	259295
7994	9219
3274	285601
3903	5023
9877	100381270
6387	6754
3921	6160
5706	5714
3091	112483
3422	6721
2268	5783
4708	29796
3855	3875
54998	118487
3354	11255
6156	6175
1991	8635
6872	81887
8301	25977
3312	54885
344892	390066
3998	22872
6161	23521
5443	6370
1314	26286
273	8673
2147	2266
3655	3675
1291	5351
4736	6158
5584	56288
54960	79833
5725	9343
6181	6233
1500	1739
3185	10236
11167	84141
4775	5534
1956	2069
1445	54845
7311	8945
990	63967
51593	64859
9604	23291
3912	6714
10907	51690
11169	84296
29074	64928
6139	6203
6232	23049
4508	4538
5518	6235
5590	7311
6201	6223
1915	7178
4926	55755
3320	5829
2071	6878
89910	115290
4586	4588
1008	1016
6158	6168
6625	23524
3190	27316
988	9126
6147	6193
5155	7057
10802	100302736
10427	10484
338	4973
1362	9698
5433	10285
26190	57154
4738	285231
6737	283807
196527	326624
3434	8638
9126	55746
2886	5155
6176	6228
10533	26091
6207	6228
1894	6790
10342	81562
672	7516
6189	23521
6626	51593
4738	9616
3833	29127
5879	100423062
9318	27252
6830	85403
1495	5819
2353	4773
6134	6154
3857	3868
11224	140801
57551	81930
1495	3801
4738	7979
6169	6207
1902	9002
7536	9716
9833	22974
23423	54732
6626	220988
6159	6169
6631	6632
1007	1013
1994	4670
332	81930
6240	10592
6142	6228
3107	3134
6122	6158
6208	55176
5880	8324
6144	6157
6207	7178
5929	8945
6203	6227
6233	158506
2099	5241
890	9833
7456	10787
51122	54165
7311	23600
10291	10949
643	5368
10592	54892
6224	6228
2491	81930
23095	64837
53981	348995
9133	10615
86	8607
6863	23620
3320	7531
79954	84916
6272	11319
6167	6173
966	10652
6230	7178
3836	22974
2197	6142
55831	56851
6158	6208
108	6750
4208	5533
6206	6234
3799	9585
6160	6229
3006	8337
10121	26123
891	129401
521	10632
6201	6206
6176	9887
4709	27089
3107	5696
6138	7178
335	51156
9181	171177
3357	5737
251	152330
2925	9170
6222	6235
3913	9459
4724	10476
705	83732
1956	8976
3569	8542
974	2213
6122	9045
1915	6204
1793	5829
915	7535
6874	51230
5795	6714
64425	65083
4297	27043
6170	6189
9984	23279
6159	9349
5624	10232
23595	51053
5781	259230
6230	6234
695	3937
53831	441864
4008	79176
988	7919
6128	6165
6230	7311
6233	7189
6168	6235
1058	151246
2207	100049587
4736	6142
9014	57504
4543	4889
3301	3303
6155	9045
6164	6223
3685	6850
84085	197131
3886	8688
5861	51715
1435	1462
2853	259289
6182	51081
6175	7311
7311	79577
6619	10623
6170	10952
6181	140801
945	2548
6647	11315
988	1660
514	4694
10813	65083
3675	3909
867	8301
5368	50865
695	7305
6165	11224
3437	10964
6129	9349
2064	54206
5747	9564
6672	10475
9833	11339
9870	26091
799	1812
2920	3569
136	2788
51728	79622
2535	64750
6133	6158
990	5422
332	79172
4174	7298
6169	6230
971	5336
4332	6037
10970	79895
4172	7298
6714	7402
6556	100049587
3884	3885
2197	6209
5872	326624
3675	4233
6189	6193
3913	11167
904	905
3422	4800
246	11283
522	9377
3949	5868
1347	84833
10236	10291
1062	9793
10552	10787
353132	353135
3887	3889
5879	6385
1793	100423062
394	9138
6204	6209
3178	3184
7311	9341
8638	10379
6161	6209
389	117289
4537	4538
39	3157
8341	8969
50840	259295
8648	10499
5528	23279
4706	4717
5529	5718
9184	57405
890	55355
51099	79948
523	155066
10236	10713
6122	6209
6124	51187
6137	6234
6138	10399
11127	51014
4542	4646
6374	27198
8945	55832
8945	65264
4040	8322
27125	79577
2072	51426
6137	6222
999	3728
4508	4541
6869	64106
988	10403
9672	375790
6224	7311
7862	9219
28998	51264
7283	10540
5879	8853
27229	54801
64106	347148
8945	89910
5715	11047
1781	10540
23283	84991
1906	2150
399	27237
8514	9522
3191	10236
6152	25873
1017	63967
10112	83461
991	64750
1398	4233
6128	6232
3491	84141
53354	60490
1236	2841
6146	6233
5954	51280
2648	5469
5795	9522
2491	22919
5984	23649
7305	100049587
6193	6208
3619	11004
915	3559
5970	23291
5430	9611
55755	146057
6207	6229
6129	84365
351	3913
6167	6203
6152	6160
6223	6232
1665	10885
6157	6204
3397	7057
4736	25873
6128	6133
3827	5020
3437	4938
2885	3655
1453	6232
5726	6755
344892	390081
55142	203068
6143	6168
3837	3839
6224	6233
1398	1794
2207	199675
1063	5501
29127	64837
25929	50628
8329	121504
9363	64284
7337	26190
3685	3915
3309	9531
10921	23524
7532	653784
4848	23019
3853	3868
6194	6201
6136	140801
6122	6130
1650	6185
4535	4536
51692	220988
1291	8985
22954	23014
3184	6626
466	1386
3184	51692
2177	11073
54575	54600
197	338
967	4033
9277	80135
6232	8662
6223	7311
4736	23521
6170	6218
6128	6139
6208	6224
6138	6232
3123	54331
3107	6890
1994	10949
7184	9601
6128	6204
6209	8562
6138	6224
344892	390058
5433	55660
3444	3451
4288	10051
5199	126014
183	51289
1555	1557
9978	285231
6210	6223
6139	6230
6160	6227
6208	6727
1956	2247
6156	6161
5338	9744
3122	3127
51604	84720
51023	116540
6130	6168
3352	5540
3921	4736
10121	79867
146	84109
6155	6209
932	945
1277	3685
2886	6714
6155	6222
3054	80335
2185	3688
6167	6194
1452	5516
1453	6218
6208	25873
7536	10236
6189	6230
6205	6229
1329	1350
2071	8450
6147	6232
636	25782
4695	4708
6168	6169
6160	6194
56949	91603
10885	57647
6233	90678
9787	81930
1285	1286
389	55843
10383	84617
23165	51692
10425	84085
81	1495
2861	56923
1459	9918
4543	5173
34	6256
6628	8683
2145	5928
991	83461
79583	80184
26232	26270
1241	29933
6154	6164
3915	10298
2792	4985
1536	51382
1500	3728
1107	23186
331	6233
6165	23049
351	55970
1880	57413
675	5983
1329	9551
5528	9700
5868	10618
2550	51083
1660	5094
51602	84549
6154	6218
6137	6152
50835	51289
4697	27089
1058	64105
5440	10302
1949	2045
673	57498
1994	9343
6117	7156
51382	79895
6128	25873
2358	53829
4102	158511
6181	9349
796	5745
1605	29954
3267	8301
6194	9045
10803	50865
6144	6156
3920	5660
3437	4940
6143	6160
4116	6201
3921	200916
6188	6189
1665	84172
1062	1783
4712	4724
6711	11014
6279	6280
1911	23028
6139	6155
6152	6232
54908	79172
6206	6233
4736	6128
988	3837
1437	3569
51645	57819
5196	5473
6143	25873
23304	26046
111	3354
57332	84733
6169	6235
3882	54474
1345	7381
6201	6204
3855	3866
1630	137970
5822	22984
1295	55214
3084	85440
3320	10598
6146	6235
4171	4175
6204	6232
8321	8322
79600	80184
6455	9341
9128	10594
4495	4496
991	4734
2358	57153
3912	5578
6209	6233
9934	27199
5048	6249
399	143872
3837	5903
3183	4670
10857	196527
6168	25873
5870	57511
6189	6194
3001	5551
6181	6206
3111	3123
5435	11325
2916	346562
3635	3667
8976	55243
6915	94235
1902	2185
5829	55742
6790	11065
6206	23521
6204	6233
5435	6633
5437	23524
6416	50488
1315	8729
55872	64151
4829	56923
3214	3216
2935	6169
988	4999
219968	285093
6168	6228
983	9126
6232	23521
7538	9261
9341	25977
3920	80331
8886	51388
1639	1783
57129	219927
5879	10552
10274	55055
5579	55970
28973	51069
2147	5020
9320	10489
3560	8651
6209	114987
6155	6235
8341	8970
9021	57674
10970	222487
9493	24137
26224	197131
5436	6631
9318	140461
1121	51715
6156	6202
23517	134430
3576	6347
9276	10802
1822	1911
701	9700
5093	5094
5501	79172
391	94134
6993	8655
301	9002
2788	50865
990	9156
3183	10949
26046	140461
1994	9416
991	6921
2841	55970
9020	10673
64951	64983
6634	22827
4839	11137
2048	3055
6133	6146
389	257106
51343	142689
10693	55970
6165	6218
7343	57459
23322	121441
6165	6173
527	6836
701	9133
23047	55143
79664	81556
3169	55766
5048	7531
9904	23160
146	886
1173	9341
9972	51692
6222	53918
8886	55127
2912	5733
4711	84833
10491	10536
890	10733
6203	6232
1269	56670
3109	3119
1668	1669
6156	6209
84366	360205
8175	10523
3312	8871
2058	4141
890	1062
5516	5523
3882	121391
6156	6233
2197	6170
6144	6169
7094	22906
5880	6453
6164	6204
23122	151648
10693	11328
6201	9045
197	5005
6233	23049
7184	10130
55008	151636
5439	51755
5516	81930
123904	146183
3833	10615
6122	6232
2521	6421
8087	9444
6173	6201
623	2861
1933	6155
3111	3113
643	10803
9700	79172
10403	23310
3675	3685
6146	6168
9787	55165
2048	5921
10482	23279
7337	11275
7311	57674
2817	4035
8697	8945
7514	23122
23020	27316
1063	24137
9690	84231
3921	11224
3491	8542
121391	286887
6202	25873
3676	5829
5469	10498
6128	6167
6232	7178
4241	53942
1738	4967
567	3133
10575	84617
6139	6189
55766	57459
1911	57504
3614	23593
6142	6222
9739	23067
534	9114
10713	26121
160	22872
1994	5725
6205	55272
4735	23332
9410	22826
8477	9002
6206	23049
1639	10112
3490	6696
5196	56670
7311	10952
6139	6235
57403	81876
8925	53339
8607	54881
10972	51128
3725	6591
2863	5332
3354	9283
22918	79895
153	155
11065	64151
6138	6202
7316	10552
6155	6223
3937	11184
5202	10471
6631	84844
6189	6217
623	56923
6165	140801
84648	353142
3663	4281
6138	6189
950	25977
824	5829
6201	6233
1237	5173
8453	22954
1676	3836
6209	6229
4695	4707
389	6242
50615	59067
4588	56667
5903	6633
2848	3274
9700	10274
1994	11338
25798	326624
2521	6626
4713	4724
10749	23046
6139	6201
6158	6170
6135	6147
10236	23435
3915	10970
2197	6147
372	9183
6124	6206
4701	126328
6152	6233
991	9493
2912	5179
6202	9349
54578	54657
5777	80184
3838	6790
8871	9341
6426	220988
6144	6176
6385	7057
161	6233
345	4036
248	152330
3561	5599
6427	6434
55662	80351
3799	10112
6233	285231
1116	1991
6170	6188
7164	10053
891	991
6135	6169
6128	6227
1195	57396
6141	6176
3190	10492
966	11014
3683	6518
1557	1576
9820	23304
3684	79895
5707	126374
1829	2125
6132	6204
2847	6363
6135	6155
5739	5746
6203	23521
3183	6432
8243	9700
6430	27316
6203	6235
6672	79097
3685	6385
6189	6202
6146	25873
2149	2151
4717	29796
9631	65250
7327	26046
6133	6229
3836	7534
6204	11224
10022	51289
5034	5611
10285	11017
8318	54962
9730	23304
857	64750
6124	6139
5880	80728
3422	4047
6135	6146
966	3683
6168	6207
79659	92104
9322	22905
1453	6206
7020	284252
6157	6224
3430	8638
7004	10413
5071	23352
1232	50834
8648	9967
4707	55967
56624	259230
89910	90293
2153	83696
5518	5976
2810	3691
6175	6229
891	7531
212	2038
4725	4726
10663	259292
10952	28972
6124	6176
2243	5005
26190	140459
2060	50618
4736	9349
4734	23291
6667	57508
6429	8175
1555	1559
29984	445328
4537	4539
1453	6201
514	27089
6468	6921
84549	84946
6204	6222
6189	6224
6921	55284
6156	6164
3854	3861
5443	53831
841	1281
6138	6205
2153	2244
3903	8514
904	5433
4952	8976
6143	6169
8260	79903
2633	3437
5879	9411
11113	259266
932	79895
551	6019
2960	9412
6156	6160
5339	6189
1233	2359
9716	10713
9371	64837
10952	90701
3434	4940
9787	10592
1660	3192
6135	6206
140458	285231
6122	6161
9919	149111
5347	54820
6188	6222
6175	25873
6124	23521
6137	6170
6233	10401
4593	57144
11157	51690
1062	5529
9493	9585
1956	3675
3978	7874
1062	5347
3903	11314
10272	84141
991	2305
9372	25930
6142	6157
7409	7454
6135	6224
8452	57154
5048	23322
5880	257106
6138	6164
1781	29127
472	5884
1783	5903
10274	10403
7200	84634
6155	6229
6164	6194
9133	55355
2125	6699
2683	4855
6193	6194
2197	7311
6374	8843
9820	56658
11098	51280
1081	3623
8131	64121
6146	6202
4297	8085
27316	65109
7536	10772
4862	79365
2033	7515
6189	51187
335	338
6135	6157
2767	29933
6132	6222
2783	6752
6165	6224
1937	6222
9611	23118
867	10097
5693	5705
1736	10813
3849	319101
1062	29127
3355	4543
3122	5641
1453	6229
617	10469
2185	7525
2033	23013
2033	10498
930	973
6461	9844
2932	5707
156	5021
1778	81930
2071	27125
1495	84962
672	84464
8581	154064
5795	55754
4736	6164
389	30851
5528	79172
6707	147409
5983	8451
6138	6169
6128	6157
6518	10857
2967	51426
3660	10475
5439	80349
3561	3635
3921	6181
988	9774
83551	134860
5469	80205
983	79172
4867	57545
5868	22848
4926	79959
1350	4695
830	1781
1937	6125
6185	29927
6631	6637
1956	22905
1908	1910
9879	51362
6141	6223
6132	6208
4853	9253
332	23332
1933	6130
3091	5716
1280	84570
6453	9341
51	6233
3091	5708
6175	6232
5788	7852
393	399
1854	4174
6160	6206
7343	9013
6748	10952
2801	6709
1062	4751
6234	27340
567	3107
6138	6228
4361	10635
9700	146909
891	81624
6136	6161
259290	259292
160364	199675
64792	79989
570	1962
51023	122704
23327	79176
10885	25885
2491	54821
641	5424
2932	23291
6233	6235
353132	353133
1314	10802
6208	55127
51693	60684
11004	22974
10376	203068
3301	3320
56902	84135
6223	8562
6146	6203
4540	4541
3913	5747
4735	10540
27340	51202
4535	4537
4236	10291
25836	29072
1069	10426
6141	23521
6154	6165
1398	85440
116	5746
6135	6171
3607	55252
10164	94025
399	26084
6442	6444
6210	55127
1058	55355
5431	5433
2067	6118
5688	5706
1329	10476
5501	23122
2081	7494
9002	55970
51258	64951
6218	6233
6154	11224
6633	25929
335	4036
26249	140460
6181	6228
1629	4967
6159	6202
6209	23049
11176	64426
1738	4191
1576	2327
6165	6203
330	8567
2966	728340
81	5868
8491	10746
26224	55208
3183	6430
1907	6846
8945	55031
6602	55193
6139	6175
10921	10949
4867	80184
22984	65083
6139	6156
7472	7482
3913	5954
1915	6175
29126	80380
22974	83461
5869	51715
1994	55660
6605	57492
5116	728642
6146	6206
6169	6188
6159	6201
11251	94235
2107	6176
6370	11251
3113	3115
6500	64320
8970	85236
5433	8085
3681	22801
7311	10110
640	3932
1660	51729
1605	9459
1132	53637
2099	54828
8723	51143
1315	81930
6205	9801
383	1669
1870	57690
3761	3785
3491	3569
51118	80135
6193	25873
54998	219927
117	2784
6147	6159
8467	79595
4695	9551
8729	9570
8560	196527
7311	55432
3993	84612
514	4695
9367	201475
156	351
116	59350
79861	81027
813	6790
9690	22954
1452	6500
10153	84128
2535	2790
6138	6201
2792	7434
6209	6230
3122	4261
6147	6168
2517	2990
6165	6228
5557	23595
9655	55832
5438	6637
3437	8638
6138	6223
6171	6173
5335	7305
4718	5284
6202	6229
6168	6727
1062	6790
5644	6690
29093	51023
1062	259266
566	6036
890	7272
916	917
1387	5929
4735	91147
2784	2792
23063	23244
6164	65008
8886	79954
8451	9730
7039	10652
3685	10970
5518	6167
112	1269
833	8565
9730	10293
54820	55143
3482	26130
83666	151636
6370	165140
56923	339403
6207	27340
6138	6141
83597	403253
9055	29127
6133	9045
996	5707
10022	259293
108	5179
2551	3054
6159	6161
6224	6227
1830	3713
7311	7321
5336	118788
23512	57459
945	5023
6637	55505
351	9002
2806	125061
116	2740
4512	4519
567	6890
54778	140460
1398	10458
5746	59350
991	55284
375	10959
332	7514
56945	57129
6430	6432
2968	57804
3376	6301
6207	6218
811	5589
2537	10379
1069	7316
57154	151636
2197	55127
857	4088
6193	6230
3689	84418
1062	6232
6169	25873
6135	6152
9329	10621
5741	8074
5711	6233
833	3376
4172	9700
51289	259292
4641	10890
6135	23521
11218	55746
1457	25942
3133	3660
197	350
25977	54885
6207	6232
54881	55127
3914	5063
6923	285231
153	6344
972	3115
10885	22803
1933	6207
6142	6230
3655	5339
2064	9475
6827	25920
1237	9934
7321	79176
7979	139285
5435	6875
3111	3118
1400	56896
3484	8542
5725	9128
4702	4724
6233	9690
6160	6209
4088	25937
9700	9793
4700	29796
5829	10458
9055	9928
23279	51362
5717	10575
1829	5493
398	5880
4171	11073
5438	6827
6156	6203
6125	6202
7428	10116
5744	9340
6170	6201
5684	5695
1778	2491
6461	6714
864	3683
2036	116986
9716	10921
3881	112802
6164	6218
1537	4722
8886	9221
6418	7514
3912	5747
1063	3619
6202	140801
4736	6189
6146	51187
5290	9208
50831	51289
6752	10563
6154	6209
6122	6133
50835	56923
6130	6175
2207	2212
51143	57405
8450	55832
6152	6209
5872	201475
6128	6209
353137	353139
4736	6169
6518	84329
5880	94134
4088	64750
8337	317772
567	10475
8945	9820
6146	6173
50813	55884
3855	3856
51088	55832
10540	80184
1293	1300
6625	8189
5516	5714
6138	6176
2798	10886
6135	6144
50838	51289
6217	6232
3355	4852
1434	7514
2912	4852
6155	6168
3609	4670
4172	5426
6601	6605
1660	23020
1022	5432
929	7097
1739	4646
6122	6157
113130	151648
11014	11015
988	8449
3433	10964
6160	6161
187	1233
5441	5901
2865	23620
2099	6387
6167	6218
5077	6663
6147	6165
6208	9045
6158	6175
5878	7037
6429	6434
3569	4286
197	2266
4736	6181
6128	6203
26268	84085
5700	5706
7421	10036
9727	23265
4734	26190
4952	54874
6233	10111
2525	10331
8969	440689
890	5347
3185	51692
23020	51729
5157	7991
5048	9183
1129	5179
6234	25873
5432	79577
2811	2815
9551	55967
2185	5579
3837	23511
1386	6602
6203	9349
6950	10575
999	7082
4670	10594
2635	117854
7038	7173
1781	6993
6169	6208
3091	3725
886	2922
1910	2147
2491	6232
9341	115548
930	29760
6228	6234
6124	6189
6249	81930
1736	79050
10324	201456
4509	4536
6146	6208
2810	64223
1048	171169
3312	3320
2740	5739
9459	29984
4736	11224
126638	147409
6173	6175
6923	51755
7919	27316
4670	51729
2243	3698
55166	57405
6159	6207
4540	51079
9870	64219
3178	6430
4332	5657
6165	6234
5739	59350
84163	389524
160	1213
6176	6207
10403	79682
6688	7305
3843	55705
3183	3190
963	3683
2811	2814
7110	10618
2159	2266
1394	4160
5093	27238
6129	6133
3189	9987
1365	1366
2185	6461
7852	9564
1398	2185
26539	344892
3274	55970
6205	6228
3357	56923
351	78991
351	5330
1595	6307
7153	11004
1287	3673
988	10592
6125	6146
26268	64682
6147	6209
8351	126961
5579	9564
6122	6136
55003	84154
56165	136991
6147	6194
197	336
9128	55234
6143	6158
1942	6714
7756	64149
332	9493
4694	27089
1287	5155
6138	6175
1445	3688
9493	10112
6169	6202
3183	27316
6129	6173
26043	54165
680	64106
5657	23197
1479	10236
6157	6203
9188	25885
23122	23279
107	2775
22930	25782
3895	5879
10574	22948
4116	51639
183	846
26235	158506
22954	26190
23325	387680
4736	6204
3886	8689
6118	10459
6491	259266
4988	84539
11338	23511
9739	25942
23149	51429
891	54821
51684	80199
3123	5641
6136	6168
55165	259266
3921	6233
84861	143279
6133	6194
4297	23269
383	10394
2768	2790
9700	55143
5868	7879
779	10369
4161	7432
9276	10427
28981	79989
6307	50814
6133	6160
1969	6714
55143	151648
6169	6223
5351	8985
8313	10297
3048	4778
8683	9785
685	3084
10112	10749
8329	8347
1398	10818
10153	79954
988	5983
26268	56995
8667	26986
5473	10321
23160	27042
8451	51514
26239	353133
6202	7311
6125	6173
54821	79172
6155	6227
5578	5588
11103	56902
8453	51122
6206	7178
6427	79902
2550	338398
81	9564
4597	4598
4712	4728
3655	7057
10885	54881
6146	6194
727	846
1829	11187
701	7153
1060	57082
22848	26130
6626	10523
55125	79959
1058	57405
3912	5954
3797	9493
3434	10964
6164	6224
3308	5903
51129	85441
945	222487
5578	9564
2853	338398
6132	6136
5116	27229
2932	5714
56995	154881
2207	3903
8189	10921
8648	9968
2107	6234
6233	140458
6129	23480
3113	3119
6209	6234
3491	3915
5717	8453
10250	27316
2197	6228
6156	6159
2801	5862
6144	51187
3115	3127
604	933
378	10959
3148	8125
9883	11218
51692	80335
2318	54751
5977	6601
4691	22984
338	1080
6175	6223
570	23600
155	796
6159	6208
336	462
6169	6189
10762	84271
6205	51386
25831	197131
5880	84144
6206	6224
4713	4726
3013	8334
6181	11224
8905	8907
5930	140460
830	55604
6137	9349
163	26130
462	2243
6135	6203
10640	55770
6137	6143
22974	64151
3693	7525
9371	10112
3157	4598
9879	10949
351	5340
6133	6167
6223	6224
4670	11338
6124	6135
6241	64151
6155	6173
6133	6165
8514	326624
10484	11196
6175	6176
4713	10632
3833	9700
7311	140801
1783	24137
6152	6208
1111	4361
10102	51021
3109	3123
9793	23122
51264	118487
1956	5328
6232	54821
29093	51258
11340	23016
2023	3939
6181	6230
5339	6164
920	2533
3371	3569
2131	375790
6159	6209
1387	9967
1906	7204
5054	5327
393	29984
6124	6141
999	144100
5094	51692
6229	6235
5451	25896
4436	51434
6136	6235
7328	22954
680	2798
6122	6208
1302	1306
399	94134
6429	9410
2521	220988
6138	6208
4509	4519
8295	79595
6156	6165
6500	10920
1933	6154
1956	2059
142	56655
9904	57647
10250	10772
5439	6637
377	9493
1029	1030
6714	9844
3013	8351
6181	6234
7184	51726
5781	7525
6194	51187
6173	6202
7514	23244
6160	6165
111	9283
7043	10916
54578	54658
846	259293
6155	6208
3908	10319
3882	286887
3191	10523
259290	259294
1933	6181
9867	53339
6143	6164
9371	11014
7311	9349
11314	79895
2152	2153
6155	6194
5718	8453
27198	338398
6387	57007
1387	9757
6136	6188
3675	375790
2597	7167
1477	24148
6139	6193
51280	54972
6206	25873
3481	3827
5500	5516
9493	11113
4700	51079
891	5526
6128	6202
2814	51206
3688	5788
7311	83987
566	1511
4697	4700
7334	64320
5929	8085
86	988
8334	8349
109	59340
1855	81839
6374	259292
10484	51014
6156	6168
5707	7316
351	2841
23304	80204
6171	25873
1981	6223
7082	55243
3192	51729
6160	6234
3728	5493
325	3015
1781	11015
1915	6147
7311	55670
6142	6169
26190	54165
3921	6122
4707	29796
6167	6727
5286	6233
5695	5700
10426	55835
5970	23118
3619	10274
29763	54874
2033	81857
2800	2803
6159	6224
3685	11322
3356	5731
3135	3805
79172	151246
55143	220134
8775	388552
966	51014
10857	326624
932	51382
26524	126374
6159	6228
6628	220988
6159	6189
5529	54821
4736	6152
7536	27316
3048	3050
1062	57551
26146	79989
5694	7314
6233	25873
9978	81559
4539	4541
2792	2918
56902	84128
1398	3055
7919	348995
5861	10959
54625	151636
6426	6432
5869	57403
2491	5519
3685	3693
4726	4728
4736	6206
4641	10552
991	24137
9320	10075
6136	6232
3866	3875
6698	126638
3842	10527
846	259287
5093	10181
1937	6189
7478	7484
2239	9348
1665	23350
5265	7040
2071	5985
4540	4710
1933	6175
521	10975
1325	2784
185	4988
23063	57082
6432	220988
932	10970
351	63940
10965	55825
776	51764
799	10268
6453	51429
930	118788
344892	387748
1063	7514
51116	51373
799	51764
6133	6141
5903	23511
3718	50615
887	3827
1394	1816
2079	6432
27248	79139
1499	7409
320	5864
6453	54874
163	6453
5516	5598
9039	10293
9972	23511
2767	7204
4538	4712
6189	6207
27339	57461
4514	4539
23014	115290
11325	55749
11250	83551
4694	4710
6144	11340
521	7388
6613	7421
6790	9493
6138	6193
286	6708
5707	8452
824	831
6168	6223
113	259285
6222	6224
5394	5822
302	79026
3109	3127
6222	11224
6169	6203
6201	6235
1938	6122
3710	8826
2266	3698
3913	51280
6204	6234
3312	10576
1668	728358
3187	7919
1478	9128
1956	2274
2286	5479
1983	6232
7337	55175
9833	10112
2935	6176
5518	6164
6181	6209
6233	26043
3856	5493
6139	6142
2220	5648
5768	8542
6234	9349
6157	6175
8567	55367
6170	6232
9265	27128
1439	6776
6161	11224
4508	4512
5828	5830
5903	7175
344892	390059
3921	6231
7532	57521
5439	9978
9371	11127
6667	6670
10574	10576
4735	121441
6176	6205
64963	64976
10250	11100
6155	6218
6133	6156
5328	10396
6714	375790
6155	9349
23223	65083
2524	10331
10749	24137
23014	64219
5707	10383
3646	26986
6161	51187
9730	64682
10618	23431
3190	10594
6657	63978
3283	6718
6468	146330
102	6556
6133	6207
29927	58477
6144	6175
6222	6232
551	1956
1366	4072
6136	6139
10051	64151
383	8993
6128	11224
1660	51692
6129	6193
2597	5315
6709	8729
4666	6202
5515	10776
6231	6233
6209	6210
6201	6231
3148	8971
6605	55193
6203	6229
5036	10576
6632	6637
988	9879
1268	10803
117	5741
4992	344892
1471	5034
3350	4988
3909	59277
3017	8351
3672	3696
521	1329
8655	55839
905	2967
4509	4538
5469	9968
4736	6210
1870	5928
9551	84833
54625	83666
6703	6704
5868	10890
90550	91689
353137	353145
5983	56852
23095	24137
4707	4713
23322	80184
332	2305
6747	23471
4809	84844
5023	326624
6173	11224
4033	5660
56919	57647
55781	134430
7766	10155
3433	10561
6202	6207
1058	11004
57129	63875
2185	5747
9371	24137
1763	10714
891	151246
24137	146909
9076	24146
9416	10949
9410	55954
6135	6139
1398	9564
6170	6181
990	10592
6128	6235
1062	9585
2792	594857
6139	6185
6194	25873
5528	8243
521	9551
6161	6188
10523	11338
6167	9887
9126	348995
10921	27316
7204	8976
6144	6160
55832	80067
11314	196527
28998	118487
6170	6234
8924	8925
6455	8673
1022	55840
51388	57647
5829	6461
988	4173
6147	6161
9126	23244
7514	79172
6628	55110
160364	338339
4588	26290
6175	6202
27198	58191
2177	2178
5984	10403
6139	23521
23244	57551
2107	5515
6125	6233
6154	6170
55872	83540
1387	6667
324	8945
6170	7311
9320	65264
55143	57082
8453	56995
2197	6206
6229	6230
996	23327
3106	3133
1536	2204
23517	84135
1981	5976
1830	6699
6168	6201
6204	6227
344892	390063
51206	80739
6203	6224
636	22930
9892	10109
5532	8036
1857	55361
23533	55970
813	3915
2792	6752
4715	4718
4171	4998
9787	11339
2521	3192
4702	4710
1933	6206
2207	6556
6233	9887
2935	6203
2033	9031
5869	23011
100	51816
4709	4713
3105	3659
6154	6168
6218	6227
6233	140801
9883	23165
5590	6714
5928	192670
6142	6171
251	23627
6170	6175
6205	11103
3931	4023
9787	9833
25793	84676
2034	84962
891	7314
3837	10575
56165	91646
695	3725
7316	22954
7133	8740
5293	23533
58191	59340
54474	121391
1133	2796
1453	6205
6169	7311
5869	8027
3921	6142
51116	92399
2847	2911
5711	7311
6159	6175
641	2189
1933	6137
2588	9798
22918	53831
336	4547
9510	11096
779	783
2782	2784
6230	55272
1548	1553
6175	6208
6135	6154
51	7311
6135	7178
2197	6230
11098	84141
9212	83903
126006	729230
2071	55677
4543	4852
521	27089
4436	7520
6144	6203
351	2767
6222	9349
1857	5528
1453	6233
344	6382
6181	6232
4735	151011
4194	57690
54998	64976
6206	6218
3107	3659
5869	8301
6128	6161
5435	6634
259287	339403
472	84464
2197	6169
3832	9700
53829	59340
3357	4829
7311	143279
4700	27089
1453	6210
8541	64130
3688	6709
174	6694
6141	25873
7110	90196
50506	405753
1173	6455
4839	51202
11017	85313
5903	23332
6223	9045
701	56992
6206	9045
932	3689
122042	196883
4539	4712
5427	9768
6203	6218
6427	7307
6165	6231
3688	375790
23160	56902
2847	6752
1536	23601
3075	3078
6142	6209
3185	5725
51650	54998
226	7424
6181	6224
6205	7311
4940	10964
6750	6754
351	7184
699	9824
9585	24137
336	350
1783	81930
6249	10540
51023	54998
57154	65264
1453	7532
2197	6218
9128	9879
3689	199675
6137	6176
6139	6152
56923	259292
7272	259266
6130	25873
2185	5829
2197	6173
6167	6168
4736	6137
959	10673
3320	84131
10733	79441
3320	9844
1783	6711
3685	199675
6667	27327
566	8635
4957	55755
3309	29927
2209	2268
23225	79833
6167	6235
3437	6772
2033	9967
6809	9341
6130	6230
988	64682
196883	285601
3764	10060
3914	4233
2521	4670
2957	51616
1933	6189
6160	6228
973	29760
25957	51747
6208	9349
6185	57171
3304	3320
6224	27042
26091	64750
5579	5583
551	5744
6130	6188
6137	6167
6165	6235
2967	79577
1783	11015
905	79577
4734	22954
3202	3203
4519	4541
1991	5199
1453	6208
6189	6203
2071	2967
1969	9564
2623	6886
2150	2863
4599	10379
3609	10236
3178	27316
5000	7311
6147	23521
6426	6428
905	27125
6135	6159
1129	5733
1307	169044
1824	1832
3884	100653049
3486	84141
6161	9349
4712	27089
9410	57819
10285	55749
999	8907
3837	348995
4535	4538
6133	6234
3743	8514
3921	6161
3178	4670
1088	160364
4509	4537
29093	219927
7311	54874
6468	55284
50832	54429
3512	57050
23122	23244
10274	57082
6181	9045
3836	3838
1656	27161
3084	55914
5469	9282
2197	6144
4288	6241
4069	4332
6164	6168
892	9477
3903	10857
1662	10528
4584	9245
5179	9210
23586	29761
6157	6159
7283	22897
607	8945
2847	4985
6124	6203
2519	5476
54148	55168
3579	5515
1577	54576
8689	121391
3683	57153
7021	83741
3882	8688
6461	10458
6135	6201
5711	8697
6132	11224
6133	11224
701	3832
915	3118
1063	5347
1783	5861
8945	143279
7249	7532
197	3481
27327	84441
6133	6152
3911	9459
2918	10563
1783	6709
8322	8976
5067	137797
5266	6699
65264	89910
2150	55970
4712	55967
6233	440689
6204	6207
695	5335
3856	3875
22919	22974
6139	6223
2153	51571
332	10615
6152	6234
10970	64386
338	2266
9870	65264
1783	6232
6164	9349
1103	162466
4049	115650
1233	5196
8450	10401
2242	3561
10749	29127
344892	390061
3912	84141
55125	55755
3184	10921
1763	55388
6203	6222
6159	6188
6700	353133
1350	10632
55829	79139
6210	6222
5694	5695
2147	2243
521	9556
2683	84061
374	2065
10250	55749
8661	8672
6189	6218
6230	6232
6147	6157
3190	23435
6790	55165
5589	23193
23291	26190
4691	10528
6154	6203
11130	79902
27161	192669
23028	283248
8648	23097
6233	57154
6164	6232
4986	50834
991	151246
5529	6249
570	7311
4088	5778
3685	3912
1601	8301
9126	57551
5518	6133
6208	6209
1944	1945
350	2266
2358	3579
9069	9076
2695	122876
5431	9879
1062	1894
4710	4724
6135	6208
6128	6169
2695	10266
4700	4709
779	27091
8189	23524
6146	6201
6635	51639
2800	9827
6170	6229
5528	51143
51143	55055
57545	121441
6132	6169
288	2348
344892	390067
4701	374291
8945	285231
3184	3190
857	7132
5879	10788
846	5737
7337	51320
397	398
1495	128239
9643	93621
7531	10971
5501	23332
10232	154064
7031	7033
47	2799
914	924
3913	54972
5887	7415
5695	6790
6430	22938
3688	7045
8683	10569
336	2243
4301	7082
1781	11014
5872	6764
161	5869
6135	6229
671	4353
6222	6229
6203	23049
1129	4852
5878	8976
11190	121441
6161	6229
9212	55355
2912	3355
10283	23398
1048	8434
506	8802
2695	594857
6124	6205
10484	90411
6144	6181
50838	56923
6122	6141
6137	140801
2635	6672
6142	6207
915	286749
9320	22954
1981	6235
5318	5493
3309	9601
10527	55705
84085	89910
11004	55143
9918	259266
1793	7409
6206	6232
6136	6207
3267	22848
10802	51014
1453	2197
3055	5788
4700	54539
1537	4715
3340	6385
3797	10749
6138	6181
9277	65083
6122	10399
6233	8295
1942	9564
6138	6209
29984	171177
4709	91942
629	3426
156	2767
9564	9844
7531	10383
2197	25873
2204	79895
988	58517
1292	3688
2641	10203
5516	10213
64151	83540
6147	140801
10733	347240
10121	10844
7514	23332
399	9828
1445	7525
6185	6729
991	54908
1287	3685
87	7791
2776	2788
9585	81930
4670	27316
9126	23279
6223	6230
79003	81565
6143	6233
5023	10857
5432	11051
3799	55605
4694	4724
10489	55832
6152	6164
1292	1295
8085	9739
3619	5501
1241	2767
2867	23620
1781	5861
3491	3895
22917	57829
6429	10291
6144	25873
4686	11338
6175	6233
3185	27316
6141	6222
1001	1500
2197	10952
2790	22948
6233	9341
699	10592
4867	79600
6135	6228
7514	25909
1294	1295
6885	23118
1017	4999
1656	80153
6175	23521
399	257106
6223	9887
1812	51764
7514	57551
3683	5795
6135	6161
6188	6227
1108	25942
5707	10576
1894	9493
102	6233
6045	23028
6133	6224
1050	7124
1994	3191
7044	51097
4736	6147
7337	54778
6161	6232
9752	56141
5879	9181
6210	140801
635	29958
8021	55746
185	4922
6158	6202
142	5981
5339	6194
966	326624
4736	6168
6132	6135
4715	10476
2243	51156
389	10398
6170	6209
2079	6428
6122	6156
5713	5715
6130	6194
5426	5427
4940	9636
2946	2948
6193	6202
6143	6147
3062	6869
3312	129401
9739	26523
595	5707
2067	7515
2770	55970
1639	24137
8451	55208
6160	6210
462	2147
3071	8976
4116	6173
6147	6229
518	521
5887	8450
1347	4695
25	5893
329	7316
1327	1329
3066	23028
4173	55388
6202	9045
6139	6161
3594	7297
5707	7321
5829	6709
2521	57794
3091	5594
8816	51122
54778	197131
6242	30851
6205	25873
6167	6209
6173	6229
999	1942
6272	79158
5714	5718
996	5708
2801	2804
5119	9798
506	3313
5528	9793
6205	6207
6129	6154
3122	11184
4709	4726
6146	6159
6168	6210
143279	154214
6426	9782
1731	23157
9742	28981
6128	6136
1291	55214
988	79869
5869	22905
6772	9021
9655	90293
7343	9112
7311	121504
5898	10890
400	23041
1084	1088
595	11186
302	1778
1576	2326
4173	84296
64963	116540
4323	4811
6206	6210
1962	7311
1738	4719
3579	729230
10083	257629
7110	10466
55759	84549
91	92
1241	1902
1937	6188
5869	9341
3685	326624
23376	84085
2784	2847
5266	5493
4710	4728
1329	27089
6170	25873
51088	51122
5365	8482
6699	6707
6164	6229
6204	9349
9585	29127
3105	6890
6157	6168
3886	121391
6944	81611
5781	6774
3688	23209
8178	11267
6143	6171
5335	10818
60	2597
4514	4536
4670	23020
5566	23332
6189	7178
2209	3055
6132	6176
5861	81562
1084	160364
640	973
1062	5903
6124	55629
9793	84902
10274	220134
3903	22918
9320	51088
7320	7322
6154	6233
2071	10920
6631	6636
1515	3122
79050	317781
6137	25873
695	5293
3190	5725
10733	79959
55872	157313
26190	56929
10274	23279
11128	25885
6635	83443
5747	10298
3106	3107
4439	6118
7852	63940
5872	23265
51023	51649
1634	4060
3375	7253
23451	51692
10574	10693
6201	25873
4853	6868
4701	10975
5777	7852
10189	29107
4738	59286
259	3698
5558	23595
3915	7402
3185	23283
26525	84639
1536	653361
23586	55601
4602	5432
6500	9604
2537	3437
4710	4712
338	51156
6135	51187
6157	6176
5861	10342
3695	5747
1915	4736
1814	259285
5896	5897
6138	6188
6203	7178
6232	6249
1327	1337
4993	344892
4771	122786
7919	10949
6136	6164
57381	57514
6173	6228
7536	220988
8976	54874
710	10747
2873	8945
1660	55749
23014	79791
1983	6176
56955	57104
4709	4712
6152	6228
6428	6434
6233	84251
6156	6169
140807	319101
378	830
2916	4887
24137	55614
27	1398
9436	9437
9295	84950
6147	6205
2735	132884
6375	387129
3320	84962
6187	10557
1991	6709
5093	10523
5528	55143
567	3660
1287	80781
7936	404672
3071	7456
6193	6206
8974	29920
6169	6233
51096	57696
6135	6160
4798	79913
2735	79809
26263	92912
23047	57405
1232	4986
930	933
11322	326624
2767	5330
6139	6147
3360	7253
174	2266
4713	126328
2617	4141
3491	3913
6218	6229
3713	23581
7311	8453
10576	23526
6230	63931
1062	3619
972	3123
1063	22974
915	919
3685	5023
5685	5705
2968	6882
2853	6374
6159	6168
6122	6164
6133	6143
57153	79895
1933	6194
3832	3833
3181	5725
5170	7249
4540	4695
6210	25873
6161	6170
22954	55236
8655	83658
6556	23601
6182	65008
6157	6207
1462	84141
26190	55832
991	1058
9021	140462
4853	10046
715	716
11127	64837
972	5641
6142	6164
7317	22888
3188	65109
7326	26259
6165	7311
400	60592
8349	440689
8365	440689
25978	92421
4700	4724
6203	9045
3174	6927
2665	83696
9246	54778
6209	55127
945	3903
9410	10236
4905	10905
90480	116541
4853	23509
6152	6171
11339	54069
8334	8365
25831	26091
4725	55967
4952	9886
56902	79954
23279	51692
5296	5336
1956	54206
1749	1750
6133	6138
4069	5199
5296	10818
3998	10959
3135	3663
3635	80271
5829	375790
2617	8565
6144	6165
57082	348995
11176	23309
10403	51203
6135	7311
3921	9349
27237	29984
5777	10630
54972	64856
11190	22974
10121	80184
1445	5577
7124	8740
7316	54677
3371	8542
5869	25977
1062	22974
6128	6175
9188	84172
6144	6205
7337	8697
6218	140801
8317	84515
6176	6227
1741	26037
58	60
84902	91147
6429	22826
415	25870
57082	151648
1933	6210
4952	5286
6130	6204
9875	55127
9666	89910
2185	2268
1794	3055
6218	10952
3071	7409
2033	7874
399	9138
6143	6234
27042	55127
4540	4707
6746	58477
351	1269
3619	24137
1161	5887
28981	64792
6228	6235
9133	51512
5471	10606
6208	6234
226	2597
302	5707
3654	4803
6137	6175
3837	7175
5741	7434
6122	6203
5516	5781
50838	259287
3191	5725
3684	53831
5868	5870
6700	353132
323	351
3683	64386
8337	333932
988	5394
988	6602
4172	81620
7057	83706
6453	29763
1292	7373
23224	23353
1969	7525
2131	2132
6227	6232
51421	60485
55884	115290
6133	6176
10112	11113
1981	8672
6222	6228
1676	3837
4839	79954
6168	23049
864	64750
2521	51692
3675	3914
4686	50628
4736	6223
10403	113130
5984	7298
399	4952
6159	6210
2060	9829
8945	90293
23244	55746
6709	56729
6125	6143
1116	5005
6159	6194
1783	10112
671	10394
3921	6208
10767	22894
11245	55970
51021	84545
10489	22888
1302	50509
28998	65003
6157	9349
2962	10291
51510	51534
8945	80204
2799	5476
6133	7311
7852	8698
9320	144699
4172	6118
6227	11224
2237	5111
4724	27089
2197	9349
7272	9787
6139	6143
6175	7178
4116	29107
6164	6235
3619	55143
6698	6707
8662	9669
5725	11338
1340	1347
991	55355
3122	54331
1778	9493
11190	22919
6165	6167
680	846
6801	7871
2059	10458
966	11001
2912	4889
3200	5438
3912	5879
4710	4713
1329	29796
2023	5230
1536	84329
6164	6175
6632	11157
701	221150
53981	55660
121504	653604
4538	4539
6233	9927
3978	4176
1435	3569
551	5724
440	2617
7027	7298
212	2623
1908	6863
521	4700
6836	9276
60	5879
6169	23049
5347	10592
6135	6176
6281	79026
4717	4724
6132	23049
6207	23521
8329	333932
5700	10213
9551	29796
1857	6233
7415	10576
2358	170482
3304	9531
25942	51317
10403	10592
6159	7311
9700	57551
4343	84441
7272	9700
9133	57082
3909	3918
79869	84248
341276	344892
6142	6158
3482	4905
1350	440567
9793	57551
988	6950
6160	6167
3309	6836
25831	57154
1337	27089
7984	29984
9045	11224
7272	10615
5868	64145
6700	26239
6635	51690
186	2913
9493	259266
5693	5700
6169	6170
11100	11338
4689	653361
3689	7305
2957	51808
1282	1284
55629	65110
6556	338339
8775	10618
8463	25937
891	6249
6157	6173
1605	3912
932	338339
570	6233
4695	4713
8661	728689
6235	55127
5903	7514
10013	57649
6160	9887
3119	3127
80321	121441
3683	326624
10466	57511
4695	29796
259287	259295
5435	6637
9276	10652
6159	6227
9739	55904
5708	84962
891	1062
2147	4295
23590	56997
226	5230
5878	11252
2790	55970
301	5368
6709	6711
23042	23420
1660	2130
116540	116541
6139	6210
163	25977
9320	84231
6164	140801
6146	6165
5515	6500
5879	257106
9439	9967
6133	6209
8689	9119
6160	9045
84128	84946
9320	57154
9793	51143
6122	6144
6135	6231
4736	6194
9128	11338
11017	22826
2033	8648
1269	59340
317772	440689
5529	5781
1778	3831
831	23209
6146	6164
7337	10193
8329	126961
1781	121441
6156	6222
1325	6752
6208	6231
1497	23729
6133	6137
51465	84447
846	3357
6210	6218
2033	55904
302	3074
335	462
966	64386
7316	11001
64792	92104
226	5315
2155	2159
3915	10272
1656	54464
57405	64946
2801	10802
55759	84128
155	6344
1793	6461
871	1290
22984	84172
6222	7311
6168	6176
26263	55884
6161	6204
6161	6171
4312	4314
9820	84078
4736	6176
6157	6230
22897	79598
4793	5704
301	2790
3134	3660
3921	6135
1579	8529
6146	6222
11235	25843
4074	6456
1639	8729
6790	11190
1398	3685
6208	27340
1783	11316
6155	6230
3433	3434
6234	6235
1942	2268
2268	4301
1659	9343
972	3111
6136	6159
23304	53339
3267	10254
1453	6224
3693	5829
6257	7068
10949	220988
966	10970
6189	6227
1062	10112
1063	2305
890	151648
3192	10236
6124	6193
6637	84844
672	7153
2091	6217
2917	9934
2792	343172
10272	11098
6142	6223
1435	3912
10293	10425
2932	5718
1508	1514
7783	11085
324	1857
5777	7409
10733	84131
10426	55755
6222	27340
6144	7311
8969	126961
1277	7373
2266	3026
4713	27089
9493	54443
4927	50628
1605	3672
5684	5706
6136	6147
846	6870
2268	5829
10892	257397
6159	6206
6049	23304
2642	4922
84648	353139
8349	79019
11004	24137
9282	84498
10970	84141
2475	6654
945	2207
7003	8463
1915	6124
6118	9557
122876	594857
1121	22930
1000	10970
824	3688
8243	10735
8337	8349
4035	5159
51143	113130
1453	6202
2692	2843
9320	54778
1500	1956
4313	4323
6709	7430
6161	6168
6632	6636
1058	79172
26146	64792
783	10369
3911	3918
4174	5984
1937	6207
9276	64837
88	2890
627	5599
3320	6461
1810	55689
6233	26130
1991	6036
29796	51079
2935	6157
6155	6176
2533	7408
51388	84916
4985	10563
164	10618
6165	6169
1991	4353
274	51411
3017	440689
6128	6222
988	29127
4686	8021
891	9183
6160	6233
81	7791
1536	5023
9978	140458
3659	6672
1660	27316
10022	50835
5328	5329
25873	55176
3688	3909
4710	29796
57154	154881
4736	6139
7533	10971
9790	27340
5725	8661
4926	9793
928	3688
967	25798
6209	6223
4707	4709
3340	375790
1511	6037
9967	84498
996	8453
7317	10489
55055	151246
3351	4887
4599	23586
6434	27339
1364	100506658
79895	100049587
3183	7919
6165	6204
1004	1016
7311	9020
10321	57554
2197	6155
6950	10574
9276	51014
867	50618
4254	5777
783	10368
3396	51649
6714	7525
4998	55183
51203	64151
3308	10808
10426	440145
5930	80204
1133	8477
4171	7298
4713	10975
972	3113
3109	3111
6132	54512
3683	84329
3914	3918
9183	22919
514	1350
4620	4626
336	2266
81	7057
6233	84231
6167	6170
3015	10284
813	10618
9844	10787
22794	23398
219954	285093
8655	23218
6173	6189
4509	4539
10885	23404
846	2798
23142	26190
7525	9844
6231	114987
6142	23521
930	974
27198	259289
2071	9015
5879	50807
1476	8993
5439	6923
9527	84516
6154	6189
7082	25937
5194	23600
4666	6137
6157	6206
6137	6160
2919	2920
3312	9128
8365	8969
5868	5869
6210	6228
2358	2767
6138	6144
6202	8666
6601	8289
2071	5887
6142	6218
5426	10714
134	6376
1398	9844
1019	6598
1499	2932
4513	4537
6139	6229
6176	6210
10799	88745
990	9700
6167	6176
7057	9070
6228	140801
5868	51715
6170	11224
695	5336
6147	6201
6210	10885
4712	4726
6160	25873
10592	64151
5861	5868
3190	4670
3071	6461
5519	79172
6625	10236
3190	3192
8027	8301
4297	23309
1310	169044
2853	27198
8915	29775
23332	121441
6233	80351
55142	440145
8349	8365
3185	3190
813	3912
6175	6234
9700	10592
6168	6194
6434	8175
6146	6204
1981	6176
3105	3107
23511	55746
6142	6173
6135	11224
6122	6155
9341	10552
4852	5179
6124	6133
2207	160364
4852	283869
6233	221687
6138	51187
1933	9045
3105	3134
6133	6206
54556	92815
3191	9987
695	7454
3937	5335
51575	79954
9436	259197
3062	64106
5879	8976
3190	6434
1728	3162
10681	338557
9037	23275
8581	27076
6147	6181
6168	6205
3619	81930
6132	140801
6171	6227
26190	54778
5023	84329
6175	6235
6176	25873
3619	9700
6147	6207
9341	54874
2153	57104
6146	6727
197	51156
6135	6194
3439	3447
4697	4708
51234	56851
26589	219927
1856	27130
9739	27327
6636	8683
11196	126003
8453	79699
6383	284217
10403	56992
7328	9690
5194	7311
2197	6210
4548	10768
1793	10787
6134	6202
26	10562
3655	3688
8085	8945
1780	84643
9631	55339
6205	51077
1499	283149
3683	7409
6203	6217
302	2799
2962	8175
1398	10787
1524	126006
2475	9821
6130	6207
6227	114987
1665	11338
7531	81565
4599	10964
6429	10946
2963	3312
3362	3640
9793	203068
3921	6230
1500	5795
6224	6232
2065	3918
5725	10492
5528	348995
695	3710
6207	6233
5725	51692
6128	6135
1495	51474
1633	2987
335	5948
5294	55970
5673	6385
3074	23197
1783	10121
10274	23122
3921	6130
213	5340
1660	51593
3855	3880
1237	2917
4591	65264
3921	6204
389	394
80740	171169
2784	7434
6233	7098
10022	339403
6158	6228
8467	9188
1233	94235
1665	1994
6132	6160
6144	6229
8648	9282
5768	84141
55832	57542
29093	118487
6233	7844
6426	10949
6158	6233
301	302
6154	6159
3973	4160
1839	5782
6142	6206
6122	6175
4700	4717
5111	7027
11321	79871
932	2358
6135	6233
1783	6249
3191	55749
9031	221830
6428	220988
2071	9014
1500	55740
9015	57504
10254	51652
6144	6155
5435	5439
6160	6223
6233	11059
6169	6176
1536	3685
335	4547
9133	51203
990	996
10425	79876
6125	6154
4172	4173
9585	51014
6227	6234
1062	10051
6144	6168
9493	55165
6218	23049
9690	57630
5887	7520
5566	5970
6233	8322
6201	140801
6249	54908
6146	6189
963	3685
10274	57551
2150	10800
6133	6233
47	1431
8192	9361
55284	79654
5199	10394
1605	5579
7153	9700
11017	11051
6125	6135
3301	10963
2967	27125
1655	25804
3185	3191
6430	6434
6176	6235
6202	6209
1306	169044
22974	23397
6130	6133
6229	27340
2266	51156
3017	8349
915	3560
24137	29127
983	9631
6130	6161
1500	51474
7139	7431
6156	7178
6602	57492
9636	10561
6130	6173
5696	6890
55131	84128
4670	51692
3320	10383
6137	6228
3184	4670
974	100423062
1660	3609
1308	3918
6135	6210
5604	23164
5869	8322
1462	3915
6049	8881
1763	348654
23582	25949
51079	54539
6230	140801
26123	79600
258	5179
974	1445
1991	5657
3918	4233
10051	10592
3675	3683
6201	114987
830	6711
3107	10475
