2788	50865
25873	114987
6133	23049
5880	8324
3192	11338
58	60
1659	6635
2072	6233
10885	54881
5432	27125
11253	23193
102	813
2719	3698
54578	54657
641	7316
7538	9261
23398	23517
6223	6224
6137	6147
6138	6167
1116	1669
6154	6223
6133	11224
10885	27042
5345	7076
6234	140801
6159	6193
50865	63940
6122	6202
80184	117177
5023	5795
10561	55601
2099	2625
7311	26052
156	301
4700	51079
6203	6204
26190	54778
8329	333932
4714	54539
2033	81857
9730	64682
2837	5331
3107	6890
6156	6229
102	5795
2149	2151
10762	84271
830	10540
4116	6170
4713	9377
9700	23122
2790	5294
3687	53831
5529	54821
2131	2817
6144	6169
22919	57551
5170	7249
57153	160364
1007	1013
6143	25873
51382	222487
53637	63940
4952	9886
6442	6444
55143	113130
5193	8239
10484	56681
1778	6709
6173	6233
53917	64284
392188	645402
3685	196527
332	1062
55131	84128
1944	1945
51118	84946
5438	51639
2967	79577
6128	6135
2537	10561
6134	6228
7322	9867
832	83547
1144	1146
6124	6194
22984	84172
50834	338442
9833	55165
2519	51816
2962	56949
1956	3691
10594	23450
4585	200958
6154	6229
5684	51371
4736	6157
55720	64318
890	151648
10540	57511
2798	10886
10075	56658
6138	6210
2197	25873
4724	55967
9382	9827
23291	83737
4710	4724
27229	54801
3123	4261
2178	6118
1000	56975
6233	90678
6138	6202
1452	5515
1445	5829
6165	6231
4509	4539
988	1660
2033	23054
1665	3192
1665	55127
6165	6210
2773	29899
6602	9031
57542	65264
64750	65264
1933	6138
6518	326624
6143	6232
6139	9349
4695	4713
4176	5422
6827	10302
64131	375790
5435	5439
393	5879
4670	220988
3015	8295
1511	6036
3488	54757
6130	6136
891	9787
7334	64320
2813	55350
6141	56915
6167	6193
3185	23020
6154	6209
6139	6170
4725	51079
6130	6210
7311	10952
7533	10971
336	2262
1232	338442
1495	5584
705	84549
2197	6147
27072	65082
4171	81620
9416	55660
9556	84833
5725	11338
2792	138883
5657	56729
890	1062
6201	6208
7311	115290
6233	25831
10621	11128
6157	6223
6122	6147
9879	23517
4536	4539
6168	10952
2023	7167
9700	146909
643834	643847
9821	64121
84231	197131
3074	23197
2968	6882
7305	10870
9416	10236
23275	23509
9126	23122
3664	11074
6207	9045
11128	84172
4540	4709
5516	5903
5795	6714
9276	22820
55003	55299
6143	6234
1387	9757
983	7321
160	26130
5438	85437
27089	51079
5861	10749
1350	10632
6124	6135
51079	54539
163	26130
7532	57521
6228	9045
23244	55746
6122	9045
5624	10232
1738	4191
6161	6201
3185	3192
10592	51203
1062	81930
2197	6188
10155	10780
6637	84844
6129	6208
3184	9987
1660	6625
51118	80135
1778	57545
6130	6139
3921	6230
131873	256076
10489	55832
9700	25909
26190	56929
6164	6203
6249	54908
1937	6201
7317	51343
399	23526
2178	2189
6207	11224
534	8992
8775	388552
3267	5868
1981	6135
3837	10575
641	2189
4509	4537
57674	151636
3685	10970
10316	729230
5469	10498
7343	10919
56624	259230
3326	7415
79867	121441
8347	8969
23279	25909
2798	6870
6227	6229
6233	9690
6193	6227
8969	440689
6556	196527
2054	8673
6635	10465
64410	79791
9045	25873
4609	7022
25942	57649
47	2799
1983	6175
2521	5725
5294	7409
6132	6171
5707	8452
5695	5701
156	2121
6189	6193
6143	6202
6169	6222
9793	121441
6142	7311
6233	57674
6227	55127
6223	6232
4700	4713
7314	93343
9655	10489
9690	57630
9341	22905
1822	1911
27043	27340
6144	7311
4353	5657
63915	84062
9585	51014
23304	57531
51122	54165
51692	80335
3312	9128
1453	6218
1803	59272
623	50838
1601	9341
1910	3827
1499	5707
3913	3915
9968	23097
23279	81930
6135	6141
966	10970
5516	6249
991	1058
6045	23028
9875	55127
5566	84902
7919	27316
9410	10946
5023	326624
8886	79954
6169	9732
3184	3191
1994	3192
8602	84172
6206	6210
54716	153201
1315	29127
8412	9564
521	9556
10523	23524
155	6344
1981	1982
5930	140460
350	2147
6143	6233
10112	54443
5684	5694
9879	58517
6159	6230
4713	4726
10613	11160
9738	347240
2359	56670
1605	84892
1981	6201
6160	10952
6602	6605
1783	6709
7456	10787
4588	56667
79895	199675
57662	144100
1063	24137
1462	84141
4116	5439
26235	158506
5717	200734
7044	51097
6144	6210
6169	6230
7311	9666
4809	84844
6168	6224
9978	139285
4736	6181
55755	261734
2524	10331
54821	81930
6804	6813
8243	55746
9564	10458
6137	6222
10618	26130
22917	57829
7536	27316
54821	57551
6133	23521
9730	10425
6136	6222
10652	51014
7311	90293
1398	85440
3433	4599
2521	10921
6631	11157
11004	55143
974	2213
2873	8607
3105	3659
6233	26130
9341	22836
6157	6203
990	84515
6241	64151
26525	84639
10952	11224
9437	259197
5438	6637
4543	6751
11004	64151
3619	3796
351	1241
2792	26339
6141	6173
6138	6158
238	943
2817	6385
6203	6224
7175	23279
6829	54623
4312	4314
983	3833
10767	22894
26589	219927
1084	138050
5781	10818
4141	8565
4543	5179
8648	96764
2719	135152
2896	10493
5562	9821
6164	6217
1660	10236
5435	9978
10952	58505
4141	7453
945	100049587
2535	4919
1241	1902
57521	389541
6147	6167
2071	6878
6173	140801
5985	83932
3357	4829
10857	10970
5725	55749
1459	9918
50831	56923
8450	51122
657	9765
7189	54472
5440	80349
11091	81887
6204	6233
705	56919
7532	653784
7317	8945
1981	6139
9436	259197
55131	57647
4734	22954
2107	5515
7337	84231
6201	6234
10133	10540
55127	84128
988	5062
1116	5005
6605	11198
247	3479
1232	8843
6128	6137
1495	1969
1962	7311
988	4999
6129	6156
699	151246
5579	55970
5347	9918
4519	4540
4701	4713
6201	6227
6633	6635
6129	6228
2034	3091
9564	10787
5584	6714
6141	6154
607	5929
183	846
990	51343
6188	23049
22872	100302736
990	55388
3689	79895
2517	2990
4867	91147
1058	11339
2197	55176
9867	197131
4116	6204
3685	326624
11014	23046
3109	3123
6157	6165
993	84126
22984	79707
4539	4712
4736	6122
6633	11325
7478	7479
1033	9787
1981	2197
6181	11224
344892	390066
6142	6144
5516	5714
996	5708
6193	6228
6203	6209
3113	3127
6202	23521
1460	23397
7316	22954
1471	2519
6194	6207
7311	55669
6233	285231
3157	4597
399	7409
6142	6173
3796	3799
55582	55614
3091	5708
990	63967
6142	6223
6514	6927
6147	6193
3673	3691
54820	55143
7098	10695
6210	9349
1778	22930
4173	81620
6205	9045
3914	4233
64981	116541
8816	51122
2557	2560
6170	25873
6147	9887
3655	3688
351	7466
4638	4659
2268	5747
3491	11098
10960	51128
988	1994
7316	10552
26268	56658
1084	160364
6155	6206
2967	9014
1576	2327
9439	9967
226	5223
6154	6201
3607	7528
6426	6430
1025	23168
80168	346606
6181	6235
9126	79172
3836	10971
9690	57154
121504	333932
9739	25942
6159	6208
10949	23020
6144	6156
7004	10413
2243	3827
6160	6204
6122	6169
51602	55759
857	3688
7388	55967
2079	6628
5870	7110
695	5335
1435	4924
5605	10256
6385	10755
1113	6855
1340	1347
259	3698
5627	10461
7311	151636
53905	405753
6138	7178
3676	3691
2968	9656
5077	6663
10022	259287
2792	65055
32	2194
3017	8341
6137	6223
6708	6710
27258	51639
6133	6144
9341	25977
6181	6229
26494	344892
6237	10235
10112	29127
389	2064
6155	6233
1610	4843
57405	113130
6158	6168
1933	6227
6169	11224
11176	79595
2792	4985
988	51362
5500	5516
2521	6434
5339	6189
3191	79869
84870	343637
6128	6139
3434	55008
64926	153090
154214	221687
2186	8467
399	445328
6185	7184
29796	55967
7316	91445
3491	3913
7704	142689
51099	79948
1365	1366
51465	51676
1653	25940
3190	9716
9265	27128
25957	51747
11202	25818
9322	22905
6921	10987
55703	84172
332	29127
2683	84061
11222	57129
891	3838
6133	6228
972	3109
6500	10920
996	65264
6143	6222
6194	6230
10112	11113
86	1642
6167	6229
1933	7178
23586	55601
2045	285220
54960	79023
904	2967
2993	2994
10236	51692
6205	6234
79711	84172
9188	84172
6605	55193
22954	57630
54998	64976
643	5368
10574	10963
55275	55610
160	29924
5558	8317
4116	6135
146	2922
1949	2045
9462	64926
5422	6240
79707	140801
5558	23595
3163	5023
351	5443
3643	9021
23014	64410
5194	7311
999	4646
6147	6233
5879	50807
2798	4829
4670	5094
1058	11004
302	56729
1794	3055
6209	6229
950	9341
3683	79895
522	1329
8337	440689
1500	7409
6155	6156
2197	6157
6128	6234
9493	11014
4539	4541
5901	729857
5695	51371
8853	11015
57530	100506658
57560	79659
6729	23471
5048	81565
6170	6188
26268	57531
55326	137964
6155	11224
6152	6155
6130	6189
2206	2207
3921	6159
65083	84172
10427	126003
112	1880
3122	7535
6207	53918
6168	6223
6133	6232
4718	4724
5311	9727
5903	9126
258	9210
10250	23636
2695	5741
10432	23435
6158	6175
6218	6222
8916	9039
4700	9551
28981	79659
8648	84498
51264	65003
2932	5708
4541	51079
6233	55252
1857	6233
778	27091
595	5694
891	991
6125	6160
5725	23435
6168	6193
3054	23269
2957	51808
2635	6672
5439	84844
6137	6139
2197	7311
6233	197342
11340	23016
521	9551
329	51330
6208	9887
4049	115650
142	5981
8914	11169
6128	6193
3728	5493
988	203068
2159	2243
2064	85440
109	59340
6142	6222
4695	4708
4952	6233
2168	3158
3434	10561
3683	5788
1665	5439
7317	64682
699	3796
3978	5424
6157	6160
2033	56655
5347	5528
2491	54821
54998	118487
6205	27340
514	521
9883	10898
7311	8945
5526	81565
259292	259293
10959	51014
6698	147409
10112	24137
391	394
974	29760
7132	10616
6202	6232
6168	6175
695	5293
1500	1942
9144	11322
9002	55970
26046	64682
208	2475
6223	8666
10376	10693
1894	29127
29796	51079
6154	6160
29974	403314
6233	7311
10713	23451
6181	25873
5708	84962
5725	10492
672	5438
3361	9290
521	10632
1524	126006
1457	9918
2521	51692
3685	199675
2935	23049
3678	5329
6185	84061
7311	55008
916	50852
142	56655
7316	7328
3172	6927
7325	7704
6434	27339
10576	10693
3619	5528
1981	6209
10919	29945
54820	146057
4116	6228
26005	80184
4670	5725
57545	91147
1268	10803
79600	79867
5903	54821
1994	55339
26271	51053
4540	374291
1981	6154
11258	80097
6227	6235
1783	7514
2099	5241
6155	140801
64792	79989
6147	6229
2168	2169
3915	5829
23355	27072
1956	5829
9320	10193
324	5699
5652	6692
4710	55967
23608	140462
1981	6234
3190	55749
6201	6203
930	118788
4541	4724
23291	57154
7311	9856
6418	10592
2491	5529
23160	25885
81	5868
1605	5829
5199	6709
7311	84133
102	6233
2782	2784
6240	10051
5715	139285
10112	51014
335	51156
6430	57794
10577	56729
6142	51187
2776	27334
1453	6206
10112	11127
6135	6189
3921	6231
10199	11102
11091	54881
23322	79867
521	1350
183	259287
6124	6176
966	9276
5869	23011
7175	55746
1856	5528
3895	3915
10466	79571
2491	5528
8453	9666
22954	65264
55662	80351
5903	9883
1107	23186
2932	5516
6155	9349
6132	6170
5872	51715
945	5023
3838	6790
6625	8189
1738	4967
3107	3133
5984	23649
1879	5079
7514	55746
51023	118487
1639	11014
6124	6222
3339	3912
6142	6189
6170	6228
6133	6155
29126	80380
25929	57122
5529	51143
1394	1816
6159	6175
6159	6189
7514	9126
3579	8766
8945	51684
2588	9798
6204	9887
11143	27154
399	7204
23197	26043
3855	3866
3240	5005
8451	55208
1088	150372
2533	3937
1793	5880
6129	6189
6143	6228
6154	6193
2268	7525
24137	259266
27340	55127
6249	81930
6201	6232
7038	7173
25831	143279
5701	11047
3054	9739
203068	440145
6227	9887
1394	3973
1063	5518
991	9491
9138	29984
6133	6175
7110	90196
57787	261734
6249	10540
3274	55970
3921	6157
6164	6202
7272	22974
25831	89910
904	51755
1660	3184
5869	26130
1315	23095
6233	23118
1981	8672
3673	3675
3579	57413
56995	84085
11100	11338
7096	10333
3688	9564
7536	9716
8341	8969
3713	23581
5493	11187
5746	94235
6161	6194
86	57634
29927	100526842
991	4734
51320	55175
6125	6201
6128	6223
5000	7311
940	8516
87	7044
6165	6168
3915	59277
885	2922
163	8976
9793	146057
4905	9827
1453	6231
2537	8638
6136	6142
699	9824
6142	6210
6147	6161
8615	9570
6217	27340
4116	6235
7283	22897
1495	5770
701	10615
3190	11100
9055	9133
9730	63891
8085	23067
6128	6228
6136	6230
6173	6176
1551	1555
5516	5708
6136	6144
6204	6208
1524	729230
4686	11338
6147	6157
2491	5048
1933	6224
3157	4047
1062	5528
1991	10394
51433	246184
3882	8689
1017	4999
9631	9972
2197	6227
10022	259295
6154	6167
6136	6176
699	3619
6432	10189
2197	5518
4947	5708
891	1058
336	350
23332	57787
3187	10181
1778	6249
6230	25873
6165	6194
3017	440689
6135	9887
3376	51520
5067	23627
6135	6194
29984	55843
6657	57167
1781	10383
9282	9967
6667	10499
1069	27077
983	26005
5720	5721
6128	6208
23283	27316
7852	9564
6201	6206
8453	8697
6193	92856
6144	6222
6144	6194
2107	2197
4738	55294
56658	84085
6142	6170
2800	4905
84962	126374
689	4666
64951	64960
378	830
3091	84962
864	64750
7311	158506
160364	170482
6224	11224
3619	10735
6173	6203
10274	23279
2491	3619
6147	6222
9181	171177
6170	6233
1937	6130
27	4690
950	25977
1605	8910
5082	10574
26091	64750
3842	10527
29796	54539
8886	9221
6146	51187
51593	51692
6688	7805
7536	10250
8548	64746
89890	90025
10403	57082
55252	221937
23327	115290
4125	8635
6235	10952
4008	79176
1490	7004
1981	9887
6205	25873
2923	6185
959	10673
5516	5711
6122	6194
672	7979
6208	9045
5829	10298
9276	11014
6155	6208
4717	55967
2177	2189
22974	23397
6233	84133
3192	9716
6157	6168
3202	3204
85476	90480
6173	7311
8237	10574
824	7525
2150	5021
5515	6500
4174	10036
226	5768
23160	79954
5339	6194
8581	154064
695	3055
4700	29796
1668	1669
3911	3913
26173	79034
6218	6224
9967	84498
6156	9349
9636	11274
6728	51121
4700	55967
6129	9045
397	5880
3832	9833
6138	6154
9295	22794
6182	55052
6144	6193
6158	6208
5980	56852
6139	6146
4540	4725
996	5707
6142	6194
6136	140801
671	56729
9757	26523
5426	10714
990	5985
344892	390072
10540	24137
5393	51010
6124	6168
10921	55746
1937	6147
10236	10291
6210	6228
3837	348995
4700	4710
1495	3801
2131	2132
8085	9757
3683	3695
6231	6235
719	8514
1302	50509
5516	10213
10403	51203
3688	4233
5928	9070
3017	8329
6165	6170
2965	6749
3512	100423062
6430	10949
6144	6223
3832	5422
991	151246
6161	6181
4646	7311
846	4829
5718	11059
64928	64976
6224	25873
8905	10053
3832	10592
1933	6204
8945	23304
3619	9972
3797	24137
983	3832
899	5930
6222	51187
5094	27238
6167	6173
50835	259293
3713	6705
9320	9666
1639	22919
1062	23279
6164	6235
6167	6194
6235	219927
797	7252
6156	7178
7311	121504
5710	51686
81	1495
4538	4541
5438	51503
6643	58533
3191	23435
6175	23521
6146	6206
57154	65264
6434	27316
6125	6230
567	10475
6170	6194
6181	6224
6232	23521
4298	6830
6135	23049
6155	6235
3688	7424
27125	79577
6601	57492
4670	23435
10324	51666
8514	10857
983	5519
6130	6234
1778	5861
6133	6139
6626	220988
6047	23291
6432	6434
3912	375790
5869	5870
1453	55127
6222	9887
87	6714
1121	81846
55832	57542
7706	57506
6152	140801
5879	5898
2059	5294
117	5741
6175	51187
125988	440574
8945	143279
4712	4724
4512	4539
54577	54657
6218	23381
2837	84539
6672	10475
988	10767
5204	10471
6157	23521
4841	6421
4173	8914
1660	10523
1737	8050
197	3481
163	5869
57403	81876
3119	3127
6161	6223
5528	79172
2801	10972
8907	10053
3491	3895
6137	6227
6122	6206
6165	6234
399	57522
4829	6870
6147	6206
699	259266
6129	6224
1278	4313
1660	1665
3433	9636
971	29760
1329	10975
1499	5819
388	117289
1969	5747
6169	6188
8976	10787
6154	6208
5707	200734
3915	10298
3178	3192
3609	5725
10403	23397
26190	83737
2205	5335
301	55970
4540	4700
4710	4712
1084	338339
6164	6210
11017	85313
3660	5696
6137	6176
932	945
5435	6875
29074	64928
3579	55970
226	5315
4540	51079
6128	6144
10193	25831
56949	91603
10970	326624
10426	55835
6138	6164
1537	4728
10403	83540
6235	55127
54881	55127
1660	2130
1431	4191
3553	11213
6133	6223
6194	11224
1173	5868
1062	9787
2197	6156
6138	6205
23014	115290
1387	5469
57082	151648
6141	6175
6156	6160
8697	9604
64963	64976
1398	6461
2790	5579
9320	51088
983	7272
3437	91543
5684	7979
6130	6208
5347	10592
6188	6230
3001	5551
6128	6175
3185	10949
10427	55014
2798	5737
9371	55605
1453	6205
4736	11224
10841	200895
8351	8363
1081	7252
1536	8655
6202	6207
1660	2521
9320	84231
6133	6165
23332	27229
6129	6160
6129	6138
5518	5976
4116	6152
4853	27327
4798	79913
1511	6037
6218	6228
1299	50509
6229	11103
57545	121441
6130	6193
113	259285
7311	10111
8568	51096
2222	3157
6170	6224
9688	57122
1495	8394
6167	6168
23304	158506
516	26521
6155	6227
7003	25937
6189	9045
5578	5588
6233	221937
6232	27340
1577	54576
9212	79003
6427	6434
4736	9349
6647	11315
6233	23049
6169	6208
3181	10657
29984	54509
7434	122876
4724	4728
5737	59345
3192	4670
3105	3660
537	10159
1022	2810
6189	25873
2197	4116
3921	6143
9276	57410
3107	3659
595	6776
10193	53339
6152	6201
9716	10713
4998	5422
2197	6229
2197	6142
867	10097
684	4939
102	160364
6143	6164
5439	5451
6152	6230
378	11014
3685	4035
6165	6235
705	9277
6157	6229
1956	3084
3071	9564
56670	59340
9636	10379
3912	10971
9904	23160
6234	55127
5048	54821
2064	6233
2617	4141
51203	55143
6161	6202
4540	4701
1642	5931
56667	140453
991	10726
6601	9031
5701	7979
1781	4735
6144	6234
2800	9827
1294	2157
5887	7415
2790	55970
1121	54453
332	2305
84078	89890
2214	2215
983	4288
5516	5523
5706	5714
1717	50814
55582	89953
2537	3430
701	10403
6173	6223
84105	347732
830	1315
6206	6223
1111	8317
6159	6188
2817	375790
9341	10652
6160	7178
2243	5345
3689	199675
6136	6167
4670	23020
3797	10112
6863	23620
2197	6206
6418	7514
6189	23049
1793	5829
3673	3688
6158	6222
1659	9716
6138	6147
3683	10970
6128	6206
3482	5868
6223	8562
3054	8314
1660	51729
1063	81930
7412	388646
6147	6165
6159	6164
2847	2911
10681	51083
23042	23420
1981	6160
1499	7409
3949	5868
51322	79577
988	3066
9793	23244
5879	9475
4736	6147
25897	55175
4508	4512
6132	6233
3916	5878
6130	6230
10236	10949
3848	162605
6169	6228
87	51097
2923	3309
5347	57551
6138	6152
26118	51088
8767	11124
9493	54443
10293	200845
2222	4597
8689	54474
6229	7311
1559	1576
6872	81887
1763	10714
1981	25873
6152	6194
6147	6169
6143	6223
344892	390081
7311	26249
201475	326624
3192	23283
55832	90293
6426	27316
150468	259266
6156	6189
6128	6201
5528	5702
4208	4209
6202	6209
287	6326
6129	6169
6222	23049
6122	6156
6160	6230
6154	6170
933	973
6193	6204
5707	84962
5394	5822
966	79895
1063	5347
3837	23511
6210	6222
999	3918
6203	23521
1048	171169
6790	55165
2305	5347
9787	11339
6173	23049
23586	54476
2922	4923
1398	7525
23197	56729
6138	7311
3635	5579
3267	26130
846	259295
22888	25831
1783	5903
1933	6175
26091	154881
10921	10949
10484	81562
10965	55825
7337	11275
539	1329
886	2922
9031	25885
388	55843
7328	57154
6144	6235
1398	3055
5432	8450
10274	151648
353137	353145
6698	353135
23524	51639
64105	151246
4509	4519
9021	140462
6168	6227
5869	10552
7039	10652
6194	7311
6209	10952
9700	57082
7184	84141
6128	6229
3921	6164
567	3660
7531	10383
335	4547
10274	23122
6137	6155
9826	23365
1902	9002
55	154664
51021	84545
10484	79090
830	51014
23601	160364
2695	7434
152	11255
1983	6133
3796	57082
2934	51411
2147	3481
867	6654
6155	6222
1495	4301
6209	6228
2194	6319
2792	10563
4702	4710
6520	8140
160	8867
9742	57560
6143	7311
9879	51690
8452	57154
3897	57698
2814	2815
5688	5705
945	222487
4540	4694
6122	23521
2625	5241
5708	7316
57154	84231
6135	25873
1315	3799
4694	4724
1956	2274
6181	6233
6223	55272
1062	57551
23160	84128
595	5707
6158	6167
3921	6154
10885	26155
50813	84727
4700	10975
6146	6155
6181	6234
6122	6124
9320	54778
2791	115557
25885	83743
55746	57122
5501	23122
813	1435
2524	2525
197	350
9277	10153
3920	5660
945	6556
6137	6138
514	10632
6138	6204
4171	4998
1062	1315
51196	80271
22974	121441
6138	6193
9793	57551
6233	9612
23095	64837
55008	64750
892	9477
6169	9045
6790	9833
6605	57492
6130	6204
11102	27042
4116	84844
988	10713
7311	55777
197	5005
1434	3838
27340	84916
1933	6233
29093	51023
23332	121441
861	57332
6155	6157
6133	140801
4519	4539
79600	84902
1783	51014
3362	5443
779	27091
5529	7525
1327	29796
7514	22919
3918	5829
55839	55920
6224	6235
1749	1750
983	7514
4734	9604
1981	6202
6233	80351
5469	9282
4708	27089
7311	57154
7272	10403
3191	55749
50838	56923
9276	22872
6147	6170
246184	285231
6168	6208
680	10886
6233	9724
522	84833
2033	23309
1659	6637
5469	9967
9700	10403
641	4439
6626	10523
6160	9349
988	9782
5663	23317
2147	5020
9738	55755
998	22919
5747	7409
977	5339
399	9828
5469	6667
9927	55669
6164	65008
6122	6161
3949	5869
10713	26121
4763	5699
2185	5579
51088	144699
7021	83741
1269	53829
641	2177
2244	2266
4712	91942
5008	7297
26046	197131
10112	10749
5516	5781
4712	4718
6386	10487
4999	23595
2916	4887
6827	80349
6699	6707
6125	6173
1660	9128
6432	84324
5093	27238
4541	4710
6934	8945
148	886
1793	5747
6272	9500
3309	51726
6235	23049
1347	27089
9133	11065
3912	51280
6141	6228
50848	57530
5861	5868
3921	6142
5869	6233
6155	6167
6885	26523
23223	64318
351	3913
27340	56902
6193	6234
5948	5950
51649	219927
3107	5696
4809	6633
10283	23398
5879	375790
5976	6167
1857	5528
4712	4726
6125	6133
5704	5718
3071	5829
6181	51187
10499	55588
6189	23521
6232	6249
57787	146057
5331	222545
6136	23049
10425	84085
811	3309
1291	5352
183	51289
3619	9126
1656	54464
3274	285601
624	339403
27	1398
988	5985
10013	25942
4670	7536
1551	1576
9128	51340
29796	126328
988	5903
3184	10921
3071	10787
4695	84833
1670	1671
11004	22974
7398	56852
2197	6176
6137	6210
5528	11004
3913	10272
988	58517
6139	6181
7381	29796
5928	192670
54552	55720
8638	9636
3181	3189
8570	22894
251	137797
2197	6234
6165	6227
2629	5660
996	9666
9156	51514
8085	26523
3895	5954
127247	148581
6222	6234
6229	6233
51203	56992
6625	23450
2207	11314
4709	7381
1739	4646
1191	2162
4357	54205
10857	64386
4361	10714
6165	9349
2358	2767
3687	8514
643	9294
2935	6189
6130	9045
6160	6168
64837	81930
1822	23028
2635	5371
57111	64284
871	1290
6137	7311
2792	3763
1062	1063
6142	8666
1829	1832
11015	23046
6167	6234
10109	54874
2956	9126
6193	7311
3192	23350
53905	90527
10236	55749
4726	4728
6147	9349
3688	6709
4928	57122
1062	2491
963	326624
1915	6204
5861	10342
6167	6181
11137	84916
6456	9892
567	3107
6205	55272
2205	2206
5880	91614
8453	55832
1462	10082
6428	7919
3685	6850
51650	116540
3183	6430
10102	28998
2071	2967
1991	6037
51	6233
5439	80349
344892	390063
320	5864
23309	79595
6147	9045
10256	54845
727	339403
5885	286053
8453	79699
2242	5361
332	23332
4005	4602
3920	6836
6129	6230
8314	23512
5294	55970
2865	84432
56729	126014
4985	6752
3303	10963
4176	5982
3326	10576
2960	2967
4707	4712
8697	25831
399	117289
3887	3892
6160	6227
5685	5706
91147	121441
9672	375790
6202	6204
6201	6228
5438	6635
29127	55165
10885	84172
988	3839
8581	10232
3856	3880
16	2617
6217	84916
4116	6159
2147	3827
5441	55718
10084	27238
2153	2243
1022	5432
1933	6142
1555	1577
1292	5352
5725	10949
118430	727897
10885	65083
680	2798
9320	26190
6129	6164
6164	25873
3691	3918
6124	6175
140881	245911
302	5707
4176	4998
6139	6164
4512	4535
3663	4281
3181	3191
1908	1910
9700	23332
891	2491
963	5023
3320	10458
3354	6387
6129	6175
112	5660
4713	126328
6176	6201
2125	5493
4736	6205
9829	26052
6223	27340
400	25839
1783	11316
6810	6814
6206	6230
4700	4702
350	2266
8688	286887
6233	7516
4057	10321
1956	54874
147	2150
197	2153
4734	89910
2107	6170
727	846
1515	3113
86	8607
10250	55749
2920	3569
3909	59277
932	10970
8945	90025
23332	91147
2938	2939
6170	9732
6233	23600
9918	10592
1669	3240
1793	10152
377	10540
1933	6181
23291	65264
4694	4717
351	7184
10930	29974
4710	29796
285093	390190
1291	3688
8334	8365
3827	5020
8337	333932
6132	6224
2079	6634
3339	6385
6137	6232
2099	8202
3222	3225
3921	6167
7311	126433
1088	2358
6129	10399
4508	4538
51264	219927
3106	5696
6208	23049
6132	6222
6227	6727
3301	10963
1329	9167
2551	4899
5518	6169
23160	84916
5717	126374
6427	79902
1307	169044
351	3491
6147	6204
2912	4852
51023	90480
6231	7311
627	5879
81797	344892
5970	23118
6175	6222
6160	6201
2185	5599
890	4288
6125	6136
8969	653604
472	64421
521	55028
9320	25831
899	140460
10640	23265
322	333
5828	5830
915	3702
6714	375790
9246	54778
5688	8312
197	335
9604	9867
1933	6136
1793	7525
5861	51014
671	4353
6461	10458
9662	10733
6208	6223
55127	84172
10236	10492
23304	84085
3055	5747
4035	5159
4736	6160
3672	3688
1351	9377
90	657
5880	10298
9967	10432
6138	6155
6139	6234
1783	22930
661	10623
5557	54962
10285	10713
55829	58515
9793	113130
23511	57122
6128	6133
3886	8687
84366	360205
5093	6625
5111	10535
64979	219927
6152	6233
8451	51514
6135	6204
2147	2266
5347	5905
6133	6147
4839	25885
6218	6232
6188	65008
1576	2326
7311	23118
23279	51362
3185	27316
6164	6181
6122	6157
378	5861
8453	55884
51650	118487
6122	6168
1639	29127
2521	3185
6224	6234
6223	6231
6701	6704
9371	10749
440	2617
6155	6168
8349	79019
10274	79172
688	5468
5111	7027
640	974
6923	158506
55142	440145
2033	4089
5005	7276
4829	5737
55143	57082
3111	3123
2799	5476
9553	29074
1783	10121
5929	9757
1387	6601
6727	10952
890	51203
6141	6161
6161	6176
9341	51542
6137	140801
720	3426
4718	4726
1356	54757
6141	6230
6204	6206
7164	152503
3827	51156
10193	26118
639	3662
9978	246184
4254	5777
3911	3918
1329	54539
26190	57542
3921	6189
9928	259266
1933	4736
6229	9887
6138	6203
9879	11325
1063	9793
488	489
830	9276
6136	7311
3184	51692
6224	6227
3046	3050
6206	27340
567	3837
966	199675
3093	27252
1717	6307
6136	6207
8976	25977
26123	79867
2967	51755
5694	7314
5868	7879
6206	6234
6234	27340
4240	5954
988	53981
5747	7456
3199	5438
1329	4713
8615	100302736
8689	286887
1915	6207
6227	9349
8074	29106
2784	7434
5501	25936
2079	6635
5566	5970
1386	6602
161	8650
6154	6155
3978	4171
2203	5213
9320	64682
4736	6210
9738	54820
4853	10046
2863	7204
3355	5173
51289	259287
7381	440567
2533	7408
83597	135946
712	714
6635	9883
3355	5179
7314	26263
4713	4728
9892	10109
10749	51014
11314	79895
10857	326624
3394	6688
1315	3796
6167	6231
1280	84570
5189	7311
3915	5954
2064	54206
51081	118487
9611	9967
6152	9887
3915	5879
3422	4597
7311	85015
1307	50509
5711	8453
2197	6146
6188	6201
3799	81930
6164	6194
6133	6136
5903	8243
3619	24137
2197	6193
4712	29796
56929	79176
5604	23164
7316	8864
5660	326624
1453	6227
7316	11001
988	6596
50835	50838
6207	6230
8452	26091
6206	10952
636	22930
1783	5529
9343	23020
6159	6234
262	4143
389	57449
55876	94103
3912	4240
6228	27340
6128	7311
8491	10746
6154	6231
1453	8636
3687	441864
5879	94134
4620	8735
5880	171177
1906	1956
23063	23244
5315	7167
1902	2767
1536	4689
5594	5781
6432	6634
5747	7454
991	10112
6203	6231
4712	55967
5868	51552
55832	154881
6158	7311
5869	8301
27316	84991
6698	6707
6189	9732
6235	9349
1314	10802
607	8945
3797	26146
1981	6146
6133	6170
5929	23067
2206	3702
332	22974
2197	3921
2033	9967
2189	80010
6168	6169
22919	54821
3669	4939
6202	51187
186	2914
1277	8974
2064	7525
6201	25873
1937	6228
6223	6234
4088	5784
6122	6181
6233	54778
8915	29775
3105	3133
6170	6222
1660	57510
2033	5469
6125	6185
6205	6208
6132	6218
3458	6775
259287	339403
6233	6868
6159	51187
11167	84141
6227	25873
1314	9276
4952	286451
23304	29945
6218	6223
56929	123879
6155	25873
5437	23248
6170	6210
3109	3127
10133	81631
2197	6173
846	10886
830	10652
1387	9968
4116	6125
1213	6233
6230	55272
1062	5903
353139	353142
2935	6164
6636	8683
9883	51692
6155	6158
8086	84271
9113	154810
1453	4809
23397	56992
2861	56923
649	3339
57191	400720
9372	25930
26682	344892
8365	653604
23517	84135
6774	9021
1329	1347
632	3381
3429	8638
3491	3685
4738	9616
10193	80204
344	6382
6208	9724
6168	9349
4542	4641
6205	51187
6233	10401
7311	84231
9069	9076
1783	2801
79090	149111
3084	85440
1601	8976
6122	6135
4288	6241
9585	24137
344892	390077
6133	6164
1915	1933
374	2153
3667	5580
6201	6229
56902	84128
5747	9564
9887	11224
2801	51014
4588	26290
8853	11014
1783	11015
9015	284119
6235	9045
6159	6206
1495	1499
4736	6146
25929	79084
84727	122769
5518	6167
6169	6224
9329	84265
3672	7402
3183	6428
4771	122786
6144	7178
6232	7458
1462	3912
10403	51143
5869	10890
830	55604
58191	63940
2633	2634
5880	7454
6427	220988
6210	8662
6152	6234
3837	3838
148	2837
521	27089
11196	126003
6130	6160
3688	3918
2354	3015
972	3119
6154	6230
8351	121504
22984	64318
9527	57731
4332	5657
6208	10952
6870	51764
54960	129401
88	4626
27292	55781
10926	63967
5707	126374
5903	57551
2243	51156
6632	10465
6170	6206
6143	6208
338	1080
6222	23521
22976	58508
5439	6875
6233	8290
6143	6175
930	933
3320	10383
6137	6189
1445	9564
4014	5317
389	64333
9021	57674
6160	6202
3340	375790
283111	344892
3185	3190
4540	4541
783	27091
88	2890
9495	10369
25831	197131
6233	8945
251	152330
5880	7409
1387	8648
6206	7311
5869	22905
3191	3192
3688	5829
163	8301
9757	23067
6133	6156
2099	54828
5829	7525
56923	259287
55166	79682
55236	197131
7409	653361
9632	10483
6154	6159
1453	2197
637	3002
5528	348995
9655	57542
154214	158506
6135	6160
6241	10403
4735	80184
6626	51593
6154	6222
4694	4713
1500	4233
3191	10523
3921	7311
3681	8515
3190	27316
120796	344892
4297	8085
6233	140801
6173	11224
399	10144
701	9700
23011	51762
3655	4233
351	5340
6124	6159
680	4829
3672	3696
8729	10959
3191	23283
6375	6846
3921	6201
2790	27334
51592	64682
5688	9978
9055	9928
6158	9349
23223	65083
1650	5660
3914	5829
6923	140458
6137	9887
6233	8650
5529	151246
6159	6209
10885	27043
3761	3785
10733	203068
5741	122876
8945	9320
57413	59340
7082	25937
23279	57187
2932	5529
2079	6637
4715	10476
9188	23560
226	2023
6133	6230
55320	401541
890	7298
1292	10491
6164	6173
23601	338339
3689	84418
5688	51371
10885	22803
2962	57794
6136	6229
5604	7529
9436	9437
29093	64928
1660	3191
10466	57511
6637	23524
6130	6154
6241	259266
6129	6203
2491	7514
5861	10484
2207	7305
701	7153
3689	7305
6128	6189
728	5697
4541	91942
3663	23321
7311	9020
6202	6233
2207	100049587
56923	259292
5928	8085
1956	5796
6453	54874
8972	93432
5518	6235
208	57521
23309	64426
6128	6155
8688	54474
2788	2863
6202	6208
25831	140460
3043	3045
10427	22872
6181	6205
5437	7874
6161	6233
5872	53916
920	2533
54778	57542
6204	11224
1008	1016
2633	117854
5001	222229
9349	11224
932	160364
1630	137970
6288	84432
108	283869
6711	11014
51258	64928
23112	80012
5119	9798
9133	83461
672	8314
4724	51079
139322	374354
3640	5443
6138	6223
6161	9045
160	6233
6429	9295
51690	54464
1969	2050
6209	55127
6156	6170
5747	7852
5584	56288
6146	6165
6188	6229
6923	9978
1290	10536
5431	5433
4495	4496
3191	51692
4116	5435
6135	6233
9787	81930
8638	10379
6139	6173
1605	9459
85476	116540
7314	64320
4535	4538
9294	64805
6790	24137
6224	9349
79470	344892
2623	3674
54998	128308
8687	8688
4541	4712
24147	79633
677	56915
9787	10112
3691	3909
7862	9219
5708	6790
10155	201514
1453	6235
6125	6158
9967	23097
23160	27340
699	988
10285	23283
377	9371
3185	4670
10920	26263
117	7434
988	6950
23014	143279
8881	29945
1983	6141
51692	220988
4726	55967
6173	6202
5519	6801
27258	83443
3594	149233
996	89910
1063	3619
6169	6206
5930	84231
6124	6173
1937	6125
302	10577
904	25896
4736	6164
705	23560
6137	79707
1813	4283
5529	22919
2925	9170
1495	1500
55014	126003
932	966
6122	6204
51	7311
6921	55284
7862	54815
6181	6201
1511	1991
6233	22888
7415	10576
79895	100049587
6135	6202
3911	9459
988	3326
3843	10527
6133	6188
51096	84128
800	3672
5880	257106
3903	5023
6231	140801
857	858
2935	6168
55165	259266
1398	5599
1315	8729
6128	6230
7514	9793
6138	6161
54539	126328
10153	55131
350	462
9037	23275
545	7311
7936	404672
51289	339403
4700	4725
6193	23521
7756	64149
9739	27327
6124	6232
6157	11224
3673	3918
3362	53831
6610	7132
3607	7311
80097	93323
8843	50834
1337	1340
53354	60490
4736	6130
3688	7052
501	51166
51023	64976
9787	10403
9183	64105
6128	6188
9690	84231
26155	65083
120776	344892
5930	80204
8661	728689
801	6263
6157	6204
9133	10615
6159	6222
513	374291
5023	10970
7840	55755
6227	23049
163	5878
8449	79869
5592	8654
11316	93661
8648	9967
158506	246184
6146	6228
6161	7178
8189	10921
983	10733
54874	115548
3115	4261
160	1601
6156	6188
27	10486
79583	80184
6135	7178
4694	4712
11052	51692
6157	6235
6201	140801
3320	9844
1824	1832
10552	22905
1660	3181
1742	8831
7311	115548
2033	23112
553	6869
7324	79876
22954	23291
5684	8658
1269	59340
3909	375790
671	1991
51585	79869
4322	7373
1398	10818
846	56923
3115	7535
3437	10379
5725	8661
891	10112
1813	6364
3350	84539
6130	6141
1601	5878
830	9371
699	9700
2205	3702
2247	2260
6117	7156
6233	23168
3479	7044
6152	6157
2023	5315
377	10112
1435	3490
6136	6143
6155	6164
1395	2848
4709	25915
6139	6194
5347	51343
942	7525
6181	6194
11102	55127
1871	192669
26146	55112
3184	6626
23016	51010
6637	10465
8775	10618
6139	6208
6193	6233
9972	23511
10458	10552
7779	27173
9655	9903
6203	25873
5435	6636
8767	23118
4709	4710
6223	10952
695	971
2185	9564
10970	11001
1439	5777
302	10383
4175	81620
1981	6210
3192	51729
6599	6605
6143	6194
1394	4160
9793	84902
567	6890
9133	113130
117	2784
4715	4717
5869	8027
1291	5351
4700	4717
1548	1553
6167	6202
64219	65264
4544	5443
51421	60485
26249	142686
1915	6144
5438	6827
9410	57819
1933	3921
3190	5725
3039	3048
6164	6232
5693	5700
6227	114987
24137	81930
3913	10298
8895	10970
1022	6929
6175	7311
274	1956
4734	64750
10885	57647
871	1291
6135	6158
4927	50628
26091	151636
996	1017
5880	94134
6137	9349
6232	9349
1605	3909
6923	51755
1282	1292
1108	2033
3655	375790
4736	6206
2920	2921
6790	29127
6189	6203
6160	6164
3184	9343
5290	5970
2036	4646
50835	339403
5611	10525
3105	3106
23244	23279
5869	6453
7321	79176
1445	26191
3188	10594
1315	84516
6147	6188
6189	6229
3695	5747
4173	79892
9736	80351
7532	26123
3912	7184
9564	9844
6193	6208
6709	8729
6176	6222
1605	5579
967	25798
2932	5714
6135	9045
10236	10250
6161	6218
990	10592
6130	6161
6176	6204
6147	6230
3135	3821
6130	6205
5610	23586
6130	6152
6193	6223
2935	6142
79050	317781
5519	22919
6144	6176
11017	22826
1915	10399
51602	84365
6124	6205
10262	27238
9837	11169
6279	6283
6125	6161
972	3127
6426	6428
1956	7311
1783	6711
6169	6176
513	517
26224	283807
4116	6164
3178	4670
6142	6218
9655	23291
2861	51289
51143	57405
6167	6235
54778	197131
659	23118
57787	84902
6157	7311
54998	219927
1329	388753
514	4695
7311	154214
5067	137797
974	3635
4734	7316
1781	11190
6201	6230
10491	10536
6430	7919
1660	27316
701	3619
6202	6218
6157	6176
6223	9790
983	51053
1001	1500
122876	594857
6165	6224
932	2358
988	51692
2914	3350
6428	7307
6170	6218
9330	53981
8453	26043
6208	6229
6923	29945
351	2817
861	6595
1956	2064
996	23327
1902	55970
6130	6209
2916	346562
5430	81556
23601	199675
6233	23198
6224	140801
7476	7483
6667	23112
6164	140801
5725	9128
3355	6751
899	51343
1639	3797
1063	3832
1329	4726
988	55705
7110	79571
26146	92104
6173	6194
983	9972
10142	283455
4666	6137
1816	3973
2648	5469
6159	6165
3913	11167
53829	59340
55127	79954
3240	56729
8243	57082
864	3683
112	3579
3882	121391
971	974
6228	6232
107	2775
4712	27089
89910	115290
7381	27089
5797	25945
399	9743
90293	140458
5718	6790
4694	29796
1453	10427
6147	6228
3607	55252
26232	93611
1942	2268
8976	22905
6143	6230
6159	6223
344892	347468
701	23047
6133	6203
9031	221830
163	164
1387	23097
5587	112476
6346	83756
552	2847
335	338
10389	84108
9412	55090
27316	220988
1292	3672
6692	6768
5908	7094
9138	55970
6193	9045
1453	6204
332	10112
4172	9700
5739	59350
6160	6167
3054	3607
4670	10523
9969	10499
2935	6229
1727	5707
941	942
6201	23049
353139	353145
6201	6235
6144	9045
3181	3190
940	50943
4064	9450
64928	219927
6152	6161
60	10093
8021	57187
156	55970
3796	5519
991	2305
6613	7421
988	8243
1387	8085
1650	6836
604	933
81285	285093
9136	84946
5196	11251
1362	3482
9776	55626
8886	84916
187	11251
8687	286887
6129	6147
7175	23511
64976	64979
641	116028
6169	6193
6136	11224
29984	171177
23028	23186
4701	10975
50615	59067
199675	338339
6133	6159
2042	2045
4697	4717
4540	4713
226	5230
51081	51264
6128	6232
2207	6556
25	10163
9816	9875
3157	3422
2305	10112
6132	6160
6233	6234
4695	4710
2550	51083
4736	6167
4686	25920
8027	51429
3183	7919
9551	27089
6137	6230
23014	55884
9984	10482
6142	6168
7516	348654
5586	5879
6146	6224
5529	81930
6155	114987
6176	6210
2274	284119
9844	10458
4298	9646
6147	6205
3837	23633
6176	9045
5286	6233
4297	51230
7178	10399
6210	6224
6229	140801
7020	284252
6556	84418
3308	9631
51264	118487
9666	143279
8687	121391
4172	6118
6207	6209
10112	55872
3109	3111
302	2519
6156	6222
3609	4670
259293	259295
1314	9527
6128	6204
4928	55746
1277	3685
3685	3693
3619	29127
332	3619
6136	6224
6147	6201
7337	23309
3183	6432
3827	5345
8945	56995
2200	3678
6122	6223
9972	51692
5717	10575
2197	6223
6147	6168
2033	9757
6667	6670
5862	5870
389	6453
8334	79019
89910	144699
6137	6201
4707	29796
9636	23586
6152	6206
6139	6142
871	1303
4736	51187
64750	115290
6228	55127
9879	51362
6206	6208
6233	26249
6164	23049
2957	7702
65055	128366
3912	10272
6155	6173
1347	10632
25885	64794
3866	144501
5149	54714
5573	23209
10153	51602
53981	85313
2633	4938
6439	653509
4116	6181
6152	6176
6232	25909
9883	23165
6122	6205
6143	6167
7343	9013
841	843
8636	80097
5777	80184
10540	22930
2912	6751
891	9833
9475	9826
6138	6229
3192	6625
6204	6231
2935	6235
8317	23649
3203	3204
6227	6231
6175	6207
1236	4544
7311	23521
3921	6194
53831	441864
1676	3837
6164	11224
4736	25873
6173	6235
54821	151246
6790	22919
344892	390059
6223	27042
3852	3868
10714	23649
6168	9045
6176	6189
6222	25873
1314	9632
6133	6161
25978	51652
4283	6364
3903	8514
1062	4751
2865	23620
9875	27340
64981	116540
6709	56729
5737	56923
950	22848
6915	94235
51132	80204
187	56670
9276	10427
6138	9349
5328	5329
51676	65264
27258	51503
3191	27316
6209	11224
6125	6142
1063	22974
7184	7466
3685	6518
5529	7514
6605	29117
4867	79600
153	6344
6908	8812
84231	140460
1116	4069
6132	23381
2491	9793
5861	55605
23332	146057
51429	115548
6709	6711
212	2623
1981	6133
6453	8322
6169	6171
1573	8529
25909	57551
914	924
8925	53339
6556	170482
6047	9604
932	51382
5424	5426
6204	6209
5717	9020
4116	11224
64682	84085
6193	6232
2359	6370
3913	10970
1500	84962
2537	10964
6206	6224
945	3689
51143	151648
6139	6235
6209	6223
932	3903
4696	4707
6152	6173
2033	7874
393	399
2033	25942
1282	10536
102	1499
6203	23049
1781	6993
3091	51122
10250	23511
5695	246184
4707	4726
988	79869
2912	3355
10193	26046
4508	4519
8945	9820
2071	5433
5829	375790
977	3655
6453	29763
3921	6232
2064	9475
4695	9551
8544	10787
6128	6143
3048	3050
545	5889
2804	4905
25873	140801
6154	6164
2782	26086
335	336
3481	5005
6233	10489
9076	100506658
2641	113091
3685	6461
3646	26986
5928	7343
3040	3048
6152	6202
5725	9343
6155	6223
9672	64131
5644	6690
388	257106
7311	140801
6262	11069
4713	51079
1650	58477
6156	25873
7042	83706
6170	7311
6181	140801
51023	219927
9918	54892
867	5781
27252	55585
6631	10465
2255	26281
338	51156
5970	6667
9585	81930
1933	6205
6159	23521
705	84946
4734	65264
3998	6745
4712	51079
5435	5438
5870	81876
6160	6188
55166	57405
7857	54757
6234	9045
4171	55388
6157	140801
5880	80728
1793	6461
3675	3909
6430	220988
7874	56655
51121	79048
8192	9361
996	51088
51264	64976
9978	55031
10523	27316
6164	9349
10274	81930
6223	6228
6217	11103
56923	259293
10714	80010
160	161
2197	6208
6136	65008
3320	85378
6167	6227
6155	6181
5903	9793
6133	6167
1956	22905
5335	10818
10189	79902
896	6777
6164	6233
10161	257313
6203	9045
50838	259295
2204	160364
1595	5447
6158	6202
10540	57545
3183	5094
79019	85236
864	10413
11004	81930
7311	8322
23063	23122
4686	9879
26268	56995
974	1445
4940	10612
6228	6229
3048	4778
891	5861
6170	11224
28	2525
6138	6234
4710	51079
10959	11014
6218	27340
2197	6136
891	55165
1269	8698
341276	344892
9972	51362
10959	26286
285	7010
6132	6169
5741	10266
846	5737
6129	6143
3921	6122
1347	7388
11095	221981
988	9967
56902	84916
3903	11314
10142	26123
5880	9743
5725	7536
79954	84128
4809	6231
5578	9564
6224	27042
6124	6158
2537	4599
22905	115548
89910	90293
11095	157869
80740	171169
3921	6181
2918	4985
88	4620
6156	6208
1911	57504
4710	4713
4172	10036
6194	6206
6125	6128
1398	2185
1969	2268
23412	51725
64682	154881
6637	51639
6165	9887
1063	5501
7337	197131
6168	6222
6164	9045
6135	6139
1116	5004
10075	10489
904	5433
2801	5861
1650	6184
54908	55055
6233	26190
3192	51692
6130	140801
659	9765
4736	6208
991	9133
123099	340485
6168	6181
5196	94235
1981	6189
1062	5347
3190	10657
56902	79954
9553	219927
8729	9371
23011	51715
6602	55193
50832	54429
10274	220134
4295	5020
23301	30846
9984	79869
6202	53918
6139	6141
553	64106
5519	54821
6159	6168
301	7852
6188	6218
5001	10926
2841	63940
6205	6230
10332	30835
1457	10051
6133	6135
6137	9732
3184	3190
336	2153
6157	6175
6194	51187
705	8602
1778	81930
1810	26009
1237	27199
5546	10262
23646	147746
6161	51187
695	8976
672	7516
11145	122618
6189	6205
6631	51645
1337	1350
1314	10959
6176	140801
1476	10394
4830	4831
7178	7311
3009	3024
5094	27316
4691	8602
6122	6141
1933	6209
1476	8993
1660	11338
9277	51010
10857	196527
377	1315
6124	23521
522	9556
6170	6232
6159	25873
144699	154881
988	7919
2064	5364
4173	7298
6201	6204
9181	29984
4160	104909134
2784	4985
1660	3185
2767	29933
6515	144195
10857	84329
10970	11322
4697	29796
6161	6210
2107	6173
1778	91147
2266	3026
1062	23332
3190	3609
344892	390083
6137	6207
905	51755
2197	6167
4172	4173
5286	6272
5869	11021
10155	25799
10142	80097
3913	375790
22984	23195
6230	7178
5347	6232
6207	23521
51593	64859
3561	3635
11218	55746
779	783
6159	9045
1432	5062
6385	375790
6135	6235
6169	6229
2322	6688
991	5708
6181	6206
25873	55272
5928	57459
6144	6224
3912	5829
7336	7341
2358	160364
3619	113130
996	197131
3015	8290
1315	6711
9585	10749
51023	116540
26005	121441
1783	79659
1910	2865
6169	6235
23376	142686
4700	27089
1857	2932
2768	5879
10749	11127
1981	6176
890	157570
25831	154881
4514	4535
4116	29107
1911	23028
5931	10664
27043	57647
8337	8349
846	10022
857	64750
3122	55824
9752	56141
6139	6207
4057	6709
1000	1012
324	5519
9793	347240
472	84142
55703	55720
3675	4233
7175	10250
91543	129607
8453	22954
3619	9700
9967	9968
3921	6218
6203	6205
7184	10130
6235	140801
1004	1016
3912	54972
950	5286
6122	6128
5898	5899
6152	6203
9904	79050
23533	55361
6934	283149
1573	1579
6167	6175
4837	284119
3339	3915
25978	92421
9371	79989
6208	11224
891	995
5862	8548
6147	6176
81930	151246
996	57674
7514	23244
351	55970
116540	116541
5903	22919
51510	51652
3490	84141
5725	10594
79659	92104
2197	55127
996	5717
6128	6227
6188	6217
6160	6189
996	80012
2237	5111
3640	387129
3119	3122
8337	8347
29127	54443
598	6774
5518	6233
8321	8322
23019	55571
1453	6234
7311	26046
521	7381
8993	10394
163	9341
6143	6206
4867	9657
7311	11224
1793	9844
6122	6158
6139	6154
2769	5335
54821	55055
258	5179
1937	6124
3491	10970
6128	6130
3267	3949
54850	63891
6164	6201
1303	55214
23122	23332
9978	81559
55737	58533
4736	6176
6142	6146
1956	284119
5347	10112
6885	7182
824	3688
6168	6209
999	1942
4709	4713
9790	55127
100	51816
51650	64976
6208	6218
246	11283
10663	259287
6139	6169
4085	55166
2790	7204
6208	6234
26338	65055
6136	6169
5704	5714
1364	1365
1063	2305
22995	163786
3191	9782
1236	2841
1495	5819
6142	6147
6168	6229
5293	23533
23112	26523
3915	10970
7184	10970
2740	5746
26190	57154
5094	9416
6129	6142
6208	6224
6307	50814
6152	6227
3062	64106
3309	29927
2197	6201
6235	11224
10920	55884
2641	346562
5695	10213
4591	11059
8886	51388
329	5707
6633	6637
6158	6218
6137	6152
1933	6207
6233	8976
6133	6233
1511	5657
4886	4889
6142	6203
55142	203068
7311	8450
1292	5033
4694	4700
5879	9046
10403	10615
4736	6158
1793	100423062
28977	54516
6170	6173
988	9416
6602	57492
6171	6228
5862	57403
377	5861
891	1022
5903	10735
5116	27229
23322	57545
10291	27316
3185	10236
950	7316
7311	27327
5880	9138
9493	259266
10153	84128
1116	5199
8673	10970
3185	3191
1781	57545
6698	126638
3267	8301
3156	3157
1555	1559
1462	10618
27316	51692
6147	6189
10484	90411
4508	4513
11015	51014
3071	8976
10466	10540
4171	10036
1292	55214
9493	10121
3122	5641
10181	10523
6157	6181
11190	121441
245937	613210
6210	22984
6137	6141
3685	4240
3559	8651
5707	5717
6130	6202
9133	51512
2033	25885
4540	4712
3017	85236
6167	6232
4886	5733
2861	259293
919	7535
6228	6230
6171	6235
9133	56992
3998	22872
5781	259230
7311	89910
55720	56902
1781	5516
8322	22905
6428	10946
8349	8365
811	5589
6233	55366
6135	11224
6165	6167
996	26190
5435	11325
988	64682
1499	283149
6168	6176
8698	55970
657	659
3635	3667
1634	4060
6223	9349
23160	54881
6173	6231
1983	6176
6500	142689
4694	55967
6128	6147
1107	23028
1445	1956
1453	653784
8615	9276
2207	5335
1794	9844
161	867
9320	26046
3912	4233
6129	6222
1783	9493
6950	10574
1969	9564
51649	54998
1605	3915
6136	9045
6209	23049
8514	9522
2838	5745
7311	9887
5094	9343
57129	219927
1958	4665
9787	22974
6181	6207
2048	5998
420	58530
3486	84141
6632	10907
10112	22974
6138	6159
6157	6194
2833	6346
5684	10393
1642	11091
890	7272
1830	5266
6152	6156
6752	10563
4829	56923
54939	55294
2767	8477
1994	5725
5887	8450
1302	1306
3689	8514
6158	6223
6133	6204
1650	6185
3240	4069
3664	23650
55755	57787
701	1063
7532	10142
2801	11014
23223	26155
930	29760
6232	57551
9887	140801
3071	3320
9636	10561
1337	4697
23291	54165
51122	56995
1783	11014
6146	6234
3889	3892
1289	7373
4736	6203
6429	9410
890	10460
28998	29093
146	148
28973	64928
6228	10399
6135	6165
1870	5928
51289	259295
6936	51645
566	4332
6135	6155
54617	57634
6124	6235
3360	7253
2262	2719
6175	6193
1315	64837
6132	11224
3361	4283
3856	144501
79682	147841
3685	6714
5868	5869
5861	51715
6146	6181
5879	10458
5711	7311
1595	6307
6235	9724
10112	83461
4666	6129
8886	23160
5518	6164
799	10268
1303	10491
6136	6164
4735	121441
1870	4208
3836	3838
7525	9564
4707	54539
11325	83443
2237	10535
3184	10181
6175	6202
11339	79682
23030	51588
689	6160
4670	6421
6809	9341
4666	11224
8329	653604
6790	10112
10102	51021
6137	6181
50838	259287
10523	11338
8467	25942
9076	137075
2803	7110
6233	8453
50831	259293
1781	84962
8871	51429
9363	9367
991	9055
64114	196527
3937	5788
3860	196374
10693	55970
6130	6222
799	1812
3914	3918
54908	79172
846	3357
9730	80067
6141	6205
712	7305
5528	8243
5436	6631
6616	8673
9793	10733
5981	56655
334	3491
8740	10673
4173	5983
3184	6427
222487	338339
23160	27042
9820	89890
5795	6518
156	2767
2790	9138
377630	401447
6209	8562
7311	55432
6500	7314
1933	6128
79583	79600
2735	79809
6129	6218
7311	9148
4116	6173
388	4952
6230	6235
5708	64750
6169	6207
11187	64065
3913	6714
10885	23404
1956	3655
640	5079
6157	6228
10274	57082
9793	10274
1511	4069
6181	9349
8338	10526
8568	57696
3688	5747
29933	55970
10097	50618
6224	9887
3074	6386
6222	10399
112	1269
7311	26043
3433	10561
11127	55605
7531	8655
23304	64682
6130	6176
1601	10618
6203	6234
3884	3885
3133	6890
1937	6142
6132	6727
3156	4598
6194	6229
4736	6137
3486	3569
5725	8672
6601	6602
156	8477
6801	7871
2034	9314
3437	8638
7156	63967
383	56729
5438	23524
1660	51593
7317	89890
6142	6208
6160	6165
6330	6340
5429	56852
5439	6923
4735	57545
6122	7311
1783	6249
134	6376
4174	5424
6161	6173
23168	56254
3054	80335
1431	2747
23322	80184
932	199675
9666	65264
9877	23279
1942	1969
324	1857
5093	5434
2767	7204
1314	8729
1060	57082
6233	26043
5868	51715
5747	10298
64963	92399
80184	84962
6146	100529239
389	5217
1462	3915
6146	6230
4702	4724
11113	259266
6453	22905
9793	23279
26046	140461
6136	6228
64386	79895
7178	25873
4641	10552
4599	4938
4313	4325
6167	6223
29074	65003
11339	79172
6157	6227
1778	5347
111	1812
5781	6774
3619	5501
8945	10075
6158	6173
6209	9045
1994	10594
3842	55705
6125	6181
5699	5711
1062	10592
988	10592
2848	285601
55175	56995
9320	10075
4736	6224
9883	23511
1656	27161
3916	3920
5879	257106
6169	6209
5777	5806
4116	6209
3856	3866
338	462
6202	6223
1495	4233
1398	5829
1001	3728
3303	3320
640	7525
1234	1236
6138	6218
6222	7311
6161	25873
963	6518
695	7454
1452	5516
3921	6130
3684	79895
6141	6147
23279	23332
6224	27340
4148	10272
8349	8969
134860	319100
1237	2917
6152	25873
6124	6156
23223	79039
10022	339403
899	22888
5715	7979
54480	55790
1778	4867
6205	8562
6146	6152
6230	7311
6222	9045
9551	55967
6161	6231
1292	7373
920	5286
388	55160
7189	55626
50506	405753
54517	142940
5093	10236
6176	6206
6605	9031
10552	10787
9793	11004
2799	5707
3339	7045
6222	6230
886	3061
1329	4712
800	10398
5476	5834
51429	54885
6210	9045
2641	10203
2798	56923
6210	6727
4707	4710
9875	22984
140807	319101
4696	4710
3832	10615
126638	353135
10250	10291
7272	9833
378	10959
4050	5716
6160	6171
7337	9867
29118	63876
84261	154881
2204	2207
6625	55749
6164	6176
1595	4597
2799	23526
4599	10379
383	3240
3015	5438
54148	55168
1111	4361
8976	115548
2060	50618
1983	6232
6208	55127
9742	26146
57674	65264
57129	65003
22803	27340
783	2784
23142	26190
54443	55165
116	5739
4540	126328
2841	55970
6207	23049
2222	6721
186	4988
8658	80351
51264	64928
623	259293
65003	118487
6201	7311
6635	6637
5194	6233
10075	54620
6176	25873
501	85007
55166	387103
5230	7167
2186	9739
521	522
5708	29979
9126	57551
6154	6169
966	11322
6788	60485
9349	140801
5347	24137
1933	6228
7434	594857
10427	11196
4927	9212
3133	3134
4736	6189
7089	83439
6232	9793
25926	51096
8085	25942
2266	3698
9378	54413
4993	344892
6138	6228
8729	23095
2268	2817
3619	10112
1537	4726
51399	51693
6133	6173
1854	7298
8189	23636
2935	6207
55215	64858
2099	6387
9277	80135
9793	203068
983	2491
3109	3122
570	23600
7403	23054
328	10038
6194	6235
10733	347240
6712	11316
10484	51014
5199	56729
3015	387103
1524	56670
23112	23466
8334	8969
6128	6167
10657	11338
983	5000
5526	7316
9188	54881
11190	55142
6132	9349
6165	11224
89910	143279
2068	51755
389	399
2914	4988
6621	79035
5518	7514
6133	6208
6169	6170
7003	10413
6122	6160
7204	10316
1350	4713
2892	2903
2623	10661
3921	9887
6135	6227
6741	9533
9348	10082
57551	79172
388	23526
79172	113130
23160	23560
1665	10885
4588	140453
6194	6233
4125	6036
26043	51122
2358	3579
4538	374291
5872	8766
5725	23020
5501	9126
2475	9675
4952	7311
6128	6194
9984	23279
4116	6218
5903	25929
6125	6235
83551	319100
1387	5929
6136	6235
988	24137
2863	5332
8337	85236
6194	6203
27095	149111
1933	6222
3895	84141
6129	6194
4694	4707
3837	7514
81	3688
857	284119
6136	6217
3918	375790
5795	9522
6241	55143
316	4837
6136	6168
3422	4047
6155	6210
51465	140739
6208	6227
3064	55660
1559	2327
108	6750
6136	6206
50835	259287
7311	23607
288	6712
896	6776
6152	6235
10618	22848
6160	6176
8717	9530
6146	6164
4540	54539
6147	23049
988	10403
51071	126133
1942	9564
6142	6143
51023	54998
5878	11252
5335	7305
4736	6141
5699	6233
9742	28981
3135	3663
22984	25885
3396	51649
6233	90293
7139	7431
3837	57122
3185	10921
7153	11004
671	1116
4712	4725
1793	6714
10489	221687
26268	140461
3084	5781
6233	9045
1781	29127
1000	10970
23244	23332
6175	6210
2692	5745
7337	9320
9246	11275
3849	319101
9604	89910
6133	9045
5829	7430
527	10159
6790	9493
5707	54583
10022	259292
6124	6169
332	10615
2767	5296
4751	259266
3190	10432
4331	404672
6130	6135
6175	23049
5880	84144
6790	7283
6147	6227
3054	23082
6147	6231
1669	8993
945	3903
9585	10112
6230	6231
3635	5294
5430	9611
2197	11224
24148	51340
9570	10802
2197	9045
2197	6139
130	10720
9870	26091
6139	6201
7032	7033
1133	8477
3444	3451
3797	79659
6129	6223
23279	79172
5688	5715
6122	6138
2243	2244
9322	9341
2359	94235
5318	5493
1829	11187
5516	5519
5528	113130
6143	6147
6223	51187
6667	23248
161	3482
2197	7178
377	29127
2691	59350
6141	6189
2788	5294
329	7316
6009	60673
6135	6171
672	84464
6132	6209
3017	126961
388	397
1084	23601
6129	6165
3693	5829
3655	3918
4540	4726
6205	6233
6202	55272
6168	7311
7057	7424
1233	56670
3796	10274
4736	6169
1069	4867
4736	23521
5795	55754
2165	2266
6142	6224
3490	6696
10403	23310
1660	23185
6428	22826
2197	4736
4436	254394
7478	7484
4725	4726
87	6385
6146	140801
4172	4176
5868	57403
6233	9611
1660	9343
7311	10818
3115	3122
6210	6234
6194	6231
2185	3688
4700	4724
6146	6235
1387	5437
4008	57542
116541	219927
915	29126
1398	9046
5591	7486
890	10403
177	351
6233	126961
6137	6206
566	4353
945	3685
5879	10552
6125	6175
2185	6461
6160	7311
10298	375790
5829	7852
624	6755
56995	154881
2197	27340
930	974
10963	22948
28998	64960
5054	5327
6175	6201
1660	3192
1783	8729
5529	5711
1642	79913
2521	5094
9656	11073
1069	10426
9371	11127
9371	51014
4714	4717
1406	4901
2153	3481
55759	84128
26519	56993
79473	344892
5439	10980
5689	5695
22848	26130
1173	9341
932	222487
6235	9887
161	6233
9493	29127
6222	6223
27089	29796
6129	6188
4736	6135
5589	23193
2521	3183
8829	10512
6156	6209
58	5879
6773	10379
4537	4538
813	7184
92815	128312
6181	6227
160364	338339
2064	5747
26019	51121
6950	84617
929	7097
1121	26130
4353	56729
3416	7321
5571	60673
5436	85437
6231	9724
1325	6752
6170	9349
3685	7525
1129	6572
9221	84172
996	54778
6714	7311
1497	23729
4710	4718
3486	3491
2209	6688
9727	23265
8329	8349
11345	81631
26589	54148
3693	7525
7153	7298
7003	7004
1781	3797
6168	51187
4998	55183
55832	80204
87	1499
6203	7311
6237	10371
3437	10964
6233	89910
6138	6206
5930	26249
55755	347240
4116	6208
3856	5493
6164	6224
2692	2838
1063	4288
6144	6168
6202	6217
1880	57413
988	7112
5029	5724
26249	140460
928	113177
3799	11127
121391	286887
11127	29127
7514	54821
5023	8514
3434	3437
3313	5903
23160	56902
5903	79172
1121	51715
23014	23291
84418	100049587
2071	5985
4048	6709
5435	55718
54845	80004
6923	23198
1063	7514
6125	6169
4540	4728
9493	81930
778	10369
6157	6224
6228	9887
6233	140460
6430	22938
6223	9045
54677	83752
5707	10383
23332	79172
2956	4436
27198	338442
6175	6223
9793	22974
796	797
1994	10291
3833	24137
10618	79571
25885	55703
6224	23049
6130	7311
3853	196374
6167	6201
4706	4717
388	389
6182	65008
699	10592
4736	6143
6141	23521
9767	11143
5880	64333
6144	6201
5690	8742
966	6711
2197	6133
1129	5733
4709	9551
6218	55127
983	11130
1029	1030
6155	6169
1499	5795
336	5948
6203	11103
5436	51755
830	1604
5584	117583
7337	26190
6708	11280
26043	54165
5903	23511
2767	5330
2491	5519
10426	55755
6137	7178
8453	8945
3111	3119
1387	10498
2792	594857
2740	94235
3192	7536
3710	8826
6160	6210
2922	3061
8467	9188
10949	84991
111	10268
6234	23521
3106	6890
1395	79924
4116	6233
2222	3422
6122	9349
6133	6143
1290	1291
6138	6727
1315	23303
5347	29127
516	401505
6122	6208
55212	84100
9276	11070
8453	9870
10403	81930
7337	25831
3062	6869
4738	28991
1639	10112
2185	5879
5878	10254
4171	4172
3340	6385
6204	7311
6144	6229
1601	29924
728	259287
6189	6224
2200	401138
332	9833
1639	10121
6130	25873
6631	27258
5439	6633
3184	9716
6755	339403
4538	4712
1634	4314
4088	5594
7311	9341
57107	116150
6135	6193
377	1783
65055	219438
6154	6194
6137	6157
3833	29127
4033	4257
905	27125
2873	8945
1327	1329
10749	23046
5695	11047
4171	4176
22936	64859
6136	6202
2788	27334
8349	653604
1174	10016
6167	9045
6204	9045
5093	51692
2317	54751
8816	79269
1048	8434
6142	140801
5529	5718
3619	51203
5660	84061
2107	6234
10992	27339
6161	6727
5351	8985
6188	6227
399	9938
338	3698
1667	1668
6633	25929
4361	10635
6171	25873
2971	51082
1933	6135
4541	25915
8329	8334
2305	5518
6170	6181
11316	55850
6161	6227
3921	4736
6132	6229
259293	339403
6159	9349
51023	116541
6125	6168
5347	11004
6635	51690
373	7322
6175	6232
627	5781
64425	65083
4512	4538
9730	10293
5469	9968
55168	219927
4736	6207
6160	9732
6193	6206
4713	29796
1981	6228
1043	7512
1308	3918
3190	220988
3178	220988
3797	9493
1968	8661
8698	59340
811	10130
22984	26155
5829	6461
3190	11338
2792	2918
6139	6206
1499	5708
4738	6923
1022	5887
10285	23350
3213	8338
10403	220134
388962	552900
5575	8826
6201	6223
9551	10632
8322	9341
3688	5879
1058	8655
7311	79577
2268	4301
1241	7204
6203	7178
1233	6370
83597	390174
3702	9402
3683	7409
6224	6228
118487	219927
6133	6168
23304	154881
5422	5983
1915	4736
10735	23279
1278	1634
53981	348995
10403	113130
6167	10952
9183	22919
23601	170482
5339	6157
1132	53637
6223	23521
26523	27327
4535	4539
7305	100049587
338	5948
6233	7186
6155	6228
6129	6232
1962	7321
4738	5695
2071	8450
9416	23451
6122	6193
890	5933
6205	6222
2735	132884
4069	5199
6125	6202
6230	23521
4952	5286
23049	140801
4313	4323
51280	54972
3512	57050
26589	122704
5896	5897
55781	134430
29093	65003
1058	9133
6143	6173
151648	220134
932	79895
2033	8243
830	10466
1994	3609
7311	64219
10403	55143
6202	6230
10592	259266
6133	7458
50835	259292
23533	55970
6709	11014
6170	6175
2475	9821
28973	55173
5520	6132
2918	6752
1058	55839
6142	6167
2935	6170
2916	3351
7979	10393
28987	51388
5501	9700
5443	6370
1933	6210
1601	6453
5861	81562
8337	126961
9700	10735
6161	10952
1603	58505
3688	83660
1991	4125
5601	6272
2997	6233
5436	51503
6128	6160
1329	9551
23	1660
9700	79172
1829	5493
6176	6234
6230	6234
375	10959
1660	3190
6133	6227
2023	5230
6206	6222
87	3688
6774	51079
1453	6233
10970	222487
4541	374291
7204	29933
6129	6157
5879	9181
813	11098
3675	3688
6170	6234
9320	26268
10592	23310
1364	137075
10155	284309
5590	50848
6142	6165
8688	8689
1956	5579
6176	6230
1956	4145
6128	6161
51602	84946
6129	6206
6218	6233
6169	6233
675	27030
4695	4712
3183	27238
23279	23511
671	10394
9320	80204
6160	6161
4677	8565
4540	29078
3912	6714
813	5954
8807	8809
3191	10236
23376	84085
6233	140459
6207	7311
6383	10082
10890	57403
890	10733
6233	10818
1778	121441
7514	23122
1781	5861
57545	79867
5426	8914
81	9564
2197	140801
2197	29093
7321	84962
6189	11103
8945	64682
6168	6207
1601	8027
1981	6208
9117	90411
5439	6631
4853	6868
6136	6209
9341	115548
7476	7477
6203	6230
10282	10652
161	24137
55872	64151
6128	6169
393	11015
915	7535
3134	3660
3912	11098
10749	24137
11314	100049587
4707	4709
1537	4715
7456	10458
79895	338339
3183	6434
4700	126328
1237	9934
1453	6229
3619	57082
4116	9349
10907	57819
2918	10563
695	118788
6222	7178
3543	7441
719	8895
65264	89910
920	115548
7153	55746
6207	9349
1453	6210
3854	3861
3190	4670
1876	10445
2132	6385
9903	221687
10053	152503
3482	22848
972	3115
26268	64682
6157	6202
6139	6202
4928	9972
4172	4175
6124	6193
5048	5515
6209	27042
6181	23521
57187	65109
701	221150
580	80010
10813	10885
2033	58508
8655	60673
5707	6386
868	5930
8329	8337
6868	11319
4694	4701
1943	1949
160364	199675
2147	4295
6164	6230
119678	344892
8317	63967
7409	10787
1915	6228
8655	23218
5493	6707
566	4069
84549	84946
6141	25873
6160	6173
6158	6233
6135	6218
4738	7979
5290	5781
10382	91147
518	9551
2197	9887
5609	9181
1237	8811
5338	9744
6160	6234
4689	7409
7204	10800
1105	4343
6207	6218
6229	23049
4343	4853
6202	140801
6233	23112
983	129401
6317	6318
6165	6229
1981	6218
7153	23511
6173	9349
5599	6714
22974	29127
1639	22930
29127	55872
5610	23118
10000	55970
6850	23533
7514	57551
115290	143279
6161	6224
6152	6164
4708	55967
4116	6224
6173	6206
324	8085
514	4713
5518	6157
25831	57674
3685	84329
6169	6202
6201	7178
84231	151636
6878	8295
83540	220134
3849	140807
10618	55330
974	100423062
10970	338339
3066	6045
3133	5696
9887	23381
57332	84733
3921	6204
6224	6229
3430	8638
23236	253430
887	2147
5516	5520
6164	6228
5436	27258
6154	6235
1058	10726
6141	6176
6161	10399
3178	6421
84154	84549
933	974
10236	11193
5694	5695
6147	6173
1933	6201
6202	27340
2033	2072
727	259295
6189	6194
3185	55749
6233	151636
2239	9348
398	5880
6218	6227
5981	57599
5984	7298
1387	4205
4926	55755
1915	1937
301	302
86	8451
6129	140801
6205	53918
6128	6154
9076	24146
1478	9128
116	2740
6156	6161
2768	2783
23112	192669
1601	7311
3181	5725
1062	3799
1994	8570
1233	5473
3921	6155
6122	6191
8697	8945
9493	11127
6139	6228
1880	3579
6714	7525
6156	6169
518	521
6136	6170
65264	115290
1854	4174
6143	6235
10193	10489
4040	8322
158506	285231
2841	7852
6224	7311
3832	51203
4893	27006
3915	51280
6189	6204
972	3111
6204	10399
9045	140801
2197	6170
6156	6176
4736	6222
6189	27340
6137	23521
1956	9341
1605	6714
10921	55749
5928	116092
5439	5901
5093	10523
26190	54165
2209	2268
3017	121504
4323	4811
2064	5599
990	9156
6206	11224
2153	2159
11258	93661
10403	348995
1453	80097
5094	10236
26263	55884
6152	6208
4695	4707
6049	26224
7337	51320
3660	10475
6194	6208
6141	6232
8969	126961
6193	6201
8945	64219
27258	84844
6230	55127
22845	57171
2800	91949
3190	7536
6155	6230
1008	1013
6152	6170
9493	9787
6632	11157
1639	3326
5426	8317
3854	9119
6748	10952
4436	23028
6625	6626
6206	6233
399	80728
400	55275
2033	26523
116540	219927
9341	23149
3859	125115
5903	9972
6130	6164
6189	6234
6138	6156
8655	83658
6363	10563
701	56992
53829	57413
1536	2204
6709	124583
7536	10949
2491	6249
5460	55211
3881	112802
3912	3918
3852	3853
966	10652
10396	25798
6128	6207
3356	6915
6205	7311
3660	3662
6152	6223
6125	6222
988	4173
6160	6207
391	9743
3101	64841
6233	158506
2767	5599
2348	11258
1956	2059
1793	3071
5518	6208
3579	126006
5878	54885
6147	6156
84128	84946
6224	6232
9295	25957
6159	6167
353132	353135
10693	63971
6154	6158
1063	259266
1933	6156
566	1511
2491	25909
1981	6233
6146	6176
117	2695
8662	9669
3915	375790
6230	9887
7979	139285
1871	26523
4535	4536
10403	26271
26005	84902
701	51203
1289	5118
28981	64792
5361	8829
353137	353142
3689	338339
80321	91147
1022	4005
640	5336
6154	9887
6144	6205
3973	104909134
4724	29796
6125	6139
6154	6204
1291	3685
2155	2159
6138	6169
567	3133
22984	55226
6207	6229
5507	6233
6132	6173
6125	6233
2912	5179
6135	6147
25839	84342
2625	3169
10075	80204
699	220134
6500	8697
6146	23049
2125	3728
26146	79989
6122	6209
1759	7311
6143	6209
988	4436
5869	51715
9700	23244
51003	400569
1398	10152
6776	26228
1778	2801
6631	22826
10051	23244
26173	51593
891	54908
23014	65264
518	522
7200	84634
8189	11100
204	4508
2033	7515
55055	151246
10907	83443
9601	10130
1605	5747
1991	8635
6204	6224
5872	53917
2197	6235
79003	81565
6159	6218
6144	11340
26589	64928
1645	1646
57551	81930
3683	3688
23014	142689
6175	6234
3912	5747
6203	6229
6374	27198
23304	80204
26224	84085
6146	6222
7311	92421
1432	6885
6165	6207
3192	10921
2243	5005
6167	6233
10236	51729
4736	6136
3178	10949
108	7252
6635	11157
6453	7311
6139	6152
4584	9245
3921	6206
1349	10975
5451	23248
4853	6233
23122	113130
9320	57154
6234	23049
8243	10051
1499	2932
5435	6637
9820	90293
6208	6210
5684	8312
983	79172
1062	23095
7311	9978
5985	8914
1241	2767
5540	339403
9295	84950
2491	5903
2197	6152
5706	6790
2917	9934
6137	6167
6137	6234
1994	10921
5868	10096
988	5591
1954	23295
2803	5870
10250	79869
3376	8565
6128	6173
6233	54620
11218	23511
64761	83666
8356	8365
643	1268
6154	6207
4173	7153
2633	3437
6161	6175
6147	6154
1088	170482
5868	22848
6206	7178
6129	6130
7472	7482
2846	2922
5529	6232
6152	6228
87	7525
58506	130074
197	338
23244	25909
23160	56919
6130	6233
680	846
6132	6165
6130	6147
2353	2354
4738	5693
7272	64151
3688	91522
6128	6159
8178	11267
1994	9879
2033	8648
6223	23049
23304	140460
5501	79172
11258	11316
4172	55388
701	4288
3913	9459
2784	6752
5048	151246
6209	6232
6144	6175
9700	23397
5929	10238
6625	10523
8243	10592
5753	6725
6136	6203
6160	6231
3181	5430
6203	9349
3055	5336
1303	10536
4952	6272
4725	9167
399	9138
1665	11338
4736	6233
4707	4717
1302	1310
8925	10489
6142	6230
23595	51053
6908	54815
5694	7979
811	5034
2197	6210
4862	79365
514	1350
3619	23279
391	94134
3301	3320
9341	51429
29074	219927
4736	6218
3119	3123
7175	57122
6632	6637
2185	3685
4736	6175
56165	136991
383	671
890	9824
6122	6203
6227	11224
90480	116541
23014	79791
5868	26130
2521	220988
7454	7456
6233	26523
2932	6790
6164	6189
6241	9700
8477	55970
3191	3609
9585	29127
6208	6222
996	9320
6272	79158
78988	219927
7852	8698
6207	25873
6135	140801
3119	4261
5707	6790
23524	27258
2623	6886
6168	6210
3305	10963
10540	27175
3123	7535
10121	10844
2064	3320
9877	10250
3685	5817
3482	4905
641	6118
338	4547
5660	55970
23304	23376
8945	140458
7311	221937
3675	3693
274	11252
3071	5747
197	2243
6133	55176
6188	6222
8697	11059
64946	147841
8976	51429
389	30851
6155	7178
3017	8349
9820	143279
1398	6714
3895	11167
10236	55339
6155	6193
8301	9341
4074	6456
10083	257629
6129	6233
9867	53339
6156	6175
3672	6709
972	5641
1022	91603
6189	6228
4738	6635
3312	29763
5985	63967
5501	7159
6203	140801
8945	55832
6124	6129
1050	7124
9283	51764
3837	22974
695	7525
5540	6755
2358	53829
9820	23304
10615	146909
5529	7311
8317	84515
3659	3660
1824	1825
1306	169044
8688	121391
5707	23526
6160	6175
23327	79176
2002	6722
23376	26235
6170	6204
6233	51592
4172	8888
9616	28991
7204	8976
9787	54443
6426	7919
3655	5339
332	151246
5296	10818
1843	3304
891	6790
6203	6206
5439	51755
5695	5715
2617	8565
8881	26224
111	51764
6207	6235
2204	199675
25804	27258
6125	6189
9700	29945
6130	6168
5435	6633
6924	79577
10250	58517
6175	6203
1650	84061
4171	5422
6185	57171
3133	3660
6194	7178
2788	5368
49861	51208
6147	6208
6210	6235
3191	10492
1595	51478
79954	84154
462	51156
8394	23533
6173	6218
3115	3123
3549	6469
3655	3914
5422	10714
945	79895
57539	79659
29093	118487
1994	9416
351	1269
5566	57787
2792	388531
920	1234
6222	9349
2197	6161
966	326624
813	3371
551	6846
344892	390054
7272	10615
1281	4060
6167	6207
6157	6209
5878	8976
2197	6138
1103	162466
6144	6170
2491	6232
5518	25873
6156	140801
6165	6202
7311	8976
391	55843
51650	64951
10285	53981
6223	55127
999	8907
10342	81562
2635	3659
10527	55705
4736	6234
25831	57154
1933	6124
1364	100506658
6144	6161
6154	6173
9329	11128
1793	9564
701	9824
6189	6207
1329	29796
1287	3673
10155	79943
335	5948
6135	6224
22984	65083
335	2153
6154	6161
6233	25873
1291	55214
399	7984
5516	79172
22897	79598
9700	57551
3312	7037
1669	10394
999	1500
2801	10427
3725	3939
6129	6207
3683	10857
27134	100506658
23225	79833
351	5330
988	55215
6233	22848
5196	5473
1511	8635
6202	6227
6201	6209
890	26271
2788	2790
4591	65264
1241	56413
5347	9055
3921	6224
988	5725
55127	57647
7316	64326
1062	10112
6164	6209
5591	9656
3320	10598
90480	116540
6165	6230
6152	6229
6141	6168
22995	146057
1069	9657
6130	6165
26091	26190
57405	79682
5696	5698
6194	53918
6206	9349
1956	3918
4708	4726
1277	1289
259292	339403
6144	6206
4085	79682
399	4983
1329	1350
6130	6173
27340	55720
3437	4938
905	55677
5439	9978
6132	6164
1933	6206
332	5501
6136	6194
10952	140801
8729	9570
1398	10458
79023	129401
6159	6207
51715	326624
1915	6142
10964	55601
3091	5707
1778	79867
6202	6222
6136	6201
3013	8351
1287	3685
9968	10499
1022	55840
378	51014
6161	9887
1453	23332
4670	27316
81930	259266
5339	6133
51079	55967
10525	29927
5432	84962
1495	3799
1121	79090
3178	6430
153	796
9972	348995
1969	6714
6152	6154
6152	23049
6207	6233
2975	9329
6227	6232
2962	4298
1950	7474
3362	3640
4709	7388
6601	8289
9510	11096
25	5893
3687	79895
8663	728689
6159	6201
6125	6194
1639	8729
1329	55967
10022	259293
3799	55605
4714	29796
1915	6159
5284	55004
570	1962
1337	9167
1544	3620
3376	6301
6790	11065
10660	390598
6155	6218
6830	22916
5930	84961
57115	114771
720	721
1050	2322
6209	6231
4853	9253
1387	6938
10285	55339
5684	5706
3945	4200
11102	23160
6218	6727
1604	54732
3133	3659
9724	55127
6168	6228
8945	90293
4735	151011
9655	154881
6130	6206
1457	10592
5604	8826
6129	6139
8301	25977
6173	6210
96459	201163
6144	6181
6159	6194
5725	10432
6176	6194
2597	7167
6461	9844
50838	51289
988	6602
1577	1579
6167	140801
5870	10890
8334	8341
6176	6227
2832	117579
6143	6155
6122	25873
4953	51686
5954	10970
6209	9349
1508	1514
6455	23149
25793	84676
174	6694
3422	6721
6161	23049
6161	6204
6135	9349
4116	6432
147	5021
4709	51079
108	50837
6165	6188
6233	83987
6877	51593
26354	54475
5929	8945
1387	81857
6218	25873
811	813
378	9276
4116	6155
9738	132320
4707	4725
4976	9927
6772	23586
3685	5829
8189	51639
377	10121
2696	53831
285093	391211
23358	84132
9870	64219
397	398
6135	6175
1233	5196
6432	6628
2072	51426
1063	23332
1490	25937
3921	6168
6144	6165
3350	4988
7311	55666
55831	56851
4008	55236
6206	6209
1387	3064
6209	140801
5286	7311
6176	6228
2963	11193
990	9700
1778	11014
57122	79172
1058	5528
6189	6210
10236	23435
10425	79876
6135	6143
11274	23586
917	1759
5610	6774
2264	7311
1894	10112
2475	6654
6175	6206
3181	4670
6232	9045
6128	6218
6136	6156
6210	11224
2843	151306
26190	51122
1991	56729
10885	55720
6137	6208
4332	4353
6202	6203
22954	23327
2770	5599
1175	5878
1783	25839
26589	51023
6432	220988
1946	2268
2305	4288
1062	7514
6222	6227
3122	3662
5438	51755
4171	5426
2071	6830
3673	4233
6279	6280
3998	10802
4670	10291
4171	5984
8500	55327
6233	10618
4738	5715
2776	2788
6233	6235
11051	85313
1120	1375
51645	57819
6157	6233
6152	6189
351	27242
1936	6132
3576	6347
22984	55127
1781	7531
2107	2935
9738	10733
9787	55165
3886	121391
9969	23389
916	940
50838	259293
7094	22906
3875	3880
6688	7305
5878	10618
2801	6709
6233	54677
8615	10802
6181	6228
915	3118
9350	148738
6164	6207
1062	1639
186	4922
673	57498
2932	5526
1983	6223
4514	4537
28972	90701
5071	23352
9320	89910
5747	9844
23291	51122
186	80835
8085	8945
22948	84617
10533	26091
6193	9349
10914	53981
2912	5173
5868	10890
9439	23097
3396	6182
9183	79980
4800	6667
10975	29796
6868	7311
7164	286451
126006	729230
1329	27089
2932	5711
7840	84902
9727	55770
5868	5870
6160	6235
51503	83443
1832	5493
3458	3586
641	5424
6128	6233
9847	23265
23097	81857
1303	5351
6230	140801
3921	6139
2197	6189
9716	10236
3698	3827
1080	2147
6146	6208
4171	11073
3688	10298
1781	11014
991	83461
1962	6233
3200	8338
5566	7283
6228	6235
996	7337
9282	84498
6224	6727
991	5707
6136	6223
9126	9700
971	973
23076	55131
1942	2041
381	8655
6176	9887
3675	3918
5329	11322
4713	55967
55629	65110
9014	57504
51514	64708
5094	51692
3017	8334
4735	23332
22974	64151
6209	25873
6137	6160
10885	81887
3921	6202
23107	65993
6144	140801
26589	64963
324	6233
6125	6228
100	4907
6161	6203
79090	90411
5705	11047
891	5526
641	5427
6144	11224
2966	728340
4717	4728
1660	4670
1937	6188
6156	6204
6157	9045
6165	6175
6176	9349
208	57148
3689	5023
1362	9698
1398	3685
3796	10735
8356	440689
60	2597
2535	7525
4709	126328
6147	7178
25831	90293
6156	6233
6714	8976
4708	4709
7295	50484
8563	23225
25909	55746
11004	24137
5217	55740
50831	51289
1088	338339
11251	56670
8243	23332
6168	6203
5435	84844
7110	10618
9040	10517
10484	126003
3799	10112
4332	8635
344892	390084
6122	6144
3937	7305
1915	6138
1314	22872
4116	51503
3619	79172
6133	6152
3822	8302
6232	54821
11118	11119
1981	6232
831	5747
6154	6210
8945	55031
7317	9820
116	4914
5516	81930
10970	79895
3437	6772
64410	142689
80184	91147
6136	6160
26	10562
7398	10635
11127	64837
6136	6232
187	5196
963	1536
7337	23291
6125	6167
999	144100
5528	10726
1233	11251
6161	6209
9801	28977
4702	27089
5179	9210
3853	3860
160	8322
1933	6155
6175	6218
1969	7525
4208	5533
6206	6235
2247	3685
2042	2044
9156	55388
2091	6217
1810	55689
6218	6235
4999	5000
6925	6938
1058	151246
4067	6776
3185	5725
6874	51230
3434	8638
23279	57551
126638	147409
3799	9493
3932	29760
6498	64750
29945	63891
338	2266
51079	126328
3270	147111
55720	57647
383	8993
111	799
9793	57787
6231	9349
6146	6189
4069	8635
6234	51187
2132	2817
57154	64750
10489	79654
7249	7532
1337	27089
3619	10592
6188	140801
6155	6176
7272	55635
22984	79039
5832	118813
4659	5515
5707	10575
22974	203068
521	7388
6161	6188
3832	29127
6143	6181
9730	23304
1462	9469
7109	22878
9690	221687
9793	26005
7054	57016
6209	27340
6161	6229
54509	445328
6233	84251
3675	3685
377	1639
1129	4543
3066	23028
6158	6205
8337	653604
991	51665
338	4036
6164	7458
4033	5660
6464	6850
5411	51747
133	79924
5441	10980
57153	79895
6233	6498
64106	347148
4057	57554
2185	7525
336	4547
2036	57669
11127	51014
1453	6228
3675	7057
1981	5976
9833	11339
51023	51649
1933	6147
11103	27340
2767	9002
6207	51202
10749	11015
5294	7852
637	4170
683	94103
1781	11015
1043	2350
26589	116540
8568	22984
51264	92259
6173	10952
10640	55770
5432	23379
51649	64928
23291	197131
6249	8826
9833	10112
5795	326624
8349	440689
332	9493
6156	6230
5528	9126
55070	79176
51350	112802
5290	6667
988	55183
6229	6234
9716	27316
8648	10499
6167	6210
6156	9045
26270	93611
6373	10563
857	1956
950	8976
6156	6203
3673	3909
6222	11224
2935	6160
81567	93100
274	6453
1129	5179
9870	57542
1063	7153
55872	157313
11014	22818
6714	10413
4599	23586
6139	6143
3921	6176
5777	10630
2033	6233
3111	3115
8318	54962
29093	51258
55279	285237
84464	201254
4809	5435
1665	9879
2911	594857
1662	10528
1350	4700
3283	6718
6159	23049
10199	84128
10236	10921
4736	6232
5930	54620
90293	143279
51023	64975
6128	6142
3913	11098
671	3240
3354	9283
6227	27340
8329	8341
4839	10885
23291	26091
6130	6203
6152	6209
6747	23471
6146	55176
6125	6129
905	5431
2099	7031
10155	25888
9277	65083
1793	10458
3115	3119
8636	11258
6124	9349
1915	6124
4713	4718
29093	219927
1603	100128731
6209	6227
6165	6232
64318	79954
8365	440689
8704	55624
4240	51280
9879	55660
6142	6235
1062	1783
3619	25909
545	6923
10969	29997
6135	6161
966	64386
4694	51079
6176	6233
1660	10713
3178	6434
1981	6206
5347	9738
3675	3683
29984	257106
10489	51343
3113	3122
2243	3026
55143	220134
3437	10561
3886	8688
891	7316
6141	55272
26235	90025
3978	4172
1062	5516
9212	57405
2153	3827
6203	6222
6147	6164
6209	6727
5657	6036
6144	25873
3903	22918
890	983
904	79577
22938	220988
3911	5747
1756	284217
2358	57153
2792	5145
671	5657
9700	64682
23774	57459
3921	6229
6158	6194
3007	3024
8243	79172
7840	57787
226	7167
1434	3836
25929	55706
133	2790
55967	126328
155	796
9553	54998
728	56923
1058	9833
6599	6602
23118	257397
285093	390191
3619	10274
4695	51079
8648	80205
6168	140801
6168	6201
6635	51639
3308	5903
7283	27175
2197	6205
6124	6133
7316	150726
6160	6181
6143	6193
6135	6207
25	5159
2982	2983
2220	5648
6222	6229
699	55143
6155	7311
55920	79023
23223	79711
6168	6204
2847	10563
3055	3684
5788	6688
6175	6233
3832	3833
3797	28981
51068	117246
1933	6137
4735	79867
6147	6727
10199	56902
7428	26259
999	3728
553	680
54578	54658
1969	5879
5880	27237
197	3827
10342	10427
6141	7311
2976	11128
7283	10540
2197	6144
3434	9636
4718	29796
6155	6189
5822	7109
4298	23168
6125	6159
123016	129880
6164	7311
6160	9887
10189	29107
3312	6804
3685	80781
1233	2359
2841	8698
5529	57551
6136	6138
6222	6233
8243	23047
695	7305
9371	10112
29074	55168
1495	5781
6169	51187
3157	6307
7398	10714
462	2147
3113	10346
6160	9045
727	56923
8969	85236
6137	6164
3921	6227
2150	55970
6370	165140
6207	6208
6202	8666
6147	6191
25831	53339
6138	6173
10236	10946
57153	199675
3054	23067
6218	9045
5368	50865
778	783
341152	344892
23160	27043
6130	6144
1579	8529
6124	6230
400	90196
1832	3728
2811	2815
1236	1901
91	92
5660	63940
6228	7311
10269	23463
4233	9564
9212	83461
9742	55112
6146	6169
6142	10399
6453	10552
1161	5887
332	79172
1933	6152
64928	118487
6146	6209
6132	6203
4116	6176
55112	150737
6204	6230
6122	10399
972	3113
9570	22872
1495	5868
1933	6165
7532	80097
4536	4537
2784	3763
6173	6204
399	64333
22897	653784
54960	79833
3855	144501
6152	6160
1937	6203
6176	6232
6635	23524
10539	57019
10075	23295
54474	286887
4691	10528
7109	51693
967	4033
2790	2863
1956	7039
3833	9793
6143	6176
2537	3433
2783	6752
9716	10250
983	121441
5094	23020
3189	9987
6189	6223
4069	5657
6136	6181
1933	6203
24137	64837
3856	3875
6500	64320
55350	146183
1005	1009
6233	221687
6223	9887
8945	89910
6201	6224
1991	5199
9793	151648
3055	9844
1453	6201
6631	51639
2535	2790
79682	387103
1500	7082
727	50835
5695	9232
932	338339
5173	6751
2071	9014
4116	6147
9382	9570
4710	27089
1111	2178
6210	6230
23122	55746
4848	23019
6155	6209
5705	5718
27097	79595
3148	8125
10484	11196
6228	6234
6152	6169
3200	5438
2549	3055
60	10095
55759	84154
6181	7311
4947	5716
10802	10959
90550	91689
6633	55746
3672	3915
6155	6175
10489	22888
680	3358
1350	7388
6176	51187
9690	89910
9791	81490
5726	6755
1121	5869
6181	6222
8453	84085
4758	54472
11224	25873
54908	151246
6142	6201
6207	11103
8065	9354
5432	11051
6203	6223
7133	8740
389	257106
2792	5741
6139	23521
4519	4538
2847	6752
2072	7874
6175	6230
9877	100381270
2099	6198
54885	152503
9276	10959
6233	7844
6139	6168
24137	29127
7458	8662
954	158067
695	3710
824	831
3017	8337
5689	51371
1902	2185
10965	641371
383	1669
9666	83737
3659	6737
135228	266727
6188	6203
7388	10975
4171	4678
8945	80204
10112	64837
5519	51400
9320	57542
57105	94233
617	26517
1017	10926
2197	6154
7514	81930
10112	81930
1915	6230
516	521
4734	8453
945	2207
151648	348995
988	9631
26267	63893
915	3560
6231	6232
4343	7311
2053	7311
6165	6173
1340	1350
930	973
10592	64151
5869	51552
6130	6142
116	59350
4670	10594
25827	115290
2935	6173
1915	6139
2266	3827
6147	6223
113130	348995
6146	6175
10381	84790
4641	11127
4171	4174
6307	51478
6133	9887
26249	150684
9183	113130
6135	6164
1062	55055
4174	7298
10949	27316
6993	8655
699	79172
4712	7381
1314	8615
64410	80176
6233	10952
9648	79571
3619	23332
705	23160
3267	9341
23112	84441
6175	25873
8945	154214
5347	81930
23295	140460
2185	9475
6170	6229
6167	6208
3017	6688
1453	6202
896	3717
6709	7430
6136	6147
8467	79595
51343	142689
6129	6167
4343	84441
6160	6206
8514	79895
1937	6189
6231	25873
1915	6175
6159	6176
6632	6635
6923	9646
4584	4586
5441	7314
10413	25937
9533	64425
136	2788
8450	10401
6167	6727
9371	9493
6993	10755
8843	27198
10574	22803
5347	151246
27257	57819
6125	6206
56963	148738
1315	9276
7311	55670
6176	6207
6173	6207
6139	6227
2962	80004
831	3688
10905	23193
163	54874
84085	89910
9183	57405
2980	2984
6637	51503
6434	8175
1453	6232
5878	8411
26190	55236
10671	51143
1950	2277
6142	6160
6188	6235
3675	3915
727	259287
1116	3240
8924	22888
6138	9045
3764	10060
695	7409
8175	84811
2535	5599
9793	23047
705	83732
1365	100506658
9136	84365
6637	8189
695	2207
1902	7852
6161	6206
2740	59350
6203	6232
23304	26268
5685	5688
6138	10399
1783	10540
1778	10112
6146	6168
9787	55872
3725	9070
1908	6863
6132	6135
988	10640
8945	23014
6185	6729
2222	4047
5660	6376
5872	23265
3115	10346
966	2207
389	114793
3181	10713
728	6376
996	8945
6176	6223
6428	220988
50838	339403
7337	8697
3921	6136
6139	6203
1994	4670
10102	64928
3832	9700
1937	6229
3895	5879
155	6343
7343	9112
9126	23279
6161	6169
1062	11004
2197	9790
10193	197131
9349	25873
726	831
5868	9341
6142	6228
7321	57154
6155	6165
84516	91949
9782	27316
5435	6621
51692	55339
2672	6688
115290	154214
6181	6230
6206	6228
5518	6133
6122	6207
2043	2050
462	2159
6637	51372
6155	6229
6171	6234
7311	23600
5977	8289
4709	4712
6836	9276
6128	25873
6152	55176
3351	346562
23291	55236
6202	9732
4057	56729
6142	6231
344	9672
915	919
4303	7874
9655	55832
6231	9887
9493	64837
25831	80204
6427	10189
6167	6224
1855	81839
9553	64928
23309	51742
1933	6130
6232	6235
3352	5540
6160	6194
213	5265
3685	375790
55746	57551
2958	5435
1173	2535
1665	9128
5093	10594
9919	149111
6130	6201
996	64750
10632	84833
1595	3157
11116	79959
1232	50834
908	9628
6235	6727
6165	6727
23160	23404
7249	57521
51575	79954
6171	6173
1173	29763
26284	64965
54778	84231
9221	25885
6229	11224
1728	3162
3434	11274
51203	64151
3685	6385
6128	6146
3673	3912
4512	4514
1329	4701
6169	6234
7124	10673
3912	5954
1387	10499
54474	121391
9055	22974
7311	23032
23582	25949
6133	6137
6170	6227
4736	6209
4976	55669
1783	11127
79501	285093
3832	54892
54575	54600
2962	54845
3192	5093
5179	7857
5725	10291
2535	8324
6138	6189
7456	10552
6136	6159
7846	57545
79865	340205
8021	79023
3309	6836
51264	51649
9739	55904
9055	11113
112	57413
6234	8666
5558	10926
4985	10563
10574	10693
6223	6227
3320	84962
81696	344892
6746	28972
6176	6203
3903	57153
56945	57129
2537	10379
6232	6234
3619	23511
5711	7321
5119	27183
3357	5737
140458	158506
6146	6229
6154	25873
11338	84271
4297	6045
1456	7534
6633	7175
5599	6272
7337	57169
6209	55272
5347	54908
9228	9378
4670	10236
9329	10621
904	905
6133	6222
3190	7919
8453	23291
6122	6228
6133	6176
10092	10109
6122	6234
54148	219927
57647	79954
1084	2358
389	7204
5584	55243
988	9219
6165	140801
160	1213
2787	10803
1739	3996
5861	10540
64284	401409
1894	5879
9716	11325
5435	23524
10465	51690
164	10618
5469	7182
11218	79084
9700	9793
1933	6189
6147	6232
4735	10540
4710	7381
26589	55168
6235	7178
9276	9632
3833	56992
26005	79867
6233	9101
8450	55832
6218	9887
1069	10383
4736	6144
3105	6890
6233	10075
6233	11059
6136	6189
6159	6169
4254	7409
282763	344892
1544	169355
8243	10735
1956	3688
472	51426
2784	2847
51604	84720
6667	8648
4586	140453
2207	79895
5819	201633
6136	6165
23049	25873
3433	3437
10393	158506
1902	63940
6632	51503
2597	5230
1453	3921
813	3912
6165	6206
150684	150726
9789	10952
3672	9564
671	8993
22826	85313
9382	10905
4116	6227
1439	3635
9128	11338
5116	23354
6129	9349
7311	378884
6125	9045
1495	128239
22919	55055
3688	23209
1453	6222
156	351
6165	25873
928	3688
6189	51187
3797	57539
6144	6158
1457	23411
6232	6233
9363	64284
9879	10250
1994	9716
6170	23049
6631	51503
9020	23118
24137	285643
8450	79913
3832	6240
1557	1559
4736	6173
154214	285231
4088	64750
8243	9126
4952	8976
160	22872
9551	29796
1778	3831
991	11004
6122	6232
6201	6231
55131	64794
6432	6637
6142	11224
6139	6160
6128	6231
1347	4726
5878	51715
1576	54600
4736	6228
5441	5451
5725	9879
11073	84126
5695	6500
7031	7033
3163	3725
2932	5707
5822	10885
1329	9377
1445	2213
7314	9134
51088	51122
5347	6233
5903	10274
6634	22827
833	4141
1234	4544
7164	10053
6157	6234
1292	1295
2967	9015
514	93974
1287	8974
4116	6636
7479	7484
6233	27327
9793	55746
1477	24148
115290	126433
7328	22954
4172	4998
6135	6210
10321	57554
8615	8729
6176	6208
4700	4712
1017	63967
6202	6727
2935	6202
2814	51206
3308	10574
5829	9459
51382	338339
6636	51639
8347	126961
9493	11113
11073	63967
11251	94235
5929	6872
1665	3191
3915	4233
6233	8975
1500	3801
5469	80205
9742	23059
6160	6228
9282	23097
8843	338442
6224	6233
153571	153572
185	186
2197	6124
2965	6923
274	8853
11004	23332
4352	5335
5469	81857
4233	64759
6232	54820
196883	285601
6129	6202
5093	5094
2935	6209
23521	51386
4116	140801
405	1387
2237	23649
9039	10293
6132	6167
6426	220988
6130	10399
4725	55967
1495	84962
3105	3134
6160	6208
64151	83540
4726	91942
10914	79869
25926	84128
4724	91942
6122	6229
6228	11224
4537	4539
5433	10772
1933	6176
6430	6432
6189	6218
1994	55660
6159	6170
6165	6189
121504	653604
6157	6169
29093	90480
114	1814
6161	6234
8698	63940
6175	6189
28514	54567
2935	6176
5869	9341
27161	192669
5368	64805
3921	6129
6161	140801
2968	57804
2957	6619
5970	23291
6156	6235
4736	6170
3619	51143
5692	5710
187	94235
6233	56254
7415	10383
3688	7045
6209	7311
7124	8740
1536	3163
4088	7316
10254	25977
991	5347
4509	4535
996	23291
9824	10112
9978	140458
6155	6203
7311	8666
1937	6202
1763	55388
695	3937
3875	144501
1650	29927
6139	6204
6233	653604
23295	90678
6628	8683
5441	84844
7469	9656
1387	9967
6129	11224
4736	6128
1601	8322
4539	4540
7175	23636
2359	5473
5528	9793
3659	5696
9410	22826
23020	27316
6233	7098
4035	10082
4670	9343
6189	6227
1642	26094
4713	9551
1938	6122
9493	24137
6201	11224
8349	126961
10059	55669
2125	11187
4116	6132
27327	80012
4839	6156
10663	259293
4591	55658
4602	5432
6143	6160
3837	55706
50865	64805
5338	5579
6601	55193
5695	5700
6426	10772
6138	6165
109	2358
566	8635
6923	285231
1933	6159
3491	54972
6158	6189
1915	6122
6175	6229
3687	22918
6204	25873
1915	6206
3192	79869
6144	23521
2197	6204
6157	6232
9055	9493
1555	1557
345	350
6152	10952
28981	92104
996	51132
1232	4986
377	830
1946	5294
1639	9493
1937	6133
8453	9820
719	945
3351	4887
4599	51191
64979	116540
988	10059
6156	55272
6631	6635
9459	64098
54069	64946
10153	79954
6122	6176
1292	10536
6133	6158
24137	55614
1345	7381
1453	7532
624	10022
6201	9045
6707	147409
6137	6159
1350	4697
10735	57551
4670	10657
9320	26091
5426	5427
1646	8644
64792	150737
6230	11224
9341	10552
899	56995
302	6281
332	81930
988	3191
3688	3912
5777	7409
6233	8450
1173	5878
6387	6754
4948	7299
1969	2048
4852	5179
344892	390058
1933	6193
8615	10959
8581	27076
6748	90701
57154	154881
2197	6224
2817	5673
5330	60675
5290	6774
9887	51065
6206	6207
5189	6233
3688	3913
6169	6218
6924	22916
4694	4726
5578	55970
6132	54512
6139	25873
6142	6233
6142	6175
3309	10049
23517	134430
4694	4695
60	57591
133	55970
5928	57690
7317	140459
6227	6233
3838	5903
6428	6434
6772	9021
991	22974
51109	54884
5929	55832
570	7321
6201	6233
9862	84246
5516	5529
336	4036
6137	6161
2197	6181
5684	5687
1121	22930
1268	9294
65055	138883
10733	163786
6124	6204
1758	8404
288	11316
10749	51479
6923	64682
6224	9045
5441	9978
7311	23198
1315	2804
3937	7462
22974	259266
28959	55365
6161	6230
6829	55726
9833	22974
4172	81620
1048	80740
351	59340
6188	11224
640	29760
336	462
3998	10959
1329	7381
1906	2150
5657	6037
673	5566
9655	90293
80321	121441
3491	5954
6152	8666
4686	10302
2810	3691
11014	55605
7846	150465
7454	10787
7514	57122
53339	197131
10274	10735
1994	3190
8886	84172
5879	64333
9126	23063
3912	11167
6208	27340
3190	5094
963	8514
6139	6161
9126	25936
6144	6232
3361	3627
2286	5479
8356	121504
6144	6160
2197	6222
2071	5887
9551	9556
6205	23521
4041	6422
22794	348995
6138	6160
388	64333
3560	8651
2266	3481
3006	8337
6147	6152
55125	79959
1660	55749
991	54908
1915	6202
6434	57794
6159	6232
4701	51079
9439	9611
23291	23327
3192	10492
4641	10890
1656	80153
5433	9879
6158	6206
6169	7311
391	8503
8351	440689
7305	23601
6144	6207
5023	84329
57531	90025
6164	9887
699	1062
197	3698
51023	64963
8329	8347
11100	23524
7388	29796
9055	10376
5347	51512
1137	1141
6159	6227
6176	6224
5693	5695
6168	6173
338	4973
10489	54778
6233	8351
10885	25885
3240	5004
1062	9493
6709	51014
5707	64750
4725	7381
6159	6204
6139	6157
6631	6637
11190	23332
248	152330
55967	91942
9493	10112
8301	9322
2804	10945
4088	5054
23168	27125
8648	9968
330	637
6134	6202
988	996
545	29089
1642	56852
10892	257397
6133	6146
8945	23198
1488	6934
10155	80110
8976	29763
6169	25873
6122	6159
1665	4686
6204	6218
3909	5829
23322	121441
51132	54778
6036	8635
3491	84141
187	2359
6157	6208
6156	6165
1793	8976
10236	23020
2912	5733
988	9126
6144	23049
4701	374291
6202	11224
1559	2326
1236	5443
4695	10975
9039	10425
1813	5443
51602	84154
8541	64130
143279	154214
3185	51692
4171	6749
636	23299
6227	7311
3183	3190
6122	6139
3921	6152
6234	9887
2185	375790
6801	8428
3055	5829
25977	54885
9551	84317
23325	387680
3013	8334
6629	6634
6165	6218
6142	6204
9730	84085
6159	6181
6170	6189
5529	5903
4690	10096
6193	8666
3054	81887
5741	594857
1291	5033
6135	6206
1350	10975
6633	51690
6233	7337
23160	51602
6164	6168
8243	10274
6161	23521
1629	4967
9282	9611
51639	84844
710	10747
6165	6201
6204	6223
90	659
4695	4726
566	1991
4116	6146
6159	6160
23309	27327
2826	84539
9820	57531
8085	9739
9886	221472
9527	84516
6208	140801
4666	6202
23218	196527
6138	6142
6156	6167
6138	25873
6218	27042
55142	146057
7486	11073
1105	23168
1314	26286
3619	151648
796	5745
325	3015
54577	54658
3184	3185
27327	84441
64682	90025
3017	8969
6155	23049
1894	9493
3912	3913
3491	3915
54751	83706
116	94235
1645	8644
7335	55905
11325	55749
9585	23095
3921	6203
3488	7857
2242	9855
11235	25843
399	26084
56923	259295
1832	11187
4726	29796
2956	23028
6207	6223
1778	84902
846	339403
6234	25873
2266	51156
514	4726
6122	6142
988	3837
9700	10592
6232	7514
25909	54821
6129	6135
1268	50865
9493	11015
6272	11319
2932	23291
6727	140801
2197	6155
1350	27089
831	5829
8329	85236
1350	1351
6233	7158
4853	7311
4695	4725
6130	6158
8976	55243
2790	2837
1577	29785
11325	51690
9978	158506
2242	3561
6194	6223
7311	26130
2243	3481
6147	79707
4221	11168
7311	114987
8453	83737
6133	6138
5194	23600
10291	10949
5695	7314
6210	6232
87	5768
6142	9349
6144	6164
5430	55215
1347	4695
2358	23601
5688	9232
5438	27258
5741	8074
6188	6233
23149	51429
7536	10181
26589	51264
6160	6232
2151	3356
6173	6232
3303	9531
830	6709
6124	6206
6836	22820
5021	5332
3921	6208
3178	27316
6160	6224
5725	27316
3055	9564
2782	5082
4509	4538
1058	55355
2266	9715
63967	84515
25885	27340
6135	6146
6194	6204
10749	11014
4519	4537
5929	8085
351	10970
351	78991
2847	4985
1994	51692
722	725
2305	22974
6142	6207
6161	6193
1325	10563
3688	7057
6164	6229
6141	6194
974	5336
1991	5657
3240	5199
3304	3320
2832	3827
2848	122042
3710	10235
9491	200734
8341	8970
22919	22974
6203	6207
4735	23265
3921	9136
10713	51692
1315	9371
2519	3074
389	55843
3921	6147
4599	4939
1783	29127
6461	10787
1230	2833
10274	57551
9793	23122
26190	197131
1340	27089
84648	353139
5829	9564
1595	3156
6139	6230
9276	10121
9212	55355
6158	6181
6159	6205
6288	6863
919	3559
174	3698
51692	55746
9276	9371
3912	10970
6135	6173
7311	83987
6228	140801
9739	9757
7453	8565
4233	5795
6173	6230
6233	22954
2692	2843
4734	115290
286	6708
5201	84617
567	3659
6202	6210
6429	10250
6155	6161
4854	5087
9790	27340
2064	5336
890	64151
627	5599
1717	3157
5519	9183
752	5217
6635	83443
6206	25873
156	7852
6133	6205
7846	203068
4159	53831
6133	6160
23291	79176
2079	6432
5204	6637
9883	55746
1783	3799
6188	6228
6165	6181
6772	83666
4736	6161
54778	140460
3659	7706
4317	6947
3320	5829
6160	6727
6168	11224
6387	50837
776	51764
6168	6205
4726	7381
3178	7536
3356	94235
84296	84515
6194	6228
6130	9349
2033	4303
6218	6231
6206	6227
6427	7307
1366	4072
3833	9212
6156	6173
5879	7454
3921	6228
344892	390275
3190	10921
8021	23636
10733	79441
5433	55197
22905	51429
1108	3094
5725	10523
1337	29796
701	4173
1154	23014
996	5347
197	2266
1994	10498
51172	84572
55755	146057
5054	5328
1453	1855
55070	57154
7321	65264
10975	27089
6799	6817
3619	55143
5438	6631
1915	9045
6169	6727
55168	64979
6161	11224
6144	6202
7204	55970
6147	25873
1058	55143
3882	8687
963	966
4713	4725
988	8449
8976	55971
1511	4332
51725	142685
2960	9412
4593	57144
2975	10621
8349	79101
6143	6158
10236	10594
332	9700
6210	9887
10575	10728
6138	6235
6218	140801
351	29933
6272	7164
6124	6207
6234	7178
6205	9801
9020	51330
3897	3912
6637	27258
11338	23511
55125	55755
117	2792
1058	9212
3880	144501
2886	5155
1857	5708
988	23397
4793	5704
4736	6129
6210	6218
6164	6204
332	55055
6209	7178
4736	6165
4708	29796
27316	55749
23059	26146
1783	6232
6154	6206
3305	9530
2475	57521
3909	3918
5708	7415
1290	3685
10022	50838
963	3903
7311	65264
10890	23011
5867	5874
9928	11113
345	4036
999	4072
6133	6231
6230	27340
10013	51317
904	5451
4541	4726
6122	6137
50831	339403
4988	84539
10155	90075
7311	57674
1111	2177
3015	10284
54620	84231
966	51014
1991	3240
1462	8542
6189	6202
9126	23332
55884	115290
317	835
51503	51639
2207	199675
3181	51593
8886	64318
11338	27316
867	8301
81	7057
9055	29127
8945	51132
5501	9793
6193	6218
963	84329
4736	6125
6156	6223
51491	55651
10236	11100
3903	79895
6206	140801
1295	55214
6124	6139
4700	91942
6158	6228
6128	6181
6142	6181
1282	1284
11275	54778
3267	10618
776	786
1515	3122
1327	1340
7919	10949
8175	10181
26046	26268
29088	51264
8925	54778
6152	6167
846	10663
2805	3242
4697	4708
23291	56929
6160	23049
5868	11021
3685	5795
57670	283455
9320	84085
6135	51187
6154	6232
1956	5336
301	2788
6309	6713
6202	6224
6205	6206
4889	6751
26285	149461
641	5426
27125	55840
1062	1894
6230	9349
1453	84902
4697	4726
23511	51692
521	4701
1655	11325
5725	10657
6122	6130
5702	5706
3006	85236
11176	51742
4173	55388
10920	10980
6222	140801
4637	103910
1793	10787
90	4088
983	219771
7514	25909
26190	55832
6128	6202
7153	9688
23047	57082
6827	51755
6637	25929
4543	5173
7110	10466
6426	6432
6169	6231
174	51156
6827	25920
1315	4905
4709	29796
6137	6224
6142	6229
7153	259266
963	7805
259	2244
23224	23353
2935	6203
10890	51715
6146	6160
4952	9341
10236	27316
81	7791
9685	10618
6139	6147
213	5340
4288	259266
1781	51014
1950	3671
399	257106
8514	11314
6209	9887
6129	6229
4738	59286
3838	4343
6157	6205
727	50838
64976	90480
187	5473
5435	6923
8349	121504
6128	6224
9128	9879
8451	9730
5590	6714
6231	6233
846	50838
4852	283869
79738	166379
219858	344892
3973	4160
6160	6209
945	2548
2247	6233
10946	22826
7004	25937
5435	55656
6133	6141
891	5515
5868	8301
11176	23309
6209	6222
3184	220988
26716	344892
6430	6434
1434	7514
79583	79867
2048	25791
5684	5685
1315	9570
4717	51079
3852	3860
5431	8085
891	51433
53339	140460
2033	5929
6167	6189
6210	7311
6142	6155
259287	259293
1277	4060
8334	121504
6201	6222
6155	6232
51650	54998
2197	6207
9793	25909
6139	6165
9318	27252
6128	6168
3486	11098
11339	64946
3725	4772
6461	9564
10097	10487
5699	51684
9367	201475
6142	6227
6122	6189
6129	6193
6173	6228
27042	27340
54625	151636
1385	5594
6132	6227
6156	6202
1499	23291
6154	6234
2792	128366
6146	6170
2071	55677
6222	53918
10592	54892
5516	7525
6714	10298
695	2206
6173	6229
5594	10971
4695	4701
8329	440689
5435	6634
8349	8970
8477	9002
90025	285231
2888	5584
54625	83666
26146	64792
3222	3223
8301	10096
6619	10623
5684	5695
2033	9282
2967	9646
3190	9128
3190	11052
3683	64386
388	23370
1956	3675
6667	25896
25942	57690
389	394
3675	375790
6232	25873
2177	7398
57082	348995
3683	6518
988	23435
727	259293
331	6233
5933	132660
2848	196883
9015	57504
9833	259266
6142	6171
3918	4233
9793	84131
22974	81610
336	338
4069	6036
2036	8573
23601	79895
6229	6232
6125	6144
6233	55176
80328	116372
2792	391195
821	10802
6168	9887
4712	4713
6233	54363
6229	6235
140460	197131
8189	23524
930	5336
2810	4486
81537	259230
59350	94235
1660	3609
2059	10458
6208	6727
9045	9349
10592	157570
6217	7458
6631	57819
4738	122769
10412	23517
9675	57521
6168	6202
3921	6235
5558	11169
1315	9527
350	5267
26239	353133
6133	6157
11014	11015
6161	6168
6678	7424
11157	27258
4736	6204
5036	10576
6201	114987
23244	57551
1208	5406
2935	6181
1741	26037
4584	50614
1439	6776
712	713
6171	6227
1063	54821
7328	9690
1350	4695
54881	65083
9416	53981
7097	7124
4839	55720
8974	29920
1956	115548
6138	6188
9968	81857
1956	2247
3017	8365
6136	25873
3015	5436
10919	53615
1816	104909134
4710	4728
7919	65109
64951	64976
1088	138050
51649	64976
701	3832
4508	4535
8573	57669
4867	57545
2204	338339
5870	57403
3030	3032
5286	9685
3185	23283
830	29127
6155	6207
51692	51729
4509	4536
6228	9349
6714	7402
6176	6235
9631	23511
3122	54331
6132	6204
3921	6133
6210	6233
6181	23049
6203	6235
6157	7178
672	64682
5978	80012
51388	84916
3797	29127
389	9411
2633	5371
399	143872
8662	25873
7153	9824
8027	8301
2784	5741
79172	151648
1062	5526
3673	3914
9341	10254
121504	126961
8322	54874
5688	25906
27089	84833
7204	60675
6170	6203
161	6197
183	59272
8661	8672
6168	25873
26005	26123
1453	6194
6201	9349
10772	27316
10772	10949
1857	27130
6156	23049
6227	27042
9416	51729
26224	55208
23295	84231
6175	7178
6223	6727
26155	117246
846	259293
23014	80176
4713	27089
51676	115290
545	5438
10652	11014
10693	22803
6164	6170
3422	4800
3191	10713
673	7532
1453	10121
3054	4899
1062	64837
3675	3914
595	11186
102	1088
51234	56851
10201	87178
3655	7057
2770	55970
22954	64219
3619	54821
4726	9551
1063	9700
10193	54778
3685	5023
3364	5810
7984	29984
351	6370
9318	54165
1062	9276
1237	5173
4717	27089
8542	84141
5529	5699
10733	55142
1347	9551
1462	6696
6132	25873
9459	29984
6139	6209
4707	4713
5438	9978
919	3122
5528	51143
3071	7409
6132	6156
9716	10921
1814	259285
10952	25873
83597	135924
1290	5351
9557	57804
2147	2153
117	122876
5977	57492
7311	10110
8351	8365
3491	7184
6164	6223
3184	4670
5706	5718
183	3357
1453	6230
1230	29899
344892	390326
4172	11073
6189	6208
904	27125
6707	126638
25937	51421
26268	84085
23160	55127
9493	55165
7450	54756
9611	23097
4697	27089
274	23149
1495	6714
1933	6202
1788	57332
140453	192134
2491	57551
3913	5829
3659	54739
3482	26130
833	2617
4715	7381
9354	83737
4666	6136
6168	6170
8945	10489
3066	9014
521	1329
8655	55839
4736	6138
25977	286451
3903	84329
4696	29796
6201	6218
25847	150726
2935	6122
4008	144699
7381	374291
11014	51014
5330	8477
3122	3127
4538	91942
5701	7316
6170	6207
8805	27044
10902	54617
4701	126328
2197	6160
1062	151246
26524	84962
57599	201254
5528	9700
7311	54363
351	5660
23160	55720
6133	6209
3481	3827
6164	6222
9918	259266
6193	6203
5868	10618
966	5023
5048	121441
1062	3619
5437	23524
6137	6229
6124	51187
11236	79139
988	9879
6208	6232
1453	6209
6122	6136
6189	6230
6193	6235
6142	6164
6181	6223
1315	1783
57674	64219
6146	6161
10197	64682
351	9002
3109	3113
4736	6193
3437	4940
54539	55967
11338	23636
6193	6209
54069	79682
11339	55143
11059	65264
6139	9887
3799	24137
9972	23165
6202	25873
23279	53981
705	84154
4288	51203
3191	9128
4939	10379
6232	7311
23521	56915
1595	4047
6152	11224
7175	51692
6157	6161
3850	196374
28998	118487
89910	154881
5747	9475
55872	83540
5094	10285
6142	7178
6173	6727
3092	9146
5599	9043
8243	9700
1839	5782
6155	6194
2197	6232
6745	6747
6173	6209
5430	27316
5693	10213
2207	8514
58508	84661
55720	83743
9493	23046
6625	51639
5903	9631
3683	84329
506	8802
988	10657
6130	6167
10499	96764
10540	121441
5861	57403
6207	6222
7311	9349
6144	6189
1453	6207
11064	27077
4986	50834
3355	4889
1859	5928
7314	10980
2197	6164
661	6619
6916	80142
6139	6176
6144	6227
5149	388531
6128	11224
1435	8542
23511	55746
3837	3839
2107	6181
6142	6152
6147	6181
5696	6890
3127	4261
10681	338557
183	50831
54876	54939
6133	51187
9738	54806
3713	6699
92170	503542
2792	2847
287	10121
6599	57492
1080	4036
6891	6892
1347	4713
6154	140801
9787	10592
3827	4295
1287	1288
7311	7321
4867	80321
6156	6228
2209	10152
10575	84617
51143	79172
11157	84844
83597	403253
3174	6927
4033	10970
6122	7178
2033	23097
6169	9887
51434	143279
4736	6201
816	4137
5715	11047
122042	285601
6132	6208
7135	7431
6169	6194
2195	7124
6135	6152
3433	4938
6137	11224
5516	5598
996	25831
1453	8945
22974	23332
1665	4839
7531	81565
57082	113130
9616	150726
22974	83461
2123	2124
1499	4233
10802	100302736
5433	129685
25885	55127
55970	63940
950	22905
8648	9282
5688	5695
3886	54474
2197	6135
8976	10254
6045	171023
8689	121391
10426	440145
6125	6135
2222	51478
6944	81611
7272	10733
7596	10155
6628	220988
6142	9045
23586	83666
1337	388753
6233	154214
783	10368
10051	64151
3054	6872
9972	23279
4670	9128
5983	56852
9833	29127
79659	150737
6205	11103
4297	27043
9700	259266
5441	8189
10663	51289
26123	84902
10051	10403
29074	54148
22954	26091
955	374659
1340	1351
6194	6201
1314	10427
64963	116540
6233	8239
3008	3009
2776	5331
6138	6141
6208	7311
6633	55706
6135	6167
80224	374291
3619	9493
3918	9459
11103	84916
891	5516
7153	57122
6144	6208
6159	6233
25836	29072
2251	8823
623	2861
5037	10256
6135	6154
81	55243
2147	2243
9493	9833
6230	63931
3659	10475
1308	3655
570	54363
6167	6230
4288	9700
3213	3215
830	6711
1962	23600
6223	6230
11017	11051
2186	196528
51649	118487
377	9493
4701	7388
6204	6222
51650	219927
1555	1576
10491	85301
22878	60684
85476	116541
3635	5777
10163	147179
153	155
8976	147179
7514	79172
1915	3921
6518	10970
55252	55777
6158	6193
6337	7311
6132	6168
9690	22954
6130	6133
4711	84833
2994	6005
488	4853
1605	375790
5516	151246
2185	5829
6173	6222
6288	6357
27042	55153
3915	11098
23310	64151
8289	57492
886	887
10324	201456
1147	2475
8655	79023
695	3725
4716	4718
2033	9739
5286	55361
1536	653361
226	7057
26476	344892
813	10618
8341	85236
185	2642
4670	10949
521	4726
3572	3977
3980	9978
4709	10975
2912	4543
6159	6228
1994	10285
10254	51652
5688	7314
156	5578
5433	10285
3683	5023
6181	6218
846	259292
521	4713
2919	2920
6165	6208
117	594857
3937	7409
2788	55970
3486	11167
2788	3269
6156	6168
9349	23049
1084	1088
1063	57551
23160	57647
6793	10857
6159	6235
3611	6790
9276	51014
6189	6206
5526	6249
996	8453
10121	26123
389	23526
623	56923
6130	6155
3184	6434
8687	8689
374	2069
51645	85313
2197	6727
108	797
514	27089
5422	79892
8453	54165
9793	23332
7311	11059
2800	2803
1933	6144
9349	9887
10959	22818
988	9793
6147	140801
6182	51081
5578	6868
23283	84271
6204	6210
3633	29984
26589	29093
1605	55624
6124	6128
8085	55904
6161	6205
8349	317772
6232	23049
86	55193
6160	6233
6128	9045
6218	7311
1062	54821
3191	10921
6338	6340
5590	23286
10802	51014
6165	6228
336	2243
567	3106
10540	22974
6138	6168
7337	9730
6168	6188
6625	11100
6138	11224
861	6604
6237	7525
683	338339
2843	5745
3921	6160
521	4724
9700	113130
1937	6128
6130	6229
6146	6232
8452	9870
11128	55703
6678	7057
9604	23291
9700	10615
9320	154881
9377	29796
4172	5422
1400	56896
1994	10250
1287	80781
11128	25885
6137	6165
1994	220988
6830	55677
57674	140460
3915	4240
1783	9371
4353	6036
6233	8295
302	2799
3674	5829
3394	3430
10663	259292
2242	3320
6776	6777
9277	84946
1915	6189
3214	3215
3837	23279
186	2913
8886	23560
1398	5781
6193	6231
2207	338339
6175	9045
6737	283807
28998	51264
1956	10552
10466	10618
1088	23601
6872	83860
6122	6185
57630	83737
1894	9833
9833	10403
1116	10394
6128	6176
4709	4726
1495	7082
55720	84916
3921	6233
22803	55127
335	350
4924	5589
1537	6390
6227	9724
9868	54543
6158	6170
10802	51128
9045	11224
9126	54780
81697	344892
6203	27340
6144	6173
1576	1577
5426	9126
6625	23524
4205	6938
72	58498
6189	7178
10458	55740
1781	10540
6154	6188
8334	8970
8365	8970
5529	6249
5331	27334
3191	9716
26539	344892
5438	58508
4008	7321
4696	4715
55839	79023
566	6036
1282	1295
3921	11224
10427	10484
26589	51069
6154	6168
1347	1350
23165	51692
671	1669
5879	6385
6228	23521
6228	6727
6137	6203
3015	121536
983	9126
79895	160364
7852	63940
23291	56995
4301	7082
983	79959
7311	8453
4714	9377
187	1233
2197	23049
5929	79269
6517	84246
22954	23014
1639	9371
118487	128308
11275	283807
6206	6231
7003	8463
8243	9793
4343	6714
3717	4352
6175	6231
701	113130
1164	9232
5746	59350
6135	6232
22919	79172
1956	10413
5434	8349
8085	8290
3956	7076
6159	10399
4586	26290
23354	132320
8907	23396
2318	54751
26523	192669
4809	11325
8945	139285
1173	6455
5023	64386
6152	6181
6160	11224
1471	5034
8349	85236
1490	7003
9883	9972
6209	6233
4540	91942
6202	6234
5683	139285
9968	23186
2073	4331
7328	23608
3181	3185
84861	143279
1994	10949
4508	4539
6628	55110
10803	50865
1129	4889
55131	64318
10574	10575
2957	51616
6142	23521
6136	6233
6129	6144
8881	63891
3799	9585
351	2767
121504	440689
7004	8463
6130	6218
4695	91942
4697	4700
6227	9045
324	5529
6181	6189
891	22974
344892	390061
4707	126328
1058	57405
2521	6421
6154	6176
3655	3912
5879	6249
3359	9177
991	9493
156	1902
6141	6234
6233	9320
5869	57403
84085	197131
999	3691
8334	8337
6173	6175
338	2262
6210	6223
1946	1969
963	5795
10274	55055
6453	51429
10749	29127
8648	23097
1439	5568
60488	116540
3190	10492
6227	6230
3434	5610
5501	51692
23327	29082
2247	10818
6173	6208
6142	6158
9553	51264
351	8477
811	7184
5699	64344
9844	10787
389	10398
6194	23521
6233	51684
991	5905
6135	6209
5684	5688
5878	23011
6137	6218
6128	9349
3371	84141
54820	57787
3071	7456
462	2155
335	462
10121	26005
1906	2863
6232	10952
6428	6632
6133	6202
335	2262
10524	10714
5439	6119
1285	1286
2033	8289
6147	6207
5928	51317
3684	3687
11329	55233
6727	25873
9690	64682
4436	7520
963	10857
5430	11338
2033	6872
2521	4670
2767	5335
6132	6147
6455	7316
4700	4726
514	4724
10849	25885
6125	6203
6234	10952
4905	9382
3692	10969
3190	3192
2023	2597
6157	6222
6170	6176
11190	22919
114	2492
79867	84902
988	9774
9371	64837
6233	140458
3594	7297
2048	5921
4738	54939
6128	6235
6129	6168
2197	6137
2107	25873
3619	9793
6136	6155
6143	9349
6139	6229
6168	23049
3190	6434
3046	3048
23046	51014
10250	10285
4620	4626
891	7531
521	4694
1500	6714
6157	6167
11100	55749
846	51289
8905	8907
64946	79682
8666	25873
4775	5534
5529	5781
259292	259295
6700	353133
6124	6146
10199	84946
400	23041
2185	3320
6209	6235
1453	6223
6176	6217
5361	55558
6146	6194
6137	6143
10489	25831
6133	6229
6125	6164
55735	139322
3909	9459
6746	58477
6175	9349
2525	10331
5905	23225
6167	9349
9739	23067
4584	140453
7514	23039
1778	10577
5714	6790
10920	150726
332	5528
10907	51690
26268	80204
6232	7178
4695	29796
891	9493
1500	5880
6228	23049
10921	23524
1499	128239
6152	6207
6997	10637
6154	23049
79861	81027
891	81624
146	886
3811	3821
26232	55527
5715	6923
9462	153090
6138	6194
8969	8970
23627	137797
7037	54885
2244	54363
3074	10577
6167	6169
7311	23586
8453	65264
6173	9045
2695	594857
6138	6232
56670	94235
9350	56963
6147	6224
89910	221687
2206	5335
3308	10808
6206	23049
8453	115290
9276	10802
9416	51692
1445	54845
9820	115290
813	10970
3725	4088
10952	28972
6164	6231
50616	116379
6143	6201
1500	1739
8697	9320
8356	126961
6168	6235
4736	6168
2956	6117
6194	6210
4940	10561
1306	50509
2268	6774
6869	64106
6142	6169
6233	6714
3178	7919
6167	6170
6130	11224
1435	10618
6159	6229
6173	6234
6207	27340
8729	10121
22918	79895
3920	55754
338	3827
4161	7432
163	274
4281	4940
1783	5516
7311	64750
335	3698
6202	6206
635	29958
5529	23279
6176	6205
8976	10458
6136	6210
6206	6218
55635	259266
6204	23049
4303	5901
3181	220988
5179	5733
50831	259292
8295	57634
25873	55176
2773	5594
3855	3880
3111	3122
6160	6170
81794	339366
301	27334
3673	3683
389	90627
891	6249
996	5699
8453	89910
2165	2244
6176	6202
1292	5351
3833	10615
3619	10403
3127	7535
7175	9877
1103	6572
6491	284403
4905	9527
338	2243
6235	27340
8463	10413
701	10733
9126	23244
23279	55746
6750	6754
3092	6233
6135	23521
6233	55666
2935	6157
3320	6461
6231	11224
9320	65264
830	5870
23585	54741
6203	6228
64928	64979
3937	55740
5347	259266
4709	4717
55781	84135
22995	27229
9787	24137
489	4853
6135	6223
3698	51156
4539	374291
1991	4069
3832	10121
3837	7175
7027	7298
1292	1303
51134	80184
3122	3123
1669	56729
1349	27089
23291	154881
570	7311
3113	3123
6157	25873
8189	10523
2033	23774
6135	6228
2846	4923
2064	2065
8969	121504
6202	6229
1910	84432
6129	6133
6231	114987
6728	10952
6227	10952
9320	144699
6234	7311
6175	6194
84231	90678
6224	6230
3683	3903
3002	5551
7516	11073
833	8565
6167	9887
6208	22803
813	84141
3190	10949
185	4988
6426	23517
6189	6209
2197	10885
64151	157570
1108	25942
2359	5196
5930	23295
9787	55635
3797	92104
971	5336
2863	55970
9904	57696
4116	5438
6164	6227
7466	10970
1991	6036
7311	440689
6727	7311
9126	9656
377	51014
6133	6142
2695	2792
3903	326624
4969	11081
50835	56923
6188	6189
9700	10274
6133	6206
6206	9887
7409	27071
2801	5862
1933	6188
55749	79869
5796	6233
11004	259266
6128	6156
1660	23020
6154	23521
4726	27089
399	57449
9318	11275
2788	10575
1495	5795
2197	6125
64792	92104
3192	10236
163	10618
81930	83540
3836	22974
6158	6159
6207	7178
3685	3695
3797	10749
4691	22984
846	50831
3659	5371
5286	286451
6167	6205
6122	6143
6790	84962
27076	154064
1908	23620
5547	326624
8687	54474
3685	160364
905	23168
351	1524
5869	8976
7041	7414
7414	8993
899	9700
3882	8688
2550	6363
6745	58477
988	79595
9276	10749
4116	6161
4736	6152
79954	84916
8729	10945
6136	6208
6233	55777
25915	126328
9533	112495
11190	203068
2033	27327
26043	55666
4288	10112
4116	6165
51639	83443
4710	4726
51693	58485
3799	10749
5701	5715
6223	6229
5700	5706
3718	6777
6164	6193
5861	10959
6130	6235
680	6869
4541	4695
161	5869
6129	6227
1453	6203
9700	23279
988	56852
5441	6629
1555	54600
6139	6205
1737	57546
3710	5330
1347	4700
4116	6201
1908	84432
6229	9349
945	84418
5697	6376
64386	84329
153	6343
6396	8655
4116	6222
1781	9493
6231	23049
6210	25873
1557	1576
22954	55236
1350	440567
6453	9322
6138	6181
1894	5347
3202	3203
1500	55740
996	57542
9020	10000
833	3376
9306	9655
1191	10916
8886	56902
6181	7178
10713	11325
444	3091
11130	79902
10574	22948
871	1287
6047	9320
80155	80218
7326	26259
6209	6230
1281	1290
5290	259230
846	6870
905	79577
9716	55749
9648	9827
6203	6218
699	9928
2122	8535
1982	8672
4710	4725
5739	94235
9655	26190
10112	10540
6207	6227
6158	6230
988	6605
6206	6232
5725	51692
5685	5705
6164	55176
7057	79875
5725	220988
57082	79172
7311	8139
5286	8976
9757	25942
8667	26986
2847	594857
84131	347240
6205	6209
6136	6139
983	9631
5170	7189
6137	6154
6207	140801
2197	6218
123904	146183
2932	5704
51096	57696
10466	11014
84902	91147
5713	5715
7098	7311
6700	353132
2033	8085
4678	83879
1453	57787
1943	2046
6193	6202
6428	6430
2537	3437
28998	219927
389	393
1060	348995
7994	10499
219960	285093
4626	8735
1310	169044
932	3689
3071	9844
6144	6159
5688	5701
3619	81930
6136	6157
6128	6157
28998	65003
3683	326624
1812	10268
4116	6632
6135	6142
2064	6714
27042	55127
6147	6158
6136	6188
6130	6223
1956	5782
9978	285231
6128	6165
6144	6218
1277	7373
6830	9646
9493	51014
5829	23209
3882	3886
6135	6181
10022	56923
2847	2918
10890	55667
55066	57546
6727	11224
6672	79097
6122	6129
6124	6224
6147	6160
10236	10432
6138	6222
56949	57794
6613	79902
6142	6154
7311	9045
4686	23511
9188	25885
6164	51187
9092	27339
5529	10274
830	5048
1291	8985
9793	55755
6138	6208
890	9133
6139	6167
10383	84962
1452	5714
3190	51692
6142	23049
3192	55749
6209	6234
6175	6176
388	9938
3646	8667
6132	6202
3921	6207
4708	51650
1500	1956
3685	3915
8334	440689
377	3799
133	2863
2967	27125
5519	79172
2784	2792
6934	83439
83551	134860
9014	25885
4540	4710
3354	11255
10121	80184
3091	4088
8365	85236
8356	653604
2071	10920
9739	84661
9320	9690
6202	55176
462	3827
3113	3119
3433	3434
3106	3133
3267	5869
5829	9844
6124	6203
6169	6189
9055	10112
8260	79903
219965	285093
6754	50837
6921	79754
9790	22803
3832	10733
5699	11059
115106	440145
2913	4988
23332	57122
5438	83443
6136	6146
5869	8322
6233	440689
25984	121391
4514	4538
6130	6181
7311	55366
6130	23521
6167	55176
715	716
4713	4724
7272	259266
988	10236
5870	57511
336	51156
9320	151636
84085	154881
2204	79895
6168	6194
6158	6203
1524	6370
891	55872
3123	54331
6228	8662
2071	9015
5518	6228
2197	6128
6208	6209
6188	6232
6168	6234
4695	4700
5094	5725
22974	24137
466	1386
3376	4677
4736	7311
2935	6232
886	2846
1453	6193
6202	9349
1063	23279
3857	3868
8313	10297
5934	7311
9126	10592
3838	22974
29127	51014
6143	6203
595	4602
6210	27340
6159	6202
3909	3911
3157	4598
3074	5707
2072	7158
11021	23011
5196	6370
10112	64151
4088	57154
57674	64718
3558	3717
6169	140801
2799	5834
6194	6224
5562	5571
10014	54880
7416	55669
945	10857
3301	3304
10523	11100
1816	4160
259290	259292
6137	6168
2491	151246
10540	29127
4829	10886
695	5336
6500	7320
1857	55361
2204	23601
383	10394
6129	6155
323	351
3836	3837
84648	353145
4695	4709
51690	83443
5048	55055
6188	6206
90293	221687
9371	23095
6135	7311
27340	57647
940	5879
891	10592
6152	9045
3688	3915
6599	55193
3718	50615
6164	6234
6181	6208
3688	3695
7388	374291
11218	25929
6167	6204
8290	29086
6132	6146
4713	4715
1994	9343
6129	6136
57381	57514
1668	728358
51649	55052
8976	9341
1650	7841
3703	6185
3183	220988
5080	8338
6124	6161
3397	7057
51166	125061
5718	8453
6135	6201
3105	3107
6850	9564
10403	64151
10575	10963
2197	51187
3854	8689
5518	6165
4288	10051
6161	6167
7466	51280
6208	6231
5747	23209
4926	5116
10432	27316
984	1453
6129	6235
6129	6173
4116	6167
6181	6204
6138	79738
6667	26512
9648	22796
6194	6217
2917	27199
6132	6228
3134	3659
6633	11157
55904	58508
6175	6235
1639	10540
6147	51187
1398	7409
3675	3912
3921	6135
9730	10075
55832	115290
10094	10095
23332	57551
6144	6204
1291	3672
8683	9785
4543	4889
10664	22976
3908	10319
1605	3672
3007	3009
8243	23279
10075	23304
5265	7040
675	5983
8560	196527
1822	1912
4695	4724
6154	6202
221	5328
5861	11015
324	8945
4717	4725
5552	83706
111	9283
988	3987
7514	55055
56902	88745
7082	55243
5179	283869
9371	24137
8351	653604
6137	6169
5023	10857
5928	10013
4514	4519
4535	4537
6194	9045
3683	57153
6129	7311
2033	9031
1213	10254
23160	64318
9493	10540
23332	25909
152	5580
5435	5451
23283	55749
595	896
4508	4514
5879	10788
5054	5329
6136	6234
11127	64792
2965	8731
6170	6727
701	64151
6165	9045
22930	84516
9666	89910
4088	25937
4904	10946
11021	51762
29927	58477
54657	54658
6143	6189
10959	55605
3191	10657
9354	23304
6137	6142
1129	5173
3843	55705
6233	64410
108	5179
64318	84128
2064	2886
6202	6228
858	1956
9927	10059
8334	85236
988	6599
566	6037
226	2597
3880	4072
6556	338339
3710	6804
11059	23291
4172	7298
6230	6233
3357	56923
4172	4678
10952	90701
146	2846
7409	23533
10713	53981
23279	51692
5976	56006
5861	5878
10574	84617
114	259285
6202	23049
6747	60559
2153	51156
6134	6154
6157	9349
387	7046
1994	10492
10594	11338
6124	6125
11065	122769
5328	10396
6222	6232
7337	10193
7018	9829
837	841
6233	23291
6637	11157
988	55681
8826	128239
824	5829
7311	23049
3718	7297
6455	8673
6146	25873
6169	9349
6144	6203
6223	6235
26589	28998
7507	10714
134	5660
399	84144
1435	6696
1350	29796
1445	7525
5336	79837
4751	10133
6132	6142
6234	11224
6154	6233
6169	6203
7298	10403
2957	5433
10112	23095
6203	6208
6124	6144
51444	57531
6158	9045
7327	8925
60488	64963
891	1781
6139	6223
4617	4618
6135	6234
6124	6160
5310	9727
6157	6189
11137	51388
6139	6189
6363	6752
6405	23654
10952	23480
3482	10618
5903	23332
10618	51246
868	200845
29093	51264
7082	100506658
161	26130
3192	5725
8861	90780
400	57511
4707	4714
3178	6294
10458	100423062
1329	1340
1290	1303
1994	27316
6133	6201
566	5657
6154	11224
6189	6233
1233	94235
6189	6201
9354	84085
348	5360
1062	79172
23601	57153
1774	5199
6625	11338
5981	10051
26190	140459
950	3482
6135	6157
2033	23067
5516	55055
6132	6161
6160	6223
522	539
26046	84085
6168	6727
6218	6230
29889	51154
991	9787
1230	83756
1058	79172
1387	25942
6130	6188
2633	4940
6229	6230
685	2069
51081	140801
6152	6168
5528	55143
4763	7311
6144	51187
51289	259293
2036	116986
1589	3290
3683	3693
2058	2617
1453	2801
6144	6147
4724	27089
8723	51143
6139	11224
6143	6168
6218	10952
4724	7381
8021	23511
1665	3190
4707	7381
1499	5781
11098	84141
5657	23197
6130	6232
7272	10592
25926	117246
3187	7536
26146	150737
988	9475
6152	6222
5528	151648
632	4094
3837	5903
1457	7153
4514	4539
10733	84131
3017	8351
156	9002
2197	63931
4116	6168
9184	57405
3921	6138
187	6370
6189	140801
5439	6621
3221	3222
65264	143279
3685	3912
6138	6230
257313	387129
6631	84844
8106	29894
7979	8658
163	1601
2266	5345
1830	3713
5529	55055
830	11127
4542	4646
595	5708
3191	11338
5422	9126
2033	10498
2519	5476
4728	10476
183	4829
8027	25977
6156	6164
9126	11130
11222	56945
4069	6037
10232	154064
6133	6207
4707	51079
7979	9978
4867	80184
7454	10552
6147	11224
26123	79600
3565	3567
5529	6233
1398	1794
6168	6233
1933	6133
6156	6159
109	10681
2243	2266
3433	10964
3123	3127
9793	54821
3978	7874
3055	3572
6141	6144
2535	64750
2197	6169
1398	5747
8349	387103
6218	11224
4297	26523
6138	6146
2197	6165
1832	2125
4999	84515
9887	51121
7057	83706
351	1234
6204	140801
4707	27089
779	10369
4717	84833
57154	57674
3915	54972
84648	353137
6233	27340
6167	23049
2348	11316
701	9793
7311	55914
6156	6232
6210	55127
23304	53339
4237	4239
6434	220988
3921	6222
2867	23620
9322	23265
51692	55749
25879	56902
10499	23389
8945	65264
6227	6228
6134	6175
3106	3134
23431	27131
9276	64837
6137	6235
1387	8289
6233	23032
813	10130
58505	100128731
6229	65008
51289	259292
3055	5788
3915	6714
6128	6171
1665	23350
6136	6227
5346	400569
23067	57690
4701	4709
6155	6160
6234	8562
3491	11167
6169	6201
627	6272
1956	55914
6143	6231
174	2243
6147	10399
55249	55870
3187	55696
5202	10471
8638	91543
720	375056
1956	2268
7311	25873
6599	6601
9044	55814
6133	6189
9341	54874
163	7311
10250	27316
3853	3868
6160	6229
1062	29127
2864	27334
516	51287
1861	27348
3093	22954
7514	23279
9787	64151
6233	143279
6189	6217
2597	5315
6184	29927
4686	10594
3672	3685
5430	6601
2266	2719
57680	284058
1453	126003
5529	79172
10121	79867
1933	9045
10053	130340
10482	23279
8697	65264
6202	10399
5970	57506
80018	80155
6203	6227
197	336
4194	57690
51317	57649
57405	151648
5422	84515
3931	4023
83540	157313
7706	51426
6141	6142
990	996
5725	10236
1398	1793
6159	6210
6194	6218
4713	10632
2935	6222
6181	6232
6155	6204
1033	9232
2920	55970
372	9183
5516	5707
6143	6161
2064	7311
1763	64210
127385	344892
6152	6171
1938	1975
8945	25831
1269	63940
53339	57531
5433	55660
3320	57545
6167	6218
9276	10652
11224	23049
1387	6907
6124	6147
996	115290
1994	3191
1327	1337
10121	57545
5693	5705
778	779
3071	10552
1292	8974
6141	9045
3437	55601
6208	6235
6169	6175
6863	84432
6601	6605
6709	6714
6218	6229
4172	10714
1457	1857
658	4093
29984	64333
10663	56923
28998	57129
1121	326624
6155	9887
1062	5529
6235	27042
10014	57459
9700	151648
6194	6222
9700	10051
890	9787
51725	55819
1991	4353
4508	4537
7337	55175
4035	6385
10412	79039
1738	4719
3183	4670
6146	6167
26589	51649
9655	50813
7337	51132
6143	6218
6135	6229
1894	6790
6133	7178
29127	81930
2274	6281
2519	11098
10413	60485
5528	23332
920	9026
643	64805
5339	6234
2642	4922
3301	10808
51143	55055
4116	6637
1173	5962
6164	6175
2960	4763
10155	55663
9820	56658
23067	25942
55008	57154
6223	6233
10970	84141
6138	6170
3433	91543
9820	89910
64682	89890
4724	4726
57479	58506
1871	6667
6207	6228
6156	6206
51676	64750
1457	25942
1937	4736
1017	84515
335	3827
472	84464
7327	26046
2197	8662
846	259287
3433	8638
1994	23283
6132	6137
50831	50832
1665	83443
4952	9562
5443	53831
6144	6154
6233	10111
1292	3688
6045	192669
3091	5594
6133	6224
5878	10890
6144	9349
6146	6147
3796	5515
174	2266
2317	3688
23291	26190
3921	6209
2932	5718
6124	6202
7994	9219
6135	6156
9611	23118
6135	6169
6714	57670
6189	6222
10254	10552
3183	6628
50840	259295
336	2266
2048	3055
6135	6205
6556	79895
5436	7936
5905	6232
2185	2268
9133	51203
419	390243
6175	6209
867	50618
4125	5657
6556	23601
6173	6193
719	63940
8607	11091
1822	57504
645836	100287238
1120	5130
6133	8662
8514	22918
22948	84790
6137	6158
6139	6185
472	4361
6135	55176
6144	6230
83666	151636
7525	10413
11190	26005
4735	23322
5199	126014
9564	10044
57154	151636
116	5746
26168	27043
6517	9968
60	1072
2268	6714
6137	6209
1933	6164
51129	85441
55759	84549
7919	8106
1386	6605
335	2266
4694	27089
2033	55904
514	4694
1933	6141
6154	6227
3071	10458
4701	9377
1500	1969
3607	6233
4713	4717
6147	6218
7311	56288
6428	57819
4700	4708
3309	9601
5829	55742
6637	51690
351	83706
389	117289
259287	259295
2125	6699
5566	5573
6233	9887
10352	55699
6143	6169
5695	5706
5473	10321
2207	5338
5981	23244
1859	132660
1350	4726
6193	6194
6387	57007
3685	3688
8312	53944
6155	6159
6635	84844
6233	8334
3837	9631
6173	6224
6230	114987
226	6678
4175	6118
10813	65083
5880	6453
3192	27316
6218	51187
6176	6181
6193	25873
393	11014
6159	7311
140458	285231
102	84141
6165	23049
3191	23350
1983	6181
2358	57413
8533	10445
5731	94235
5347	9793
2197	6194
10376	150465
5699	8945
259290	259294
3074	5476
4736	10399
5829	6709
5822	55127
1133	7200
4702	4712
23560	84172
890	55165
988	55631
22918	53831
1605	5879
2798	3357
5048	11190
2769	5330
5332	55970
25879	84294
6147	23521
9295	10250
6142	25873
6194	6205
6229	25873
6228	10952
699	83540
8514	10970
972	3122
55124	221400
3122	11184
6234	6235
2131	375790
5518	6207
7321	23198
8365	8969
7456	8976
64426	79595
3190	23435
388	4983
2521	27316
5111	5434
4736	140801
6125	6143
6146	6159
156	2863
4867	27077
10376	84617
6137	6175
3903	10970
89910	154214
8087	9444
2159	2266
1642	9730
377	11014
1058	64105
3111	3113
6210	7178
6144	6155
1994	23435
4512	4537
905	25896
25831	26091
3921	6128
1650	6130
5441	79035
3921	6234
4724	10476
8600	50964
2150	10800
6129	6152
7529	51552
4173	84296
1778	2491
3866	3880
3313	9093
6461	7409
887	5020
8334	8349
6636	84844
11314	196527
920	3702
8924	10489
26531	344892
8365	333932
2792	6752
963	10970
6188	6207
8337	8365
400	60592
6176	7178
5435	51755
6146	6223
6137	6204
1605	3912
9632	22872
4710	4717
1063	79172
8729	113220
6210	10885
6170	6209
3192	5094
54742	80328
1660	5094
399	1894
6135	6138
6169	23049
6135	6176
6169	6227
5930	55294
6426	100526737
917	5296
1665	84172
6138	6207
11103	56902
4670	11052
302	383
10075	51132
3190	3191
6139	6159
1933	6129
5439	6637
3434	23586
89122	154881
164	55330
11338	55749
4867	79867
102	1495
7536	10772
10013	57649
6233	11224
79600	80184
966	100049587
6169	6210
920	29988
8351	8970
1314	10945
51602	84549
705	51602
5579	9564
6185	29927
1062	9793
2197	6168
5597	5718
10693	11328
6208	6228
2695	2784
4194	7316
4736	6188
6091	7852
3619	57551
3199	8338
4088	7048
6224	55127
6194	6232
2695	122876
6167	6209
1994	10236
6233	84231
6205	6207
988	5983
1277	5118
9553	51650
1642	8607
5903	25909
6175	140801
51116	92399
6950	10575
163	24137
6137	6170
6161	6235
5519	5903
3312	8871
335	345
813	3569
1337	1347
4738	8139
5335	8698
10885	23160
6173	6201
4694	7388
2975	11128
23122	57551
9329	55814
7979	8312
6161	6165
7409	7454
2935	25873
6147	6210
90293	285231
23620	84432
26290	140453
6128	6136
2157	27095
3113	7535
1660	51692
6161	6228
55143	348995
163	6233
3170	3651
4940	10964
4519	4541
7919	348995
6204	6235
10097	10618
5501	57551
6146	9349
988	22803
6429	10236
3685	8514
9343	51729
9604	83737
1956	3912
58505	200185
23350	55749
6164	6165
10466	84516
3181	10236
991	64750
11127	23095
5438	7874
3913	51280
6218	6234
1291	10491
57647	84916
3881	54474
5898	10890
5795	10857
6950	10376
1269	56670
6167	6228
10382	23332
50506	90527
11169	84296
9662	79441
6176	6229
7520	79840
4809	51065
8683	10569
6637	55505
6146	6218
393	29984
23244	57082
151246	348995
10274	51143
643	50865
5707	7321
6202	7178
55008	151636
6130	6159
9690	154881
3691	4233
7421	11198
5700	5702
6135	6144
2079	6428
9045	10399
991	1781
259287	259292
51602	84128
6637	83443
9652	23517
1241	55970
5708	5887
6170	6202
728	259292
1537	4722
800	5829
2801	10802
9700	55143
6139	6218
3191	5725
64682	80204
10155	10520
1063	25909
6129	6234
7311	26523
3710	5575
4701	55967
6790	22974
1981	6137
24137	146909
8729	9276
4736	6223
2865	6288
9219	10919
6790	11190
627	2247
7317	22888
6223	7311
10552	100526693
2073	8451
521	10975
6124	6142
57405	348995
23028	283248
1956	5328
4540	4696
10285	23451
2242	6237
6128	6138
5432	6205
5519	5781
8453	56995
6154	6165
7316	54677
10285	55749
6135	6136
2865	6863
996	4734
6157	6173
10403	56992
391	80728
5518	56006
29763	51429
6133	6217
4853	23509
2912	4889
7514	23332
6138	6201
5108	22832
1902	8477
55850	113220
3866	3875
2318	3688
28973	51069
2185	5747
6146	6173
4173	5426
3882	286887
3913	54972
1161	7518
3913	5747
10592	22974
1981	6223
3688	3693
6160	140801
5547	5660
9787	29127
966	79090
2358	338339
51143	113130
1455	89780
4715	4718
10615	56992
6124	6143
6143	6171
7311	23291
29945	90025
130340	152503
25942	51317
6205	6218
1398	9564
1435	401138
3178	3183
3313	23511
219954	285093
1398	11184
5747	10458
8886	55720
6233	23014
7272	24137
1910	6863
2976	55703
8337	121504
6385	7057
4707	55967
6241	7272
6170	6235
8742	51330
6201	6210
4734	23327
23521	25873
6829	6923
377	10749
3008	3024
5689	5700
2801	9276
1969	3055
64951	64983
6165	6223
5872	6764
6229	9045
7525	11099
23028	57504
51503	84844
4538	4540
6129	6204
2848	3274
6154	7311
2107	6137
10367	90550
1906	6375
991	29127
6453	8976
1933	6230
1453	6224
138805	344892
4116	51639
6155	6202
6136	6154
2491	55055
6138	140801
3799	29127
10802	22872
1937	6157
5347	11190
51081	51649
183	56923
966	11014
6133	25873
10395	23371
10112	55635
963	64386
4538	25915
6138	6144
6210	140801
5868	23011
3688	6774
5433	51362
5427	9768
1783	24137
109	53829
2147	2159
3833	9700
5660	10970
7311	9320
87	7791
2033	10735
1778	5707
4513	4537
6169	6223
10272	11098
2494	3015
5451	6667
9648	10466
2079	6636
4624	4635
60560	80218
6208	6233
3655	3915
302	3074
57405	79980
57405	79172
513	9377
1933	6168
6130	6191
8334	8347
2521	6626
1536	338339
2625	7031
57154	89910
196527	326624
3360	10888
23112	27327
3187	7919
3827	5005
5708	5970
3833	55143
148	2922
1062	6249
6128	6222
367	8349
344892	390064
6228	6233
5861	11014
728	10022
5684	139285
9295	9410
8570	11052
9700	57122
4992	344892
10022	50835
23122	23244
4736	6133
6152	6165
84154	84365
7311	126961
6189	6232
23526	51816
6164	6205
6160	51187
8329	8365
988	55770
27237	171177
6227	6234
9833	64151
10426	11064
916	917
3915	5621
9128	55234
1660	1994
915	286749
2197	6132
23	6059
983	6502
983	203068
1829	2125
3181	10432
3308	55706
6132	140801
9320	55236
4173	5422
6202	6235
1778	9493
4734	26190
3921	200916
5699	8697
6233	9349
683	199675
26091	65264
3212	8338
6181	9045
637	8626
5822	8568
2691	5739
3640	53831
6122	6164
920	5335
6222	27340
185	2862
6625	10236
1937	6207
6385	7852
963	3683
3312	10808
1956	8976
3921	9045
8945	26268
1291	10536
351	7852
6175	6224
8467	64426
8468	91646
3681	22801
4928	7514
64951	64979
658	57154
5695	7979
521	10476
1981	6175
6280	6283
7337	54778
25831	57542
259290	259295
9978	54939
8453	26190
4171	7298
2521	3181
3309	7184
27241	166379
55055	348995
6124	6189
143502	285093
4171	4173
2060	9829
4998	7027
5868	64145
2847	6363
7337	84085
1495	51474
2733	23511
54998	55052
6137	23049
867	5290
7316	10920
8463	25937
4332	6036
9793	81930
5879	9564
919	3123
6194	6209
5747	7204
5336	118788
683	932
3921	6144
1956	4837
6234	9732
6874	83860
6157	6159
4690	9448
6146	6202
84131	203068
7514	8021
111	3354
9782	23435
54998	64979
9798	27183
1349	1350
78988	116541
2359	11251
8175	56949
377	24137
796	6344
2197	6158
5928	10014
10291	10523
2792	2911
6158	6234
2767	55970
1857	5699
6138	6176
51728	79622
10885	27340
10618	50618
10425	63891
4736	6139
8074	8404
6173	6181
1499	1969
6128	6164
4999	5558
50813	55884
7415	56729
5698	6890
2806	125061
7320	9604
51650	64983
1315	81930
6129	6201
4725	29796
7766	10155
8021	55746
7337	26046
9744	51454
1981	6134
3185	5094
7311	257397
9655	84085
984	23332
5660	7852
6125	6146
6161	6207
3434	4940
4694	4710
7058	9507
7320	7322
6143	6205
409	950
5000	5558
6870	56923
6130	6157
6133	6181
4343	6233
4512	4541
988	1654
2804	64746
3836	7534
1994	11338
5528	81930
302	6386
6159	6173
523	155066
4735	91147
6128	6203
5700	5705
6628	22827
1291	1292
3832	9585
5605	84292
6152	6232
5179	6751
26091	57542
6135	6230
5432	79577
3181	10594
6165	7311
4670	6434
6133	7311
3688	375790
522	4713
2207	23533
6139	6156
54939	285231
5579	5583
1739	5290
701	57082
29984	445328
6129	25873
9904	57647
4736	6202
1731	23157
4540	25915
6209	114987
23451	51692
1639	24137
4700	54539
6167	6203
102	1315
990	64151
6209	6218
1933	9349
5336	7525
9793	10403
8945	285231
1511	4353
25885	55720
617	10469
7311	55252
10489	84231
1933	6160
4102	158511
4924	10618
2242	3718
5862	10890
5048	5516
6132	6201
2197	6159
6631	6632
5518	6232
84648	353142
830	11014
5422	10592
6203	6217
6156	6224
259	2266
5954	51280
7043	10916
6189	8562
2935	6169
6205	6228
23586	29761
3109	3115
1738	6470
2648	25885
1859	10238
2683	54918
6234	9349
8453	9320
23020	51692
10869	63891
23291	55832
4736	6194
7037	10618
22905	54874
55003	84154
1983	6234
5711	8697
54148	64928
8131	64121
4436	51434
5430	9282
6635	27258
6176	6727
6142	6232
4686	8021
1933	6169
6772	6774
6201	9887
6129	6181
4735	11190
6633	84844
6788	6801
5335	6850
6201	6202
2071	27125
6161	6170
5903	6633
11157	83443
3921	6223
6734	58477
6147	6155
47	1431
7381	7388
846	50835
7783	11085
2197	6233
302	5834
1478	3188
3690	3791
11004	51512
10236	11338
1088	160364
4710	4715
4738	9978
5685	10393
5829	7534
6128	6170
6233	8445
4599	10964
9870	22954
6160	6218
1173	29924
9793	57122
84135	134430
2242	10371
891	29127
4724	4725
6156	6157
220134	348995
6059	8886
7536	10236
51206	80739
721	3426
6164	6169
6175	6204
389	9938
10972	51128
3320	7415
344892	387748
23350	79869
4512	4536
6139	6158
6160	6193
5433	6426
1908	2865
197	462
6625	27316
1933	6194
3903	10857
904	6667
2491	79172
988	11193
988	3843
22897	80097
9870	65264
5829	64098
6599	8289
699	6241
6498	7311
1981	6230
132	353
3915	10130
5869	7316
9126	113130
26268	53339
1387	6667
5869	10254
3579	729230
6146	6201
2244	3827
9903	10489
966	3903
10943	54556
6154	9349
6144	6233
521	29796
6146	6204
6830	79577
3984	54434
3609	10236
6136	9349
6143	6210
6141	6223
6830	26043
3191	10432
4171	4175
164	25977
993	1111
11224	140801
6233	7874
6160	25873
2099	9687
23122	23279
885	3061
4700	4707
5861	10972
3434	55601
4288	7272
6158	6161
4008	22954
79339	344892
6636	10465
6175	6205
10890	51552
6204	6232
22984	23223
6156	6218
6175	6228
7454	8976
3215	3216
4599	8638
4710	9551
1062	9585
915	3559
3978	5426
8945	9666
3912	84141
4343	27327
102	6556
1129	6751
6240	29127
7466	8720
2784	594857
966	3683
3903	64386
1230	55970
2935	6133
1956	5879
4514	4536
8924	23030
6175	6227
51079	374291
7375	8717
5516	54908
5170	6197
6836	29927
6193	6230
5438	84844
6696	84141
1398	3071
6155	6170
11190	57545
10394	56729
6625	51593
2065	3691
887	4295
6518	84329
2801	10959
727	10022
22948	63971
6152	6175
5880	9844
6850	64170
1856	27130
5903	7514
8065	84259
462	2243
1173	8301
3980	5439
64976	116540
6228	7178
10921	27316
3619	23047
23047	151648
1793	7409
4512	4519
5196	56670
51023	122704
411	153642
4736	6155
6170	140801
28981	57560
3886	286887
3396	51081
7454	10458
1655	25804
5422	9918
5441	5901
6193	6222
6137	6202
1965	8892
6133	6193
6132	23049
6161	6222
4173	23397
6209	6224
29945	64682
6774	7525
11250	83551
9972	10482
1347	84833
23265	50807
6118	9557
9793	79172
28	2524
5094	84991
1277	1292
3437	4599
4125	6037
302	79026
5565	51094
1933	10399
5861	10890
6700	26239
1129	4852
27316	65109
274	51429
56919	57647
334	3915
5707	8453
999	9839
6142	6202
6157	6206
6227	140801
3071	6461
5501	25909
6152	6188
727	51289
6202	7311
22954	89910
3685	64386
1778	4735
6169	6232
7124	7316
6135	6170
11157	51639
383	4353
1933	6143
3980	6119
5768	11167
8290	121504
1536	3683
5515	10776
553	3062
6632	6636
1062	6232
4172	5426
117177	121441
351	8698
10075	84231
6232	81930
2956	5422
4689	5880
2799	23197
174	3827
5528	23279
50838	259292
7311	8334
22954	26190
6750	50837
9126	9793
1435	1462
23142	23291
1062	83540
6170	6208
6157	6201
1910	2147
51088	84261
1981	6235
4670	11338
4726	7388
643	10803
55863	91942
79600	121441
10749	81930
10051	10592
2792	122876
1601	8301
6132	7311
3184	3192
10403	57405
2207	3689
5707	7316
55168	56945
6122	6233
6157	6188
345	2262
9892	10092
6139	7311
4297	23309
10291	23658
1778	6232
8065	83737
1665	1994
6138	6224
10096	10097
5422	55388
3683	3685
6202	11103
2268	9564
1994	7536
9493	22974
6147	6202
336	345
6139	6144
4709	4725
2197	6129
1915	6130
3178	8175
2491	22919
1933	6154
6125	6208
3884	100653049
8290	8356
5725	84991
6207	6234
5004	5005
9493	9585
6204	9349
813	6790
11004	54820
5903	7175
830	57511
6128	140801
890	1058
3015	79682
5741	7434
50835	51289
5777	7852
6176	23521
5048	23322
79867	91147
3620	169355
7520	55183
8317	80174
23404	54881
3336	7295
7283	22919
8826	55109
2768	2790
1741	22941
23047	55143
1915	6147
6156	6171
2792	219438
988	60682
3355	4852
6122	6235
10890	10971
2207	3937
7913	9015
5747	11099
3842	54464
8085	57690
3214	3217
6233	9341
6173	6189
6830	85403
6188	6204
3105	3135
11157	51690
4696	4718
7272	9700
6229	55127
7871	8428
10236	220988
905	2967
10959	22872
51362	348995
6141	6193
1659	9343
8841	79685
6176	6209
26235	84231
1431	1737
4793	5714
11004	113130
23451	55339
3909	6385
521	4700
6709	126014
29093	92259
11102	134430
6203	11224
6152	6231
1660	9716
4087	79753
8802	8803
80184	121441
10403	10592
4076	55226
3659	6672
9039	136371
991	55355
3017	8970
6155	9045
4116	6633
2358	170482
3105	5696
1277	22801
3695	8516
4288	7153
6218	23049
2792	26338
2811	2814
8970	85236
55726	79871
351	54972
1933	6218
1983	6122
3619	8243
2023	2026
6233	8322
3635	3718
1763	348654
1981	6167
113130	151648
9782	10949
1173	10552
6136	6218
1292	3685
5339	6164
4288	26586
60560	80155
5983	8451
6228	25873
6139	6193
6164	6188
6157	6207
6635	8189
6210	6227
5829	10787
10592	24137
90025	246184
6154	6189
5903	10526
1398	10787
11176	64426
8976	23149
351	63940
7525	9844
7155	8289
7175	26097
6432	6632
10540	80184
6135	6203
2790	7852
4712	4728
6132	6235
6150	116541
6167	7311
4694	4725
3887	3889
1983	6205
2730	2937
2239	10082
6164	6167
6205	6232
23014	55832
5707	7415
640	973
6667	7402
22888	51343
9221	23160
521	84833
6194	25873
3094	25942
154214	246184
2255	143282
6136	6152
3921	9349
332	24137
6633	6634
4536	4538
5347	22974
3192	10523
3113	4261
988	9611
867	26130
4541	4709
3909	4233
6167	6176
6152	7311
6122	6173
2935	6234
9833	24137
3685	10857
3635	4233
10022	51289
6144	6228
6165	55176
51642	54948
7424	8828
6139	6232
2151	6915
248	6975
6168	6232
1329	10476
28981	150737
6176	7311
5438	5440
6128	6209
6232	11224
4736	9045
4736	6124
6232	8662
10489	197131
10250	11338
9277	51118
5788	7852
6636	6637
545	6233
1499	7534
6169	6173
2683	5660
5747	8976
2833	83756
1499	6714
6428	6432
6185	58477
8607	54881
2810	3655
332	64151
3882	54474
332	54821
5347	54820
4717	29796
2197	6130
940	3695
3921	6165
6141	6206
6130	6228
9377	54539
51429	152503
6222	6224
983	29127
4670	10432
83540	259266
55720	79954
6370	11251
112	8698
54856	55870
332	79902
3214	3216
26290	56667
6129	6154
5518	6222
5516	51400
10592	11169
3672	3912
1455	2810
4736	6142
3191	10949
728	51289
904	5431
973	974
6146	6227
79172	151246
84163	389524
4541	4694
1081	3623
79869	84248
6427	6432
1293	1300
10199	79954
57828	79820
6133	6218
9320	140460
3156	6307
1605	10298
7525	10298
4736	6159
9493	10749
695	6850
10992	79869
5528	23047
10693	84617
988	6601
2840	4986
7311	143279
2551	3054
2535	55970
344892	390067
9604	22954
5739	5746
3685	3903
7311	57530
7337	10489
6137	25873
2521	3190
6235	25873
2033	10847
5469	8295
701	8243
10576	23526
8337	8970
10071	50614
86	54617
6124	6141
6130	6175
10574	10576
3309	9531
9700	348995
2207	2212
7385	7388
1669	1991
127247	131405
1781	6249
6142	6161
1111	54962
4144	4548
5879	8976
6156	8667
972	3123
9320	10489
1063	55746
6158	6160
6147	6159
6703	6704
1605	3688
6142	6176
6157	6164
6206	6229
3115	3127
336	3698
6453	9341
6189	6235
26524	126374
274	9341
1398	9844
57111	401409
2207	3903
6129	6161
3655	3675
394	7204
197	51156
10885	55127
891	129401
5062	7402
3192	6626
6231	6234
1062	259266
6187	10557
846	2798
3191	4670
10383	84790
22984	57696
7311	285231
6130	6194
4233	8976
996	9820
3122	4261
4701	29796
1213	8976
8515	22801
10970	64386
1933	6157
6217	6232
55168	64928
4713	7388
65003	219927
4738	285231
6142	6205
6152	9349
624	6870
4111	158511
10236	10713
57545	80184
6629	10189
126328	374291
301	9002
6138	6209
999	1001
6175	6181
6164	6208
7919	10236
2268	5829
3312	10576
3320	10787
2683	2720
8349	333932
672	7153
79867	80184
26239	353132
4512	4540
6156	6207
6154	6205
1499	10971
6154	6218
6631	6636
3094	57649
163	6453
7153	9700
3320	10808
1241	29933
26146	79659
1937	6222
6429	10946
6146	6156
10945	10959
6632	51690
6037	8635
6125	9349
831	23209
10250	10772
3304	9531
3491	3912
4116	6206
1659	51503
10075	54926
10575	22948
4709	4724
2828	84432
8945	115290
8697	23291
6167	6222
4597	4598
34	6256
353142	353145
6161	6232
4887	346562
522	9377
6455	9341
6133	6210
4050	7124
966	11314
2792	7434
1302	169044
1783	10112
6422	7474
90025	158506
6235	7311
5714	5718
57542	197131
5689	7979
6207	6224
6628	6636
6171	6231
6168	6230
4508	4536
8924	8925
6170	6171
51069	64928
6144	6157
3689	3903
6122	6175
9114	127124
3360	3375
8976	10552
6137	6156
6136	6173
2537	3434
4952	22905
6135	6168
4513	4514
26519	26521
3119	7535
6147	6209
6173	6188
5717	8453
4686	9128
10250	22794
6208	9349
6159	6161
29127	64837
2521	10236
29127	51143
5829	6385
2197	6203
1783	25909
6129	6170
6222	6235
1605	29954
3912	5578
5700	10213
6233	257397
1915	7178
6218	9724
6147	6235
1136	1137
10155	90233
472	7468
3993	84612
9320	22954
6122	6155
6232	140801
5688	139285
6157	23049
2801	2804
8128	8703
7343	57459
6136	6161
6128	6141
5361	9855
6159	140801
6233	65264
65264	90293
5705	10213
8925	197131
5903	23279
2243	9715
5440	10302
1950	6678
6233	55008
6201	6207
928	3655
6176	6218
2935	6217
7311	8290
6635	6636
2358	6556
6176	11224
5501	23332
11315	120892
5930	7334
3675	7045
10885	64434
10607	92856
3071	7454
324	2932
2177	2178
1118	3417
6164	6206
6138	6233
9133	55355
2863	9002
3267	22848
9128	10594
4867	121441
6663	27022
6188	6202
54069	79172
6223	11224
6548	11261
3113	3115
1665	5725
6133	6194
7514	9700
5519	10274
3921	25873
973	29760
6363	6373
6133	9349
6205	6224
6137	6233
1277	1291
25831	64682
22954	57542
51429	54874
8689	9119
84946	88745
10540	11190
6152	6159
6143	6157
6135	6159
11339	51203
10921	51692
302	23526
6223	140801
6429	84950
5199	10394
6155	6201
6240	10592
2967	51426
6208	6230
54663	84365
1268	64805
10403	151648
23160	84172
4116	6635
57413	58191
6144	6188
1116	56729
1291	1303
51258	64951
259290	259293
3619	11004
1116	1991
6129	6159
1329	4715
6137	6228
4689	653361
695	3635
23291	89910
3190	5093
3690	5908
25909	57122
988	5394
1500	5795
6133	6235
4725	10975
5699	23198
6135	6727
7410	63916
1129	3355
514	4700
6130	6169
3685	5747
5747	10787
728	846
6156	6201
8243	23244
11157	51503
22794	23398
988	10574
6122	6222
4725	27089
6161	6208
2197	6209
7249	389541
7311	9927
570	6233
2767	64407
6049	8881
399	9411
2058	4141
6161	6189
27334	55970
6222	6228
6218	9349
11103	51575
6147	7311
54165	57542
65993	124995
890	4999
1490	10413
990	3832
4736	6227
3134	6890
7057	56999
6128	6129
6189	7311
6139	6175
4736	6235
4718	4728
219968	285093
6138	6227
10466	55275
7311	8295
6165	6203
4088	23327
890	9833
7314	29089
6209	6210
335	4036
10285	10914
1062	7272
629	4179
54996	64757
1062	10274
10970	54972
6124	55629
7311	54874
23279	113130
988	29127
6229	27042
6233	26091
4709	55967
3308	3326
2537	9636
2935	6136
4540	4724
983	9833
3111	3127
4928	10482
6139	6222
4904	10465
6139	9045
6143	9045
7272	9787
5298	8394
963	3685
5516	5526
1337	1351
6160	6205
783	10369
6170	6223
9879	10949
5434	54845
9343	27316
8365	126961
23326	79595
6165	6233
338	350
6160	6222
3797	79989
6128	6152
5711	6233
9643	93621
2804	9276
3685	9475
6167	25873
472	5429
887	3827
6159	11224
4718	5284
4734	9320
746	100128731
1937	6175
8720	51360
401505	100188893
5338	11145
5688	11047
6206	23521
23304	90025
471	441024
3181	51692
335	2243
4850	55571
996	6233
4116	6169
2801	81562
6164	6218
2197	6230
6181	6202
6218	7178
3491	10272
1387	27327
2033	10499
1062	22974
6432	6636
5931	6839
10458	10787
6137	6173
2197	6175
9631	65250
9551	10476
3909	10298
4116	6202
1062	24137
905	6667
3886	8689
4738	5688
5869	25977
353137	353139
9690	10489
1880	196883
5707	51330
10427	55291
4734	6047
5715	7314
11014	50807
6165	6176
55832	80067
1829	64065
1983	23521
6208	25873
8648	10498
6139	6210
890	84515
3897	284217
4641	5872
86	988
1364	1366
8351	126961
57122	57551
8568	25926
746	1603
5436	5438
6319	6720
6168	6189
10799	88745
833	4677
11190	54820
1994	9782
51	55825
909	915
5473	11251
3433	23586
2491	81930
11339	54069
9126	55746
695	974
10121	84902
6155	6231
3434	4599
2817	3340
2048	8976
5929	284058
9738	146057
3684	53831
7846	10376
6429	22826
29078	126328
29074	51069
6139	6155
1287	3688
1345	4695
6130	6137
1786	7027
55339	84271
23304	26046
3569	84141
6164	10952
5157	7991
7314	10920
3912	3915
2033	6667
3937	5335
23095	24137
7516	56655
6161	9349
1329	4714
2033	23013
4331	5436
6158	6176
9724	27042
4641	9371
164	2799
6233	23295
636	5048
6142	6206
389	9322
344892	390079
9354	89910
351	3912
552	6866
5865	23011
3437	23586
6152	6204
353132	353133
3107	3134
6556	160364
5879	100423062
636	25782
8295	8945
138803	344892
1781	121441
55055	81930
4519	4536
6426	10949
7317	10489
1350	7381
6156	6227
6194	27340
680	56923
54732	55738
388962	654483
22826	57819
6135	6208
6233	57154
81	5829
904	23248
6137	6205
51023	55052
5781	7525
6138	6139
6154	6203
6122	6154
7311	140458
1173	24137
1536	23601
6202	9045
1329	1351
9320	9604
5829	10458
5431	9879
7311	10252
8648	23389
143471	161742
9025	9656
4708	4725
10900	284069
11051	55660
3921	4809
5451	55718
6633	83443
6167	6188
5928	57649
4540	4695
387	7094
4582	10331
5119	51652
6556	100049587
1781	10112
6147	6234
6130	6170
640	3932
5717	6790
4548	10768
988	23595
1991	4332
6194	9349
6133	6234
9371	11014
23011	57403
3135	3805
6142	6193
3845	4763
1062	9371
54620	80204
8875	55350
6194	6234
3912	59277
84962	121441
51132	140459
1794	5880
29089	197342
26155	84172
2962	8175
2305	7153
6130	6207
3267	10254
23014	56995
4734	26091
2792	343172
55055	79172
8295	79595
4069	4332
53981	79869
6036	6037
932	326624
3915	7402
3191	7536
57678	253558
8976	54874
6167	6206
51715	57403
857	4088
10250	11100
1783	5861
991	51088
2186	23067
344	26020
1650	3920
54821	79172
6144	6167
4131	5048
55970	126006
5266	6699
4091	4093
6169	6181
695	5777
389	1894
1650	6122
6233	9810
23511	50628
3921	6175
23	988
4297	192669
6175	6208
5878	9341
4538	4539
25873	51187
7316	83752
3433	4940
9320	51132
811	2923
6173	6227
841	1281
2521	57794
4926	9793
1434	3837
92104	150737
1500	7525
6141	6159
6165	6204
1161	51397
6173	25873
6208	55176
5438	5439
6146	6233
6159	6203
2932	3611
4706	4725
6147	6175
23562	53842
4709	27089
2207	160364
9133	23397
6155	6224
6181	6203
158506	221687
4717	4726
1088	6556
1676	3836
8329	121504
9282	9968
6147	6203
4173	4175
5330	55970
87	5879
5878	10552
1290	1292
472	5884
6204	6228
5657	8635
5707	5708
1329	1337
1329	4700
728	50835
10274	10403
7852	55970
672	51755
3978	4176
2107	6176
6790	9787
1536	51382
25897	27252
9877	55746
23658	27316
23020	51729
6143	6159
3915	84141
10250	84950
4297	23269
6164	8662
4709	91942
6137	22916
6158	25873
988	9533
6181	6209
146	84109
6194	6202
226	2539
7184	9601
4736	6154
399	5879
25885	84172
1783	54821
23327	51088
23327	89910
10412	10607
5878	7037
6158	23521
6518	196527
338	2153
6125	6204
23590	56997
8514	57153
6122	51386
1161	51426
6461	6714
4736	6230
5438	6633
6184	6185
9320	23291
4905	10905
3091	7316
4734	23291
6502	136371
1453	6189
51081	84545
6189	11224
10657	11052
51258	64976
6193	6205
389	57522
11325	84844
1937	6138
6136	6204
4540	55967
6132	6176
4670	51692
1287	55214
10096	10152
6138	51187
6207	6232
6124	6228
4700	4709
990	5422
7158	7311
6169	6204
6626	27316
6141	6158
2197	10952
6059	55720
990	8697
1500	51474
4686	50628
2788	2864
56923	339403
5290	9208
5708	51330
8886	55127
5471	10606
3133	10475
3355	4543
23063	57082
1938	23521
60560	80018
5451	25896
1452	6500
6141	6202
6132	6136
212	2038
9212	83903
9126	348995
11343	57552
6152	6218
10376	203068
9666	23291
336	3827
1063	23244
251	23627
6711	8615
6135	6231
2550	3579
6165	10952
4694	4709
6201	9724
9564	54518
25909	79172
2197	27042
185	4922
2081	7494
3434	10964
23014	64219
5330	9002
25831	65264
9631	23279
2803	90196
1981	6224
890	11339
6455	8871
4332	6037
51258	51650
6141	6222
163	8027
3683	8514
813	3915
1956	54206
8914	9126
51289	56923
10632	27089
3832	4288
6209	23381
813	1462
3107	10475
23304	56658
6667	27327
197	2147
102	3915
6204	6234
57542	144699
1778	24137
6202	6205
183	10663
6491	259266
2150	2863
5430	10250
163	25977
1909	2922
23076	57696
5694	5715
990	5717
22930	25782
9219	23186
6229	27340
8347	8365
2071	6873
10890	11021
2353	4773
4646	23607
2197	6228
4717	4724
988	27316
6141	6203
3850	3860
6711	10466
5547	10970
161	163
1509	124583
2621	10272
10254	22848
5286	29988
567	3105
623	5737
3559	3560
1435	84141
7311	26235
9553	51649
5439	51639
1856	5869
22984	23160
516	10632
6157	6230
10975	126328
7153	7175
28981	79989
6233	10110
6206	9045
6144	6209
9739	23112
2695	10266
9320	197131
6635	11100
10022	50831
4584	4588
2521	3192
8329	126961
6138	6175
10733	79959
1660	5725
185	2641
6205	6223
4508	4509
3937	7454
147	4829
6159	6224
5685	5700
6233	55669
6142	6209
1398	3937
1660	23283
5822	22984
6142	6156
80097	653784
4986	338442
4541	4701
4736	6229
7057	23275
1605	3913
23511	25929
6636	51690
1639	1783
3178	3184
3055	6503
6430	8175
3852	196374
22856	55454
3178	6626
4540	4707
9883	11218
4173	9126
3579	5515
1981	6168
6168	6218
332	1063
1072	5216
6222	6231
10153	55759
6233	9732
3304	3337
51465	84447
65123	80789
2243	3698
3301	3303
84231	158506
2033	5451
3799	10540
6161	6164
3491	51280
6205	6229
51069	55168
3953	6774
6154	6228
10413	51421
6136	6175
6142	6234
6161	7311
27237	29984
1121	160518
8082	8910
10975	51079
1894	54443
968	5878
3304	10963
7337	80204
6272	286451
3091	6233
6230	6232
6132	6155
2817	4035
3685	9564
6790	10133
332	9787
7311	55272
7514	9972
1915	6161
5435	55599
4735	7283
6233	7178
6135	6137
3355	5733
161	5286
834	114769
9790	9904
7311	25831
1783	2491
6133	6169
10594	11100
8337	317772
7283	22974
6170	10952
29763	54874
2132	375790
1062	10051
389	94134
26470	253982
3178	3609
1129	2912
4582	10164
6161	6171
4717	4718
1195	57396
6176	23049
3837	9972
11245	55970
5928	25942
26190	65264
6170	6230
4707	4724
1915	6222
1601	6233
3185	84991
3240	10394
338	345
3561	5599
3937	11184
3054	25942
8453	51122
9787	9833
10618	23431
6230	10952
9716	23350
2740	5739
2788	5331
3920	80331
84085	84261
6233	8139
208	51230
5361	7305
932	57153
3106	10475
830	10282
84676	140456
996	1912
64979	118487
4713	10975
1660	10492
6144	6152
6518	10857
9820	26268
6165	6169
23295	54620
27248	79139
4233	6233
4957	55755
6230	23049
23309	57169
11065	83461
6135	6222
6233	84749
1315	9382
6204	6229
4736	6171
6170	6201
1062	64151
23423	54732
5435	5441
8945	11059
11190	22974
2623	2811
1537	54539
6165	6209
8322	8976
6147	6194
6118	10459
6160	6169
6155	6234
8590	285093
26146	28981
4586	4588
23332	80321
9886	84144
5869	7311
3190	10594
51	5194
57678	256356
399	94134
55720	84172
399	6453
6233	7189
57129	63875
4904	22826
6167	11224
685	1956
9527	55014
1453	6208
6122	6133
10285	51692
6233	9927
2197	6202
1308	3691
6613	7341
389	29127
60	5879
5266	6707
7311	80351
60485	84962
5950	7276
301	2790
4683	6233
79600	91147
6168	6231
79895	222487
6230	9045
273	8673
4697	55967
3106	3107
3619	3832
4116	6160
6135	9732
6136	6231
10949	220988
2965	9646
6152	6224
6203	6233
6204	6207
5048	5529
5869	8411
90025	91694
904	9646
8175	57794
5706	51053
8085	8289
5116	55125
2034	84962
79172	348995
6160	6203
4690	10152
6233	51132
3192	23020
5439	8731
5725	9716
6168	6206
6184	58477
1500	4646
4627	5898
51234	55831
65083	79954
1325	2847
27292	84135
6189	9349
2177	11073
5266	5493
6129	6137
9416	10949
6249	151246
4952	54874
813	3491
2675	220164
6204	6227
6139	6224
6154	6175
9666	115290
27229	55755
116372	257194
890	5347
6790	121441
3375	7253
6632	57819
6233	55670
6142	6157
1911	6045
1981	6164
3190	10236
3109	3119
6139	6233
9887	25873
6164	6727
1894	259266
3921	140801
8329	317772
4641	5879
6133	6154
7153	23397
90480	118487
55143	151648
1830	6699
8301	10618
2958	79035
6129	6209
26091	57154
186	3350
1991	6709
9790	54881
566	4125
23404	81887
2131	6385
4736	6156
6152	6210
1981	6222
514	4708
388	7409
4751	4867
7153	56992
1387	2033
4008	154881
527	3920
10274	113130
7137	7138
3320	84131
288	2348
3913	5954
6223	25873
6124	6138
5688	7979
4695	27089
10970	196527
2033	9968
3921	6161
54577	54578
1783	81930
10575	10693
5566	23332
506	3313
6657	63978
6142	6159
55901	170692
374	2065
6130	6138
4641	5898
51122	84085
25798	326624
6885	23118
3075	3078
2633	10561
719	58191
6146	6203
6146	6727
9551	84833
2197	9349
3356	5731
9739	26523
10949	23658
2810	3918
23322	79600
6890	6891
6165	6222
