10199	84946
51068	117246
6122	6205
1601	5878
160364	338339
2205	5335
6129	6233
6167	6230
4670	11052
6158	7311
6147	6194
993	84126
1455	2810
4707	54539
695	5335
5565	51094
4691	9136
3109	3127
4519	4541
6170	6235
11127	64837
23533	55970
1983	6232
6133	11224
1994	3191
8365	126961
10075	54926
9793	81930
6167	6210
55166	387103
4713	4724
3091	6233
1241	56413
776	27092
2873	8945
23030	51588
7311	25873
3107	3134
4670	10523
1490	25937
6175	6194
8295	79595
10574	10693
8666	25873
10919	79813
187	11251
905	6667
3071	8976
983	79172
3486	84141
6206	27340
1063	7514
9793	10274
4709	126328
23020	27316
6130	6159
6222	6232
79861	81027
6709	11014
4261	5993
1462	3915
9349	25873
5339	6124
6142	23521
4116	6218
1499	7409
5707	5708
10681	338557
1854	4174
1287	80781
4988	84539
6167	9349
8467	9188
1605	3672
9793	10403
4331	404672
1603	58505
4734	8453
4691	8602
332	151246
23283	27316
6218	23049
3640	387129
142	56655
3921	6160
3040	3048
3635	4233
967	10396
4172	4176
9553	51650
6168	6227
4700	9551
163	8976
3191	11338
119678	344892
2033	8243
7514	23244
3178	5725
4495	4496
6430	8175
6133	6164
4008	55236
2197	6203
259	2244
3635	3667
11169	79915
1915	10399
389	114793
51023	55052
142	5981
336	4547
53339	197131
7343	9013
7486	11073
6227	6234
5928	25942
6147	6204
8349	121504
6602	57492
5547	326624
32	2194
1241	2767
4736	6125
7525	9844
6181	23521
2348	11316
6387	57007
4599	10379
5829	6385
29796	54539
3854	3861
6233	653604
6135	6167
6133	6201
6155	6233
6233	9927
2692	5745
6168	6209
6688	7305
6235	23049
10926	63967
4512	4539
64318	84128
6160	6181
945	84418
6168	25873
54578	54657
5568	57539
22919	22974
100	4907
6152	6165
1981	6209
10539	57019
3178	6434
9967	23097
6124	6158
3833	9700
399	3633
6142	9349
6147	6207
6161	23521
152	5580
54474	286887
1981	6235
4208	6929
5880	10298
5624	10232
56923	259293
3832	10403
53339	80204
6176	7311
164	2799
5870	10890
57542	144699
6158	6170
26249	55521
5335	10818
353137	353142
7520	55183
2801	10959
6429	10291
10663	51289
161	8650
6160	6194
7311	57674
1327	29796
10849	25885
6137	6143
6207	9045
1462	84141
3190	55749
800	3693
5430	81556
3203	3204
56963	148738
4535	4536
813	2519
6632	11157
5869	57403
54821	57551
9738	203068
1315	2804
9782	23435
1551	1555
991	9133
3710	5575
6210	6228
3433	8638
6130	23521
1816	4160
2769	5330
3832	6240
3017	8970
9045	10399
57674	151636
3624	10272
2784	7434
10663	259292
5438	84844
5688	5706
988	3839
351	63940
5451	6667
701	221150
8740	10673
5093	6625
50838	259295
5685	10393
351	3491
919	55824
6210	6235
3481	5005
6152	6175
1290	1291
6124	6224
5828	5830
6182	65008
1457	10051
79659	92104
1650	6185
2692	2838
4512	4537
3837	57122
846	259295
3799	10112
5347	81930
963	5023
9495	10369
64682	84085
9126	23279
3683	10970
11190	23332
6189	6218
5330	55970
6129	6170
6167	6194
1915	9045
344892	347468
1314	26286
5528	81930
5869	23011
27316	55749
3320	84131
10714	23649
23326	79595
5594	5781
10291	10523
6152	6224
4670	220988
6222	23521
1991	6036
3191	10236
6135	23521
2788	5294
2788	2863
6133	6203
6144	6194
86	988
10466	11014
567	3107
1536	653361
6428	7536
6152	6203
399	84144
6218	6234
1660	2130
6142	51187
1314	8729
6801	8428
22954	64219
699	3619
10236	51692
3356	94235
671	10394
1942	2041
9320	154881
4736	6160
5741	8074
4706	4717
5777	7409
991	11004
4509	4537
4088	25937
1981	1982
6142	7178
6144	140801
6233	9349
6138	6206
4707	4713
3978	4174
5433	10285
6223	23521
3921	6157
6125	6158
1022	91603
3920	6836
3339	3915
567	3134
3184	10236
6223	51187
3913	51280
1829	11187
8615	9276
197	2243
8365	8969
4233	5795
2247	6233
3635	3718
6143	6208
695	7454
8365	85236
5094	10236
9636	10561
11051	85313
2034	3091
4717	29796
4537	4539
4599	51191
6156	6224
4540	126328
6628	220988
580	5932
2537	3433
9601	10130
92815	128312
6201	6234
51649	54998
2266	5345
51	5194
746	100128731
830	1604
60488	116540
6156	6204
4710	29796
5718	6790
6137	6147
6173	6232
1557	1559
55143	57082
117	2784
26146	79989
9320	23291
886	2922
11339	64946
6141	6232
4584	9245
6125	6181
5688	5705
27076	154064
81285	285093
6141	6159
6132	6170
5702	5708
2784	3763
8349	79019
9879	10949
51289	56923
9493	55165
6232	25873
6207	6233
6133	6173
6129	6154
5394	5822
3071	5747
10432	10949
5781	7525
6160	25873
514	1350
10112	81930
11196	126003
6772	6774
4261	115361
7536	10772
8453	23291
6161	6202
6165	9045
6143	6157
25804	27258
10403	64151
351	7466
6667	10499
4171	10036
2784	2792
10403	10615
1490	7004
6189	6229
640	974
6171	6235
6144	6201
5469	9967
1857	6233
2064	6233
4087	79753
1340	1347
3355	5173
8924	8925
1738	4191
6155	6222
27042	55153
1956	55914
185	2641
22936	64859
6139	6194
4548	10768
4717	4724
3685	196527
905	5433
3685	6518
26046	140461
1233	6370
27258	51503
8189	10921
1103	162466
7428	26259
6428	22826
6189	6228
8514	11314
6161	6170
5298	8394
9611	23118
3685	160364
6133	6208
5725	7536
4173	81620
8945	51684
9221	23160
988	56852
1938	6122
3718	7297
623	2357
3882	8687
3643	9021
5880	84144
26524	84962
10890	57403
570	54363
87	3688
5516	5781
6144	6168
6175	6230
87	6385
9133	56992
1943	1949
11176	64426
23627	137797
5879	9046
2207	2212
6204	6235
5048	23322
905	79577
988	55183
11222	56945
4666	11224
3903	8514
6135	6231
1291	55214
10425	63891
4540	4713
6143	6160
1314	22872
6165	140801
51088	55832
7042	10490
6133	6176
3376	8565
9787	22974
972	3123
25879	84294
5111	6240
5422	9918
6168	9349
9533	64425
6222	6233
10733	55125
996	51132
6169	6231
6141	6202
640	29760
6135	6234
9793	55755
6169	6210
9892	10092
6432	10946
9730	142686
3364	5810
890	11339
7337	197131
6155	6209
890	55165
81537	259230
3106	3659
896	6777
5829	10458
5438	23524
8648	96764
3150	3151
54732	55738
2798	4829
2197	6157
966	79090
10928	55589
2833	83756
5604	7529
2305	4288
2537	10561
5903	57551
6135	6170
3676	5829
3619	5501
5985	7516
2767	5296
353137	353145
6122	6143
1495	5781
3685	5817
11098	84141
6142	6176
29118	63876
6144	6224
2243	3026
1063	2305
6205	8562
4736	6154
6224	6233
3123	55824
16	2617
9742	26146
6175	6224
2243	5005
1394	3973
3240	56729
2197	6155
3553	7124
3838	4343
160364	170482
813	3491
1915	6205
11338	23511
64976	90480
6208	140801
6133	6135
6223	8562
6133	6204
10762	55143
6208	6234
2549	8823
2956	9126
23223	26155
2189	80010
7249	7532
7184	7466
4508	4514
1915	6144
6206	7178
6164	6235
3362	5443
109	2358
9984	79869
640	973
226	2023
6154	6175
4701	126328
2932	5718
84078	89890
6155	6167
6233	23112
7311	9856
6205	51187
1605	9459
595	11186
10523	27316
5737	56923
10965	641371
6130	6229
56624	259230
6139	6229
399	27237
301	302
891	995
79172	348995
1676	3837
10250	84950
51676	115290
55055	348995
6167	6222
521	4713
2557	2560
462	3827
6128	6194
10254	10552
7317	89890
2625	5241
1933	6210
1236	4544
9742	28981
1810	26009
6170	25873
6144	6206
1639	2697
11103	56902
6136	7311
6176	51187
6872	81887
6152	8666
3886	8689
5901	729857
5717	200734
26224	55208
932	3689
2203	5213
84447	91319
10885	23404
4666	6136
6209	6230
3213	8338
2912	3355
6147	6181
3932	29760
2491	5048
1088	160364
6168	6207
1994	10921
6122	6234
84135	134430
11343	57552
1956	10413
2873	8607
7153	11004
6157	9045
7536	10181
4313	4325
641	7316
8356	653604
9887	23381
9276	9371
7337	10193
6500	142689
6925	6929
1915	6207
3921	9136
55339	55749
4726	4728
373	7322
4734	65264
1291	10536
6176	6218
9883	51692
5294	7409
302	23526
5695	6790
3326	10576
3191	10492
5424	5426
2353	2354
695	974
5684	8658
6208	6727
6168	6222
2150	55970
6207	53918
26531	344892
5829	64098
3913	59277
6233	440689
11222	57129
4708	29796
1915	3921
6202	140801
1000	1012
3320	6461
6141	6189
388	399
23059	26146
6237	10235
1933	6137
899	7428
2801	5862
6125	6160
988	7919
6154	6161
55055	79172
5149	388531
9787	64151
2932	5711
23107	65993
1175	5878
6152	6171
5707	84962
5529	51143
1870	5928
6181	11224
864	10413
9410	10236
824	5829
301	7852
1915	6222
1233	2359
4512	4541
7042	83706
1937	6207
830	6709
6143	6173
335	462
1783	2801
9212	57405
695	3937
151648	220134
6156	9349
3122	3127
3039	3048
4540	4541
6143	6223
6375	6846
90480	116541
5339	6176
22919	79172
836	6789
338	2243
11059	23291
1791	64421
8905	10053
2107	6137
7536	10250
6139	6161
10920	55884
51444	57531
6138	6176
5970	6667
6133	6139
6161	6208
6139	6208
1793	3071
950	22905
1778	4867
6205	6230
11137	84916
6155	6203
3912	7184
6201	9724
55008	64750
6921	79754
990	996
54998	219927
3185	10236
6146	6208
5985	10635
6154	6193
6708	11280
5435	6637
11051	55660
811	5034
22974	24137
8027	51429
5430	7072
6210	25873
3797	24137
4717	4718
659	23118
2197	6223
10577	56729
1400	56896
1655	11325
8349	8969
2358	160364
945	3903
3683	3695
57191	400720
6139	6210
5880	9743
213	5340
5985	63967
9349	11224
4173	8914
6602	9031
10489	55832
3107	10475
1308	3655
2935	25873
3190	10291
6169	6224
6136	6235
6201	6235
637	8626
28998	118487
10523	23524
2817	5673
3184	51692
5604	23164
6227	6228
831	23209
344892	390081
10396	25798
10946	22826
91147	121441
8914	11169
55008	57154
338	5948
344	26020
26235	158506
6168	6204
6146	6233
2197	6208
258	9210
10274	57551
6173	6224
2491	54821
6218	11224
8356	121504
23160	25885
2810	4486
6155	7311
3133	6890
988	10640
3396	51649
1435	1462
5528	151648
10663	56923
56670	59340
9416	55339
6122	6203
6233	9690
57129	65003
3437	4599
1933	6144
2200	3678
6181	6202
1871	6667
55388	90381
401505	100188893
9343	27316
1287	3685
10022	51289
6189	6224
4736	10399
3832	54892
6709	7430
9320	144699
996	57542
5286	6233
5822	10885
6045	23028
2197	6137
683	94103
1058	55143
10383	84790
23646	147746
10051	10592
1350	4695
2847	10563
5347	24137
5516	5520
988	10059
57542	197131
9570	10802
6154	6223
1650	6130
6170	6201
51692	55746
1544	169355
701	10615
1880	196883
972	3119
185	2862
6168	6193
6141	6175
11325	55749
1173	9341
2519	3074
2993	2994
6204	11224
6222	6228
5611	10525
6128	6167
6128	6207
945	2207
5422	55388
6159	6173
6152	6229
23020	51729
3185	84991
6130	6204
4116	6135
22974	203068
7311	64219
4599	8638
6427	10189
367	8349
9341	10552
9228	9378
824	3932
4736	6230
462	2243
4712	55967
2814	51206
3852	3853
9277	84946
1457	7153
685	1956
5689	5700
1291	3688
5566	5970
2975	10621
1717	6307
4172	8888
5696	6890
5332	55970
1111	2177
10426	55835
6136	23049
6047	23291
6207	6227
4666	6129
6165	6207
10014	54880
1778	121441
6171	6173
3304	3337
1081	7252
2305	5347
3046	3048
9510	11096
134860	319100
991	51088
2146	10664
3832	3833
4712	4713
2863	7204
6434	10236
11345	81631
6224	140801
6173	140801
2358	57153
7305	100049587
7311	257397
2033	4089
1398	2185
2054	8673
26523	192669
53829	57413
2033	9757
6363	10563
388	397
4736	140801
28514	54567
916	917
3886	286887
9320	84085
1308	3691
3921	6206
6317	6318
9188	23560
6923	23198
6610	7132
966	3903
2064	5599
1915	6189
57678	253558
6201	6229
2935	6169
1965	8892
3688	3912
6227	10952
25847	150726
55831	56851
4726	7381
2177	7398
64963	92399
1350	7381
2197	6125
2863	9002
55863	91942
945	10857
251	152330
6159	9349
5330	9002
3320	7415
6233	26043
4540	51079
8329	8334
10885	81887
1432	6885
4173	4998
2197	6169
1277	1291
84105	347732
6209	140801
6160	6224
3015	387103
9126	55746
65264	143279
8729	9570
116	5739
861	57332
6139	6185
4686	50628
4718	5284
6169	6189
2801	8615
3105	5696
1230	55970
8477	9002
3309	51726
6520	8140
6201	6222
5439	9978
8450	55832
55662	80351
5879	8976
8612	166929
6228	6235
6139	6193
6138	7178
6156	23049
60	2597
6133	6193
6170	6176
6234	9045
1063	3619
22917	57829
6207	11224
109	10681
6160	6223
6141	7311
9632	22872
2207	79895
1595	51478
4986	338442
3184	3190
6156	6168
11017	11051
9133	9232
8453	115290
2932	6790
6143	6161
2617	4141
6189	7311
5286	55361
6136	6203
10163	147179
22845	57171
6223	6227
462	2159
1062	1894
3122	10346
83551	134860
6147	7311
5037	54845
2197	9349
57787	146057
5361	7305
6229	140801
3433	9636
2197	6228
5868	51715
683	199675
1659	9716
6203	11224
10316	165140
2935	6207
9126	9656
29127	55872
10524	10714
1347	9551
3181	4670
4008	144699
6636	10465
6146	6169
6207	7311
2197	140801
5861	10540
2537	9636
6129	6194
3434	55601
988	5903
3685	8514
3675	3683
1303	10536
6430	10949
4867	27077
7038	7173
7852	8698
27229	54801
4736	6206
1536	3683
6222	53918
28998	57129
50838	56923
6161	6218
641	5424
4588	26290
6138	6203
1781	4735
3895	5954
6209	10952
4852	259294
92170	503542
4839	25885
8329	126961
9738	55755
6605	55193
1660	3184
1116	5005
10671	51143
1132	53637
1062	9793
5880	80728
6130	6173
4332	8635
6157	6224
7155	8289
9133	23397
6122	6147
1650	58477
3191	3192
1233	11251
846	50838
344892	390077
4736	6209
8704	55624
8969	126961
1639	24137
1660	11338
6144	6157
9793	79172
4539	374291
6201	6202
6143	6194
3017	440689
5329	11322
353139	353142
10592	259266
51725	142685
1736	79050
57153	199675
10802	100302736
3685	3903
7311	23521
5887	7415
6173	6188
1237	2917
2792	343172
1933	6160
6232	6234
9276	10652
64750	65264
6147	6218
1129	5179
3071	10787
8351	8363
8663	728689
4738	7979
22794	23398
5861	11014
6142	6158
6128	9349
3832	4173
6124	6143
7409	7454
6154	6201
388962	654483
54856	55870
2790	55970
1994	9782
5519	10274
22803	27340
6128	6164
108	7252
6160	6231
1453	6193
1822	1911
6144	9045
10236	10949
7536	220988
2792	3763
3912	59277
51645	85313
4738	5693
1906	2863
3886	8688
26524	126374
8085	23067
6142	6224
4734	6047
143502	285093
7311	23607
5119	51652
867	5781
9462	153090
6175	6181
10552	23149
10432	27316
22974	83461
11014	55605
6934	83439
5528	9126
672	64682
8976	147179
2790	7204
6165	6169
2957	7702
6138	6141
6141	56915
64946	147841
6429	6434
991	6232
6428	220988
6194	6202
10885	25885
1290	10536
5116	27229
7057	79875
5196	94235
8349	79101
2767	5599
6161	6228
6188	6202
4695	4708
2740	5739
10949	23020
2475	9675
3490	84141
8106	29894
1937	6188
8349	85236
990	5422
5347	54908
126328	374291
7311	56288
891	9493
10022	339403
4171	55388
7321	65264
6139	6202
56945	57129
109	51083
6124	6205
6188	11224
388	389
9212	55355
6224	6230
7311	11224
5438	27258
566	1991
4707	51079
90025	158506
5929	6872
3309	6836
833	4141
3183	6434
23112	26523
2733	23511
6159	11224
1495	6714
55014	126003
4724	91942
2197	3921
4599	10964
1173	5878
9833	10403
887	5020
4952	8976
3123	4261
5699	11059
6132	6135
2491	81930
1350	7388
5985	8914
6233	158506
6228	7178
5985	10714
6128	6233
1933	6203
6175	6228
9371	11015
6628	8683
2792	5145
1650	29927
6203	6205
695	6850
1814	259285
1453	6203
3895	5879
6134	6202
6124	6128
1949	2045
971	29760
6159	6230
3091	7316
3672	3915
6138	6175
6168	6727
7316	10552
5725	10594
6189	6208
719	58191
2125	6699
2242	6237
378	9276
6205	6234
6122	6136
2846	2922
641	116028
2792	65055
10097	10618
2519	11098
51079	374291
7456	10458
388	26084
9844	10787
11064	22995
10885	55127
10403	113130
4904	22826
6175	6206
7097	7124
1894	54443
324	5519
3181	5725
5878	10890
212	2038
6175	6176
887	4295
9738	132320
1387	10498
996	9491
6189	6207
6429	9295
830	1315
7316	10920
5879	94134
51	6233
5037	10256
4584	4586
831	5829
10902	54617
6500	7314
6122	6173
5954	51280
7514	55746
1277	1292
6137	6175
4627	5898
915	3118
3184	3191
1981	6218
4361	63967
990	64151
10885	84172
8394	23533
29074	51069
5707	10577
7398	56852
9969	23389
10663	259293
8886	84172
3685	3912
1062	29127
6142	9045
2625	3169
5725	84991
6142	6164
3849	140807
728	846
6138	6189
712	7305
1956	3688
6175	6203
9055	9928
8243	10274
6138	6168
4758	54472
6173	6208
6207	6229
3685	6461
4940	10964
6152	6228
7343	57459
10236	51729
5692	5710
6181	7178
5929	8945
10540	57545
1956	284119
26239	353132
5869	10890
3001	5551
3354	51764
6207	9349
2185	5829
6167	7311
5437	23524
6144	6159
11275	283807
521	1329
399	85360
5652	6692
10053	152503
6625	6626
5708	64750
5432	6205
26224	84085
10155	25888
6165	6223
197	2153
514	4724
8974	29920
4141	7453
9295	10250
6164	6229
10285	10713
9690	221687
983	29127
8481	55125
811	813
6175	6207
84154	84365
4171	6749
4736	6223
8085	9757
1829	1832
6142	6203
8976	10254
6137	6202
6144	6161
6152	23049
6234	6235
8337	8347
64708	80204
1794	5777
1915	6204
1350	29796
7311	64750
51203	64151
108	797
1453	6207
10733	55142
11004	24137
3054	23269
29093	51264
5202	10471
6235	9887
4713	7388
84946	88745
23533	55361
6138	6152
6154	23521
2197	6727
5515	6500
10921	10949
9277	51118
6194	23521
29127	55165
940	5879
4357	54205
6138	6193
4064	9450
701	10403
1956	5579
6168	6188
983	26005
6155	6189
2813	55350
351	7184
338	1080
1660	23020
9551	9556
27316	84991
6203	6235
338	2262
6168	6201
26173	51593
4736	6169
56902	84916
6125	6146
7421	11198
79172	113130
6169	11224
226	5315
64976	64979
3673	3914
6233	9887
1933	6136
399	23526
983	9972
3185	23020
9700	10592
26290	140453
79583	80184
2214	2215
8687	8688
966	6711
23354	132320
338	3827
4542	4641
4298	23168
3107	3659
6157	6223
6138	6165
3178	3183
6161	9045
4735	79867
5985	83932
6223	9349
1639	29127
10236	23435
6157	6160
9416	10236
3313	5903
8514	10970
1287	5155
331	6233
51429	152503
1994	9416
2147	3481
11113	259266
102	160364
3973	4160
6173	6227
7153	259266
6152	6189
4735	151011
10618	55330
4609	7020
6188	6203
79600	79867
26232	93611
6154	6203
6233	6234
4116	6202
10693	22803
4436	5426
2935	6189
10071	50614
26043	51122
6128	6202
5594	7533
6159	6161
991	55355
522	84833
87	7525
23063	23122
4736	6232
54778	140460
1778	4735
5879	64333
983	6502
3607	7528
2840	4986
4172	10036
6130	6228
4512	4514
9341	115548
6130	6193
3672	6709
9829	26052
2157	27095
6125	6201
6227	6232
2197	6202
3101	64841
2207	100049587
7919	65109
5878	51715
10900	284069
6170	6232
9283	51764
890	10403
1161	5887
11137	51388
23291	26190
3123	7535
6222	6227
3444	3451
1659	9343
11190	26005
6143	6193
332	24137
55143	57405
6427	6434
990	8697
1398	9844
3799	55605
2197	6227
4519	4537
6132	6161
1349	10975
6124	6159
10112	24137
51081	51264
6233	54677
399	143872
6128	6173
996	23291
983	4288
25798	326624
9672	375790
6202	6204
1457	1857
930	974
81	1495
3725	4208
1499	5708
338	4036
7153	56992
11127	29127
2865	23620
919	3123
6556	23601
9782	10949
6173	6223
996	9320
26190	197131
29074	64928
10525	29927
983	7514
2197	6218
1731	23157
4724	4726
2932	5516
34	6256
6128	6159
6150	116541
988	5725
5566	57787
8189	23524
6709	6714
695	8976
3827	4295
1937	6201
51676	64750
1029	1030
302	2799
3833	146909
3921	6227
23511	50628
1783	81930
9738	54806
831	3688
885	2922
7321	23198
6159	6176
672	8314
6139	6201
6165	6224
3434	9636
6138	9045
7311	23291
867	50618
9716	10236
4538	25915
23397	55143
9611	23097
11250	83551
135228	266727
28981	79659
3157	4598
2185	375790
3688	10298
6222	6223
6133	6223
152	11255
5179	283869
4713	55967
5451	23248
54881	65083
6176	23521
219858	344892
9611	9967
3565	3567
23223	79711
6167	6189
3008	3009
4111	158511
2359	11251
6142	6189
8698	63940
5693	5695
6175	6235
1958	4665
4924	5589
332	5501
11100	11338
6122	6161
6125	6159
6829	54623
3054	6872
155	6343
3434	55008
161	5869
5469	9282
1981	6139
8661	728689
1291	1292
156	5021
5179	5733
1063	23279
988	64682
3185	3192
6135	6181
3109	3123
6222	6229
6139	6233
1778	2801
9655	55832
6434	8175
9585	24137
10713	23451
7874	56655
197	3481
7124	10673
6517	9968
4928	7514
23046	51014
6130	6141
10403	57405
4588	56667
23160	84128
6154	6168
6164	6189
1340	27089
4736	6129
6156	6218
6157	6232
3156	6307
1536	2204
966	3683
5501	23122
9371	11014
6908	10498
6189	8562
2274	284119
64318	79954
5048	5516
4172	4678
1337	1351
990	10051
4116	29107
8697	11059
6132	6173
6257	7068
112	1269
4050	51330
4798	79913
4694	29796
4707	4709
701	3832
6133	6175
10533	26091
7512	51299
10043	25798
1778	3831
9551	29796
8356	126961
640	7535
2923	6185
8314	23512
3074	6386
56949	91603
1763	10714
3689	7409
51023	51649
26190	140459
929	7097
10022	259293
4867	57545
6169	6173
55215	64858
5768	11167
4708	27089
6143	6233
4717	4728
51081	84545
7434	594857
3619	10112
6135	6137
2197	6175
988	9967
79682	387103
988	24137
5328	5329
6222	6235
1495	84962
8581	10232
917	5296
26235	90025
3434	5610
6164	6181
5501	25936
1268	50865
7324	79876
11015	23046
6139	7311
116	94235
4261	4939
1577	54576
1660	3192
6202	6230
4725	4726
8514	10857
10022	50835
3181	3190
6240	7298
27125	55840
6556	100049587
84648	353139
5725	10523
7082	55243
6233	257397
2817	375790
2782	10681
5347	54820
1994	27316
6626	220988
9276	51014
1994	7536
1154	23014
6202	9732
5528	5702
8638	10379
991	9787
9787	29127
4519	4535
4686	10594
4069	4332
5547	25798
2521	3181
5930	26249
7335	8453
6201	9887
643	5368
5878	8411
3055	5747
3192	5093
219968	285093
9350	56963
4736	9349
55008	151636
10394	56729
9867	197131
813	5954
9793	151648
1639	3797
1111	7486
1315	9570
3710	6804
1660	10713
6129	6136
3689	64386
8243	23332
890	4999
353137	353139
5518	6164
25897	55175
6133	6147
6135	6139
6152	7311
9793	26005
3482	10618
7021	83741
5880	257106
472	4361
4738	9978
3912	84141
2537	3430
4171	5424
10714	80010
3015	5438
5880	6453
6155	6223
1555	1559
3181	3185
345	4036
6869	347148
23526	51816
1902	8698
3698	51156
3174	6927
8683	10569
25885	64794
6169	6234
9700	55143
6223	55127
6009	60673
6804	6813
4540	4712
3853	196374
675	5429
8689	54474
1656	27161
2042	2044
6233	8295
996	65264
5660	55970
6142	6147
9738	54820
3109	3111
783	10369
5695	5700
5347	5905
10199	84128
6428	6432
4736	6143
6227	23049
6160	6171
6135	6232
6338	6340
983	7321
55755	57787
10199	11102
6709	126014
9984	10482
6133	6210
9739	23112
6128	6136
2957	5433
7311	57530
3691	3909
2635	6672
2865	84432
3912	5747
988	5394
28959	55365
5036	203068
1915	6228
7164	152503
126006	729230
1398	6714
5829	6709
5199	6709
6233	7158
2197	6167
10112	11127
9493	9787
1337	4697
6632	10465
2197	6201
6133	6154
972	3109
1058	79172
1902	2185
846	3357
5706	6790
2533	7408
712	714
9133	10733
10489	79654
6774	7525
174	6694
5862	8548
54577	54657
6233	51592
4736	6157
3190	3191
393	399
9738	163786
6461	9844
55755	146057
3689	8514
6637	27258
377	10540
6130	6147
8349	8365
6203	6234
567	3660
4543	5179
6161	7178
6155	6156
5950	7276
6164	6228
377	3799
1781	29127
336	3827
1894	6790
26190	54778
389	394
1855	81839
6157	6176
6129	6201
1452	6500
9716	10949
1665	11338
9738	347240
3185	5725
8347	8365
6194	6223
55168	219927
11064	27077
7039	10652
6129	6138
3561	3600
353132	353135
6176	6203
54996	64757
6152	6235
1457	10592
6136	6201
7272	24137
9341	23149
5868	57403
375	10959
11004	259266
6155	9349
8349	387103
151648	348995
8243	23279
5861	10342
9787	55165
23014	143279
6147	6223
22984	23223
23014	55884
26263	92912
259292	259293
2491	5529
4678	83879
6222	9045
8243	10592
3111	3113
84154	84549
6427	7307
259	3698
6135	6156
6144	6218
57154	64750
6152	6164
6208	7311
1933	6204
163	8027
6461	9564
6135	6194
5501	23332
6138	25873
53981	348995
891	5526
6128	6144
4691	10528
6455	7316
2064	54206
3183	6432
23304	90025
1398	3685
6133	6217
988	79595
699	55143
54998	118487
6128	6147
813	6790
3105	3134
6235	25873
991	9493
1956	7311
513	9377
6138	6205
7466	51280
10992	79869
800	3672
3909	6385
332	7272
988	3843
3619	9700
7852	10316
3903	6793
2197	6194
522	539
6139	6228
4436	51434
1645	1646
1991	10394
5430	11338
6231	25873
6158	6161
5869	10254
3188	10594
3678	5329
6426	7536
3109	3122
3619	5528
1783	22930
7311	8290
107	2775
1121	22930
6385	7057
6233	10818
983	129401
6455	9322
6152	6173
9294	64805
1642	8607
3655	375790
4624	4635
3913	3915
4539	4541
6709	56729
4295	5020
3122	55824
6154	6176
1107	23028
10092	10109
6727	140801
197	3698
55832	57542
4586	140453
2033	9739
79954	84916
7044	51097
6136	6204
5903	6633
2956	5422
3106	5696
10427	10484
1783	5903
23350	55749
6745	6747
5985	55215
7415	10576
6138	6188
2967	9015
7098	7311
1665	23350
6144	6154
6189	25873
2043	2050
2318	3688
6133	6205
6626	10236
6631	51639
26271	51053
3672	3688
5861	81562
10920	10980
3134	3659
2033	7515
11314	196527
6228	8662
163	9322
7456	10787
867	8301
5339	6189
6141	6142
6122	6185
5861	51715
3659	5696
1783	5861
1435	6696
2956	23028
672	84464
5422	84515
9820	56658
9416	23451
6133	6194
118487	128308
6136	6229
1781	57545
6430	220988
5432	8450
3002	5551
6830	9646
4702	27089
3915	4233
4940	10561
6122	6194
51510	51652
5898	5899
1933	6188
6165	6234
1894	29127
6157	6235
695	7409
2767	29933
6154	6218
680	4829
55066	57546
9918	54892
6428	7919
6370	165140
6138	6144
9320	57542
335	3827
10802	22872
1236	5443
8655	55839
23586	55601
6154	6158
2935	6157
3579	729230
335	2153
6130	9349
6144	25873
9652	23517
1062	5528
3185	3190
5426	55388
6185	7184
10133	81631
6605	9031
6142	6143
6139	6167
26249	150684
6155	6204
84676	140456
6790	9493
8945	26268
24137	81930
5599	6272
25909	57122
904	905
3326	7415
80184	91147
238	943
3799	10749
846	50835
11251	56670
10236	10432
5330	60675
7200	8477
8334	440689
643	10803
2938	2939
6181	6201
10489	25831
2932	23291
24137	259266
6427	6432
1969	3055
51096	84128
6168	140801
23322	57545
6168	6231
1058	5528
7454	10552
116372	257194
1822	1912
27043	57647
10193	197131
51645	57819
1088	138050
1500	4233
163	5878
5557	54962
7311	23118
1069	9657
3619	9793
6159	6201
6129	6165
9631	23279
51692	55749
9031	221830
6170	6207
4800	6667
5335	10920
87	7044
9700	9793
7317	51343
9702	22995
6129	6202
6233	8322
1665	55127
6193	9349
197	350
6233	80351
5725	10657
2935	6122
2131	2132
4738	6635
3921	6201
1347	84833
6208	6233
2932	5707
6201	6208
6207	23049
9553	64928
6165	6218
1778	10112
54821	55055
5700	5702
9343	51729
1994	3190
6385	10755
2864	9002
409	950
55746	57122
7020	284252
695	973
3437	55601
6160	6165
3178	4670
2033	10735
5879	6385
1337	29796
5528	55143
6146	6230
2535	8324
3796	57082
2521	27316
10574	84617
3903	5023
3066	6045
1969	9564
2222	4597
1173	5962
6152	6181
5747	9844
6235	11224
55720	57647
1915	6122
208	57148
10112	83461
1536	338339
6156	6209
2358	53829
336	462
10269	23463
6232	7178
9341	22905
3913	11167
1292	3685
3921	6143
3915	5954
1173	29924
6136	6164
84617	84790
1642	5983
6165	23049
5516	5718
1555	1576
6249	81930
4717	84833
10733	146057
890	151648
6129	6159
3984	54434
7184	84141
472	64421
7478	7484
9675	57521
7006	29760
1062	1063
6168	23049
3921	6207
701	23279
3113	7535
1933	6189
6167	6209
3619	8243
10022	50838
3832	4288
624	6755
55720	83743
1829	64065
5710	51686
2847	594857
2207	11314
9055	10112
996	6233
595	4602
974	29760
5725	9128
10458	100423062
1237	27199
2956	23186
6233	26523
5501	57551
3105	3660
4694	7388
1783	6232
4008	154881
3309	10049
11064	23354
80328	116372
671	56729
891	3838
3913	5829
6161	6235
302	383
6135	6160
4538	4539
262	4143
6167	6218
1665	84172
22897	79598
1669	3240
163	51429
3685	3915
5720	5721
6129	6208
4695	9551
5108	22832
3357	5737
3192	6434
226	5230
4102	158511
3109	3115
1287	8974
6203	6229
9371	11127
4695	4700
6125	6203
5566	23332
3609	5725
1058	55355
6154	6208
8329	8337
6517	84246
1063	9833
5594	6667
4886	5733
1969	2050
6223	25873
5493	6707
1062	23095
813	10130
57082	348995
5685	5688
3434	3437
2623	3674
5519	51400
389	64333
5093	27238
6147	6224
4008	22954
65055	219438
3796	151648
8976	55971
10749	11127
6168	6181
6189	6202
6168	6170
9320	26091
8688	54474
6667	23248
3301	3303
6241	55143
968	5878
3875	3880
5777	5806
4237	4239
177	351
3837	7175
9371	51014
1232	4986
6139	6209
9246	11275
6124	6193
9700	113130
5693	10213
857	858
6209	6218
6128	6169
6500	55884
5878	10552
9076	24146
6230	27340
5695	11047
6227	6230
699	259266
64926	153090
783	27091
9787	24137
6155	9045
1350	440567
1329	1351
57405	151648
2695	5741
5718	11059
1277	4313
1308	3918
27248	79139
1857	27130
7840	55755
6129	6167
8688	121391
6130	6170
1933	7178
3880	144501
388	89846
6700	26239
50848	57530
6169	6207
55003	55299
2197	6128
5460	55211
6142	6160
6160	6232
1981	6234
6129	6168
5977	6601
6133	6155
7409	10787
389	9322
84870	343637
1812	10268
5725	10492
2150	5021
2058	2617
23309	64426
6426	7919
890	983
6241	64151
3886	54474
6206	9045
7272	10403
3048	4778
824	7525
6141	6222
695	3635
3683	8514
1956	5796
4697	55967
8453	56995
6136	6194
3115	7535
1387	9757
4171	4998
6137	6139
6319	6720
51143	151648
10376	203068
4172	4175
3767	6833
161	26130
6229	7311
488	4853
6434	220988
1994	10949
643	50865
7454	9322
1793	5747
7153	23397
3689	3693
5700	10213
57405	113130
5747	7454
9114	127124
6124	23521
5861	10749
3921	6138
6155	6175
54578	54658
891	7316
2535	55970
641	5426
7018	9829
472	84142
2792	26339
9188	25885
5438	85437
6169	6170
6132	6227
4736	7311
1783	29127
5054	5329
1241	29933
22856	55454
57381	57514
2268	5829
5516	5714
6747	60559
6130	6139
1116	56729
4998	5422
5529	7514
4069	5199
7311	121504
489	4853
6635	23524
399	5879
4049	115650
6850	10787
5516	5707
1933	6124
23291	51122
1435	401138
816	4137
3687	53831
341276	344892
1453	126003
6158	6208
8243	23047
5436	85437
8313	10297
156	351
6129	6230
6206	6233
7525	9564
144699	154881
1241	55970
3054	81887
117	594857
1063	259266
4436	7520
6142	6168
933	973
7525	10298
6169	6176
4993	344892
1783	51014
4713	126328
5905	23225
6230	7311
23279	23332
1981	6189
10316	55970
6167	6175
3915	10970
7314	10920
2597	7167
51593	64859
6159	6229
945	5023
830	5870
6147	6160
5868	7879
7311	23049
1133	7200
4709	4725
6167	6176
5930	140460
54552	55720
3882	8689
4736	6136
3675	4233
6201	140801
3921	9349
9044	55814
5717	6790
51258	64951
6208	6222
7337	23291
4690	9448
4298	6830
2147	2243
1511	5657
84464	201254
9349	9887
6230	6232
871	1291
6167	10952
8085	26523
1453	6204
6142	11224
10458	10552
23279	113130
5692	51686
3856	3866
91543	129607
160	6233
10921	51692
11245	55970
1033	9787
5433	55660
6207	6208
55252	221937
4734	26091
351	1234
8356	8365
9367	201475
8544	10787
3689	79895
3192	6625
2788	5368
6230	6234
6135	6154
2099	5241
22981	57545
1459	9918
146	84109
6205	6229
7272	9700
3797	79659
3350	4988
6137	6222
54874	115548
377	9371
54625	151636
26118	51088
2204	2207
4148	10272
7536	84950
3690	3791
1816	104909134
5430	55215
6128	6138
6142	6227
1453	8636
10412	23517
4172	5422
6147	6156
2965	6749
6171	6231
10733	163786
53339	140460
1281	1290
158506	285231
26476	344892
7337	84085
6194	6235
6209	9887
2033	9031
6135	6193
118430	727897
7272	259266
5048	5529
378	51014
10749	11015
23291	79176
1911	57504
4694	4726
7311	10252
3619	113130
9927	55669
3320	10383
6430	7919
9927	10059
398	5880
6233	26190
5023	5795
5594	10971
1937	6125
3619	348995
6672	10475
3685	3695
6133	6224
641	5427
2242	3561
4689	7409
1387	4205
4666	6137
25957	51747
6205	6228
6170	140801
5725	220988
8729	10121
6122	9045
6232	6249
778	779
1933	6141
6167	6227
6128	6231
55832	154881
5781	259230
26173	79034
5862	10890
3646	6156
6135	6136
25937	51421
3014	54069
1946	5294
51079	54539
6147	25873
6193	7311
389	399
6233	7178
9700	10274
6181	6233
317	835
4535	4537
8916	9039
4033	5660
4174	81620
4709	51079
6168	6232
6160	6168
3187	55696
6556	338339
112	1880
88	2890
4175	4998
109	59340
3635	5579
950	5286
5493	11187
8826	55109
6128	6157
55249	55870
5433	9879
3777	51305
1366	4072
3594	7297
1969	6714
83597	162998
6138	7311
4771	122786
6122	6139
2491	9793
2033	26523
4582	10164
4793	5714
2358	338339
60	5879
8243	10735
7178	7311
3190	10921
6128	6133
7316	8864
966	11314
3688	3915
51676	65264
5422	5426
2475	57521
1069	27077
332	9787
8914	9126
9493	54443
2535	4919
3688	7052
1303	55214
248	152330
6232	54820
905	2967
6122	6168
1537	54539
6144	6204
4715	4718
11190	55142
4035	6385
23283	55749
3030	3032
699	10592
58505	200185
5048	11190
10403	220134
6135	6143
9700	23244
23063	23244
7706	51426
9410	22826
55142	115106
336	2266
9354	83737
351	54972
1908	1910
5036	10576
846	259293
2491	5519
6201	6209
1859	5928
6132	6156
1327	1329
55970	126006
1453	6218
5829	9459
4361	10714
672	7516
3127	7535
79867	91147
5528	9793
6241	9700
3799	24137
1387	5469
6133	6202
6950	10574
3054	3607
341152	344892
10523	57794
5700	5706
2064	2886
55749	79869
50616	116379
1314	8615
6625	23524
1763	348654
3437	4940
896	6776
90293	221687
9793	121441
22794	81608
121504	333932
6188	6227
6091	7852
3912	5578
10466	10540
11004	55143
5933	7027
6203	6230
5430	6602
10857	196527
8648	23097
63891	390594
6224	6228
9672	64131
5094	10285
338	51156
7316	64326
4116	6168
2237	23649
1662	9136
6696	84141
83597	127066
3912	11167
5707	6386
9757	26523
10206	283518
6136	6232
6132	6224
6125	6222
6206	6228
8351	653604
8816	51122
6233	23014
7994	9219
25897	27252
6233	143279
6235	6727
27334	55970
9793	84131
2997	6233
51649	64928
1291	5033
699	1062
6136	140801
5890	5985
9879	23517
5443	53831
9742	23059
57545	80184
6165	55176
6133	6181
3183	220988
4205	6925
3688	3693
1000	56975
1063	3832
26519	26521
10316	50832
8065	84259
2683	5660
51023	90480
6132	140801
1453	6224
6201	9045
1994	11338
1325	10563
5747	9475
9551	84833
4593	57144
570	23600
3071	6461
7409	23533
6161	6207
6137	6141
1956	2274
1906	1956
26005	26123
3106	6890
6146	6224
4707	55967
1781	5861
890	64151
6202	6207
890	11065
28973	51069
3055	9564
7153	57122
23291	56929
55125	347240
10376	10693
701	51203
3106	3107
3429	8638
641	2178
23112	192669
2079	6428
3213	3215
4708	51650
643834	643847
26267	63893
7005	10413
8351	121504
6137	79707
1121	81846
988	55631
1660	9128
3672	9564
11004	51512
1660	1994
988	5983
6698	353135
9037	23275
5711	8453
6161	6232
7337	54778
1665	3192
6158	6168
4049	7124
6181	6189
23325	387680
5929	23067
6155	23049
6130	6152
1161	51426
6194	53918
930	973
1398	5599
1634	4060
3376	4677
4174	5424
4173	55388
4738	9616
5520	6132
6633	6635
580	10714
6870	51764
5929	8085
6168	6233
2784	4985
3183	10236
11102	134430
7184	51726
65083	79954
2266	3698
6143	6155
4736	6201
6206	140801
4514	4538
8412	9564
6170	6188
10489	22888
846	4829
10540	27175
6142	6171
5829	10787
1783	9371
6194	6217
6130	6169
6161	6205
932	326624
983	11130
2792	7434
219954	285093
4173	7298
974	118788
6827	51755
5434	8349
8514	64386
11021	23011
6146	6176
5977	8289
2131	6385
4736	6130
991	5708
5879	257106
1595	3156
4317	6947
8976	55243
1453	80097
10802	51128
6129	6139
6129	6218
813	3912
6164	6176
4809	5435
3054	8314
344892	387748
7311	151636
617	10469
90025	91694
10890	51552
51023	54998
6143	6175
6418	7514
51122	56995
5725	9343
6147	6193
5868	10096
5701	51330
79172	151648
3915	5829
2073	8451
6218	9349
11073	84126
3619	54821
6155	25873
6230	7178
6202	6224
324	1857
6430	6432
11100	23524
10051	64151
9730	63891
6556	79895
301	2864
10592	23310
197	51156
6209	27340
963	3683
64219	65264
4952	9562
23521	51386
84902	91147
6125	6142
5431	5433
6133	6235
2767	7204
6139	6224
6923	140458
6059	55720
8515	22801
2968	9656
6152	6209
6158	6206
1291	5351
10395	23371
6443	8910
1942	2268
3015	8290
2675	220164
6176	6227
6455	23149
4176	5982
604	933
23404	54881
6188	6235
7311	126433
10970	54972
65264	115290
6164	6208
6224	6229
4050	7124
3191	5725
2912	4543
10460	64151
226	7167
4889	6751
6635	83443
5286	9685
6138	6181
111	1812
695	971
11116	79959
6203	9045
6234	140801
4541	374291
6128	6189
7175	23511
4343	6714
3880	4072
3633	29984
6626	10523
3092	9146
301	27334
6157	6189
6147	6191
7412	388646
813	11098
6204	6208
27198	338442
57154	89910
1991	4125
1314	10959
4670	9128
5290	6667
6139	6203
1048	171169
2209	10152
1329	4701
9978	285231
28977	54516
1906	6375
4710	4728
7153	55746
6159	6202
389	117289
6228	27340
133	2790
79895	199675
2107	2935
6157	6204
9700	64682
10890	11021
389	1894
11157	51690
3619	29127
9887	11224
7472	7482
6129	6209
680	2798
2920	55970
1292	5351
6453	8322
6206	6223
7311	143279
6170	6209
6128	6204
6206	6232
4867	80321
148	886
990	5985
1783	25839
6168	51187
10112	51014
1994	6418
9700	57082
2200	401138
1639	9493
2521	4670
6229	6235
332	29127
5879	50807
1933	6133
1642	56852
2197	9790
3157	6307
23160	79954
23412	51725
6124	6202
10618	23431
5426	23594
6233	126961
6164	6222
23122	57551
146	886
9320	84231
10660	390598
9183	22919
3433	10964
23304	53339
3675	7057
60	10095
4540	4707
65003	219927
11190	54820
2197	8662
4173	7153
9133	113130
5426	5427
23042	23420
5707	10213
6175	6193
945	100049587
6143	6202
7704	142689
2826	84539
2207	3937
6125	6143
27042	55127
1511	4353
23595	51053
636	5048
1277	4060
6203	6232
3184	9343
6222	27340
6129	6164
10952	90701
6138	6233
6207	27340
680	3358
6230	9045
8581	154064
1129	4889
6125	6206
6169	6202
5796	6233
9045	9349
57187	65109
10153	51602
7311	84133
6059	8886
8568	22984
391	8503
5868	11021
6173	6181
6385	375790
1756	284217
22995	347240
966	2207
5439	8896
2209	2268
6175	6210
23279	51692
5725	10432
5351	8985
6160	6227
5217	55740
6122	6181
6152	6154
6159	6188
25873	140801
6137	6155
23011	57403
6207	25873
4069	6037
6636	6637
6164	6207
6206	6234
2197	6224
3619	11004
920	9026
5439	5451
4718	4728
336	338
1871	192669
671	1669
9276	22820
26268	56658
1386	6605
6155	6181
6176	6181
1500	3801
999	1500
6464	6850
29945	64682
680	64106
6173	25873
5441	84844
3491	10272
9662	79441
5266	6707
5439	6119
3832	10615
6429	9410
8600	50964
5701	11047
5707	10383
6135	6189
5981	57599
3882	54474
6210	6223
3688	4233
57794	220988
514	27089
6155	6176
7862	9219
1062	10274
22938	220988
6156	6207
4508	4537
2623	6886
5699	64344
8816	79269
8074	29106
26146	92104
9727	23265
8317	84515
6137	6167
1573	8529
8074	8404
10594	11100
3897	3912
5879	9181
6637	84844
5715	11047
5903	25909
3312	9128
3183	6430
1956	8976
4992	344892
7514	23332
6206	6224
1329	4712
1650	6836
2358	3579
116	5746
6233	7098
6193	6231
5529	5711
3619	10592
5879	7454
1981	6167
2788	10575
4332	6037
1783	5529
1121	5869
7321	79176
8453	55884
23095	64837
6138	9349
353132	353133
23	988
10403	151648
9126	11130
3185	3191
6850	64170
11190	203068
9564	10458
9493	22974
6135	6228
54998	55052
3903	7226
9742	55112
3191	9716
2186	9739
3710	8826
6631	6637
4725	27089
9820	90293
6169	6171
3178	10181
6205	6233
945	3163
332	1058
23291	55236
3837	23511
3836	3838
1487	5928
4538	4541
2867	23620
5469	80205
6194	6208
6146	6218
6218	9887
1337	1347
130340	152503
6556	160364
5869	25977
9126	9793
1500	55740
3921	6189
891	5861
988	51692
2197	6234
25873	55176
9790	27340
9557	57804
5707	8453
3833	56992
1314	9276
1111	8317
695	2207
1133	2796
1859	132660
54069	79682
1660	23283
891	1783
10236	10921
4513	4538
26005	80184
6122	6157
64386	84329
7311	83987
2155	2159
3240	10394
10403	10592
963	10970
5693	5705
6165	6204
6143	6205
1894	9833
3685	80781
399	57449
5699	5711
5516	5708
7846	203068
3667	5293
3660	5696
9700	348995
3184	5725
1069	10426
1398	10787
6202	6205
9700	23122
27327	80012
10403	55143
5788	7852
10640	23265
1794	3055
6170	6175
6636	84844
2185	3561
6135	6201
2358	23601
26091	64750
7124	51330
657	659
1062	57551
3394	3430
6434	27339
4067	4254
4436	254394
595	4609
1292	7373
6137	7178
1665	3191
6203	6207
1499	283149
5519	6801
6129	9045
6201	6204
1269	53829
6227	6727
7453	8565
1856	27130
174	2266
1062	1315
9978	158506
6154	6230
6159	6205
383	4353
5422	5985
7409	653361
6133	6230
7311	25831
8976	10552
6175	6218
1665	10885
9833	259266
857	3688
5311	9727
5339	6133
2107	6176
6136	11224
7337	23309
6138	6156
3903	10857
701	56992
8337	8970
6137	6164
6279	6283
5438	9978
4540	4709
3915	59277
1981	6208
1080	2147
3071	9564
7316	9341
90293	285231
6176	6727
6667	57508
813	1462
3113	3119
6129	6169
9320	10075
2268	6714
4738	5688
1022	4005
1108	2033
8514	22918
81696	344892
383	56729
8243	79172
6173	9349
1062	24137
55326	137964
4173	5426
3718	6776
3886	8687
5819	201633
6240	10051
1781	10466
6159	6224
6132	6171
2621	10272
2864	7200
2801	5861
6168	9887
1559	2327
4948	7299
891	10112
251	137797
11103	84916
7919	27316
6130	6161
6138	6161
54908	55055
10425	79876
3113	4261
675	55215
5702	5706
8334	8337
27316	65109
640	3932
11128	55703
389	9938
51343	142689
6136	6156
26268	84085
114	259285
5111	7298
887	3827
389	30851
2197	6159
1794	5880
1839	5782
1946	1969
6132	6160
92104	150737
6218	55127
54908	151246
23291	57154
4174	4998
1605	29954
23291	54165
5657	6036
127247	148581
506	8802
332	7514
3190	57794
4736	9045
719	63940
905	25896
607	8945
3355	5733
6428	6632
1639	10540
2151	3356
6233	8334
3183	6426
5822	7109
671	1991
6790	55165
5516	5711
6137	6154
383	3240
6208	6229
6206	25873
6193	6227
3054	25942
3434	10561
51203	56992
9716	10713
2975	9329
6209	55127
1908	6863
4707	27089
6233	151636
5879	5898
3055	5788
6231	9887
2932	5529
6160	7178
10930	29974
4620	8735
1347	4695
6133	6209
8453	9870
10403	79682
799	10268
6599	57492
10890	10971
6139	6165
3619	81930
4700	4725
3191	4670
6156	6164
6432	7919
9020	10000
1452	5714
7307	7919
4983	5880
11004	54820
6207	6228
10635	146956
6132	11224
6204	23049
6167	6235
3579	57413
1537	4715
5111	10714
23279	81930
6157	7311
5000	5558
54716	153201
2064	5747
8175	57794
5610	6774
1213	6233
54617	57634
1981	6230
1291	8974
156	55970
6209	25873
6159	10399
6613	79902
6206	9349
5896	5897
1908	2865
6133	6234
6136	9045
2864	8477
330	637
6173	6209
2064	6714
3192	10523
1915	6206
9462	64926
10250	10291
1232	8843
8334	8347
9183	79980
4736	6203
6143	6232
25926	84128
6171	25873
1669	1991
187	5196
3685	7525
6157	6202
1282	1292
10014	57459
891	1058
2197	6189
332	64151
6147	6201
10426	55755
3133	5696
2048	8976
6228	10399
6128	6143
26249	140460
1277	3685
26494	344892
3687	22918
50838	259292
3833	9793
9604	23291
3685	5023
6125	6133
4839	55720
3115	3122
5451	25896
59350	94235
6147	6158
338	345
10949	84991
9972	9984
1233	5196
3663	23321
6136	6202
10921	23524
1398	1793
5933	132660
9128	10594
8667	26986
26232	55527
6138	11224
6747	84061
375	1314
4736	6167
1062	64151
2912	5173
1462	6696
6189	9732
6208	6227
7005	25937
3837	5903
5518	6228
1453	3921
6130	9045
6868	7311
226	6678
6138	6232
6173	6228
89890	90025
1902	55970
3107	6890
2033	9967
8467	79595
10096	10097
6701	6704
514	4713
23011	51715
4171	5984
57082	113130
3066	9014
5627	10461
388	9938
1660	4670
10285	10914
846	10022
1017	84515
8807	8809
988	9126
4172	7298
10857	64386
2519	51816
640	1969
6234	8666
2521	5725
4736	6142
3191	55749
6616	8673
9870	65264
9277	51010
2918	6752
3303	10963
1434	7514
999	9839
1080	4036
6175	6232
3673	3912
1435	3371
1991	3240
399	94134
705	84549
10274	79172
846	2798
1302	169044
5928	57690
5746	94235
10232	154064
6155	9887
6426	79869
4116	6636
6156	6173
186	3350
55339	80335
2840	259294
6169	6194
5660	6376
6144	6230
54778	197131
6146	6167
5528	9700
7043	10916
3921	6144
3913	11098
1515	3122
11130	79902
55839	79023
10540	51014
6132	6168
6161	6209
919	7535
5336	7535
5870	57511
3911	9459
6144	11224
10890	51715
6165	6176
6202	6203
3178	8175
399	10144
9883	11218
6139	6155
6139	6157
6125	9349
811	3309
5887	8450
5529	81930
79895	160364
6850	23533
5695	51330
6159	6168
9801	64965
6144	51187
4697	27089
10813	10885
9320	197131
4735	10540
3978	4171
6135	7311
3685	84329
3685	326624
6133	6146
10403	23397
9277	80135
514	4694
8322	54874
203068	440145
6128	6208
79090	149111
5516	5526
5829	7852
79132	91543
3191	10523
1605	3688
6272	79158
5529	79172
57154	65264
4509	4538
6175	6189
6170	6233
6202	6227
1329	27089
9978	81559
1386	6602
3655	3675
2197	6235
6124	6161
3313	9093
966	10970
6142	6157
6625	10523
2359	56670
1329	29796
932	2358
5149	54714
9527	84516
4694	4724
6117	55388
3703	6185
701	10733
9276	22872
3921	6130
22954	57630
675	27030
23511	55746
9219	23186
5507	6233
8449	79869
5880	7454
9879	58517
6125	6167
23601	57153
3949	5869
6218	7178
3202	3204
4085	79682
400	90196
11218	55746
4867	80184
2197	4116
1476	10394
10254	51652
6146	6194
5501	25909
6169	6232
8347	126961
7272	10733
695	3725
344892	390084
521	9551
57403	81876
6160	6222
1387	10499
3915	10298
7341	129401
6624	51411
659	9765
9002	27334
4904	10465
1277	7373
9904	79050
1347	27089
6132	6201
55970	63940
5062	7402
1576	2327
6205	51386
6138	6224
6208	6224
1453	6202
6194	6205
55920	79023
5861	5878
6161	6193
1236	2793
5347	9918
6155	6218
6193	6230
47	1431
1537	6390
2048	5998
27340	57647
9372	25930
6158	6218
6155	11224
966	9276
6168	6228
10332	30835
6154	6194
2197	55127
891	4751
1911	6045
9341	54874
348	5360
10949	220988
6202	7178
55872	157313
3866	3880
6154	6170
57630	83737
6698	147409
65055	128366
344	9672
6164	6232
23309	79595
246184	285231
6233	57674
6161	6176
4535	4538
988	10236
6234	25873
2769	5335
9282	9968
26046	53339
5739	94235
9320	26190
6602	55193
963	326624
1008	1013
7311	154214
5469	9968
6223	7311
23517	134430
6202	6234
51429	54885
6124	55629
332	1063
6122	6141
10324	201456
10189	29107
2243	51156
351	2817
3921	6159
5747	11099
5903	23332
6181	6203
2832	3827
10112	11113
156	2121
399	57522
23376	84085
2814	2815
11169	84296
9883	55746
999	1001
2932	5526
10963	22948
6204	6229
6194	6224
1456	7534
11339	55143
1398	1794
6154	6169
11065	83461
6850	9564
1793	5829
3397	7057
7398	10714
5515	10776
6169	6235
1103	6572
5516	10213
90	4088
3017	8349
685	2069
6136	6147
1314	10802
9039	136371
51728	79622
6193	6203
521	10632
988	9611
23047	55143
4736	6173
6160	6173
10952	25873
5199	126014
23279	53981
9886	221472
6036	8635
7337	9867
10112	23095
8945	143279
5336	5578
1660	51593
201475	326624
6235	7178
813	10618
6147	6233
8453	65264
2286	5479
5286	8976
891	1062
5435	11325
6453	8976
5071	23352
287	6326
4297	51230
2033	23067
6158	6181
5111	23649
6181	6205
3912	51280
6165	6168
6181	6232
1120	1375
6136	6208
6152	6161
7311	23600
10749	23046
10621	11128
521	4726
383	671
566	5657
6147	6209
4867	9657
6142	6175
1781	9493
1508	1514
2359	5196
6208	6209
3437	23586
1511	8635
904	5451
6167	9887
322	333
2204	23601
6143	6228
5777	6850
6161	6169
10403	55355
1983	23521
5170	7249
8590	285093
117	2695
5880	8324
4736	6168
7272	10592
1950	2277
25942	57649
5336	118788
1455	89780
22984	64318
6142	7311
3685	375790
5435	6633
3921	6147
966	100049587
26338	65055
6136	6168
389	6242
6548	11261
6168	6235
3915	5621
5411	51747
1329	7381
2266	3827
2059	10458
988	60682
10615	56992
6748	10952
6152	6222
1994	4670
6156	6208
3978	5424
988	8243
1983	6176
4952	5286
3884	3885
7321	84962
9277	65083
1793	9844
4085	55166
8243	9126
57479	58506
1105	23168
3123	5641
56949	57794
7311	55670
6632	57819
6124	6138
6164	6217
6218	6224
6158	6233
3796	10274
116541	219927
988	1994
1937	6229
7756	64149
7479	7484
8329	653604
9002	57121
4233	8976
9133	55355
378	5861
377	1783
9833	29127
6138	6218
6173	6175
1956	5782
1062	23332
6169	6181
23160	55127
4670	6421
257313	387129
6201	6233
6202	6232
6155	6232
7184	10130
857	284119
1062	9493
5528	8243
6137	6170
23332	146057
6137	6208
6218	6230
1058	55839
3178	220988
399	9459
1933	6218
6170	6181
3351	346562
6613	7421
6167	6203
5528	113130
197	2266
113130	151648
1783	79659
26146	79659
6143	6189
6430	6434
4695	51079
4584	4588
5266	5493
1350	4726
1938	1975
1910	3827
1088	338339
378	10282
10413	60485
963	966
57332	84733
3320	84962
899	51343
54663	84365
6160	9887
54821	81930
10121	10844
5433	6426
857	1950
3856	3880
6125	6228
5579	9564
4947	5708
5529	6249
7514	9972
6175	6209
6176	6234
1435	8542
966	199675
8322	9341
963	84329
23332	25936
26091	65264
3683	5023
3091	4088
6164	6194
11190	22919
6164	6201
4689	653361
6206	6230
671	3240
3685	10857
3178	3184
3119	3123
1453	6229
488	489
6175	9045
9246	54778
940	3695
3921	6233
9138	29984
3214	3217
1933	6154
6135	6176
672	348654
6707	147409
6168	6208
6626	8175
9820	115290
6168	6169
6168	6176
1500	84962
121391	286887
6160	6202
624	339403
5928	8085
8175	10523
6160	9349
727	51289
9133	9493
7516	348654
3184	10921
9793	11004
915	29126
6233	8445
5501	9126
3185	10949
3071	10458
139322	374354
6158	6234
3619	23511
8453	22954
399	7409
3512	57050
5023	84329
3921	6222
6228	9045
3191	10713
6154	25873
29984	171177
3921	6139
2521	3184
344892	390059
891	6790
5526	6249
64426	79595
6184	29927
2159	2243
1633	2987
10787	100423062
3673	3675
163	24137
1991	6037
1327	1337
462	2147
4641	9371
54657	54658
705	8602
5684	5695
3662	4261
3635	5294
7328	9690
3190	79869
6155	6161
25831	65264
26589	29093
8192	9361
1029	5925
1048	80740
6144	6234
3113	10346
4057	56729
186	84539
890	5933
84085	154881
988	29127
10274	23279
5361	8829
6146	6159
1981	6160
29093	51258
4173	23397
9126	23063
6189	51187
23562	53842
1445	9564
5708	7415
64837	81930
2846	4923
26249	142686
2648	5469
1981	6210
28973	55173
3105	3107
1650	7841
5426	9126
11091	54881
3113	3123
3882	286887
5970	23291
10236	10492
3191	10949
29974	403314
6134	6228
26005	79867
6137	6161
5426	8914
5899	7852
3178	27316
9724	27042
4508	4538
6667	6670
3184	27316
1994	3192
833	3376
65083	84172
3433	91543
6161	6222
10285	23451
6161	6194
3619	25909
6755	339403
64151	157570
57153	160364
8775	10618
10489	51343
4035	5159
5430	10250
55143	348995
5119	9798
6045	171023
6161	6230
8969	121504
8477	55970
1783	6249
6141	6176
81	55243
1302	1306
6621	79035
3909	375790
545	6233
6122	6159
566	4332
813	10970
3185	27316
2935	6176
1783	24137
6135	23049
6170	6208
22930	84516
6122	10399
3394	6688
127385	344892
6161	7311
10552	22905
6155	6201
10499	23389
399	257106
6217	6232
831	5747
699	83540
2317	54751
29088	51264
10383	84962
9133	83461
3837	10575
9700	10403
6169	6208
6631	51645
9551	27089
2033	8648
4069	5657
4927	50628
9493	10540
6136	6233
22974	121441
3887	3892
7336	7341
6210	22984
55872	83540
6139	6164
9716	23350
6747	23471
6678	7057
991	4734
6158	6176
4862	5054
6133	6143
506	3313
899	56995
3827	5020
1241	7204
846	51289
3192	51729
6678	7424
28981	150737
6249	10540
2801	10972
6235	27042
324	5529
705	56919
2799	5476
4174	5111
57662	144100
6643	58533
27292	84135
4542	4646
4709	4712
2683	84061
6167	6201
9655	26190
4713	51079
5868	22848
6124	6125
55339	79869
966	64386
9156	84126
7316	22954
6142	6202
388	10144
1084	138050
1937	6133
197	5005
6637	51503
6135	6144
1859	10238
25827	115290
1398	85440
10254	22848
6133	6158
10969	29997
3921	6136
9320	51132
6500	8697
6156	8667
5335	6850
9329	84265
399	4983
10489	54778
335	2266
7272	10615
8871	51429
1793	8976
3685	3897
8243	23244
389	85360
6158	6159
4540	25915
2792	138883
3685	6385
10613	11160
6130	6209
4116	6233
6908	8812
6599	6605
25929	55706
963	22918
4261	10346
3190	10523
2817	4035
29127	51143
2064	9475
6141	6158
5439	84844
10201	87178
7311	55914
345	350
4985	6752
3304	3320
10575	22948
26268	56995
5433	55197
8322	8324
6176	6209
1902	7852
1509	124583
2071	2967
3937	55740
3619	3796
64979	219927
1453	6233
5116	22995
26589	28998
6142	25873
945	6556
6232	6235
5116	55125
3855	3866
9793	84902
9776	55626
2847	2918
4088	5784
389	57449
7153	51203
6122	6133
3240	5005
6498	64750
6426	6428
6164	6165
7531	10383
10155	10780
1668	728358
7454	7456
2023	7167
6210	9349
51206	80739
6208	9349
8976	51429
5119	27183
5318	11187
9892	10109
6237	10125
29945	63891
6204	6223
6133	6233
3921	6133
2197	6135
64981	116541
9295	9410
9928	259266
5293	23533
1307	8985
1457	9918
160	1213
2268	9564
11325	83443
1453	6201
3937	5788
5747	7204
4736	6189
51639	84844
3183	6428
1462	3912
6205	6223
6144	6175
1365	100506658
6201	6206
9870	26091
6132	23049
7133	8740
6208	6235
3549	6469
8969	85236
28972	90701
6137	6168
4853	6233
6137	25873
11004	81930
2767	55970
2621	83706
6189	9045
8895	10970
6130	6202
521	1350
3122	5641
5591	9656
10523	11100
4313	4323
5199	56729
6147	6189
6698	6707
6601	6602
6122	6191
6427	6428
3017	8337
595	6776
2865	6863
5878	11252
23160	56919
23279	55746
411	153642
1385	64784
8351	8970
10274	151648
399	80728
11014	50807
3178	3185
4584	26290
1478	9128
2207	160364
10907	57819
1933	6147
972	3115
3181	10594
25885	55703
566	6037
387	7046
3619	57082
8453	84085
8648	10498
5879	10458
2623	2811
7096	10333
6204	6234
187	5473
55275	55610
6203	6222
1088	170482
966	326624
54951	64410
1063	4288
4172	4173
3221	3222
3799	9493
4695	29796
1291	5352
29763	51429
5687	9134
6233	6235
5701	7316
1915	6124
6188	6189
1306	50509
9320	151636
3304	9531
163	6453
5422	5983
1991	8635
6161	6175
10274	81930
2920	2921
25942	55904
3915	51280
890	4288
285093	390191
399	117289
79023	129401
890	1058
10592	22974
7316	11001
4734	64750
4736	11224
6426	100526737
3156	3157
4853	9253
226	2539
6923	9978
1062	3799
57787	261734
6158	6175
4736	6164
2239	10082
2197	6229
10121	26005
6202	53918
5878	9341
6144	6167
2962	4298
5707	126374
4724	4725
6157	6209
6128	6146
5528	51143
6157	6173
7783	11085
23332	57551
22954	23291
7919	10949
84549	84946
1500	7525
6405	23654
1660	10236
4088	23327
6139	6173
1994	55339
8341	8969
5741	594857
351	29933
3491	54972
2935	6202
2896	10493
3855	3872
6750	50837
5432	84962
6430	7536
472	5429
4707	29796
6137	6201
6135	6210
6202	51187
332	1062
7327	8925
2841	63940
1063	25909
9877	100381270
6124	6222
1295	55214
4116	84844
6175	6202
8775	388552
9972	23511
6146	6234
5435	5451
6233	51132
2197	6156
6128	6188
350	462
2185	3688
1387	2033
991	5707
7536	10523
6233	7189
2863	55970
259197	100528032
1727	5707
6194	6232
8563	23225
2730	2937
6228	23521
10121	57545
147	5021
1435	84141
3191	3609
10236	11100
4700	4712
705	9277
5688	7979
84128	84946
1536	51382
26123	79867
6170	6189
6137	6218
6205	9045
6137	6235
1121	79090
3178	7919
156	1902
6157	25873
6229	9045
5469	10498
1781	5516
1111	54962
6164	6230
2197	6160
6128	6222
2837	84539
226	5768
2491	6232
6147	6230
6135	6155
186	4988
8349	126961
5970	57506
5879	9475
1524	126006
7450	54756
11167	84141
377	11015
800	10398
6206	23049
6147	7178
9416	51692
1063	24137
6133	9045
3437	4938
9632	10483
8329	8341
1387	9967
1499	5795
9793	23279
3838	22974
2207	3903
2633	4940
6184	100526842
55055	151246
472	5884
3561	6776
10749	29127
3122	3932
1559	1576
4171	81620
728	50835
6130	6218
6237	10507
7536	8175
10484	56681
10155	284309
983	5983
4332	6036
1536	23601
6157	6228
22995	146057
2975	11128
1956	4837
3482	22848
5347	22974
1291	8985
9585	29127
1062	81930
6136	6176
3200	5438
6194	9349
1453	6223
2551	3054
3853	3868
6175	6205
6232	81930
6160	6203
5516	51400
6625	51639
996	115290
3181	51593
4599	4939
155	796
627	5599
6223	23049
9126	9700
3017	8365
974	5336
9824	10112
185	186
6632	10907
8356	440689
4254	7409
2801	10802
9793	10733
5683	139285
258	5179
25	5159
6632	6636
23112	84441
23322	79867
5590	23286
4775	5534
1460	23397
9739	9757
3855	3880
4736	6137
335	5948
4535	4539
11218	23511
9793	55746
8976	54874
8729	9276
4312	4314
722	725
6426	220988
6625	11338
23122	23279
6165	6170
26043	54165
3675	3914
150684	150726
6159	6208
6122	6124
6157	6165
1933	9349
6222	6231
6194	6230
6157	6201
3675	7045
2243	2266
116	59350
1994	51692
11184	27071
7428	10116
5872	53916
187	94235
3921	6142
27237	29984
6229	6233
388	7409
5008	7297
6193	6223
9744	51454
1943	2046
595	5694
2892	2903
9556	84833
9055	9493
64114	196527
6139	6232
64928	219927
5552	83706
6124	6230
5094	51692
6556	170482
10652	11014
1738	4967
991	1781
3691	4233
4074	6456
5518	5976
8175	84811
2033	25885
6159	7311
2099	6198
6142	6229
1937	6142
51330	115650
389	23526
4691	22984
3339	7045
2099	9687
1933	3921
6156	6159
991	1058
7316	55669
6434	57794
8317	63967
6141	6205
4514	4519
6141	6173
6135	9349
6164	6209
155	6344
2957	51616
4718	4724
6202	6223
23327	115290
6635	51639
6136	6207
2917	27199
2197	6152
1058	10726
54575	54600
1994	10250
4947	5716
7124	7316
6161	6188
1495	1499
4049	51330
11190	22974
8969	8970
6228	6232
1001	1500
10992	27339
251	23627
2491	151246
9212	26271
6223	140801
4116	6222
945	3689
2322	6688
2967	27125
6144	23521
4887	346562
830	5048
4641	5898
6160	6209
4509	4536
6206	6207
7434	122876
7334	64320
9837	11169
9416	10949
54820	57787
6159	6233
4714	54539
6139	6206
3181	10236
23304	26046
10802	10959
3619	9055
999	4072
2071	27125
1915	6202
79954	84128
55142	203068
5347	9793
3135	3805
796	6344
9055	10592
6146	6189
5518	6232
274	9341
6193	6233
3340	6385
1605	55624
140881	245911
10890	23011
9972	348995
2695	2784
3184	3185
109	53829
6218	6235
1662	10528
6194	25873
4670	9343
6122	6144
6165	6229
6635	51690
6139	6230
2804	64746
6209	6228
11004	23332
6122	6229
351	83706
6152	140801
8615	9570
6143	6209
335	336
1991	4069
2197	6210
2832	117579
6134	6175
813	3915
6222	6230
641	2177
6201	6223
643	9294
6217	84916
140460	197131
23291	55832
1084	1088
51264	65003
6667	25896
5547	10970
553	6869
51071	126133
6143	6234
4670	10236
1981	6146
5296	10818
6133	6189
1129	3355
8085	57690
6122	6184
6168	6234
8945	11059
1937	6128
6141	6147
6135	6224
3075	3078
9265	27128
6144	11340
54069	64946
5867	5874
8687	121391
2683	2720
3685	64386
705	5822
23014	80176
2767	5335
6130	6158
1933	6207
4171	4174
1445	54845
1282	1295
6152	11224
6234	8562
2740	5746
1062	5903
4171	7298
10594	11338
6159	6167
5725	8672
4738	59286
6173	6202
2206	3702
833	4677
6203	6227
6137	9349
6635	27258
22888	51343
3921	6181
6188	6222
51023	219927
8570	11052
8085	55904
932	10970
904	51755
5684	7979
22984	57696
1933	6206
10285	11017
6169	6230
1642	11091
2205	2206
332	9833
4700	4709
53829	59340
2122	8535
1656	80153
2197	6206
6439	653509
22984	23195
988	9631
6432	6628
6170	6206
350	2147
64792	150737
6165	6202
51203	55355
3190	11100
6160	6175
2178	2189
3832	6241
57082	151648
5657	23197
10097	50618
6133	23521
5048	5515
9870	22954
8886	64318
6171	6234
890	29127
335	4036
6709	51014
8976	9341
2967	9646
2976	11128
8843	50834
10250	22794
2177	11073
10458	10787
4709	29796
1915	6175
6158	6193
4700	29796
1781	10540
5529	6233
1933	6155
2865	6288
1660	1665
1398	5747
6049	8881
10523	51593
6138	6235
1062	5526
2147	5020
54620	80204
3106	10475
399	9138
338	2266
6136	25873
6156	6161
6147	6227
4288	26586
3688	91522
3673	3688
3685	9564
6129	6204
10388	25777
57678	256356
1406	4901
55175	56995
2817	6385
5747	7456
9002	55970
23327	89910
6159	6165
4597	4598
6157	6203
6124	6176
57122	79172
153	6344
1956	3918
9730	64682
8886	55720
51382	222487
6233	221937
971	973
1783	11014
388	55160
23160	51602
916	50852
6164	6218
983	79959
3055	6503
121504	653604
84163	389524
6426	6430
3148	8971
6202	6228
4172	10714
6194	6222
4538	4712
22954	55236
87	51097
6142	6232
9793	22974
1477	24148
6201	6207
6129	6133
2521	3192
991	9491
164	55330
6156	6188
226	2597
705	84946
1058	9212
1876	10445
4952	54874
4297	192669
27161	192669
9410	10946
2922	4923
7316	83752
7316	54677
3190	3609
10285	51692
25929	79084
1058	9833
9320	51088
23160	84172
7178	10399
4172	81620
813	1435
5725	51692
3920	5660
146057	347240
3171	6927
1062	10112
6203	9349
1981	6223
6426	10949
3309	9601
444	3091
4726	55967
971	974
23304	23376
112	3579
4736	6222
10693	55970
2064	2065
5717	9020
259287	259293
6240	10592
22995	55755
8021	55746
5753	6725
3659	6737
351	5330
1495	5795
4173	84296
353139	353145
2251	2254
1933	6157
9700	23397
1063	5501
7328	22954
23590	56997
7311	7321
6157	6169
86	1642
5861	11015
5708	7316
1933	9045
7272	55635
6233	9101
6165	6227
9604	83737
6222	9349
3675	375790
6137	6176
4116	6146
9136	84946
1022	5887
53831	441864
7919	8106
9045	11224
1994	10594
3843	10527
6790	11190
6518	326624
658	4093
5795	6714
8767	23118
6633	6637
701	10592
23279	51362
55236	197131
6122	6138
212	2623
11338	27316
9886	84144
3481	3827
7204	10800
1793	6714
6181	140801
10426	440145
846	339403
6129	6155
7316	91445
6155	6230
1329	55967
6711	10466
6129	25873
5435	6634
3191	9782
6146	6228
1783	11316
6605	57492
6138	6208
6222	7178
4713	10632
3267	3949
10236	79869
123904	146183
4736	6224
10256	54845
6175	6204
3912	5829
5286	6272
640	7525
10285	55339
27316	79869
183	51289
2918	4985
6122	6137
6205	6209
55755	347240
2033	8085
6128	6229
3240	5199
521	4724
4641	5872
6142	6206
5179	9210
1063	7153
1645	8644
79019	85236
50813	55884
1861	27348
7311	85015
2788	55970
6173	6189
9716	10250
3163	222487
1813	5443
388	23526
8351	126961
6426	9782
5717	10575
3569	84141
51143	57405
3062	64106
4736	6210
6146	6181
11187	64065
6427	220988
79867	121441
23011	51762
3921	6230
1778	6709
905	55677
10491	10536
4709	9551
7458	8662
2197	6233
10885	22803
5269	5337
3903	64386
1601	8301
79501	285093
595	6777
11202	25818
6135	6229
6139	6181
6626	51593
6147	6203
2799	23526
6161	6204
9128	51340
259287	259295
50835	56923
6827	25920
1302	1310
9787	81930
4172	11073
932	338339
7532	10142
399	26084
6176	25873
6210	6234
1453	1855
9655	57542
6428	6430
6130	6136
6374	27198
6135	6138
3183	27316
891	7531
2189	7517
6135	6222
6176	6229
6170	6218
4738	54939
84643	93661
545	5889
3071	10552
1191	2162
387	7094
5726	6755
27241	166379
6572	8322
1364	1366
1880	3579
917	1759
1345	7381
6235	7311
6125	6144
3178	10523
133	79924
6262	11069
388	55843
7454	10787
22954	23327
2864	27334
10919	53615
1439	3718
80321	121441
3619	23279
51003	400569
3689	199675
4539	4712
5518	6133
6138	6228
3133	10475
6137	6138
112	57413
1387	8648
6135	9887
4361	54962
1329	4713
3687	79895
3184	220988
6161	6189
3184	3192
4519	4540
3619	23244
996	5699
1347	4713
8243	151648
3797	26146
57154	151636
6146	6206
55168	64928
6135	6146
60	10093
4710	4718
6632	51690
1060	55320
6605	29117
6129	10399
5931	6839
4057	6709
54620	84231
3184	10181
945	963
55166	79682
6125	6128
1915	7178
1738	4719
10491	85301
23076	57696
6160	6193
566	4125
3866	3875
1639	3326
6135	6202
2798	10886
6233	9732
4288	10403
11329	55233
4690	10096
10869	63891
5903	79172
6124	6129
8886	84916
3689	3903
3725	4772
977	5339
2925	9170
1908	23620
6156	6165
4725	7381
2071	10920
3832	9700
6176	6206
3576	6347
3191	7536
988	4173
6233	140801
64410	142689
6228	7311
6170	6171
10945	10959
3491	51280
6157	9349
6144	6156
4736	6218
55759	84549
699	9824
1665	4686
2444	84766
9883	10898
9348	10082
8826	128239
6142	6218
3354	11255
150468	259266
2071	9015
11339	51203
6130	6135
2792	2918
4712	27089
7272	9833
388	4650
2912	6751
6138	6194
6202	6209
344892	390275
2065	3691
2243	9715
5660	10970
6138	6210
3015	10284
9320	54778
999	3728
727	846
3199	8338
9787	9833
3091	51122
6147	6205
5981	10051
6209	11224
7531	81565
7533	10971
115290	154214
7135	7431
1453	6234
6863	23620
5870	81876
7454	10458
8723	51143
6139	6176
23160	27042
11095	157869
8334	85236
4161	7432
6138	6142
6128	6181
6122	25873
7317	22888
79867	80184
58506	130074
1981	6164
24147	79633
6204	6230
6138	51187
6142	140801
472	7468
3360	7253
7311	27327
50832	54429
6146	100529239
1108	3094
4707	7381
5335	7305
8648	9968
22848	26130
1994	10285
26019	51121
5438	6635
1500	1956
6132	6222
9918	259266
6141	6223
991	5347
5199	10394
2633	117854
6165	6209
2790	2837
3320	10808
3091	84962
23291	89910
6139	6144
391	9743
636	22930
3185	4670
3675	3693
6141	9045
10575	10963
6136	6230
6159	6232
2168	3158
51465	84447
377	11014
4171	11073
9341	10652
1559	2326
10652	51014
9092	27339
1062	11004
701	23397
6130	6164
2792	219438
51069	55168
51122	54165
3185	51692
9833	22974
5693	5707
55635	259266
6169	23049
56919	57647
8976	10787
6167	11224
4670	6626
117	2792
5034	5479
8468	91646
2207	5338
87	7791
6201	114987
6223	6228
3214	3216
1778	22930
6790	22974
3912	54972
27257	57819
3172	6927
4694	4713
1994	3609
25839	84342
4904	10946
332	22974
56165	136991
64951	64979
6136	6144
10540	24137
10561	55601
4734	23327
4125	5657
5704	5714
3356	6915
9690	84231
4701	10975
5707	6790
6129	6152
5978	80012
4940	10612
990	51343
6628	6636
6165	6222
1915	1933
7979	9978
10919	29945
9382	10905
867	6654
6207	7178
11004	113130
6142	6169
9716	55696
5436	7936
6222	11224
332	79902
2033	23112
23327	79176
3191	51692
695	7305
120796	344892
3071	9844
3214	3215
2197	11224
196527	326624
4736	6138
971	5336
1453	653784
9055	29127
4514	4539
5393	51010
6160	6170
6137	6189
1910	2865
10236	23020
27340	56902
5284	55004
2168	2169
5519	5781
6601	57492
3008	3024
6117	10635
6142	6194
58	60
6158	51386
8945	80204
6160	6235
3187	7919
1781	6993
6156	6229
54960	129401
1511	1991
4724	29796
3725	9070
23608	140462
1017	10926
3191	79869
6161	6165
6122	6155
9055	22974
1173	2535
79583	79600
400	23041
7337	55175
118487	219927
6227	140801
3688	23209
472	84464
3190	5725
1557	1576
8636	11258
6171	6228
1639	9371
6209	7178
3192	7536
6189	6210
3191	27316
3921	6232
2071	6878
4067	6776
5528	79172
79869	84248
3486	11098
1062	83540
1043	2350
5516	10023
1983	6234
1739	5290
3048	3050
9437	259197
1536	3685
7936	404672
5516	54908
2847	2911
11065	64151
24137	285643
9883	23165
6233	54778
10432	23435
6155	6165
1116	5199
1969	5879
10733	203068
9055	9133
4736	6204
10466	79571
6188	6204
9188	84172
6923	51755
6227	25873
8655	23218
6128	6209
1908	84432
993	1021
1933	6175
1288	340267
27316	51692
6164	23049
2805	3242
4736	6228
6203	23521
2185	9564
967	25798
9126	54780
514	10632
10527	55705
56929	79176
6138	6201
3017	126961
1832	5493
3105	3659
7110	10466
25879	56902
6605	11198
2691	59350
11015	51014
1088	6556
9887	25873
2123	2124
3091	5707
3673	3918
377	830
5869	11021
9126	79172
5701	139285
1471	5034
5529	5903
6156	9045
3187	6428
6208	22803
6154	6189
8175	10181
22984	79039
6159	6169
8301	10096
1062	259266
9277	10153
9972	23279
1000	7184
6205	9801
1315	3799
3178	6430
23122	23244
1022	2810
6224	27340
9655	9903
63915	84062
6139	6205
1933	6202
8341	8970
86	8607
3713	6705
5173	6751
6205	11103
966	5023
6209	7311
4998	7027
51650	64976
6234	7311
6157	6159
6165	6173
332	5528
6160	6210
6143	6206
55142	146057
3267	5868
4735	23332
87	1499
4116	6635
2153	2159
5196	11251
4738	28991
3192	6626
7317	10489
2550	6363
6124	6147
3693	5829
9493	11127
1937	6189
2803	7110
6154	6160
7110	79571
5980	10714
11258	93661
950	7316
4852	283869
635	29958
10084	27238
26190	54165
6218	25873
9553	54998
6130	6194
57545	91147
891	9787
6193	6232
640	5336
9436	259197
6124	6160
1669	56729
2033	10014
3683	10857
1639	10112
9833	10112
11004	22974
1058	64105
6193	6228
6128	11224
5861	51014
5430	27316
988	7112
6122	6142
4830	4831
23020	220988
332	79172
2848	285601
400	25839
1387	6667
991	10112
8337	8349
6122	6207
5880	7409
4343	4853
1669	10394
1387	25942
156	5578
332	10112
9690	154881
23291	65264
3833	29127
9493	10749
683	932
4738	285231
9616	150726
3909	4233
5725	11338
6993	10755
6165	6228
9246	197131
5685	5700
5339	6234
51575	79954
2197	4736
4695	4707
10250	58517
3620	169355
23304	56658
6142	6181
1956	3691
2968	57804
983	3833
871	1303
4641	10552
1968	8661
6138	6204
3360	3375
5194	7311
2206	5335
7189	55626
389	7204
26354	54475
6201	9349
6135	140801
3092	6233
80184	84962
6139	6207
6173	6203
6201	11224
10376	150465
7283	10540
2197	7311
51585	79869
1829	2125
2967	51755
3683	57153
51289	259293
10274	57082
5931	10664
5878	8976
966	79895
6122	6130
25793	84676
2810	3691
1063	9700
6139	6142
8317	80174
23067	57690
140458	285231
56995	84085
79090	90411
1937	6202
9282	23097
4085	10733
7082	100506658
9879	51362
11218	79084
6135	6206
4536	4539
23332	57787
9791	81490
3320	10458
6144	6189
10155	80110
28998	51264
1063	5347
1605	5747
4697	4708
3937	7462
2207	5335
10733	347240
940	50943
5440	80349
6202	55272
51465	51676
9276	11014
6160	23049
1778	5347
3190	10492
1453	8945
2153	2243
2237	5111
7476	7477
2550	51083
988	55215
6129	6135
9700	57122
7311	65264
10576	23526
11017	22826
55212	84100
111	51764
10236	27316
7919	10236
5795	55754
5880	94134
5365	8482
6168	6230
1500	1739
5438	6827
3267	22848
966	11014
3113	55824
1294	2157
6870	56923
5879	10552
10199	56902
5868	64145
1299	50509
6426	10432
6135	6141
891	5516
64979	116540
5880	9138
2695	122876
55124	221400
6235	55127
1292	8974
5573	23209
6152	6160
9378	54413
6173	6201
91	92
324	6233
974	1445
377	51014
4586	4588
6233	84749
6143	6164
6173	7311
2033	23774
7283	22897
6158	6202
3672	3696
1495	3801
84131	203068
3688	7045
6208	6230
10285	55749
11059	65264
3215	3216
4707	4712
6152	6230
8993	10394
4726	7388
1453	6231
521	84833
9730	80067
8573	57669
4353	5657
6160	9045
2079	6432
999	3691
6168	11224
226	2821
3895	3915
4734	7316
10575	10693
378	11014
5777	80184
6152	6233
5529	5781
4709	27089
1969	2048
6138	6169
8453	9820
25926	51096
1660	27316
6230	140801
23332	80321
6619	10623
4641	100423062
1511	4069
10133	10540
1398	10152
4116	6637
983	9126
6158	6160
7311	140458
6138	6230
8687	8689
6829	55726
6155	140801
566	8635
3309	7184
9666	115290
6135	6142
23014	64219
1292	5033
7328	23608
570	1962
2002	6722
81794	339366
1062	6249
6203	6223
6130	11224
11157	51503
1994	23020
6128	6161
301	9002
1894	5880
23197	56729
6776	26228
6132	6235
6224	25873
4695	4725
4713	4726
64951	64983
377	1781
22984	65083
6923	285231
64963	116540
2888	5584
6125	6139
8295	8945
972	3111
25831	140460
3355	4889
988	11193
3660	4939
6156	140801
10592	54892
1605	3915
8087	9444
5747	10458
3675	3918
9212	83461
846	6870
1007	1013
1062	5529
80184	117177
7388	29796
6161	6168
8841	79685
7476	7483
632	3381
10193	26046
6230	9349
675	1017
5903	7175
6156	6176
81930	83540
3881	54474
6156	6228
5869	7316
3074	5707
6164	6169
6128	6235
6206	6222
63967	84515
23160	57647
1048	8434
9793	54821
1499	23291
920	2533
6155	6159
9969	10499
1548	1553
4131	5048
8881	29945
4829	10886
6175	140801
8875	55350
10921	23283
174	2243
7337	11275
10075	54620
5290	5781
394	7204
3054	9739
3945	4200
4144	4548
6168	6189
6132	6147
6128	6155
6204	6222
10153	55131
1365	24146
6156	6171
6152	9045
2967	51426
10155	79943
6157	6206
10552	10787
5584	56288
1500	1969
701	3619
28981	64792
26224	197131
6165	6181
2960	9412
6223	6232
7913	9015
8451	55208
10799	88745
8349	317772
6147	6232
5695	7314
5290	9208
6202	6210
3479	7044
6233	65264
2036	8573
8881	63891
2147	2244
2151	2791
996	5717
7337	26190
3181	10657
11004	64151
26519	56993
983	7272
4710	4724
6208	11224
6136	6231
954	158067
6152	6202
7156	63967
7525	11099
5518	6167
54960	79023
6772	83666
3157	4597
6194	6234
2841	55970
6189	140801
1933	6222
9716	11325
6143	6159
3422	6721
6207	6224
6189	6234
3683	5788
6193	6194
1717	50814
11176	51742
6207	6232
5516	5523
5930	80204
5439	51755
904	6667
2036	116986
6124	6133
3993	84612
5048	7531
3921	6229
1783	6711
6130	6203
5705	5718
8301	25977
2801	6709
6173	6207
9636	23586
84648	353145
6249	8826
5437	7874
988	3326
22974	64151
6169	6222
6346	83756
6227	6235
163	25977
2967	79577
8131	64121
705	51602
51602	84154
6233	26091
6122	23521
6168	6223
6143	6169
9604	22954
121504	440689
677	56915
1778	11014
10155	25799
26190	55832
3673	3691
3308	10574
6167	6228
7249	57521
3837	3838
988	10657
2197	6164
9585	10112
5516	6249
10952	28972
1500	7082
4513	4514
9793	57551
6202	6233
8082	8910
23511	25929
140807	319101
1969	2268
64106	347148
1291	3672
4736	6152
60488	64963
4712	51079
11127	64792
2071	5985
6142	6193
5579	653361
4514	4536
5265	7040
6125	6204
8729	10959
6154	6167
1991	56729
6240	29127
4713	4728
29889	51154
7175	10250
6228	6229
22974	259266
10403	57082
6232	9349
2071	6873
3071	3320
6218	6227
846	259287
64951	64960
6154	6204
6159	6160
50506	405753
3178	6294
3837	3839
5872	6764
3913	10298
3683	3685
6203	11103
6173	6233
2185	3320
890	10460
9341	51542
111	3354
7041	7414
397	398
3183	4670
3655	3914
51317	57649
8365	8970
6235	9349
701	57082
2735	79809
27316	220988
3937	5777
996	4734
826	831
6194	6229
813	3569
8289	55193
5976	56006
6234	27340
2792	391195
9968	10499
4734	26190
6599	6602
6203	27340
259287	339403
2045	285220
1432	5062
2153	51156
6167	6188
6146	6727
9847	23265
1394	4160
6203	6204
3619	51143
6714	57670
6176	6224
11118	11119
285	7010
3066	84289
3866	144501
3305	9530
8687	54474
6130	6207
6164	6170
6146	6168
6432	220988
10293	200845
10342	81562
6139	6154
6156	6201
1058	57405
2535	64750
4837	284119
1981	6232
1439	3635
4116	6201
23160	84916
983	3832
4736	6181
1063	22974
4694	27089
8514	79895
10574	22948
4173	79892
4233	9564
247	3479
6156	6169
7525	10413
6164	6205
10403	348995
2185	6461
7175	9877
57111	64284
5861	9276
6154	6210
6157	23049
22918	64386
153571	153572
8463	25937
920	29988
3308	10808
6167	6234
983	5519
6161	140801
10735	57551
2641	10203
3611	3688
1291	1295
1302	50509
553	64106
890	157570
9493	9585
64979	118487
10274	10403
56923	259292
6223	6234
5829	9564
2147	2159
6165	6235
6118	9557
891	54908
963	3903
3482	4905
9212	83903
1063	23332
25909	54821
3185	23283
1515	3113
2537	3437
8189	11100
6136	6206
6130	6167
10970	79895
941	942
10403	51203
64105	151246
5696	5698
6169	6201
3339	3912
7414	8993
4986	50834
6193	25873
6133	25873
988	9879
2798	56923
28	2524
1950	7474
3013	8351
146	2922
51503	84844
2491	79172
6134	6154
3832	146909
1933	6224
10713	26121
4171	4175
5204	6637
6222	7311
1915	6138
974	55824
5427	9768
8843	338442
2811	2815
5861	55605
6181	9045
5516	5529
3619	24137
988	79869
5201	84617
26146	150737
824	831
8106	9410
2804	10945
6135	6223
5116	23354
1278	4313
919	3122
9320	26046
999	8907
2776	5331
4620	4626
8805	27044
6133	7458
5714	6790
4713	4717
6152	6208
10484	81562
2782	2784
10250	55749
79682	147841
680	846
9306	9655
1022	55840
4171	5426
1994	5725
6132	6218
2491	55055
55127	84172
6205	6222
10749	11014
6128	6232
3916	3920
6667	8648
2935	6160
3681	22801
6714	7525
23332	57122
4862	79365
571	11073
5829	7430
4670	5094
81	9564
4588	192134
7327	26046
6625	51593
6203	6206
1813	4283
23355	27072
55737	58533
1499	1969
6135	6165
5869	6233
6430	27316
79473	344892
5695	5701
6175	25873
990	9700
117177	121441
1062	10051
5714	5718
6165	6231
1232	338442
6699	6707
219965	285093
5433	8085
2788	2790
6233	27340
11014	51014
904	25896
274	11252
983	9833
5870	57403
5704	5718
932	199675
6122	6135
84962	126374
6122	6160
1857	55361
6137	140801
6233	25873
22974	29127
7478	7479
399	7204
8689	121391
6146	6156
7337	26046
1937	4736
5903	22919
11128	25885
7507	10714
5869	6453
6202	7311
8658	80351
6750	6754
4536	4538
813	1000
51650	54998
6418	10592
5432	79577
3181	10713
9870	57542
55703	84172
3921	6161
79664	81556
246	11283
4700	4708
7311	8450
25909	79172
28987	51388
5699	51684
5528	23279
1981	6228
6993	8655
3320	9844
6144	6227
3491	7184
3921	6135
6144	7311
4736	5339
6160	6230
6631	27258
6173	11224
26146	64792
108	6750
6142	6156
51602	84128
1793	100423062
6231	6233
2524	2525
51023	64976
6128	6203
7283	27175
5610	23118
6455	8673
6147	10399
6233	90293
6167	6224
5928	57649
2692	2843
779	10369
7984	29984
4591	65264
1478	3188
701	55320
79685	94239
5928	7343
6129	6189
834	114769
8450	10401
4172	9700
3396	6182
5868	51552
6138	6164
6233	154214
6154	6173
1471	2519
55832	90293
3932	6609
6613	10038
9412	55090
4736	6159
9716	27316
6637	51372
6136	6217
55003	84154
1933	6230
6130	6205
1579	8529
3655	3918
6233	11059
4670	7536
2912	5179
11193	22826
9341	22836
54556	92815
4867	91147
3376	51520
1781	11015
8689	9119
1994	10291
7337	9730
627	5879
7153	55143
1915	6159
3054	23067
3683	3688
4298	9646
8463	10413
6790	9833
57545	79867
2790	5579
1933	6130
2064	7525
1537	4728
8322	22905
6307	51478
919	11184
6161	6171
324	5699
4509	4519
1981	6133
6147	6206
335	4547
1062	9585
4708	55967
6370	11251
6434	7919
27	1398
1107	23186
6223	6229
6146	6152
8453	9666
6181	6224
6426	10250
3202	3203
988	55770
6194	6206
27340	55127
26589	54148
4867	121441
3115	4261
9181	171177
6137	6223
10664	22976
6181	6222
6154	6227
6128	9045
329	5708
2147	2266
1994	10498
890	9133
3903	79895
3849	319101
54577	54658
11014	11015
5741	122876
6790	22919
7424	8828
10952	11224
1398	3937
3675	3912
11127	51014
1398	9564
6168	6206
57082	79172
3181	220988
9782	27316
116	2740
6169	6228
51143	79172
9350	148738
57405	79682
915	286749
5695	9232
2767	5330
23014	142689
6142	6230
10959	51014
54625	83666
29927	100526842
6154	6233
29984	64333
3619	79172
1969	5747
10960	51128
521	4700
1063	57551
4690	10152
3308	9631
10681	51083
1991	4353
3619	3832
7311	10952
671	8993
6210	9887
23304	26268
637	4170
10693	63971
5436	27258
4194	57690
6224	23049
4088	64750
6135	6205
4172	6118
3675	3688
6233	6498
22954	26190
9318	11275
2597	5230
6249	54908
3912	3915
8638	9636
174	3698
5571	60673
2359	94235
3855	144501
2784	2847
1950	8322
7516	11073
8945	65264
3192	55749
389	393
1994	23435
1116	10394
2837	5331
5701	5715
5861	5868
2107	6181
55168	56945
344892	390079
7090	7091
4709	4724
186	4922
6202	9349
8337	8365
2268	7525
6144	6228
3836	22974
9967	84498
5822	8568
10540	11190
5338	5579
6143	6201
6866	8997
7204	60675
5430	5985
5700	5705
1956	5328
6133	7311
3222	3223
6209	6223
6165	6203
7200	84634
1453	6210
9690	89910
113	259285
6139	6223
3178	6421
8349	653604
6207	23521
29760	118788
1822	23028
2071	5433
6227	6233
9752	56141
2207	3689
2861	56923
1981	25873
8365	653604
4171	4176
6599	6601
4736	6139
472	1487
466	1386
2358	57413
6228	140801
6156	6206
5928	51317
351	55970
3832	7153
57405	79980
8337	85236
4670	23435
3192	5725
3915	84141
72	58498
302	2519
1816	3973
6950	10575
3688	7057
10381	84790
6160	11224
26285	149461
6156	6175
6159	6235
6206	11224
6230	63931
9055	10376
55829	58515
3134	115361
11314	79895
1933	6128
6138	6229
4709	4726
1350	27089
9343	23020
388	117289
8976	25977
3915	5879
10574	10963
3433	10561
302	79026
3133	3134
5880	64333
5093	5094
2023	5315
6636	8683
3312	10808
3909	9459
899	5930
3111	3127
10403	51143
1329	4726
1793	5880
6872	83860
7403	10664
2243	3698
6136	9349
2266	3481
830	6711
4924	10618
996	8453
2243	5345
1329	1350
3683	3903
4939	54739
6156	6227
1660	10492
3192	51692
5189	7311
8655	27077
6129	6143
3133	3660
1314	9527
1810	55689
10282	10652
991	151246
6158	6189
5868	5869
6133	6229
6201	6230
3903	22918
6147	9045
199675	338339
5781	10818
6167	6206
8337	333932
3903	326624
6155	6210
1398	7409
50506	90527
6128	6227
23332	79172
6128	6168
7516	56655
10197	64682
4544	5443
6144	6147
6138	6160
6122	6189
4670	23020
2847	6752
6160	7311
4736	6229
6631	57819
6135	25873
10749	51479
23601	338339
4700	27089
1981	6222
6142	6170
3157	3422
6154	6155
51088	51122
5903	9631
6147	11224
25885	84172
6164	6193
6774	9021
6169	7311
440	2058
6168	7311
6122	6176
28981	79989
338	4973
5872	53917
4738	5715
7311	55008
27089	84833
988	8449
6181	6207
5529	57551
988	6596
2033	27327
4711	84833
6207	6209
996	9820
3066	23028
332	55055
6188	6229
26589	64928
6173	6222
4353	6036
389	7409
9354	84085
521	522
6227	114987
29078	126328
10116	53339
890	51203
9282	84498
6141	23521
5689	51371
51109	54884
29127	64837
813	3371
6229	65008
6657	63978
6156	6230
65264	90293
3859	125115
350	2266
3915	7402
1601	8976
6208	6228
9793	23122
553	3062
6204	25873
6202	25873
3190	10657
3486	11167
50831	259292
2177	55215
7520	79840
6136	6227
1555	54600
6233	8976
5500	5516
23122	25936
4171	4678
6160	9732
3191	23435
10594	23450
4288	51203
3434	23586
2255	26281
701	9133
990	10592
580	2177
5048	151246
701	1063
7057	83706
4125	6036
146	2846
1291	1303
1043	7512
2204	338339
523	155066
3913	4233
6144	6203
3371	84141
320	5864
6434	10523
3921	6164
6428	348995
9700	23279
1195	57396
6161	6201
942	7525
133	55970
7514	9126
10112	64151
3189	9987
1933	6176
6164	6173
1639	11014
5116	55755
50865	64805
2185	9475
4297	23269
10403	56992
8742	51330
1387	8289
4173	4175
4173	5983
6167	6173
683	338339
1191	10916
11128	84172
3685	3688
5501	9793
4508	4539
2197	6204
3797	79989
7314	10980
3181	51692
5747	10298
4508	4541
10970	326624
3308	5903
2634	3659
6159	9045
338	350
988	6950
6714	8976
7532	653784
5594	84823
728	6376
29984	445328
23586	54476
2033	56655
2033	25942
6158	9045
6337	7311
1665	9128
1345	4695
378	55605
5441	79035
8945	55832
3091	5708
1856	5869
1129	6572
1116	1991
4886	4889
6142	8666
1915	6142
8689	286887
9276	10121
6159	6228
6138	10399
3667	9564
1660	3609
6124	6203
2222	2224
9133	57082
2788	5331
1879	5079
3191	9128
6161	51187
1524	56670
6132	54512
3688	5747
6175	6229
2913	4988
1910	84432
6170	6204
6203	6209
29093	65003
2222	4047
3190	9128
1656	54464
11338	84271
932	966
9493	23046
55755	79959
6156	6222
332	23332
22826	85313
79050	317781
3692	10969
2920	3569
4233	6233
213	5265
2847	6363
3127	3932
5739	59350
6165	6189
4724	51079
335	51156
9739	84444
1060	348995
6143	9045
3362	3640
6159	23521
3921	6175
6130	6223
23224	23353
9246	51191
1991	6709
2521	23020
2551	4899
2048	6237
2521	10921
6157	6222
6663	27022
3663	4281
4710	4713
9739	55904
1314	9632
2782	26086
3827	5005
2318	54751
5878	23011
8886	55127
220134	348995
6169	25873
26091	57154
5547	5660
6453	54874
3185	7536
3185	55749
4332	5657
6128	6154
6136	6228
10236	220988
7094	22906
6155	6207
6836	29927
6160	6229
80204	142686
108	5179
84962	121441
861	6604
8334	8341
54148	64928
6133	9349
3921	6209
10523	11338
3799	81930
10484	126003
6173	23049
1933	6209
6144	9349
6426	10772
3134	4261
405	1387
23020	51692
7514	23279
3187	10181
6138	6167
287	10121
10291	27316
3354	9283
8329	317772
1601	29924
6136	6169
57599	201254
778	783
5708	5887
7032	7033
8648	10499
1387	8085
6202	27340
160364	199675
3192	5094
5832	118813
9371	64837
6167	140801
6232	11224
5725	9716
1453	6222
1555	1577
3491	3912
3214	3223
444	3725
5315	7167
1290	1303
6432	6434
25	5893
1544	3620
4343	27327
776	51764
6218	6223
3134	6890
6224	9349
2788	9002
6152	6194
1981	8672
1778	6249
2131	2817
6288	6357
4670	10657
3113	3115
6139	25873
3113	3122
6155	6158
1084	338339
6159	6207
9643	93621
6169	6188
6491	10733
6626	27316
7311	55366
2072	6233
57154	57674
6136	6165
645836	100287238
79172	151246
2243	2244
1081	3623
4670	27316
23279	57551
3619	9972
4686	9879
9295	25957
1233	5473
6518	10970
462	2155
6227	7311
6173	6206
27252	55585
1315	84516
27339	57461
6147	6154
6170	23049
11274	23586
25885	83743
6194	6228
4116	6161
830	9276
9887	51065
2033	55904
11145	122618
6202	6218
8976	10458
3685	3693
378	830
2799	5834
51602	55759
6288	6863
6128	6201
3362	53831
9416	23020
8477	57121
3123	54331
3163	5023
4508	4509
4734	23291
9040	10517
11224	25873
8607	11091
3190	5093
8976	29763
161	5286
1347	10632
50840	259295
6227	11224
8189	51639
51264	51649
3799	29127
566	6036
2197	6181
3714	4854
302	3074
800	5829
9183	64105
4726	9551
8661	8672
9493	11113
811	5589
6745	58477
25915	126328
5001	222229
5347	6232
1292	3672
11339	54069
6193	8666
2266	9715
4599	23586
6453	7311
7164	10053
3486	3569
1781	10112
3187	6426
5868	9341
1236	1901
6125	6135
10155	201514
1902	9002
1909	2922
857	1956
11073	63967
10540	57511
928	113177
1063	55746
2132	6385
1933	6168
6135	6203
4736	6207
5984	23649
10713	51692
3689	7305
10466	57511
2058	4141
80184	121441
996	25831
6209	6227
7057	56999
6159	6189
2048	25791
6193	23521
9377	54539
8687	286887
55884	115290
9371	79989
6514	6927
6146	6235
5435	9978
4700	55967
6133	6169
1830	5266
1325	6752
6222	6234
6133	6156
9113	154810
3688	9564
6152	6234
6189	6193
10592	157570
6129	6206
51692	55339
10949	79869
932	160364
6461	10458
6206	6229
6159	6206
351	10970
56667	140453
3683	79895
1495	7082
2524	10331
6210	140801
51429	54874
4537	4538
6154	6164
4839	6156
1933	6138
23275	23509
25978	92421
4540	4701
6461	10787
6189	6194
3191	10432
5516	5903
6428	10949
636	25782
5705	10213
6442	6444
4116	6170
23397	56992
338	462
1956	54206
2521	57794
1277	10536
6133	6228
54480	55790
7311	54874
3111	3119
5435	5439
2932	5708
6170	6228
567	3133
6133	6170
6204	6206
259292	259295
799	1812
3274	55970
6133	6188
7054	57016
2833	6346
8085	8289
4809	84844
3660	10475
1292	1295
350	5267
2197	6129
4242	4853
2242	3718
988	23435
695	5293
6129	6188
5880	9844
9329	10621
6124	6141
595	5707
8318	54962
1439	6776
5318	5493
6128	6160
5880	10458
6921	55284
3827	51156
3675	3685
6164	6202
2197	27340
2204	79895
3672	3685
6601	8467
2521	6434
55832	115290
4602	5432
2792	6752
6632	220988
9320	10489
3191	23283
6146	51187
4116	6173
4686	23511
8945	55031
353142	353145
2982	2983
5439	6923
1499	5707
6144	6173
51023	116541
2784	594857
3609	10236
6155	6235
6144	6181
10484	79090
3921	6203
8697	8945
3949	5868
1058	11004
2617	8565
9276	64837
374	2065
2535	5599
7311	10111
811	7184
400	57511
5688	8312
973	29760
2914	4988
419	390243
3911	3918
4952	286451
6194	6207
5660	63940
5528	11004
6155	6193
117	7434
1453	6206
56995	154881
6037	8635
9039	10293
5609	9181
1063	54821
6432	10189
23218	196527
90	657
351	1269
9493	11014
2207	199675
5476	5834
1933	6142
122876	594857
3702	9402
4926	9793
871	1290
5695	10213
351	5443
4736	6170
6144	6164
5422	10592
6233	54363
1113	6855
10427	11196
50835	259292
4809	51065
5422	79892
6142	6234
2262	2719
9738	22995
6159	6227
3921	6204
6227	6231
1387	27327
857	4088
6135	6208
5718	8453
833	2617
1173	8301
6229	23049
3357	56923
9320	25831
5861	10890
4707	4724
1278	1634
134	5660
301	1133
9076	100506658
6144	6207
9349	140801
335	350
7311	89910
26155	65083
5330	8477
3190	7919
5948	5950
2023	5230
8602	55226
9790	22803
991	9055
6146	6147
5435	6875
1660	2521
6142	6155
4067	7409
10321	57554
9739	23067
29074	219927
2359	6370
2491	22919
10920	26263
6130	25873
5707	64750
9700	10051
6143	25873
6157	6229
10592	24137
3192	79869
950	3482
7200	27334
3191	9987
2792	2847
6233	7311
6146	25873
6130	6160
6193	6206
972	5641
940	8516
85476	116541
6233	23049
328	10038
4751	259266
4952	6272
6170	6230
6125	6129
6136	6160
330	8887
23279	23511
2247	3561
2935	6209
4049	4050
2784	6752
3853	3860
6129	9349
932	57153
23601	160364
22794	348995
6143	6222
6144	6223
4116	6132
7337	10489
783	10368
54069	79172
23304	80204
637	3002
81	7791
5196	5473
2784	5741
2107	6234
6136	6142
1237	8811
1824	1825
6201	6228
1500	5880
2145	5928
10857	84329
2251	8823
302	6386
988	10574
5717	51330
9128	11338
10574	10576
1234	4544
6772	23586
4736	6202
3303	3320
7536	10236
3850	196374
2967	9014
9045	25873
23047	348995
6036	6037
7311	8453
3355	5179
2197	6170
2696	53831
6156	6235
5443	6370
1453	6228
7153	9824
6156	6203
3170	3651
6232	57551
186	2914
5436	5438
9972	55339
7164	286451
1832	11187
8337	440689
332	2305
1385	1387
53981	85313
1287	55214
2150	2788
158506	246184
9978	140458
9282	9967
9439	23097
51129	85441
5711	6233
1937	6124
1576	2326
6155	6231
672	27229
9363	64284
5869	8976
6152	9349
6154	6159
6130	10399
174	3827
187	2359
5519	79172
8337	653604
4361	10635
2197	6142
10425	84085
891	51433
1660	3190
5930	54620
6182	51081
26239	353133
8453	89910
7175	23279
6850	118788
905	27125
9716	10921
7175	57122
9938	29984
378	10959
10772	27316
3920	80331
51118	80135
3797	9493
6167	6208
636	23299
6144	6205
2197	7178
6205	6206
51081	51649
915	3559
3185	220988
950	8976
26190	65264
1954	23295
963	6518
10959	50999
5023	64386
990	3832
7320	9604
7535	29760
6135	6173
9133	10403
2358	170482
6135	6147
22897	653784
4332	4353
7409	10458
6307	50814
6230	25873
5695	7979
1660	51692
6129	6234
1315	8729
5928	116092
830	9371
1453	6189
57082	220134
5435	84844
3688	83660
7538	9261
10762	84271
8945	90293
4172	55388
3183	7919
1241	1902
187	1233
3178	7536
4670	84991
3713	23581
163	54874
9493	29127
6160	6164
6142	6235
5699	23198
10285	23283
2843	151306
22995	163786
778	10369
25831	57542
1832	2125
6206	6227
6164	25873
3764	10060
8945	23014
6184	6185
6157	6164
8717	9530
6176	6208
6204	6218
84085	197131
4174	10036
6125	6164
2962	8175
6231	114987
6164	6204
701	146909
9787	55872
22948	84790
4588	140453
5518	7514
699	79172
24137	64837
5347	51512
8729	10945
8329	333932
2185	5578
25831	26091
5725	23435
6159	6210
6142	6228
9276	10427
163	5869
6141	6168
29127	51014
1794	9844
4540	374291
6129	6228
9662	10733
672	51755
10236	10291
25909	55746
3074	5476
2962	57794
5501	79172
6155	6169
830	10282
57129	219927
2491	5903
6133	6137
1453	6209
4715	10476
2768	5879
1434	3837
4288	7153
10274	51143
5529	7525
115290	126433
111	9283
90	659
5688	11047
3017	8341
4734	9604
891	129401
6491	284403
4116	6152
1994	10236
1749	1750
3115	3127
5599	9043
6133	6160
4867	8655
3074	10577
6136	6173
23028	23186
6144	6155
6122	6175
81	5829
3619	10274
930	5336
3184	6434
39	3157
11176	23309
5529	5699
10964	55601
1660	3181
6625	11100
55143	113130
1005	1009
23283	84271
3122	3662
1431	1737
6168	6202
3660	4261
3561	3635
8243	113130
6201	6231
6176	6207
6161	11224
6168	9045
2159	2266
1950	6678
6142	6204
332	81930
1915	6130
2672	6688
4519	4539
930	5293
3559	8651
3921	6154
6429	8175
4763	7311
79867	84902
2491	57551
6203	6231
4706	4725
2185	5579
23620	84432
6218	6232
6176	6189
2935	6235
8452	9870
27340	84916
393	29984
1290	1292
6133	6206
8027	8301
988	203068
7184	9601
1783	9493
1983	6133
727	10022
6194	6203
9493	24137
6790	10133
2768	2783
23028	283248
6208	25873
4599	4938
6176	9045
1946	2268
4641	5879
5529	7311
813	7184
56923	339403
3422	4047
963	64386
4724	27089
4695	27089
8924	10489
2033	6872
6737	283807
953	7298
1824	1832
1983	6175
9564	9844
3646	26986
3122	3123
5094	27238
2033	10847
55112	150737
8449	27238
26682	344892
6176	6235
1453	4809
29093	51023
51023	116540
640	9564
163	6233
7311	9341
5715	7314
7311	158506
6142	6165
56923	259287
6429	22826
6182	55052
10083	257629
8655	60673
6203	6233
1956	115548
4540	4695
2186	8467
9793	57787
23332	91147
6223	6230
2965	9646
6205	27340
8969	653604
6754	50837
10972	51128
6204	6209
6237	7525
2800	2803
2185	3718
8581	27076
6159	6170
6224	6227
4174	63922
2207	8514
2980	2984
54998	128308
2792	128366
4322	7373
2033	5451
6124	51187
79339	344892
5528	348995
51	55825
3717	4352
120776	344892
1120	5130
2629	5660
864	64750
6434	10432
6288	84432
51096	57696
9787	10403
1062	6232
10857	326624
5869	26130
3609	4670
514	4695
4736	6234
6233	8450
6138	6139
6137	7311
10618	22848
3688	7424
23279	55339
1915	6147
6222	140801
988	9793
6363	6752
55143	56992
727	50838
1500	1942
6434	27316
632	4094
6223	6233
4538	91942
1287	3688
6125	6194
6138	6159
2817	7525
3978	5426
6122	6228
3659	5371
3659	54739
4736	25873
3491	3685
8925	53339
5829	23209
6233	56254
2519	7184
6635	6636
1994	220988
1595	4597
10540	22974
56165	91646
4677	8565
9919	149111
6165	9349
10975	126328
6122	6158
10959	22818
3635	80271
6133	6222
6169	6209
9636	10379
5516	5598
6137	6209
2740	94235
726	831
6157	6233
9730	51514
5338	11145
6154	6228
3937	7409
688	5468
6133	6152
9564	10787
4724	10476
6138	6227
6189	11224
27125	79577
796	797
6502	136371
1398	5781
5869	5870
4343	7311
26005	84902
6122	6223
4751	10133
1500	4646
6129	6175
3895	11167
8337	126961
2994	6005
3361	3627
6208	6210
399	9938
6158	6203
2886	5155
6124	6206
9883	23511
8334	8365
6143	6168
2695	10266
6147	6168
996	64750
6161	10399
5829	6461
4952	22905
10733	79959
6173	6234
3882	3886
7343	9112
64792	79989
8514	57153
53339	57531
3491	3915
10857	10970
3579	5515
2521	10236
10285	53981
5093	51692
991	83461
3192	23350
226	7057
566	4353
1910	6863
3192	10594
6168	6229
6158	6173
9128	9879
3797	10112
1434	3836
6878	8295
1813	6364
2537	10964
1307	50509
5516	81930
9582	27350
4670	5725
891	1022
4670	6428
6139	6204
4041	6422
57122	57551
4709	4713
595	891
1511	6036
400	60592
6233	285231
2153	3481
2036	4646
1337	388753
1665	5725
6049	26224
9585	81930
6135	6175
392188	645402
6429	10946
3848	162605
991	54908
6159	6209
6129	6173
6152	6207
3071	7454
1981	6233
6128	6152
1822	57504
3017	85236
6202	6208
657	9765
9787	11339
26190	57542
79865	340205
945	2548
2788	50865
1994	9343
8925	197131
3911	5747
8829	10512
857	64750
5451	55718
2197	6138
399	55160
8915	29775
6161	6233
3113	5641
4125	8635
6232	7311
47	2799
1642	79913
4582	10331
1500	51474
2792	122876
51429	115548
6194	6233
301	2788
6204	6207
6170	6222
4735	7283
11258	11316
80321	91147
2537	10379
372	9183
6700	353133
6128	6228
6132	6167
3832	64151
5707	5717
84261	154881
10013	57649
9276	10802
84648	353142
10802	51014
197	335
5903	23511
3912	5954
1676	3836
2633	2634
26284	64965
6128	6156
1962	6233
7311	9349
2147	4295
5575	8826
1793	10787
6193	6234
966	10652
6237	10371
2521	3190
6129	6147
50838	259287
161	6233
8886	79954
6152	6176
6138	6173
8349	333932
5034	5611
5981	23244
54820	146057
5347	11190
1387	81857
2033	23013
4734	22954
1277	22801
55294	92591
521	4694
1337	27089
3833	55143
890	9824
88	4620
6130	6137
514	4726
720	3426
8453	79699
5179	7857
51264	64928
4343	6233
2625	7031
29093	118487
2197	6158
6173	6230
8925	54778
1783	3799
3921	6234
6167	6727
8453	51122
4591	55658
462	51156
988	9774
51320	55175
6189	6205
6231	9349
1758	8404
9604	9867
6209	6229
3833	24137
6138	6223
3718	6777
2957	51808
7535	55824
1398	6461
9739	25942
3127	4261
4736	6205
25831	154881
4174	7298
26470	253982
5741	7434
8347	8969
5048	55055
5777	7852
9655	84085
5707	7316
55131	84128
6173	6204
3675	5328
1595	6307
1894	5347
846	259292
51373	64951
6491	259266
1017	4999
161	24137
3854	9119
1088	150372
2719	3698
5928	10013
8568	57696
3267	10254
6218	6222
351	9002
699	6241
56902	79954
3437	8638
5684	5688
6169	6203
6877	6908
9371	10749
3183	10949
6201	25873
5294	7852
4175	6118
1937	6228
5426	8317
134	6376
302	5707
4176	6240
7514	57551
6272	9500
1453	57787
5529	151246
4853	27327
8976	23149
6128	6234
537	10159
3915	375790
988	53981
8673	10970
1781	121441
6129	6156
6228	25873
27095	149111
23279	25909
1084	23601
1294	1295
22995	27229
1601	6453
2963	11193
6135	11224
3109	3119
6231	23049
846	5737
10914	53981
2033	7874
7343	10919
51143	55055
6130	6232
9798	27183
131873	256076
9322	9341
6387	6754
928	3655
1793	10458
81	7057
391	394
3123	3127
6176	6223
3918	375790
6218	9045
391	94134
6124	6189
23309	51742
3688	6709
2635	5371
6210	55127
57129	63875
6218	7311
9126	57551
4696	4710
6193	6202
84366	360205
6154	6205
6185	84061
5473	11251
4697	4717
6152	6155
1453	6227
6147	6228
27	10486
6135	6168
23586	83666
29074	55168
4710	4726
160	8867
55143	151648
7381	29796
3685	5829
7514	25909
3178	6626
945	222487
6189	6201
3953	6774
752	5217
4008	7321
4712	4728
5699	8945
23122	113130
8128	8703
1856	7314
9631	65250
4715	7381
5977	57492
6208	23049
6202	23521
54509	445328
8871	9341
86	8451
8065	9354
9820	89890
6169	6206
6146	6204
4708	4725
966	51014
999	1942
26043	55666
2960	2967
6133	6232
2521	51692
6147	6229
2537	8638
6209	23049
1208	5406
8945	10075
9570	22872
5708	51330
5880	171177
4172	4998
51592	64682
1281	4060
6281	79026
1956	5879
10575	84617
389	89846
6836	22820
2197	6230
4208	5533
7514	79172
6189	6227
6125	6185
6135	6204
197	3827
22974	81610
6168	6194
6201	6203
6130	6230
1650	3920
3689	84418
6203	6218
521	7381
3183	3190
6128	6171
5708	84962
6152	6218
81797	344892
5586	5879
1655	25804
4173	5422
6165	6230
8351	8365
6170	6202
1069	4867
23160	64318
8365	333932
1290	5351
7779	27173
6426	27316
5471	10606
6165	6206
3640	53831
10528	55226
344892	390064
1774	5199
2962	80004
2242	5361
727	50835
1337	1350
54821	79172
6204	6232
23431	27131
3914	3918
3646	8667
3685	10970
5861	10959
80740	171169
4609	7022
55901	170692
9371	55605
1783	54821
51725	55819
84418	100049587
9968	23186
84085	84261
5546	10262
9156	51514
2305	5518
10841	200895
566	4069
4176	5422
4512	4519
334	3491
2740	59350
6556	196527
3191	10657
23304	64682
6129	6193
7852	9564
23112	80012
25929	57122
3185	10921
7314	64320
4736	6147
7327	53339
1287	1288
5694	7979
5707	51330
6223	6235
1778	5707
1778	10577
8243	9700
11103	51575
10943	54556
7840	347240
79583	79867
1398	3055
9742	57560
4736	6175
1364	100506658
5868	26130
8334	8349
6169	6175
4116	6227
22878	57533
3695	8516
1933	6169
1937	6222
5347	10592
1660	3191
3980	6119
3688	5879
3912	3918
51421	60485
7311	285231
4514	4537
945	3685
2206	2207
5439	6621
57521	389541
7846	57545
185	4922
6890	6891
1933	6152
6156	25873
2353	4773
10053	130340
2162	3688
3146	3148
701	113130
2783	6752
1650	5660
2641	113091
1285	1286
5426	10714
1933	6164
661	10623
1495	5584
1942	9564
8697	23291
1783	10121
6135	6171
374	2069
1994	9879
6175	9349
3007	3024
6136	6161
3937	11184
2072	51426
1307	169044
990	55388
3109	3113
58	5879
4736	6194
388	57522
988	5094
6155	6227
8451	51514
6229	6230
3915	11098
108	50837
10236	10250
6152	6201
51264	219927
1291	10491
1495	1500
8481	11064
5424	5591
6152	6231
2691	5739
301	55970
126638	353135
397	5880
51650	64983
4436	23028
27237	171177
6144	6229
26525	84639
6160	6206
9793	23244
3683	7409
8317	23649
10236	22826
2242	9855
6208	6232
891	1781
1062	7272
332	10615
84131	347240
1116	4069
55143	220134
6137	6232
3491	3913
6165	6232
10959	55605
1022	5432
4626	8735
6428	6434
2634	10475
4171	5883
9700	79172
54555	56915
6136	6209
6137	6142
4659	5515
3134	3660
29089	197342
963	10857
10382	91147
2935	6133
3301	10808
9320	55236
6125	6175
671	4353
2317	3688
993	7027
64410	80176
116540	116541
963	8514
3832	5422
695	930
3915	6714
23511	51692
6181	9349
4033	4257
9700	29945
6129	6222
3921	6208
6224	7311
623	5737
3832	10592
7314	9134
6233	89910
10153	55759
377	10749
861	6595
6229	11103
9867	53339
1058	10112
6181	6194
779	783
649	3339
6142	6152
1983	6205
9493	81930
10592	11169
1854	7298
4116	6633
6146	6165
1956	3655
6167	6181
6605	7421
6169	140801
721	3426
728	5697
6189	6235
6309	6713
79895	338339
1536	8655
11190	121441
2042	2045
4751	4867
580	10635
2197	6207
6155	6160
983	51053
10905	23193
6124	6228
10713	11325
55165	259266
3897	284217
338	3698
3718	50615
2968	6882
1232	50834
2863	5332
351	5660
23244	23332
6204	6224
3491	11167
8688	8689
55166	348995
1062	3619
6161	6167
5111	7329
2197	6165
2521	6626
720	721
715	716
6188	6232
1894	10112
891	22974
9767	11143
7204	29933
1902	63940
6143	6147
4584	50614
3659	10475
6272	11319
3190	23020
6128	6193
6363	6373
23225	79833
6155	6234
4176	4998
5880	27237
4591	11059
22995	55835
899	140460
10121	80184
10112	22974
2932	5704
9475	9826
5286	286451
5286	7311
4695	4713
5023	10970
988	3066
8021	79023
6217	27335
4543	6751
2186	196528
4513	4537
4512	4540
3181	5430
325	3015
1728	3162
3361	4283
8648	84498
2769	8477
10236	11338
5436	6631
973	55824
3903	84329
4708	4709
1387	23097
6518	84329
4700	4726
53905	405753
3920	55754
10540	29127
26270	93611
6432	6632
6124	6232
5422	9126
5688	5695
4233	64759
6130	6189
22930	25782
10802	10960
6159	6218
6703	6704
6147	6235
388	4952
6128	6218
5869	8301
2923	3309
1277	8974
9533	112495
6146	6222
1004	1016
10153	79954
10970	11322
23309	27327
4000	54518
7158	7311
4726	29796
2935	6170
7311	114987
5439	10980
8615	10959
3015	5436
10733	84131
5029	5724
9039	10425
23339	57617
2792	388531
4148	11098
23122	55746
2197	6136
3192	11338
988	6601
1605	10298
3998	6745
6169	6223
6714	7311
1781	11014
9055	11113
6950	10376
4709	91942
10772	10949
9276	11070
6997	10637
6234	23521
891	9833
4176	5111
6891	6892
57111	401409
4976	55669
6122	6193
4952	6233
2053	7311
5093	10594
2597	5315
5519	5903
7514	23122
5928	9070
9184	57405
4969	11081
2059	5294
672	55215
5422	6240
7469	9656
861	896
183	259287
1398	11184
5879	375790
1500	6714
1058	9133
5558	11169
338	4547
1933	6228
3897	57698
1944	1945
51021	84545
6201	6224
991	5905
8976	115548
701	7153
3684	53831
51121	79048
3619	9493
51382	338339
5111	10535
6223	6224
3105	3133
23586	29761
1088	23601
9341	51429
54960	79833
1778	5861
6714	10298
5829	55742
6161	6206
5438	51503
1435	4924
6168	6175
274	51429
6229	25873
5930	23295
5707	23526
9133	10615
6793	10857
701	23047
3112	114876
1956	9341
2099	7031
6772	9021
9793	57122
6230	6235
6144	6160
2958	79035
6613	7341
4512	4535
1129	6751
22981	27077
7311	90293
4088	57154
10540	91147
26146	55112
5054	5327
6921	150726
55832	80204
7311	23586
3685	5795
3181	10432
6790	7283
22984	26155
5829	7525
5694	5695
6181	6204
3796	5515
6790	29127
6170	6234
6201	6227
1063	81930
10112	55872
5094	9416
4303	5901
3190	9716
3693	7525
6205	25873
25827	126433
5697	6750
219960	285093
1915	6139
972	3122
146	148
6136	6139
55720	84172
3659	7015
6143	6171
1495	3799
1025	23168
7158	8243
1595	3157
5440	10302
1173	10552
6147	6208
29984	54509
54742	80328
7311	55432
1453	6208
60560	80155
993	1111
3009	3024
6156	6233
1385	5594
3434	4940
9371	23095
9793	113130
3659	115361
3433	23586
6136	6224
2207	7305
1783	6709
861	10413
6599	55193
3240	4069
1453	6235
26091	57542
6154	6165
6386	10487
6164	6223
1981	6154
23304	140460
10022	259287
6135	6161
6218	27340
1595	4047
10576	10693
3062	6869
3688	3914
143279	154214
4008	57542
351	5340
4541	4726
50835	51289
830	51014
7316	26986
10484	11196
6159	51187
3836	3837
5705	11047
5294	5590
1994	9716
9972	51692
2305	10112
6167	6232
1291	3685
11314	100049587
3619	9212
7200	10316
2147	2153
3579	126006
2633	5371
2254	8823
6194	6201
4829	5737
5422	7298
6500	9604
5441	5901
6232	8662
6189	9349
4116	6235
6144	6209
3017	8351
4957	55755
10466	10618
1329	9551
9787	10112
1933	6227
2023	2026
3190	6421
8178	11267
5347	259266
6647	11315
6146	6201
858	1956
6136	6155
23404	81887
6167	6207
9439	9611
23160	55720
6925	6938
6207	6223
5000	7311
1314	10945
6147	6173
830	1781
6169	6204
10885	27340
5331	222545
6137	6206
3912	3913
9730	23304
4927	9212
6222	23049
1781	51014
6164	6167
6137	6181
9656	11073
6625	27316
336	350
4088	5594
867	26130
6133	6136
9493	64837
3659	3660
6142	6159
3673	3683
11338	23636
10907	51690
2197	6173
2358	2767
6194	9045
6152	6170
156	301
27077	57545
920	5286
3660	3662
4646	23607
1329	1347
6144	6188
51715	57403
55127	79954
1956	7039
9793	51143
4700	51079
7326	26259
5731	94235
29074	65003
5526	7316
3107	5696
4713	27089
10574	10575
4695	4726
6146	140801
10102	51021
3903	10970
799	51764
1121	79958
6128	6170
344892	390066
6229	27340
204	4508
1717	3157
1476	8993
9636	11274
9126	23332
6173	6194
153	155
6124	6142
5338	9744
5657	56729
11325	51690
11190	57545
6863	84432
1062	54821
3320	10598
3107	3133
2935	6234
1639	8729
1783	2491
6207	11103
3912	4233
6189	6222
5717	126374
1017	63967
117	122876
6137	6228
6156	6167
1453	6230
1062	22974
8085	9739
6229	6232
6208	27340
23049	25873
6224	6234
84727	122769
2197	25873
6167	6170
259290	259294
5473	10321
351	6370
890	9787
10193	54778
6139	6168
6130	6154
3200	8338
4736	6227
5469	6667
6128	6230
6154	6222
6130	6188
3973	104909134
3903	11314
51289	259287
6203	6228
6373	10563
11127	23095
4194	7316
6137	6229
56902	88745
9493	9833
285093	390190
5438	6637
6154	6232
6130	6206
5872	8766
3553	11213
4509	4539
3921	6152
6167	6202
51166	125061
6147	6175
1783	11015
8086	84271
5438	51639
7536	9716
8945	285231
3184	6427
6500	7320
3832	7298
5868	10890
6144	6208
1445	2213
80224	374291
4736	6193
5746	59350
6142	6201
3921	25873
3221	3225
5528	57405
7175	51692
3667	5580
6158	6228
9295	84950
7536	10949
3685	4035
5747	8976
6181	25873
80155	80218
871	1287
6160	6204
9126	23122
3006	8337
6233	25831
56902	84128
3190	23435
7003	8463
4736	6124
3713	6699
29945	84108
6176	6205
1237	5173
9416	55660
8570	22894
10250	10772
5708	29979
6133	6207
6233	140459
389	257106
4116	6432
10413	25937
2537	3434
513	374291
2247	3685
344892	390067
335	2243
6124	6139
336	51156
5928	57459
6128	6206
4173	9126
6667	27327
727	56923
23524	51639
1282	1284
6176	6230
1236	2841
6143	9349
1894	5879
6139	6218
6385	7852
996	80012
1292	1303
6175	6223
6207	6218
6456	9892
5347	11004
6285	6288
3909	5829
60	57591
6132	6727
6157	6207
10283	23398
6154	11224
1277	5118
1778	6232
4736	6235
5328	10396
699	151246
10952	58505
8329	440689
1325	2847
163	9341
1601	9341
7132	10616
8615	100302736
6637	11157
6136	6222
8655	79023
344892	390083
6181	6209
288	2348
1763	55388
5431	9879
5930	55294
516	26521
11102	84946
23517	84135
6175	6233
9739	27327
1793	7525
57115	114771
552	2847
6171	6227
5711	7311
3305	10963
8450	51122
329	5707
6152	6157
9276	9632
6229	6234
3105	6890
79954	84154
5584	55243
23014	55832
6157	6168
567	3105
9320	26268
6707	126638
4116	6169
22948	84617
10250	23636
81567	93100
890	26271
1994	79869
3360	10888
388	64333
5868	10618
7184	10970
6741	9533
3856	5493
26005	121441
705	23560
3912	9459
6130	6175
1650	6184
6173	6176
2125	11187
9793	25909
3017	8969
23283	55339
3178	6428
4014	5317
7421	10036
1933	6194
974	3635
6921	10987
6129	6160
567	3140
6426	6434
6205	7311
6147	6170
5795	6518
8886	23560
2633	3437
6147	9349
6628	55110
699	220134
8329	8347
2841	10316
6158	6205
5155	83706
2848	196883
89910	115290
4540	55967
9801	28977
988	58517
4173	6240
890	7298
3433	3434
6164	11224
160	1601
7840	57787
684	4939
2197	6232
8349	440689
1956	5829
388	2064
4175	81620
3122	26191
8905	8907
6233	27327
9295	22794
6146	9349
23560	84172
6133	6159
2073	4331
6138	6170
6209	6727
1781	3797
3192	10921
336	345
695	118788
6154	6235
3190	10236
9318	54165
3181	3191
3607	55252
3135	3821
29894	51593
5707	7415
1933	6201
1116	1669
3832	29127
6224	6727
6168	6224
5684	5694
3796	10735
6230	11224
60485	84962
4288	9700
6147	6222
6154	6209
3482	5868
4985	10563
6181	6218
332	54821
2971	51082
4670	10291
6175	51187
10813	65083
6189	6204
10051	10403
5872	51715
6635	6637
6122	6164
1453	2197
8843	27198
1365	1366
23295	140460
6426	6432
6141	6193
317772	440689
6147	6152
4116	6125
1303	5352
705	23160
6152	6223
5908	7094
5048	81565
51715	326624
4116	6632
2648	25885
54821	151246
9816	9875
51	7311
1431	2747
518	521
10181	10523
4585	200958
3687	441864
988	1654
28998	219927
5928	10014
10921	23293
5094	23020
6147	6169
2099	2625
23332	25909
4508	4535
6916	80142
719	8514
1394	1816
8972	93432
6209	6210
6631	84844
55	154664
2177	2189
1453	55127
6233	9045
4700	4717
64792	92104
10250	27316
6206	6209
9903	221687
9025	9656
6201	6210
667	5339
6139	6159
6152	6204
1803	59272
2804	9276
7415	56729
4736	6161
1812	51764
10949	27316
1669	8993
23014	79791
6228	6234
80097	653784
6752	10563
5981	56655
6204	140801
51264	118487
6711	11014
890	55355
9459	64098
1781	11190
5868	8301
5709	29882
80168	346606
990	84515
6161	6164
6170	11224
126638	147409
6228	6230
3270	147111
1933	6159
335	345
5707	7321
6167	6223
10749	24137
6122	6222
64750	115290
3191	23350
3659	6672
3856	144501
701	4173
26155	117246
3912	10970
10733	132320
6122	6209
6500	10920
6156	6189
8321	8322
6175	7178
9700	23332
891	8655
6128	6129
23322	80184
3433	4938
7532	80097
3433	3437
4724	4728
680	6869
1956	3084
3918	9459
3619	10735
5023	8514
259287	259292
138803	344892
10112	55635
335	3698
113130	348995
6234	9349
920	5335
4867	79867
6222	10399
3912	6714
8453	9320
3683	326624
3212	8338
54677	83752
383	4942
6228	55127
9730	84085
2132	2817
6176	9349
10376	84617
8683	9785
10193	53339
6233	83987
51069	64928
527	3920
335	2262
988	10592
3698	3827
1315	9382
521	9556
3921	6122
344892	390058
6185	6729
81697	344892
3178	3609
7298	10403
1062	1783
4700	4724
23244	55746
6207	140801
830	10466
5878	54885
1398	6850
1500	5795
6128	6142
1398	10458
51514	64708
285093	391211
9820	26268
521	29796
6801	7871
1063	79172
3184	9987
6709	6711
4141	8565
6152	6206
6189	6209
9690	22954
4709	4710
1778	2491
389	90627
6158	23521
5339	6205
5094	5725
10193	26118
3796	5519
701	64151
727	259287
1601	8027
641	4439
9700	23047
57647	84916
388	23370
3915	54972
6147	6159
5706	5714
1788	57332
4670	51692
6167	6204
5439	80349
2803	5870
988	9533
6144	6169
988	10767
2848	122042
2919	2920
4666	6202
3433	4940
5706	5718
3312	10576
4926	5116
51203	55143
3913	9459
6139	6222
1902	2767
4725	9167
8337	317772
3921	7311
163	7311
3190	4670
5983	56852
2962	54845
6209	8562
6934	283149
6141	6234
2792	4985
55279	285237
3191	10921
29093	219927
54850	63891
2266	2719
890	84515
88	4626
3884	100653049
7409	9844
6165	6201
6155	6228
1462	10082
25831	57154
3064	55660
6125	6168
6232	7514
3837	7514
553	680
1398	5829
7311	10818
837	841
6194	6204
3881	112802
3312	29763
3178	10949
3192	10236
701	4288
689	6160
4724	7381
6133	6227
4734	9320
6869	64106
10552	100526693
7204	8976
2064	7311
26168	27043
3119	3122
9002	10316
5528	10726
6122	6202
6142	6208
1783	11127
1329	4715
6144	6158
974	100423062
3115	10346
3914	4233
6203	6217
8453	8945
4297	8085
9212	79003
6193	6208
4088	7316
6135	6169
6790	10112
6453	9341
4586	26290
950	25977
1937	6130
1108	25942
10733	79441
5983	8451
2274	6281
10803	50865
7531	8655
6167	6168
6218	6229
8945	9820
6233	10111
1237	9934
5094	27316
4584	140453
3611	6790
6208	9045
1660	5094
6232	23521
3918	4233
1173	6455
521	55028
6208	6218
2197	6176
4540	4710
6209	6224
1793	7409
3856	3875
1981	6175
891	29127
3937	5335
23223	65083
3909	3911
6229	11224
7536	23020
639	3662
274	6453
1495	4301
1781	10383
53905	90527
3978	7874
7328	51444
3017	8334
6141	6194
3093	27252
6165	25873
273	8673
8329	121504
3937	5336
4297	6045
10921	55746
6453	29763
3908	10319
6210	9045
2801	11014
1956	5336
50831	51289
3192	10492
4536	4537
6429	84950
3921	6165
1287	3673
6128	25873
5829	10298
58191	63940
377	5861
3192	4670
1783	8729
1290	3685
3619	23047
8491	10746
4726	27089
629	4179
6155	6202
6160	6208
6218	6228
6135	51187
7204	55970
3192	27316
3559	3560
6159	6203
3688	5788
26190	56929
2209	6688
6181	6206
5869	8411
1994	8570
9700	10735
5048	79003
2491	7514
3949	10552
6230	23049
1398	1956
1289	7373
1269	56670
6175	6208
1495	1969
1174	10016
2178	7398
6227	9349
9136	84365
1315	81930
1499	9314
3689	5023
22984	25885
54998	64976
10640	55770
1665	3190
10250	11338
6176	6204
6138	6209
4584	192134
846	56923
3836	10971
1639	1783
6915	94235
8886	51388
4069	8635
5023	326624
6201	6218
156	7852
80018	80155
9410	57819
3635	5777
389	55843
2197	10952
2033	6667
3850	3860
10489	197131
4701	4713
988	5591
4854	5087
51289	259292
2197	6133
3684	79895
3921	6128
1431	4191
9354	89910
3857	3868
3093	22954
6176	6202
6164	65008
1778	79867
9322	23265
1161	7518
8453	54165
6924	22916
7155	10036
29079	85441
123099	340485
1439	5777
5718	51330
904	2967
3434	10964
3913	10272
2803	90196
6234	7178
1439	5568
1084	2358
23122	23332
6164	7458
9972	55143
6160	6234
6672	79097
6232	140801
1950	3671
2033	8289
6160	140801
5579	5590
7175	55746
5684	8312
1576	54600
221	5328
6147	6161
6233	22888
10075	80204
64410	79791
1605	5829
156	2863
1629	4967
3921	6167
6169	6227
1457	23411
1660	3185
79959	347240
5725	10236
7852	55970
4353	56729
336	4036
5558	23595
8334	8969
8243	10051
23142	26190
5435	5441
6160	6188
23244	23279
185	4988
8976	22905
1778	24137
5869	9341
6515	144195
6165	7311
64761	83666
335	338
3619	10403
6165	10952
8322	8976
2521	6421
1058	151246
833	8565
6161	6227
6144	6233
4736	6176
8697	65264
4538	374291
6164	9045
10022	259292
3672	3912
5698	6890
1315	4905
3091	5594
25926	117246
55755	261734
3827	5345
2071	55677
9631	9972
3685	9475
23322	121441
2239	9348
3122	4261
5093	5434
3875	144501
1595	5447
6228	9349
1660	10523
3799	9585
3055	3684
156	9002
6202	6229
6132	6176
6399	22878
336	5948
8568	51096
55720	84916
1809	10371
2864	57121
6160	6169
10199	79954
966	11322
23658	27316
6139	6235
23582	25949
527	6836
1660	23185
4717	4725
2358	6556
2266	51156
6136	6157
3434	4599
1555	1557
9904	57647
5747	10787
6146	6175
8329	8365
3267	8301
26268	57531
24137	146909
3978	4173
6047	9320
1642	5931
1293	1300
22995	55125
932	79895
6129	6235
920	3702
11322	55754
2790	27334
3046	3050
891	81930
6129	6232
930	29760
6142	6144
3688	375790
8365	440689
10193	25831
1956	2064
4736	6156
1956	2247
4709	10975
3882	121391
53354	60490
3157	4047
5435	23524
983	203068
6635	9883
6141	6144
23304	29945
6135	6152
8607	54881
65993	124995
7415	10383
3669	4939
4536	25915
9700	57551
10959	22872
1439	6850
5861	10972
2811	2814
3309	9531
830	57511
8969	440689
5587	112476
3190	51692
2550	3579
9787	55635
9738	10733
4712	4726
3084	85440
6203	23049
5903	7514
51692	80335
4173	9837
1956	3912
2491	3619
10618	51246
2222	3422
6235	9045
6207	51202
3437	10964
22984	79707
6142	6205
10189	79902
6218	140801
1994	3184
6142	6209
6387	50837
6430	57794
1445	5829
344892	390326
9126	113130
5529	22919
22905	54874
1329	1340
4208	4209
6154	6206
4710	4712
1605	3913
1062	2491
4893	27006
8925	10489
5690	8742
5116	79959
2788	27334
841	843
22826	57819
1781	84962
6175	23521
55125	55755
6461	7409
4171	5422
6204	7311
6147	6234
6129	6142
4617	4618
5516	7525
6136	6218
2153	3827
29933	55970
4695	4709
4702	4724
10426	11064
988	22803
6233	11224
9655	50813
813	84141
6827	10302
6160	6201
4707	4717
5578	9564
11017	85313
4543	4889
5439	6637
1499	128239
10236	51593
111	799
50838	51289
1665	1994
6137	6204
5432	11051
10112	54443
8027	25977
5701	7979
23350	79869
4171	4172
5023	10857
1936	6132
1778	81930
6422	7474
5048	121441
1910	2147
6154	6234
1315	9276
6170	6173
3619	51203
2960	4763
9844	10458
1310	169044
5094	9343
6156	6170
2204	199675
6631	6635
3192	23283
5880	91614
29127	81930
6430	22938
22954	89910
57545	121441
4236	10291
29945	90025
2790	2863
1129	5733
6908	54815
5725	9879
6210	6222
9730	10425
6164	6224
9727	55770
521	10975
23585	54741
9212	55723
7272	9787
4736	6188
988	6602
6201	6232
4172	5426
6189	6230
6161	6210
29763	54874
399	9411
6224	6235
6124	6135
6836	9276
6206	6235
701	9793
351	3912
5861	57403
2801	81562
3111	3123
2194	6319
83540	259266
6122	6232
4005	4602
4670	51593
1605	3912
5077	6663
6147	6202
6152	6188
6637	23524
28998	64960
6383	10082
6210	6233
983	9631
1511	6037
5519	9183
6181	6229
259290	259292
1495	5868
1137	1141
3852	3868
990	9156
6330	6340
1856	5528
10749	51014
9984	23279
6161	6203
10540	22930
6137	6169
6156	6232
1268	10803
3184	4670
3127	5641
6137	6210
3430	8638
64976	116540
1398	10818
6160	6228
4057	10321
2935	6173
388	9459
4712	29796
9133	51203
1116	3240
6176	6232
6222	25873
604	29760
933	974
3181	3189
25984	121391
57530	100506658
6161	6181
23601	199675
2147	3827
393	5879
5469	7182
6233	55670
3488	7857
6202	11224
6230	6233
7456	8976
534	8992
1634	4314
1824	5493
5518	6235
5093	10236
23244	57082
8638	10964
1589	3290
6168	6173
11339	79682
8886	23160
147	2150
8233	10081
2801	9276
6146	6229
51280	54972
6809	9341
1660	5725
1956	3675
29093	92259
10767	22894
5692	5701
4670	10949
51099	79948
6203	6224
10274	55055
6206	23521
2790	9138
9322	22905
6158	6194
2695	2792
3688	3918
10914	79869
6209	9349
5422	7027
6601	8289
6135	6227
6124	6146
4069	6036
6161	6223
10112	10540
53637	63940
4736	6144
2841	7852
3301	3304
4709	55967
5862	57403
5725	10291
136	2788
6207	6234
4508	4536
1000	10970
7082	25937
6155	6224
6455	10552
4734	89910
1230	2826
5688	5701
6280	6283
3921	200916
9738	146057
2956	6117
963	3685
6160	6233
6181	6230
388	221472
1062	6790
2817	3340
6205	6207
2359	5473
3672	3913
6776	6777
6188	6207
10272	11098
7862	54815
4288	259266
186	2913
5194	23600
566	1511
2519	5476
996	23327
1268	64805
2911	594857
6176	6210
6138	6154
10155	90233
56658	84085
4254	5777
23601	79895
1337	9167
6139	6146
3833	9212
6139	6160
9069	9076
5430	6601
1981	6206
6122	6128
4323	4811
10575	10728
23223	79039
28	2525
3693	3932
4736	6133
10022	56923
6233	8945
9793	23332
10592	64151
9666	143279
130	10720
6204	9045
5557	23595
5294	55970
3676	3691
6136	6189
23451	55339
6164	140801
4160	104909134
1778	84902
4848	23019
916	940
29796	55967
55166	57405
6146	6173
332	9493
55781	84135
1551	1576
54908	79172
7454	8976
627	2247
25831	197131
6152	6159
5829	375790
6124	6175
5657	6037
3354	6387
2071	5887
9690	57154
7314	26263
783	2784
6223	27340
23265	50807
11218	25929
2178	6118
6233	55669
5339	6164
4171	9156
2197	6147
5708	5970
6147	51187
8329	85236
5597	5718
2195	7124
1133	8477
9685	10618
2243	3827
1880	57413
51320	200845
11224	140801
3915	10130
6189	6232
28973	64928
988	1660
1495	8394
6159	6164
6426	23517
10952	140801
5869	8027
4512	4536
10965	55825
23067	25942
55703	55720
7320	7322
3148	8125
8451	9730
3156	4597
1639	22930
6144	6176
399	9743
6130	6176
6167	23049
6137	6234
160	22872
6428	10946
2641	346562
821	10802
3932	55824
10236	10594
6155	6170
2935	6164
6125	6233
1536	3163
26046	26268
5610	23586
6132	6165
6788	6801
11103	27340
2222	6721
55759	84154
4686	8021
23295	54620
5879	10788
1213	10254
6746	28972
6202	6222
5715	7979
988	6599
23244	25909
6453	10552
1933	4736
351	7852
6799	6817
1956	4145
7283	22919
6170	6203
567	6890
2197	6222
2642	4922
5093	10523
5422	5925
6727	7311
22974	23332
6125	6189
8065	83737
2934	51411
383	1669
2916	346562
5529	6232
3664	23650
5747	23209
1063	9793
5928	192670
1395	79924
9551	55967
6218	6233
2916	4887
6164	6175
5529	55055
84231	140460
2935	6203
7311	23032
10618	79571
6204	6227
6167	6169
6629	10189
1870	4208
1991	5199
3127	55824
7456	10552
967	4033
3860	196374
23423	54732
1660	55749
2204	160364
388	51291
3833	10615
1462	10618
991	64750
5529	5718
4541	4712
6147	6165
11236	79139
51650	64951
1398	3071
111	10268
1445	7525
5861	10484
6147	23521
6203	6208
51692	220988
915	3702
3122	11184
8243	55746
6130	6144
4116	6206
57153	79895
100	51816
2799	5707
988	3837
930	118788
57551	79172
5021	5332
2197	6154
6170	6229
5822	22984
64151	83540
6147	6210
1282	5033
2792	5741
24148	51340
10615	146909
6144	7178
1230	2833
6176	23049
6383	284217
6132	6204
3842	54464
25978	51652
6122	7178
1173	5868
6135	6233
3796	348995
2151	6915
5346	400569
867	10097
6233	57154
389	94134
2048	7525
10094	10095
6144	6202
6229	9349
5433	10772
6233	22848
3107	6672
641	2189
7919	348995
2935	23049
4670	10921
1660	6625
3190	7536
5196	56670
3843	55705
114	1814
2033	5929
3978	4176
10193	10489
8560	196527
5054	7424
6141	6203
8085	25942
3055	3572
3688	3913
25	10163
7311	8945
6235	140801
25942	57690
3491	84141
1536	4689
54751	83706
673	57498
5928	22823
796	5745
5707	10575
5501	9700
6232	7458
4829	56923
972	3127
259293	259295
183	3357
26589	64963
5578	5588
7098	10695
60	1072
9877	23279
2185	5747
6936	51645
6189	6206
8541	64130
1969	7525
776	786
4710	27089
2197	6209
6168	6203
6202	9045
719	8895
6154	6202
2305	22974
7311	11059
3675	3909
6133	7178
9021	140462
51023	118487
55125	79959
3274	285601
5878	7037
4700	54539
301	2790
6130	6133
6160	6205
6130	6155
5928	9112
4670	10432
3486	3491
3312	6804
6136	6152
1387	3064
55872	64151
10970	222487
6164	7311
79659	150737
374	2153
8655	83658
7409	27071
521	27089
4712	91942
4686	9128
3797	92104
6233	9341
3684	3687
6135	7178
51602	84549
4539	4540
6223	9887
514	521
181	9672
6637	55505
1994	55660
4736	6141
108	283869
6161	9349
9439	9967
2782	5082
54474	121391
6189	27340
3304	10963
3043	3045
6155	6206
3301	3320
991	22974
2788	3269
1050	2322
695	5336
7311	57154
6207	6222
3434	11274
54443	55165
701	8243
6155	6164
4713	29796
8881	26224
6637	51639
6155	6194
4696	4718
6194	6209
5684	5685
64946	79682
3422	4800
57674	64718
7305	23601
1915	6161
351	2767
570	7311
6161	6234
3301	10963
51604	84720
2623	10661
3106	3134
8907	23396
6159	6181
1347	4726
6176	11224
4541	25915
11340	23016
50831	50832
4717	55967
9320	89910
51088	144699
6202	6235
6228	6233
8243	9793
81	3688
3558	3717
50834	338442
6147	6231
1105	27161
4712	4724
3725	4088
27258	83443
1462	9469
6165	6208
3115	3119
6233	22954
6181	6235
399	64333
6143	6176
6455	9341
336	2243
23142	23291
7058	9507
6132	6136
2023	2597
274	8853
6136	6138
8452	26091
1933	6135
890	9833
55759	84128
4853	6868
932	222487
6746	58477
3376	6301
6240	11169
10959	100302736
3854	8689
2792	594857
514	4700
6208	9887
6141	6161
3375	7253
6790	11065
2033	81857
6144	6232
5441	10980
4174	4678
1292	3688
8720	51360
1453	6232
3071	7409
5584	117583
6167	6229
6885	23118
2935	6181
7337	51132
6209	6234
23047	57082
4725	29796
4905	10905
2801	51014
6209	114987
6210	27340
3889	3892
6429	10250
8655	10540
54973	79664
54885	152503
3184	6626
26046	197131
3761	3785
1362	3482
1605	6714
6147	140801
6734	58477
65003	118487
6176	6222
9833	24137
10272	84141
5438	83443
891	6249
4713	10975
4513	4519
3312	7037
3303	9531
54820	55143
22984	84172
905	23168
1938	23521
3190	220988
1605	375790
3178	3192
6129	6203
6152	6227
988	9475
4707	4710
2932	3611
1129	5173
7398	10635
8301	9322
1933	23521
7335	55905
695	5777
10274	10735
4689	5880
9739	26523
7137	7138
5155	7057
2244	2266
51602	84946
3352	5540
672	2177
9918	10592
5697	6376
5717	8453
3308	55706
5054	5328
6188	6206
3886	121391
80176	142689
6154	6229
963	1536
1292	5352
51465	140739
1364	137075
891	55872
1906	2150
10412	79039
4700	4713
4171	5111
4735	91147
1118	3417
6147	6167
7852	63940
259	2266
6139	6234
3074	23197
1783	10540
6136	6167
3071	7456
6138	6207
6709	8729
2165	2244
4736	6171
8290	121504
3619	55055
6135	6159
6209	9045
6830	26043
8334	79019
3837	22974
6205	6208
83540	220134
1660	9343
996	5707
3350	84539
2072	7158
1315	9371
81930	151246
3914	5829
8548	64746
4952	9886
5694	5715
1269	59340
6130	6138
7311	140801
1445	1956
3433	4599
10482	23279
1601	10618
988	4436
57531	90025
1604	54732
10592	51203
6201	7311
2153	2244
3190	5094
4736	6208
1495	4233
6133	6165
9702	55142
3184	9716
2268	5747
7514	54821
6144	6170
9221	84172
830	11014
6207	6235
1937	6175
2243	3481
1660	7536
3396	51081
1008	1016
1933	6205
7004	10413
6232	6233
2186	23067
6432	6636
712	713
3882	8688
29927	58477
6157	6194
2863	3269
90550	91689
1894	9493
6135	6230
1060	57082
1603	100128731
24137	29127
973	974
2916	3351
6159	6194
344892	390063
58508	84661
1933	6233
3437	10379
959	10673
3852	3860
4736	6165
5336	7525
8289	57492
3190	10594
9666	65264
4712	7381
3190	11052
3491	10970
6128	6175
6155	6157
4736	6155
6133	6138
4540	4726
57154	154881
6209	6232
6142	6223
6637	83443
3560	8651
5579	55970
2810	3918
5067	137797
7057	7424
9564	54518
671	5657
6170	10952
9700	151648
116	4914
6217	27340
6170	6727
991	2305
996	51088
5519	22919
6141	6228
55832	80067
570	6233
7532	26123
6224	6232
5660	7852
908	9628
2935	6168
64928	64979
25831	143279
117	5741
1121	326624
51023	122704
383	8993
3659	4939
1630	137970
336	2153
6135	6164
2237	6240
10970	11001
2064	85440
3491	3895
10959	11014
11052	51692
811	9601
3111	3115
10970	338339
996	8945
23601	170482
2535	2790
27229	55755
4638	4659
51118	84946
22918	53831
6227	6229
2525	10331
6165	6233
1340	1351
9276	10959
6122	51386
10161	257313
4735	57545
23149	115548
1605	5879
6124	6194
8945	89910
26224	283807
9972	23165
6204	6228
567	3106
6692	6768
6135	6218
4953	51686
3351	4887
6139	6152
3837	9631
23301	30846
2255	143282
9341	10254
5290	5970
5430	9611
4736	6128
657	64750
841	1281
6125	6235
1129	4543
5347	10112
6049	23304
3119	3127
5004	5005
7089	83439
23112	27327
1084	160364
6135	9045
1915	1937
6139	6141
6184	58477
9076	137075
521	4701
3163	3725
23398	23517
10112	10749
1783	5516
6737	79754
6133	6157
3688	6774
9126	348995
25885	27340
6139	9045
301	5368
57551	81930
4509	4535
8615	10802
7311	8976
6146	6161
4736	6233
5713	5715
10250	79869
6161	6173
671	1116
5644	6690
5657	8635
7514	9793
388	257106
6625	10236
10075	84231
6168	6218
3796	64105
5788	6688
7153	7298
4512	4538
501	51166
3119	4261
2932	5714
3842	10527
4067	5788
4519	4536
7311	55669
6137	6160
51172	84572
6206	6210
6159	6175
2251	2549
5695	5706
4540	4694
6135	6209
6122	6206
2788	2864
55629	65110
6657	57167
3106	3133
10097	10487
1230	83756
6233	221687
25885	55127
2205	3702
10657	11052
6230	23521
3659	7706
1072	5216
867	5290
6168	6210
1022	6929
6160	6161
2207	338339
7317	140459
9138	55970
140453	192134
1033	9232
25909	57551
1962	7311
6136	6188
1398	9046
6233	7844
6159	6234
6950	84617
4736	51187
389	5217
89910	90293
6175	7311
6132	6169
5725	8661
6518	10857
9493	259266
6136	6181
6117	7156
6146	6160
2197	6193
8924	23030
6601	55193
2847	4985
6142	6233
640	5079
5422	10714
7311	9045
329	7316
399	4952
22905	51429
1347	1350
988	27316
2149	2151
2150	2863
6128	6130
6173	6235
830	11127
10552	100423062
152	2916
6631	6636
9156	55388
4717	51079
4853	23509
9219	10919
6157	6234
23310	64151
64981	116540
54778	57542
23332	27229
6155	6168
1364	1365
6159	25873
1933	6165
6156	6223
6170	6223
6188	6230
6205	6232
904	5431
6156	6202
3913	54972
1111	2178
156	8477
1610	4843
919	3932
3437	91543
2773	29899
9491	200734
2801	2804
1956	10552
5179	6751
9967	10432
6169	6229
6625	8189
23295	84231
6146	6164
6233	55666
6139	9349
6453	51429
1385	5290
5566	7283
1292	10536
516	10632
6159	6222
6189	6233
1329	10476
1857	5528
6181	6223
9320	65264
5331	27334
3512	100423062
6152	6156
10458	55740
1793	6461
890	1062
133	2863
3811	3821
6602	6605
226	5223
567	1520
8698	55970
6130	6208
25836	29072
1017	9133
23095	24137
3832	9833
598	6774
6133	6142
11176	79595
6714	7402
6133	6168
51388	84916
3190	6434
2197	6146
4839	10885
1136	1137
6218	6727
6130	6235
3491	5954
5438	6633
2222	3157
9928	11113
1315	23303
5516	151246
3437	6772
8886	9221
6146	6227
26146	28981
10324	51666
1495	5819
7979	139285
3797	28981
1111	4361
1001	3728
6223	9790
5777	10630
1994	23283
50838	259293
6156	6160
824	3688
988	5062
29126	80380
8945	25831
1121	51715
6189	6203
5872	23265
4205	6938
6181	51187
3355	4543
1303	5033
6176	6194
1241	2863
6209	6235
1105	4343
6157	6175
6161	6229
1650	6122
9730	10293
1981	6168
57674	64219
6142	6173
9875	22984
830	10652
8861	90780
245937	613210
10427	55291
1639	22919
9382	9827
5578	55970
6164	6227
1781	7531
905	5431
7337	8697
2034	9314
5729	5734
27258	51639
6176	6201
3998	22872
22919	54821
3937	7454
2242	3320
3832	51203
1144	1146
11339	79172
3115	3123
24137	55614
5094	84991
10733	22995
11167	54972
2185	5879
891	991
1453	10427
5796	7316
6205	6224
886	2846
11251	94235
8329	8349
6142	6154
5005	7276
23521	25873
521	7388
996	5708
1994	10492
580	80010
3437	10561
3312	8871
2220	5648
6688	7805
899	9700
26190	51122
197	336
96459	201163
558	7409
86	55193
4998	5426
9320	22954
6144	6152
6160	6176
23047	151648
6147	6157
5310	9727
3912	11098
5438	5440
6133	140801
1660	10594
3921	6228
6434	10181
1511	4332
3909	3918
6146	6203
6426	9879
7178	25873
516	51287
6193	6222
23283	79869
4736	6158
6185	57171
3921	9045
56729	126014
64682	80204
10193	80204
3913	375790
1303	5351
26190	55236
22905	115548
6133	23049
1280	84570
4738	6923
7514	81930
51079	126328
999	4646
5862	5870
55582	55614
50835	50838
7514	55055
6193	92856
6133	6144
1937	6138
56923	259295
3673	4233
4514	4535
5868	5870
6207	6230
4670	6434
6170	9349
6233	140458
6176	6228
23014	64410
26539	344892
5111	7027
4735	121441
2185	3685
4116	6147
11169	23649
920	1234
5451	79664
2768	2790
9968	23097
1060	220134
746	1603
6189	6223
6139	6143
5660	84061
29984	55843
8295	57634
9739	80335
5693	5700
8602	84172
567	3659
1213	8976
3017	6688
28998	65003
7311	23198
891	1033
8334	8970
1230	29899
9436	9437
1233	56670
8853	11015
2521	220988
3017	8329
6141	55272
29984	257106
9648	79571
8301	9341
55320	401541
5430	10949
2197	6168
8481	27077
3283	6718
2081	7494
22948	63971
9690	57630
3361	9290
9459	29984
904	5433
6868	11319
7110	10618
10540	80184
55388	81620
4088	5054
1667	1668
6138	6147
7536	27316
7027	7298
5347	9055
329	51330
6158	6222
4926	79959
65264	89910
22954	23014
3190	11338
6181	6208
286	6708
6165	11224
5685	5706
10051	23244
9320	57154
55131	64318
4508	4513
1524	729230
6165	6167
27097	79595
10153	84128
705	83732
1500	7409
344	6382
4343	84441
50835	259287
334	3915
4283	6364
10274	113130
4713	4715
183	846
2914	3350
10540	121441
4116	9349
6139	6158
79470	344892
5869	8322
6142	10399
1665	9879
10885	55720
10484	51014
3913	10970
7272	64151
1268	9294
102	6556
6160	6218
10274	23122
4508	4512
187	56670
27340	55720
4736	23521
3184	7536
23014	56995
10096	10152
10112	64837
3691	3918
6155	6229
9700	25909
1303	10491
6138	6202
6167	25873
9793	23047
6223	9045
1965	1973
3491	11098
6144	6222
2244	3827
83666	151636
983	219771
10921	27316
5351	5352
26589	116540
6204	6233
471	441024
6210	6218
552	6866
8688	286887
3913	5954
163	1601
1668	1669
4701	51079
9320	10193
2071	6830
4670	9716
6601	9031
6130	6168
1956	2059
8175	56949
222487	338339
1445	26191
399	1894
1981	2197
138805	344892
115290	143279
4057	57554
10389	84108
932	945
6139	6175
6168	6205
7139	7431
8542	84141
7375	8717
1488	6934
10112	29127
6194	6218
1289	5118
6142	6161
8662	9669
9128	55234
164	10618
393	11014
6633	84844
3054	4899
377630	401447
10403	79172
6164	6203
701	348995
5589	23193
6133	6141
1981	6202
6141	6230
83551	319100
8925	80204
6428	10236
1387	6938
778	27091
84296	84515
6133	6167
9015	57504
23332	121441
302	10577
8648	9282
1670	1671
6233	6868
8467	25942
6147	6155
4508	4519
8189	10523
2266	3026
6129	6130
6152	6168
143471	161742
10970	84141
6152	6232
3916	5878
10285	23350
2792	10563
23327	29082
2792	26338
26	10562
1601	8322
7200	57121
3190	3192
1387	6601
990	63967
1646	8644
1282	10536
10885	27042
6209	6222
2185	2268
29796	51079
672	7153
2107	6173
6142	6207
3355	6751
1653	25940
6157	6181
4519	4538
11316	55850
1387	5929
6427	8106
8945	64219
2197	6144
6231	9724
89910	154881
57413	59340
400	55275
6874	83860
57405	64946
4116	140801
302	10383
1660	51729
6130	6142
9833	11339
6230	55272
9126	25936
51116	92399
1731	151011
6205	53918
9879	55660
9020	51330
6133	6161
10102	28998
9133	51512
1739	4646
3192	9716
2048	5921
55876	94103
4702	4710
3675	3913
2695	594857
1364	24146
6164	6206
127247	131405
6241	51203
6152	25873
5885	286053
830	55604
1639	10121
3543	29802
1306	169044
8085	8945
6189	11103
617	26517
3921	4736
1902	8477
5980	56852
7311	9020
23160	56902
6208	55127
6233	26130
5529	54821
6206	6208
5747	7852
6128	6139
983	10733
163	8301
6209	6233
6164	9349
5048	54821
4686	10302
551	6846
6164	6168
3122	7535
4538	4540
6944	81611
6233	23291
344892	390061
5898	10890
2537	4599
11235	25843
10885	65083
6728	51121
1956	22905
6193	6205
64425	65083
84861	143279
26290	56667
3832	10733
148	2922
10250	10285
955	374659
4736	6122
336	2262
8337	121504
6157	11224
10427	126003
6429	10236
5558	10926
5540	6755
29127	54443
162	23431
6124	6156
891	2491
6136	6159
3156	4598
7109	22878
4694	4710
4670	11338
5970	23118
915	3560
3832	9585
25885	55720
1062	4751
6167	6233
6130	7311
6170	7311
6135	6157
6181	6228
1129	2912
5739	5746
8970	85236
2935	6229
6159	6223
830	29127
1981	6135
23511	84271
6137	23521
6136	6170
7003	7005
5335	8698
6601	6605
4725	55967
55142	440145
90480	116540
2064	5336
9493	51014
51234	55831
302	56729
2767	64407
6128	6224
23279	79172
972	3113
2792	2911
6189	7178
6143	6181
6165	9887
3956	7076
2957	6619
6187	10557
914	924
10885	54881
6790	9787
3122	54331
2132	375790
2912	4852
3572	3977
8907	10053
23063	57082
3822	8302
6142	6167
10121	26123
22976	58508
55339	84271
9738	55142
64951	64976
4686	11338
27	4690
2966	728340
1933	6181
5528	23332
891	81624
9014	57504
389	2064
10291	10949
2521	3178
3664	11074
5905	6232
6222	51187
695	7525
2071	9014
5438	51755
10735	23279
10298	375790
6158	9349
383	10394
6169	9349
1292	55214
6130	6181
4853	10046
23165	51692
197	462
5829	9844
10713	53981
55720	56902
10403	23310
22914	259197
160	29924
6128	6135
3183	27238
6155	6173
10236	55339
5432	27125
5694	7314
4116	6167
2060	50618
6122	9349
51143	113130
22984	55127
1133	9002
23521	56915
10574	22803
4171	4173
6232	54821
3912	375790
1605	5579
10075	51132
2521	3183
968	10396
65055	138883
2131	375790
3685	6850
4541	91942
890	7272
174	51156
6159	6193
9412	9442
1605	8910
2840	84634
114	2492
8260	79903
6160	6189
302	6281
6161	6224
259290	259293
3133	3659
197	338
248	6975
6233	8290
4736	6135
10489	84231
7316	7328
6173	6218
623	2861
6165	6188
1133	84634
1434	3838
988	23397
6218	6231
5660	326624
2912	5733
51289	339403
6152	6169
6137	6233
6176	7178
1062	151246
6147	6164
701	9700
9790	55127
1337	1340
3683	3693
87	5768
1660	9716
4710	4725
1783	10112
161	3482
3913	5747
7311	54363
6241	10403
6748	90701
87	5879
6133	6218
11091	81887
3187	7536
9276	57410
3340	375790
3111	3122
6139	6147
2033	10498
6160	6167
6157	6161
148	2837
84648	353137
811	10130
4713	9551
3978	4172
6161	25873
1911	23028
501	85007
3458	3586
3832	79733
5795	326624
11014	23046
2918	10563
23451	51692
6137	6173
3683	64386
5604	8826
886	887
6175	6234
6193	6218
4221	11168
7322	9867
891	55165
55839	55920
5878	10618
6201	23049
2841	8698
10693	84617
6146	6202
90293	143279
56670	94235
6714	375790
1350	10632
6141	6154
1829	5493
3339	6385
9700	146909
3240	5004
5741	10266
6185	29927
7337	9320
6428	7307
5725	10949
9631	23511
9790	54881
5725	23020
7031	7033
3113	3127
6169	6233
4999	84515
26716	344892
6125	6161
6147	6176
6152	6167
6142	6222
6518	196527
6142	6210
8349	8970
4297	23309
23291	26091
1915	4736
23149	51429
1062	9787
23223	64318
399	445328
1129	8322
6128	6165
79600	84902
2091	6217
991	1062
3655	4233
122042	285601
3688	3695
54845	80004
9655	10489
991	51665
51350	112802
51602	84365
336	3698
6170	6227
9585	10749
3799	10540
1395	2848
3921	11224
7871	8428
643	64805
5903	54821
1069	10383
23197	26043
55720	79954
7311	9666
420	58530
6128	6141
2491	6249
9318	140461
999	3918
6208	6223
4686	25920
1124	5879
1983	6223
3683	84329
5368	50865
4998	63967
1497	23729
5932	348654
27089	29796
11224	23049
3183	5094
6157	6230
338	2153
9757	23067
991	10726
4713	4725
9972	10482
963	7805
6224	9887
4288	6241
6137	6158
2956	4436
6637	51690
2125	5493
6233	55366
6233	90678
5339	6194
4697	4700
6700	353132
1991	5657
5868	23011
10274	220134
689	4666
5592	8654
6125	9045
5708	6790
64131	375790
1933	6129
9833	64151
6164	6234
3921	6155
6130	6222
84231	90678
3190	10432
2197	6161
3695	5747
4694	4701
2079	6637
6181	6234
1786	7027
10484	90411
81930	259266
329	330
26589	219927
6158	6223
1778	57545
1062	9276
830	10540
23774	57459
6173	6229
4710	4717
1398	7525
9700	10615
83540	157313
1781	6249
6202	6206
864	3683
51234	56851
2048	3055
6138	6222
57405	348995
153	6343
2633	10561
3119	3662
3356	5731
6139	23521
567	10475
991	29127
86	57634
3579	8766
3837	9972
10236	10946
2033	5469
891	2801
9870	64219
302	5834
5266	6699
3918	5829
7003	10413
28981	92104
1453	6205
7328	57154
5347	29127
7305	10870
389	10398
9648	10466
7003	25937
1233	94235
6203	7311
389	57522
23291	56995
3094	57649
2521	3185
23160	27340
351	8477
699	3796
3190	27316
4841	6421
1856	29763
3836	7534
3054	80335
27242	85441
5336	79837
4543	5173
623	56923
8481	27175
2912	4889
6233	10110
3192	23020
54881	55127
3921	6194
3912	10272
701	9824
3359	9177
1499	2932
1329	1337
6181	7311
9493	10112
3688	5829
6137	6230
5433	51362
3978	5422
3683	6518
2268	2817
393	11015
3216	3217
283111	344892
1793	9564
6164	6233
2185	7525
6228	11224
4952	9341
3015	79682
2913	84539
79895	100049587
6204	9349
388	85415
3619	151648
3434	8638
6143	6158
10885	23160
55850	113220
6189	23521
9553	51264
23244	57551
3006	85236
643	1268
351	1524
197	2147
23304	84085
6625	23450
6164	6188
7846	150465
2177	2178
6185	58477
3852	196374
9967	9968
6176	6233
23	6059
7153	9700
1933	6193
5429	56852
6169	6218
5797	25945
1499	5819
6154	9349
695	7456
6122	6129
797	7252
23291	83737
988	23595
9330	53981
4670	10594
388	4983
5433	129685
9875	55127
6122	6208
963	5795
301	5332
2695	7434
10367	90550
5725	27316
2776	2788
5286	29988
868	5930
6206	7311
6203	25873
1452	5516
3640	5443
64284	401409
208	2475
54577	54578
1942	1969
1991	4332
1499	4233
5430	10236
2242	10371
7514	23039
153	796
4701	374291
6175	6201
3119	7535
890	10733
5157	7991
4700	4707
3799	11127
1830	6699
3178	3191
6222	6224
868	200845
5684	5706
1062	5347
6233	55008
3543	7441
5869	51715
3619	55143
988	4999
27175	55125
6232	23049
50813	84727
3561	5599
580	2189
7311	10110
11014	22818
10236	11193
2962	56949
3013	8334
1576	1577
705	84154
5368	64805
6877	51593
3921	6168
1830	3713
51692	51729
1088	2358
8243	57082
595	896
3619	9126
2131	9672
196883	285601
3190	10949
2268	4301
9221	25885
4035	10082
2207	6556
57405	79172
81	5868
6688	8334
6698	126638
9793	203068
6155	6208
6139	6189
185	2642
1234	1236
6235	27340
27134	100506658
6135	6207
9564	10044
10013	25942
2475	6654
988	51362
26091	26190
6667	26512
9787	10592
1062	10592
6176	140801
2791	115557
6135	6158
115106	440145
6047	9604
1062	5516
1116	5004
3309	29927
887	2147
3357	4829
187	6370
9666	89910
10413	51421
3490	6696
23304	57531
3105	3106
3887	3889
6773	10379
8452	57154
6144	6165
3320	85378
4288	10051
345	2262
5067	23627
2197	6139
6122	29997
6144	6235
10250	11100
6160	6207
6218	10952
950	9341
6129	6161
9700	259266
4710	4715
10403	26271
9833	55165
6217	11103
3267	10618
6152	10952
5879	6249
5230	7167
27327	84441
5879	100423062
6233	84231
6279	6280
4926	55755
6125	6202
3797	10749
9126	23244
26263	55884
6233	10401
121504	126961
595	5708
10327	11343
6154	140801
6205	23521
930	933
6135	6235
6175	6222
675	5983
6189	6217
4116	6160
3185	5094
87	6714
6206	6218
3071	5829
3838	6790
6194	51187
779	27091
3222	3225
6159	6204
